timestamp,lat,lon,alt,roll,pitch,yaw,heading,groundspeed,heading_setpoint,speed_setpoint,cmd_linear_x,cmd_angular_z,mission_phase
2026-08-20T00:26:17.994641,0.0000000,0.0000000,0.00,0.0000,0.0000,0.0000,0.0,0.00,0.0,0.00,0.000,0.000,IDLE
2026-08-20T00:26:18.994542,0.0000000,0.0000000,0.00,0.0000,0.0000,0.0000,0.0,0.00,0.0,0.00,0.000,0.000,IDLE
2026-08-20T00:26:19.995712,0.0000000,0.0000000,0.00,0.0000,0.0000,0.0000,0.0,0.00,0.0,0.00,0.000,0.000,IDLE
2026-08-20T00:26:20.994514,0.0000000,0.0000000,0.00,0.0000,0.0000,0.0000,0.0,0.00,0.0,0.00,0.000,0.000,IDLE
2026-08-20T00:26:21.994565,0.0000000,0.0000000,0.00,0.0000,0.0000,0.0000,0.0,0.00,0.0,0.00,0.000,0.000,IDLE
2026-08-20T00:26:22.994567,0.0000000,0.0000000,0.00,0.0000,0.0000,0.0000,0.0,0.00,0.0,0.00,0.000,0.000,IDLE
2026-08-20T00:26:23.994521,0.0000000,0.0000000,0.00,0.0000,0.0000,0.0000,0.0,0.00,0.0,0.00,0.000,0.000,IDLE
2026-08-20T00:26:24.994745,0.0000000,0.0000000,0.00,0.0000,0.0000,0.0000,0.0,0.00,0.0,0.00,0.000,0.000,IDLE
2026-08-20T00:26:25.994709,0.0000000,0.0000000,0.00,0.0000,0.0000,0.0000,0.0,0.00,0.0,0.00,0.000,0.000,IDLE
2026-08-20T00:26:26.994726,0.0000000,0.0000000,0.00,0.0000,0.0000,0.0000,0.0,0.00,0.0,0.00,0.000,0.000,IDLE
2026-08-20T00:26:27.994542,0.0000000,0.0000000,0.00,0.0000,0.0000,0.0000,0.0,0.00,0.0,0.00,0.000,0.000,IDLE
2026-08-20T00:26:28.994558,0.0000000,0.0000000,0.00,0.0000,0.0000,0.0000,0.0,0.00,0.0,0.00,0.000,0.000,IDLE
2026-08-20T00:26:29.994748,0.0000000,0.0000000,0.00,0.0000,0.0000,0.0000,0.0,0.00,0.0,0.00,0.000,0.000,IDLE
2026-08-20T00:26:30.994628,0.0000000,0.0000000,0.00,0.0000,0.0000,0.0000,0.0,0.00,0.0,0.00,0.000,0.000,IDLE
2026-08-20T00:26:31.994643,0.0000000,0.0000000,0.00,0.0000,0.0000,0.0000,0.0,0.00,0.0,0.00,0.000,0.000,IDLE
2026-08-20T00:26:32.994583,0.0000000,0.0000000,0.00,0.0000,0.0000,0.0000,0.0,0.00,0.0,0.00,0.000,0.000,IDLE
2026-08-20T00:26:33.994741,0.0000000,0.0000000,0.00,0.0000,0.0000,0.0000,0.0,0.00,0.0,0.00,0.000,0.000,IDLE
2026-08-20T00:26:34.994736,0.0000000,0.0000000,0.00,0.0000,0.0000,0.0000,0.0,0.00,0.0,0.00,0.000,0.000,IDLE
2026-08-20T00:26:35.994556,0.0000000,0.0000000,0.00,0.0000,0.0000,0.0000,0.0,0.00,0.0,0.00,0.000,0.000,IDLE
2026-08-20T00:26:36.994696,0.0000000,0.0000000,0.00,0.0000,0.0000,0.0000,0.0,0.00,0.0,0.00,0.000,0.000,IDLE
2026-08-20T00:26:37.994713,0.0000000,0.0000000,0.00,0.0000,0.0000,0.0000,0.0,0.00,0.0,0.00,0.000,0.000,IDLE
2026-08-20T00:26:38.994557,0.0000000,0.0000000,0.00,0.0000,0.0000,0.0000,0.0,0.00,0.0,0.00,0.000,0.000,IDLE
2026-08-20T00:26:39.994735,0.0000000,0.0000000,0.00,0.0000,0.0000,0.0000,0.0,0.00,0.0,0.00,0.000,0.000,IDLE
2026-08-20T00:26:40.994690,0.0000000,0.0000000,0.00,0.0000,0.0000,0.0000,0.0,0.00,0.0,0.00,0.000,0.000,IDLE
2026-08-20T00:26:41.994568,0.0000000,0.0000000,0.00,0.0000,0.0000,0.0000,0.0,0.00,0.0,0.00,0.000,0.000,IDLE
2026-08-20T00:26:42.994633,0.0000000,0.0000000,0.00,0.0000,0.0000,0.0000,0.0,0.00,0.0,0.00,0.000,0.000,IDLE
2026-08-20T00:26:43.994718,0.0000000,0.0000000,0.00,0.0000,0.0000,0.0000,0.0,0.00,0.0,0.00,0.000,0.000,IDLE
2026-08-20T00:26:44.994548,0.0000000,0.0000000,0.00,0.0000,0.0000,0.0000,0.0,0.00,0.0,0.00,0.000,0.000,IDLE
2026-08-20T00:26:45.994527,0.0000000,0.0000000,0.00,0.0000,0.0000,0.0000,0.0,0.00,0.0,0.00,0.000,0.000,IDLE
2026-08-20T00:26:46.994702,0.0000000,0.0000000,0.00,0.0000,0.0000,0.0000,0.0,0.00,0.0,0.00,0.000,0.000,IDLE
2026-08-20T00:26:47.994682,0.0000000,0.0000000,0.00,0.0000,0.0000,0.0000,0.0,0.00,0.0,0.00,0.000,0.000,IDLE
2026-08-20T00:26:48.994540,0.0000000,0.0000000,0.00,0.0000,0.0000,0.0000,0.0,0.00,0.0,0.00,0.000,0.000,IDLE
2026-08-20T00:26:49.994634,0.0000000,0.0000000,0.00,0.0000,0.0000,0.0000,0.0,0.00,0.0,0.00,0.000,0.000,IDLE
2026-08-20T00:26:50.994536,0.0000000,0.0000000,0.00,0.0000,0.0000,0.0000,0.0,0.00,0.0,0.00,0.000,0.000,IDLE
2026-08-20T00:26:51.994764,0.0000000,0.0000000,0.00,0.0000,0.0000,0.0000,0.0,0.00,0.0,0.00,0.000,0.000,IDLE
2026-08-20T00:26:52.994717,0.0000000,0.0000000,0.00,0.0000,0.0000,0.0000,0.0,0.00,0.0,0.00,0.000,0.000,IDLE
2026-08-20T00:26:53.994716,0.0000000,0.0000000,0.00,0.0000,0.0000,0.0000,0.0,0.00,0.0,0.00,0.000,0.000,IDLE
2026-08-20T00:26:54.994646,0.0000000,0.0000000,0.00,0.0000,0.0000,0.0000,0.0,0.00,0.0,0.00,0.000,0.000,IDLE
2026-08-20T00:26:55.994654,0.0000000,0.0000000,0.00,0.0000,0.0000,0.0000,0.0,0.00,0.0,0.00,0.000,0.000,IDLE
2026-08-20T00:26:56.994735,0.0000000,0.0000000,0.00,0.0000,0.0000,0.0000,0.0,0.00,0.0,0.00,0.000,0.000,IDLE
2026-08-20T00:26:57.994560,0.0000000,0.0000000,0.00,0.0000,0.0000,0.0000,0.0,0.00,0.0,0.00,0.000,0.000,IDLE
2026-08-20T00:26:58.994655,0.0000000,0.0000000,0.00,0.0000,0.0000,0.0000,0.0,0.00,0.0,0.00,0.000,0.000,IDLE
2026-08-20T00:26:59.994724,0.0000000,0.0000000,0.00,0.0000,0.0000,0.0000,0.0,0.00,0.0,0.00,0.000,0.000,IDLE
2026-08-20T00:27:00.994578,0.0000000,0.0000000,0.00,0.0000,0.0000,0.0000,0.0,0.00,0.0,0.00,0.000,0.000,IDLE
2026-08-20T00:27:01.994673,0.0000000,0.0000000,0.00,0.0000,0.0000,0.0000,0.0,0.00,0.0,0.00,0.000,0.000,IDLE
2026-08-20T00:27:02.994569,0.0000000,0.0000000,0.00,0.0000,0.0000,0.0000,0.0,0.00,0.0,0.00,0.000,0.000,IDLE
2026-08-20T00:27:03.994507,0.0000000,0.0000000,0.00,0.0000,0.0000,0.0000,0.0,0.00,0.0,0.00,0.000,0.000,IDLE
2026-08-20T00:27:04.994677,0.0000000,0.0000000,0.00,0.0000,0.0000,0.0000,0.0,0.00,0.0,0.00,0.000,0.000,IDLE
2026-08-20T00:27:05.994687,0.0000000,0.0000000,0.00,0.0000,0.0000,0.0000,0.0,0.00,0.0,0.00,0.000,0.000,IDLE
2026-08-20T00:27:06.994589,0.0000000,0.0000000,0.00,0.0000,0.0000,0.0000,0.0,0.00,0.0,0.00,0.000,0.000,IDLE
2026-08-20T00:27:07.994694,0.0000000,0.0000000,0.00,0.0000,0.0000,0.0000,0.0,0.00,0.0,0.00,0.000,0.000,IDLE
2026-08-20T00:27:08.994672,0.0000000,0.0000000,0.00,0.0000,0.0000,0.0000,0.0,0.00,0.0,0.00,0.000,0.000,IDLE
2026-08-20T00:27:09.994670,0.0000000,0.0000000,0.00,0.0000,0.0000,0.0000,0.0,0.00,0.0,0.00,0.000,0.000,IDLE
2026-08-20T00:27:10.994673,0.0000000,0.0000000,0.00,0.0000,0.0000,0.0000,0.0,0.00,0.0,0.00,0.000,0.000,IDLE
2026-08-20T00:27:11.994562,0.0000000,0.0000000,0.00,0.0000,0.0000,0.0000,0.0,0.00,0.0,0.00,0.000,0.000,IDLE
2026-08-20T00:27:13.022391,0.0000000,0.0000000,0.00,0.0000,0.0000,0.0000,0.0,0.00,0.0,0.00,0.000,0.000,IDLE
2026-08-20T00:27:13.994581,0.0000000,0.0000000,0.00,0.0000,0.0000,0.0000,0.0,0.00,0.0,0.00,0.000,0.000,IDLE
2026-08-20T00:27:14.998639,0.0000000,0.0000000,0.00,0.0000,0.0000,0.0000,0.0,0.00,0.0,0.00,0.000,0.000,IDLE
2026-08-20T00:27:15.994853,0.0000000,0.0000000,0.00,0.0000,0.0000,0.0000,0.0,0.00,0.0,0.00,0.000,0.000,IDLE
2026-08-20T00:27:16.994579,0.0000000,0.0000000,0.00,0.0000,0.0000,0.0000,0.0,0.00,0.0,0.00,0.000,0.000,IDLE
2026-08-20T00:27:17.994543,0.0000000,0.0000000,0.00,0.0000,0.0000,0.0000,0.0,0.00,0.0,0.00,0.000,0.000,IDLE
2026-08-20T00:27:18.994832,0.0000000,0.0000000,0.00,0.0000,0.0000,0.0000,0.0,0.00,0.0,0.00,0.000,0.000,IDLE
2026-08-20T00:27:19.994661,0.0000000,0.0000000,0.00,0.0000,0.0000,0.0000,0.0,0.00,0.0,0.00,0.000,0.000,IDLE
2026-08-20T00:27:20.994592,0.0000000,0.0000000,0.00,0.0000,0.0000,0.0000,0.0,0.00,0.0,0.00,0.000,0.000,IDLE
2026-08-20T00:27:21.994614,0.0000000,0.0000000,0.00,0.0000,0.0000,0.0000,0.0,0.00,0.0,0.00,0.000,0.000,IDLE
2026-08-20T00:27:22.994686,0.0000000,0.0000000,0.00,0.0000,0.0000,0.0000,0.0,0.00,0.0,0.00,0.000,0.000,IDLE
2026-08-20T00:27:23.994518,0.0000000,0.0000000,0.00,0.0000,0.0000,0.0000,0.0,0.00,0.0,0.00,0.000,0.000,IDLE
2026-08-20T00:27:24.994527,0.0000000,0.0000000,0.00,0.0000,0.0000,0.0000,0.0,0.00,0.0,0.00,0.000,0.000,IDLE
2026-08-20T00:27:25.994591,0.0000000,0.0000000,0.00,0.0000,0.0000,0.0000,0.0,0.00,0.0,0.00,0.000,0.000,IDLE
2026-08-20T00:27:26.994686,0.0000000,0.0000000,0.00,0.0000,0.0000,0.0000,0.0,0.00,0.0,0.00,0.000,0.000,IDLE
2026-08-20T00:27:27.994742,0.0000000,0.0000000,0.00,0.0000,0.0000,0.0000,0.0,0.00,0.0,0.00,0.000,0.000,IDLE
2026-08-20T00:27:28.994714,0.0000000,0.0000000,0.00,0.0000,0.0000,0.0000,0.0,0.00,0.0,0.00,0.000,0.000,IDLE
2026-08-20T00:27:29.994788,0.0000000,0.0000000,0.00,0.0000,0.0000,0.0000,0.0,0.00,0.0,0.00,0.000,0.000,IDLE
2026-08-20T00:27:30.994615,0.0000000,0.0000000,0.00,0.0000,0.0000,0.0000,0.0,0.00,0.0,0.00,0.000,0.000,IDLE
2026-08-20T00:27:31.994625,0.0000000,0.0000000,0.00,0.0000,0.0000,0.0000,0.0,0.00,0.0,0.00,0.000,0.000,IDLE
2026-08-20T00:27:32.994763,0.0000000,0.0000000,0.00,0.0000,0.0000,0.0000,0.0,0.00,0.0,0.00,0.000,0.000,IDLE
2026-08-20T00:27:33.994729,0.0000000,0.0000000,0.00,0.0000,0.0000,0.0000,0.0,0.00,0.0,0.00,0.000,0.000,IDLE
2026-08-20T00:27:34.994795,0.0000000,0.0000000,0.00,0.0000,0.0000,0.0000,0.0,0.00,0.0,0.00,0.000,0.000,IDLE
2026-08-20T00:27:35.994560,0.0000000,0.0000000,0.00,0.0000,0.0000,0.0000,0.0,0.00,0.0,0.00,0.000,0.000,IDLE
2026-08-20T00:27:36.994561,0.0000000,0.0000000,0.00,0.0000,0.0000,0.0000,0.0,0.00,0.0,0.00,0.000,0.000,IDLE
2026-08-20T00:27:37.994676,0.0000000,0.0000000,0.00,0.0000,0.0000,0.0000,0.0,0.00,0.0,0.00,0.000,0.000,IDLE
2026-08-20T00:27:38.994740,0.0000000,0.0000000,0.00,0.0000,0.0000,0.0000,0.0,0.00,0.0,0.00,0.000,0.000,IDLE
2026-08-20T00:27:39.994602,0.0000000,0.0000000,0.00,0.0000,0.0000,0.0000,0.0,0.00,0.0,0.00,0.000,0.000,IDLE
2026-08-20T00:27:40.994533,0.0000000,0.0000000,0.00,0.0000,0.0000,0.0000,0.0,0.00,0.0,0.00,0.000,0.000,IDLE
2026-08-20T00:27:41.994690,0.0000000,0.0000000,0.00,0.0000,0.0000,0.0000,0.0,0.00,0.0,0.00,0.000,0.000,IDLE
2026-08-20T00:27:42.994612,0.0000000,0.0000000,0.00,0.0000,0.0000,0.0000,0.0,0.00,0.0,0.00,0.000,0.000,IDLE
2026-08-20T00:27:43.994570,0.0000000,0.0000000,0.00,0.0000,0.0000,0.0000,0.0,0.00,0.0,0.00,0.000,0.000,IDLE
2026-08-20T00:27:44.994762,0.0000000,0.0000000,0.00,0.0000,0.0000,0.0000,0.0,0.00,0.0,0.00,0.000,0.000,IDLE
2026-08-20T00:27:45.994705,0.0000000,0.0000000,0.00,0.0000,0.0000,0.0000,0.0,0.00,0.0,0.00,0.000,0.000,IDLE
2026-08-20T00:27:46.994687,0.0000000,0.0000000,0.00,0.0000,0.0000,0.0000,0.0,0.00,0.0,0.00,0.000,0.000,IDLE
2026-08-20T00:27:47.994667,0.0000000,0.0000000,0.00,0.0000,0.0000,0.0000,0.0,0.00,0.0,0.00,0.000,0.000,IDLE
2026-08-20T00:27:48.994573,0.0000000,0.0000000,0.00,0.0000,0.0000,0.0000,0.0,0.00,0.0,0.00,0.000,0.000,IDLE
2026-08-20T00:27:49.994703,0.0000000,0.0000000,0.00,0.0000,0.0000,0.0000,0.0,0.00,0.0,0.00,0.000,0.000,IDLE
2026-08-20T00:27:50.994742,0.0000000,0.0000000,0.00,0.0000,0.0000,0.0000,0.0,0.00,0.0,0.00,0.000,0.000,IDLE
2026-08-20T00:27:51.994691,0.0000000,0.0000000,0.00,0.0000,0.0000,0.0000,0.0,0.00,0.0,0.00,0.000,0.000,IDLE
2026-08-20T00:27:52.994617,0.0000000,0.0000000,0.00,0.0000,0.0000,0.0000,0.0,0.00,0.0,0.00,0.000,0.000,IDLE
2026-08-20T00:27:53.994556,0.0000000,0.0000000,0.00,0.0000,0.0000,0.0000,0.0,0.00,0.0,0.00,0.000,0.000,IDLE
2026-08-20T00:27:54.994627,0.0000000,0.0000000,0.00,0.0000,0.0000,0.0000,0.0,0.00,0.0,0.00,0.000,0.000,IDLE
2026-08-20T00:27:55.994667,0.0000000,0.0000000,0.00,0.0000,0.0000,0.0000,0.0,0.00,0.0,0.00,0.000,0.000,IDLE
2026-08-20T00:27:56.994559,0.0000000,0.0000000,0.00,0.0000,0.0000,0.0000,0.0,0.00,0.0,0.00,0.000,0.000,IDLE
2026-08-20T00:27:57.994532,0.0000000,0.0000000,0.00,0.0000,0.0000,0.0000,0.0,0.00,0.0,0.00,0.000,0.000,IDLE
2026-08-20T00:27:58.994685,0.0000000,0.0000000,0.00,0.0000,0.0000,0.0000,0.0,0.00,0.0,0.00,0.000,0.000,IDLE
2026-08-20T00:27:59.994704,0.0000000,0.0000000,0.00,0.0000,0.0000,0.0000,0.0,0.00,0.0,0.00,0.000,0.000,IDLE
2026-08-20T00:28:00.994630,0.0000000,0.0000000,0.00,0.0000,0.0000,0.0000,0.0,0.00,0.0,0.00,0.000,0.000,IDLE
2026-08-20T00:28:01.994650,0.0000000,0.0000000,0.00,0.0000,0.0000,0.0000,0.0,0.00,0.0,0.00,0.000,0.000,IDLE
2026-08-20T00:28:02.994858,0.0000000,0.0000000,0.00,0.0000,0.0000,0.0000,0.0,0.00,0.0,0.00,0.000,0.000,IDLE
2026-08-20T00:28:03.994794,0.0000000,0.0000000,0.00,0.0000,0.0000,0.0000,0.0,0.00,0.0,0.00,0.000,0.000,IDLE
2026-08-20T00:28:04.994625,0.0000000,0.0000000,0.00,0.0000,0.0000,0.0000,0.0,0.00,0.0,0.00,0.000,0.000,IDLE
2026-08-20T00:28:05.994517,0.0000000,0.0000000,0.00,0.0000,0.0000,0.0000,0.0,0.00,0.0,0.00,0.000,0.000,IDLE
2026-08-20T00:28:06.994523,0.0000000,0.0000000,0.00,0.0000,0.0000,0.0000,0.0,0.00,0.0,0.00,0.000,0.000,IDLE
2026-08-20T00:28:07.994690,0.0000000,0.0000000,0.00,0.0000,0.0000,0.0000,0.0,0.00,0.0,0.00,0.000,0.000,IDLE
2026-08-20T00:28:08.994690,0.0000000,0.0000000,0.00,0.0000,0.0000,0.0000,0.0,0.00,0.0,0.00,0.000,0.000,IDLE
2026-08-20T00:28:09.994541,0.0000000,0.0000000,0.00,0.0000,0.0000,0.0000,0.0,0.00,0.0,0.00,0.000,0.000,IDLE
2026-08-20T00:28:10.994632,0.0000000,0.0000000,0.00,0.0000,0.0000,0.0000,0.0,0.00,0.0,0.00,0.000,0.000,IDLE
2026-08-20T00:28:11.994691,0.0000000,0.0000000,0.00,0.0000,0.0000,0.0000,0.0,0.00,0.0,0.00,0.000,0.000,IDLE
2026-08-20T00:28:12.994747,0.0000000,0.0000000,0.00,0.0000,0.0000,0.0000,0.0,0.00,0.0,0.00,0.000,0.000,IDLE
2026-08-20T00:28:13.994679,0.0000000,0.0000000,0.00,0.0000,0.0000,0.0000,0.0,0.00,0.0,0.00,0.000,0.000,IDLE
2026-08-20T00:28:14.994534,0.0000000,0.0000000,0.00,0.0000,0.0000,0.0000,0.0,0.00,0.0,0.00,0.000,0.000,IDLE
2026-08-20T00:28:15.994565,0.0000000,0.0000000,0.00,0.0000,0.0000,0.0000,0.0,0.00,0.0,0.00,0.000,0.000,IDLE
2026-08-20T00:28:16.994569,0.0000000,0.0000000,0.00,0.0000,0.0000,0.0000,0.0,0.00,0.0,0.00,0.000,0.000,IDLE
2026-08-20T00:28:17.994523,0.0000000,0.0000000,0.00,0.0000,0.0000,0.0000,0.0,0.00,0.0,0.00,0.000,0.000,IDLE
2026-08-20T00:28:18.994553,0.0000000,0.0000000,0.00,0.0000,0.0000,0.0000,0.0,0.00,0.0,0.00,0.000,0.000,IDLE
2026-08-20T00:28:19.994569,0.0000000,0.0000000,0.00,0.0000,0.0000,0.0000,0.0,0.00,0.0,0.00,0.000,0.000,IDLE
2026-08-20T00:28:20.994720,0.0000000,0.0000000,0.00,0.0000,0.0000,0.0000,0.0,0.00,0.0,0.00,0.000,0.000,IDLE
2026-08-20T00:28:21.994572,0.0000000,0.0000000,0.00,0.0000,0.0000,0.0000,0.0,0.00,0.0,0.00,0.000,0.000,IDLE
2026-08-20T00:28:22.994528,0.0000000,0.0000000,0.00,0.0000,0.0000,0.0000,0.0,0.00,0.0,0.00,0.000,0.000,IDLE
2026-08-20T00:28:23.994648,0.0000000,0.0000000,0.00,0.0000,0.0000,0.0000,0.0,0.00,0.0,0.00,0.000,0.000,IDLE
2026-08-20T00:28:24.994588,0.0000000,0.0000000,0.00,0.0000,0.0000,0.0000,0.0,0.00,0.0,0.00,0.000,0.000,IDLE
2026-08-20T00:28:25.994641,0.0000000,0.0000000,0.00,0.0000,0.0000,0.0000,0.0,0.00,0.0,0.00,0.000,0.000,IDLE
2026-08-20T00:28:26.994556,0.0000000,0.0000000,0.00,0.0000,0.0000,0.0000,0.0,0.00,0.0,0.00,0.000,0.000,IDLE
2026-08-20T00:28:27.994582,0.0000000,0.0000000,0.00,0.0000,0.0000,0.0000,0.0,0.00,0.0,0.00,0.000,0.000,IDLE
2026-08-20T00:28:28.994598,0.0000000,0.0000000,0.00,0.0000,0.0000,0.0000,0.0,0.00,0.0,0.00,0.000,0.000,IDLE
2026-08-20T00:28:29.994543,0.0000000,0.0000000,0.00,0.0000,0.0000,0.0000,0.0,0.00,0.0,0.00,0.000,0.000,IDLE
2026-08-20T00:28:30.994525,0.0000000,0.0000000,0.00,0.0000,0.0000,0.0000,0.0,0.00,0.0,0.00,0.000,0.000,IDLE
2026-08-20T00:28:31.994558,0.0000000,0.0000000,0.00,0.0000,0.0000,0.0000,0.0,0.00,0.0,0.00,0.000,0.000,IDLE
2026-08-20T00:28:32.994601,0.0000000,0.0000000,0.00,0.0000,0.0000,0.0000,0.0,0.00,0.0,0.00,0.000,0.000,IDLE
2026-08-20T00:28:33.994680,0.0000000,0.0000000,0.00,0.0000,0.0000,0.0000,0.0,0.00,0.0,0.00,0.000,0.000,IDLE
2026-08-20T00:28:34.994535,0.0000000,0.0000000,0.00,0.0000,0.0000,0.0000,0.0,0.00,0.0,0.00,0.000,0.000,IDLE
2026-08-20T00:28:35.994529,0.0000000,0.0000000,0.00,0.0000,0.0000,0.0000,0.0,0.00,0.0,0.00,0.000,0.000,IDLE
2026-08-20T00:28:36.994541,0.0000000,0.0000000,0.00,0.0000,0.0000,0.0000,0.0,0.00,0.0,0.00,0.000,0.000,IDLE
2026-08-20T00:28:37.994657,0.0000000,0.0000000,0.00,0.0000,0.0000,0.0000,0.0,0.00,0.0,0.00,0.000,0.000,IDLE
2026-08-20T00:28:38.994645,0.0000000,0.0000000,0.00,0.0000,0.0000,0.0000,0.0,0.00,0.0,0.00,0.000,0.000,IDLE
2026-08-20T00:28:39.994528,0.0000000,0.0000000,0.00,0.0000,0.0000,0.0000,0.0,0.00,0.0,0.00,0.000,0.000,IDLE
2026-08-20T00:28:40.994740,0.0000000,0.0000000,0.00,0.0000,0.0000,0.0000,0.0,0.00,0.0,0.00,0.000,0.000,IDLE
2026-08-20T00:28:41.994574,0.0000000,0.0000000,0.00,0.0000,0.0000,0.0000,0.0,0.00,0.0,0.00,0.000,0.000,IDLE
2026-08-20T00:28:42.994564,0.0000000,0.0000000,0.00,0.0000,0.0000,0.0000,0.0,0.00,0.0,0.00,0.000,0.000,IDLE
2026-08-20T00:28:43.994670,0.0000000,0.0000000,0.00,0.0000,0.0000,0.0000,0.0,0.00,0.0,0.00,0.000,0.000,IDLE
2026-08-20T00:28:44.994605,0.0000000,0.0000000,0.00,0.0000,0.0000,0.0000,0.0,0.00,0.0,0.00,0.000,0.000,IDLE
2026-08-20T00:28:45.994694,0.0000000,0.0000000,0.00,0.0000,0.0000,0.0000,0.0,0.00,0.0,0.00,0.000,0.000,IDLE
2026-08-20T00:28:46.994679,0.0000000,0.0000000,0.00,0.0000,0.0000,0.0000,0.0,0.00,0.0,0.00,0.000,0.000,IDLE
2026-08-20T00:28:47.994562,0.0000000,0.0000000,0.00,0.0000,0.0000,0.0000,0.0,0.00,0.0,0.00,0.000,0.000,IDLE
2026-08-20T00:28:48.994559,0.0000000,0.0000000,0.00,0.0000,0.0000,0.0000,0.0,0.00,0.0,0.00,0.000,0.000,IDLE
2026-08-20T00:28:49.994662,0.0000000,0.0000000,0.00,0.0000,0.0000,0.0000,0.0,0.00,0.0,0.00,0.000,0.000,IDLE
2026-08-20T00:28:50.994682,0.0000000,0.0000000,0.00,0.0000,0.0000,0.0000,0.0,0.00,0.0,0.00,0.000,0.000,IDLE
2026-08-20T00:28:51.994519,0.0000000,0.0000000,0.00,0.0000,0.0000,0.0000,0.0,0.00,0.0,0.00,0.000,0.000,IDLE
2026-08-20T00:28:52.994529,0.0000000,0.0000000,0.00,0.0000,0.0000,0.0000,0.0,0.00,0.0,0.00,0.000,0.000,IDLE
2026-08-20T00:28:53.994681,0.0000000,0.0000000,0.00,0.0000,0.0000,0.0000,0.0,0.00,0.0,0.00,0.000,0.000,IDLE
2026-08-20T00:28:54.994552,0.0000000,0.0000000,0.00,0.0000,0.0000,0.0000,0.0,0.00,0.0,0.00,0.000,0.000,IDLE
2026-08-20T00:28:55.994645,0.0000000,0.0000000,0.00,0.0000,0.0000,0.0000,0.0,0.00,0.0,0.00,0.000,0.000,IDLE
2026-08-20T00:28:56.994522,0.0000000,0.0000000,0.00,0.0000,0.0000,0.0000,0.0,0.00,0.0,0.00,0.000,0.000,IDLE
2026-08-20T00:28:57.994790,0.0000000,0.0000000,0.00,0.0000,0.0000,0.0000,0.0,0.00,0.0,0.00,0.000,0.000,IDLE
2026-08-20T00:28:58.994681,0.0000000,0.0000000,0.00,0.0000,0.0000,0.0000,0.0,0.00,0.0,0.00,0.000,0.000,IDLE
2026-08-20T00:28:59.994574,0.0000000,0.0000000,0.00,0.0000,0.0000,0.0000,0.0,0.00,0.0,0.00,0.000,0.000,IDLE
2026-08-20T00:29:00.994604,0.0000000,0.0000000,0.00,0.0000,0.0000,0.0000,0.0,0.00,0.0,0.00,0.000,0.000,IDLE
2026-08-20T00:29:01.994584,0.0000000,0.0000000,0.00,0.0000,0.0000,0.0000,0.0,0.00,0.0,0.00,0.000,0.000,IDLE
2026-08-20T00:29:02.994664,0.0000000,0.0000000,0.00,0.0000,0.0000,0.0000,0.0,0.00,0.0,0.00,0.000,0.000,IDLE
2026-08-20T00:29:03.994632,0.0000000,0.0000000,0.00,0.0000,0.0000,0.0000,0.0,0.00,0.0,0.00,0.000,0.000,IDLE
2026-08-20T00:29:04.994560,0.0000000,0.0000000,0.00,0.0000,0.0000,0.0000,0.0,0.00,0.0,0.00,0.000,0.000,IDLE
2026-08-20T00:29:05.994554,0.0000000,0.0000000,0.00,0.0000,0.0000,0.0000,0.0,0.00,0.0,0.00,0.000,0.000,IDLE
2026-08-20T00:29:06.994684,0.0000000,0.0000000,0.00,0.0000,0.0000,0.0000,0.0,0.00,0.0,0.00,0.000,0.000,IDLE
2026-08-20T00:29:07.994655,0.0000000,0.0000000,0.00,0.0000,0.0000,0.0000,0.0,0.00,0.0,0.00,0.000,0.000,IDLE
2026-08-20T00:29:08.994621,0.0000000,0.0000000,0.00,0.0000,0.0000,0.0000,0.0,0.00,0.0,0.00,0.000,0.000,IDLE
2026-08-20T00:29:09.994543,0.0000000,0.0000000,0.00,0.0000,0.0000,0.0000,0.0,0.00,0.0,0.00,0.000,0.000,IDLE
2026-08-20T00:29:10.994576,0.0000000,0.0000000,0.00,0.0000,0.0000,0.0000,0.0,0.00,0.0,0.00,0.000,0.000,IDLE
2026-08-20T00:29:11.998818,0.0000000,0.0000000,0.00,0.0000,0.0000,0.0000,0.0,0.00,0.0,0.00,0.000,0.000,IDLE
2026-08-20T00:29:12.994704,0.0000000,0.0000000,0.00,0.0000,0.0000,0.0000,0.0,0.00,0.0,0.00,0.000,0.000,IDLE
2026-08-20T00:29:13.994568,0.0000000,0.0000000,0.00,0.0000,0.0000,0.0000,0.0,0.00,0.0,0.00,0.000,0.000,IDLE
2026-08-20T00:29:14.994718,0.0000000,0.0000000,0.00,0.0000,0.0000,0.0000,0.0,0.00,0.0,0.00,0.000,0.000,IDLE
2026-08-20T00:29:15.994653,0.0000000,0.0000000,0.00,0.0000,0.0000,0.0000,0.0,0.00,0.0,0.00,0.000,0.000,IDLE
2026-08-20T00:29:16.994686,0.0000000,0.0000000,0.00,0.0000,0.0000,0.0000,0.0,0.00,0.0,0.00,0.000,0.000,IDLE
2026-08-20T00:29:17.994746,0.0000000,0.0000000,0.00,0.0000,0.0000,0.0000,0.0,0.00,0.0,0.00,0.000,0.000,IDLE
2026-08-20T00:29:18.994584,0.0000000,0.0000000,0.00,0.0000,0.0000,0.0000,0.0,0.00,0.0,0.00,0.000,0.000,IDLE
2026-08-20T00:29:19.994659,0.0000000,0.0000000,0.00,0.0000,0.0000,0.0000,0.0,0.00,0.0,0.00,0.000,0.000,IDLE
2026-08-20T00:29:20.994689,0.0000000,0.0000000,0.00,0.0000,0.0000,0.0000,0.0,0.00,0.0,0.00,0.000,0.000,IDLE
2026-08-20T00:29:21.994524,0.0000000,0.0000000,0.00,0.0000,0.0000,0.0000,0.0,0.00,0.0,0.00,0.000,0.000,IDLE
2026-08-20T00:29:22.994548,0.0000000,0.0000000,0.00,0.0000,0.0000,0.0000,0.0,0.00,0.0,0.00,0.000,0.000,IDLE
2026-08-20T00:29:23.994549,0.0000000,0.0000000,0.00,0.0000,0.0000,0.0000,0.0,0.00,0.0,0.00,0.000,0.000,IDLE
2026-08-20T00:29:24.994647,0.0000000,0.0000000,0.00,0.0000,0.0000,0.0000,0.0,0.00,0.0,0.00,0.000,0.000,IDLE
2026-08-20T00:29:25.994669,0.0000000,0.0000000,0.00,0.0000,0.0000,0.0000,0.0,0.00,0.0,0.00,0.000,0.000,IDLE
2026-08-20T00:29:26.994529,0.0000000,0.0000000,0.00,0.0000,0.0000,0.0000,0.0,0.00,0.0,0.00,0.000,0.000,IDLE
2026-08-20T00:29:27.994589,0.0000000,0.0000000,0.00,0.0000,0.0000,0.0000,0.0,0.00,0.0,0.00,0.000,0.000,IDLE
2026-08-20T00:29:28.994689,0.0000000,0.0000000,0.00,0.0000,0.0000,0.0000,0.0,0.00,0.0,0.00,0.000,0.000,IDLE
2026-08-20T00:29:29.994673,0.0000000,0.0000000,0.00,0.0000,0.0000,0.0000,0.0,0.00,0.0,0.00,0.000,0.000,IDLE
2026-08-20T00:29:30.994572,0.0000000,0.0000000,0.00,0.0000,0.0000,0.0000,0.0,0.00,0.0,0.00,0.000,0.000,IDLE
2026-08-20T00:29:31.994642,0.0000000,0.0000000,0.00,0.0000,0.0000,0.0000,0.0,0.00,0.0,0.00,0.000,0.000,IDLE
2026-08-20T00:29:32.994700,0.0000000,0.0000000,0.00,0.0000,0.0000,0.0000,0.0,0.00,0.0,0.00,0.000,0.000,IDLE
2026-08-20T00:29:33.994712,0.0000000,0.0000000,0.00,0.0000,0.0000,0.0000,0.0,0.00,0.0,0.00,0.000,0.000,IDLE
2026-08-20T00:29:34.994638,0.0000000,0.0000000,0.00,0.0000,0.0000,0.0000,0.0,0.00,0.0,0.00,0.000,0.000,IDLE
2026-08-20T00:29:35.994813,0.0000000,0.0000000,0.00,0.0000,0.0000,0.0000,0.0,0.00,0.0,0.00,0.000,0.000,IDLE
2026-08-20T00:29:36.994535,0.0000000,0.0000000,0.00,0.0000,0.0000,0.0000,0.0,0.00,0.0,0.00,0.000,0.000,IDLE
2026-08-20T00:29:37.994724,0.0000000,0.0000000,0.00,0.0000,0.0000,0.0000,0.0,0.00,0.0,0.00,0.000,0.000,IDLE
2026-08-20T00:29:38.994553,0.0000000,0.0000000,0.00,0.0000,0.0000,0.0000,0.0,0.00,0.0,0.00,0.000,0.000,IDLE
2026-08-20T00:29:39.994558,0.0000000,0.0000000,0.00,0.0000,0.0000,0.0000,0.0,0.00,0.0,0.00,0.000,0.000,IDLE
2026-08-20T00:29:40.994688,0.0000000,0.0000000,0.00,0.0000,0.0000,0.0000,0.0,0.00,0.0,0.00,0.000,0.000,IDLE
2026-08-20T00:29:41.994705,0.0000000,0.0000000,0.00,0.0000,0.0000,0.0000,0.0,0.00,0.0,0.00,0.000,0.000,IDLE
2026-08-20T00:29:42.994602,0.0000000,0.0000000,0.00,0.0000,0.0000,0.0000,0.0,0.00,0.0,0.00,0.000,0.000,IDLE
2026-08-20T00:29:43.994530,0.0000000,0.0000000,0.00,0.0000,0.0000,0.0000,0.0,0.00,0.0,0.00,0.000,0.000,IDLE
2026-08-20T00:29:44.994728,0.0000000,0.0000000,0.00,0.0000,0.0000,0.0000,0.0,0.00,0.0,0.00,0.000,0.000,IDLE
2026-08-20T00:29:45.994656,0.0000000,0.0000000,0.00,0.0000,0.0000,0.0000,0.0,0.00,0.0,0.00,0.000,0.000,IDLE
2026-08-20T00:29:46.994697,0.0000000,0.0000000,0.00,0.0000,0.0000,0.0000,0.0,0.00,0.0,0.00,0.000,0.000,IDLE
2026-08-20T00:29:47.994553,0.0000000,0.0000000,0.00,0.0000,0.0000,0.0000,0.0,0.00,0.0,0.00,0.000,0.000,IDLE
2026-08-20T00:29:48.994522,0.0000000,0.0000000,0.00,0.0000,0.0000,0.0000,0.0,0.00,0.0,0.00,0.000,0.000,IDLE
2026-08-20T00:29:49.994699,0.0000000,0.0000000,0.00,0.0000,0.0000,0.0000,0.0,0.00,0.0,0.00,0.000,0.000,IDLE
2026-08-20T00:29:50.994687,0.0000000,0.0000000,0.00,0.0000,0.0000,0.0000,0.0,0.00,0.0,0.00,0.000,0.000,IDLE
2026-08-20T00:29:51.994678,0.0000000,0.0000000,0.00,0.0000,0.0000,0.0000,0.0,0.00,0.0,0.00,0.000,0.000,IDLE
2026-08-20T00:29:52.994568,0.0000000,0.0000000,0.00,0.0000,0.0000,0.0000,0.0,0.00,0.0,0.00,0.000,0.000,IDLE
2026-08-20T00:29:53.994686,0.0000000,0.0000000,0.00,0.0000,0.0000,0.0000,0.0,0.00,0.0,0.00,0.000,0.000,IDLE
2026-08-20T00:29:54.994542,0.0000000,0.0000000,0.00,0.0000,0.0000,0.0000,0.0,0.00,0.0,0.00,0.000,0.000,IDLE
2026-08-20T00:29:55.994561,0.0000000,0.0000000,0.00,0.0000,0.0000,0.0000,0.0,0.00,0.0,0.00,0.000,0.000,IDLE
2026-08-20T00:29:56.994631,0.0000000,0.0000000,0.00,0.0000,0.0000,0.0000,0.0,0.00,0.0,0.00,0.000,0.000,IDLE
2026-08-20T00:29:57.994603,0.0000000,0.0000000,0.00,0.0000,0.0000,0.0000,0.0,0.00,0.0,0.00,0.000,0.000,IDLE
2026-08-20T00:29:58.994690,0.0000000,0.0000000,0.00,0.0000,0.0000,0.0000,0.0,0.00,0.0,0.00,0.000,0.000,IDLE
2026-08-20T00:29:59.994709,0.0000000,0.0000000,0.00,0.0000,0.0000,0.0000,0.0,0.00,0.0,0.00,0.000,0.000,IDLE
2026-08-20T00:30:00.994592,0.0000000,0.0000000,0.00,0.0000,0.0000,0.0000,0.0,0.00,0.0,0.00,0.000,0.000,IDLE
2026-08-20T00:30:01.994683,0.0000000,0.0000000,0.00,0.0000,0.0000,0.0000,0.0,0.00,0.0,0.00,0.000,0.000,IDLE
2026-08-20T00:30:02.994632,0.0000000,0.0000000,0.00,0.0000,0.0000,0.0000,0.0,0.00,0.0,0.00,0.000,0.000,IDLE
2026-08-20T00:30:03.994621,0.0000000,0.0000000,0.00,0.0000,0.0000,0.0000,0.0,0.00,0.0,0.00,0.000,0.000,IDLE
2026-08-20T00:30:04.994656,0.0000000,0.0000000,0.00,0.0000,0.0000,0.0000,0.0,0.00,0.0,0.00,0.000,0.000,IDLE
2026-08-20T00:30:05.994629,0.0000000,0.0000000,0.00,0.0000,0.0000,0.0000,0.0,0.00,0.0,0.00,0.000,0.000,IDLE
2026-08-20T00:30:06.994609,0.0000000,0.0000000,0.00,0.0000,0.0000,0.0000,0.0,0.00,0.0,0.00,0.000,0.000,IDLE
2026-08-20T00:30:07.994705,0.0000000,0.0000000,0.00,0.0000,0.0000,0.0000,0.0,0.00,0.0,0.00,0.000,0.000,IDLE
2026-08-20T00:30:08.994562,0.0000000,0.0000000,0.00,0.0000,0.0000,0.0000,0.0,0.00,0.0,0.00,0.000,0.000,IDLE
2026-08-20T00:30:09.994527,0.0000000,0.0000000,0.00,0.0000,0.0000,0.0000,0.0,0.00,0.0,0.00,0.000,0.000,IDLE
2026-08-20T00:30:10.994649,0.0000000,0.0000000,0.00,0.0000,0.0000,0.0000,0.0,0.00,0.0,0.00,0.000,0.000,IDLE
2026-08-20T00:30:11.994662,0.0000000,0.0000000,0.00,0.0000,0.0000,0.0000,0.0,0.00,0.0,0.00,0.000,0.000,IDLE
2026-08-20T00:30:12.994506,0.0000000,0.0000000,0.00,0.0000,0.0000,0.0000,0.0,0.00,0.0,0.00,0.000,0.000,IDLE
2026-08-20T00:30:13.994533,0.0000000,0.0000000,0.00,0.0000,0.0000,0.0000,0.0,0.00,0.0,0.00,0.000,0.000,IDLE
2026-08-20T00:30:14.994679,0.0000000,0.0000000,0.00,0.0000,0.0000,0.0000,0.0,0.00,0.0,0.00,0.000,0.000,IDLE
2026-08-20T00:30:15.994673,0.0000000,0.0000000,0.00,0.0000,0.0000,0.0000,0.0,0.00,0.0,0.00,0.000,0.000,IDLE
2026-08-20T00:30:16.994669,0.0000000,0.0000000,0.00,0.0000,0.0000,0.0000,0.0,0.00,0.0,0.00,0.000,0.000,IDLE
2026-08-20T00:30:17.994775,0.0000000,0.0000000,0.00,0.0000,0.0000,0.0000,0.0,0.00,0.0,0.00,0.000,0.000,IDLE
2026-08-20T00:30:18.994730,0.0000000,0.0000000,0.00,0.0000,0.0000,0.0000,0.0,0.00,0.0,0.00,0.000,0.000,IDLE
2026-08-20T00:30:19.994499,0.0000000,0.0000000,0.00,0.0000,0.0000,0.0000,0.0,0.00,0.0,0.00,0.000,0.000,IDLE
2026-08-20T00:30:20.995543,0.0000000,0.0000000,0.00,0.0000,0.0000,0.0000,0.0,0.00,0.0,0.00,0.000,0.000,IDLE
2026-08-20T00:30:21.994692,0.0000000,0.0000000,0.00,0.0000,0.0000,0.0000,0.0,0.00,0.0,0.00,0.000,0.000,IDLE
2026-08-20T00:30:22.994607,0.0000000,0.0000000,0.00,0.0000,0.0000,0.0000,0.0,0.00,0.0,0.00,0.000,0.000,IDLE
2026-08-20T00:30:23.994524,0.0000000,0.0000000,0.00,0.0000,0.0000,0.0000,0.0,0.00,0.0,0.00,0.000,0.000,IDLE
2026-08-20T00:30:24.994716,0.0000000,0.0000000,0.00,0.0000,0.0000,0.0000,0.0,0.00,0.0,0.00,0.000,0.000,IDLE
2026-08-20T00:30:25.994562,0.0000000,0.0000000,0.00,0.0000,0.0000,0.0000,0.0,0.00,0.0,0.00,0.000,0.000,IDLE
2026-08-20T00:30:26.994587,0.0000000,0.0000000,0.00,0.0000,0.0000,0.0000,0.0,0.00,0.0,0.00,0.000,0.000,IDLE
2026-08-20T00:30:27.994738,0.0000000,0.0000000,0.00,0.0000,0.0000,0.0000,0.0,0.00,0.0,0.00,0.000,0.000,IDLE
2026-08-20T00:30:28.994697,0.0000000,0.0000000,0.00,0.0000,0.0000,0.0000,0.0,0.00,0.0,0.00,0.000,0.000,IDLE
2026-08-20T00:30:29.994551,0.0000000,0.0000000,0.00,0.0000,0.0000,0.0000,0.0,0.00,0.0,0.00,0.000,0.000,IDLE
2026-08-20T00:30:30.994591,0.0000000,0.0000000,0.00,0.0000,0.0000,0.0000,0.0,0.00,0.0,0.00,0.000,0.000,IDLE
2026-08-20T00:30:31.994698,0.0000000,0.0000000,0.00,0.0000,0.0000,0.0000,0.0,0.00,0.0,0.00,0.000,0.000,IDLE
2026-08-20T00:30:32.994696,0.0000000,0.0000000,0.00,0.0000,0.0000,0.0000,0.0,0.00,0.0,0.00,0.000,0.000,IDLE
2026-08-20T00:30:33.994595,0.0000000,0.0000000,0.00,0.0000,0.0000,0.0000,0.0,0.00,0.0,0.00,0.000,0.000,IDLE
2026-08-20T00:30:34.994508,0.0000000,0.0000000,0.00,0.0000,0.0000,0.0000,0.0,0.00,0.0,0.00,0.000,0.000,IDLE
2026-08-20T00:30:35.994635,0.0000000,0.0000000,0.00,0.0000,0.0000,0.0000,0.0,0.00,0.0,0.00,0.000,0.000,IDLE
2026-08-20T00:30:36.994725,0.0000000,0.0000000,0.00,0.0000,0.0000,0.0000,0.0,0.00,0.0,0.00,0.000,0.000,IDLE
2026-08-20T00:30:37.994703,0.0000000,0.0000000,0.00,0.0000,0.0000,0.0000,0.0,0.00,0.0,0.00,0.000,0.000,IDLE
2026-08-20T00:30:38.994730,0.0000000,0.0000000,0.00,0.0000,0.0000,0.0000,0.0,0.00,0.0,0.00,0.000,0.000,IDLE
2026-08-20T00:30:39.994546,0.0000000,0.0000000,0.00,0.0000,0.0000,0.0000,0.0,0.00,0.0,0.00,0.000,0.000,IDLE
2026-08-20T00:30:40.994706,0.0000000,0.0000000,0.00,0.0000,0.0000,0.0000,0.0,0.00,0.0,0.00,0.000,0.000,IDLE
2026-08-20T00:30:41.994544,0.0000000,0.0000000,0.00,0.0000,0.0000,0.0000,0.0,0.00,0.0,0.00,0.000,0.000,IDLE
2026-08-20T00:30:42.994603,0.0000000,0.0000000,0.00,0.0000,0.0000,0.0000,0.0,0.00,0.0,0.00,0.000,0.000,IDLE
2026-08-20T00:30:43.994545,0.0000000,0.0000000,0.00,0.0000,0.0000,0.0000,0.0,0.00,0.0,0.00,0.000,0.000,IDLE
2026-08-20T00:30:44.994700,0.0000000,0.0000000,0.00,0.0000,0.0000,0.0000,0.0,0.00,0.0,0.00,0.000,0.000,IDLE
2026-08-20T00:30:45.994713,0.0000000,0.0000000,0.00,0.0000,0.0000,0.0000,0.0,0.00,0.0,0.00,0.000,0.000,IDLE
2026-08-20T00:30:46.994525,0.0000000,0.0000000,0.00,0.0000,0.0000,0.0000,0.0,0.00,0.0,0.00,0.000,0.000,IDLE
2026-08-20T00:30:47.994547,0.0000000,0.0000000,0.00,0.0000,0.0000,0.0000,0.0,0.00,0.0,0.00,0.000,0.000,IDLE
2026-08-20T00:30:48.994770,0.0000000,0.0000000,0.00,0.0000,0.0000,0.0000,0.0,0.00,0.0,0.00,0.000,0.000,IDLE
2026-08-20T00:30:49.994647,0.0000000,0.0000000,0.00,0.0000,0.0000,0.0000,0.0,0.00,0.0,0.00,0.000,0.000,IDLE
2026-08-20T00:30:50.994751,0.0000000,0.0000000,0.00,0.0000,0.0000,0.0000,0.0,0.00,0.0,0.00,0.000,0.000,IDLE
2026-08-20T00:30:51.994645,0.0000000,0.0000000,0.00,0.0000,0.0000,0.0000,0.0,0.00,0.0,0.00,0.000,0.000,IDLE
2026-08-20T00:30:52.994590,0.0000000,0.0000000,0.00,0.0000,0.0000,0.0000,0.0,0.00,0.0,0.00,0.000,0.000,IDLE
2026-08-20T00:30:53.994740,0.0000000,0.0000000,0.00,0.0000,0.0000,0.0000,0.0,0.00,0.0,0.00,0.000,0.000,IDLE
2026-08-20T00:30:54.994629,0.0000000,0.0000000,0.00,0.0000,0.0000,0.0000,0.0,0.00,0.0,0.00,0.000,0.000,IDLE
2026-08-20T00:30:55.994573,0.0000000,0.0000000,0.00,0.0000,0.0000,0.0000,0.0,0.00,0.0,0.00,0.000,0.000,IDLE
2026-08-20T00:30:56.994613,0.0000000,0.0000000,0.00,0.0000,0.0000,0.0000,0.0,0.00,0.0,0.00,0.000,0.000,IDLE
2026-08-20T00:30:57.994752,0.0000000,0.0000000,0.00,0.0000,0.0000,0.0000,0.0,0.00,0.0,0.00,0.000,0.000,IDLE
2026-08-20T00:30:58.994690,0.0000000,0.0000000,0.00,0.0000,0.0000,0.0000,0.0,0.00,0.0,0.00,0.000,0.000,IDLE
2026-08-20T00:30:59.994701,0.0000000,0.0000000,0.00,0.0000,0.0000,0.0000,0.0,0.00,0.0,0.00,0.000,0.000,IDLE
2026-08-20T00:31:00.996394,0.0000000,0.0000000,0.00,0.0000,0.0000,0.0000,0.0,0.00,0.0,0.00,0.000,0.000,IDLE
2026-08-20T00:31:01.994693,0.0000000,0.0000000,0.00,0.0000,0.0000,0.0000,0.0,0.00,0.0,0.00,0.000,0.000,IDLE
2026-08-20T00:31:02.994687,0.0000000,0.0000000,0.00,0.0000,0.0000,0.0000,0.0,0.00,0.0,0.00,0.000,0.000,IDLE
2026-08-20T00:31:03.994609,0.0000000,0.0000000,0.00,0.0000,0.0000,0.0000,0.0,0.00,0.0,0.00,0.000,0.000,IDLE
2026-08-20T00:31:04.994647,0.0000000,0.0000000,0.00,0.0000,0.0000,0.0000,0.0,0.00,0.0,0.00,0.000,0.000,IDLE
2026-08-20T00:31:05.994688,0.0000000,0.0000000,0.00,0.0000,0.0000,0.0000,0.0,0.00,0.0,0.00,0.000,0.000,IDLE
2026-08-20T00:31:06.994717,0.0000000,0.0000000,0.00,0.0000,0.0000,0.0000,0.0,0.00,0.0,0.00,0.000,0.000,IDLE
2026-08-20T00:31:07.994728,0.0000000,0.0000000,0.00,0.0000,0.0000,0.0000,0.0,0.00,0.0,0.00,0.000,0.000,IDLE
2026-08-20T00:31:08.994534,0.0000000,0.0000000,0.00,0.0000,0.0000,0.0000,0.0,0.00,0.0,0.00,0.000,0.000,IDLE
2026-08-20T00:31:09.994541,0.0000000,0.0000000,0.00,0.0000,0.0000,0.0000,0.0,0.00,0.0,0.00,0.000,0.000,IDLE
2026-08-20T00:31:10.994593,0.0000000,0.0000000,0.00,0.0000,0.0000,0.0000,0.0,0.00,0.0,0.00,0.000,0.000,IDLE
2026-08-20T00:31:11.994488,0.0000000,0.0000000,0.00,0.0000,0.0000,0.0000,0.0,0.00,0.0,0.00,0.000,0.000,IDLE
2026-08-20T00:31:12.994556,0.0000000,0.0000000,0.00,0.0000,0.0000,0.0000,0.0,0.00,0.0,0.00,0.000,0.000,IDLE
2026-08-20T00:31:13.994693,0.0000000,0.0000000,0.00,0.0000,0.0000,0.0000,0.0,0.00,0.0,0.00,0.000,0.000,IDLE
2026-08-20T00:31:14.994716,0.0000000,0.0000000,0.00,0.0000,0.0000,0.0000,0.0,0.00,0.0,0.00,0.000,0.000,IDLE
2026-08-20T00:31:15.994726,0.0000000,0.0000000,0.00,0.0000,0.0000,0.0000,0.0,0.00,0.0,0.00,0.000,0.000,IDLE
2026-08-20T00:31:16.994694,0.0000000,0.0000000,0.00,0.0000,0.0000,0.0000,0.0,0.00,0.0,0.00,0.000,0.000,IDLE
2026-08-20T00:31:17.994517,0.0000000,0.0000000,0.00,0.0000,0.0000,0.0000,0.0,0.00,0.0,0.00,0.000,0.000,IDLE
2026-08-20T00:31:18.994493,0.0000000,0.0000000,0.00,0.0000,0.0000,0.0000,0.0,0.00,0.0,0.00,0.000,0.000,IDLE
2026-08-20T00:31:19.994615,0.0000000,0.0000000,0.00,0.0000,0.0000,0.0000,0.0,0.00,0.0,0.00,0.000,0.000,IDLE
2026-08-20T00:31:20.994526,0.0000000,0.0000000,0.00,0.0000,0.0000,0.0000,0.0,0.00,0.0,0.00,0.000,0.000,IDLE
2026-08-20T00:31:21.994537,0.0000000,0.0000000,0.00,0.0000,0.0000,0.0000,0.0,0.00,0.0,0.00,0.000,0.000,IDLE
2026-08-20T00:31:22.994679,0.0000000,0.0000000,0.00,0.0000,0.0000,0.0000,0.0,0.00,0.0,0.00,0.000,0.000,IDLE
2026-08-20T00:31:23.994533,0.0000000,0.0000000,0.00,0.0000,0.0000,0.0000,0.0,0.00,0.0,0.00,0.000,0.000,IDLE
2026-08-20T00:31:24.994654,0.0000000,0.0000000,0.00,0.0000,0.0000,0.0000,0.0,0.00,0.0,0.00,0.000,0.000,IDLE
2026-08-20T00:31:25.994693,0.0000000,0.0000000,0.00,0.0000,0.0000,0.0000,0.0,0.00,0.0,0.00,0.000,0.000,IDLE
2026-08-20T00:31:26.994684,0.0000000,0.0000000,0.00,0.0000,0.0000,0.0000,0.0,0.00,0.0,0.00,0.000,0.000,IDLE
2026-08-20T00:31:27.994546,0.0000000,0.0000000,0.00,0.0000,0.0000,0.0000,0.0,0.00,0.0,0.00,0.000,0.000,IDLE
2026-08-20T00:31:28.994633,0.0000000,0.0000000,0.00,0.0000,0.0000,0.0000,0.0,0.00,0.0,0.00,0.000,0.000,IDLE
2026-08-20T00:31:29.994535,0.0000000,0.0000000,0.00,0.0000,0.0000,0.0000,0.0,0.00,0.0,0.00,0.000,0.000,IDLE
2026-08-20T00:31:30.994608,0.0000000,0.0000000,0.00,0.0000,0.0000,0.0000,0.0,0.00,0.0,0.00,0.000,0.000,IDLE
2026-08-20T00:31:31.994596,0.0000000,0.0000000,0.00,0.0000,0.0000,0.0000,0.0,0.00,0.0,0.00,0.000,0.000,IDLE
2026-08-20T00:31:32.994683,0.0000000,0.0000000,0.00,0.0000,0.0000,0.0000,0.0,0.00,0.0,0.00,0.000,0.000,IDLE
2026-08-20T00:31:33.994545,0.0000000,0.0000000,0.00,0.0000,0.0000,0.0000,0.0,0.00,0.0,0.00,0.000,0.000,IDLE
2026-08-20T00:31:34.994545,0.0000000,0.0000000,0.00,0.0000,0.0000,0.0000,0.0,0.00,0.0,0.00,0.000,0.000,IDLE
2026-08-20T00:31:35.994692,0.0000000,0.0000000,0.00,0.0000,0.0000,0.0000,0.0,0.00,0.0,0.00,0.000,0.000,IDLE
2026-08-20T00:31:36.994593,0.0000000,0.0000000,0.00,0.0000,0.0000,0.0000,0.0,0.00,0.0,0.00,0.000,0.000,IDLE
2026-08-20T00:31:37.994517,0.0000000,0.0000000,0.00,0.0000,0.0000,0.0000,0.0,0.00,0.0,0.00,0.000,0.000,IDLE
2026-08-20T00:31:38.994558,0.0000000,0.0000000,0.00,0.0000,0.0000,0.0000,0.0,0.00,0.0,0.00,0.000,0.000,IDLE
2026-08-20T00:31:39.994669,0.0000000,0.0000000,0.00,0.0000,0.0000,0.0000,0.0,0.00,0.0,0.00,0.000,0.000,IDLE
2026-08-20T00:31:40.994546,0.0000000,0.0000000,0.00,0.0000,0.0000,0.0000,0.0,0.00,0.0,0.00,0.000,0.000,IDLE
2026-08-20T00:31:41.994746,0.0000000,0.0000000,0.00,0.0000,0.0000,0.0000,0.0,0.00,0.0,0.00,0.000,0.000,IDLE
2026-08-20T00:31:42.994530,0.0000000,0.0000000,0.00,0.0000,0.0000,0.0000,0.0,0.00,0.0,0.00,0.000,0.000,IDLE
2026-08-20T00:31:43.994729,0.0000000,0.0000000,0.00,0.0000,0.0000,0.0000,0.0,0.00,0.0,0.00,0.000,0.000,IDLE
2026-08-20T00:31:44.994549,0.0000000,0.0000000,0.00,0.0000,0.0000,0.0000,0.0,0.00,0.0,0.00,0.000,0.000,IDLE
2026-08-20T00:31:45.994681,0.0000000,0.0000000,0.00,0.0000,0.0000,0.0000,0.0,0.00,0.0,0.00,0.000,0.000,IDLE
2026-08-20T00:31:46.994588,0.0000000,0.0000000,0.00,0.0000,0.0000,0.0000,0.0,0.00,0.0,0.00,0.000,0.000,IDLE
2026-08-20T00:31:47.994561,0.0000000,0.0000000,0.00,0.0000,0.0000,0.0000,0.0,0.00,0.0,0.00,0.000,0.000,IDLE
2026-08-20T00:31:48.994724,0.0000000,0.0000000,0.00,0.0000,0.0000,0.0000,0.0,0.00,0.0,0.00,0.000,0.000,IDLE
2026-08-20T00:31:49.994553,0.0000000,0.0000000,0.00,0.0000,0.0000,0.0000,0.0,0.00,0.0,0.00,0.000,0.000,IDLE
2026-08-20T00:31:50.994560,0.0000000,0.0000000,0.00,0.0000,0.0000,0.0000,0.0,0.00,0.0,0.00,0.000,0.000,IDLE
2026-08-20T00:31:51.994722,0.0000000,0.0000000,0.00,0.0000,0.0000,0.0000,0.0,0.00,0.0,0.00,0.000,0.000,IDLE
2026-08-20T00:31:52.994673,0.0000000,0.0000000,0.00,0.0000,0.0000,0.0000,0.0,0.00,0.0,0.00,0.000,0.000,IDLE
2026-08-20T00:31:53.994532,0.0000000,0.0000000,0.00,0.0000,0.0000,0.0000,0.0,0.00,0.0,0.00,0.000,0.000,IDLE
2026-08-20T00:31:54.994629,0.0000000,0.0000000,0.00,0.0000,0.0000,0.0000,0.0,0.00,0.0,0.00,0.000,0.000,IDLE
2026-08-20T00:31:55.994931,0.0000000,0.0000000,0.00,0.0000,0.0000,0.0000,0.0,0.00,0.0,0.00,0.000,0.000,IDLE
2026-08-20T00:31:56.994635,0.0000000,0.0000000,0.00,0.0000,0.0000,0.0000,0.0,0.00,0.0,0.00,0.000,0.000,IDLE
2026-08-20T00:31:57.994468,0.0000000,0.0000000,0.00,0.0000,0.0000,0.0000,0.0,0.00,0.0,0.00,0.000,0.000,IDLE
2026-08-20T00:31:58.994699,0.0000000,0.0000000,0.00,0.0000,0.0000,0.0000,0.0,0.00,0.0,0.00,0.000,0.000,IDLE
2026-08-20T00:31:59.994576,0.0000000,0.0000000,0.00,0.0000,0.0000,0.0000,0.0,0.00,0.0,0.00,0.000,0.000,IDLE
2026-08-20T00:32:00.994677,0.0000000,0.0000000,0.00,0.0000,0.0000,0.0000,0.0,0.00,0.0,0.00,0.000,0.000,IDLE
2026-08-20T00:32:01.994756,0.0000000,0.0000000,0.00,0.0000,0.0000,0.0000,0.0,0.00,0.0,0.00,0.000,0.000,IDLE
2026-08-20T00:32:02.994633,0.0000000,0.0000000,0.00,0.0000,0.0000,0.0000,0.0,0.00,0.0,0.00,0.000,0.000,IDLE
2026-08-20T00:32:03.994607,0.0000000,0.0000000,0.00,0.0000,0.0000,0.0000,0.0,0.00,0.0,0.00,0.000,0.000,IDLE
2026-08-20T00:32:04.994693,0.0000000,0.0000000,0.00,0.0000,0.0000,0.0000,0.0,0.00,0.0,0.00,0.000,0.000,IDLE
2026-08-20T00:32:05.994772,0.0000000,0.0000000,0.00,0.0000,0.0000,0.0000,0.0,0.00,0.0,0.00,0.000,0.000,IDLE
2026-08-20T00:32:06.994640,0.0000000,0.0000000,0.00,0.0000,0.0000,0.0000,0.0,0.00,0.0,0.00,0.000,0.000,IDLE
2026-08-20T00:32:07.994653,0.0000000,0.0000000,0.00,0.0000,0.0000,0.0000,0.0,0.00,0.0,0.00,0.000,0.000,IDLE
2026-08-20T00:32:08.994532,0.0000000,0.0000000,0.00,0.0000,0.0000,0.0000,0.0,0.00,0.0,0.00,0.000,0.000,IDLE
2026-08-20T00:32:09.994625,0.0000000,0.0000000,0.00,0.0000,0.0000,0.0000,0.0,0.00,0.0,0.00,0.000,0.000,IDLE
2026-08-20T00:32:10.994443,0.0000000,0.0000000,0.00,0.0000,0.0000,0.0000,0.0,0.00,0.0,0.00,0.000,0.000,IDLE
2026-08-20T00:32:11.994696,0.0000000,0.0000000,0.00,0.0000,0.0000,0.0000,0.0,0.00,0.0,0.00,0.000,0.000,IDLE
2026-08-20T00:32:12.994656,0.0000000,0.0000000,0.00,0.0000,0.0000,0.0000,0.0,0.00,0.0,0.00,0.000,0.000,IDLE
2026-08-20T00:32:13.994675,0.0000000,0.0000000,0.00,0.0000,0.0000,0.0000,0.0,0.00,0.0,0.00,0.000,0.000,IDLE
2026-08-20T00:32:14.994861,0.0000000,0.0000000,0.00,0.0000,0.0000,0.0000,0.0,0.00,0.0,0.00,0.000,0.000,IDLE
2026-08-20T00:32:15.994661,0.0000000,0.0000000,0.00,0.0000,0.0000,0.0000,0.0,0.00,0.0,0.00,0.000,0.000,IDLE
2026-08-20T00:32:16.994610,0.0000000,0.0000000,0.00,0.0000,0.0000,0.0000,0.0,0.00,0.0,0.00,0.000,0.000,IDLE
2026-08-20T00:32:17.994813,0.0000000,0.0000000,0.00,0.0000,0.0000,0.0000,0.0,0.00,0.0,0.00,0.000,0.000,IDLE
2026-08-20T00:32:18.994912,0.0000000,0.0000000,0.00,0.0000,0.0000,0.0000,0.0,0.00,0.0,0.00,0.000,0.000,IDLE
2026-08-20T00:32:19.994516,0.0000000,0.0000000,0.00,0.0000,0.0000,0.0000,0.0,0.00,0.0,0.00,0.000,0.000,IDLE
2026-08-20T00:32:20.994537,0.0000000,0.0000000,0.00,0.0000,0.0000,0.0000,0.0,0.00,0.0,0.00,0.000,0.000,IDLE
2026-08-20T00:32:21.994726,0.0000000,0.0000000,0.00,0.0000,0.0000,0.0000,0.0,0.00,0.0,0.00,0.000,0.000,IDLE
2026-08-20T00:32:22.994671,0.0000000,0.0000000,0.00,0.0000,0.0000,0.0000,0.0,0.00,0.0,0.00,0.000,0.000,IDLE
2026-08-20T00:32:23.994709,0.0000000,0.0000000,0.00,0.0000,0.0000,0.0000,0.0,0.00,0.0,0.00,0.000,0.000,IDLE
2026-08-20T00:32:24.994579,0.0000000,0.0000000,0.00,0.0000,0.0000,0.0000,0.0,0.00,0.0,0.00,0.000,0.000,IDLE
2026-08-20T00:32:25.994519,0.0000000,0.0000000,0.00,0.0000,0.0000,0.0000,0.0,0.00,0.0,0.00,0.000,0.000,IDLE
2026-08-20T00:32:26.994838,0.0000000,0.0000000,0.00,0.0000,0.0000,0.0000,0.0,0.00,0.0,0.00,0.000,0.000,IDLE
2026-08-20T00:32:27.994638,0.0000000,0.0000000,0.00,0.0000,0.0000,0.0000,0.0,0.00,0.0,0.00,0.000,0.000,IDLE
2026-08-20T00:32:28.994524,0.0000000,0.0000000,0.00,0.0000,0.0000,0.0000,0.0,0.00,0.0,0.00,0.000,0.000,IDLE
2026-08-20T00:32:29.994521,0.0000000,0.0000000,0.00,0.0000,0.0000,0.0000,0.0,0.00,0.0,0.00,0.000,0.000,IDLE
2026-08-20T00:32:30.994679,0.0000000,0.0000000,0.00,0.0000,0.0000,0.0000,0.0,0.00,0.0,0.00,0.000,0.000,IDLE
2026-08-20T00:32:31.994624,0.0000000,0.0000000,0.00,0.0000,0.0000,0.0000,0.0,0.00,0.0,0.00,0.000,0.000,IDLE
2026-08-20T00:32:32.994654,0.0000000,0.0000000,0.00,0.0000,0.0000,0.0000,0.0,0.00,0.0,0.00,0.000,0.000,IDLE
2026-08-20T00:32:33.994529,0.0000000,0.0000000,0.00,0.0000,0.0000,0.0000,0.0,0.00,0.0,0.00,0.000,0.000,IDLE
2026-08-20T00:32:34.994663,0.0000000,0.0000000,0.00,0.0000,0.0000,0.0000,0.0,0.00,0.0,0.00,0.000,0.000,IDLE
2026-08-20T00:32:35.994559,0.0000000,0.0000000,0.00,0.0000,0.0000,0.0000,0.0,0.00,0.0,0.00,0.000,0.000,IDLE
2026-08-20T00:32:36.994673,0.0000000,0.0000000,0.00,0.0000,0.0000,0.0000,0.0,0.00,0.0,0.00,0.000,0.000,IDLE
2026-08-20T00:32:37.994521,0.0000000,0.0000000,0.00,0.0000,0.0000,0.0000,0.0,0.00,0.0,0.00,0.000,0.000,IDLE
2026-08-20T00:32:38.994592,0.0000000,0.0000000,0.00,0.0000,0.0000,0.0000,0.0,0.00,0.0,0.00,0.000,0.000,IDLE
2026-08-20T00:32:39.994616,0.0000000,0.0000000,0.00,0.0000,0.0000,0.0000,0.0,0.00,0.0,0.00,0.000,0.000,IDLE
2026-08-20T00:32:40.994483,0.0000000,0.0000000,0.00,0.0000,0.0000,0.0000,0.0,0.00,0.0,0.00,0.000,0.000,IDLE
2026-08-20T00:32:41.994580,0.0000000,0.0000000,0.00,0.0000,0.0000,0.0000,0.0,0.00,0.0,0.00,0.000,0.000,IDLE
2026-08-20T00:32:42.994514,0.0000000,0.0000000,0.00,0.0000,0.0000,0.0000,0.0,0.00,0.0,0.00,0.000,0.000,IDLE
2026-08-20T00:32:43.994898,0.0000000,0.0000000,0.00,0.0000,0.0000,0.0000,0.0,0.00,0.0,0.00,0.000,0.000,IDLE
2026-08-20T00:32:44.994568,0.0000000,0.0000000,0.00,0.0000,0.0000,0.0000,0.0,0.00,0.0,0.00,0.000,0.000,IDLE
2026-08-20T00:32:45.994503,0.0000000,0.0000000,0.00,0.0000,0.0000,0.0000,0.0,0.00,0.0,0.00,0.000,0.000,IDLE
2026-08-20T00:32:46.994545,0.0000000,0.0000000,0.00,0.0000,0.0000,0.0000,0.0,0.00,0.0,0.00,0.000,0.000,IDLE
2026-08-20T00:32:47.994550,0.0000000,0.0000000,0.00,0.0000,0.0000,0.0000,0.0,0.00,0.0,0.00,0.000,0.000,IDLE
2026-08-20T00:32:48.994650,0.0000000,0.0000000,0.00,0.0000,0.0000,0.0000,0.0,0.00,0.0,0.00,0.000,0.000,IDLE
2026-08-20T00:32:49.994579,0.0000000,0.0000000,0.00,0.0000,0.0000,0.0000,0.0,0.00,0.0,0.00,0.000,0.000,IDLE
2026-08-20T00:32:50.994504,0.0000000,0.0000000,0.00,0.0000,0.0000,0.0000,0.0,0.00,0.0,0.00,0.000,0.000,IDLE
2026-08-20T00:32:51.994732,0.0000000,0.0000000,0.00,0.0000,0.0000,0.0000,0.0,0.00,0.0,0.00,0.000,0.000,IDLE
2026-08-20T00:32:52.994570,0.0000000,0.0000000,0.00,0.0000,0.0000,0.0000,0.0,0.00,0.0,0.00,0.000,0.000,IDLE
2026-08-20T00:32:53.994515,0.0000000,0.0000000,0.00,0.0000,0.0000,0.0000,0.0,0.00,0.0,0.00,0.000,0.000,IDLE
2026-08-20T00:32:54.994572,0.0000000,0.0000000,0.00,0.0000,0.0000,0.0000,0.0,0.00,0.0,0.00,0.000,0.000,IDLE
2026-08-20T00:32:55.994545,0.0000000,0.0000000,0.00,0.0000,0.0000,0.0000,0.0,0.00,0.0,0.00,0.000,0.000,IDLE
2026-08-20T00:32:56.994634,0.0000000,0.0000000,0.00,0.0000,0.0000,0.0000,0.0,0.00,0.0,0.00,0.000,0.000,IDLE
2026-08-20T00:32:57.994682,0.0000000,0.0000000,0.00,0.0000,0.0000,0.0000,0.0,0.00,0.0,0.00,0.000,0.000,IDLE
2026-08-20T00:32:58.994561,0.0000000,0.0000000,0.00,0.0000,0.0000,0.0000,0.0,0.00,0.0,0.00,0.000,0.000,IDLE
2026-08-20T00:32:59.994523,0.0000000,0.0000000,0.00,0.0000,0.0000,0.0000,0.0,0.00,0.0,0.00,0.000,0.000,IDLE
2026-08-20T00:33:00.994560,0.0000000,0.0000000,0.00,0.0000,0.0000,0.0000,0.0,0.00,0.0,0.00,0.000,0.000,IDLE
2026-08-20T00:33:01.994567,0.0000000,0.0000000,0.00,0.0000,0.0000,0.0000,0.0,0.00,0.0,0.00,0.000,0.000,IDLE
2026-08-20T00:33:02.994513,0.0000000,0.0000000,0.00,0.0000,0.0000,0.0000,0.0,0.00,0.0,0.00,0.000,0.000,IDLE
2026-08-20T00:33:03.994507,0.0000000,0.0000000,0.00,0.0000,0.0000,0.0000,0.0,0.00,0.0,0.00,0.000,0.000,IDLE
2026-08-20T00:33:04.994685,0.0000000,0.0000000,0.00,0.0000,0.0000,0.0000,0.0,0.00,0.0,0.00,0.000,0.000,IDLE
2026-08-20T00:33:05.994569,0.0000000,0.0000000,0.00,0.0000,0.0000,0.0000,0.0,0.00,0.0,0.00,0.000,0.000,IDLE
2026-08-20T00:33:06.994593,0.0000000,0.0000000,0.00,0.0000,0.0000,0.0000,0.0,0.00,0.0,0.00,0.000,0.000,IDLE
2026-08-20T00:33:07.994556,0.0000000,0.0000000,0.00,0.0000,0.0000,0.0000,0.0,0.00,0.0,0.00,0.000,0.000,IDLE
2026-08-20T00:33:08.994695,0.0000000,0.0000000,0.00,0.0000,0.0000,0.0000,0.0,0.00,0.0,0.00,0.000,0.000,IDLE
2026-08-20T00:33:09.994649,0.0000000,0.0000000,0.00,0.0000,0.0000,0.0000,0.0,0.00,0.0,0.00,0.000,0.000,IDLE
2026-08-20T00:33:10.994654,0.0000000,0.0000000,0.00,0.0000,0.0000,0.0000,0.0,0.00,0.0,0.00,0.000,0.000,IDLE
2026-08-20T00:33:11.994556,0.0000000,0.0000000,0.00,0.0000,0.0000,0.0000,0.0,0.00,0.0,0.00,0.000,0.000,IDLE
2026-08-20T00:33:12.994553,0.0000000,0.0000000,0.00,0.0000,0.0000,0.0000,0.0,0.00,0.0,0.00,0.000,0.000,IDLE
2026-08-20T00:33:13.994668,0.0000000,0.0000000,0.00,0.0000,0.0000,0.0000,0.0,0.00,0.0,0.00,0.000,0.000,IDLE
2026-08-20T00:33:14.994565,0.0000000,0.0000000,0.00,0.0000,0.0000,0.0000,0.0,0.00,0.0,0.00,0.000,0.000,IDLE
2026-08-20T00:33:15.994571,0.0000000,0.0000000,0.00,0.0000,0.0000,0.0000,0.0,0.00,0.0,0.00,0.000,0.000,IDLE
2026-08-20T00:33:16.994502,0.0000000,0.0000000,0.00,0.0000,0.0000,0.0000,0.0,0.00,0.0,0.00,0.000,0.000,IDLE
2026-08-20T00:33:17.994539,0.0000000,0.0000000,0.00,0.0000,0.0000,0.0000,0.0,0.00,0.0,0.00,0.000,0.000,IDLE
2026-08-20T00:33:18.994638,0.0000000,0.0000000,0.00,0.0000,0.0000,0.0000,0.0,0.00,0.0,0.00,0.000,0.000,IDLE
2026-08-20T00:33:19.994507,0.0000000,0.0000000,0.00,0.0000,0.0000,0.0000,0.0,0.00,0.0,0.00,0.000,0.000,IDLE
2026-08-20T00:33:20.994540,0.0000000,0.0000000,0.00,0.0000,0.0000,0.0000,0.0,0.00,0.0,0.00,0.000,0.000,IDLE
2026-08-20T00:33:21.994666,0.0000000,0.0000000,0.00,0.0000,0.0000,0.0000,0.0,0.00,0.0,0.00,0.000,0.000,IDLE
2026-08-20T00:33:22.994488,0.0000000,0.0000000,0.00,0.0000,0.0000,0.0000,0.0,0.00,0.0,0.00,0.000,0.000,IDLE
2026-08-20T00:33:23.994537,0.0000000,0.0000000,0.00,0.0000,0.0000,0.0000,0.0,0.00,0.0,0.00,0.000,0.000,IDLE
2026-08-20T00:33:24.994521,0.0000000,0.0000000,0.00,0.0000,0.0000,0.0000,0.0,0.00,0.0,0.00,0.000,0.000,IDLE
2026-08-20T00:33:25.994671,0.0000000,0.0000000,0.00,0.0000,0.0000,0.0000,0.0,0.00,0.0,0.00,0.000,0.000,IDLE
2026-08-20T00:33:26.994569,0.0000000,0.0000000,0.00,0.0000,0.0000,0.0000,0.0,0.00,0.0,0.00,0.000,0.000,IDLE
2026-08-20T00:33:27.994578,0.0000000,0.0000000,0.00,0.0000,0.0000,0.0000,0.0,0.00,0.0,0.00,0.000,0.000,IDLE
2026-08-20T00:33:28.994534,0.0000000,0.0000000,0.00,0.0000,0.0000,0.0000,0.0,0.00,0.0,0.00,0.000,0.000,IDLE
2026-08-20T00:33:29.994537,0.0000000,0.0000000,0.00,0.0000,0.0000,0.0000,0.0,0.00,0.0,0.00,0.000,0.000,IDLE
2026-08-20T00:33:30.994481,0.0000000,0.0000000,0.00,0.0000,0.0000,0.0000,0.0,0.00,0.0,0.00,0.000,0.000,IDLE
2026-08-20T00:33:31.994636,0.0000000,0.0000000,0.00,0.0000,0.0000,0.0000,0.0,0.00,0.0,0.00,0.000,0.000,IDLE
2026-08-20T00:33:32.994558,0.0000000,0.0000000,0.00,0.0000,0.0000,0.0000,0.0,0.00,0.0,0.00,0.000,0.000,IDLE
2026-08-20T00:33:33.994528,0.0000000,0.0000000,0.00,0.0000,0.0000,0.0000,0.0,0.00,0.0,0.00,0.000,0.000,IDLE
2026-08-20T00:33:34.994590,0.0000000,0.0000000,0.00,0.0000,0.0000,0.0000,0.0,0.00,0.0,0.00,0.000,0.000,IDLE
2026-08-20T00:33:35.994738,0.0000000,0.0000000,0.00,0.0000,0.0000,0.0000,0.0,0.00,0.0,0.00,0.000,0.000,IDLE
2026-08-20T00:33:36.994546,0.0000000,0.0000000,0.00,0.0000,0.0000,0.0000,0.0,0.00,0.0,0.00,0.000,0.000,IDLE
2026-08-20T00:33:37.994509,0.0000000,0.0000000,0.00,0.0000,0.0000,0.0000,0.0,0.00,0.0,0.00,0.000,0.000,IDLE
2026-08-20T00:33:38.994684,0.0000000,0.0000000,0.00,0.0000,0.0000,0.0000,0.0,0.00,0.0,0.00,0.000,0.000,IDLE
2026-08-20T00:33:39.994627,0.0000000,0.0000000,0.00,0.0000,0.0000,0.0000,0.0,0.00,0.0,0.00,0.000,0.000,IDLE
2026-08-20T00:33:40.994561,0.0000000,0.0000000,0.00,0.0000,0.0000,0.0000,0.0,0.00,0.0,0.00,0.000,0.000,IDLE
2026-08-20T00:33:41.994784,0.0000000,0.0000000,0.00,0.0000,0.0000,0.0000,0.0,0.00,0.0,0.00,0.000,0.000,IDLE
2026-08-20T00:33:42.994599,0.0000000,0.0000000,0.00,0.0000,0.0000,0.0000,0.0,0.00,0.0,0.00,0.000,0.000,IDLE
2026-08-20T00:33:43.994611,0.0000000,0.0000000,0.00,0.0000,0.0000,0.0000,0.0,0.00,0.0,0.00,0.000,0.000,IDLE
2026-08-20T00:33:44.994531,0.0000000,0.0000000,0.00,0.0000,0.0000,0.0000,0.0,0.00,0.0,0.00,0.000,0.000,IDLE
2026-08-20T00:33:45.994689,0.0000000,0.0000000,0.00,0.0000,0.0000,0.0000,0.0,0.00,0.0,0.00,0.000,0.000,IDLE
2026-08-20T00:33:46.994558,0.0000000,0.0000000,0.00,0.0000,0.0000,0.0000,0.0,0.00,0.0,0.00,0.000,0.000,IDLE
2026-08-20T00:33:47.994655,0.0000000,0.0000000,0.00,0.0000,0.0000,0.0000,0.0,0.00,0.0,0.00,0.000,0.000,IDLE
2026-08-20T00:33:48.994688,0.0000000,0.0000000,0.00,0.0000,0.0000,0.0000,0.0,0.00,0.0,0.00,0.000,0.000,IDLE
2026-08-20T00:33:49.994540,0.0000000,0.0000000,0.00,0.0000,0.0000,0.0000,0.0,0.00,0.0,0.00,0.000,0.000,IDLE
2026-08-20T00:33:50.994520,0.0000000,0.0000000,0.00,0.0000,0.0000,0.0000,0.0,0.00,0.0,0.00,0.000,0.000,IDLE
2026-08-20T00:33:51.994744,0.0000000,0.0000000,0.00,0.0000,0.0000,0.0000,0.0,0.00,0.0,0.00,0.000,0.000,IDLE
2026-08-20T00:33:52.994610,0.0000000,0.0000000,0.00,0.0000,0.0000,0.0000,0.0,0.00,0.0,0.00,0.000,0.000,IDLE
2026-08-20T00:33:53.994540,0.0000000,0.0000000,0.00,0.0000,0.0000,0.0000,0.0,0.00,0.0,0.00,0.000,0.000,IDLE
2026-08-20T00:33:54.994511,0.0000000,0.0000000,0.00,0.0000,0.0000,0.0000,0.0,0.00,0.0,0.00,0.000,0.000,IDLE
2026-08-20T00:33:55.994700,0.0000000,0.0000000,0.00,0.0000,0.0000,0.0000,0.0,0.00,0.0,0.00,0.000,0.000,IDLE
2026-08-20T00:33:56.994643,0.0000000,0.0000000,0.00,0.0000,0.0000,0.0000,0.0,0.00,0.0,0.00,0.000,0.000,IDLE
2026-08-20T00:33:57.994657,0.0000000,0.0000000,0.00,0.0000,0.0000,0.0000,0.0,0.00,0.0,0.00,0.000,0.000,IDLE
2026-08-20T00:33:58.994535,0.0000000,0.0000000,0.00,0.0000,0.0000,0.0000,0.0,0.00,0.0,0.00,0.000,0.000,IDLE
2026-08-20T00:33:59.994645,0.0000000,0.0000000,0.00,0.0000,0.0000,0.0000,0.0,0.00,0.0,0.00,0.000,0.000,IDLE
2026-08-20T00:34:00.994772,0.0000000,0.0000000,0.00,0.0000,0.0000,0.0000,0.0,0.00,0.0,0.00,0.000,0.000,IDLE
2026-08-20T00:34:01.994699,0.0000000,0.0000000,0.00,0.0000,0.0000,0.0000,0.0,0.00,0.0,0.00,0.000,0.000,IDLE
2026-08-20T00:34:02.994551,0.0000000,0.0000000,0.00,0.0000,0.0000,0.0000,0.0,0.00,0.0,0.00,0.000,0.000,IDLE
2026-08-20T00:34:03.994541,0.0000000,0.0000000,0.00,0.0000,0.0000,0.0000,0.0,0.00,0.0,0.00,0.000,0.000,IDLE
2026-08-20T00:34:04.994513,0.0000000,0.0000000,0.00,0.0000,0.0000,0.0000,0.0,0.00,0.0,0.00,0.000,0.000,IDLE
2026-08-20T00:34:05.994650,0.0000000,0.0000000,0.00,0.0000,0.0000,0.0000,0.0,0.00,0.0,0.00,0.000,0.000,IDLE
2026-08-20T00:34:06.994786,0.0000000,0.0000000,0.00,0.0000,0.0000,0.0000,0.0,0.00,0.0,0.00,0.000,0.000,IDLE
2026-08-20T00:34:07.994535,0.0000000,0.0000000,0.00,0.0000,0.0000,0.0000,0.0,0.00,0.0,0.00,0.000,0.000,IDLE
2026-08-20T00:34:08.994656,0.0000000,0.0000000,0.00,0.0000,0.0000,0.0000,0.0,0.00,0.0,0.00,0.000,0.000,IDLE
2026-08-20T00:34:09.994900,0.0000000,0.0000000,0.00,0.0000,0.0000,0.0000,0.0,0.00,0.0,0.00,0.000,0.000,IDLE
2026-08-20T00:34:10.994502,0.0000000,0.0000000,0.00,0.0000,0.0000,0.0000,0.0,0.00,0.0,0.00,0.000,0.000,IDLE
2026-08-20T00:34:11.994510,0.0000000,0.0000000,0.00,0.0000,0.0000,0.0000,0.0,0.00,0.0,0.00,0.000,0.000,IDLE
2026-08-20T00:34:12.994640,0.0000000,0.0000000,0.00,0.0000,0.0000,0.0000,0.0,0.00,0.0,0.00,0.000,0.000,IDLE
2026-08-20T00:34:13.994651,0.0000000,0.0000000,0.00,0.0000,0.0000,0.0000,0.0,0.00,0.0,0.00,0.000,0.000,IDLE
2026-08-20T00:34:14.994620,0.0000000,0.0000000,0.00,0.0000,0.0000,0.0000,0.0,0.00,0.0,0.00,0.000,0.000,IDLE
2026-08-20T00:34:15.994550,0.0000000,0.0000000,0.00,0.0000,0.0000,0.0000,0.0,0.00,0.0,0.00,0.000,0.000,IDLE
2026-08-20T00:34:16.994700,0.0000000,0.0000000,0.00,0.0000,0.0000,0.0000,0.0,0.00,0.0,0.00,0.000,0.000,IDLE
2026-08-20T00:34:17.994480,0.0000000,0.0000000,0.00,0.0000,0.0000,0.0000,0.0,0.00,0.0,0.00,0.000,0.000,IDLE
2026-08-20T00:34:18.994500,0.0000000,0.0000000,0.00,0.0000,0.0000,0.0000,0.0,0.00,0.0,0.00,0.000,0.000,IDLE
2026-08-20T00:34:19.994652,0.0000000,0.0000000,0.00,0.0000,0.0000,0.0000,0.0,0.00,0.0,0.00,0.000,0.000,IDLE
2026-08-20T00:34:20.994641,0.0000000,0.0000000,0.00,0.0000,0.0000,0.0000,0.0,0.00,0.0,0.00,0.000,0.000,IDLE
2026-08-20T00:34:21.994501,0.0000000,0.0000000,0.00,0.0000,0.0000,0.0000,0.0,0.00,0.0,0.00,0.000,0.000,IDLE
2026-08-20T00:34:22.994665,0.0000000,0.0000000,0.00,0.0000,0.0000,0.0000,0.0,0.00,0.0,0.00,0.000,0.000,IDLE
2026-08-20T00:34:23.994620,0.0000000,0.0000000,0.00,0.0000,0.0000,0.0000,0.0,0.00,0.0,0.00,0.000,0.000,IDLE
2026-08-20T00:34:24.994561,0.0000000,0.0000000,0.00,0.0000,0.0000,0.0000,0.0,0.00,0.0,0.00,0.000,0.000,IDLE
2026-08-20T00:34:25.994690,0.0000000,0.0000000,0.00,0.0000,0.0000,0.0000,0.0,0.00,0.0,0.00,0.000,0.000,IDLE
2026-08-20T00:34:26.994589,0.0000000,0.0000000,0.00,0.0000,0.0000,0.0000,0.0,0.00,0.0,0.00,0.000,0.000,IDLE
2026-08-20T00:34:27.994528,0.0000000,0.0000000,0.00,0.0000,0.0000,0.0000,0.0,0.00,0.0,0.00,0.000,0.000,IDLE
2026-08-20T00:34:28.994547,0.0000000,0.0000000,0.00,0.0000,0.0000,0.0000,0.0,0.00,0.0,0.00,0.000,0.000,IDLE
2026-08-20T00:34:29.994633,0.0000000,0.0000000,0.00,0.0000,0.0000,0.0000,0.0,0.00,0.0,0.00,0.000,0.000,IDLE
2026-08-20T00:34:30.994778,0.0000000,0.0000000,0.00,0.0000,0.0000,0.0000,0.0,0.00,0.0,0.00,0.000,0.000,IDLE
2026-08-20T00:34:31.994554,0.0000000,0.0000000,0.00,0.0000,0.0000,0.0000,0.0,0.00,0.0,0.00,0.000,0.000,IDLE
2026-08-20T00:34:32.994658,0.0000000,0.0000000,0.00,0.0000,0.0000,0.0000,0.0,0.00,0.0,0.00,0.000,0.000,IDLE
2026-08-20T00:34:33.994615,0.0000000,0.0000000,0.00,0.0000,0.0000,0.0000,0.0,0.00,0.0,0.00,0.000,0.000,IDLE
2026-08-20T00:34:34.994435,0.0000000,0.0000000,0.00,0.0000,0.0000,0.0000,0.0,0.00,0.0,0.00,0.000,0.000,IDLE
2026-08-20T00:34:35.994503,0.0000000,0.0000000,0.00,0.0000,0.0000,0.0000,0.0,0.00,0.0,0.00,0.000,0.000,IDLE
2026-08-20T00:34:36.994720,0.0000000,0.0000000,0.00,0.0000,0.0000,0.0000,0.0,0.00,0.0,0.00,0.000,0.000,IDLE
2026-08-20T00:34:37.994683,0.0000000,0.0000000,0.00,0.0000,0.0000,0.0000,0.0,0.00,0.0,0.00,0.000,0.000,IDLE
2026-08-20T00:34:38.994623,0.0000000,0.0000000,0.00,0.0000,0.0000,0.0000,0.0,0.00,0.0,0.00,0.000,0.000,IDLE
2026-08-20T00:34:39.994434,0.0000000,0.0000000,0.00,0.0000,0.0000,0.0000,0.0,0.00,0.0,0.00,0.000,0.000,IDLE
2026-08-20T00:34:40.994639,0.0000000,0.0000000,0.00,0.0000,0.0000,0.0000,0.0,0.00,0.0,0.00,0.000,0.000,IDLE
2026-08-20T00:34:41.994533,0.0000000,0.0000000,0.00,0.0000,0.0000,0.0000,0.0,0.00,0.0,0.00,0.000,0.000,IDLE
2026-08-20T00:34:42.994674,0.0000000,0.0000000,0.00,0.0000,0.0000,0.0000,0.0,0.00,0.0,0.00,0.000,0.000,IDLE
2026-08-20T00:34:43.994739,0.0000000,0.0000000,0.00,0.0000,0.0000,0.0000,0.0,0.00,0.0,0.00,0.000,0.000,IDLE
2026-08-20T00:34:44.994681,0.0000000,0.0000000,0.00,0.0000,0.0000,0.0000,0.0,0.00,0.0,0.00,0.000,0.000,IDLE
2026-08-20T00:34:45.994570,0.0000000,0.0000000,0.00,0.0000,0.0000,0.0000,0.0,0.00,0.0,0.00,0.000,0.000,IDLE
2026-08-20T00:34:46.994553,0.0000000,0.0000000,0.00,0.0000,0.0000,0.0000,0.0,0.00,0.0,0.00,0.000,0.000,IDLE
2026-08-20T00:34:47.994703,0.0000000,0.0000000,0.00,0.0000,0.0000,0.0000,0.0,0.00,0.0,0.00,0.000,0.000,IDLE
2026-08-20T00:34:48.994616,0.0000000,0.0000000,0.00,0.0000,0.0000,0.0000,0.0,0.00,0.0,0.00,0.000,0.000,IDLE
2026-08-20T00:34:49.994523,0.0000000,0.0000000,0.00,0.0000,0.0000,0.0000,0.0,0.00,0.0,0.00,0.000,0.000,IDLE
2026-08-20T00:34:50.994595,0.0000000,0.0000000,0.00,0.0000,0.0000,0.0000,0.0,0.00,0.0,0.00,0.000,0.000,IDLE
2026-08-20T00:34:51.994891,0.0000000,0.0000000,0.00,0.0000,0.0000,0.0000,0.0,0.00,0.0,0.00,0.000,0.000,IDLE
2026-08-20T00:34:52.994558,0.0000000,0.0000000,0.00,0.0000,0.0000,0.0000,0.0,0.00,0.0,0.00,0.000,0.000,IDLE
2026-08-20T00:34:53.994566,0.0000000,0.0000000,0.00,0.0000,0.0000,0.0000,0.0,0.00,0.0,0.00,0.000,0.000,IDLE
2026-08-20T00:34:54.994665,0.0000000,0.0000000,0.00,0.0000,0.0000,0.0000,0.0,0.00,0.0,0.00,0.000,0.000,IDLE
2026-08-20T00:34:55.994693,0.0000000,0.0000000,0.00,0.0000,0.0000,0.0000,0.0,0.00,0.0,0.00,0.000,0.000,IDLE
2026-08-20T00:34:56.994637,0.0000000,0.0000000,0.00,0.0000,0.0000,0.0000,0.0,0.00,0.0,0.00,0.000,0.000,IDLE
2026-08-20T00:34:57.994604,0.0000000,0.0000000,0.00,0.0000,0.0000,0.0000,0.0,0.00,0.0,0.00,0.000,0.000,IDLE
2026-08-20T00:34:58.994517,0.0000000,0.0000000,0.00,0.0000,0.0000,0.0000,0.0,0.00,0.0,0.00,0.000,0.000,IDLE
2026-08-20T00:34:59.994714,0.0000000,0.0000000,0.00,0.0000,0.0000,0.0000,0.0,0.00,0.0,0.00,0.000,0.000,IDLE
2026-08-20T00:35:00.994513,0.0000000,0.0000000,0.00,0.0000,0.0000,0.0000,0.0,0.00,0.0,0.00,0.000,0.000,IDLE
2026-08-20T00:35:01.994521,0.0000000,0.0000000,0.00,0.0000,0.0000,0.0000,0.0,0.00,0.0,0.00,0.000,0.000,IDLE
2026-08-20T00:35:02.994548,0.0000000,0.0000000,0.00,0.0000,0.0000,0.0000,0.0,0.00,0.0,0.00,0.000,0.000,IDLE
2026-08-20T00:35:03.994701,0.0000000,0.0000000,0.00,0.0000,0.0000,0.0000,0.0,0.00,0.0,0.00,0.000,0.000,IDLE
2026-08-20T00:35:04.994641,0.0000000,0.0000000,0.00,0.0000,0.0000,0.0000,0.0,0.00,0.0,0.00,0.000,0.000,IDLE
2026-08-20T00:35:05.994616,0.0000000,0.0000000,0.00,0.0000,0.0000,0.0000,0.0,0.00,0.0,0.00,0.000,0.000,IDLE
2026-08-20T00:35:06.994613,0.0000000,0.0000000,0.00,0.0000,0.0000,0.0000,0.0,0.00,0.0,0.00,0.000,0.000,IDLE
2026-08-20T00:35:07.994769,0.0000000,0.0000000,0.00,0.0000,0.0000,0.0000,0.0,0.00,0.0,0.00,0.000,0.000,IDLE
2026-08-20T00:35:08.994813,0.0000000,0.0000000,0.00,0.0000,0.0000,0.0000,0.0,0.00,0.0,0.00,0.000,0.000,IDLE
2026-08-20T00:35:09.994577,0.0000000,0.0000000,0.00,0.0000,0.0000,0.0000,0.0,0.00,0.0,0.00,0.000,0.000,IDLE
2026-08-20T00:35:10.994557,0.0000000,0.0000000,0.00,0.0000,0.0000,0.0000,0.0,0.00,0.0,0.00,0.000,0.000,IDLE
2026-08-20T00:35:11.994647,0.0000000,0.0000000,0.00,0.0000,0.0000,0.0000,0.0,0.00,0.0,0.00,0.000,0.000,IDLE
2026-08-20T00:35:12.994549,0.0000000,0.0000000,0.00,0.0000,0.0000,0.0000,0.0,0.00,0.0,0.00,0.000,0.000,IDLE
2026-08-20T00:35:13.994666,0.0000000,0.0000000,0.00,0.0000,0.0000,0.0000,0.0,0.00,0.0,0.00,0.000,0.000,IDLE
2026-08-20T00:35:14.994647,0.0000000,0.0000000,0.00,0.0000,0.0000,0.0000,0.0,0.00,0.0,0.00,0.000,0.000,IDLE
2026-08-20T00:35:15.994517,0.0000000,0.0000000,0.00,0.0000,0.0000,0.0000,0.0,0.00,0.0,0.00,0.000,0.000,IDLE
2026-08-20T00:35:16.994673,0.0000000,0.0000000,0.00,0.0000,0.0000,0.0000,0.0,0.00,0.0,0.00,0.000,0.000,IDLE
2026-08-20T00:35:17.994694,0.0000000,0.0000000,0.00,0.0000,0.0000,0.0000,0.0,0.00,0.0,0.00,0.000,0.000,IDLE
2026-08-20T00:35:18.994813,0.0000000,0.0000000,0.00,0.0000,0.0000,0.0000,0.0,0.00,0.0,0.00,0.000,0.000,IDLE
2026-08-20T00:35:19.994532,0.0000000,0.0000000,0.00,0.0000,0.0000,0.0000,0.0,0.00,0.0,0.00,0.000,0.000,IDLE
2026-08-20T00:35:20.994643,0.0000000,0.0000000,0.00,0.0000,0.0000,0.0000,0.0,0.00,0.0,0.00,0.000,0.000,IDLE
2026-08-20T00:35:21.994505,0.0000000,0.0000000,0.00,0.0000,0.0000,0.0000,0.0,0.00,0.0,0.00,0.000,0.000,IDLE
2026-08-20T00:35:22.994592,0.0000000,0.0000000,0.00,0.0000,0.0000,0.0000,0.0,0.00,0.0,0.00,0.000,0.000,IDLE
2026-08-20T00:35:23.994548,0.0000000,0.0000000,0.00,0.0000,0.0000,0.0000,0.0,0.00,0.0,0.00,0.000,0.000,IDLE
2026-08-20T00:35:24.994661,0.0000000,0.0000000,0.00,0.0000,0.0000,0.0000,0.0,0.00,0.0,0.00,0.000,0.000,IDLE
2026-08-20T00:35:25.994587,0.0000000,0.0000000,0.00,0.0000,0.0000,0.0000,0.0,0.00,0.0,0.00,0.000,0.000,IDLE
2026-08-20T00:35:26.994534,0.0000000,0.0000000,0.00,0.0000,0.0000,0.0000,0.0,0.00,0.0,0.00,0.000,0.000,IDLE
2026-08-20T00:35:27.994598,0.0000000,0.0000000,0.00,0.0000,0.0000,0.0000,0.0,0.00,0.0,0.00,0.000,0.000,IDLE
2026-08-20T00:35:28.994525,0.0000000,0.0000000,0.00,0.0000,0.0000,0.0000,0.0,0.00,0.0,0.00,0.000,0.000,IDLE
2026-08-20T00:35:29.994579,0.0000000,0.0000000,0.00,0.0000,0.0000,0.0000,0.0,0.00,0.0,0.00,0.000,0.000,IDLE
2026-08-20T00:35:30.994661,0.0000000,0.0000000,0.00,0.0000,0.0000,0.0000,0.0,0.00,0.0,0.00,0.000,0.000,IDLE
2026-08-20T00:35:31.994617,0.0000000,0.0000000,0.00,0.0000,0.0000,0.0000,0.0,0.00,0.0,0.00,0.000,0.000,IDLE
2026-08-20T00:35:32.994501,0.0000000,0.0000000,0.00,0.0000,0.0000,0.0000,0.0,0.00,0.0,0.00,0.000,0.000,IDLE
2026-08-20T00:35:33.994627,0.0000000,0.0000000,0.00,0.0000,0.0000,0.0000,0.0,0.00,0.0,0.00,0.000,0.000,IDLE
2026-08-20T00:35:34.994605,0.0000000,0.0000000,0.00,0.0000,0.0000,0.0000,0.0,0.00,0.0,0.00,0.000,0.000,IDLE
2026-08-20T00:35:35.994521,0.0000000,0.0000000,0.00,0.0000,0.0000,0.0000,0.0,0.00,0.0,0.00,0.000,0.000,IDLE
2026-08-20T00:35:36.994528,0.0000000,0.0000000,0.00,0.0000,0.0000,0.0000,0.0,0.00,0.0,0.00,0.000,0.000,IDLE
2026-08-20T00:35:37.994504,0.0000000,0.0000000,0.00,0.0000,0.0000,0.0000,0.0,0.00,0.0,0.00,0.000,0.000,IDLE
2026-08-20T00:35:38.994557,0.0000000,0.0000000,0.00,0.0000,0.0000,0.0000,0.0,0.00,0.0,0.00,0.000,0.000,IDLE
2026-08-20T00:35:39.994628,0.0000000,0.0000000,0.00,0.0000,0.0000,0.0000,0.0,0.00,0.0,0.00,0.000,0.000,IDLE
2026-08-20T00:35:40.994783,0.0000000,0.0000000,0.00,0.0000,0.0000,0.0000,0.0,0.00,0.0,0.00,0.000,0.000,IDLE
2026-08-20T00:35:41.994681,0.0000000,0.0000000,0.00,0.0000,0.0000,0.0000,0.0,0.00,0.0,0.00,0.000,0.000,IDLE
2026-08-20T00:35:42.994542,0.0000000,0.0000000,0.00,0.0000,0.0000,0.0000,0.0,0.00,0.0,0.00,0.000,0.000,IDLE
2026-08-20T00:35:43.994648,0.0000000,0.0000000,0.00,0.0000,0.0000,0.0000,0.0,0.00,0.0,0.00,0.000,0.000,IDLE
2026-08-20T00:35:44.994568,0.0000000,0.0000000,0.00,0.0000,0.0000,0.0000,0.0,0.00,0.0,0.00,0.000,0.000,IDLE
2026-08-20T00:35:45.994565,0.0000000,0.0000000,0.00,0.0000,0.0000,0.0000,0.0,0.00,0.0,0.00,0.000,0.000,IDLE
2026-08-20T00:35:46.994617,0.0000000,0.0000000,0.00,0.0000,0.0000,0.0000,0.0,0.00,0.0,0.00,0.000,0.000,IDLE
2026-08-20T00:35:47.994908,0.0000000,0.0000000,0.00,0.0000,0.0000,0.0000,0.0,0.00,0.0,0.00,0.000,0.000,IDLE
2026-08-20T00:35:48.994560,0.0000000,0.0000000,0.00,0.0000,0.0000,0.0000,0.0,0.00,0.0,0.00,0.000,0.000,IDLE
2026-08-20T00:35:49.994482,0.0000000,0.0000000,0.00,0.0000,0.0000,0.0000,0.0,0.00,0.0,0.00,0.000,0.000,IDLE
2026-08-20T00:35:50.994651,0.0000000,0.0000000,0.00,0.0000,0.0000,0.0000,0.0,0.00,0.0,0.00,0.000,0.000,IDLE
2026-08-20T00:35:51.994483,0.0000000,0.0000000,0.00,0.0000,0.0000,0.0000,0.0,0.00,0.0,0.00,0.000,0.000,IDLE
2026-08-20T00:35:52.994518,0.0000000,0.0000000,0.00,0.0000,0.0000,0.0000,0.0,0.00,0.0,0.00,0.000,0.000,IDLE
2026-08-20T00:35:53.994525,0.0000000,0.0000000,0.00,0.0000,0.0000,0.0000,0.0,0.00,0.0,0.00,0.000,0.000,IDLE
2026-08-20T00:35:54.994676,0.0000000,0.0000000,0.00,0.0000,0.0000,0.0000,0.0,0.00,0.0,0.00,0.000,0.000,IDLE
2026-08-20T00:35:55.994533,0.0000000,0.0000000,0.00,0.0000,0.0000,0.0000,0.0,0.00,0.0,0.00,0.000,0.000,IDLE
2026-08-20T00:35:56.994562,0.0000000,0.0000000,0.00,0.0000,0.0000,0.0000,0.0,0.00,0.0,0.00,0.000,0.000,IDLE
2026-08-20T00:35:57.994527,0.0000000,0.0000000,0.00,0.0000,0.0000,0.0000,0.0,0.00,0.0,0.00,0.000,0.000,IDLE
2026-08-20T00:35:58.994697,0.0000000,0.0000000,0.00,0.0000,0.0000,0.0000,0.0,0.00,0.0,0.00,0.000,0.000,IDLE
2026-08-20T00:35:59.994601,0.0000000,0.0000000,0.00,0.0000,0.0000,0.0000,0.0,0.00,0.0,0.00,0.000,0.000,IDLE
2026-08-20T00:36:00.994890,0.0000000,0.0000000,0.00,0.0000,0.0000,0.0000,0.0,0.00,0.0,0.00,0.000,0.000,IDLE
2026-08-20T00:36:01.994573,0.0000000,0.0000000,0.00,0.0000,0.0000,0.0000,0.0,0.00,0.0,0.00,0.000,0.000,IDLE
2026-08-20T00:36:02.994552,0.0000000,0.0000000,0.00,0.0000,0.0000,0.0000,0.0,0.00,0.0,0.00,0.000,0.000,IDLE
2026-08-20T00:36:03.994696,0.0000000,0.0000000,0.00,0.0000,0.0000,0.0000,0.0,0.00,0.0,0.00,0.000,0.000,IDLE
2026-08-20T00:36:04.994514,0.0000000,0.0000000,0.00,0.0000,0.0000,0.0000,0.0,0.00,0.0,0.00,0.000,0.000,IDLE
2026-08-20T00:36:05.994664,0.0000000,0.0000000,0.00,0.0000,0.0000,0.0000,0.0,0.00,0.0,0.00,0.000,0.000,IDLE
2026-08-20T00:36:06.994495,0.0000000,0.0000000,0.00,0.0000,0.0000,0.0000,0.0,0.00,0.0,0.00,0.000,0.000,IDLE
2026-08-20T00:36:07.994638,0.0000000,0.0000000,0.00,0.0000,0.0000,0.0000,0.0,0.00,0.0,0.00,0.000,0.000,IDLE
2026-08-20T00:36:08.994537,0.0000000,0.0000000,0.00,0.0000,0.0000,0.0000,0.0,0.00,0.0,0.00,0.000,0.000,IDLE
2026-08-20T00:36:09.994560,0.0000000,0.0000000,0.00,0.0000,0.0000,0.0000,0.0,0.00,0.0,0.00,0.000,0.000,IDLE
2026-08-20T00:36:10.994517,0.0000000,0.0000000,0.00,0.0000,0.0000,0.0000,0.0,0.00,0.0,0.00,0.000,0.000,IDLE
2026-08-20T00:36:11.994616,0.0000000,0.0000000,0.00,0.0000,0.0000,0.0000,0.0,0.00,0.0,0.00,0.000,0.000,IDLE
2026-08-20T00:36:12.994538,0.0000000,0.0000000,0.00,0.0000,0.0000,0.0000,0.0,0.00,0.0,0.00,0.000,0.000,IDLE
2026-08-20T00:36:13.994545,0.0000000,0.0000000,0.00,0.0000,0.0000,0.0000,0.0,0.00,0.0,0.00,0.000,0.000,IDLE
2026-08-20T00:36:14.994526,0.0000000,0.0000000,0.00,0.0000,0.0000,0.0000,0.0,0.00,0.0,0.00,0.000,0.000,IDLE
2026-08-20T00:36:15.994684,0.0000000,0.0000000,0.00,0.0000,0.0000,0.0000,0.0,0.00,0.0,0.00,0.000,0.000,IDLE
2026-08-20T00:36:16.994887,0.0000000,0.0000000,0.00,0.0000,0.0000,0.0000,0.0,0.00,0.0,0.00,0.000,0.000,IDLE
2026-08-20T00:36:17.994562,0.0000000,0.0000000,0.00,0.0000,0.0000,0.0000,0.0,0.00,0.0,0.00,0.000,0.000,IDLE
2026-08-20T00:36:18.994518,0.0000000,0.0000000,0.00,0.0000,0.0000,0.0000,0.0,0.00,0.0,0.00,0.000,0.000,IDLE
2026-08-20T00:36:19.994651,0.0000000,0.0000000,0.00,0.0000,0.0000,0.0000,0.0,0.00,0.0,0.00,0.000,0.000,IDLE
2026-08-20T00:36:20.994603,0.0000000,0.0000000,0.00,0.0000,0.0000,0.0000,0.0,0.00,0.0,0.00,0.000,0.000,IDLE
2026-08-20T00:36:21.994510,0.0000000,0.0000000,0.00,0.0000,0.0000,0.0000,0.0,0.00,0.0,0.00,0.000,0.000,IDLE
2026-08-20T00:36:22.994731,0.0000000,0.0000000,0.00,0.0000,0.0000,0.0000,0.0,0.00,0.0,0.00,0.000,0.000,IDLE
2026-08-20T00:36:23.994810,0.0000000,0.0000000,0.00,0.0000,0.0000,0.0000,0.0,0.00,0.0,0.00,0.000,0.000,IDLE
2026-08-20T00:36:24.994528,0.0000000,0.0000000,0.00,0.0000,0.0000,0.0000,0.0,0.00,0.0,0.00,0.000,0.000,IDLE
2026-08-20T00:36:25.994659,0.0000000,0.0000000,0.00,0.0000,0.0000,0.0000,0.0,0.00,0.0,0.00,0.000,0.000,IDLE
2026-08-20T00:36:26.994676,0.0000000,0.0000000,0.00,0.0000,0.0000,0.0000,0.0,0.00,0.0,0.00,0.000,0.000,IDLE
2026-08-20T00:36:27.994538,0.0000000,0.0000000,0.00,0.0000,0.0000,0.0000,0.0,0.00,0.0,0.00,0.000,0.000,IDLE
2026-08-20T00:36:28.994682,0.0000000,0.0000000,0.00,0.0000,0.0000,0.0000,0.0,0.00,0.0,0.00,0.000,0.000,IDLE
2026-08-20T00:36:29.994676,0.0000000,0.0000000,0.00,0.0000,0.0000,0.0000,0.0,0.00,0.0,0.00,0.000,0.000,IDLE
2026-08-20T00:36:30.994611,0.0000000,0.0000000,0.00,0.0000,0.0000,0.0000,0.0,0.00,0.0,0.00,0.000,0.000,IDLE
2026-08-20T00:36:31.994684,0.0000000,0.0000000,0.00,0.0000,0.0000,0.0000,0.0,0.00,0.0,0.00,0.000,0.000,IDLE
2026-08-20T00:36:32.994618,0.0000000,0.0000000,0.00,0.0000,0.0000,0.0000,0.0,0.00,0.0,0.00,0.000,0.000,IDLE
2026-08-20T00:36:33.994538,0.0000000,0.0000000,0.00,0.0000,0.0000,0.0000,0.0,0.00,0.0,0.00,0.000,0.000,IDLE
2026-08-20T00:36:34.994485,0.0000000,0.0000000,0.00,0.0000,0.0000,0.0000,0.0,0.00,0.0,0.00,0.000,0.000,IDLE
2026-08-20T00:36:35.994636,0.0000000,0.0000000,0.00,0.0000,0.0000,0.0000,0.0,0.00,0.0,0.00,0.000,0.000,IDLE
2026-08-20T00:36:36.994664,0.0000000,0.0000000,0.00,0.0000,0.0000,0.0000,0.0,0.00,0.0,0.00,0.000,0.000,IDLE
2026-08-20T00:36:37.994679,0.0000000,0.0000000,0.00,0.0000,0.0000,0.0000,0.0,0.00,0.0,0.00,0.000,0.000,IDLE
2026-08-20T00:36:38.994510,0.0000000,0.0000000,0.00,0.0000,0.0000,0.0000,0.0,0.00,0.0,0.00,0.000,0.000,IDLE
2026-08-20T00:36:39.994624,0.0000000,0.0000000,0.00,0.0000,0.0000,0.0000,0.0,0.00,0.0,0.00,0.000,0.000,IDLE
2026-08-20T00:36:40.994494,0.0000000,0.0000000,0.00,0.0000,0.0000,0.0000,0.0,0.00,0.0,0.00,0.000,0.000,IDLE
2026-08-20T00:36:41.994629,0.0000000,0.0000000,0.00,0.0000,0.0000,0.0000,0.0,0.00,0.0,0.00,0.000,0.000,IDLE
2026-08-20T00:36:42.995105,0.0000000,0.0000000,0.00,0.0000,0.0000,0.0000,0.0,0.00,0.0,0.00,0.000,0.000,IDLE
2026-08-20T00:36:43.994662,0.0000000,0.0000000,0.00,0.0000,0.0000,0.0000,0.0,0.00,0.0,0.00,0.000,0.000,IDLE
2026-08-20T00:36:44.994675,0.0000000,0.0000000,0.00,0.0000,0.0000,0.0000,0.0,0.00,0.0,0.00,0.000,0.000,IDLE
2026-08-20T00:36:45.994691,0.0000000,0.0000000,0.00,0.0000,0.0000,0.0000,0.0,0.00,0.0,0.00,0.000,0.000,IDLE
2026-08-20T00:36:46.994485,0.0000000,0.0000000,0.00,0.0000,0.0000,0.0000,0.0,0.00,0.0,0.00,0.000,0.000,IDLE
2026-08-20T00:36:47.994719,0.0000000,0.0000000,0.00,0.0000,0.0000,0.0000,0.0,0.00,0.0,0.00,0.000,0.000,IDLE
2026-08-20T00:36:48.994783,0.0000000,0.0000000,0.00,0.0000,0.0000,0.0000,0.0,0.00,0.0,0.00,0.000,0.000,IDLE
2026-08-20T00:36:49.994707,0.0000000,0.0000000,0.00,0.0000,0.0000,0.0000,0.0,0.00,0.0,0.00,0.000,0.000,IDLE
2026-08-20T00:36:50.994509,0.0000000,0.0000000,0.00,0.0000,0.0000,0.0000,0.0,0.00,0.0,0.00,0.000,0.000,IDLE
2026-08-20T00:36:51.994489,0.0000000,0.0000000,0.00,0.0000,0.0000,0.0000,0.0,0.00,0.0,0.00,0.000,0.000,IDLE
2026-08-20T00:36:52.994705,0.0000000,0.0000000,0.00,0.0000,0.0000,0.0000,0.0,0.00,0.0,0.00,0.000,0.000,IDLE
2026-08-20T00:36:53.994678,0.0000000,0.0000000,0.00,0.0000,0.0000,0.0000,0.0,0.00,0.0,0.00,0.000,0.000,IDLE
2026-08-20T00:36:54.994676,0.0000000,0.0000000,0.00,0.0000,0.0000,0.0000,0.0,0.00,0.0,0.00,0.000,0.000,IDLE
2026-08-20T00:36:55.994533,0.0000000,0.0000000,0.00,0.0000,0.0000,0.0000,0.0,0.00,0.0,0.00,0.000,0.000,IDLE
2026-08-20T00:36:56.994699,0.0000000,0.0000000,0.00,0.0000,0.0000,0.0000,0.0,0.00,0.0,0.00,0.000,0.000,IDLE
2026-08-20T00:36:57.994538,0.0000000,0.0000000,0.00,0.0000,0.0000,0.0000,0.0,0.00,0.0,0.00,0.000,0.000,IDLE
2026-08-20T00:36:58.994670,0.0000000,0.0000000,0.00,0.0000,0.0000,0.0000,0.0,0.00,0.0,0.00,0.000,0.000,IDLE
2026-08-20T00:36:59.994537,0.0000000,0.0000000,0.00,0.0000,0.0000,0.0000,0.0,0.00,0.0,0.00,0.000,0.000,IDLE
2026-08-20T00:37:00.994550,0.0000000,0.0000000,0.00,0.0000,0.0000,0.0000,0.0,0.00,0.0,0.00,0.000,0.000,IDLE
2026-08-20T00:37:01.994523,0.0000000,0.0000000,0.00,0.0000,0.0000,0.0000,0.0,0.00,0.0,0.00,0.000,0.000,IDLE
2026-08-20T00:37:02.994935,0.0000000,0.0000000,0.00,0.0000,0.0000,0.0000,0.0,0.00,0.0,0.00,0.000,0.000,IDLE
2026-08-20T00:37:03.994520,0.0000000,0.0000000,0.00,0.0000,0.0000,0.0000,0.0,0.00,0.0,0.00,0.000,0.000,IDLE
2026-08-20T00:37:04.994604,0.0000000,0.0000000,0.00,0.0000,0.0000,0.0000,0.0,0.00,0.0,0.00,0.000,0.000,IDLE
2026-08-20T00:37:05.994533,0.0000000,0.0000000,0.00,0.0000,0.0000,0.0000,0.0,0.00,0.0,0.00,0.000,0.000,IDLE
2026-08-20T00:37:06.994546,0.0000000,0.0000000,0.00,0.0000,0.0000,0.0000,0.0,0.00,0.0,0.00,0.000,0.000,IDLE
2026-08-20T00:37:07.994660,0.0000000,0.0000000,0.00,0.0000,0.0000,0.0000,0.0,0.00,0.0,0.00,0.000,0.000,IDLE
2026-08-20T00:37:08.994574,0.0000000,0.0000000,0.00,0.0000,0.0000,0.0000,0.0,0.00,0.0,0.00,0.000,0.000,IDLE
2026-08-20T00:37:09.994524,0.0000000,0.0000000,0.00,0.0000,0.0000,0.0000,0.0,0.00,0.0,0.00,0.000,0.000,IDLE
2026-08-20T00:37:10.994535,0.0000000,0.0000000,0.00,0.0000,0.0000,0.0000,0.0,0.00,0.0,0.00,0.000,0.000,IDLE
2026-08-20T00:37:11.994613,0.0000000,0.0000000,0.00,0.0000,0.0000,0.0000,0.0,0.00,0.0,0.00,0.000,0.000,IDLE
2026-08-20T00:37:12.994687,0.0000000,0.0000000,0.00,0.0000,0.0000,0.0000,0.0,0.00,0.0,0.00,0.000,0.000,IDLE
2026-08-20T00:37:13.994674,0.0000000,0.0000000,0.00,0.0000,0.0000,0.0000,0.0,0.00,0.0,0.00,0.000,0.000,IDLE
2026-08-20T00:37:14.994555,0.0000000,0.0000000,0.00,0.0000,0.0000,0.0000,0.0,0.00,0.0,0.00,0.000,0.000,IDLE
2026-08-20T00:37:15.994639,0.0000000,0.0000000,0.00,0.0000,0.0000,0.0000,0.0,0.00,0.0,0.00,0.000,0.000,IDLE
2026-08-20T00:37:16.994537,0.0000000,0.0000000,0.00,0.0000,0.0000,0.0000,0.0,0.00,0.0,0.00,0.000,0.000,IDLE
2026-08-20T00:37:17.994526,0.0000000,0.0000000,0.00,0.0000,0.0000,0.0000,0.0,0.00,0.0,0.00,0.000,0.000,IDLE
2026-08-20T00:37:18.994499,0.0000000,0.0000000,0.00,0.0000,0.0000,0.0000,0.0,0.00,0.0,0.00,0.000,0.000,IDLE
2026-08-20T00:37:19.994622,0.0000000,0.0000000,0.00,0.0000,0.0000,0.0000,0.0,0.00,0.0,0.00,0.000,0.000,IDLE
2026-08-20T00:37:20.994508,0.0000000,0.0000000,0.00,0.0000,0.0000,0.0000,0.0,0.00,0.0,0.00,0.000,0.000,IDLE
2026-08-20T00:37:21.994631,0.0000000,0.0000000,0.00,0.0000,0.0000,0.0000,0.0,0.00,0.0,0.00,0.000,0.000,IDLE
2026-08-20T00:37:22.994750,0.0000000,0.0000000,0.00,0.0000,0.0000,0.0000,0.0,0.00,0.0,0.00,0.000,0.000,IDLE
2026-08-20T00:37:23.994681,0.0000000,0.0000000,0.00,0.0000,0.0000,0.0000,0.0,0.00,0.0,0.00,0.000,0.000,IDLE
2026-08-20T00:37:24.994514,0.0000000,0.0000000,0.00,0.0000,0.0000,0.0000,0.0,0.00,0.0,0.00,0.000,0.000,IDLE
2026-08-20T00:37:25.994894,0.0000000,0.0000000,0.00,0.0000,0.0000,0.0000,0.0,0.00,0.0,0.00,0.000,0.000,IDLE
2026-08-20T00:37:26.994691,0.0000000,0.0000000,0.00,0.0000,0.0000,0.0000,0.0,0.00,0.0,0.00,0.000,0.000,IDLE
2026-08-20T00:37:27.994619,0.0000000,0.0000000,0.00,0.0000,0.0000,0.0000,0.0,0.00,0.0,0.00,0.000,0.000,IDLE
2026-08-20T00:37:28.994909,0.0000000,0.0000000,0.00,0.0000,0.0000,0.0000,0.0,0.00,0.0,0.00,0.000,0.000,IDLE
2026-08-20T00:37:29.994696,0.0000000,0.0000000,0.00,0.0000,0.0000,0.0000,0.0,0.00,0.0,0.00,0.000,0.000,IDLE
2026-08-20T00:37:30.994580,0.0000000,0.0000000,0.00,0.0000,0.0000,0.0000,0.0,0.00,0.0,0.00,0.000,0.000,IDLE
2026-08-20T00:37:31.994511,0.0000000,0.0000000,0.00,0.0000,0.0000,0.0000,0.0,0.00,0.0,0.00,0.000,0.000,IDLE
2026-08-20T00:37:32.994896,0.0000000,0.0000000,0.00,0.0000,0.0000,0.0000,0.0,0.00,0.0,0.00,0.000,0.000,IDLE
2026-08-20T00:37:33.994732,0.0000000,0.0000000,0.00,0.0000,0.0000,0.0000,0.0,0.00,0.0,0.00,0.000,0.000,IDLE
2026-08-20T00:37:34.994522,0.0000000,0.0000000,0.00,0.0000,0.0000,0.0000,0.0,0.00,0.0,0.00,0.000,0.000,IDLE
2026-08-20T00:37:35.994552,0.0000000,0.0000000,0.00,0.0000,0.0000,0.0000,0.0,0.00,0.0,0.00,0.000,0.000,IDLE
2026-08-20T00:37:36.994493,0.0000000,0.0000000,0.00,0.0000,0.0000,0.0000,0.0,0.00,0.0,0.00,0.000,0.000,IDLE
2026-08-20T00:37:37.994614,0.0000000,0.0000000,0.00,0.0000,0.0000,0.0000,0.0,0.00,0.0,0.00,0.000,0.000,IDLE
2026-08-20T00:37:38.994638,0.0000000,0.0000000,0.00,0.0000,0.0000,0.0000,0.0,0.00,0.0,0.00,0.000,0.000,IDLE
2026-08-20T00:37:39.994551,0.0000000,0.0000000,0.00,0.0000,0.0000,0.0000,0.0,0.00,0.0,0.00,0.000,0.000,IDLE
2026-08-20T00:37:40.994708,0.0000000,0.0000000,0.00,0.0000,0.0000,0.0000,0.0,0.00,0.0,0.00,0.000,0.000,IDLE
2026-08-20T00:37:41.994897,0.0000000,0.0000000,0.00,0.0000,0.0000,0.0000,0.0,0.00,0.0,0.00,0.000,0.000,IDLE
2026-08-20T00:37:42.994868,0.0000000,0.0000000,0.00,0.0000,0.0000,0.0000,0.0,0.00,0.0,0.00,0.000,0.000,IDLE
2026-08-20T00:37:43.994623,0.0000000,0.0000000,0.00,0.0000,0.0000,0.0000,0.0,0.00,0.0,0.00,0.000,0.000,IDLE
2026-08-20T00:37:44.994720,0.0000000,0.0000000,0.00,0.0000,0.0000,0.0000,0.0,0.00,0.0,0.00,0.000,0.000,IDLE
2026-08-20T00:37:45.994691,0.0000000,0.0000000,0.00,0.0000,0.0000,0.0000,0.0,0.00,0.0,0.00,0.000,0.000,IDLE
2026-08-20T00:37:46.994679,0.0000000,0.0000000,0.00,0.0000,0.0000,0.0000,0.0,0.00,0.0,0.00,0.000,0.000,IDLE
2026-08-20T00:37:47.994673,0.0000000,0.0000000,0.00,0.0000,0.0000,0.0000,0.0,0.00,0.0,0.00,0.000,0.000,IDLE
2026-08-20T00:37:48.994761,0.0000000,0.0000000,0.00,0.0000,0.0000,0.0000,0.0,0.00,0.0,0.00,0.000,0.000,IDLE
2026-08-20T00:37:49.994659,0.0000000,0.0000000,0.00,0.0000,0.0000,0.0000,0.0,0.00,0.0,0.00,0.000,0.000,IDLE
2026-08-20T00:37:50.994576,0.0000000,0.0000000,0.00,0.0000,0.0000,0.0000,0.0,0.00,0.0,0.00,0.000,0.000,IDLE
2026-08-20T00:37:51.994663,0.0000000,0.0000000,0.00,0.0000,0.0000,0.0000,0.0,0.00,0.0,0.00,0.000,0.000,IDLE
2026-08-20T00:37:52.994640,0.0000000,0.0000000,0.00,0.0000,0.0000,0.0000,0.0,0.00,0.0,0.00,0.000,0.000,IDLE
2026-08-20T00:37:53.994680,0.0000000,0.0000000,0.00,0.0000,0.0000,0.0000,0.0,0.00,0.0,0.00,0.000,0.000,IDLE
2026-08-20T00:37:54.994548,0.0000000,0.0000000,0.00,0.0000,0.0000,0.0000,0.0,0.00,0.0,0.00,0.000,0.000,IDLE
2026-08-20T00:37:55.994607,0.0000000,0.0000000,0.00,0.0000,0.0000,0.0000,0.0,0.00,0.0,0.00,0.000,0.000,IDLE
2026-08-20T00:37:56.994520,0.0000000,0.0000000,0.00,0.0000,0.0000,0.0000,0.0,0.00,0.0,0.00,0.000,0.000,IDLE
2026-08-20T00:37:57.994637,0.0000000,0.0000000,0.00,0.0000,0.0000,0.0000,0.0,0.00,0.0,0.00,0.000,0.000,IDLE
2026-08-20T00:37:58.994739,0.0000000,0.0000000,0.00,0.0000,0.0000,0.0000,0.0,0.00,0.0,0.00,0.000,0.000,IDLE
2026-08-20T00:37:59.994741,0.0000000,0.0000000,0.00,0.0000,0.0000,0.0000,0.0,0.00,0.0,0.00,0.000,0.000,IDLE
2026-08-20T00:38:00.994537,0.0000000,0.0000000,0.00,0.0000,0.0000,0.0000,0.0,0.00,0.0,0.00,0.000,0.000,IDLE
2026-08-20T00:38:01.994720,0.0000000,0.0000000,0.00,0.0000,0.0000,0.0000,0.0,0.00,0.0,0.00,0.000,0.000,IDLE
2026-08-20T00:38:02.994557,0.0000000,0.0000000,0.00,0.0000,0.0000,0.0000,0.0,0.00,0.0,0.00,0.000,0.000,IDLE
2026-08-20T00:38:03.994508,0.0000000,0.0000000,0.00,0.0000,0.0000,0.0000,0.0,0.00,0.0,0.00,0.000,0.000,IDLE
2026-08-20T00:38:04.994645,0.0000000,0.0000000,0.00,0.0000,0.0000,0.0000,0.0,0.00,0.0,0.00,0.000,0.000,IDLE
2026-08-20T00:38:05.994582,0.0000000,0.0000000,0.00,0.0000,0.0000,0.0000,0.0,0.00,0.0,0.00,0.000,0.000,IDLE
2026-08-20T00:38:06.994624,0.0000000,0.0000000,0.00,0.0000,0.0000,0.0000,0.0,0.00,0.0,0.00,0.000,0.000,IDLE
2026-08-20T00:38:07.994702,0.0000000,0.0000000,0.00,0.0000,0.0000,0.0000,0.0,0.00,0.0,0.00,0.000,0.000,IDLE
2026-08-20T00:38:08.994664,0.0000000,0.0000000,0.00,0.0000,0.0000,0.0000,0.0,0.00,0.0,0.00,0.000,0.000,IDLE
2026-08-20T00:38:09.994638,0.0000000,0.0000000,0.00,0.0000,0.0000,0.0000,0.0,0.00,0.0,0.00,0.000,0.000,IDLE
2026-08-20T00:38:10.994662,0.0000000,0.0000000,0.00,0.0000,0.0000,0.0000,0.0,0.00,0.0,0.00,0.000,0.000,IDLE
2026-08-20T00:38:11.994535,0.0000000,0.0000000,0.00,0.0000,0.0000,0.0000,0.0,0.00,0.0,0.00,0.000,0.000,IDLE
2026-08-20T00:38:12.994676,0.0000000,0.0000000,0.00,0.0000,0.0000,0.0000,0.0,0.00,0.0,0.00,0.000,0.000,IDLE
2026-08-20T00:38:13.994638,0.0000000,0.0000000,0.00,0.0000,0.0000,0.0000,0.0,0.00,0.0,0.00,0.000,0.000,IDLE
2026-08-20T00:38:14.994683,0.0000000,0.0000000,0.00,0.0000,0.0000,0.0000,0.0,0.00,0.0,0.00,0.000,0.000,IDLE
2026-08-20T00:38:15.994587,0.0000000,0.0000000,0.00,0.0000,0.0000,0.0000,0.0,0.00,0.0,0.00,0.000,0.000,IDLE
2026-08-20T00:38:16.994541,0.0000000,0.0000000,0.00,0.0000,0.0000,0.0000,0.0,0.00,0.0,0.00,0.000,0.000,IDLE
2026-08-20T00:38:17.994553,0.0000000,0.0000000,0.00,0.0000,0.0000,0.0000,0.0,0.00,0.0,0.00,0.000,0.000,IDLE
2026-08-20T00:38:18.994545,0.0000000,0.0000000,0.00,0.0000,0.0000,0.0000,0.0,0.00,0.0,0.00,0.000,0.000,IDLE
2026-08-20T00:38:19.994529,0.0000000,0.0000000,0.00,0.0000,0.0000,0.0000,0.0,0.00,0.0,0.00,0.000,0.000,IDLE
2026-08-20T00:38:20.994671,0.0000000,0.0000000,0.00,0.0000,0.0000,0.0000,0.0,0.00,0.0,0.00,0.000,0.000,IDLE
2026-08-20T00:38:21.994609,0.0000000,0.0000000,0.00,0.0000,0.0000,0.0000,0.0,0.00,0.0,0.00,0.000,0.000,IDLE
2026-08-20T00:38:22.994494,0.0000000,0.0000000,0.00,0.0000,0.0000,0.0000,0.0,0.00,0.0,0.00,0.000,0.000,IDLE
2026-08-20T00:38:23.994533,0.0000000,0.0000000,0.00,0.0000,0.0000,0.0000,0.0,0.00,0.0,0.00,0.000,0.000,IDLE
2026-08-20T00:38:24.994633,0.0000000,0.0000000,0.00,0.0000,0.0000,0.0000,0.0,0.00,0.0,0.00,0.000,0.000,IDLE
2026-08-20T00:38:25.994640,0.0000000,0.0000000,0.00,0.0000,0.0000,0.0000,0.0,0.00,0.0,0.00,0.000,0.000,IDLE
2026-08-20T00:38:26.994626,0.0000000,0.0000000,0.00,0.0000,0.0000,0.0000,0.0,0.00,0.0,0.00,0.000,0.000,IDLE
2026-08-20T00:38:27.994632,0.0000000,0.0000000,0.00,0.0000,0.0000,0.0000,0.0,0.00,0.0,0.00,0.000,0.000,IDLE
2026-08-20T00:38:28.994531,0.0000000,0.0000000,0.00,0.0000,0.0000,0.0000,0.0,0.00,0.0,0.00,0.000,0.000,IDLE
2026-08-20T00:38:29.994638,0.0000000,0.0000000,0.00,0.0000,0.0000,0.0000,0.0,0.00,0.0,0.00,0.000,0.000,IDLE
2026-08-20T00:38:30.994623,0.0000000,0.0000000,0.00,0.0000,0.0000,0.0000,0.0,0.00,0.0,0.00,0.000,0.000,IDLE
2026-08-20T00:38:31.994682,0.0000000,0.0000000,0.00,0.0000,0.0000,0.0000,0.0,0.00,0.0,0.00,0.000,0.000,IDLE
2026-08-20T00:38:32.994777,0.0000000,0.0000000,0.00,0.0000,0.0000,0.0000,0.0,0.00,0.0,0.00,0.000,0.000,IDLE
2026-08-20T00:38:33.994667,0.0000000,0.0000000,0.00,0.0000,0.0000,0.0000,0.0,0.00,0.0,0.00,0.000,0.000,IDLE
2026-08-20T00:38:34.994518,0.0000000,0.0000000,0.00,0.0000,0.0000,0.0000,0.0,0.00,0.0,0.00,0.000,0.000,IDLE
2026-08-20T00:38:35.994590,0.0000000,0.0000000,0.00,0.0000,0.0000,0.0000,0.0,0.00,0.0,0.00,0.000,0.000,IDLE
2026-08-20T00:38:36.994680,0.0000000,0.0000000,0.00,0.0000,0.0000,0.0000,0.0,0.00,0.0,0.00,0.000,0.000,IDLE
2026-08-20T00:38:37.994606,0.0000000,0.0000000,0.00,0.0000,0.0000,0.0000,0.0,0.00,0.0,0.00,0.000,0.000,IDLE
2026-08-20T00:38:38.994558,0.0000000,0.0000000,0.00,0.0000,0.0000,0.0000,0.0,0.00,0.0,0.00,0.000,0.000,IDLE
2026-08-20T00:38:39.994522,0.0000000,0.0000000,0.00,0.0000,0.0000,0.0000,0.0,0.00,0.0,0.00,0.000,0.000,IDLE
2026-08-20T00:38:40.994608,0.0000000,0.0000000,0.00,0.0000,0.0000,0.0000,0.0,0.00,0.0,0.00,0.000,0.000,IDLE
2026-08-20T00:38:41.994490,0.0000000,0.0000000,0.00,0.0000,0.0000,0.0000,0.0,0.00,0.0,0.00,0.000,0.000,IDLE
2026-08-20T00:38:42.994511,0.0000000,0.0000000,0.00,0.0000,0.0000,0.0000,0.0,0.00,0.0,0.00,0.000,0.000,IDLE
2026-08-20T00:38:43.994520,0.0000000,0.0000000,0.00,0.0000,0.0000,0.0000,0.0,0.00,0.0,0.00,0.000,0.000,IDLE
2026-08-20T00:38:44.994650,0.0000000,0.0000000,0.00,0.0000,0.0000,0.0000,0.0,0.00,0.0,0.00,0.000,0.000,IDLE
2026-08-20T00:38:45.994472,0.0000000,0.0000000,0.00,0.0000,0.0000,0.0000,0.0,0.00,0.0,0.00,0.000,0.000,IDLE
2026-08-20T00:38:46.994643,0.0000000,0.0000000,0.00,0.0000,0.0000,0.0000,0.0,0.00,0.0,0.00,0.000,0.000,IDLE
2026-08-20T00:38:47.994547,0.0000000,0.0000000,0.00,0.0000,0.0000,0.0000,0.0,0.00,0.0,0.00,0.000,0.000,IDLE
2026-08-20T00:38:48.994770,0.0000000,0.0000000,0.00,0.0000,0.0000,0.0000,0.0,0.00,0.0,0.00,0.000,0.000,IDLE
2026-08-20T00:38:49.994698,0.0000000,0.0000000,0.00,0.0000,0.0000,0.0000,0.0,0.00,0.0,0.00,0.000,0.000,IDLE
2026-08-20T00:38:50.994608,0.0000000,0.0000000,0.00,0.0000,0.0000,0.0000,0.0,0.00,0.0,0.00,0.000,0.000,IDLE
2026-08-20T00:38:51.994552,0.0000000,0.0000000,0.00,0.0000,0.0000,0.0000,0.0,0.00,0.0,0.00,0.000,0.000,IDLE
2026-08-20T00:38:52.994652,0.0000000,0.0000000,0.00,0.0000,0.0000,0.0000,0.0,0.00,0.0,0.00,0.000,0.000,IDLE
2026-08-20T00:38:53.994704,0.0000000,0.0000000,0.00,0.0000,0.0000,0.0000,0.0,0.00,0.0,0.00,0.000,0.000,IDLE
2026-08-20T00:38:54.994492,0.0000000,0.0000000,0.00,0.0000,0.0000,0.0000,0.0,0.00,0.0,0.00,0.000,0.000,IDLE
2026-08-20T00:38:55.994568,0.0000000,0.0000000,0.00,0.0000,0.0000,0.0000,0.0,0.00,0.0,0.00,0.000,0.000,IDLE
2026-08-20T00:38:56.994471,0.0000000,0.0000000,0.00,0.0000,0.0000,0.0000,0.0,0.00,0.0,0.00,0.000,0.000,IDLE
2026-08-20T00:38:57.994580,0.0000000,0.0000000,0.00,0.0000,0.0000,0.0000,0.0,0.00,0.0,0.00,0.000,0.000,IDLE
2026-08-20T00:38:58.994470,0.0000000,0.0000000,0.00,0.0000,0.0000,0.0000,0.0,0.00,0.0,0.00,0.000,0.000,IDLE
2026-08-20T00:38:59.994513,0.0000000,0.0000000,0.00,0.0000,0.0000,0.0000,0.0,0.00,0.0,0.00,0.000,0.000,IDLE
2026-08-20T00:39:00.994650,0.0000000,0.0000000,0.00,0.0000,0.0000,0.0000,0.0,0.00,0.0,0.00,0.000,0.000,IDLE
2026-08-20T00:39:01.994638,0.0000000,0.0000000,0.00,0.0000,0.0000,0.0000,0.0,0.00,0.0,0.00,0.000,0.000,IDLE
2026-08-20T00:39:02.994688,0.0000000,0.0000000,0.00,0.0000,0.0000,0.0000,0.0,0.00,0.0,0.00,0.000,0.000,IDLE
2026-08-20T00:39:03.994651,0.0000000,0.0000000,0.00,0.0000,0.0000,0.0000,0.0,0.00,0.0,0.00,0.000,0.000,IDLE
2026-08-20T00:39:04.994643,0.0000000,0.0000000,0.00,0.0000,0.0000,0.0000,0.0,0.00,0.0,0.00,0.000,0.000,IDLE
2026-08-20T00:39:05.994678,0.0000000,0.0000000,0.00,0.0000,0.0000,0.0000,0.0,0.00,0.0,0.00,0.000,0.000,IDLE
2026-08-20T00:39:06.994506,0.0000000,0.0000000,0.00,0.0000,0.0000,0.0000,0.0,0.00,0.0,0.00,0.000,0.000,IDLE
2026-08-20T00:39:07.994505,0.0000000,0.0000000,0.00,0.0000,0.0000,0.0000,0.0,0.00,0.0,0.00,0.000,0.000,IDLE
2026-08-20T00:39:08.994661,0.0000000,0.0000000,0.00,0.0000,0.0000,0.0000,0.0,0.00,0.0,0.00,0.000,0.000,IDLE
2026-08-20T00:39:09.994694,0.0000000,0.0000000,0.00,0.0000,0.0000,0.0000,0.0,0.00,0.0,0.00,0.000,0.000,IDLE
2026-08-20T00:39:10.994542,0.0000000,0.0000000,0.00,0.0000,0.0000,0.0000,0.0,0.00,0.0,0.00,0.000,0.000,IDLE
2026-08-20T00:39:11.994528,0.0000000,0.0000000,0.00,0.0000,0.0000,0.0000,0.0,0.00,0.0,0.00,0.000,0.000,IDLE
2026-08-20T00:39:12.994643,0.0000000,0.0000000,0.00,0.0000,0.0000,0.0000,0.0,0.00,0.0,0.00,0.000,0.000,IDLE
2026-08-20T00:39:13.994487,0.0000000,0.0000000,0.00,0.0000,0.0000,0.0000,0.0,0.00,0.0,0.00,0.000,0.000,IDLE
2026-08-20T00:39:14.994624,0.0000000,0.0000000,0.00,0.0000,0.0000,0.0000,0.0,0.00,0.0,0.00,0.000,0.000,IDLE
2026-08-20T00:39:15.994665,0.0000000,0.0000000,0.00,0.0000,0.0000,0.0000,0.0,0.00,0.0,0.00,0.000,0.000,IDLE
2026-08-20T00:39:16.994630,0.0000000,0.0000000,0.00,0.0000,0.0000,0.0000,0.0,0.00,0.0,0.00,0.000,0.000,IDLE
2026-08-20T00:39:17.994688,0.0000000,0.0000000,0.00,0.0000,0.0000,0.0000,0.0,0.00,0.0,0.00,0.000,0.000,IDLE
2026-08-20T00:39:18.994681,0.0000000,0.0000000,0.00,0.0000,0.0000,0.0000,0.0,0.00,0.0,0.00,0.000,0.000,IDLE
2026-08-20T00:39:19.994559,0.0000000,0.0000000,0.00,0.0000,0.0000,0.0000,0.0,0.00,0.0,0.00,0.000,0.000,IDLE
2026-08-20T00:39:20.994699,0.0000000,0.0000000,0.00,0.0000,0.0000,0.0000,0.0,0.00,0.0,0.00,0.000,0.000,IDLE
2026-08-20T00:39:21.994603,0.0000000,0.0000000,0.00,0.0000,0.0000,0.0000,0.0,0.00,0.0,0.00,0.000,0.000,IDLE
2026-08-20T00:39:22.994692,0.0000000,0.0000000,0.00,0.0000,0.0000,0.0000,0.0,0.00,0.0,0.00,0.000,0.000,IDLE
2026-08-20T00:39:23.994706,0.0000000,0.0000000,0.00,0.0000,0.0000,0.0000,0.0,0.00,0.0,0.00,0.000,0.000,IDLE
2026-08-20T00:39:24.994527,0.0000000,0.0000000,0.00,0.0000,0.0000,0.0000,0.0,0.00,0.0,0.00,0.000,0.000,IDLE
2026-08-20T00:39:25.994692,0.0000000,0.0000000,0.00,0.0000,0.0000,0.0000,0.0,0.00,0.0,0.00,0.000,0.000,IDLE
2026-08-20T00:39:26.994706,0.0000000,0.0000000,0.00,0.0000,0.0000,0.0000,0.0,0.00,0.0,0.00,0.000,0.000,IDLE
2026-08-20T00:39:27.994608,0.0000000,0.0000000,0.00,0.0000,0.0000,0.0000,0.0,0.00,0.0,0.00,0.000,0.000,IDLE
2026-08-20T00:39:28.994700,0.0000000,0.0000000,0.00,0.0000,0.0000,0.0000,0.0,0.00,0.0,0.00,0.000,0.000,IDLE
2026-08-20T00:39:29.994750,0.0000000,0.0000000,0.00,0.0000,0.0000,0.0000,0.0,0.00,0.0,0.00,0.000,0.000,IDLE
2026-08-20T00:39:30.994519,0.0000000,0.0000000,0.00,0.0000,0.0000,0.0000,0.0,0.00,0.0,0.00,0.000,0.000,IDLE
2026-08-20T00:39:31.994590,0.0000000,0.0000000,0.00,0.0000,0.0000,0.0000,0.0,0.00,0.0,0.00,0.000,0.000,IDLE
2026-08-20T00:39:32.994597,0.0000000,0.0000000,0.00,0.0000,0.0000,0.0000,0.0,0.00,0.0,0.00,0.000,0.000,IDLE
2026-08-20T00:39:33.994520,0.0000000,0.0000000,0.00,0.0000,0.0000,0.0000,0.0,0.00,0.0,0.00,0.000,0.000,IDLE
2026-08-20T00:39:34.994517,0.0000000,0.0000000,0.00,0.0000,0.0000,0.0000,0.0,0.00,0.0,0.00,0.000,0.000,IDLE
2026-08-20T00:39:35.994519,0.0000000,0.0000000,0.00,0.0000,0.0000,0.0000,0.0,0.00,0.0,0.00,0.000,0.000,IDLE
2026-08-20T00:39:36.994751,0.0000000,0.0000000,0.00,0.0000,0.0000,0.0000,0.0,0.00,0.0,0.00,0.000,0.000,IDLE
2026-08-20T00:39:37.994576,0.0000000,0.0000000,0.00,0.0000,0.0000,0.0000,0.0,0.00,0.0,0.00,0.000,0.000,IDLE
2026-08-20T00:39:38.994644,0.0000000,0.0000000,0.00,0.0000,0.0000,0.0000,0.0,0.00,0.0,0.00,0.000,0.000,IDLE
2026-08-20T00:39:39.994636,0.0000000,0.0000000,0.00,0.0000,0.0000,0.0000,0.0,0.00,0.0,0.00,0.000,0.000,IDLE
2026-08-20T00:39:40.994473,0.0000000,0.0000000,0.00,0.0000,0.0000,0.0000,0.0,0.00,0.0,0.00,0.000,0.000,IDLE
2026-08-20T00:39:41.994710,0.0000000,0.0000000,0.00,0.0000,0.0000,0.0000,0.0,0.00,0.0,0.00,0.000,0.000,IDLE
2026-08-20T00:39:42.994849,0.0000000,0.0000000,0.00,0.0000,0.0000,0.0000,0.0,0.00,0.0,0.00,0.000,0.000,IDLE
2026-08-20T00:39:43.994515,0.0000000,0.0000000,0.00,0.0000,0.0000,0.0000,0.0,0.00,0.0,0.00,0.000,0.000,IDLE
2026-08-20T00:39:44.994577,0.0000000,0.0000000,0.00,0.0000,0.0000,0.0000,0.0,0.00,0.0,0.00,0.000,0.000,IDLE
2026-08-20T00:39:45.994710,0.0000000,0.0000000,0.00,0.0000,0.0000,0.0000,0.0,0.00,0.0,0.00,0.000,0.000,IDLE
2026-08-20T00:39:46.994626,0.0000000,0.0000000,0.00,0.0000,0.0000,0.0000,0.0,0.00,0.0,0.00,0.000,0.000,IDLE
2026-08-20T00:39:47.994587,0.0000000,0.0000000,0.00,0.0000,0.0000,0.0000,0.0,0.00,0.0,0.00,0.000,0.000,IDLE
2026-08-20T00:39:48.994624,0.0000000,0.0000000,0.00,0.0000,0.0000,0.0000,0.0,0.00,0.0,0.00,0.000,0.000,IDLE
2026-08-20T00:39:49.994484,0.0000000,0.0000000,0.00,0.0000,0.0000,0.0000,0.0,0.00,0.0,0.00,0.000,0.000,IDLE
2026-08-20T00:39:50.994492,0.0000000,0.0000000,0.00,0.0000,0.0000,0.0000,0.0,0.00,0.0,0.00,0.000,0.000,IDLE
2026-08-20T00:39:51.996190,0.0000000,0.0000000,0.00,0.0000,0.0000,0.0000,0.0,0.00,0.0,0.00,0.000,0.000,IDLE
2026-08-20T00:39:52.994621,0.0000000,0.0000000,0.00,0.0000,0.0000,0.0000,0.0,0.00,0.0,0.00,0.000,0.000,IDLE
2026-08-20T00:39:53.994915,0.0000000,0.0000000,0.00,0.0000,0.0000,0.0000,0.0,0.00,0.0,0.00,0.000,0.000,IDLE
2026-08-20T00:39:54.994624,0.0000000,0.0000000,0.00,0.0000,0.0000,0.0000,0.0,0.00,0.0,0.00,0.000,0.000,IDLE
2026-08-20T00:39:55.994511,0.0000000,0.0000000,0.00,0.0000,0.0000,0.0000,0.0,0.00,0.0,0.00,0.000,0.000,IDLE
2026-08-20T00:39:56.994645,0.0000000,0.0000000,0.00,0.0000,0.0000,0.0000,0.0,0.00,0.0,0.00,0.000,0.000,IDLE
2026-08-20T00:39:57.994513,0.0000000,0.0000000,0.00,0.0000,0.0000,0.0000,0.0,0.00,0.0,0.00,0.000,0.000,IDLE
2026-08-20T00:39:58.994469,0.0000000,0.0000000,0.00,0.0000,0.0000,0.0000,0.0,0.00,0.0,0.00,0.000,0.000,IDLE
2026-08-20T00:39:59.994497,0.0000000,0.0000000,0.00,0.0000,0.0000,0.0000,0.0,0.00,0.0,0.00,0.000,0.000,IDLE
2026-08-20T00:40:00.994534,0.0000000,0.0000000,0.00,0.0000,0.0000,0.0000,0.0,0.00,0.0,0.00,0.000,0.000,IDLE
2026-08-20T00:40:01.994604,0.0000000,0.0000000,0.00,0.0000,0.0000,0.0000,0.0,0.00,0.0,0.00,0.000,0.000,IDLE
2026-08-20T00:40:02.994669,0.0000000,0.0000000,0.00,0.0000,0.0000,0.0000,0.0,0.00,0.0,0.00,0.000,0.000,IDLE
2026-08-20T00:40:03.994541,0.0000000,0.0000000,0.00,0.0000,0.0000,0.0000,0.0,0.00,0.0,0.00,0.000,0.000,IDLE
2026-08-20T00:40:04.994495,0.0000000,0.0000000,0.00,0.0000,0.0000,0.0000,0.0,0.00,0.0,0.00,0.000,0.000,IDLE
2026-08-20T00:40:05.994676,0.0000000,0.0000000,0.00,0.0000,0.0000,0.0000,0.0,0.00,0.0,0.00,0.000,0.000,IDLE
2026-08-20T00:40:06.994666,0.0000000,0.0000000,0.00,0.0000,0.0000,0.0000,0.0,0.00,0.0,0.00,0.000,0.000,IDLE
2026-08-20T00:40:07.994518,0.0000000,0.0000000,0.00,0.0000,0.0000,0.0000,0.0,0.00,0.0,0.00,0.000,0.000,IDLE
2026-08-20T00:40:08.994505,0.0000000,0.0000000,0.00,0.0000,0.0000,0.0000,0.0,0.00,0.0,0.00,0.000,0.000,IDLE
2026-08-20T00:40:09.994693,0.0000000,0.0000000,0.00,0.0000,0.0000,0.0000,0.0,0.00,0.0,0.00,0.000,0.000,IDLE
2026-08-20T00:40:10.994473,0.0000000,0.0000000,0.00,0.0000,0.0000,0.0000,0.0,0.00,0.0,0.00,0.000,0.000,IDLE
2026-08-20T00:40:11.994580,0.0000000,0.0000000,0.00,0.0000,0.0000,0.0000,0.0,0.00,0.0,0.00,0.000,0.000,IDLE
2026-08-20T00:40:12.994528,0.0000000,0.0000000,0.00,0.0000,0.0000,0.0000,0.0,0.00,0.0,0.00,0.000,0.000,IDLE
2026-08-20T00:40:13.994695,0.0000000,0.0000000,0.00,0.0000,0.0000,0.0000,0.0,0.00,0.0,0.00,0.000,0.000,IDLE
2026-08-20T00:40:14.994625,0.0000000,0.0000000,0.00,0.0000,0.0000,0.0000,0.0,0.00,0.0,0.00,0.000,0.000,IDLE
2026-08-20T00:40:15.994746,0.0000000,0.0000000,0.00,0.0000,0.0000,0.0000,0.0,0.00,0.0,0.00,0.000,0.000,IDLE
2026-08-20T00:40:16.994555,0.0000000,0.0000000,0.00,0.0000,0.0000,0.0000,0.0,0.00,0.0,0.00,0.000,0.000,IDLE
2026-08-20T00:40:17.994642,0.0000000,0.0000000,0.00,0.0000,0.0000,0.0000,0.0,0.00,0.0,0.00,0.000,0.000,IDLE
2026-08-20T00:40:18.994675,0.0000000,0.0000000,0.00,0.0000,0.0000,0.0000,0.0,0.00,0.0,0.00,0.000,0.000,IDLE
2026-08-20T00:40:19.994651,0.0000000,0.0000000,0.00,0.0000,0.0000,0.0000,0.0,0.00,0.0,0.00,0.000,0.000,IDLE
2026-08-20T00:40:20.994672,0.0000000,0.0000000,0.00,0.0000,0.0000,0.0000,0.0,0.00,0.0,0.00,0.000,0.000,IDLE
2026-08-20T00:40:21.994442,0.0000000,0.0000000,0.00,0.0000,0.0000,0.0000,0.0,0.00,0.0,0.00,0.000,0.000,IDLE
2026-08-20T00:40:22.994675,0.0000000,0.0000000,0.00,0.0000,0.0000,0.0000,0.0,0.00,0.0,0.00,0.000,0.000,IDLE
2026-08-20T00:40:23.994478,0.0000000,0.0000000,0.00,0.0000,0.0000,0.0000,0.0,0.00,0.0,0.00,0.000,0.000,IDLE
2026-08-20T00:40:24.994484,0.0000000,0.0000000,0.00,0.0000,0.0000,0.0000,0.0,0.00,0.0,0.00,0.000,0.000,IDLE
2026-08-20T00:40:25.994649,0.0000000,0.0000000,0.00,0.0000,0.0000,0.0000,0.0,0.00,0.0,0.00,0.000,0.000,IDLE
2026-08-20T00:40:26.994682,0.0000000,0.0000000,0.00,0.0000,0.0000,0.0000,0.0,0.00,0.0,0.00,0.000,0.000,IDLE
2026-08-20T00:40:27.994541,0.0000000,0.0000000,0.00,0.0000,0.0000,0.0000,0.0,0.00,0.0,0.00,0.000,0.000,IDLE
2026-08-20T00:40:28.994650,0.0000000,0.0000000,0.00,0.0000,0.0000,0.0000,0.0,0.00,0.0,0.00,0.000,0.000,IDLE
2026-08-20T00:40:29.994517,0.0000000,0.0000000,0.00,0.0000,0.0000,0.0000,0.0,0.00,0.0,0.00,0.000,0.000,IDLE
2026-08-20T00:40:30.994631,0.0000000,0.0000000,0.00,0.0000,0.0000,0.0000,0.0,0.00,0.0,0.00,0.000,0.000,IDLE
2026-08-20T00:40:31.994538,0.0000000,0.0000000,0.00,0.0000,0.0000,0.0000,0.0,0.00,0.0,0.00,0.000,0.000,IDLE
2026-08-20T00:40:32.994855,0.0000000,0.0000000,0.00,0.0000,0.0000,0.0000,0.0,0.00,0.0,0.00,0.000,0.000,IDLE
2026-08-20T00:40:33.994596,0.0000000,0.0000000,0.00,0.0000,0.0000,0.0000,0.0,0.00,0.0,0.00,0.000,0.000,IDLE
2026-08-20T00:40:34.994669,0.0000000,0.0000000,0.00,0.0000,0.0000,0.0000,0.0,0.00,0.0,0.00,0.000,0.000,IDLE
2026-08-20T00:40:35.994576,0.0000000,0.0000000,0.00,0.0000,0.0000,0.0000,0.0,0.00,0.0,0.00,0.000,0.000,IDLE
2026-08-20T00:40:36.994513,0.0000000,0.0000000,0.00,0.0000,0.0000,0.0000,0.0,0.00,0.0,0.00,0.000,0.000,IDLE
2026-08-20T00:40:37.994610,0.0000000,0.0000000,0.00,0.0000,0.0000,0.0000,0.0,0.00,0.0,0.00,0.000,0.000,IDLE
2026-08-20T00:40:38.994508,0.0000000,0.0000000,0.00,0.0000,0.0000,0.0000,0.0,0.00,0.0,0.00,0.000,0.000,IDLE
2026-08-20T00:40:39.994656,0.0000000,0.0000000,0.00,0.0000,0.0000,0.0000,0.0,0.00,0.0,0.00,0.000,0.000,IDLE
2026-08-20T00:40:40.994500,0.0000000,0.0000000,0.00,0.0000,0.0000,0.0000,0.0,0.00,0.0,0.00,0.000,0.000,IDLE
2026-08-20T00:40:41.994524,0.0000000,0.0000000,0.00,0.0000,0.0000,0.0000,0.0,0.00,0.0,0.00,0.000,0.000,IDLE
2026-08-20T00:40:42.994507,0.0000000,0.0000000,0.00,0.0000,0.0000,0.0000,0.0,0.00,0.0,0.00,0.000,0.000,IDLE
2026-08-20T00:40:43.994529,0.0000000,0.0000000,0.00,0.0000,0.0000,0.0000,0.0,0.00,0.0,0.00,0.000,0.000,IDLE
2026-08-20T00:40:44.994621,0.0000000,0.0000000,0.00,0.0000,0.0000,0.0000,0.0,0.00,0.0,0.00,0.000,0.000,IDLE
2026-08-20T00:40:45.994616,0.0000000,0.0000000,0.00,0.0000,0.0000,0.0000,0.0,0.00,0.0,0.00,0.000,0.000,IDLE
2026-08-20T00:40:46.994493,0.0000000,0.0000000,0.00,0.0000,0.0000,0.0000,0.0,0.00,0.0,0.00,0.000,0.000,IDLE
2026-08-20T00:40:47.994661,0.0000000,0.0000000,0.00,0.0000,0.0000,0.0000,0.0,0.00,0.0,0.00,0.000,0.000,IDLE
2026-08-20T00:40:48.994894,0.0000000,0.0000000,0.00,0.0000,0.0000,0.0000,0.0,0.00,0.0,0.00,0.000,0.000,IDLE
2026-08-20T00:40:49.994547,0.0000000,0.0000000,0.00,0.0000,0.0000,0.0000,0.0,0.00,0.0,0.00,0.000,0.000,IDLE
2026-08-20T00:40:50.994525,0.0000000,0.0000000,0.00,0.0000,0.0000,0.0000,0.0,0.00,0.0,0.00,0.000,0.000,IDLE
2026-08-20T00:40:51.994548,0.0000000,0.0000000,0.00,0.0000,0.0000,0.0000,0.0,0.00,0.0,0.00,0.000,0.000,IDLE
2026-08-20T00:40:52.994775,0.0000000,0.0000000,0.00,0.0000,0.0000,0.0000,0.0,0.00,0.0,0.00,0.000,0.000,IDLE
2026-08-20T00:40:53.994495,0.0000000,0.0000000,0.00,0.0000,0.0000,0.0000,0.0,0.00,0.0,0.00,0.000,0.000,IDLE
2026-08-20T00:40:54.994673,0.0000000,0.0000000,0.00,0.0000,0.0000,0.0000,0.0,0.00,0.0,0.00,0.000,0.000,IDLE
2026-08-20T00:40:55.994510,0.0000000,0.0000000,0.00,0.0000,0.0000,0.0000,0.0,0.00,0.0,0.00,0.000,0.000,IDLE
2026-08-20T00:40:56.994674,0.0000000,0.0000000,0.00,0.0000,0.0000,0.0000,0.0,0.00,0.0,0.00,0.000,0.000,IDLE
2026-08-20T00:40:57.994506,0.0000000,0.0000000,0.00,0.0000,0.0000,0.0000,0.0,0.00,0.0,0.00,0.000,0.000,IDLE
2026-08-20T00:40:58.994575,0.0000000,0.0000000,0.00,0.0000,0.0000,0.0000,0.0,0.00,0.0,0.00,0.000,0.000,IDLE
2026-08-20T00:40:59.994598,0.0000000,0.0000000,0.00,0.0000,0.0000,0.0000,0.0,0.00,0.0,0.00,0.000,0.000,IDLE
2026-08-20T00:41:00.994662,0.0000000,0.0000000,0.00,0.0000,0.0000,0.0000,0.0,0.00,0.0,0.00,0.000,0.000,IDLE
2026-08-20T00:41:01.994500,0.0000000,0.0000000,0.00,0.0000,0.0000,0.0000,0.0,0.00,0.0,0.00,0.000,0.000,IDLE
2026-08-20T00:41:02.994640,0.0000000,0.0000000,0.00,0.0000,0.0000,0.0000,0.0,0.00,0.0,0.00,0.000,0.000,IDLE
2026-08-20T00:41:03.994512,0.0000000,0.0000000,0.00,0.0000,0.0000,0.0000,0.0,0.00,0.0,0.00,0.000,0.000,IDLE
2026-08-20T00:41:04.994671,0.0000000,0.0000000,0.00,0.0000,0.0000,0.0000,0.0,0.00,0.0,0.00,0.000,0.000,IDLE
2026-08-20T00:41:05.994892,0.0000000,0.0000000,0.00,0.0000,0.0000,0.0000,0.0,0.00,0.0,0.00,0.000,0.000,IDLE
2026-08-20T00:41:06.994571,0.0000000,0.0000000,0.00,0.0000,0.0000,0.0000,0.0,0.00,0.0,0.00,0.000,0.000,IDLE
2026-08-20T00:41:07.994550,0.0000000,0.0000000,0.00,0.0000,0.0000,0.0000,0.0,0.00,0.0,0.00,0.000,0.000,IDLE
2026-08-20T00:41:08.994534,0.0000000,0.0000000,0.00,0.0000,0.0000,0.0000,0.0,0.00,0.0,0.00,0.000,0.000,IDLE
2026-08-20T00:41:09.994654,0.0000000,0.0000000,0.00,0.0000,0.0000,0.0000,0.0,0.00,0.0,0.00,0.000,0.000,IDLE
2026-08-20T00:41:10.994451,0.0000000,0.0000000,0.00,0.0000,0.0000,0.0000,0.0,0.00,0.0,0.00,0.000,0.000,IDLE
2026-08-20T00:41:11.994535,0.0000000,0.0000000,0.00,0.0000,0.0000,0.0000,0.0,0.00,0.0,0.00,0.000,0.000,IDLE
2026-08-20T00:41:12.994769,0.0000000,0.0000000,0.00,0.0000,0.0000,0.0000,0.0,0.00,0.0,0.00,0.000,0.000,IDLE
2026-08-20T00:41:13.994651,0.0000000,0.0000000,0.00,0.0000,0.0000,0.0000,0.0,0.00,0.0,0.00,0.000,0.000,IDLE
2026-08-20T00:41:14.994773,0.0000000,0.0000000,0.00,0.0000,0.0000,0.0000,0.0,0.00,0.0,0.00,0.000,0.000,IDLE
2026-08-20T00:41:15.994627,0.0000000,0.0000000,0.00,0.0000,0.0000,0.0000,0.0,0.00,0.0,0.00,0.000,0.000,IDLE
2026-08-20T00:41:16.994619,0.0000000,0.0000000,0.00,0.0000,0.0000,0.0000,0.0,0.00,0.0,0.00,0.000,0.000,IDLE
2026-08-20T00:41:17.994606,0.0000000,0.0000000,0.00,0.0000,0.0000,0.0000,0.0,0.00,0.0,0.00,0.000,0.000,IDLE
2026-08-20T00:41:18.994622,0.0000000,0.0000000,0.00,0.0000,0.0000,0.0000,0.0,0.00,0.0,0.00,0.000,0.000,IDLE
2026-08-20T00:41:19.994774,0.0000000,0.0000000,0.00,0.0000,0.0000,0.0000,0.0,0.00,0.0,0.00,0.000,0.000,IDLE
2026-08-20T00:41:20.994634,0.0000000,0.0000000,0.00,0.0000,0.0000,0.0000,0.0,0.00,0.0,0.00,0.000,0.000,IDLE
2026-08-20T00:41:21.994642,0.0000000,0.0000000,0.00,0.0000,0.0000,0.0000,0.0,0.00,0.0,0.00,0.000,0.000,IDLE
2026-08-20T00:41:22.994558,0.0000000,0.0000000,0.00,0.0000,0.0000,0.0000,0.0,0.00,0.0,0.00,0.000,0.000,IDLE
2026-08-20T00:41:23.994607,0.0000000,0.0000000,0.00,0.0000,0.0000,0.0000,0.0,0.00,0.0,0.00,0.000,0.000,IDLE
2026-08-20T00:41:24.994626,0.0000000,0.0000000,0.00,0.0000,0.0000,0.0000,0.0,0.00,0.0,0.00,0.000,0.000,IDLE
2026-08-20T00:41:25.994879,0.0000000,0.0000000,0.00,0.0000,0.0000,0.0000,0.0,0.00,0.0,0.00,0.000,0.000,IDLE
2026-08-20T00:41:26.994639,0.0000000,0.0000000,0.00,0.0000,0.0000,0.0000,0.0,0.00,0.0,0.00,0.000,0.000,IDLE
2026-08-20T00:41:27.994545,0.0000000,0.0000000,0.00,0.0000,0.0000,0.0000,0.0,0.00,0.0,0.00,0.000,0.000,IDLE
2026-08-20T00:41:28.994539,0.0000000,0.0000000,0.00,0.0000,0.0000,0.0000,0.0,0.00,0.0,0.00,0.000,0.000,IDLE
2026-08-20T00:41:29.994524,0.0000000,0.0000000,0.00,0.0000,0.0000,0.0000,0.0,0.00,0.0,0.00,0.000,0.000,IDLE
2026-08-20T00:41:30.994696,0.0000000,0.0000000,0.00,0.0000,0.0000,0.0000,0.0,0.00,0.0,0.00,0.000,0.000,IDLE
2026-08-20T00:41:31.994655,0.0000000,0.0000000,0.00,0.0000,0.0000,0.0000,0.0,0.00,0.0,0.00,0.000,0.000,IDLE
2026-08-20T00:41:32.994546,0.0000000,0.0000000,0.00,0.0000,0.0000,0.0000,0.0,0.00,0.0,0.00,0.000,0.000,IDLE
2026-08-20T00:41:33.994543,0.0000000,0.0000000,0.00,0.0000,0.0000,0.0000,0.0,0.00,0.0,0.00,0.000,0.000,IDLE
2026-08-20T00:41:34.994643,0.0000000,0.0000000,0.00,0.0000,0.0000,0.0000,0.0,0.00,0.0,0.00,0.000,0.000,IDLE
2026-08-20T00:41:35.994654,0.0000000,0.0000000,0.00,0.0000,0.0000,0.0000,0.0,0.00,0.0,0.00,0.000,0.000,IDLE
2026-08-20T00:41:36.994568,0.0000000,0.0000000,0.00,0.0000,0.0000,0.0000,0.0,0.00,0.0,0.00,0.000,0.000,IDLE
2026-08-20T00:41:37.994568,0.0000000,0.0000000,0.00,0.0000,0.0000,0.0000,0.0,0.00,0.0,0.00,0.000,0.000,IDLE
2026-08-20T00:41:38.994691,0.0000000,0.0000000,0.00,0.0000,0.0000,0.0000,0.0,0.00,0.0,0.00,0.000,0.000,IDLE
2026-08-20T00:41:39.994511,0.0000000,0.0000000,0.00,0.0000,0.0000,0.0000,0.0,0.00,0.0,0.00,0.000,0.000,IDLE
2026-08-20T00:41:40.994543,0.0000000,0.0000000,0.00,0.0000,0.0000,0.0000,0.0,0.00,0.0,0.00,0.000,0.000,IDLE
2026-08-20T00:41:41.994504,0.0000000,0.0000000,0.00,0.0000,0.0000,0.0000,0.0,0.00,0.0,0.00,0.000,0.000,IDLE
2026-08-20T00:41:42.994565,0.0000000,0.0000000,0.00,0.0000,0.0000,0.0000,0.0,0.00,0.0,0.00,0.000,0.000,IDLE
2026-08-20T00:41:43.994689,0.0000000,0.0000000,0.00,0.0000,0.0000,0.0000,0.0,0.00,0.0,0.00,0.000,0.000,IDLE
2026-08-20T00:41:44.994550,0.0000000,0.0000000,0.00,0.0000,0.0000,0.0000,0.0,0.00,0.0,0.00,0.000,0.000,IDLE
2026-08-20T00:41:45.994728,0.0000000,0.0000000,0.00,0.0000,0.0000,0.0000,0.0,0.00,0.0,0.00,0.000,0.000,IDLE
2026-08-20T00:41:46.994754,0.0000000,0.0000000,0.00,0.0000,0.0000,0.0000,0.0,0.00,0.0,0.00,0.000,0.000,IDLE
2026-08-20T00:41:47.994711,0.0000000,0.0000000,0.00,0.0000,0.0000,0.0000,0.0,0.00,0.0,0.00,0.000,0.000,IDLE
2026-08-20T00:41:48.994690,0.0000000,0.0000000,0.00,0.0000,0.0000,0.0000,0.0,0.00,0.0,0.00,0.000,0.000,IDLE
2026-08-20T00:41:49.994799,0.0000000,0.0000000,0.00,0.0000,0.0000,0.0000,0.0,0.00,0.0,0.00,0.000,0.000,IDLE
2026-08-20T00:41:50.994541,0.0000000,0.0000000,0.00,0.0000,0.0000,0.0000,0.0,0.00,0.0,0.00,0.000,0.000,IDLE
2026-08-20T00:41:51.994657,0.0000000,0.0000000,0.00,0.0000,0.0000,0.0000,0.0,0.00,0.0,0.00,0.000,0.000,IDLE
2026-08-20T00:41:52.994578,0.0000000,0.0000000,0.00,0.0000,0.0000,0.0000,0.0,0.00,0.0,0.00,0.000,0.000,IDLE
2026-08-20T00:41:53.994570,0.0000000,0.0000000,0.00,0.0000,0.0000,0.0000,0.0,0.00,0.0,0.00,0.000,0.000,IDLE
2026-08-20T00:41:54.994547,0.0000000,0.0000000,0.00,0.0000,0.0000,0.0000,0.0,0.00,0.0,0.00,0.000,0.000,IDLE
2026-08-20T00:41:55.994685,0.0000000,0.0000000,0.00,0.0000,0.0000,0.0000,0.0,0.00,0.0,0.00,0.000,0.000,IDLE
2026-08-20T00:41:56.994679,0.0000000,0.0000000,0.00,0.0000,0.0000,0.0000,0.0,0.00,0.0,0.00,0.000,0.000,IDLE
2026-08-20T00:41:57.994515,0.0000000,0.0000000,0.00,0.0000,0.0000,0.0000,0.0,0.00,0.0,0.00,0.000,0.000,IDLE
2026-08-20T00:41:58.994544,0.0000000,0.0000000,0.00,0.0000,0.0000,0.0000,0.0,0.00,0.0,0.00,0.000,0.000,IDLE
2026-08-20T00:41:59.994549,0.0000000,0.0000000,0.00,0.0000,0.0000,0.0000,0.0,0.00,0.0,0.00,0.000,0.000,IDLE
2026-08-20T00:42:00.994600,0.0000000,0.0000000,0.00,0.0000,0.0000,0.0000,0.0,0.00,0.0,0.00,0.000,0.000,IDLE
2026-08-20T00:42:01.994659,0.0000000,0.0000000,0.00,0.0000,0.0000,0.0000,0.0,0.00,0.0,0.00,0.000,0.000,IDLE
2026-08-20T00:42:02.994677,0.0000000,0.0000000,0.00,0.0000,0.0000,0.0000,0.0,0.00,0.0,0.00,0.000,0.000,IDLE
2026-08-20T00:42:03.994526,0.0000000,0.0000000,0.00,0.0000,0.0000,0.0000,0.0,0.00,0.0,0.00,0.000,0.000,IDLE
2026-08-20T00:42:04.994647,0.0000000,0.0000000,0.00,0.0000,0.0000,0.0000,0.0,0.00,0.0,0.00,0.000,0.000,IDLE
2026-08-20T00:42:05.994547,0.0000000,0.0000000,0.00,0.0000,0.0000,0.0000,0.0,0.00,0.0,0.00,0.000,0.000,IDLE
2026-08-20T00:42:06.994507,0.0000000,0.0000000,0.00,0.0000,0.0000,0.0000,0.0,0.00,0.0,0.00,0.000,0.000,IDLE
2026-08-20T00:42:07.994531,0.0000000,0.0000000,0.00,0.0000,0.0000,0.0000,0.0,0.00,0.0,0.00,0.000,0.000,IDLE
2026-08-20T00:42:08.994891,0.0000000,0.0000000,0.00,0.0000,0.0000,0.0000,0.0,0.00,0.0,0.00,0.000,0.000,IDLE
2026-08-20T00:42:09.994871,0.0000000,0.0000000,0.00,0.0000,0.0000,0.0000,0.0,0.00,0.0,0.00,0.000,0.000,IDLE
2026-08-20T00:42:10.994590,0.0000000,0.0000000,0.00,0.0000,0.0000,0.0000,0.0,0.00,0.0,0.00,0.000,0.000,IDLE
2026-08-20T00:42:11.994677,0.0000000,0.0000000,0.00,0.0000,0.0000,0.0000,0.0,0.00,0.0,0.00,0.000,0.000,IDLE
2026-08-20T00:42:12.994688,0.0000000,0.0000000,0.00,0.0000,0.0000,0.0000,0.0,0.00,0.0,0.00,0.000,0.000,IDLE
2026-08-20T00:42:13.994684,0.0000000,0.0000000,0.00,0.0000,0.0000,0.0000,0.0,0.00,0.0,0.00,0.000,0.000,IDLE
2026-08-20T00:42:14.994658,0.0000000,0.0000000,0.00,0.0000,0.0000,0.0000,0.0,0.00,0.0,0.00,0.000,0.000,IDLE
2026-08-20T00:42:15.994670,0.0000000,0.0000000,0.00,0.0000,0.0000,0.0000,0.0,0.00,0.0,0.00,0.000,0.000,IDLE
2026-08-20T00:42:16.994610,0.0000000,0.0000000,0.00,0.0000,0.0000,0.0000,0.0,0.00,0.0,0.00,0.000,0.000,IDLE
2026-08-20T00:42:17.994655,0.0000000,0.0000000,0.00,0.0000,0.0000,0.0000,0.0,0.00,0.0,0.00,0.000,0.000,IDLE
2026-08-20T00:42:18.994520,0.0000000,0.0000000,0.00,0.0000,0.0000,0.0000,0.0,0.00,0.0,0.00,0.000,0.000,IDLE
2026-08-20T00:42:19.994705,0.0000000,0.0000000,0.00,0.0000,0.0000,0.0000,0.0,0.00,0.0,0.00,0.000,0.000,IDLE
2026-08-20T00:42:20.994723,0.0000000,0.0000000,0.00,0.0000,0.0000,0.0000,0.0,0.00,0.0,0.00,0.000,0.000,IDLE
2026-08-20T00:42:21.994675,0.0000000,0.0000000,0.00,0.0000,0.0000,0.0000,0.0,0.00,0.0,0.00,0.000,0.000,IDLE
2026-08-20T00:42:22.994505,0.0000000,0.0000000,0.00,0.0000,0.0000,0.0000,0.0,0.00,0.0,0.00,0.000,0.000,IDLE
2026-08-20T00:42:23.994548,0.0000000,0.0000000,0.00,0.0000,0.0000,0.0000,0.0,0.00,0.0,0.00,0.000,0.000,IDLE
2026-08-20T00:42:24.994522,0.0000000,0.0000000,0.00,0.0000,0.0000,0.0000,0.0,0.00,0.0,0.00,0.000,0.000,IDLE
2026-08-20T00:42:25.994638,0.0000000,0.0000000,0.00,0.0000,0.0000,0.0000,0.0,0.00,0.0,0.00,0.000,0.000,IDLE
2026-08-20T00:42:26.994645,0.0000000,0.0000000,0.00,0.0000,0.0000,0.0000,0.0,0.00,0.0,0.00,0.000,0.000,IDLE
2026-08-20T00:42:27.994664,0.0000000,0.0000000,0.00,0.0000,0.0000,0.0000,0.0,0.00,0.0,0.00,0.000,0.000,IDLE
2026-08-20T00:42:28.994563,0.0000000,0.0000000,0.00,0.0000,0.0000,0.0000,0.0,0.00,0.0,0.00,0.000,0.000,IDLE
2026-08-20T00:42:29.994725,0.0000000,0.0000000,0.00,0.0000,0.0000,0.0000,0.0,0.00,0.0,0.00,0.000,0.000,IDLE
2026-08-20T00:42:30.994670,0.0000000,0.0000000,0.00,0.0000,0.0000,0.0000,0.0,0.00,0.0,0.00,0.000,0.000,IDLE
2026-08-20T00:42:31.994678,0.0000000,0.0000000,0.00,0.0000,0.0000,0.0000,0.0,0.00,0.0,0.00,0.000,0.000,IDLE
2026-08-20T00:42:32.994639,0.0000000,0.0000000,0.00,0.0000,0.0000,0.0000,0.0,0.00,0.0,0.00,0.000,0.000,IDLE
2026-08-20T00:42:33.994528,0.0000000,0.0000000,0.00,0.0000,0.0000,0.0000,0.0,0.00,0.0,0.00,0.000,0.000,IDLE
2026-08-20T00:42:34.994781,0.0000000,0.0000000,0.00,0.0000,0.0000,0.0000,0.0,0.00,0.0,0.00,0.000,0.000,IDLE
2026-08-20T00:42:35.994529,0.0000000,0.0000000,0.00,0.0000,0.0000,0.0000,0.0,0.00,0.0,0.00,0.000,0.000,IDLE
2026-08-20T00:42:36.994542,0.0000000,0.0000000,0.00,0.0000,0.0000,0.0000,0.0,0.00,0.0,0.00,0.000,0.000,IDLE
2026-08-20T00:42:37.994528,0.0000000,0.0000000,0.00,0.0000,0.0000,0.0000,0.0,0.00,0.0,0.00,0.000,0.000,IDLE
2026-08-20T00:42:38.994626,0.0000000,0.0000000,0.00,0.0000,0.0000,0.0000,0.0,0.00,0.0,0.00,0.000,0.000,IDLE
2026-08-20T00:42:39.994496,0.0000000,0.0000000,0.00,0.0000,0.0000,0.0000,0.0,0.00,0.0,0.00,0.000,0.000,IDLE
2026-08-20T00:42:40.994554,0.0000000,0.0000000,0.00,0.0000,0.0000,0.0000,0.0,0.00,0.0,0.00,0.000,0.000,IDLE
2026-08-20T00:42:41.994511,0.0000000,0.0000000,0.00,0.0000,0.0000,0.0000,0.0,0.00,0.0,0.00,0.000,0.000,IDLE
2026-08-20T00:42:42.994677,0.0000000,0.0000000,0.00,0.0000,0.0000,0.0000,0.0,0.00,0.0,0.00,0.000,0.000,IDLE
2026-08-20T00:42:43.994559,0.0000000,0.0000000,0.00,0.0000,0.0000,0.0000,0.0,0.00,0.0,0.00,0.000,0.000,IDLE
2026-08-20T00:42:44.994569,0.0000000,0.0000000,0.00,0.0000,0.0000,0.0000,0.0,0.00,0.0,0.00,0.000,0.000,IDLE
2026-08-20T00:42:45.994553,0.0000000,0.0000000,0.00,0.0000,0.0000,0.0000,0.0,0.00,0.0,0.00,0.000,0.000,IDLE
2026-08-20T00:42:46.994531,0.0000000,0.0000000,0.00,0.0000,0.0000,0.0000,0.0,0.00,0.0,0.00,0.000,0.000,IDLE
2026-08-20T00:42:47.994840,0.0000000,0.0000000,0.00,0.0000,0.0000,0.0000,0.0,0.00,0.0,0.00,0.000,0.000,IDLE
2026-08-20T00:42:48.994711,0.0000000,0.0000000,0.00,0.0000,0.0000,0.0000,0.0,0.00,0.0,0.00,0.000,0.000,IDLE
2026-08-20T00:42:49.994624,0.0000000,0.0000000,0.00,0.0000,0.0000,0.0000,0.0,0.00,0.0,0.00,0.000,0.000,IDLE
2026-08-20T00:42:50.994530,0.0000000,0.0000000,0.00,0.0000,0.0000,0.0000,0.0,0.00,0.0,0.00,0.000,0.000,IDLE
2026-08-20T00:42:51.994488,0.0000000,0.0000000,0.00,0.0000,0.0000,0.0000,0.0,0.00,0.0,0.00,0.000,0.000,IDLE
2026-08-20T00:42:52.994572,0.0000000,0.0000000,0.00,0.0000,0.0000,0.0000,0.0,0.00,0.0,0.00,0.000,0.000,IDLE
2026-08-20T00:42:53.994695,0.0000000,0.0000000,0.00,0.0000,0.0000,0.0000,0.0,0.00,0.0,0.00,0.000,0.000,IDLE
2026-08-20T00:42:54.994439,0.0000000,0.0000000,0.00,0.0000,0.0000,0.0000,0.0,0.00,0.0,0.00,0.000,0.000,IDLE
2026-08-20T00:42:55.994638,0.0000000,0.0000000,0.00,0.0000,0.0000,0.0000,0.0,0.00,0.0,0.00,0.000,0.000,IDLE
2026-08-20T00:42:56.994707,0.0000000,0.0000000,0.00,0.0000,0.0000,0.0000,0.0,0.00,0.0,0.00,0.000,0.000,IDLE
2026-08-20T00:42:57.994669,0.0000000,0.0000000,0.00,0.0000,0.0000,0.0000,0.0,0.00,0.0,0.00,0.000,0.000,IDLE
2026-08-20T00:42:58.994654,0.0000000,0.0000000,0.00,0.0000,0.0000,0.0000,0.0,0.00,0.0,0.00,0.000,0.000,IDLE
2026-08-20T00:42:59.994687,0.0000000,0.0000000,0.00,0.0000,0.0000,0.0000,0.0,0.00,0.0,0.00,0.000,0.000,IDLE
2026-08-20T00:43:00.994659,0.0000000,0.0000000,0.00,0.0000,0.0000,0.0000,0.0,0.00,0.0,0.00,0.000,0.000,IDLE
2026-08-20T00:43:01.994714,0.0000000,0.0000000,0.00,0.0000,0.0000,0.0000,0.0,0.00,0.0,0.00,0.000,0.000,IDLE
2026-08-20T00:43:02.994678,0.0000000,0.0000000,0.00,0.0000,0.0000,0.0000,0.0,0.00,0.0,0.00,0.000,0.000,IDLE
2026-08-20T00:43:03.994700,0.0000000,0.0000000,0.00,0.0000,0.0000,0.0000,0.0,0.00,0.0,0.00,0.000,0.000,IDLE
2026-08-20T00:43:04.994538,0.0000000,0.0000000,0.00,0.0000,0.0000,0.0000,0.0,0.00,0.0,0.00,0.000,0.000,IDLE
2026-08-20T00:43:05.994554,0.0000000,0.0000000,0.00,0.0000,0.0000,0.0000,0.0,0.00,0.0,0.00,0.000,0.000,IDLE
2026-08-20T00:43:06.994530,0.0000000,0.0000000,0.00,0.0000,0.0000,0.0000,0.0,0.00,0.0,0.00,0.000,0.000,IDLE
2026-08-20T00:43:07.994562,0.0000000,0.0000000,0.00,0.0000,0.0000,0.0000,0.0,0.00,0.0,0.00,0.000,0.000,IDLE
2026-08-20T00:43:08.994556,0.0000000,0.0000000,0.00,0.0000,0.0000,0.0000,0.0,0.00,0.0,0.00,0.000,0.000,IDLE
2026-08-20T00:43:09.994651,0.0000000,0.0000000,0.00,0.0000,0.0000,0.0000,0.0,0.00,0.0,0.00,0.000,0.000,IDLE
2026-08-20T00:43:10.994568,0.0000000,0.0000000,0.00,0.0000,0.0000,0.0000,0.0,0.00,0.0,0.00,0.000,0.000,IDLE
2026-08-20T00:43:11.994558,0.0000000,0.0000000,0.00,0.0000,0.0000,0.0000,0.0,0.00,0.0,0.00,0.000,0.000,IDLE
2026-08-20T00:43:12.994592,0.0000000,0.0000000,0.00,0.0000,0.0000,0.0000,0.0,0.00,0.0,0.00,0.000,0.000,IDLE
2026-08-20T00:43:13.994632,0.0000000,0.0000000,0.00,0.0000,0.0000,0.0000,0.0,0.00,0.0,0.00,0.000,0.000,IDLE
2026-08-20T00:43:14.994512,0.0000000,0.0000000,0.00,0.0000,0.0000,0.0000,0.0,0.00,0.0,0.00,0.000,0.000,IDLE
2026-08-20T00:43:15.994495,0.0000000,0.0000000,0.00,0.0000,0.0000,0.0000,0.0,0.00,0.0,0.00,0.000,0.000,IDLE
2026-08-20T00:43:16.994682,0.0000000,0.0000000,0.00,0.0000,0.0000,0.0000,0.0,0.00,0.0,0.00,0.000,0.000,IDLE
2026-08-20T00:43:17.994530,0.0000000,0.0000000,0.00,0.0000,0.0000,0.0000,0.0,0.00,0.0,0.00,0.000,0.000,IDLE
2026-08-20T00:43:18.994613,0.0000000,0.0000000,0.00,0.0000,0.0000,0.0000,0.0,0.00,0.0,0.00,0.000,0.000,IDLE
2026-08-20T00:43:19.994564,0.0000000,0.0000000,0.00,0.0000,0.0000,0.0000,0.0,0.00,0.0,0.00,0.000,0.000,IDLE
2026-08-20T00:43:20.994624,0.0000000,0.0000000,0.00,0.0000,0.0000,0.0000,0.0,0.00,0.0,0.00,0.000,0.000,IDLE
2026-08-20T00:43:21.994482,0.0000000,0.0000000,0.00,0.0000,0.0000,0.0000,0.0,0.00,0.0,0.00,0.000,0.000,IDLE
2026-08-20T00:43:22.994651,0.0000000,0.0000000,0.00,0.0000,0.0000,0.0000,0.0,0.00,0.0,0.00,0.000,0.000,IDLE
2026-08-20T00:43:23.994540,0.0000000,0.0000000,0.00,0.0000,0.0000,0.0000,0.0,0.00,0.0,0.00,0.000,0.000,IDLE
2026-08-20T00:43:24.994543,0.0000000,0.0000000,0.00,0.0000,0.0000,0.0000,0.0,0.00,0.0,0.00,0.000,0.000,IDLE
2026-08-20T00:43:25.994553,0.0000000,0.0000000,0.00,0.0000,0.0000,0.0000,0.0,0.00,0.0,0.00,0.000,0.000,IDLE
2026-08-20T00:43:26.994670,0.0000000,0.0000000,0.00,0.0000,0.0000,0.0000,0.0,0.00,0.0,0.00,0.000,0.000,IDLE
2026-08-20T00:43:27.994539,0.0000000,0.0000000,0.00,0.0000,0.0000,0.0000,0.0,0.00,0.0,0.00,0.000,0.000,IDLE
2026-08-20T00:43:28.994537,0.0000000,0.0000000,0.00,0.0000,0.0000,0.0000,0.0,0.00,0.0,0.00,0.000,0.000,IDLE
2026-08-20T00:43:29.994647,0.0000000,0.0000000,0.00,0.0000,0.0000,0.0000,0.0,0.00,0.0,0.00,0.000,0.000,IDLE
                                                                                                                                                                                                                                                                                                                                                                                                                                                    