timestamp,lat,lon,alt,roll,pitch,yaw,heading,groundspeed,cmd_linear_x,cmd_angular_z,mission_phase
2026-08-18T15:59:17.773112,0.0000000,0.0000000,0.00,0.0000,0.0000,0.0000,0.0,0.00,0.000,0.000,IDLE
2026-08-18T15:59:18.773186,0.0000000,0.0000000,0.00,0.0000,0.0000,0.0000,0.0,0.00,0.000,0.000,IDLE
2026-08-18T15:59:19.773607,0.0000000,0.0000000,0.00,0.0000,0.0000,0.0000,0.0,0.00,0.000,0.000,IDLE
2026-08-18T15:59:20.773114,0.0000000,0.0000000,0.00,0.0000,0.0000,0.0000,0.0,0.00,0.000,0.000,IDLE
2026-08-18T15:59:21.773157,0.0000000,0.0000000,0.00,0.0000,0.0000,0.0000,0.0,0.00,0.000,0.000,IDLE
2026-08-18T15:59:22.773130,0.0000000,0.0000000,0.00,0.0000,0.0000,0.0000,0.0,0.00,0.000,0.000,IDLE
2026-08-18T15:59:23.773208,0.0000000,0.0000000,0.00,0.0000,0.0000,0.0000,0.0,0.00,0.000,0.000,IDLE
2026-08-18T15:59:24.773251,0.0000000,0.0000000,0.00,0.0000,0.0000,0.0000,0.0,0.00,0.000,0.000,IDLE
2026-08-18T15:59:25.773177,0.0000000,0.0000000,0.00,0.0000,0.0000,0.0000,0.0,0.00,0.000,0.000,IDLE
2026-08-18T15:59:26.773273,0.0000000,0.0000000,0.00,0.0000,0.0000,0.0000,0.0,0.00,0.000,0.000,IDLE
2026-08-18T15:59:27.773138,0.0000000,0.0000000,0.00,0.0000,0.0000,0.0000,0.0,0.00,0.000,0.000,IDLE
2026-08-18T15:59:28.773154,0.0000000,0.0000000,0.00,0.0000,0.0000,0.0000,0.0,0.00,0.000,0.000,IDLE
2026-08-18T15:59:29.773196,0.0000000,0.0000000,0.00,0.0000,0.0000,0.0000,0.0,0.00,0.000,0.000,IDLE
2026-08-18T15:59:30.773239,0.0000000,0.0000000,0.00,0.0000,0.0000,0.0000,0.0,0.00,0.000,0.000,IDLE
2026-08-18T15:59:31.773232,0.0000000,0.0000000,0.00,0.0000,0.0000,0.0000,0.0,0.00,0.000,0.000,IDLE
2026-08-18T15:59:32.773221,0.0000000,0.0000000,0.00,0.0000,0.0000,0.0000,0.0,0.00,0.000,0.000,IDLE
2026-08-18T15:59:33.773230,0.0000000,0.0000000,0.00,0.0000,0.0000,0.0000,0.0,0.00,0.000,0.000,IDLE
2026-08-18T15:59:34.773199,0.0000000,0.0000000,0.00,0.0000,0.0000,0.0000,0.0,0.00,0.000,0.000,IDLE
2026-08-18T15:59:35.773133,0.0000000,0.0000000,0.00,0.0000,0.0000,0.0000,0.0,0.00,0.000,0.000,IDLE
2026-08-18T15:59:36.773275,0.0000000,0.0000000,0.00,0.0000,0.0000,0.0000,0.0,0.00,0.000,0.000,IDLE
2026-08-18T15:59:37.773140,0.0000000,0.0000000,0.00,0.0000,0.0000,0.0000,0.0,0.00,0.000,0.000,IDLE
2026-08-18T15:59:38.773168,0.0000000,0.0000000,0.00,0.0000,0.0000,0.0000,0.0,0.00,0.000,0.000,IDLE
2026-08-18T15:59:39.773142,0.0000000,0.0000000,0.00,0.0000,0.0000,0.0000,0.0,0.00,0.000,0.000,IDLE
2026-08-18T15:59:40.773123,0.0000000,0.0000000,0.00,0.0000,0.0000,0.0000,0.0,0.00,0.000,0.000,IDLE
2026-08-18T15:59:41.773113,0.0000000,0.0000000,0.00,0.0000,0.0000,0.0000,0.0,0.00,0.000,0.000,IDLE
2026-08-18T15:59:42.773147,0.0000000,0.0000000,0.00,0.0000,0.0000,0.0000,0.0,0.00,0.000,0.000,IDLE
2026-08-18T15:59:43.773123,0.0000000,0.0000000,0.00,0.0000,0.0000,0.0000,0.0,0.00,0.000,0.000,IDLE
2026-08-18T15:59:44.773151,0.0000000,0.0000000,0.00,0.0000,0.0000,0.0000,0.0,0.00,0.000,0.000,IDLE
2026-08-18T15:59:45.773129,0.0000000,0.0000000,0.00,0.0000,0.0000,0.0000,0.0,0.00,0.000,0.000,IDLE
2026-08-18T15:59:46.773119,0.0000000,0.0000000,0.00,0.0000,0.0000,0.0000,0.0,0.00,0.000,0.000,IDLE
2026-08-18T15:59:47.773209,0.0000000,0.0000000,0.00,0.0000,0.0000,0.0000,0.0,0.00,0.000,0.000,IDLE
2026-08-18T15:59:48.773134,0.0000000,0.0000000,0.00,0.0000,0.0000,0.0000,0.0,0.00,0.000,0.000,IDLE
2026-08-18T15:59:49.773111,0.0000000,0.0000000,0.00,0.0000,0.0000,0.0000,0.0,0.00,0.000,0.000,IDLE
2026-08-18T15:59:50.773189,0.0000000,0.0000000,0.00,0.0000,0.0000,0.0000,0.0,0.00,0.000,0.000,IDLE
2026-08-18T15:59:51.773259,0.0000000,0.0000000,0.00,0.0000,0.0000,0.0000,0.0,0.00,0.000,0.000,IDLE
2026-08-18T15:59:52.773113,0.0000000,0.0000000,0.00,0.0000,0.0000,0.0000,0.0,0.00,0.000,0.000,IDLE
2026-08-18T15:59:53.773189,0.0000000,0.0000000,0.00,0.0000,0.0000,0.0000,0.0,0.00,0.000,0.000,IDLE
2026-08-18T15:59:54.773184,0.0000000,0.0000000,0.00,0.0000,0.0000,0.0000,0.0,0.00,0.000,0.000,IDLE
2026-08-18T15:59:55.773160,0.0000000,0.0000000,0.00,0.0000,0.0000,0.0000,0.0,0.00,0.000,0.000,IDLE
2026-08-18T15:59:56.773248,0.0000000,0.0000000,0.00,0.0000,0.0000,0.0000,0.0,0.00,0.000,0.000,IDLE
2026-08-18T15:59:57.773142,0.0000000,0.0000000,0.00,0.0000,0.0000,0.0000,0.0,0.00,0.000,0.000,IDLE
2026-08-18T15:59:58.773134,0.0000000,0.0000000,0.00,0.0000,0.0000,0.0000,0.0,0.00,0.000,0.000,IDLE
2026-08-18T15:59:59.773158,0.0000000,0.0000000,0.00,0.0000,0.0000,0.0000,0.0,0.00,0.000,0.000,IDLE
2026-08-18T16:00:00.773118,0.0000000,0.0000000,0.00,0.0000,0.0000,0.0000,0.0,0.00,0.000,0.000,IDLE
2026-08-18T16:00:01.773106,0.0000000,0.0000000,0.00,0.0000,0.0000,0.0000,0.0,0.00,0.000,0.000,IDLE
2026-08-18T16:00:02.773118,0.0000000,0.0000000,0.00,0.0000,0.0000,0.0000,0.0,0.00,0.000,0.000,IDLE
2026-08-18T16:00:03.773156,0.0000000,0.0000000,0.00,0.0000,0.0000,0.0000,0.0,0.00,0.000,0.000,IDLE
2026-08-18T16:00:04.773143,0.0000000,0.0000000,0.00,0.0000,0.0000,0.0000,0.0,0.00,0.000,0.000,IDLE
2026-08-18T16:00:05.773152,0.0000000,0.0000000,0.00,0.0000,0.0000,0.0000,0.0,0.00,0.000,0.000,IDLE
2026-08-18T16:00:06.773138,0.0000000,0.0000000,0.00,0.0000,0.0000,0.0000,0.0,0.00,0.000,0.000,IDLE
2026-08-18T16:00:07.773201,0.0000000,0.0000000,0.00,0.0000,0.0000,0.0000,0.0,0.00,0.000,0.000,IDLE
2026-08-18T16:00:08.773239,0.0000000,0.0000000,0.00,0.0000,0.0000,0.0000,0.0,0.00,0.000,0.000,IDLE
2026-08-18T16:00:09.773168,0.0000000,0.0000000,0.00,0.0000,0.0000,0.0000,0.0,0.00,0.000,0.000,IDLE
2026-08-18T16:00:10.773157,0.0000000,0.0000000,0.00,0.0000,0.0000,0.0000,0.0,0.00,0.000,0.000,IDLE
2026-08-18T16:00:11.775555,0.0000000,0.0000000,0.00,0.0000,0.0000,0.0000,0.0,0.00,0.000,0.000,IDLE
2026-08-18T16:00:12.775376,0.0000000,0.0000000,0.00,0.0000,0.0000,0.0000,0.0,0.00,0.000,0.000,IDLE
2026-08-18T16:00:13.773129,0.0000000,0.0000000,0.00,0.0000,0.0000,0.0000,0.0,0.00,0.000,0.000,IDLE
2026-08-18T16:00:14.773161,0.0000000,0.0000000,0.00,0.0000,0.0000,0.0000,0.0,0.00,0.000,0.000,IDLE
2026-08-18T16:00:15.779797,0.0000000,0.0000000,0.00,0.0000,0.0000,0.0000,0.0,0.00,0.000,0.000,IDLE
2026-08-18T16:00:16.773928,0.0000000,0.0000000,0.00,0.0000,0.0000,0.0000,0.0,0.00,0.000,0.000,IDLE
2026-08-18T16:00:17.775454,0.0000000,0.0000000,0.00,0.0000,0.0000,0.0000,0.0,0.00,0.000,0.000,IDLE
2026-08-18T16:00:18.773142,0.0000000,0.0000000,0.00,0.0000,0.0000,0.0000,0.0,0.00,0.000,0.000,IDLE
2026-08-18T16:00:19.779025,0.0000000,0.0000000,0.00,0.0000,0.0000,0.0000,0.0,0.00,0.000,0.000,IDLE
2026-08-18T16:00:20.773129,0.0000000,0.0000000,0.00,0.0000,0.0000,0.0000,0.0,0.00,0.000,0.000,IDLE
2026-08-18T16:00:21.773142,0.0000000,0.0000000,0.00,0.0000,0.0000,0.0000,0.0,0.00,0.000,0.000,IDLE
2026-08-18T16:00:22.773141,0.0000000,0.0000000,0.00,0.0000,0.0000,0.0000,0.0,0.00,0.000,0.000,IDLE
2026-08-18T16:00:23.773106,0.0000000,0.0000000,0.00,0.0000,0.0000,0.0000,0.0,0.00,0.000,0.000,IDLE
2026-08-18T16:00:24.773150,0.0000000,0.0000000,0.00,0.0000,0.0000,0.0000,0.0,0.00,0.000,0.000,IDLE
2026-08-18T16:00:25.773146,0.0000000,0.0000000,0.00,0.0000,0.0000,0.0000,0.0,0.00,0.000,0.000,IDLE
2026-08-18T16:00:26.773122,0.0000000,0.0000000,0.00,0.0000,0.0000,0.0000,0.0,0.00,0.000,0.000,IDLE
2026-08-18T16:00:27.773157,0.0000000,0.0000000,0.00,0.0000,0.0000,0.0000,0.0,0.00,0.000,0.000,IDLE
2026-08-18T16:00:28.774335,0.0000000,0.0000000,0.00,0.0000,0.0000,0.0000,0.0,0.00,0.000,0.000,IDLE
2026-08-18T16:00:29.773197,0.0000000,0.0000000,0.00,0.0000,0.0000,0.0000,0.0,0.00,0.000,0.000,IDLE
2026-08-18T16:00:30.773144,0.0000000,0.0000000,0.00,0.0000,0.0000,0.0000,0.0,0.00,0.000,0.000,IDLE
2026-08-18T16:00:31.773221,0.0000000,0.0000000,0.00,0.0000,0.0000,0.0000,0.0,0.00,0.000,0.000,IDLE
2026-08-18T16:00:32.773119,0.0000000,0.0000000,0.00,0.0000,0.0000,0.0000,0.0,0.00,0.000,0.000,IDLE
2026-08-18T16:00:33.773132,0.0000000,0.0000000,0.00,0.0000,0.0000,0.0000,0.0,0.00,0.000,0.000,IDLE
2026-08-18T16:00:34.773450,0.0000000,0.0000000,0.00,0.0000,0.0000,0.0000,0.0,0.00,0.000,0.000,IDLE
2026-08-18T16:00:35.773135,0.0000000,0.0000000,0.00,0.0000,0.0000,0.0000,0.0,0.00,0.000,0.000,IDLE
2026-08-18T16:00:36.773246,0.0000000,0.0000000,0.00,0.0000,0.0000,0.0000,0.0,0.00,0.000,0.000,IDLE
2026-08-18T16:00:37.773223,0.0000000,0.0000000,0.00,0.0000,0.0000,0.0000,0.0,0.00,0.000,0.000,IDLE
2026-08-18T16:00:38.773250,0.0000000,0.0000000,0.00,0.0000,0.0000,0.0000,0.0,0.00,0.000,0.000,IDLE
2026-08-18T16:00:39.773254,0.0000000,0.0000000,0.00,0.0000,0.0000,0.0000,0.0,0.00,0.000,0.000,IDLE
2026-08-18T16:00:40.773224,0.0000000,0.0000000,0.00,0.0000,0.0000,0.0000,0.0,0.00,0.000,0.000,IDLE
2026-08-18T16:22:40.451907,0.0000000,0.0000000,0.00,0.0000,0.0000,0.0000,0.0,0.00,0.000,0.000,IDLE
2026-08-18T16:22:40.773154,0.0000000,0.0000000,0.00,0.0000,0.0000,0.0000,0.0,0.00,0.000,0.000,IDLE
2026-08-18T16:22:41.773207,0.0000000,0.0000000,0.00,0.0000,0.0000,0.0000,0.0,0.00,0.000,0.000,IDLE
2026-08-18T16:22:42.773145,0.0000000,0.0000000,0.00,0.0000,0.0000,0.0000,0.0,0.00,0.000,0.000,IDLE
2026-08-18T16:22:43.773641,0.0000000,0.0000000,0.00,0.0000,0.0000,0.0000,0.0,0.00,0.000,0.000,IDLE
2026-08-18T16:22:44.773198,0.0000000,0.0000000,0.00,0.0000,0.0000,0.0000,0.0,0.00,0.000,0.000,IDLE
2026-08-18T16:22:45.773242,0.0000000,0.0000000,0.00,0.0000,0.0000,0.0000,0.0,0.00,0.000,0.000,IDLE
2026-08-18T16:22:46.773236,0.0000000,0.0000000,0.00,0.0000,0.0000,0.0000,0.0,0.00,0.000,0.000,IDLE
2026-08-18T16:22:47.773230,0.0000000,0.0000000,0.00,0.0000,0.0000,0.0000,0.0,0.00,0.000,0.000,IDLE
2026-08-18T16:22:48.773227,0.0000000,0.0000000,0.00,0.0000,0.0000,0.0000,0.0,0.00,0.000,0.000,IDLE
2026-08-18T16:22:49.773142,0.0000000,0.0000000,0.00,0.0000,0.0000,0.0000,0.0,0.00,0.000,0.000,IDLE
2026-08-18T16:22:50.773118,0.0000000,0.0000000,0.00,0.0000,0.0000,0.0000,0.0,0.00,0.000,0.000,IDLE
2026-08-18T16:22:51.773249,0.0000000,0.0000000,0.00,0.0000,0.0000,0.0000,0.0,0.00,0.000,0.000,IDLE
2026-08-18T16:22:52.773199,0.0000000,0.0000000,0.00,0.0000,0.0000,0.0000,0.0,0.00,0.000,0.000,IDLE
2026-08-18T16:22:53.773186,0.0000000,0.0000000,0.00,0.0000,0.0000,0.0000,0.0,0.00,0.000,0.000,IDLE
2026-08-18T16:22:54.773158,0.0000000,0.0000000,0.00,0.0000,0.0000,0.0000,0.0,0.00,0.000,0.000,IDLE
2026-08-18T16:22:55.773169,0.0000000,0.0000000,0.00,0.0000,0.0000,0.0000,0.0,0.00,0.000,0.000,IDLE
2026-08-18T16:22:56.773225,0.0000000,0.0000000,0.00,0.0000,0.0000,0.0000,0.0,0.00,0.000,0.000,IDLE
2026-08-18T16:22:57.773222,0.0000000,0.0000000,0.00,0.0000,0.0000,0.0000,0.0,0.00,0.000,0.000,IDLE
2026-08-18T16:22:58.773141,0.0000000,0.0000000,0.00,0.0000,0.0000,0.0000,0.0,0.00,0.000,0.000,IDLE
2026-08-18T16:22:59.773227,0.0000000,0.0000000,0.00,0.0000,0.0000,0.0000,0.0,0.00,0.000,0.000,IDLE
2026-08-18T16:23:00.773241,0.0000000,0.0000000,0.00,0.0000,0.0000,0.0000,0.0,0.00,0.000,0.000,IDLE
2026-08-18T16:23:01.773149,0.0000000,0.0000000,0.00,0.0000,0.0000,0.0000,0.0,0.00,0.000,0.000,IDLE
2026-08-18T16:23:02.773115,0.0000000,0.0000000,0.00,0.0000,0.0000,0.0000,0.0,0.00,0.000,0.000,IDLE
2026-08-18T16:23:03.773383,0.0000000,0.0000000,0.00,0.0000,0.0000,0.0000,0.0,0.00,0.000,0.000,IDLE
2026-08-18T16:23:04.773111,0.0000000,0.0000000,0.00,0.0000,0.0000,0.0000,0.0,0.00,0.000,0.000,IDLE
2026-08-18T16:23:05.773312,0.0000000,0.0000000,0.00,0.0000,0.0000,0.0000,0.0,0.00,0.000,0.000,IDLE
2026-08-18T16:23:06.773294,0.0000000,0.0000000,0.00,0.0000,0.0000,0.0000,0.0,0.00,0.000,0.000,IDLE
2026-08-18T16:23:07.773152,0.0000000,0.0000000,0.00,0.0000,0.0000,0.0000,0.0,0.00,0.000,0.000,IDLE
2026-08-18T16:23:08.773254,0.0000000,0.0000000,0.00,0.0000,0.0000,0.0000,0.0,0.00,0.000,0.000,IDLE
2026-08-18T16:23:09.773147,0.0000000,0.0000000,0.00,0.0000,0.0000,0.0000,0.0,0.00,0.000,0.000,IDLE
2026-08-18T16:23:10.773173,0.0000000,0.0000000,0.00,0.0000,0.0000,0.0000,0.0,0.00,0.000,0.000,IDLE
2026-08-18T16:23:11.773120,0.0000000,0.0000000,0.00,0.0000,0.0000,0.0000,0.0,0.00,0.000,0.000,IDLE
2026-08-18T16:23:12.773224,0.0000000,0.0000000,0.00,0.0000,0.0000,0.0000,0.0,0.00,0.000,0.000,IDLE
2026-08-18T16:23:13.773240,0.0000000,0.0000000,0.00,0.0000,0.0000,0.0000,0.0,0.00,0.000,0.000,IDLE
2026-08-18T16:23:14.773142,0.0000000,0.0000000,0.00,0.0000,0.0000,0.0000,0.0,0.00,0.000,0.000,IDLE
2026-08-18T16:23:15.773129,0.0000000,0.0000000,0.00,0.0000,0.0000,0.0000,0.0,0.00,0.000,0.000,IDLE
2026-08-18T16:23:16.773232,0.0000000,0.0000000,0.00,0.0000,0.0000,0.0000,0.0,0.00,0.000,0.000,IDLE
2026-08-18T16:23:17.773214,0.0000000,0.0000000,0.00,0.0000,0.0000,0.0000,0.0,0.00,0.000,0.000,IDLE
2026-08-18T16:23:18.773144,0.0000000,0.0000000,0.00,0.0000,0.0000,0.0000,0.0,0.00,0.000,0.000,IDLE
2026-08-18T16:23:19.773114,0.0000000,0.0000000,0.00,0.0000,0.0000,0.0000,0.0,0.00,0.000,0.000,IDLE
2026-08-18T16:23:20.773141,0.0000000,0.0000000,0.00,0.0000,0.0000,0.0000,0.0,0.00,0.000,0.000,IDLE
2026-08-18T16:23:21.773169,0.0000000,0.0000000,0.00,0.0000,0.0000,0.0000,0.0,0.00,0.000,0.000,IDLE
2026-08-18T16:23:22.773254,0.0000000,0.0000000,0.00,0.0000,0.0000,0.0000,0.0,0.00,0.000,0.000,IDLE
2026-08-18T16:23:23.773127,0.0000000,0.0000000,0.00,0.0000,0.0000,0.0000,0.0,0.00,0.000,0.000,IDLE
2026-08-18T16:23:24.773129,0.0000000,0.0000000,0.00,0.0000,0.0000,0.0000,0.0,0.00,0.000,0.000,IDLE
2026-08-18T16:23:25.773101,0.0000000,0.0000000,0.00,0.0000,0.0000,0.0000,0.0,0.00,0.000,0.000,IDLE
2026-08-18T16:23:26.773266,0.0000000,0.0000000,0.00,0.0000,0.0000,0.0000,0.0,0.00,0.000,0.000,IDLE
2026-08-18T16:23:27.773185,0.0000000,0.0000000,0.00,0.0000,0.0000,0.0000,0.0,0.00,0.000,0.000,IDLE
2026-08-18T16:23:28.773193,0.0000000,0.0000000,0.00,0.0000,0.0000,0.0000,0.0,0.00,0.000,0.000,IDLE
2026-08-18T16:23:29.773128,0.0000000,0.0000000,0.00,0.0000,0.0000,0.0000,0.0,0.00,0.000,0.000,IDLE
2026-08-18T16:23:30.773125,0.0000000,0.0000000,0.00,0.0000,0.0000,0.0000,0.0,0.00,0.000,0.000,IDLE
2026-08-18T16:23:31.773173,0.0000000,0.0000000,0.00,0.0000,0.0000,0.0000,0.0,0.00,0.000,0.000,IDLE
2026-08-18T16:23:32.773231,0.0000000,0.0000000,0.00,0.0000,0.0000,0.0000,0.0,0.00,0.000,0.000,IDLE
2026-08-18T16:23:33.773186,0.0000000,0.0000000,0.00,0.0000,0.0000,0.0000,0.0,0.00,0.000,0.000,IDLE
2026-08-18T16:23:34.773211,0.0000000,0.0000000,0.00,0.0000,0.0000,0.0000,0.0,0.00,0.000,0.000,IDLE
2026-08-18T16:23:35.773127,0.0000000,0.0000000,0.00,0.0000,0.0000,0.0000,0.0,0.00,0.000,0.000,IDLE
2026-08-18T16:23:36.773160,0.0000000,0.0000000,0.00,0.0000,0.0000,0.0000,0.0,0.00,0.000,0.000,IDLE
2026-08-18T16:23:37.773165,0.0000000,0.0000000,0.00,0.0000,0.0000,0.0000,0.0,0.00,0.000,0.000,IDLE
2026-08-18T16:23:38.773176,0.0000000,0.0000000,0.00,0.0000,0.0000,0.0000,0.0,0.00,0.000,0.000,IDLE
2026-08-18T16:23:39.773189,0.0000000,0.0000000,0.00,0.0000,0.0000,0.0000,0.0,0.00,0.000,0.000,IDLE
2026-08-18T16:23:40.773288,0.0000000,0.0000000,0.00,0.0000,0.0000,0.0000,0.0,0.00,0.000,0.000,IDLE
2026-08-18T16:23:41.773121,0.0000000,0.0000000,0.00,0.0000,0.0000,0.0000,0.0,0.00,0.000,0.000,IDLE
2026-08-18T16:23:42.773113,0.0000000,0.0000000,0.00,0.0000,0.0000,0.0000,0.0,0.00,0.000,0.000,IDLE
2026-08-18T16:23:43.773253,0.0000000,0.0000000,0.00,0.0000,0.0000,0.0000,0.0,0.00,0.000,0.000,IDLE
2026-08-18T16:23:44.773150,0.0000000,0.0000000,0.00,0.0000,0.0000,0.0000,0.0,0.00,0.000,0.000,IDLE
2026-08-18T16:23:45.774647,0.0000000,0.0000000,0.00,0.0000,0.0000,0.0000,0.0,0.00,0.000,0.000,IDLE
2026-08-18T16:23:46.773137,0.0000000,0.0000000,0.00,0.0000,0.0000,0.0000,0.0,0.00,0.000,0.000,IDLE
2026-08-18T16:23:47.773124,0.0000000,0.0000000,0.00,0.0000,0.0000,0.0000,0.0,0.00,0.000,0.000,IDLE
2026-08-18T16:23:48.773122,0.0000000,0.0000000,0.00,0.0000,0.0000,0.0000,0.0,0.00,0.000,0.000,IDLE
2026-08-18T16:23:49.773123,0.0000000,0.0000000,0.00,0.0000,0.0000,0.0000,0.0,0.00,0.000,0.000,IDLE
2026-08-18T16:23:50.773171,0.0000000,0.0000000,0.00,0.0000,0.0000,0.0000,0.0,0.00,0.000,0.000,IDLE
2026-08-18T16:23:51.773123,0.0000000,0.0000000,0.00,0.0000,0.0000,0.0000,0.0,0.00,0.000,0.000,IDLE
2026-08-18T16:23:52.773168,0.0000000,0.0000000,0.00,0.0000,0.0000,0.0000,0.0,0.00,0.000,0.000,IDLE
2026-08-18T16:23:53.773176,0.0000000,0.0000000,0.00,0.0000,0.0000,0.0000,0.0,0.00,0.000,0.000,IDLE
2026-08-18T16:23:54.773152,0.0000000,0.0000000,0.00,0.0000,0.0000,0.0000,0.0,0.00,0.000,0.000,IDLE
2026-08-18T16:23:55.773289,0.0000000,0.0000000,0.00,0.0000,0.0000,0.0000,0.0,0.00,0.000,0.000,IDLE
2026-08-18T16:23:56.773240,0.0000000,0.0000000,0.00,0.0000,0.0000,0.0000,0.0,0.00,0.000,0.000,IDLE
2026-08-18T16:23:57.773111,0.0000000,0.0000000,0.00,0.0000,0.0000,0.0000,0.0,0.00,0.000,0.000,IDLE
2026-08-18T16:23:58.773122,0.0000000,0.0000000,0.00,0.0000,0.0000,0.0000,0.0,0.00,0.000,0.000,IDLE
2026-08-18T16:23:59.773174,0.0000000,0.0000000,0.00,0.0000,0.0000,0.0000,0.0,0.00,0.000,0.000,IDLE
2026-08-18T16:24:00.773135,0.0000000,0.0000000,0.00,0.0000,0.0000,0.0000,0.0,0.00,0.000,0.000,IDLE
2026-08-18T16:24:01.773134,0.0000000,0.0000000,0.00,0.0000,0.0000,0.0000,0.0,0.00,0.000,0.000,IDLE
2026-08-18T16:24:02.773127,0.0000000,0.0000000,0.00,0.0000,0.0000,0.0000,0.0,0.00,0.000,0.000,IDLE
2026-08-18T16:24:03.773155,0.0000000,0.0000000,0.00,0.0000,0.0000,0.0000,0.0,0.00,0.000,0.000,IDLE
2026-08-18T16:24:04.773188,0.0000000,0.0000000,0.00,0.0000,0.0000,0.0000,0.0,0.00,0.000,0.000,IDLE
2026-08-18T16:24:05.773142,0.0000000,0.0000000,0.00,0.0000,0.0000,0.0000,0.0,0.00,0.000,0.000,IDLE
2026-08-18T16:24:06.773144,0.0000000,0.0000000,0.00,0.0000,0.0000,0.0000,0.0,0.00,0.000,0.000,IDLE
2026-08-18T16:24:07.773249,0.0000000,0.0000000,0.00,0.0000,0.0000,0.0000,0.0,0.00,0.000,0.000,IDLE
2026-08-18T16:24:08.773166,0.0000000,0.0000000,0.00,0.0000,0.0000,0.0000,0.0,0.00,0.000,0.000,IDLE
2026-08-18T16:24:09.773153,0.0000000,0.0000000,0.00,0.0000,0.0000,0.0000,0.0,0.00,0.000,0.000,IDLE
2026-08-18T16:24:10.773123,0.0000000,0.0000000,0.00,0.0000,0.0000,0.0000,0.0,0.00,0.000,0.000,IDLE
2026-08-18T16:24:11.773134,0.0000000,0.0000000,0.00,0.0000,0.0000,0.0000,0.0,0.00,0.000,0.000,IDLE
2026-08-18T16:24:12.773169,0.0000000,0.0000000,0.00,0.0000,0.0000,0.0000,0.0,0.00,0.000,0.000,IDLE
2026-08-18T16:24:13.773150,0.0000000,0.0000000,0.00,0.0000,0.0000,0.0000,0.0,0.00,0.000,0.000,IDLE
2026-08-18T16:24:14.773125,0.0000000,0.0000000,0.00,0.0000,0.0000,0.0000,0.0,0.00,0.000,0.000,IDLE
2026-08-18T16:24:15.773167,0.0000000,0.0000000,0.00,0.0000,0.0000,0.0000,0.0,0.00,0.000,0.000,IDLE
2026-08-18T16:24:16.773137,0.0000000,0.0000000,0.00,0.0000,0.0000,0.0000,0.0,0.00,0.000,0.000,IDLE
2026-08-18T16:24:17.773130,0.0000000,0.0000000,0.00,0.0000,0.0000,0.0000,0.0,0.00,0.000,0.000,IDLE
2026-08-18T16:24:18.773161,0.0000000,0.0000000,0.00,0.0000,0.0000,0.0000,0.0,0.00,0.000,0.000,IDLE
2026-08-18T16:24:19.773149,0.0000000,0.0000000,0.00,0.0000,0.0000,0.0000,0.0,0.00,0.000,0.000,IDLE
2026-08-18T16:24:20.773248,0.0000000,0.0000000,0.00,0.0000,0.0000,0.0000,0.0,0.00,0.000,0.000,IDLE
2026-08-18T16:24:21.773160,0.0000000,0.0000000,0.00,0.0000,0.0000,0.0000,0.0,0.00,0.000,0.000,IDLE
2026-08-18T16:24:22.773348,0.0000000,0.0000000,0.00,0.0000,0.0000,0.0000,0.0,0.00,0.000,0.000,IDLE
2026-08-18T16:24:23.773128,0.0000000,0.0000000,0.00,0.0000,0.0000,0.0000,0.0,0.00,0.000,0.000,IDLE
2026-08-18T16:24:24.773230,0.0000000,0.0000000,0.00,0.0000,0.0000,0.0000,0.0,0.00,0.000,0.000,IDLE
2026-08-18T16:24:25.773244,0.0000000,0.0000000,0.00,0.0000,0.0000,0.0000,0.0,0.00,0.000,0.000,IDLE
2026-08-18T16:24:26.773244,0.0000000,0.0000000,0.00,0.0000,0.0000,0.0000,0.0,0.00,0.000,0.000,IDLE
2026-08-18T16:24:27.773121,0.0000000,0.0000000,0.00,0.0000,0.0000,0.0000,0.0,0.00,0.000,0.000,IDLE
2026-08-18T16:24:28.773143,0.0000000,0.0000000,0.00,0.0000,0.0000,0.0000,0.0,0.00,0.000,0.000,IDLE
2026-08-18T16:24:29.773297,0.0000000,0.0000000,0.00,0.0000,0.0000,0.0000,0.0,0.00,0.000,0.000,IDLE
2026-08-18T16:24:30.773304,0.0000000,0.0000000,0.00,0.0000,0.0000,0.0000,0.0,0.00,0.000,0.000,IDLE
2026-08-18T16:24:31.773155,0.0000000,0.0000000,0.00,0.0000,0.0000,0.0000,0.0,0.00,0.000,0.000,IDLE
2026-08-18T16:24:32.773136,0.0000000,0.0000000,0.00,0.0000,0.0000,0.0000,0.0,0.00,0.000,0.000,IDLE
2026-08-18T16:24:33.773134,0.0000000,0.0000000,0.00,0.0000,0.0000,0.0000,0.0,0.00,0.000,0.000,IDLE
2026-08-18T16:24:34.773177,0.0000000,0.0000000,0.00,0.0000,0.0000,0.0000,0.0,0.00,0.000,0.000,IDLE
2026-08-18T16:24:35.773195,0.0000000,0.0000000,0.00,0.0000,0.0000,0.0000,0.0,0.00,0.000,0.000,IDLE
2026-08-18T16:24:36.773129,0.0000000,0.0000000,0.00,0.0000,0.0000,0.0000,0.0,0.00,0.000,0.000,IDLE
2026-08-18T16:24:37.773250,0.0000000,0.0000000,0.00,0.0000,0.0000,0.0000,0.0,0.00,0.000,0.000,IDLE
2026-08-18T16:24:38.773239,0.0000000,0.0000000,0.00,0.0000,0.0000,0.0000,0.0,0.00,0.000,0.000,IDLE
2026-08-18T16:24:39.773116,0.0000000,0.0000000,0.00,0.0000,0.0000,0.0000,0.0,0.00,0.000,0.000,IDLE
2026-08-18T16:24:40.773164,0.0000000,0.0000000,0.00,0.0000,0.0000,0.0000,0.0,0.00,0.000,0.000,IDLE
2026-08-18T16:24:41.773189,0.0000000,0.0000000,0.00,0.0000,0.0000,0.0000,0.0,0.00,0.000,0.000,IDLE
2026-08-18T16:24:42.773191,0.0000000,0.0000000,0.00,0.0000,0.0000,0.0000,0.0,0.00,0.000,0.000,IDLE
2026-08-18T16:24:43.773133,0.0000000,0.0000000,0.00,0.0000,0.0000,0.0000,0.0,0.00,0.000,0.000,IDLE
2026-08-18T16:24:44.773123,0.0000000,0.0000000,0.00,0.0000,0.0000,0.0000,0.0,0.00,0.000,0.000,IDLE
2026-08-18T16:24:45.773219,0.0000000,0.0000000,0.00,0.0000,0.0000,0.0000,0.0,0.00,0.000,0.000,IDLE
2026-08-18T16:24:46.773322,0.0000000,0.0000000,0.00,0.0000,0.0000,0.0000,0.0,0.00,0.000,0.000,IDLE
2026-08-18T16:24:47.773306,0.0000000,0.0000000,0.00,0.0000,0.0000,0.0000,0.0,0.00,0.000,0.000,IDLE
2026-08-18T16:24:48.773178,0.0000000,0.0000000,0.00,0.0000,0.0000,0.0000,0.0,0.00,0.000,0.000,IDLE
2026-08-18T16:24:49.773114,0.0000000,0.0000000,0.00,0.0000,0.0000,0.0000,0.0,0.00,0.000,0.000,IDLE
2026-08-18T16:24:50.773119,0.0000000,0.0000000,0.00,0.0000,0.0000,0.0000,0.0,0.00,0.000,0.000,IDLE
2026-08-18T16:24:51.773289,0.0000000,0.0000000,0.00,0.0000,0.0000,0.0000,0.0,0.00,0.000,0.000,IDLE
2026-08-18T16:24:52.773229,0.0000000,0.0000000,0.00,0.0000,0.0000,0.0000,0.0,0.00,0.000,0.000,IDLE
2026-08-18T16:24:53.773122,0.0000000,0.0000000,0.00,0.0000,0.0000,0.0000,0.0,0.00,0.000,0.000,IDLE
2026-08-18T16:24:54.773330,0.0000000,0.0000000,0.00,0.0000,0.0000,0.0000,0.0,0.00,0.000,0.000,IDLE
2026-08-18T16:24:55.773338,0.0000000,0.0000000,0.00,0.0000,0.0000,0.0000,0.0,0.00,0.000,0.000,IDLE
2026-08-18T16:24:56.773163,0.0000000,0.0000000,0.00,0.0000,0.0000,0.0000,0.0,0.00,0.000,0.000,IDLE
2026-08-18T16:24:57.773190,0.0000000,0.0000000,0.00,0.0000,0.0000,0.0000,0.0,0.00,0.000,0.000,IDLE
2026-08-18T16:24:58.773282,0.0000000,0.0000000,0.00,0.0000,0.0000,0.0000,0.0,0.00,0.000,0.000,IDLE
2026-08-18T16:24:59.773264,0.0000000,0.0000000,0.00,0.0000,0.0000,0.0000,0.0,0.00,0.000,0.000,IDLE
2026-08-18T16:25:00.773174,0.0000000,0.0000000,0.00,0.0000,0.0000,0.0000,0.0,0.00,0.000,0.000,IDLE
2026-08-18T16:25:01.773091,0.0000000,0.0000000,0.00,0.0000,0.0000,0.0000,0.0,0.00,0.000,0.000,IDLE
2026-08-18T16:25:02.773177,0.0000000,0.0000000,0.00,0.0000,0.0000,0.0000,0.0,0.00,0.000,0.000,IDLE
2026-08-18T16:25:03.773287,0.0000000,0.0000000,0.00,0.0000,0.0000,0.0000,0.0,0.00,0.000,0.000,IDLE
2026-08-18T16:25:04.773157,0.0000000,0.0000000,0.00,0.0000,0.0000,0.0000,0.0,0.00,0.000,0.000,IDLE
2026-08-18T16:25:05.773146,0.0000000,0.0000000,0.00,0.0000,0.0000,0.0000,0.0,0.00,0.000,0.000,IDLE
2026-08-18T16:25:06.773139,0.0000000,0.0000000,0.00,0.0000,0.0000,0.0000,0.0,0.00,0.000,0.000,IDLE
2026-08-18T16:25:07.773253,0.0000000,0.0000000,0.00,0.0000,0.0000,0.0000,0.0,0.00,0.000,0.000,IDLE
2026-08-18T16:25:08.773120,0.0000000,0.0000000,0.00,0.0000,0.0000,0.0000,0.0,0.00,0.000,0.000,IDLE
2026-08-18T16:25:09.773123,0.0000000,0.0000000,0.00,0.0000,0.0000,0.0000,0.0,0.00,0.000,0.000,IDLE
2026-08-18T16:25:10.773256,0.0000000,0.0000000,0.00,0.0000,0.0000,0.0000,0.0,0.00,0.000,0.000,IDLE
2026-08-18T16:25:11.773389,0.0000000,0.0000000,0.00,0.0000,0.0000,0.0000,0.0,0.00,0.000,0.000,IDLE
2026-08-18T16:25:12.773368,0.0000000,0.0000000,0.00,0.0000,0.0000,0.0000,0.0,0.00,0.000,0.000,IDLE
2026-08-18T16:25:13.773149,0.0000000,0.0000000,0.00,0.0000,0.0000,0.0000,0.0,0.00,0.000,0.000,IDLE
2026-08-18T16:25:14.773130,0.0000000,0.0000000,0.00,0.0000,0.0000,0.0000,0.0,0.00,0.000,0.000,IDLE
2026-08-18T16:25:15.773345,0.0000000,0.0000000,0.00,0.0000,0.0000,0.0000,0.0,0.00,0.000,0.000,IDLE
2026-08-18T16:25:16.773278,0.0000000,0.0000000,0.00,0.0000,0.0000,0.0000,0.0,0.00,0.000,0.000,IDLE
2026-08-18T16:25:17.773242,0.0000000,0.0000000,0.00,0.0000,0.0000,0.0000,0.0,0.00,0.000,0.000,IDLE
2026-08-18T16:25:18.773148,0.0000000,0.0000000,0.00,0.0000,0.0000,0.0000,0.0,0.00,0.000,0.000,IDLE
2026-08-18T16:25:19.773160,0.0000000,0.0000000,0.00,0.0000,0.0000,0.0000,0.0,0.00,0.000,0.000,IDLE
2026-08-18T16:25:20.773127,0.0000000,0.0000000,0.00,0.0000,0.0000,0.0000,0.0,0.00,0.000,0.000,IDLE
2026-08-18T16:25:21.773236,0.0000000,0.0000000,0.00,0.0000,0.0000,0.0000,0.0,0.00,0.000,0.000,IDLE
2026-08-18T16:25:22.773185,0.0000000,0.0000000,0.00,0.0000,0.0000,0.0000,0.0,0.00,0.000,0.000,IDLE
2026-08-18T16:25:23.773127,0.0000000,0.0000000,0.00,0.0000,0.0000,0.0000,0.0,0.00,0.000,0.000,IDLE
2026-08-18T16:25:24.773131,0.0000000,0.0000000,0.00,0.0000,0.0000,0.0000,0.0,0.00,0.000,0.000,IDLE
2026-08-18T16:25:25.773329,0.0000000,0.0000000,0.00,0.0000,0.0000,0.0000,0.0,0.00,0.000,0.000,IDLE
2026-08-18T16:25:26.773106,0.0000000,0.0000000,0.00,0.0000,0.0000,0.0000,0.0,0.00,0.000,0.000,IDLE
2026-08-18T16:25:27.773121,0.0000000,0.0000000,0.00,0.0000,0.0000,0.0000,0.0,0.00,0.000,0.000,IDLE
2026-08-18T16:25:28.773363,0.0000000,0.0000000,0.00,0.0000,0.0000,0.0000,0.0,0.00,0.000,0.000,IDLE
2026-08-18T16:25:29.773236,0.0000000,0.0000000,0.00,0.0000,0.0000,0.0000,0.0,0.00,0.000,0.000,IDLE
2026-08-18T16:25:30.773267,0.0000000,0.0000000,0.00,0.0000,0.0000,0.0000,0.0,0.00,0.000,0.000,IDLE
2026-08-18T16:25:31.773109,0.0000000,0.0000000,0.00,0.0000,0.0000,0.0000,0.0,0.00,0.000,0.000,IDLE
2026-08-18T16:25:32.773217,0.0000000,0.0000000,0.00,0.0000,0.0000,0.0000,0.0,0.00,0.000,0.000,IDLE
2026-08-18T16:25:33.773196,0.0000000,0.0000000,0.00,0.0000,0.0000,0.0000,0.0,0.00,0.000,0.000,IDLE
2026-08-18T16:25:34.773235,0.0000000,0.0000000,0.00,0.0000,0.0000,0.0000,0.0,0.00,0.000,0.000,IDLE
2026-08-18T16:25:35.773222,0.0000000,0.0000000,0.00,0.0000,0.0000,0.0000,0.0,0.00,0.000,0.000,IDLE
2026-08-18T16:25:36.773197,0.0000000,0.0000000,0.00,0.0000,0.0000,0.0000,0.0,0.00,0.000,0.000,IDLE
2026-08-18T16:25:37.773242,0.0000000,0.0000000,0.00,0.0000,0.0000,0.0000,0.0,0.00,0.000,0.000,IDLE
2026-08-18T16:25:38.773204,0.0000000,0.0000000,0.00,0.0000,0.0000,0.0000,0.0,0.00,0.000,0.000,IDLE
2026-08-18T16:25:39.773122,0.0000000,0.0000000,0.00,0.0000,0.0000,0.0000,0.0,0.00,0.000,0.000,IDLE
2026-08-18T16:25:40.773252,0.0000000,0.0000000,0.00,0.0000,0.0000,0.0000,0.0,0.00,0.000,0.000,IDLE
2026-08-18T16:25:41.773251,0.0000000,0.0000000,0.00,0.0000,0.0000,0.0000,0.0,0.00,0.000,0.000,IDLE
2026-08-18T16:25:42.773123,0.0000000,0.0000000,0.00,0.0000,0.0000,0.0000,0.0,0.00,0.000,0.000,IDLE
2026-08-18T16:25:43.773243,0.0000000,0.0000000,0.00,0.0000,0.0000,0.0000,0.0,0.00,0.000,0.000,IDLE
2026-08-18T16:25:44.773160,0.0000000,0.0000000,0.00,0.0000,0.0000,0.0000,0.0,0.00,0.000,0.000,IDLE
2026-08-18T16:25:45.773270,0.0000000,0.0000000,0.00,0.0000,0.0000,0.0000,0.0,0.00,0.000,0.000,IDLE
2026-08-18T16:25:46.773213,0.0000000,0.0000000,0.00,0.0000,0.0000,0.0000,0.0,0.00,0.000,0.000,IDLE
2026-08-18T16:25:47.773173,0.0000000,0.0000000,0.00,0.0000,0.0000,0.0000,0.0,0.00,0.000,0.000,IDLE
2026-08-18T16:25:48.773169,0.0000000,0.0000000,0.00,0.0000,0.0000,0.0000,0.0,0.00,0.000,0.000,IDLE
2026-08-18T16:25:49.773124,0.0000000,0.0000000,0.00,0.0000,0.0000,0.0000,0.0,0.00,0.000,0.000,IDLE
2026-08-18T16:25:50.773355,0.0000000,0.0000000,0.00,0.0000,0.0000,0.0000,0.0,0.00,0.000,0.000,IDLE
2026-08-18T16:25:51.773148,0.0000000,0.0000000,0.00,0.0000,0.0000,0.0000,0.0,0.00,0.000,0.000,IDLE
2026-08-18T16:25:52.773150,0.0000000,0.0000000,0.00,0.0000,0.0000,0.0000,0.0,0.00,0.000,0.000,IDLE
2026-08-18T16:25:53.775346,0.0000000,0.0000000,0.00,0.0000,0.0000,0.0000,0.0,0.00,0.000,0.000,IDLE
2026-08-18T16:25:54.773235,0.0000000,0.0000000,0.00,0.0000,0.0000,0.0000,0.0,0.00,0.000,0.000,IDLE
2026-08-18T16:25:55.773183,0.0000000,0.0000000,0.00,0.0000,0.0000,0.0000,0.0,0.00,0.000,0.000,IDLE
2026-08-18T16:25:56.773111,0.0000000,0.0000000,0.00,0.0000,0.0000,0.0000,0.0,0.00,0.000,0.000,IDLE
2026-08-18T16:25:57.773102,0.0000000,0.0000000,0.00,0.0000,0.0000,0.0000,0.0,0.00,0.000,0.000,IDLE
2026-08-18T16:25:58.773158,0.0000000,0.0000000,0.00,0.0000,0.0000,0.0000,0.0,0.00,0.000,0.000,IDLE
2026-08-18T16:25:59.773245,0.0000000,0.0000000,0.00,0.0000,0.0000,0.0000,0.0,0.00,0.000,0.000,IDLE
2026-08-18T16:26:00.773136,0.0000000,0.0000000,0.00,0.0000,0.0000,0.0000,0.0,0.00,0.000,0.000,IDLE
2026-08-18T16:26:01.773117,0.0000000,0.0000000,0.00,0.0000,0.0000,0.0000,0.0,0.00,0.000,0.000,IDLE
2026-08-18T16:26:02.773134,0.0000000,0.0000000,0.00,0.0000,0.0000,0.0000,0.0,0.00,0.000,0.000,IDLE
2026-08-18T16:26:03.773141,0.0000000,0.0000000,0.00,0.0000,0.0000,0.0000,0.0,0.00,0.000,0.000,IDLE
2026-08-18T16:26:04.773183,0.0000000,0.0000000,0.00,0.0000,0.0000,0.0000,0.0,0.00,0.000,0.000,IDLE
2026-08-18T16:26:05.773123,0.0000000,0.0000000,0.00,0.0000,0.0000,0.0000,0.0,0.00,0.000,0.000,IDLE
2026-08-18T16:26:06.773098,0.0000000,0.0000000,0.00,0.0000,0.0000,0.0000,0.0,0.00,0.000,0.000,IDLE
2026-08-18T16:26:07.773158,0.0000000,0.0000000,0.00,0.0000,0.0000,0.0000,0.0,0.00,0.000,0.000,IDLE
2026-08-18T16:26:08.773196,0.0000000,0.0000000,0.00,0.0000,0.0000,0.0000,0.0,0.00,0.000,0.000,IDLE
2026-08-18T16:26:09.773168,0.0000000,0.0000000,0.00,0.0000,0.0000,0.0000,0.0,0.00,0.000,0.000,IDLE
2026-08-18T16:26:10.773106,0.0000000,0.0000000,0.00,0.0000,0.0000,0.0000,0.0,0.00,0.000,0.000,IDLE
2026-08-18T16:26:11.773145,0.0000000,0.0000000,0.00,0.0000,0.0000,0.0000,0.0,0.00,0.000,0.000,IDLE
2026-08-18T16:26:12.773150,0.0000000,0.0000000,0.00,0.0000,0.0000,0.0000,0.0,0.00,0.000,0.000,IDLE
2026-08-18T16:26:13.773150,0.0000000,0.0000000,0.00,0.0000,0.0000,0.0000,0.0,0.00,0.000,0.000,IDLE
2026-08-18T16:26:14.773155,0.0000000,0.0000000,0.00,0.0000,0.0000,0.0000,0.0,0.00,0.000,0.000,IDLE
2026-08-18T16:26:15.773153,0.0000000,0.0000000,0.00,0.0000,0.0000,0.0000,0.0,0.00,0.000,0.000,IDLE
2026-08-18T16:26:16.773144,0.0000000,0.0000000,0.00,0.0000,0.0000,0.0000,0.0,0.00,0.000,0.000,IDLE
2026-08-18T16:26:17.773125,0.0000000,0.0000000,0.00,0.0000,0.0000,0.0000,0.0,0.00,0.000,0.000,IDLE
2026-08-18T16:26:18.773163,0.0000000,0.0000000,0.00,0.0000,0.0000,0.0000,0.0,0.00,0.000,0.000,IDLE
2026-08-18T16:26:19.773115,0.0000000,0.0000000,0.00,0.0000,0.0000,0.0000,0.0,0.00,0.000,0.000,IDLE
2026-08-18T16:26:20.773163,0.0000000,0.0000000,0.00,0.0000,0.0000,0.0000,0.0,0.00,0.000,0.000,IDLE
2026-08-18T16:26:21.773186,0.0000000,0.0000000,0.00,0.0000,0.0000,0.0000,0.0,0.00,0.000,0.000,IDLE
2026-08-18T16:26:22.773141,0.0000000,0.0000000,0.00,0.0000,0.0000,0.0000,0.0,0.00,0.000,0.000,IDLE
2026-08-18T16:26:23.773142,0.0000000,0.0000000,0.00,0.0000,0.0000,0.0000,0.0,0.00,0.000,0.000,IDLE
2026-08-18T16:26:24.773251,0.0000000,0.0000000,0.00,0.0000,0.0000,0.0000,0.0,0.00,0.000,0.000,IDLE
2026-08-18T16:26:25.773147,0.0000000,0.0000000,0.00,0.0000,0.0000,0.0000,0.0,0.00,0.000,0.000,IDLE
2026-08-18T16:26:26.773233,0.0000000,0.0000000,0.00,0.0000,0.0000,0.0000,0.0,0.00,0.000,0.000,IDLE
2026-08-18T16:26:27.773147,0.0000000,0.0000000,0.00,0.0000,0.0000,0.0000,0.0,0.00,0.000,0.000,IDLE
2026-08-18T16:26:28.773194,0.0000000,0.0000000,0.00,0.0000,0.0000,0.0000,0.0,0.00,0.000,0.000,IDLE
2026-08-18T16:26:29.773187,0.0000000,0.0000000,0.00,0.0000,0.0000,0.0000,0.0,0.00,0.000,0.000,IDLE
2026-08-18T16:26:30.773151,0.0000000,0.0000000,0.00,0.0000,0.0000,0.0000,0.0,0.00,0.000,0.000,IDLE
2026-08-18T16:26:31.773198,0.0000000,0.0000000,0.00,0.0000,0.0000,0.0000,0.0,0.00,0.000,0.000,IDLE
2026-08-18T16:26:32.773248,0.0000000,0.0000000,0.00,0.0000,0.0000,0.0000,0.0,0.00,0.000,0.000,IDLE
2026-08-18T16:26:33.773230,0.0000000,0.0000000,0.00,0.0000,0.0000,0.0000,0.0,0.00,0.000,0.000,IDLE
2026-08-18T16:26:34.773226,0.0000000,0.0000000,0.00,0.0000,0.0000,0.0000,0.0,0.00,0.000,0.000,IDLE
2026-08-18T16:26:35.773156,0.0000000,0.0000000,0.00,0.0000,0.0000,0.0000,0.0,0.00,0.000,0.000,IDLE
2026-08-18T16:26:36.773164,0.0000000,0.0000000,0.00,0.0000,0.0000,0.0000,0.0,0.00,0.000,0.000,IDLE
2026-08-18T16:26:37.773174,0.0000000,0.0000000,0.00,0.0000,0.0000,0.0000,0.0,0.00,0.000,0.000,IDLE
2026-08-18T16:26:38.773127,0.0000000,0.0000000,0.00,0.0000,0.0000,0.0000,0.0,0.00,0.000,0.000,IDLE
2026-08-18T16:26:39.773164,0.0000000,0.0000000,0.00,0.0000,0.0000,0.0000,0.0,0.00,0.000,0.000,IDLE
2026-08-18T16:26:40.773148,0.0000000,0.0000000,0.00,0.0000,0.0000,0.0000,0.0,0.00,0.000,0.000,IDLE
2026-08-18T16:26:41.773151,0.0000000,0.0000000,0.00,0.0000,0.0000,0.0000,0.0,0.00,0.000,0.000,IDLE
2026-08-18T16:26:42.773138,0.0000000,0.0000000,0.00,0.0000,0.0000,0.0000,0.0,0.00,0.000,0.000,IDLE
2026-08-18T16:26:43.773142,0.0000000,0.0000000,0.00,0.0000,0.0000,0.0000,0.0,0.00,0.000,0.000,IDLE
2026-08-18T16:26:44.773123,0.0000000,0.0000000,0.00,0.0000,0.0000,0.0000,0.0,0.00,0.000,0.000,IDLE
2026-08-18T16:26:45.773145,0.0000000,0.0000000,0.00,0.0000,0.0000,0.0000,0.0,0.00,0.000,0.000,IDLE
2026-08-18T16:26:46.773222,0.0000000,0.0000000,0.00,0.0000,0.0000,0.0000,0.0,0.00,0.000,0.000,IDLE
2026-08-18T16:26:47.773231,0.0000000,0.0000000,0.00,0.0000,0.0000,0.0000,0.0,0.00,0.000,0.000,IDLE
2026-08-18T16:26:48.773163,0.0000000,0.0000000,0.00,0.0000,0.0000,0.0000,0.0,0.00,0.000,0.000,IDLE
2026-08-18T16:26:49.773092,0.0000000,0.0000000,0.00,0.0000,0.0000,0.0000,0.0,0.00,0.000,0.000,IDLE
2026-08-18T16:26:50.773260,0.0000000,0.0000000,0.00,0.0000,0.0000,0.0000,0.0,0.00,0.000,0.000,IDLE
2026-08-18T16:26:51.773192,0.0000000,0.0000000,0.00,0.0000,0.0000,0.0000,0.0,0.00,0.000,0.000,IDLE
2026-08-18T16:26:52.773249,0.0000000,0.0000000,0.00,0.0000,0.0000,0.0000,0.0,0.00,0.000,0.000,IDLE
2026-08-18T16:26:53.773139,0.0000000,0.0000000,0.00,0.0000,0.0000,0.0000,0.0,0.00,0.000,0.000,IDLE
2026-08-18T16:26:54.773242,0.0000000,0.0000000,0.00,0.0000,0.0000,0.0000,0.0,0.00,0.000,0.000,IDLE
2026-08-18T16:26:55.773167,0.0000000,0.0000000,0.00,0.0000,0.0000,0.0000,0.0,0.00,0.000,0.000,IDLE
2026-08-18T16:26:56.773237,0.0000000,0.0000000,0.00,0.0000,0.0000,0.0000,0.0,0.00,0.000,0.000,IDLE
2026-08-18T16:26:57.773119,0.0000000,0.0000000,0.00,0.0000,0.0000,0.0000,0.0,0.00,0.000,0.000,IDLE
2026-08-18T16:26:58.773122,0.0000000,0.0000000,0.00,0.0000,0.0000,0.0000,0.0,0.00,0.000,0.000,IDLE
2026-08-18T16:26:59.773232,0.0000000,0.0000000,0.00,0.0000,0.0000,0.0000,0.0,0.00,0.000,0.000,IDLE
2026-08-18T16:27:00.773236,0.0000000,0.0000000,0.00,0.0000,0.0000,0.0000,0.0,0.00,0.000,0.000,IDLE
2026-08-18T16:27:01.773181,0.0000000,0.0000000,0.00,0.0000,0.0000,0.0000,0.0,0.00,0.000,0.000,IDLE
2026-08-18T16:27:02.773125,0.0000000,0.0000000,0.00,0.0000,0.0000,0.0000,0.0,0.00,0.000,0.000,IDLE
2026-08-18T16:27:03.773251,0.0000000,0.0000000,0.00,0.0000,0.0000,0.0000,0.0,0.00,0.000,0.000,IDLE
2026-08-18T16:27:04.773235,0.0000000,0.0000000,0.00,0.0000,0.0000,0.0000,0.0,0.00,0.000,0.000,IDLE
2026-08-18T16:27:05.773205,0.0000000,0.0000000,0.00,0.0000,0.0000,0.0000,0.0,0.00,0.000,0.000,IDLE
2026-08-18T16:27:06.773134,0.0000000,0.0000000,0.00,0.0000,0.0000,0.0000,0.0,0.00,0.000,0.000,IDLE
2026-08-18T16:27:07.773163,0.0000000,0.0000000,0.00,0.0000,0.0000,0.0000,0.0,0.00,0.000,0.000,IDLE
2026-08-18T16:27:08.773230,0.0000000,0.0000000,0.00,0.0000,0.0000,0.0000,0.0,0.00,0.000,0.000,IDLE
2026-08-18T16:27:09.773231,0.0000000,0.0000000,0.00,0.0000,0.0000,0.0000,0.0,0.00,0.000,0.000,IDLE
2026-08-18T16:27:10.773108,0.0000000,0.0000000,0.00,0.0000,0.0000,0.0000,0.0,0.00,0.000,0.000,IDLE
2026-08-18T16:27:11.773149,0.0000000,0.0000000,0.00,0.0000,0.0000,0.0000,0.0,0.00,0.000,0.000,IDLE
2026-08-18T16:27:12.773244,0.0000000,0.0000000,0.00,0.0000,0.0000,0.0000,0.0,0.00,0.000,0.000,IDLE
2026-08-18T16:27:13.773239,0.0000000,0.0000000,0.00,0.0000,0.0000,0.0000,0.0,0.00,0.000,0.000,IDLE
2026-08-18T16:27:14.773242,0.0000000,0.0000000,0.00,0.0000,0.0000,0.0000,0.0,0.00,0.000,0.000,IDLE
2026-08-18T16:27:15.773251,0.0000000,0.0000000,0.00,0.0000,0.0000,0.0000,0.0,0.00,0.000,0.000,IDLE
2026-08-18T16:27:16.773257,0.0000000,0.0000000,0.00,0.0000,0.0000,0.0000,0.0,0.00,0.000,0.000,IDLE
2026-08-18T16:27:17.773297,0.0000000,0.0000000,0.00,0.0000,0.0000,0.0000,0.0,0.00,0.000,0.000,IDLE
2026-08-18T16:27:18.773154,0.0000000,0.0000000,0.00,0.0000,0.0000,0.0000,0.0,0.00,0.000,0.000,IDLE
2026-08-18T16:27:19.773164,0.0000000,0.0000000,0.00,0.0000,0.0000,0.0000,0.0,0.00,0.000,0.000,IDLE
2026-08-18T16:27:20.773245,0.0000000,0.0000000,0.00,0.0000,0.0000,0.0000,0.0,0.00,0.000,0.000,IDLE
2026-08-18T16:27:21.773345,0.0000000,0.0000000,0.00,0.0000,0.0000,0.0000,0.0,0.00,0.000,0.000,IDLE
2026-08-18T16:27:22.773119,0.0000000,0.0000000,0.00,0.0000,0.0000,0.0000,0.0,0.00,0.000,0.000,IDLE
2026-08-18T16:27:23.773116,0.0000000,0.0000000,0.00,0.0000,0.0000,0.0000,0.0,0.00,0.000,0.000,IDLE
2026-08-18T16:27:24.773162,0.0000000,0.0000000,0.00,0.0000,0.0000,0.0000,0.0,0.00,0.000,0.000,IDLE
2026-08-18T16:27:25.773265,0.0000000,0.0000000,0.00,0.0000,0.0000,0.0000,0.0,0.00,0.000,0.000,IDLE
2026-08-18T16:27:26.773236,0.0000000,0.0000000,0.00,0.0000,0.0000,0.0000,0.0,0.00,0.000,0.000,IDLE
2026-08-18T16:27:27.773150,0.0000000,0.0000000,0.00,0.0000,0.0000,0.0000,0.0,0.00,0.000,0.000,IDLE
2026-08-18T16:27:28.773164,0.0000000,0.0000000,0.00,0.0000,0.0000,0.0000,0.0,0.00,0.000,0.000,IDLE
2026-08-18T16:27:29.773274,0.0000000,0.0000000,0.00,0.0000,0.0000,0.0000,0.0,0.00,0.000,0.000,IDLE
2026-08-18T16:27:30.773123,0.0000000,0.0000000,0.00,0.0000,0.0000,0.0000,0.0,0.00,0.000,0.000,IDLE
2026-08-18T16:27:31.773225,0.0000000,0.0000000,0.00,0.0000,0.0000,0.0000,0.0,0.00,0.000,0.000,IDLE
2026-08-18T16:27:32.773204,0.0000000,0.0000000,0.00,0.0000,0.0000,0.0000,0.0,0.00,0.000,0.000,IDLE
2026-08-18T16:27:33.773232,0.0000000,0.0000000,0.00,0.0000,0.0000,0.0000,0.0,0.00,0.000,0.000,IDLE
2026-08-18T16:27:34.773259,0.0000000,0.0000000,0.00,0.0000,0.0000,0.0000,0.0,0.00,0.000,0.000,IDLE
2026-08-18T16:27:35.773142,0.0000000,0.0000000,0.00,0.0000,0.0000,0.0000,0.0,0.00,0.000,0.000,IDLE
2026-08-18T16:27:36.773165,0.0000000,0.0000000,0.00,0.0000,0.0000,0.0000,0.0,0.00,0.000,0.000,IDLE
2026-08-18T16:27:37.773225,0.0000000,0.0000000,0.00,0.0000,0.0000,0.0000,0.0,0.00,0.000,0.000,IDLE
2026-08-18T16:27:38.773271,0.0000000,0.0000000,0.00,0.0000,0.0000,0.0000,0.0,0.00,0.000,0.000,IDLE
2026-08-18T16:27:39.773267,0.0000000,0.0000000,0.00,0.0000,0.0000,0.0000,0.0,0.00,0.000,0.000,IDLE
2026-08-18T16:27:40.773156,0.0000000,0.0000000,0.00,0.0000,0.0000,0.0000,0.0,0.00,0.000,0.000,IDLE
2026-08-18T16:27:41.773186,0.0000000,0.0000000,0.00,0.0000,0.0000,0.0000,0.0,0.00,0.000,0.000,IDLE
2026-08-18T16:27:42.773137,0.0000000,0.0000000,0.00,0.0000,0.0000,0.0000,0.0,0.00,0.000,0.000,IDLE
2026-08-18T16:27:43.773304,0.0000000,0.0000000,0.00,0.0000,0.0000,0.0000,0.0,0.00,0.000,0.000,IDLE
2026-08-18T16:27:44.773132,0.0000000,0.0000000,0.00,0.0000,0.0000,0.0000,0.0,0.00,0.000,0.000,IDLE
2026-08-18T16:27:45.773160,0.0000000,0.0000000,0.00,0.0000,0.0000,0.0000,0.0,0.00,0.000,0.000,IDLE
2026-08-18T16:27:46.773340,0.0000000,0.0000000,0.00,0.0000,0.0000,0.0000,0.0,0.00,0.000,0.000,IDLE
2026-08-18T16:27:47.773290,0.0000000,0.0000000,0.00,0.0000,0.0000,0.0000,0.0,0.00,0.000,0.000,IDLE
2026-08-18T16:27:48.773698,0.0000000,0.0000000,0.00,0.0000,0.0000,0.0000,0.0,0.00,0.000,0.000,IDLE
2026-08-18T16:27:49.773124,0.0000000,0.0000000,0.00,0.0000,0.0000,0.0000,0.0,0.00,0.000,0.000,IDLE
2026-08-18T16:27:50.773243,0.0000000,0.0000000,0.00,0.0000,0.0000,0.0000,0.0,0.00,0.000,0.000,IDLE
2026-08-18T16:27:51.773237,0.0000000,0.0000000,0.00,0.0000,0.0000,0.0000,0.0,0.00,0.000,0.000,IDLE
2026-08-18T16:27:52.773190,0.0000000,0.0000000,0.00,0.0000,0.0000,0.0000,0.0,0.00,0.000,0.000,IDLE
2026-08-18T16:27:53.773120,0.0000000,0.0000000,0.00,0.0000,0.0000,0.0000,0.0,0.00,0.000,0.000,IDLE
2026-08-18T16:27:54.773162,0.0000000,0.0000000,0.00,0.0000,0.0000,0.0000,0.0,0.00,0.000,0.000,IDLE
2026-08-18T16:27:55.773315,0.0000000,0.0000000,0.00,0.0000,0.0000,0.0000,0.0,0.00,0.000,0.000,IDLE
2026-08-18T16:27:56.773186,0.0000000,0.0000000,0.00,0.0000,0.0000,0.0000,0.0,0.00,0.000,0.000,IDLE
2026-08-18T16:27:57.773139,0.0000000,0.0000000,0.00,0.0000,0.0000,0.0000,0.0,0.00,0.000,0.000,IDLE
2026-08-18T16:27:58.773127,0.0000000,0.0000000,0.00,0.0000,0.0000,0.0000,0.0,0.00,0.000,0.000,IDLE
2026-08-18T16:27:59.773532,0.0000000,0.0000000,0.00,0.0000,0.0000,0.0000,0.0,0.00,0.000,0.000,IDLE
2026-08-18T16:28:00.773093,0.0000000,0.0000000,0.00,0.0000,0.0000,0.0000,0.0,0.00,0.000,0.000,IDLE
2026-08-18T16:28:01.773168,0.0000000,0.0000000,0.00,0.0000,0.0000,0.0000,0.0,0.00,0.000,0.000,IDLE
2026-08-18T16:28:02.773100,0.0000000,0.0000000,0.00,0.0000,0.0000,0.0000,0.0,0.00,0.000,0.000,IDLE
2026-08-18T16:28:03.773112,0.0000000,0.0000000,0.00,0.0000,0.0000,0.0000,0.0,0.00,0.000,0.000,IDLE
2026-08-18T16:28:04.773143,0.0000000,0.0000000,0.00,0.0000,0.0000,0.0000,0.0,0.00,0.000,0.000,IDLE
2026-08-18T16:28:05.773163,0.0000000,0.0000000,0.00,0.0000,0.0000,0.0000,0.0,0.00,0.000,0.000,IDLE
2026-08-18T16:28:06.773112,0.0000000,0.0000000,0.00,0.0000,0.0000,0.0000,0.0,0.00,0.000,0.000,IDLE
2026-08-18T16:28:07.773118,0.0000000,0.0000000,0.00,0.0000,0.0000,0.0000,0.0,0.00,0.000,0.000,IDLE
2026-08-18T16:28:08.773198,0.0000000,0.0000000,0.00,0.0000,0.0000,0.0000,0.0,0.00,0.000,0.000,IDLE
2026-08-18T16:28:09.773141,0.0000000,0.0000000,0.00,0.0000,0.0000,0.0000,0.0,0.00,0.000,0.000,IDLE
2026-08-18T16:28:10.773118,0.0000000,0.0000000,0.00,0.0000,0.0000,0.0000,0.0,0.00,0.000,0.000,IDLE
2026-08-18T16:28:11.773137,0.0000000,0.0000000,0.00,0.0000,0.0000,0.0000,0.0,0.00,0.000,0.000,IDLE
2026-08-18T16:28:12.773128,0.0000000,0.0000000,0.00,0.0000,0.0000,0.0000,0.0,0.00,0.000,0.000,IDLE
2026-08-18T16:28:13.773161,0.0000000,0.0000000,0.00,0.0000,0.0000,0.0000,0.0,0.00,0.000,0.000,IDLE
2026-08-18T16:28:14.773124,0.0000000,0.0000000,0.00,0.0000,0.0000,0.0000,0.0,0.00,0.000,0.000,IDLE
2026-08-18T16:28:15.773110,0.0000000,0.0000000,0.00,0.0000,0.0000,0.0000,0.0,0.00,0.000,0.000,IDLE
2026-08-18T16:28:16.773207,0.0000000,0.0000000,0.00,0.0000,0.0000,0.0000,0.0,0.00,0.000,0.000,IDLE
2026-08-18T16:28:17.773137,0.0000000,0.0000000,0.00,0.0000,0.0000,0.0000,0.0,0.00,0.000,0.000,IDLE
2026-08-18T16:28:18.773121,0.0000000,0.0000000,0.00,0.0000,0.0000,0.0000,0.0,0.00,0.000,0.000,IDLE
2026-08-18T16:28:19.773118,0.0000000,0.0000000,0.00,0.0000,0.0000,0.0000,0.0,0.00,0.000,0.000,IDLE
2026-08-18T16:28:20.773151,0.0000000,0.0000000,0.00,0.0000,0.0000,0.0000,0.0,0.00,0.000,0.000,IDLE
2026-08-18T16:28:21.773128,0.0000000,0.0000000,0.00,0.0000,0.0000,0.0000,0.0,0.00,0.000,0.000,IDLE
2026-08-18T16:28:22.773122,0.0000000,0.0000000,0.00,0.0000,0.0000,0.0000,0.0,0.00,0.000,0.000,IDLE
2026-08-18T16:28:23.773137,0.0000000,0.0000000,0.00,0.0000,0.0000,0.0000,0.0,0.00,0.000,0.000,IDLE
2026-08-18T16:28:24.773138,0.0000000,0.0000000,0.00,0.0000,0.0000,0.0000,0.0,0.00,0.000,0.000,IDLE
2026-08-18T16:28:25.773171,0.0000000,0.0000000,0.00,0.0000,0.0000,0.0000,0.0,0.00,0.000,0.000,IDLE
2026-08-18T16:28:26.773140,0.0000000,0.0000000,0.00,0.0000,0.0000,0.0000,0.0,0.00,0.000,0.000,IDLE
2026-08-18T16:28:27.773129,0.0000000,0.0000000,0.00,0.0000,0.0000,0.0000,0.0,0.00,0.000,0.000,IDLE
2026-08-18T16:28:28.773141,0.0000000,0.0000000,0.00,0.0000,0.0000,0.0000,0.0,0.00,0.000,0.000,IDLE
2026-08-18T16:28:29.773173,0.0000000,0.0000000,0.00,0.0000,0.0000,0.0000,0.0,0.00,0.000,0.000,IDLE
2026-08-18T16:28:30.773165,0.0000000,0.0000000,0.00,0.0000,0.0000,0.0000,0.0,0.00,0.000,0.000,IDLE
2026-08-18T16:28:31.773129,0.0000000,0.0000000,0.00,0.0000,0.0000,0.0000,0.0,0.00,0.000,0.000,IDLE
2026-08-18T16:28:32.773174,0.0000000,0.0000000,0.00,0.0000,0.0000,0.0000,0.0,0.00,0.000,0.000,IDLE
2026-08-18T16:28:33.773185,0.0000000,0.0000000,0.00,0.0000,0.0000,0.0000,0.0,0.00,0.000,0.000,IDLE
2026-08-18T16:28:34.773145,0.0000000,0.0000000,0.00,0.0000,0.0000,0.0000,0.0,0.00,0.000,0.000,IDLE
2026-08-18T16:28:35.773239,0.0000000,0.0000000,0.00,0.0000,0.0000,0.0000,0.0,0.00,0.000,0.000,IDLE
2026-08-18T16:28:36.775293,0.0000000,0.0000000,0.00,0.0000,0.0000,0.0000,0.0,0.00,0.000,0.000,IDLE
2026-08-18T16:28:37.773184,0.0000000,0.0000000,0.00,0.0000,0.0000,0.0000,0.0,0.00,0.000,0.000,IDLE
2026-08-18T16:28:38.773141,0.0000000,0.0000000,0.00,0.0000,0.0000,0.0000,0.0,0.00,0.000,0.000,IDLE
2026-08-18T16:28:39.773193,0.0000000,0.0000000,0.00,0.0000,0.0000,0.0000,0.0,0.00,0.000,0.000,IDLE
2026-08-18T16:28:40.773424,0.0000000,0.0000000,0.00,0.0000,0.0000,0.0000,0.0,0.00,0.000,0.000,IDLE
2026-08-18T16:28:41.773195,0.0000000,0.0000000,0.00,0.0000,0.0000,0.0000,0.0,0.00,0.000,0.000,IDLE
2026-08-18T16:28:42.773227,0.0000000,0.0000000,0.00,0.0000,0.0000,0.0000,0.0,0.00,0.000,0.000,IDLE
2026-08-18T16:28:43.773310,0.0000000,0.0000000,0.00,0.0000,0.0000,0.0000,0.0,0.00,0.000,0.000,IDLE
2026-08-18T16:28:44.773114,0.0000000,0.0000000,0.00,0.0000,0.0000,0.0000,0.0,0.00,0.000,0.000,IDLE
2026-08-18T16:28:45.773234,0.0000000,0.0000000,0.00,0.0000,0.0000,0.0000,0.0,0.00,0.000,0.000,IDLE
2026-08-18T16:28:46.773233,0.0000000,0.0000000,0.00,0.0000,0.0000,0.0000,0.0,0.00,0.000,0.000,IDLE
2026-08-18T16:28:47.773111,0.0000000,0.0000000,0.00,0.0000,0.0000,0.0000,0.0,0.00,0.000,0.000,IDLE
2026-08-18T16:28:48.773154,0.0000000,0.0000000,0.00,0.0000,0.0000,0.0000,0.0,0.00,0.000,0.000,IDLE
2026-08-18T16:28:49.773107,0.0000000,0.0000000,0.00,0.0000,0.0000,0.0000,0.0,0.00,0.000,0.000,IDLE
2026-08-18T16:28:50.773248,0.0000000,0.0000000,0.00,0.0000,0.0000,0.0000,0.0,0.00,0.000,0.000,IDLE
2026-08-18T16:28:51.773168,0.0000000,0.0000000,0.00,0.0000,0.0000,0.0000,0.0,0.00,0.000,0.000,IDLE
2026-08-18T16:28:52.773336,0.0000000,0.0000000,0.00,0.0000,0.0000,0.0000,0.0,0.00,0.000,0.000,IDLE
2026-08-18T16:28:53.773113,0.0000000,0.0000000,0.00,0.0000,0.0000,0.0000,0.0,0.00,0.000,0.000,IDLE
2026-08-18T16:28:54.773238,0.0000000,0.0000000,0.00,0.0000,0.0000,0.0000,0.0,0.00,0.000,0.000,IDLE
2026-08-18T16:28:55.773246,0.0000000,0.0000000,0.00,0.0000,0.0000,0.0000,0.0,0.00,0.000,0.000,IDLE
2026-08-18T16:28:56.773129,0.0000000,0.0000000,0.00,0.0000,0.0000,0.0000,0.0,0.00,0.000,0.000,IDLE
2026-08-18T16:28:57.773104,0.0000000,0.0000000,0.00,0.0000,0.0000,0.0000,0.0,0.00,0.000,0.000,IDLE
2026-08-18T16:28:58.773143,0.0000000,0.0000000,0.00,0.0000,0.0000,0.0000,0.0,0.00,0.000,0.000,IDLE
2026-08-18T16:28:59.773116,0.0000000,0.0000000,0.00,0.0000,0.0000,0.0000,0.0,0.00,0.000,0.000,IDLE
2026-08-18T16:29:00.773136,0.0000000,0.0000000,0.00,0.0000,0.0000,0.0000,0.0,0.00,0.000,0.000,IDLE
2026-08-18T16:29:01.773158,0.0000000,0.0000000,0.00,0.0000,0.0000,0.0000,0.0,0.00,0.000,0.000,IDLE
2026-08-18T16:29:02.773310,0.0000000,0.0000000,0.00,0.0000,0.0000,0.0000,0.0,0.00,0.000,0.000,IDLE
2026-08-18T16:29:03.773312,0.0000000,0.0000000,0.00,0.0000,0.0000,0.0000,0.0,0.00,0.000,0.000,IDLE
2026-08-18T16:29:04.773176,0.0000000,0.0000000,0.00,0.0000,0.0000,0.0000,0.0,0.00,0.000,0.000,IDLE
2026-08-18T16:29:05.773127,0.0000000,0.0000000,0.00,0.0000,0.0000,0.0000,0.0,0.00,0.000,0.000,IDLE
2026-08-18T16:29:06.773111,0.0000000,0.0000000,0.00,0.0000,0.0000,0.0000,0.0,0.00,0.000,0.000,IDLE
2026-08-18T16:29:07.773216,0.0000000,0.0000000,0.00,0.0000,0.0000,0.0000,0.0,0.00,0.000,0.000,IDLE
2026-08-18T16:29:08.773209,0.0000000,0.0000000,0.00,0.0000,0.0000,0.0000,0.0,0.00,0.000,0.000,IDLE
2026-08-18T16:29:09.773171,0.0000000,0.0000000,0.00,0.0000,0.0000,0.0000,0.0,0.00,0.000,0.000,IDLE
2026-08-18T16:29:10.773159,0.0000000,0.0000000,0.00,0.0000,0.0000,0.0000,0.0,0.00,0.000,0.000,IDLE
2026-08-18T16:29:11.773123,0.0000000,0.0000000,0.00,0.0000,0.0000,0.0000,0.0,0.00,0.000,0.000,IDLE
2026-08-18T16:29:12.773278,0.0000000,0.0000000,0.00,0.0000,0.0000,0.0000,0.0,0.00,0.000,0.000,IDLE
2026-08-18T16:29:13.773150,0.0000000,0.0000000,0.00,0.0000,0.0000,0.0000,0.0,0.00,0.000,0.000,IDLE
2026-08-18T16:29:14.773178,0.0000000,0.0000000,0.00,0.0000,0.0000,0.0000,0.0,0.00,0.000,0.000,IDLE
2026-08-18T16:29:15.773237,0.0000000,0.0000000,0.00,0.0000,0.0000,0.0000,0.0,0.00,0.000,0.000,IDLE
2026-08-18T16:29:16.773184,0.0000000,0.0000000,0.00,0.0000,0.0000,0.0000,0.0,0.00,0.000,0.000,IDLE
2026-08-18T16:29:17.773272,0.0000000,0.0000000,0.00,0.0000,0.0000,0.0000,0.0,0.00,0.000,0.000,IDLE
2026-08-18T16:29:18.773343,0.0000000,0.0000000,0.00,0.0000,0.0000,0.0000,0.0,0.00,0.000,0.000,IDLE
2026-08-18T16:29:19.773237,0.0000000,0.0000000,0.00,0.0000,0.0000,0.0000,0.0,0.00,0.000,0.000,IDLE
2026-08-18T16:29:20.773264,0.0000000,0.0000000,0.00,0.0000,0.0000,0.0000,0.0,0.00,0.000,0.000,IDLE
2026-08-18T16:29:21.773235,0.0000000,0.0000000,0.00,0.0000,0.0000,0.0000,0.0,0.00,0.000,0.000,IDLE
2026-08-18T16:29:22.773166,0.0000000,0.0000000,0.00,0.0000,0.0000,0.0000,0.0,0.00,0.000,0.000,IDLE
2026-08-18T16:29:23.773153,0.0000000,0.0000000,0.00,0.0000,0.0000,0.0000,0.0,0.00,0.000,0.000,IDLE
2026-08-18T16:29:24.773277,0.0000000,0.0000000,0.00,0.0000,0.0000,0.0000,0.0,0.00,0.000,0.000,IDLE
2026-08-18T16:29:25.773216,0.0000000,0.0000000,0.00,0.0000,0.0000,0.0000,0.0,0.00,0.000,0.000,IDLE
2026-08-18T16:29:26.773185,0.0000000,0.0000000,0.00,0.0000,0.0000,0.0000,0.0,0.00,0.000,0.000,IDLE
2026-08-18T16:29:27.773231,0.0000000,0.0000000,0.00,0.0000,0.0000,0.0000,0.0,0.00,0.000,0.000,IDLE
2026-08-18T16:29:28.773192,0.0000000,0.0000000,0.00,0.0000,0.0000,0.0000,0.0,0.00,0.000,0.000,IDLE
2026-08-18T16:29:29.773240,0.0000000,0.0000000,0.00,0.0000,0.0000,0.0000,0.0,0.00,0.000,0.000,IDLE
2026-08-18T16:29:30.773266,0.0000000,0.0000000,0.00,0.0000,0.0000,0.0000,0.0,0.00,0.000,0.000,IDLE
2026-08-18T16:29:31.773217,0.0000000,0.0000000,0.00,0.0000,0.0000,0.0000,0.0,0.00,0.000,0.000,IDLE
2026-08-18T16:29:32.773221,0.0000000,0.0000000,0.00,0.0000,0.0000,0.0000,0.0,0.00,0.000,0.000,IDLE
2026-08-18T16:29:33.773281,0.0000000,0.0000000,0.00,0.0000,0.0000,0.0000,0.0,0.00,0.000,0.000,IDLE
2026-08-18T16:29:34.773228,0.0000000,0.0000000,0.00,0.0000,0.0000,0.0000,0.0,0.00,0.000,0.000,IDLE
2026-08-18T16:29:35.773738,0.0000000,0.0000000,0.00,0.0000,0.0000,0.0000,0.0,0.00,0.000,0.000,IDLE
2026-08-18T16:29:36.773200,0.0000000,0.0000000,0.00,0.0000,0.0000,0.0000,0.0,0.00,0.000,0.000,IDLE
2026-08-18T16:29:37.773255,0.0000000,0.0000000,0.00,0.0000,0.0000,0.0000,0.0,0.00,0.000,0.000,IDLE
2026-08-18T16:29:38.773319,0.0000000,0.0000000,0.00,0.0000,0.0000,0.0000,0.0,0.00,0.000,0.000,IDLE
2026-08-18T16:29:39.773252,0.0000000,0.0000000,0.00,0.0000,0.0000,0.0000,0.0,0.00,0.000,0.000,IDLE
2026-08-18T16:29:40.773114,0.0000000,0.0000000,0.00,0.0000,0.0000,0.0000,0.0,0.00,0.000,0.000,IDLE
2026-08-18T16:29:41.773124,0.0000000,0.0000000,0.00,0.0000,0.0000,0.0000,0.0,0.00,0.000,0.000,IDLE
2026-08-18T16:29:42.773260,0.0000000,0.0000000,0.00,0.0000,0.0000,0.0000,0.0,0.00,0.000,0.000,IDLE
2026-08-18T16:29:43.773108,0.0000000,0.0000000,0.00,0.0000,0.0000,0.0000,0.0,0.00,0.000,0.000,IDLE
2026-08-18T16:29:44.773180,0.0000000,0.0000000,0.00,0.0000,0.0000,0.0000,0.0,0.00,0.000,0.000,IDLE
2026-08-18T16:29:45.773284,0.0000000,0.0000000,0.00,0.0000,0.0000,0.0000,0.0,0.00,0.000,0.000,IDLE
2026-08-18T16:29:46.773271,0.0000000,0.0000000,0.00,0.0000,0.0000,0.0000,0.0,0.00,0.000,0.000,IDLE
2026-08-18T16:29:47.773145,0.0000000,0.0000000,0.00,0.0000,0.0000,0.0000,0.0,0.00,0.000,0.000,IDLE
2026-08-18T16:29:48.773113,0.0000000,0.0000000,0.00,0.0000,0.0000,0.0000,0.0,0.00,0.000,0.000,IDLE
2026-08-18T16:29:49.773278,0.0000000,0.0000000,0.00,0.0000,0.0000,0.0000,0.0,0.00,0.000,0.000,IDLE
2026-08-18T16:29:50.773289,0.0000000,0.0000000,0.00,0.0000,0.0000,0.0000,0.0,0.00,0.000,0.000,IDLE
2026-08-18T16:29:51.773408,0.0000000,0.0000000,0.00,0.0000,0.0000,0.0000,0.0,0.00,0.000,0.000,IDLE
2026-08-18T16:29:52.773108,0.0000000,0.0000000,0.00,0.0000,0.0000,0.0000,0.0,0.00,0.000,0.000,IDLE
2026-08-18T16:29:53.773129,0.0000000,0.0000000,0.00,0.0000,0.0000,0.0000,0.0,0.00,0.000,0.000,IDLE
2026-08-18T16:29:54.773121,0.0000000,0.0000000,0.00,0.0000,0.0000,0.0000,0.0,0.00,0.000,0.000,IDLE
2026-08-18T16:29:55.773237,0.0000000,0.0000000,0.00,0.0000,0.0000,0.0000,0.0,0.00,0.000,0.000,IDLE
2026-08-18T16:29:56.773102,0.0000000,0.0000000,0.00,0.0000,0.0000,0.0000,0.0,0.00,0.000,0.000,IDLE
2026-08-18T16:29:57.773107,0.0000000,0.0000000,0.00,0.0000,0.0000,0.0000,0.0,0.00,0.000,0.000,IDLE
2026-08-18T16:29:58.773222,0.0000000,0.0000000,0.00,0.0000,0.0000,0.0000,0.0,0.00,0.000,0.000,IDLE
2026-08-18T16:29:59.773137,0.0000000,0.0000000,0.00,0.0000,0.0000,0.0000,0.0,0.00,0.000,0.000,IDLE
2026-08-18T16:30:00.773171,0.0000000,0.0000000,0.00,0.0000,0.0000,0.0000,0.0,0.00,0.000,0.000,IDLE
2026-08-18T16:30:01.773115,0.0000000,0.0000000,0.00,0.0000,0.0000,0.0000,0.0,0.00,0.000,0.000,IDLE
2026-08-18T16:30:02.773126,0.0000000,0.0000000,0.00,0.0000,0.0000,0.0000,0.0,0.00,0.000,0.000,IDLE
2026-08-18T16:30:03.773122,0.0000000,0.0000000,0.00,0.0000,0.0000,0.0000,0.0,0.00,0.000,0.000,IDLE
2026-08-18T16:30:04.773150,0.0000000,0.0000000,0.00,0.0000,0.0000,0.0000,0.0,0.00,0.000,0.000,IDLE
2026-08-18T16:30:05.773118,0.0000000,0.0000000,0.00,0.0000,0.0000,0.0000,0.0,0.00,0.000,0.000,IDLE
2026-08-18T16:30:06.773151,0.0000000,0.0000000,0.00,0.0000,0.0000,0.0000,0.0,0.00,0.000,0.000,IDLE
2026-08-18T16:30:07.773198,0.0000000,0.0000000,0.00,0.0000,0.0000,0.0000,0.0,0.00,0.000,0.000,IDLE
2026-08-18T16:30:08.773173,0.0000000,0.0000000,0.00,0.0000,0.0000,0.0000,0.0,0.00,0.000,0.000,IDLE
2026-08-18T16:30:09.773123,0.0000000,0.0000000,0.00,0.0000,0.0000,0.0000,0.0,0.00,0.000,0.000,IDLE
2026-08-18T16:30:10.773169,0.0000000,0.0000000,0.00,0.0000,0.0000,0.0000,0.0,0.00,0.000,0.000,IDLE
2026-08-18T16:30:11.773181,0.0000000,0.0000000,0.00,0.0000,0.0000,0.0000,0.0,0.00,0.000,0.000,IDLE
2026-08-18T16:30:12.773213,0.0000000,0.0000000,0.00,0.0000,0.0000,0.0000,0.0,0.00,0.000,0.000,IDLE
2026-08-18T16:30:13.773134,0.0000000,0.0000000,0.00,0.0000,0.0000,0.0000,0.0,0.00,0.000,0.000,IDLE
2026-08-18T16:30:14.773122,0.0000000,0.0000000,0.00,0.0000,0.0000,0.0000,0.0,0.00,0.000,0.000,IDLE
2026-08-18T16:30:15.773157,0.0000000,0.0000000,0.00,0.0000,0.0000,0.0000,0.0,0.00,0.000,0.000,IDLE
2026-08-18T16:30:16.773107,0.0000000,0.0000000,0.00,0.0000,0.0000,0.0000,0.0,0.00,0.000,0.000,IDLE
2026-08-18T16:30:17.773179,0.0000000,0.0000000,0.00,0.0000,0.0000,0.0000,0.0,0.00,0.000,0.000,IDLE
2026-08-18T16:30:18.773205,0.0000000,0.0000000,0.00,0.0000,0.0000,0.0000,0.0,0.00,0.000,0.000,IDLE
2026-08-18T16:30:19.773219,0.0000000,0.0000000,0.00,0.0000,0.0000,0.0000,0.0,0.00,0.000,0.000,IDLE
2026-08-18T16:30:20.773225,0.0000000,0.0000000,0.00,0.0000,0.0000,0.0000,0.0,0.00,0.000,0.000,IDLE
2026-08-18T16:30:21.773236,0.0000000,0.0000000,0.00,0.0000,0.0000,0.0000,0.0,0.00,0.000,0.000,IDLE
2026-08-18T16:30:22.773127,0.0000000,0.0000000,0.00,0.0000,0.0000,0.0000,0.0,0.00,0.000,0.000,IDLE
2026-08-18T16:30:23.773128,0.0000000,0.0000000,0.00,0.0000,0.0000,0.0000,0.0,0.00,0.000,0.000,IDLE
2026-08-18T16:30:24.773167,0.0000000,0.0000000,0.00,0.0000,0.0000,0.0000,0.0,0.00,0.000,0.000,IDLE
2026-08-18T16:30:25.773184,0.0000000,0.0000000,0.00,0.0000,0.0000,0.0000,0.0,0.00,0.000,0.000,IDLE
2026-08-18T16:30:26.773119,0.0000000,0.0000000,0.00,0.0000,0.0000,0.0000,0.0,0.00,0.000,0.000,IDLE
2026-08-18T16:30:27.773128,0.0000000,0.0000000,0.00,0.0000,0.0000,0.0000,0.0,0.00,0.000,0.000,IDLE
2026-08-18T16:30:28.773116,0.0000000,0.0000000,0.00,0.0000,0.0000,0.0000,0.0,0.00,0.000,0.000,IDLE
2026-08-18T16:30:29.773289,0.0000000,0.0000000,0.00,0.0000,0.0000,0.0000,0.0,0.00,0.000,0.000,IDLE
2026-08-18T16:30:30.773139,0.0000000,0.0000000,0.00,0.0000,0.0000,0.0000,0.0,0.00,0.000,0.000,IDLE
2026-08-18T16:30:31.773120,0.0000000,0.0000000,0.00,0.0000,0.0000,0.0000,0.0,0.00,0.000,0.000,IDLE
2026-08-18T16:30:32.773210,0.0000000,0.0000000,0.00,0.0000,0.0000,0.0000,0.0,0.00,0.000,0.000,IDLE
2026-08-18T16:30:33.773162,0.0000000,0.0000000,0.00,0.0000,0.0000,0.0000,0.0,0.00,0.000,0.000,IDLE
2026-08-18T16:30:34.773120,0.0000000,0.0000000,0.00,0.0000,0.0000,0.0000,0.0,0.00,0.000,0.000,IDLE
2026-08-18T16:30:35.773242,0.0000000,0.0000000,0.00,0.0000,0.0000,0.0000,0.0,0.00,0.000,0.000,IDLE
2026-08-18T16:30:36.773079,0.0000000,0.0000000,0.00,0.0000,0.0000,0.0000,0.0,0.00,0.000,0.000,IDLE
2026-08-18T16:30:37.773157,0.0000000,0.0000000,0.00,0.0000,0.0000,0.0000,0.0,0.00,0.000,0.000,IDLE
2026-08-18T16:30:38.773311,0.0000000,0.0000000,0.00,0.0000,0.0000,0.0000,0.0,0.00,0.000,0.000,IDLE
2026-08-18T16:30:39.773127,0.0000000,0.0000000,0.00,0.0000,0.0000,0.0000,0.0,0.00,0.000,0.000,IDLE
2026-08-18T16:30:40.773673,0.0000000,0.0000000,0.00,0.0000,0.0000,0.0000,0.0,0.00,0.000,0.000,IDLE
2026-08-18T16:30:41.773180,0.0000000,0.0000000,0.00,0.0000,0.0000,0.0000,0.0,0.00,0.000,0.000,IDLE
2026-08-18T16:30:42.773179,0.0000000,0.0000000,0.00,0.0000,0.0000,0.0000,0.0,0.00,0.000,0.000,IDLE
2026-08-18T16:30:43.773125,0.0000000,0.0000000,0.00,0.0000,0.0000,0.0000,0.0,0.00,0.000,0.000,IDLE
2026-08-18T16:30:44.773113,0.0000000,0.0000000,0.00,0.0000,0.0000,0.0000,0.0,0.00,0.000,0.000,IDLE
2026-08-18T16:30:45.773109,0.0000000,0.0000000,0.00,0.0000,0.0000,0.0000,0.0,0.00,0.000,0.000,IDLE
2026-08-18T16:30:46.773125,0.0000000,0.0000000,0.00,0.0000,0.0000,0.0000,0.0,0.00,0.000,0.000,IDLE
2026-08-18T16:30:47.773230,0.0000000,0.0000000,0.00,0.0000,0.0000,0.0000,0.0,0.00,0.000,0.000,IDLE
2026-08-18T16:30:48.773164,0.0000000,0.0000000,0.00,0.0000,0.0000,0.0000,0.0,0.00,0.000,0.000,IDLE
2026-08-18T16:30:49.773112,0.0000000,0.0000000,0.00,0.0000,0.0000,0.0000,0.0,0.00,0.000,0.000,IDLE
2026-08-18T16:30:50.773245,0.0000000,0.0000000,0.00,0.0000,0.0000,0.0000,0.0,0.00,0.000,0.000,IDLE
2026-08-18T16:30:51.773243,0.0000000,0.0000000,0.00,0.0000,0.0000,0.0000,0.0,0.00,0.000,0.000,IDLE
2026-08-18T16:30:52.773126,0.0000000,0.0000000,0.00,0.0000,0.0000,0.0000,0.0,0.00,0.000,0.000,IDLE
2026-08-18T16:30:53.773111,0.0000000,0.0000000,0.00,0.0000,0.0000,0.0000,0.0,0.00,0.000,0.000,IDLE
2026-08-18T16:30:54.773140,0.0000000,0.0000000,0.00,0.0000,0.0000,0.0000,0.0,0.00,0.000,0.000,IDLE
2026-08-18T16:30:55.773233,0.0000000,0.0000000,0.00,0.0000,0.0000,0.0000,0.0,0.00,0.000,0.000,IDLE
2026-08-18T16:30:56.773216,0.0000000,0.0000000,0.00,0.0000,0.0000,0.0000,0.0,0.00,0.000,0.000,IDLE
2026-08-18T16:30:57.773154,0.0000000,0.0000000,0.00,0.0000,0.0000,0.0000,0.0,0.00,0.000,0.000,IDLE
2026-08-18T16:30:58.773114,0.0000000,0.0000000,0.00,0.0000,0.0000,0.0000,0.0,0.00,0.000,0.000,IDLE
2026-08-18T16:30:59.773158,0.0000000,0.0000000,0.00,0.0000,0.0000,0.0000,0.0,0.00,0.000,0.000,IDLE
2026-08-18T16:31:00.773211,0.0000000,0.0000000,0.00,0.0000,0.0000,0.0000,0.0,0.00,0.000,0.000,IDLE
2026-08-18T16:31:01.773140,0.0000000,0.0000000,0.00,0.0000,0.0000,0.0000,0.0,0.00,0.000,0.000,IDLE
2026-08-18T16:31:02.773260,0.0000000,0.0000000,0.00,0.0000,0.0000,0.0000,0.0,0.00,0.000,0.000,IDLE
2026-08-18T16:31:03.773114,0.0000000,0.0000000,0.00,0.0000,0.0000,0.0000,0.0,0.00,0.000,0.000,IDLE
2026-08-18T16:31:04.773094,0.0000000,0.0000000,0.00,0.0000,0.0000,0.0000,0.0,0.00,0.000,0.000,IDLE
2026-08-18T16:31:05.773136,0.0000000,0.0000000,0.00,0.0000,0.0000,0.0000,0.0,0.00,0.000,0.000,IDLE
2026-08-18T16:31:06.773158,0.0000000,0.0000000,0.00,0.0000,0.0000,0.0000,0.0,0.00,0.000,0.000,IDLE
2026-08-18T16:31:07.773235,0.0000000,0.0000000,0.00,0.0000,0.0000,0.0000,0.0,0.00,0.000,0.000,IDLE
2026-08-18T16:31:08.773227,0.0000000,0.0000000,0.00,0.0000,0.0000,0.0000,0.0,0.00,0.000,0.000,IDLE
2026-08-18T16:31:09.773170,0.0000000,0.0000000,0.00,0.0000,0.0000,0.0000,0.0,0.00,0.000,0.000,IDLE
2026-08-18T16:31:10.773129,0.0000000,0.0000000,0.00,0.0000,0.0000,0.0000,0.0,0.00,0.000,0.000,IDLE
2026-08-18T16:31:11.773157,0.0000000,0.0000000,0.00,0.0000,0.0000,0.0000,0.0,0.00,0.000,0.000,IDLE
2026-08-18T16:31:12.773145,0.0000000,0.0000000,0.00,0.0000,0.0000,0.0000,0.0,0.00,0.000,0.000,IDLE
2026-08-18T16:31:13.773119,0.0000000,0.0000000,0.00,0.0000,0.0000,0.0000,0.0,0.00,0.000,0.000,IDLE
2026-08-18T16:31:14.773117,0.0000000,0.0000000,0.00,0.0000,0.0000,0.0000,0.0,0.00,0.000,0.000,IDLE
2026-08-18T16:31:15.773238,0.0000000,0.0000000,0.00,0.0000,0.0000,0.0000,0.0,0.00,0.000,0.000,IDLE
2026-08-18T16:31:16.773290,0.0000000,0.0000000,0.00,0.0000,0.0000,0.0000,0.0,0.00,0.000,0.000,IDLE
2026-08-18T16:31:17.773164,0.0000000,0.0000000,0.00,0.0000,0.0000,0.0000,0.0,0.00,0.000,0.000,IDLE
2026-08-18T16:31:18.773116,0.0000000,0.0000000,0.00,0.0000,0.0000,0.0000,0.0,0.00,0.000,0.000,IDLE
2026-08-18T16:31:19.773160,0.0000000,0.0000000,0.00,0.0000,0.0000,0.0000,0.0,0.00,0.000,0.000,IDLE
2026-08-18T16:31:20.773171,0.0000000,0.0000000,0.00,0.0000,0.0000,0.0000,0.0,0.00,0.000,0.000,IDLE
2026-08-18T16:31:21.773161,0.0000000,0.0000000,0.00,0.0000,0.0000,0.0000,0.0,0.00,0.000,0.000,IDLE
2026-08-18T16:31:22.773145,0.0000000,0.0000000,0.00,0.0000,0.0000,0.0000,0.0,0.00,0.000,0.000,IDLE
2026-08-18T16:31:23.773105,0.0000000,0.0000000,0.00,0.0000,0.0000,0.0000,0.0,0.00,0.000,0.000,IDLE
2026-08-18T16:31:24.773256,0.0000000,0.0000000,0.00,0.0000,0.0000,0.0000,0.0,0.00,0.000,0.000,IDLE
2026-08-18T16:31:25.773227,0.0000000,0.0000000,0.00,0.0000,0.0000,0.0000,0.0,0.00,0.000,0.000,IDLE
2026-08-18T16:31:26.773086,0.0000000,0.0000000,0.00,0.0000,0.0000,0.0000,0.0,0.00,0.000,0.000,IDLE
2026-08-18T16:31:27.773150,0.0000000,0.0000000,0.00,0.0000,0.0000,0.0000,0.0,0.00,0.000,0.000,IDLE
2026-08-18T16:31:28.773229,0.0000000,0.0000000,0.00,0.0000,0.0000,0.0000,0.0,0.00,0.000,0.000,IDLE
2026-08-18T16:31:29.773164,0.0000000,0.0000000,0.00,0.0000,0.0000,0.0000,0.0,0.00,0.000,0.000,IDLE
2026-08-18T16:31:30.773269,0.0000000,0.0000000,0.00,0.0000,0.0000,0.0000,0.0,0.00,0.000,0.000,IDLE
2026-08-18T16:31:31.773121,0.0000000,0.0000000,0.00,0.0000,0.0000,0.0000,0.0,0.00,0.000,0.000,IDLE
2026-08-18T16:31:32.773276,0.0000000,0.0000000,0.00,0.0000,0.0000,0.0000,0.0,0.00,0.000,0.000,IDLE
2026-08-18T16:31:33.773168,0.0000000,0.0000000,0.00,0.0000,0.0000,0.0000,0.0,0.00,0.000,0.000,IDLE
2026-08-18T16:31:34.773160,0.0000000,0.0000000,0.00,0.0000,0.0000,0.0000,0.0,0.00,0.000,0.000,IDLE
2026-08-18T16:31:35.773238,0.0000000,0.0000000,0.00,0.0000,0.0000,0.0000,0.0,0.00,0.000,0.000,IDLE
2026-08-18T16:31:36.773217,0.0000000,0.0000000,0.00,0.0000,0.0000,0.0000,0.0,0.00,0.000,0.000,IDLE
2026-08-18T16:31:37.773261,0.0000000,0.0000000,0.00,0.0000,0.0000,0.0000,0.0,0.00,0.000,0.000,IDLE
2026-08-18T16:31:38.773492,0.0000000,0.0000000,0.00,0.0000,0.0000,0.0000,0.0,0.00,0.000,0.000,IDLE
2026-08-18T16:31:39.773095,0.0000000,0.0000000,0.00,0.0000,0.0000,0.0000,0.0,0.00,0.000,0.000,IDLE
2026-08-18T16:31:40.773250,0.0000000,0.0000000,0.00,0.0000,0.0000,0.0000,0.0,0.00,0.000,0.000,IDLE
2026-08-18T16:31:41.773221,0.0000000,0.0000000,0.00,0.0000,0.0000,0.0000,0.0,0.00,0.000,0.000,IDLE
2026-08-18T16:31:42.773142,0.0000000,0.0000000,0.00,0.0000,0.0000,0.0000,0.0,0.00,0.000,0.000,IDLE
2026-08-18T16:31:43.773089,0.0000000,0.0000000,0.00,0.0000,0.0000,0.0000,0.0,0.00,0.000,0.000,IDLE
2026-08-18T16:31:44.773161,0.0000000,0.0000000,0.00,0.0000,0.0000,0.0000,0.0,0.00,0.000,0.000,IDLE
2026-08-18T16:31:45.773100,0.0000000,0.0000000,0.00,0.0000,0.0000,0.0000,0.0,0.00,0.000,0.000,IDLE
2026-08-18T16:31:46.773146,0.0000000,0.0000000,0.00,0.0000,0.0000,0.0000,0.0,0.00,0.000,0.000,IDLE
2026-08-18T16:31:47.773160,0.0000000,0.0000000,0.00,0.0000,0.0000,0.0000,0.0,0.00,0.000,0.000,IDLE
2026-08-18T16:31:48.773098,0.0000000,0.0000000,0.00,0.0000,0.0000,0.0000,0.0,0.00,0.000,0.000,IDLE
2026-08-18T16:31:49.773141,0.0000000,0.0000000,0.00,0.0000,0.0000,0.0000,0.0,0.00,0.000,0.000,IDLE
2026-08-18T16:31:50.773231,0.0000000,0.0000000,0.00,0.0000,0.0000,0.0000,0.0,0.00,0.000,0.000,IDLE
2026-08-18T16:31:51.773115,0.0000000,0.0000000,0.00,0.0000,0.0000,0.0000,0.0,0.00,0.000,0.000,IDLE
2026-08-18T16:31:52.773129,0.0000000,0.0000000,0.00,0.0000,0.0000,0.0000,0.0,0.00,0.000,0.000,IDLE
2026-08-18T16:31:53.773141,0.0000000,0.0000000,0.00,0.0000,0.0000,0.0000,0.0,0.00,0.000,0.000,IDLE
2026-08-18T16:31:54.773239,0.0000000,0.0000000,0.00,0.0000,0.0000,0.0000,0.0,0.00,0.000,0.000,IDLE
2026-08-18T16:31:55.773290,0.0000000,0.0000000,0.00,0.0000,0.0000,0.0000,0.0,0.00,0.000,0.000,IDLE
2026-08-18T16:31:56.773256,0.0000000,0.0000000,0.00,0.0000,0.0000,0.0000,0.0,0.00,0.000,0.000,IDLE
2026-08-18T16:31:57.773099,0.0000000,0.0000000,0.00,0.0000,0.0000,0.0000,0.0,0.00,0.000,0.000,IDLE
2026-08-18T16:31:58.773247,0.0000000,0.0000000,0.00,0.0000,0.0000,0.0000,0.0,0.00,0.000,0.000,IDLE
2026-08-18T16:31:59.773195,0.0000000,0.0000000,0.00,0.0000,0.0000,0.0000,0.0,0.00,0.000,0.000,IDLE
2026-08-18T16:32:00.773134,0.0000000,0.0000000,0.00,0.0000,0.0000,0.0000,0.0,0.00,0.000,0.000,IDLE
2026-08-18T16:32:01.773157,0.0000000,0.0000000,0.00,0.0000,0.0000,0.0000,0.0,0.00,0.000,0.000,IDLE
2026-08-18T16:32:02.773221,0.0000000,0.0000000,0.00,0.0000,0.0000,0.0000,0.0,0.00,0.000,0.000,IDLE
2026-08-18T16:32:03.773113,0.0000000,0.0000000,0.00,0.0000,0.0000,0.0000,0.0,0.00,0.000,0.000,IDLE
2026-08-18T16:32:04.773145,0.0000000,0.0000000,0.00,0.0000,0.0000,0.0000,0.0,0.00,0.000,0.000,IDLE
2026-08-18T16:32:05.773123,0.0000000,0.0000000,0.00,0.0000,0.0000,0.0000,0.0,0.00,0.000,0.000,IDLE
2026-08-18T16:32:06.773135,0.0000000,0.0000000,0.00,0.0000,0.0000,0.0000,0.0,0.00,0.000,0.000,IDLE
2026-08-18T16:32:07.773184,0.0000000,0.0000000,0.00,0.0000,0.0000,0.0000,0.0,0.00,0.000,0.000,IDLE
2026-08-18T16:32:08.773105,0.0000000,0.0000000,0.00,0.0000,0.0000,0.0000,0.0,0.00,0.000,0.000,IDLE
2026-08-18T16:32:09.773105,0.0000000,0.0000000,0.00,0.0000,0.0000,0.0000,0.0,0.00,0.000,0.000,IDLE
2026-08-18T16:32:10.773240,0.0000000,0.0000000,0.00,0.0000,0.0000,0.0000,0.0,0.00,0.000,0.000,IDLE
2026-08-18T16:32:11.773220,0.0000000,0.0000000,0.00,0.0000,0.0000,0.0000,0.0,0.00,0.000,0.000,IDLE
2026-08-18T16:32:12.773255,0.0000000,0.0000000,0.00,0.0000,0.0000,0.0000,0.0,0.00,0.000,0.000,IDLE
2026-08-18T16:32:13.773129,0.0000000,0.0000000,0.00,0.0000,0.0000,0.0000,0.0,0.00,0.000,0.000,IDLE
2026-08-18T16:32:14.773128,0.0000000,0.0000000,0.00,0.0000,0.0000,0.0000,0.0,0.00,0.000,0.000,IDLE
2026-08-18T16:32:15.773224,0.0000000,0.0000000,0.00,0.0000,0.0000,0.0000,0.0,0.00,0.000,0.000,IDLE
2026-08-18T16:32:16.773220,0.0000000,0.0000000,0.00,0.0000,0.0000,0.0000,0.0,0.00,0.000,0.000,IDLE
2026-08-18T16:32:17.773186,0.0000000,0.0000000,0.00,0.0000,0.0000,0.0000,0.0,0.00,0.000,0.000,IDLE
2026-08-18T16:32:18.773184,0.0000000,0.0000000,0.00,0.0000,0.0000,0.0000,0.0,0.00,0.000,0.000,IDLE
2026-08-18T16:32:19.773122,0.0000000,0.0000000,0.00,0.0000,0.0000,0.0000,0.0,0.00,0.000,0.000,IDLE
2026-08-18T16:32:20.773214,0.0000000,0.0000000,0.00,0.0000,0.0000,0.0000,0.0,0.00,0.000,0.000,IDLE
2026-08-18T16:32:21.773142,0.0000000,0.0000000,0.00,0.0000,0.0000,0.0000,0.0,0.00,0.000,0.000,IDLE
2026-08-18T16:32:22.773101,0.0000000,0.0000000,0.00,0.0000,0.0000,0.0000,0.0,0.00,0.000,0.000,IDLE
2026-08-18T16:32:23.773237,0.0000000,0.0000000,0.00,0.0000,0.0000,0.0000,0.0,0.00,0.000,0.000,IDLE
2026-08-18T16:32:24.773297,0.0000000,0.0000000,0.00,0.0000,0.0000,0.0000,0.0,0.00,0.000,0.000,IDLE
2026-08-18T16:32:25.773231,0.0000000,0.0000000,0.00,0.0000,0.0000,0.0000,0.0,0.00,0.000,0.000,IDLE
2026-08-18T16:32:26.773234,0.0000000,0.0000000,0.00,0.0000,0.0000,0.0000,0.0,0.00,0.000,0.000,IDLE
2026-08-18T16:32:27.773137,0.0000000,0.0000000,0.00,0.0000,0.0000,0.0000,0.0,0.00,0.000,0.000,IDLE
2026-08-18T16:32:28.773225,0.0000000,0.0000000,0.00,0.0000,0.0000,0.0000,0.0,0.00,0.000,0.000,IDLE
2026-08-18T16:32:29.773232,0.0000000,0.0000000,0.00,0.0000,0.0000,0.0000,0.0,0.00,0.000,0.000,IDLE
2026-08-18T16:32:30.773109,0.0000000,0.0000000,0.00,0.0000,0.0000,0.0000,0.0,0.00,0.000,0.000,IDLE
2026-08-18T16:32:31.773077,0.0000000,0.0000000,0.00,0.0000,0.0000,0.0000,0.0,0.00,0.000,0.000,IDLE
2026-08-18T16:32:32.773145,0.0000000,0.0000000,0.00,0.0000,0.0000,0.0000,0.0,0.00,0.000,0.000,IDLE
2026-08-18T16:32:33.773118,0.0000000,0.0000000,0.00,0.0000,0.0000,0.0000,0.0,0.00,0.000,0.000,IDLE
2026-08-18T16:32:34.773097,0.0000000,0.0000000,0.00,0.0000,0.0000,0.0000,0.0,0.00,0.000,0.000,IDLE
2026-08-18T16:32:35.773107,0.0000000,0.0000000,0.00,0.0000,0.0000,0.0000,0.0,0.00,0.000,0.000,IDLE
2026-08-18T16:32:36.773230,0.0000000,0.0000000,0.00,0.0000,0.0000,0.0000,0.0,0.00,0.000,0.000,IDLE
2026-08-18T16:32:37.773227,0.0000000,0.0000000,0.00,0.0000,0.0000,0.0000,0.0,0.00,0.000,0.000,IDLE
2026-08-18T16:32:38.773200,0.0000000,0.0000000,0.00,0.0000,0.0000,0.0000,0.0,0.00,0.000,0.000,IDLE
2026-08-18T16:32:39.773112,0.0000000,0.0000000,0.00,0.0000,0.0000,0.0000,0.0,0.00,0.000,0.000,IDLE
2026-08-18T16:32:40.773137,0.0000000,0.0000000,0.00,0.0000,0.0000,0.0000,0.0,0.00,0.000,0.000,IDLE
2026-08-18T16:32:41.773225,0.0000000,0.0000000,0.00,0.0000,0.0000,0.0000,0.0,0.00,0.000,0.000,IDLE
2026-08-18T16:32:42.773138,0.0000000,0.0000000,0.00,0.0000,0.0000,0.0000,0.0,0.00,0.000,0.000,IDLE
2026-08-18T16:32:43.773138,0.0000000,0.0000000,0.00,0.0000,0.0000,0.0000,0.0,0.00,0.000,0.000,IDLE
2026-08-18T16:32:44.773109,0.0000000,0.0000000,0.00,0.0000,0.0000,0.0000,0.0,0.00,0.000,0.000,IDLE
2026-08-18T16:32:45.773108,0.0000000,0.0000000,0.00,0.0000,0.0000,0.0000,0.0,0.00,0.000,0.000,IDLE
2026-08-18T16:32:46.773130,0.0000000,0.0000000,0.00,0.0000,0.0000,0.0000,0.0,0.00,0.000,0.000,IDLE
2026-08-18T16:32:47.773132,0.0000000,0.0000000,0.00,0.0000,0.0000,0.0000,0.0,0.00,0.000,0.000,IDLE
2026-08-18T16:32:48.773109,0.0000000,0.0000000,0.00,0.0000,0.0000,0.0000,0.0,0.00,0.000,0.000,IDLE
2026-08-18T16:32:49.773218,0.0000000,0.0000000,0.00,0.0000,0.0000,0.0000,0.0,0.00,0.000,0.000,IDLE
2026-08-18T16:32:50.773110,0.0000000,0.0000000,0.00,0.0000,0.0000,0.0000,0.0,0.00,0.000,0.000,IDLE
2026-08-18T16:32:51.773105,0.0000000,0.0000000,0.00,0.0000,0.0000,0.0000,0.0,0.00,0.000,0.000,IDLE
2026-08-18T16:32:52.773116,0.0000000,0.0000000,0.00,0.0000,0.0000,0.0000,0.0,0.00,0.000,0.000,IDLE
2026-08-18T16:32:53.773139,0.0000000,0.0000000,0.00,0.0000,0.0000,0.0000,0.0,0.00,0.000,0.000,IDLE
2026-08-18T16:32:54.773124,0.0000000,0.0000000,0.00,0.0000,0.0000,0.0000,0.0,0.00,0.000,0.000,IDLE
2026-08-18T16:32:55.773118,0.0000000,0.0000000,0.00,0.0000,0.0000,0.0000,0.0,0.00,0.000,0.000,IDLE
2026-08-18T16:32:56.773132,0.0000000,0.0000000,0.00,0.0000,0.0000,0.0000,0.0,0.00,0.000,0.000,IDLE
2026-08-18T16:32:57.773133,0.0000000,0.0000000,0.00,0.0000,0.0000,0.0000,0.0,0.00,0.000,0.000,IDLE
2026-08-18T16:32:58.773180,0.0000000,0.0000000,0.00,0.0000,0.0000,0.0000,0.0,0.00,0.000,0.000,IDLE
2026-08-18T16:32:59.773128,0.0000000,0.0000000,0.00,0.0000,0.0000,0.0000,0.0,0.00,0.000,0.000,IDLE
2026-08-18T16:33:00.773259,0.0000000,0.0000000,0.00,0.0000,0.0000,0.0000,0.0,0.00,0.000,0.000,IDLE
2026-08-18T16:33:01.773125,0.0000000,0.0000000,0.00,0.0000,0.0000,0.0000,0.0,0.00,0.000,0.000,IDLE
2026-08-18T16:33:02.773119,0.0000000,0.0000000,0.00,0.0000,0.0000,0.0000,0.0,0.00,0.000,0.000,IDLE
2026-08-18T16:33:03.773129,0.0000000,0.0000000,0.00,0.0000,0.0000,0.0000,0.0,0.00,0.000,0.000,IDLE
2026-08-18T16:33:04.773154,0.0000000,0.0000000,0.00,0.0000,0.0000,0.0000,0.0,0.00,0.000,0.000,IDLE
2026-08-18T16:33:05.773119,0.0000000,0.0000000,0.00,0.0000,0.0000,0.0000,0.0,0.00,0.000,0.000,IDLE
2026-08-18T16:33:06.773226,0.0000000,0.0000000,0.00,0.0000,0.0000,0.0000,0.0,0.00,0.000,0.000,IDLE
2026-08-18T16:33:07.773192,0.0000000,0.0000000,0.00,0.0000,0.0000,0.0000,0.0,0.00,0.000,0.000,IDLE
2026-08-18T16:33:08.773126,0.0000000,0.0000000,0.00,0.0000,0.0000,0.0000,0.0,0.00,0.000,0.000,IDLE
2026-08-18T16:33:09.773113,0.0000000,0.0000000,0.00,0.0000,0.0000,0.0000,0.0,0.00,0.000,0.000,IDLE
2026-08-18T16:33:10.773242,0.0000000,0.0000000,0.00,0.0000,0.0000,0.0000,0.0,0.00,0.000,0.000,IDLE
2026-08-18T16:33:11.773216,0.0000000,0.0000000,0.00,0.0000,0.0000,0.0000,0.0,0.00,0.000,0.000,IDLE
2026-08-18T16:33:12.773124,0.0000000,0.0000000,0.00,0.0000,0.0000,0.0000,0.0,0.00,0.000,0.000,IDLE
2026-08-18T16:33:13.773147,0.0000000,0.0000000,0.00,0.0000,0.0000,0.0000,0.0,0.00,0.000,0.000,IDLE
2026-08-18T16:33:14.773213,0.0000000,0.0000000,0.00,0.0000,0.0000,0.0000,0.0,0.00,0.000,0.000,IDLE
2026-08-18T16:33:15.773167,0.0000000,0.0000000,0.00,0.0000,0.0000,0.0000,0.0,0.00,0.000,0.000,IDLE
2026-08-18T16:33:16.773223,0.0000000,0.0000000,0.00,0.0000,0.0000,0.0000,0.0,0.00,0.000,0.000,IDLE
2026-08-18T16:33:17.773107,0.0000000,0.0000000,0.00,0.0000,0.0000,0.0000,0.0,0.00,0.000,0.000,IDLE
2026-08-18T16:33:18.773112,0.0000000,0.0000000,0.00,0.0000,0.0000,0.0000,0.0,0.00,0.000,0.000,IDLE
2026-08-18T16:33:19.773126,0.0000000,0.0000000,0.00,0.0000,0.0000,0.0000,0.0,0.00,0.000,0.000,IDLE
2026-08-18T16:33:20.773104,0.0000000,0.0000000,0.00,0.0000,0.0000,0.0000,0.0,0.00,0.000,0.000,IDLE
2026-08-18T16:33:21.773162,0.0000000,0.0000000,0.00,0.0000,0.0000,0.0000,0.0,0.00,0.000,0.000,IDLE
2026-08-18T16:33:22.773112,0.0000000,0.0000000,0.00,0.0000,0.0000,0.0000,0.0,0.00,0.000,0.000,IDLE
2026-08-18T16:33:23.773143,0.0000000,0.0000000,0.00,0.0000,0.0000,0.0000,0.0,0.00,0.000,0.000,IDLE
2026-08-18T16:33:24.773156,0.0000000,0.0000000,0.00,0.0000,0.0000,0.0000,0.0,0.00,0.000,0.000,IDLE
2026-08-18T16:33:25.773231,0.0000000,0.0000000,0.00,0.0000,0.0000,0.0000,0.0,0.00,0.000,0.000,IDLE
2026-08-18T16:33:26.773166,0.0000000,0.0000000,0.00,0.0000,0.0000,0.0000,0.0,0.00,0.000,0.000,IDLE
2026-08-18T16:33:27.773098,0.0000000,0.0000000,0.00,0.0000,0.0000,0.0000,0.0,0.00,0.000,0.000,IDLE
2026-08-18T16:33:28.773176,0.0000000,0.0000000,0.00,0.0000,0.0000,0.0000,0.0,0.00,0.000,0.000,IDLE
2026-08-18T16:33:29.773222,0.0000000,0.0000000,0.00,0.0000,0.0000,0.0000,0.0,0.00,0.000,0.000,IDLE
2026-08-18T16:33:30.773178,0.0000000,0.0000000,0.00,0.0000,0.0000,0.0000,0.0,0.00,0.000,0.000,IDLE
2026-08-18T16:33:31.773220,0.0000000,0.0000000,0.00,0.0000,0.0000,0.0000,0.0,0.00,0.000,0.000,IDLE
2026-08-18T16:33:32.773176,0.0000000,0.0000000,0.00,0.0000,0.0000,0.0000,0.0,0.00,0.000,0.000,IDLE
2026-08-18T16:33:33.773182,0.0000000,0.0000000,0.00,0.0000,0.0000,0.0000,0.0,0.00,0.000,0.000,IDLE
2026-08-18T16:33:34.773153,0.0000000,0.0000000,0.00,0.0000,0.0000,0.0000,0.0,0.00,0.000,0.000,IDLE
2026-08-18T16:33:35.773116,0.0000000,0.0000000,0.00,0.0000,0.0000,0.0000,0.0,0.00,0.000,0.000,IDLE
2026-08-18T16:33:36.773183,0.0000000,0.0000000,0.00,0.0000,0.0000,0.0000,0.0,0.00,0.000,0.000,IDLE
2026-08-18T16:33:37.773267,0.0000000,0.0000000,0.00,0.0000,0.0000,0.0000,0.0,0.00,0.000,0.000,IDLE
2026-08-18T16:33:38.773098,0.0000000,0.0000000,0.00,0.0000,0.0000,0.0000,0.0,0.00,0.000,0.000,IDLE
2026-08-18T16:33:39.773096,0.0000000,0.0000000,0.00,0.0000,0.0000,0.0000,0.0,0.00,0.000,0.000,IDLE
2026-08-18T16:33:40.773263,0.0000000,0.0000000,0.00,0.0000,0.0000,0.0000,0.0,0.00,0.000,0.000,IDLE
2026-08-18T16:33:41.773242,0.0000000,0.0000000,0.00,0.0000,0.0000,0.0000,0.0,0.00,0.000,0.000,IDLE
2026-08-18T16:33:42.773101,0.0000000,0.0000000,0.00,0.0000,0.0000,0.0000,0.0,0.00,0.000,0.000,IDLE
2026-08-18T16:33:43.773183,0.0000000,0.0000000,0.00,0.0000,0.0000,0.0000,0.0,0.00,0.000,0.000,IDLE
2026-08-18T16:33:44.773105,0.0000000,0.0000000,0.00,0.0000,0.0000,0.0000,0.0,0.00,0.000,0.000,IDLE
2026-08-18T16:33:45.773156,0.0000000,0.0000000,0.00,0.0000,0.0000,0.0000,0.0,0.00,0.000,0.000,IDLE
2026-08-18T16:33:46.773305,0.0000000,0.0000000,0.00,0.0000,0.0000,0.0000,0.0,0.00,0.000,0.000,IDLE
2026-08-18T16:33:47.773210,0.0000000,0.0000000,0.00,0.0000,0.0000,0.0000,0.0,0.00,0.000,0.000,IDLE
2026-08-18T16:33:48.775333,0.0000000,0.0000000,0.00,0.0000,0.0000,0.0000,0.0,0.00,0.000,0.000,IDLE
2026-08-18T16:33:49.773160,0.0000000,0.0000000,0.00,0.0000,0.0000,0.0000,0.0,0.00,0.000,0.000,IDLE
2026-08-18T16:33:50.773209,0.0000000,0.0000000,0.00,0.0000,0.0000,0.0000,0.0,0.00,0.000,0.000,IDLE
2026-08-18T16:33:51.773197,0.0000000,0.0000000,0.00,0.0000,0.0000,0.0000,0.0,0.00,0.000,0.000,IDLE
2026-08-18T16:33:52.773216,0.0000000,0.0000000,0.00,0.0000,0.0000,0.0000,0.0,0.00,0.000,0.000,IDLE
2026-08-18T16:33:53.773140,0.0000000,0.0000000,0.00,0.0000,0.0000,0.0000,0.0,0.00,0.000,0.000,IDLE
2026-08-18T16:33:54.773162,0.0000000,0.0000000,0.00,0.0000,0.0000,0.0000,0.0,0.00,0.000,0.000,IDLE
2026-08-18T16:33:55.773156,0.0000000,0.0000000,0.00,0.0000,0.0000,0.0000,0.0,0.00,0.000,0.000,IDLE
2026-08-18T16:33:56.773124,0.0000000,0.0000000,0.00,0.0000,0.0000,0.0000,0.0,0.00,0.000,0.000,IDLE
2026-08-18T16:33:57.773118,0.0000000,0.0000000,0.00,0.0000,0.0000,0.0000,0.0,0.00,0.000,0.000,IDLE
2026-08-18T16:33:58.773130,0.0000000,0.0000000,0.00,0.0000,0.0000,0.0000,0.0,0.00,0.000,0.000,IDLE
2026-08-18T16:33:59.773117,0.0000000,0.0000000,0.00,0.0000,0.0000,0.0000,0.0,0.00,0.000,0.000,IDLE
2026-08-18T16:34:00.773181,0.0000000,0.0000000,0.00,0.0000,0.0000,0.0000,0.0,0.00,0.000,0.000,IDLE
2026-08-18T16:34:01.773106,0.0000000,0.0000000,0.00,0.0000,0.0000,0.0000,0.0,0.00,0.000,0.000,IDLE
2026-08-18T16:34:02.773154,0.0000000,0.0000000,0.00,0.0000,0.0000,0.0000,0.0,0.00,0.000,0.000,IDLE
2026-08-18T16:34:03.773142,0.0000000,0.0000000,0.00,0.0000,0.0000,0.0000,0.0,0.00,0.000,0.000,IDLE
2026-08-18T16:34:04.773142,0.0000000,0.0000000,0.00,0.0000,0.0000,0.0000,0.0,0.00,0.000,0.000,IDLE
2026-08-18T16:34:05.773136,0.0000000,0.0000000,0.00,0.0000,0.0000,0.0000,0.0,0.00,0.000,0.000,IDLE
2026-08-18T16:34:06.773211,0.0000000,0.0000000,0.00,0.0000,0.0000,0.0000,0.0,0.00,0.000,0.000,IDLE
2026-08-18T16:34:07.773131,0.0000000,0.0000000,0.00,0.0000,0.0000,0.0000,0.0,0.00,0.000,0.000,IDLE
2026-08-18T16:34:08.773173,0.0000000,0.0000000,0.00,0.0000,0.0000,0.0000,0.0,0.00,0.000,0.000,IDLE
2026-08-18T16:34:09.773242,0.0000000,0.0000000,0.00,0.0000,0.0000,0.0000,0.0,0.00,0.000,0.000,IDLE
2026-08-18T16:34:10.773246,0.0000000,0.0000000,0.00,0.0000,0.0000,0.0000,0.0,0.00,0.000,0.000,IDLE
2026-08-18T16:34:11.773205,0.0000000,0.0000000,0.00,0.0000,0.0000,0.0000,0.0,0.00,0.000,0.000,IDLE
2026-08-18T16:34:12.773236,0.0000000,0.0000000,0.00,0.0000,0.0000,0.0000,0.0,0.00,0.000,0.000,IDLE
2026-08-18T16:34:13.773103,0.0000000,0.0000000,0.00,0.0000,0.0000,0.0000,0.0,0.00,0.000,0.000,IDLE
2026-08-18T16:34:14.773139,0.0000000,0.0000000,0.00,0.0000,0.0000,0.0000,0.0,0.00,0.000,0.000,IDLE
2026-08-18T16:34:15.773211,0.0000000,0.0000000,0.00,0.0000,0.0000,0.0000,0.0,0.00,0.000,0.000,IDLE
2026-08-18T16:34:16.773217,0.0000000,0.0000000,0.00,0.0000,0.0000,0.0000,0.0,0.00,0.000,0.000,IDLE
2026-08-18T16:34:17.773173,0.0000000,0.0000000,0.00,0.0000,0.0000,0.0000,0.0,0.00,0.000,0.000,IDLE
2026-08-18T16:34:18.773116,0.0000000,0.0000000,0.00,0.0000,0.0000,0.0000,0.0,0.00,0.000,0.000,IDLE
2026-08-18T16:34:19.773146,0.0000000,0.0000000,0.00,0.0000,0.0000,0.0000,0.0,0.00,0.000,0.000,IDLE
2026-08-18T16:34:20.773208,0.0000000,0.0000000,0.00,0.0000,0.0000,0.0000,0.0,0.00,0.000,0.000,IDLE
2026-08-18T16:34:21.773116,0.0000000,0.0000000,0.00,0.0000,0.0000,0.0000,0.0,0.00,0.000,0.000,IDLE
2026-08-18T16:34:22.773100,0.0000000,0.0000000,0.00,0.0000,0.0000,0.0000,0.0,0.00,0.000,0.000,IDLE
2026-08-18T16:34:23.773223,0.0000000,0.0000000,0.00,0.0000,0.0000,0.0000,0.0,0.00,0.000,0.000,IDLE
2026-08-18T16:34:24.773193,0.0000000,0.0000000,0.00,0.0000,0.0000,0.0000,0.0,0.00,0.000,0.000,IDLE
2026-08-18T16:34:25.773156,0.0000000,0.0000000,0.00,0.0000,0.0000,0.0000,0.0,0.00,0.000,0.000,IDLE
2026-08-18T16:34:26.773108,0.0000000,0.0000000,0.00,0.0000,0.0000,0.0000,0.0,0.00,0.000,0.000,IDLE
2026-08-18T16:34:27.773212,0.0000000,0.0000000,0.00,0.0000,0.0000,0.0000,0.0,0.00,0.000,0.000,IDLE
2026-08-18T16:34:28.773097,0.0000000,0.0000000,0.00,0.0000,0.0000,0.0000,0.0,0.00,0.000,0.000,IDLE
2026-08-18T16:34:29.773221,0.0000000,0.0000000,0.00,0.0000,0.0000,0.0000,0.0,0.00,0.000,0.000,IDLE
2026-08-18T16:34:30.773255,0.0000000,0.0000000,0.00,0.0000,0.0000,0.0000,0.0,0.00,0.000,0.000,IDLE
2026-08-18T16:34:31.773594,0.0000000,0.0000000,0.00,0.0000,0.0000,0.0000,0.0,0.00,0.000,0.000,IDLE
2026-08-18T16:34:32.773236,0.0000000,0.0000000,0.00,0.0000,0.0000,0.0000,0.0,0.00,0.000,0.000,IDLE
2026-08-18T16:34:33.773167,0.0000000,0.0000000,0.00,0.0000,0.0000,0.0000,0.0,0.00,0.000,0.000,IDLE
2026-08-18T16:34:34.773217,0.0000000,0.0000000,0.00,0.0000,0.0000,0.0000,0.0,0.00,0.000,0.000,IDLE
2026-08-18T16:34:35.773170,0.0000000,0.0000000,0.00,0.0000,0.0000,0.0000,0.0,0.00,0.000,0.000,IDLE
2026-08-18T16:34:36.773217,0.0000000,0.0000000,0.00,0.0000,0.0000,0.0000,0.0,0.00,0.000,0.000,IDLE
2026-08-18T16:34:37.773154,0.0000000,0.0000000,0.00,0.0000,0.0000,0.0000,0.0,0.00,0.000,0.000,IDLE
2026-08-18T16:34:38.773209,0.0000000,0.0000000,0.00,0.0000,0.0000,0.0000,0.0,0.00,0.000,0.000,IDLE
2026-08-18T16:34:39.773094,0.0000000,0.0000000,0.00,0.0000,0.0000,0.0000,0.0,0.00,0.000,0.000,IDLE
2026-08-18T16:34:40.773213,0.0000000,0.0000000,0.00,0.0000,0.0000,0.0000,0.0,0.00,0.000,0.000,IDLE
2026-08-18T16:34:41.773213,0.0000000,0.0000000,0.00,0.0000,0.0000,0.0000,0.0,0.00,0.000,0.000,IDLE
2026-08-18T16:34:42.773219,0.0000000,0.0000000,0.00,0.0000,0.0000,0.0000,0.0,0.00,0.000,0.000,IDLE
2026-08-18T16:34:43.773129,0.0000000,0.0000000,0.00,0.0000,0.0000,0.0000,0.0,0.00,0.000,0.000,IDLE
2026-08-18T16:34:44.773189,0.0000000,0.0000000,0.00,0.0000,0.0000,0.0000,0.0,0.00,0.000,0.000,IDLE
2026-08-18T16:34:45.773158,0.0000000,0.0000000,0.00,0.0000,0.0000,0.0000,0.0,0.00,0.000,0.000,IDLE
2026-08-18T16:34:46.773194,0.0000000,0.0000000,0.00,0.0000,0.0000,0.0000,0.0,0.00,0.000,0.000,IDLE
2026-08-18T16:34:47.773130,0.0000000,0.0000000,0.00,0.0000,0.0000,0.0000,0.0,0.00,0.000,0.000,IDLE
2026-08-18T16:34:48.773119,0.0000000,0.0000000,0.00,0.0000,0.0000,0.0000,0.0,0.00,0.000,0.000,IDLE
2026-08-18T16:34:49.773148,0.0000000,0.0000000,0.00,0.0000,0.0000,0.0000,0.0,0.00,0.000,0.000,IDLE
2026-08-18T16:34:50.773127,0.0000000,0.0000000,0.00,0.0000,0.0000,0.0000,0.0,0.00,0.000,0.000,IDLE
2026-08-18T16:34:51.773160,0.0000000,0.0000000,0.00,0.0000,0.0000,0.0000,0.0,0.00,0.000,0.000,IDLE
2026-08-18T16:34:52.773118,0.0000000,0.0000000,0.00,0.0000,0.0000,0.0000,0.0,0.00,0.000,0.000,IDLE
2026-08-18T16:34:53.773141,0.0000000,0.0000000,0.00,0.0000,0.0000,0.0000,0.0,0.00,0.000,0.000,IDLE
2026-08-18T16:34:54.773151,0.0000000,0.0000000,0.00,0.0000,0.0000,0.0000,0.0,0.00,0.000,0.000,IDLE
2026-08-18T16:34:55.773135,0.0000000,0.0000000,0.00,0.0000,0.0000,0.0000,0.0,0.00,0.000,0.000,IDLE
2026-08-18T16:34:56.773158,0.0000000,0.0000000,0.00,0.0000,0.0000,0.0000,0.0,0.00,0.000,0.000,IDLE
2026-08-18T16:34:57.773190,0.0000000,0.0000000,0.00,0.0000,0.0000,0.0000,0.0,0.00,0.000,0.000,IDLE
2026-08-18T16:34:58.773160,0.0000000,0.0000000,0.00,0.0000,0.0000,0.0000,0.0,0.00,0.000,0.000,IDLE
2026-08-18T16:34:59.773216,0.0000000,0.0000000,0.00,0.0000,0.0000,0.0000,0.0,0.00,0.000,0.000,IDLE
2026-08-18T16:35:00.773254,0.0000000,0.0000000,0.00,0.0000,0.0000,0.0000,0.0,0.00,0.000,0.000,IDLE
2026-08-18T16:35:01.773160,0.0000000,0.0000000,0.00,0.0000,0.0000,0.0000,0.0,0.00,0.000,0.000,IDLE
2026-08-18T16:35:02.773172,0.0000000,0.0000000,0.00,0.0000,0.0000,0.0000,0.0,0.00,0.000,0.000,IDLE
2026-08-18T16:35:03.773233,0.0000000,0.0000000,0.00,0.0000,0.0000,0.0000,0.0,0.00,0.000,0.000,IDLE
2026-08-18T16:35:04.773138,0.0000000,0.0000000,0.00,0.0000,0.0000,0.0000,0.0,0.00,0.000,0.000,IDLE
2026-08-18T16:35:05.773145,0.0000000,0.0000000,0.00,0.0000,0.0000,0.0000,0.0,0.00,0.000,0.000,IDLE
2026-08-18T16:35:06.773160,0.0000000,0.0000000,0.00,0.0000,0.0000,0.0000,0.0,0.00,0.000,0.000,IDLE
2026-08-18T16:35:07.773118,0.0000000,0.0000000,0.00,0.0000,0.0000,0.0000,0.0,0.00,0.000,0.000,IDLE
2026-08-18T16:35:08.773136,0.0000000,0.0000000,0.00,0.0000,0.0000,0.0000,0.0,0.00,0.000,0.000,IDLE
2026-08-18T16:35:09.773147,0.0000000,0.0000000,0.00,0.0000,0.0000,0.0000,0.0,0.00,0.000,0.000,IDLE
2026-08-18T16:35:10.773164,0.0000000,0.0000000,0.00,0.0000,0.0000,0.0000,0.0,0.00,0.000,0.000,IDLE
2026-08-18T16:35:11.773190,0.0000000,0.0000000,0.00,0.0000,0.0000,0.0000,0.0,0.00,0.000,0.000,IDLE
2026-08-18T16:35:12.773155,0.0000000,0.0000000,0.00,0.0000,0.0000,0.0000,0.0,0.00,0.000,0.000,IDLE
2026-08-18T16:35:13.773121,0.0000000,0.0000000,0.00,0.0000,0.0000,0.0000,0.0,0.00,0.000,0.000,IDLE
2026-08-18T16:35:14.773131,0.0000000,0.0000000,0.00,0.0000,0.0000,0.0000,0.0,0.00,0.000,0.000,IDLE
2026-08-18T16:35:15.773181,0.0000000,0.0000000,0.00,0.0000,0.0000,0.0000,0.0,0.00,0.000,0.000,IDLE
2026-08-18T16:35:16.773214,0.0000000,0.0000000,0.00,0.0000,0.0000,0.0000,0.0,0.00,0.000,0.000,IDLE
2026-08-18T16:35:17.773092,0.0000000,0.0000000,0.00,0.0000,0.0000,0.0000,0.0,0.00,0.000,0.000,IDLE
2026-08-18T16:35:18.773157,0.0000000,0.0000000,0.00,0.0000,0.0000,0.0000,0.0,0.00,0.000,0.000,IDLE
2026-08-18T16:35:19.773149,0.0000000,0.0000000,0.00,0.0000,0.0000,0.0000,0.0,0.00,0.000,0.000,IDLE
2026-08-18T16:35:20.773220,0.0000000,0.0000000,0.00,0.0000,0.0000,0.0000,0.0,0.00,0.000,0.000,IDLE
2026-08-18T16:35:21.773106,0.0000000,0.0000000,0.00,0.0000,0.0000,0.0000,0.0,0.00,0.000,0.000,IDLE
2026-08-18T16:35:22.773146,0.0000000,0.0000000,0.00,0.0000,0.0000,0.0000,0.0,0.00,0.000,0.000,IDLE
2026-08-18T16:35:23.773220,0.0000000,0.0000000,0.00,0.0000,0.0000,0.0000,0.0,0.00,0.000,0.000,IDLE
2026-08-18T16:35:24.773120,0.0000000,0.0000000,0.00,0.0000,0.0000,0.0000,0.0,0.00,0.000,0.000,IDLE
2026-08-18T16:35:25.773525,0.0000000,0.0000000,0.00,0.0000,0.0000,0.0000,0.0,0.00,0.000,0.000,IDLE
2026-08-18T16:35:26.773182,0.0000000,0.0000000,0.00,0.0000,0.0000,0.0000,0.0,0.00,0.000,0.000,IDLE
2026-08-18T16:35:27.773128,0.0000000,0.0000000,0.00,0.0000,0.0000,0.0000,0.0,0.00,0.000,0.000,IDLE
2026-08-18T16:35:28.773228,0.0000000,0.0000000,0.00,0.0000,0.0000,0.0000,0.0,0.00,0.000,0.000,IDLE
2026-08-18T16:35:29.773166,0.0000000,0.0000000,0.00,0.0000,0.0000,0.0000,0.0,0.00,0.000,0.000,IDLE
2026-08-18T16:35:30.773107,0.0000000,0.0000000,0.00,0.0000,0.0000,0.0000,0.0,0.00,0.000,0.000,IDLE
2026-08-18T16:35:31.779325,0.0000000,0.0000000,0.00,0.0000,0.0000,0.0000,0.0,0.00,0.000,0.000,IDLE
2026-08-18T16:35:32.773149,0.0000000,0.0000000,0.00,0.0000,0.0000,0.0000,0.0,0.00,0.000,0.000,IDLE
2026-08-18T16:35:33.773105,0.0000000,0.0000000,0.00,0.0000,0.0000,0.0000,0.0,0.00,0.000,0.000,IDLE
2026-08-18T16:35:34.773109,0.0000000,0.0000000,0.00,0.0000,0.0000,0.0000,0.0,0.00,0.000,0.000,IDLE
2026-08-18T16:35:35.773094,0.0000000,0.0000000,0.00,0.0000,0.0000,0.0000,0.0,0.00,0.000,0.000,IDLE
2026-08-18T16:35:36.773115,0.0000000,0.0000000,0.00,0.0000,0.0000,0.0000,0.0,0.00,0.000,0.000,IDLE
2026-08-18T16:35:37.773147,0.0000000,0.0000000,0.00,0.0000,0.0000,0.0000,0.0,0.00,0.000,0.000,IDLE
2026-08-18T16:35:38.773142,0.0000000,0.0000000,0.00,0.0000,0.0000,0.0000,0.0,0.00,0.000,0.000,IDLE
2026-08-18T16:35:39.773162,0.0000000,0.0000000,0.00,0.0000,0.0000,0.0000,0.0,0.00,0.000,0.000,IDLE
2026-08-18T16:35:40.773173,0.0000000,0.0000000,0.00,0.0000,0.0000,0.0000,0.0,0.00,0.000,0.000,IDLE
2026-08-18T16:35:41.773135,0.0000000,0.0000000,0.00,0.0000,0.0000,0.0000,0.0,0.00,0.000,0.000,IDLE
2026-08-18T16:35:42.773153,0.0000000,0.0000000,0.00,0.0000,0.0000,0.0000,0.0,0.00,0.000,0.000,IDLE
2026-08-18T16:35:43.773222,0.0000000,0.0000000,0.00,0.0000,0.0000,0.0000,0.0,0.00,0.000,0.000,IDLE
2026-08-18T16:35:44.773225,0.0000000,0.0000000,0.00,0.0000,0.0000,0.0000,0.0,0.00,0.000,0.000,IDLE
2026-08-18T16:35:45.773220,0.0000000,0.0000000,0.00,0.0000,0.0000,0.0000,0.0,0.00,0.000,0.000,IDLE
2026-08-18T16:35:46.773190,0.0000000,0.0000000,0.00,0.0000,0.0000,0.0000,0.0,0.00,0.000,0.000,IDLE
2026-08-18T16:35:47.773109,0.0000000,0.0000000,0.00,0.0000,0.0000,0.0000,0.0,0.00,0.000,0.000,IDLE
2026-08-18T16:35:48.773141,0.0000000,0.0000000,0.00,0.0000,0.0000,0.0000,0.0,0.00,0.000,0.000,IDLE
2026-08-18T16:35:49.773116,0.0000000,0.0000000,0.00,0.0000,0.0000,0.0000,0.0,0.00,0.000,0.000,IDLE
2026-08-18T16:35:50.773205,0.0000000,0.0000000,0.00,0.0000,0.0000,0.0000,0.0,0.00,0.000,0.000,IDLE
2026-08-18T16:35:51.773140,0.0000000,0.0000000,0.00,0.0000,0.0000,0.0000,0.0,0.00,0.000,0.000,IDLE
2026-08-18T16:35:52.773142,0.0000000,0.0000000,0.00,0.0000,0.0000,0.0000,0.0,0.00,0.000,0.000,IDLE
2026-08-18T16:35:53.773211,0.0000000,0.0000000,0.00,0.0000,0.0000,0.0000,0.0,0.00,0.000,0.000,IDLE
2026-08-18T16:35:54.773370,0.0000000,0.0000000,0.00,0.0000,0.0000,0.0000,0.0,0.00,0.000,0.000,IDLE
2026-08-18T16:35:55.773118,0.0000000,0.0000000,0.00,0.0000,0.0000,0.0000,0.0,0.00,0.000,0.000,IDLE
2026-08-18T16:35:56.773135,0.0000000,0.0000000,0.00,0.0000,0.0000,0.0000,0.0,0.00,0.000,0.000,IDLE
2026-08-18T16:35:57.773118,0.0000000,0.0000000,0.00,0.0000,0.0000,0.0000,0.0,0.00,0.000,0.000,IDLE
2026-08-18T16:35:58.773384,0.0000000,0.0000000,0.00,0.0000,0.0000,0.0000,0.0,0.00,0.000,0.000,IDLE
2026-08-18T16:35:59.773317,0.0000000,0.0000000,0.00,0.0000,0.0000,0.0000,0.0,0.00,0.000,0.000,IDLE
2026-08-18T16:36:00.773124,0.0000000,0.0000000,0.00,0.0000,0.0000,0.0000,0.0,0.00,0.000,0.000,IDLE
2026-08-18T16:36:01.773167,0.0000000,0.0000000,0.00,0.0000,0.0000,0.0000,0.0,0.00,0.000,0.000,IDLE
2026-08-18T16:36:02.773298,0.0000000,0.0000000,0.00,0.0000,0.0000,0.0000,0.0,0.00,0.000,0.000,IDLE
2026-08-18T16:36:03.773151,0.0000000,0.0000000,0.00,0.0000,0.0000,0.0000,0.0,0.00,0.000,0.000,IDLE
2026-08-18T16:36:04.773152,0.0000000,0.0000000,0.00,0.0000,0.0000,0.0000,0.0,0.00,0.000,0.000,IDLE
2026-08-18T16:36:05.773112,0.0000000,0.0000000,0.00,0.0000,0.0000,0.0000,0.0,0.00,0.000,0.000,IDLE
2026-08-18T16:36:06.773136,0.0000000,0.0000000,0.00,0.0000,0.0000,0.0000,0.0,0.00,0.000,0.000,IDLE
2026-08-18T16:36:07.773134,0.0000000,0.0000000,0.00,0.0000,0.0000,0.0000,0.0,0.00,0.000,0.000,IDLE
2026-08-18T16:36:08.773204,0.0000000,0.0000000,0.00,0.0000,0.0000,0.0000,0.0,0.00,0.000,0.000,IDLE
2026-08-18T16:36:09.773211,0.0000000,0.0000000,0.00,0.0000,0.0000,0.0000,0.0,0.00,0.000,0.000,IDLE
2026-08-18T16:36:10.773104,0.0000000,0.0000000,0.00,0.0000,0.0000,0.0000,0.0,0.00,0.000,0.000,IDLE
2026-08-18T16:36:11.773237,0.0000000,0.0000000,0.00,0.0000,0.0000,0.0000,0.0,0.00,0.000,0.000,IDLE
2026-08-18T16:36:12.773278,0.0000000,0.0000000,0.00,0.0000,0.0000,0.0000,0.0,0.00,0.000,0.000,IDLE
2026-08-18T16:36:13.773118,0.0000000,0.0000000,0.00,0.0000,0.0000,0.0000,0.0,0.00,0.000,0.000,IDLE
2026-08-18T16:36:14.773109,0.0000000,0.0000000,0.00,0.0000,0.0000,0.0000,0.0,0.00,0.000,0.000,IDLE
2026-08-18T16:36:15.773297,0.0000000,0.0000000,0.00,0.0000,0.0000,0.0000,0.0,0.00,0.000,0.000,IDLE
2026-08-18T16:36:16.773265,0.0000000,0.0000000,0.00,0.0000,0.0000,0.0000,0.0,0.00,0.000,0.000,IDLE
2026-08-18T16:36:17.773119,0.0000000,0.0000000,0.00,0.0000,0.0000,0.0000,0.0,0.00,0.000,0.000,IDLE
2026-08-18T16:36:18.773127,0.0000000,0.0000000,0.00,0.0000,0.0000,0.0000,0.0,0.00,0.000,0.000,IDLE
2026-08-18T16:36:19.773165,0.0000000,0.0000000,0.00,0.0000,0.0000,0.0000,0.0,0.00,0.000,0.000,IDLE
2026-08-18T16:36:20.773146,0.0000000,0.0000000,0.00,0.0000,0.0000,0.0000,0.0,0.00,0.000,0.000,IDLE
2026-08-18T16:36:21.773142,0.0000000,0.0000000,0.00,0.0000,0.0000,0.0000,0.0,0.00,0.000,0.000,IDLE
2026-08-18T16:36:22.773110,0.0000000,0.0000000,0.00,0.0000,0.0000,0.0000,0.0,0.00,0.000,0.000,IDLE
2026-08-18T16:36:23.773178,0.0000000,0.0000000,0.00,0.0000,0.0000,0.0000,0.0,0.00,0.000,0.000,IDLE
2026-08-18T16:36:24.773186,0.0000000,0.0000000,0.00,0.0000,0.0000,0.0000,0.0,0.00,0.000,0.000,IDLE
2026-08-18T16:36:25.773238,0.0000000,0.0000000,0.00,0.0000,0.0000,0.0000,0.0,0.00,0.000,0.000,IDLE
2026-08-18T16:36:26.773197,0.0000000,0.0000000,0.00,0.0000,0.0000,0.0000,0.0,0.00,0.000,0.000,IDLE
2026-08-18T16:36:27.773118,0.0000000,0.0000000,0.00,0.0000,0.0000,0.0000,0.0,0.00,0.000,0.000,IDLE
2026-08-18T16:36:28.773170,0.0000000,0.0000000,0.00,0.0000,0.0000,0.0000,0.0,0.00,0.000,0.000,IDLE
2026-08-18T16:36:29.773214,0.0000000,0.0000000,0.00,0.0000,0.0000,0.0000,0.0,0.00,0.000,0.000,IDLE
2026-08-18T16:36:30.773133,0.0000000,0.0000000,0.00,0.0000,0.0000,0.0000,0.0,0.00,0.000,0.000,IDLE
2026-08-18T16:36:31.773108,0.0000000,0.0000000,0.00,0.0000,0.0000,0.0000,0.0,0.00,0.000,0.000,IDLE
2026-08-18T16:36:32.773262,0.0000000,0.0000000,0.00,0.0000,0.0000,0.0000,0.0,0.00,0.000,0.000,IDLE
2026-08-18T16:36:33.773275,0.0000000,0.0000000,0.00,0.0000,0.0000,0.0000,0.0,0.00,0.000,0.000,IDLE
2026-08-18T16:36:34.773117,0.0000000,0.0000000,0.00,0.0000,0.0000,0.0000,0.0,0.00,0.000,0.000,IDLE
2026-08-18T16:36:35.773163,0.0000000,0.0000000,0.00,0.0000,0.0000,0.0000,0.0,0.00,0.000,0.000,IDLE
2026-08-18T16:36:36.773243,0.0000000,0.0000000,0.00,0.0000,0.0000,0.0000,0.0,0.00,0.000,0.000,IDLE
2026-08-18T16:36:37.773259,0.0000000,0.0000000,0.00,0.0000,0.0000,0.0000,0.0,0.00,0.000,0.000,IDLE
2026-08-18T16:36:38.773239,0.0000000,0.0000000,0.00,0.0000,0.0000,0.0000,0.0,0.00,0.000,0.000,IDLE
2026-08-18T16:36:39.773137,0.0000000,0.0000000,0.00,0.0000,0.0000,0.0000,0.0,0.00,0.000,0.000,IDLE
2026-08-18T16:36:40.773161,0.0000000,0.0000000,0.00,0.0000,0.0000,0.0000,0.0,0.00,0.000,0.000,IDLE
2026-08-18T16:36:41.773242,0.0000000,0.0000000,0.00,0.0000,0.0000,0.0000,0.0,0.00,0.000,0.000,IDLE
2026-08-18T16:36:42.773355,0.0000000,0.0000000,0.00,0.0000,0.0000,0.0000,0.0,0.00,0.000,0.000,IDLE
2026-08-18T16:36:43.773153,0.0000000,0.0000000,0.00,0.0000,0.0000,0.0000,0.0,0.00,0.000,0.000,IDLE
2026-08-18T16:36:44.774518,0.0000000,0.0000000,0.00,0.0000,0.0000,0.0000,0.0,0.00,0.000,0.000,IDLE
2026-08-18T16:36:45.773212,0.0000000,0.0000000,0.00,0.0000,0.0000,0.0000,0.0,0.00,0.000,0.000,IDLE
2026-08-18T16:36:46.773234,0.0000000,0.0000000,0.00,0.0000,0.0000,0.0000,0.0,0.00,0.000,0.000,IDLE
2026-08-18T16:36:47.773203,0.0000000,0.0000000,0.00,0.0000,0.0000,0.0000,0.0,0.00,0.000,0.000,IDLE
2026-08-18T16:36:48.773116,0.0000000,0.0000000,0.00,0.0000,0.0000,0.0000,0.0,0.00,0.000,0.000,IDLE
2026-08-18T16:36:49.773226,0.0000000,0.0000000,0.00,0.0000,0.0000,0.0000,0.0,0.00,0.000,0.000,IDLE
2026-08-18T16:36:50.773342,0.0000000,0.0000000,0.00,0.0000,0.0000,0.0000,0.0,0.00,0.000,0.000,IDLE
2026-08-18T16:36:51.773255,0.0000000,0.0000000,0.00,0.0000,0.0000,0.0000,0.0,0.00,0.000,0.000,IDLE
2026-08-18T16:36:52.773135,0.0000000,0.0000000,0.00,0.0000,0.0000,0.0000,0.0,0.00,0.000,0.000,IDLE
2026-08-18T16:36:53.773190,0.0000000,0.0000000,0.00,0.0000,0.0000,0.0000,0.0,0.00,0.000,0.000,IDLE
2026-08-18T16:36:54.773302,0.0000000,0.0000000,0.00,0.0000,0.0000,0.0000,0.0,0.00,0.000,0.000,IDLE
2026-08-18T16:36:55.773100,0.0000000,0.0000000,0.00,0.0000,0.0000,0.0000,0.0,0.00,0.000,0.000,IDLE
2026-08-18T16:36:56.773171,0.0000000,0.0000000,0.00,0.0000,0.0000,0.0000,0.0,0.00,0.000,0.000,IDLE
2026-08-18T16:36:57.773148,0.0000000,0.0000000,0.00,0.0000,0.0000,0.0000,0.0,0.00,0.000,0.000,IDLE
2026-08-18T16:36:58.773229,0.0000000,0.0000000,0.00,0.0000,0.0000,0.0000,0.0,0.00,0.000,0.000,IDLE
2026-08-18T16:36:59.773095,0.0000000,0.0000000,0.00,0.0000,0.0000,0.0000,0.0,0.00,0.000,0.000,IDLE
2026-08-18T16:37:00.773108,0.0000000,0.0000000,0.00,0.0000,0.0000,0.0000,0.0,0.00,0.000,0.000,IDLE
2026-08-18T16:37:01.773117,0.0000000,0.0000000,0.00,0.0000,0.0000,0.0000,0.0,0.00,0.000,0.000,IDLE
2026-08-18T16:37:02.773234,0.0000000,0.0000000,0.00,0.0000,0.0000,0.0000,0.0,0.00,0.000,0.000,IDLE
2026-08-18T16:37:03.773221,0.0000000,0.0000000,0.00,0.0000,0.0000,0.0000,0.0,0.00,0.000,0.000,IDLE
2026-08-18T16:37:04.773173,0.0000000,0.0000000,0.00,0.0000,0.0000,0.0000,0.0,0.00,0.000,0.000,IDLE
2026-08-18T16:37:05.773140,0.0000000,0.0000000,0.00,0.0000,0.0000,0.0000,0.0,0.00,0.000,0.000,IDLE
2026-08-18T16:37:06.773181,0.0000000,0.0000000,0.00,0.0000,0.0000,0.0000,0.0,0.00,0.000,0.000,IDLE
2026-08-18T16:37:07.773240,0.0000000,0.0000000,0.00,0.0000,0.0000,0.0000,0.0,0.00,0.000,0.000,IDLE
2026-08-18T16:37:08.773263,0.0000000,0.0000000,0.00,0.0000,0.0000,0.0000,0.0,0.00,0.000,0.000,IDLE
2026-08-18T16:37:09.773130,0.0000000,0.0000000,0.00,0.0000,0.0000,0.0000,0.0,0.00,0.000,0.000,IDLE
2026-08-18T16:37:10.773166,0.0000000,0.0000000,0.00,0.0000,0.0000,0.0000,0.0,0.00,0.000,0.000,IDLE
2026-08-18T16:37:11.773137,0.0000000,0.0000000,0.00,0.0000,0.0000,0.0000,0.0,0.00,0.000,0.000,IDLE
2026-08-18T16:37:12.773184,0.0000000,0.0000000,0.00,0.0000,0.0000,0.0000,0.0,0.00,0.000,0.000,IDLE
2026-08-18T16:37:13.773098,0.0000000,0.0000000,0.00,0.0000,0.0000,0.0000,0.0,0.00,0.000,0.000,IDLE
2026-08-18T16:37:14.773174,0.0000000,0.0000000,0.00,0.0000,0.0000,0.0000,0.0,0.00,0.000,0.000,IDLE
2026-08-18T16:37:15.773360,0.0000000,0.0000000,0.00,0.0000,0.0000,0.0000,0.0,0.00,0.000,0.000,IDLE
2026-08-18T16:37:16.773254,0.0000000,0.0000000,0.00,0.0000,0.0000,0.0000,0.0,0.00,0.000,0.000,IDLE
2026-08-18T16:37:17.773334,0.0000000,0.0000000,0.00,0.0000,0.0000,0.0000,0.0,0.00,0.000,0.000,IDLE
2026-08-18T16:37:18.773111,0.0000000,0.0000000,0.00,0.0000,0.0000,0.0000,0.0,0.00,0.000,0.000,IDLE
2026-08-18T16:37:19.773198,0.0000000,0.0000000,0.00,0.0000,0.0000,0.0000,0.0,0.00,0.000,0.000,IDLE
2026-08-18T16:37:20.773136,0.0000000,0.0000000,0.00,0.0000,0.0000,0.0000,0.0,0.00,0.000,0.000,IDLE
2026-08-18T16:37:21.773146,0.0000000,0.0000000,0.00,0.0000,0.0000,0.0000,0.0,0.00,0.000,0.000,IDLE
2026-08-18T16:37:22.773105,0.0000000,0.0000000,0.00,0.0000,0.0000,0.0000,0.0,0.00,0.000,0.000,IDLE
2026-08-18T16:37:23.773604,0.0000000,0.0000000,0.00,0.0000,0.0000,0.0000,0.0,0.00,0.000,0.000,IDLE
2026-08-18T16:37:24.773206,0.0000000,0.0000000,0.00,0.0000,0.0000,0.0000,0.0,0.00,0.000,0.000,IDLE
2026-08-18T16:37:25.773118,0.0000000,0.0000000,0.00,0.0000,0.0000,0.0000,0.0,0.00,0.000,0.000,IDLE
2026-08-18T16:37:26.773114,0.0000000,0.0000000,0.00,0.0000,0.0000,0.0000,0.0,0.00,0.000,0.000,IDLE
2026-08-18T16:37:27.773168,0.0000000,0.0000000,0.00,0.0000,0.0000,0.0000,0.0,0.00,0.000,0.000,IDLE
2026-08-18T16:37:28.773180,0.0000000,0.0000000,0.00,0.0000,0.0000,0.0000,0.0,0.00,0.000,0.000,IDLE
2026-08-18T16:37:29.773087,0.0000000,0.0000000,0.00,0.0000,0.0000,0.0000,0.0,0.00,0.000,0.000,IDLE
2026-08-18T16:37:30.773273,0.0000000,0.0000000,0.00,0.0000,0.0000,0.0000,0.0,0.00,0.000,0.000,IDLE
2026-08-18T16:37:31.779289,0.0000000,0.0000000,0.00,0.0000,0.0000,0.0000,0.0,0.00,0.000,0.000,IDLE
2026-08-18T16:37:32.773139,0.0000000,0.0000000,0.00,0.0000,0.0000,0.0000,0.0,0.00,0.000,0.000,IDLE
2026-08-18T16:37:33.773212,0.0000000,0.0000000,0.00,0.0000,0.0000,0.0000,0.0,0.00,0.000,0.000,IDLE
2026-08-18T16:37:34.773100,0.0000000,0.0000000,0.00,0.0000,0.0000,0.0000,0.0,0.00,0.000,0.000,IDLE
2026-08-18T16:37:35.773135,0.0000000,0.0000000,0.00,0.0000,0.0000,0.0000,0.0,0.00,0.000,0.000,IDLE
2026-08-18T16:37:36.773147,0.0000000,0.0000000,0.00,0.0000,0.0000,0.0000,0.0,0.00,0.000,0.000,IDLE
2026-08-18T16:37:37.773126,0.0000000,0.0000000,0.00,0.0000,0.0000,0.0000,0.0,0.00,0.000,0.000,IDLE
2026-08-18T16:37:38.773130,0.0000000,0.0000000,0.00,0.0000,0.0000,0.0000,0.0,0.00,0.000,0.000,IDLE
2026-08-18T16:37:39.773110,0.0000000,0.0000000,0.00,0.0000,0.0000,0.0000,0.0,0.00,0.000,0.000,IDLE
2026-08-18T16:37:40.773140,0.0000000,0.0000000,0.00,0.0000,0.0000,0.0000,0.0,0.00,0.000,0.000,IDLE
2026-08-18T16:37:41.773137,0.0000000,0.0000000,0.00,0.0000,0.0000,0.0000,0.0,0.00,0.000,0.000,IDLE
2026-08-18T16:37:42.773231,0.0000000,0.0000000,0.00,0.0000,0.0000,0.0000,0.0,0.00,0.000,0.000,IDLE
2026-08-18T16:37:43.773140,0.0000000,0.0000000,0.00,0.0000,0.0000,0.0000,0.0,0.00,0.000,0.000,IDLE
2026-08-18T16:37:44.773148,0.0000000,0.0000000,0.00,0.0000,0.0000,0.0000,0.0,0.00,0.000,0.000,IDLE
2026-08-18T16:37:45.773230,0.0000000,0.0000000,0.00,0.0000,0.0000,0.0000,0.0,0.00,0.000,0.000,IDLE
2026-08-18T16:37:46.773162,0.0000000,0.0000000,0.00,0.0000,0.0000,0.0000,0.0,0.00,0.000,0.000,IDLE
2026-08-18T16:37:47.773163,0.0000000,0.0000000,0.00,0.0000,0.0000,0.0000,0.0,0.00,0.000,0.000,IDLE
2026-08-18T16:37:48.775389,0.0000000,0.0000000,0.00,0.0000,0.0000,0.0000,0.0,0.00,0.000,0.000,IDLE
2026-08-18T16:37:49.773163,0.0000000,0.0000000,0.00,0.0000,0.0000,0.0000,0.0,0.00,0.000,0.000,IDLE
2026-08-18T16:37:50.773213,0.0000000,0.0000000,0.00,0.0000,0.0000,0.0000,0.0,0.00,0.000,0.000,IDLE
2026-08-18T16:37:51.773180,0.0000000,0.0000000,0.00,0.0000,0.0000,0.0000,0.0,0.00,0.000,0.000,IDLE
2026-08-18T16:37:52.773214,0.0000000,0.0000000,0.00,0.0000,0.0000,0.0000,0.0,0.00,0.000,0.000,IDLE
2026-08-18T16:37:53.773224,0.0000000,0.0000000,0.00,0.0000,0.0000,0.0000,0.0,0.00,0.000,0.000,IDLE
2026-08-18T16:37:54.773327,0.0000000,0.0000000,0.00,0.0000,0.0000,0.0000,0.0,0.00,0.000,0.000,IDLE
2026-08-18T16:37:55.773192,0.0000000,0.0000000,0.00,0.0000,0.0000,0.0000,0.0,0.00,0.000,0.000,IDLE
2026-08-18T16:37:56.773106,0.0000000,0.0000000,0.00,0.0000,0.0000,0.0000,0.0,0.00,0.000,0.000,IDLE
2026-08-18T16:37:57.773145,0.0000000,0.0000000,0.00,0.0000,0.0000,0.0000,0.0,0.00,0.000,0.000,IDLE
2026-08-18T16:37:58.773139,0.0000000,0.0000000,0.00,0.0000,0.0000,0.0000,0.0,0.00,0.000,0.000,IDLE
2026-08-18T16:37:59.773137,0.0000000,0.0000000,0.00,0.0000,0.0000,0.0000,0.0,0.00,0.000,0.000,IDLE
2026-08-18T16:38:00.773145,0.0000000,0.0000000,0.00,0.0000,0.0000,0.0000,0.0,0.00,0.000,0.000,IDLE
2026-08-18T16:38:01.773120,0.0000000,0.0000000,0.00,0.0000,0.0000,0.0000,0.0,0.00,0.000,0.000,IDLE
2026-08-18T16:38:02.773240,0.0000000,0.0000000,0.00,0.0000,0.0000,0.0000,0.0,0.00,0.000,0.000,IDLE
2026-08-18T16:38:03.773222,0.0000000,0.0000000,0.00,0.0000,0.0000,0.0000,0.0,0.00,0.000,0.000,IDLE
2026-08-18T16:38:04.773121,0.0000000,0.0000000,0.00,0.0000,0.0000,0.0000,0.0,0.00,0.000,0.000,IDLE
2026-08-18T16:38:05.773114,0.0000000,0.0000000,0.00,0.0000,0.0000,0.0000,0.0,0.00,0.000,0.000,IDLE
2026-08-18T16:38:06.773224,0.0000000,0.0000000,0.00,0.0000,0.0000,0.0000,0.0,0.00,0.000,0.000,IDLE
2026-08-18T16:38:07.773160,0.0000000,0.0000000,0.00,0.0000,0.0000,0.0000,0.0,0.00,0.000,0.000,IDLE
2026-08-18T16:38:08.773083,0.0000000,0.0000000,0.00,0.0000,0.0000,0.0000,0.0,0.00,0.000,0.000,IDLE
2026-08-18T16:38:09.773110,0.0000000,0.0000000,0.00,0.0000,0.0000,0.0000,0.0,0.00,0.000,0.000,IDLE
2026-08-18T16:38:10.773150,0.0000000,0.0000000,0.00,0.0000,0.0000,0.0000,0.0,0.00,0.000,0.000,IDLE
2026-08-18T16:38:11.773173,0.0000000,0.0000000,0.00,0.0000,0.0000,0.0000,0.0,0.00,0.000,0.000,IDLE
2026-08-18T16:38:12.773146,0.0000000,0.0000000,0.00,0.0000,0.0000,0.0000,0.0,0.00,0.000,0.000,IDLE
2026-08-18T16:38:13.773128,0.0000000,0.0000000,0.00,0.0000,0.0000,0.0000,0.0,0.00,0.000,0.000,IDLE
2026-08-18T16:38:14.773159,0.0000000,0.0000000,0.00,0.0000,0.0000,0.0000,0.0,0.00,0.000,0.000,IDLE
2026-08-18T16:38:15.773216,0.0000000,0.0000000,0.00,0.0000,0.0000,0.0000,0.0,0.00,0.000,0.000,IDLE
2026-08-18T16:38:16.773109,0.0000000,0.0000000,0.00,0.0000,0.0000,0.0000,0.0,0.00,0.000,0.000,IDLE
2026-08-18T16:38:17.773142,0.0000000,0.0000000,0.00,0.0000,0.0000,0.0000,0.0,0.00,0.000,0.000,IDLE
2026-08-18T16:38:18.773124,0.0000000,0.0000000,0.00,0.0000,0.0000,0.0000,0.0,0.00,0.000,0.000,IDLE
2026-08-18T16:38:19.773268,0.0000000,0.0000000,0.00,0.0000,0.0000,0.0000,0.0,0.00,0.000,0.000,IDLE
2026-08-18T16:38:20.773232,0.0000000,0.0000000,0.00,0.0000,0.0000,0.0000,0.0,0.00,0.000,0.000,IDLE
2026-08-18T16:38:21.773141,0.0000000,0.0000000,0.00,0.0000,0.0000,0.0000,0.0,0.00,0.000,0.000,IDLE
2026-08-18T16:38:22.773112,0.0000000,0.0000000,0.00,0.0000,0.0000,0.0000,0.0,0.00,0.000,0.000,IDLE
2026-08-18T16:38:23.773117,0.0000000,0.0000000,0.00,0.0000,0.0000,0.0000,0.0,0.00,0.000,0.000,IDLE
2026-08-18T16:38:24.773130,0.0000000,0.0000000,0.00,0.0000,0.0000,0.0000,0.0,0.00,0.000,0.000,IDLE
2026-08-18T16:38:25.773143,0.0000000,0.0000000,0.00,0.0000,0.0000,0.0000,0.0,0.00,0.000,0.000,IDLE
2026-08-18T16:38:26.773224,0.0000000,0.0000000,0.00,0.0000,0.0000,0.0000,0.0,0.00,0.000,0.000,IDLE
2026-08-18T16:38:27.773108,0.0000000,0.0000000,0.00,0.0000,0.0000,0.0000,0.0,0.00,0.000,0.000,IDLE
2026-08-18T16:38:28.773122,0.0000000,0.0000000,0.00,0.0000,0.0000,0.0000,0.0,0.00,0.000,0.000,IDLE
2026-08-18T16:38:29.773144,0.0000000,0.0000000,0.00,0.0000,0.0000,0.0000,0.0,0.00,0.000,0.000,IDLE
2026-08-18T16:38:30.773124,0.0000000,0.0000000,0.00,0.0000,0.0000,0.0000,0.0,0.00,0.000,0.000,IDLE
2026-08-18T16:38:31.773161,0.0000000,0.0000000,0.00,0.0000,0.0000,0.0000,0.0,0.00,0.000,0.000,IDLE
2026-08-18T16:38:32.773432,0.0000000,0.0000000,0.00,0.0000,0.0000,0.0000,0.0,0.00,0.000,0.000,IDLE
2026-08-18T16:38:33.773472,0.0000000,0.0000000,0.00,0.0000,0.0000,0.0000,0.0,0.00,0.000,0.000,IDLE
2026-08-18T16:38:34.773120,0.0000000,0.0000000,0.00,0.0000,0.0000,0.0000,0.0,0.00,0.000,0.000,IDLE
2026-08-18T16:38:35.773138,0.0000000,0.0000000,0.00,0.0000,0.0000,0.0000,0.0,0.00,0.000,0.000,IDLE
2026-08-18T16:38:36.773235,0.0000000,0.0000000,0.00,0.0000,0.0000,0.0000,0.0,0.00,0.000,0.000,IDLE
2026-08-18T16:38:37.773262,0.0000000,0.0000000,0.00,0.0000,0.0000,0.0000,0.0,0.00,0.000,0.000,IDLE
2026-08-18T16:38:38.773276,0.0000000,0.0000000,0.00,0.0000,0.0000,0.0000,0.0,0.00,0.000,0.000,IDLE
2026-08-18T16:38:39.773130,0.0000000,0.0000000,0.00,0.0000,0.0000,0.0000,0.0,0.00,0.000,0.000,IDLE
2026-08-18T16:38:40.773146,0.0000000,0.0000000,0.00,0.0000,0.0000,0.0000,0.0,0.00,0.000,0.000,IDLE
2026-08-18T16:38:41.773241,0.0000000,0.0000000,0.00,0.0000,0.0000,0.0000,0.0,0.00,0.000,0.000,IDLE
2026-08-18T16:38:42.773250,0.0000000,0.0000000,0.00,0.0000,0.0000,0.0000,0.0,0.00,0.000,0.000,IDLE
2026-08-18T16:38:43.773211,0.0000000,0.0000000,0.00,0.0000,0.0000,0.0000,0.0,0.00,0.000,0.000,IDLE
2026-08-18T16:38:44.773205,0.0000000,0.0000000,0.00,0.0000,0.0000,0.0000,0.0,0.00,0.000,0.000,IDLE
2026-08-18T16:38:45.773247,0.0000000,0.0000000,0.00,0.0000,0.0000,0.0000,0.0,0.00,0.000,0.000,IDLE
2026-08-18T16:38:46.773139,0.0000000,0.0000000,0.00,0.0000,0.0000,0.0000,0.0,0.00,0.000,0.000,IDLE
2026-08-18T16:38:47.773124,0.0000000,0.0000000,0.00,0.0000,0.0000,0.0000,0.0,0.00,0.000,0.000,IDLE
2026-08-18T16:38:48.773298,0.0000000,0.0000000,0.00,0.0000,0.0000,0.0000,0.0,0.00,0.000,0.000,IDLE
2026-08-18T16:38:49.773271,0.0000000,0.0000000,0.00,0.0000,0.0000,0.0000,0.0,0.00,0.000,0.000,IDLE
2026-08-18T16:38:50.773119,0.0000000,0.0000000,0.00,0.0000,0.0000,0.0000,0.0,0.00,0.000,0.000,IDLE
2026-08-18T16:38:51.773184,0.0000000,0.0000000,0.00,0.0000,0.0000,0.0000,0.0,0.00,0.000,0.000,IDLE
2026-08-18T16:38:52.773124,0.0000000,0.0000000,0.00,0.0000,0.0000,0.0000,0.0,0.00,0.000,0.000,IDLE
2026-08-18T16:38:53.773242,0.0000000,0.0000000,0.00,0.0000,0.0000,0.0000,0.0,0.00,0.000,0.000,IDLE
2026-08-18T16:38:54.773249,0.0000000,0.0000000,0.00,0.0000,0.0000,0.0000,0.0,0.00,0.000,0.000,IDLE
2026-08-18T16:38:55.773145,0.0000000,0.0000000,0.00,0.0000,0.0000,0.0000,0.0,0.00,0.000,0.000,IDLE
2026-08-18T16:38:56.773183,0.0000000,0.0000000,0.00,0.0000,0.0000,0.0000,0.0,0.00,0.000,0.000,IDLE
2026-08-18T16:38:57.773184,0.0000000,0.0000000,0.00,0.0000,0.0000,0.0000,0.0,0.00,0.000,0.000,IDLE
2026-08-18T16:38:58.773144,0.0000000,0.0000000,0.00,0.0000,0.0000,0.0000,0.0,0.00,0.000,0.000,IDLE
2026-08-18T16:38:59.773146,0.0000000,0.0000000,0.00,0.0000,0.0000,0.0000,0.0,0.00,0.000,0.000,IDLE
2026-08-18T16:39:00.773141,0.0000000,0.0000000,0.00,0.0000,0.0000,0.0000,0.0,0.00,0.000,0.000,IDLE
2026-08-18T16:39:01.773159,0.0000000,0.0000000,0.00,0.0000,0.0000,0.0000,0.0,0.00,0.000,0.000,IDLE
2026-08-18T16:39:02.773215,0.0000000,0.0000000,0.00,0.0000,0.0000,0.0000,0.0,0.00,0.000,0.000,IDLE
2026-08-18T16:39:03.773174,0.0000000,0.0000000,0.00,0.0000,0.0000,0.0000,0.0,0.00,0.000,0.000,IDLE
2026-08-18T16:39:04.773138,0.0000000,0.0000000,0.00,0.0000,0.0000,0.0000,0.0,0.00,0.000,0.000,IDLE
2026-08-18T16:39:05.773095,0.0000000,0.0000000,0.00,0.0000,0.0000,0.0000,0.0,0.00,0.000,0.000,IDLE
2026-08-18T16:39:06.773187,0.0000000,0.0000000,0.00,0.0000,0.0000,0.0000,0.0,0.00,0.000,0.000,IDLE
2026-08-18T16:39:07.773213,0.0000000,0.0000000,0.00,0.0000,0.0000,0.0000,0.0,0.00,0.000,0.000,IDLE
2026-08-18T16:39:08.773159,0.0000000,0.0000000,0.00,0.0000,0.0000,0.0000,0.0,0.00,0.000,0.000,IDLE
2026-08-18T16:39:09.773162,0.0000000,0.0000000,0.00,0.0000,0.0000,0.0000,0.0,0.00,0.000,0.000,IDLE
2026-08-18T16:39:10.773254,0.0000000,0.0000000,0.00,0.0000,0.0000,0.0000,0.0,0.00,0.000,0.000,IDLE
2026-08-18T16:39:11.773133,0.0000000,0.0000000,0.00,0.0000,0.0000,0.0000,0.0,0.00,0.000,0.000,IDLE
2026-08-18T16:39:12.773101,0.0000000,0.0000000,0.00,0.0000,0.0000,0.0000,0.0,0.00,0.000,0.000,IDLE
2026-08-18T16:39:13.773115,0.0000000,0.0000000,0.00,0.0000,0.0000,0.0000,0.0,0.00,0.000,0.000,IDLE
2026-08-18T16:39:14.773179,0.0000000,0.0000000,0.00,0.0000,0.0000,0.0000,0.0,0.00,0.000,0.000,IDLE
2026-08-18T16:39:15.773192,0.0000000,0.0000000,0.00,0.0000,0.0000,0.0000,0.0,0.00,0.000,0.000,IDLE
2026-08-18T16:39:16.773134,0.0000000,0.0000000,0.00,0.0000,0.0000,0.0000,0.0,0.00,0.000,0.000,IDLE
2026-08-18T16:39:17.773102,0.0000000,0.0000000,0.00,0.0000,0.0000,0.0000,0.0,0.00,0.000,0.000,IDLE
2026-08-18T16:39:18.773145,0.0000000,0.0000000,0.00,0.0000,0.0000,0.0000,0.0,0.00,0.000,0.000,IDLE
2026-08-18T16:39:19.773150,0.0000000,0.0000000,0.00,0.0000,0.0000,0.0000,0.0,0.00,0.000,0.000,IDLE
2026-08-18T16:39:20.773164,0.0000000,0.0000000,0.00,0.0000,0.0000,0.0000,0.0,0.00,0.000,0.000,IDLE
2026-08-18T16:39:21.773189,0.0000000,0.0000000,0.00,0.0000,0.0000,0.0000,0.0,0.00,0.000,0.000,IDLE
2026-08-18T16:39:22.773146,0.0000000,0.0000000,0.00,0.0000,0.0000,0.0000,0.0,0.00,0.000,0.000,IDLE
2026-08-18T16:39:23.773259,0.0000000,0.0000000,0.00,0.0000,0.0000,0.0000,0.0,0.00,0.000,0.000,IDLE
2026-08-18T16:39:24.773295,0.0000000,0.0000000,0.00,0.0000,0.0000,0.0000,0.0,0.00,0.000,0.000,IDLE
2026-08-18T16:39:25.773283,0.0000000,0.0000000,0.00,0.0000,0.0000,0.0000,0.0,0.00,0.000,0.000,IDLE
2026-08-18T16:39:26.773140,0.0000000,0.0000000,0.00,0.0000,0.0000,0.0000,0.0,0.00,0.000,0.000,IDLE
2026-08-18T16:39:27.773154,0.0000000,0.0000000,0.00,0.0000,0.0000,0.0000,0.0,0.00,0.000,0.000,IDLE
2026-08-18T16:39:28.773244,0.0000000,0.0000000,0.00,0.0000,0.0000,0.0000,0.0,0.00,0.000,0.000,IDLE
2026-08-18T16:39:29.773122,0.0000000,0.0000000,0.00,0.0000,0.0000,0.0000,0.0,0.00,0.000,0.000,IDLE
2026-08-18T16:39:30.773113,0.0000000,0.0000000,0.00,0.0000,0.0000,0.0000,0.0,0.00,0.000,0.000,IDLE
2026-08-18T16:39:31.773185,0.0000000,0.0000000,0.00,0.0000,0.0000,0.0000,0.0,0.00,0.000,0.000,IDLE
2026-08-18T16:39:32.773169,0.0000000,0.0000000,0.00,0.0000,0.0000,0.0000,0.0,0.00,0.000,0.000,IDLE
2026-08-18T16:39:33.773118,0.0000000,0.0000000,0.00,0.0000,0.0000,0.0000,0.0,0.00,0.000,0.000,IDLE
2026-08-18T16:39:34.773111,0.0000000,0.0000000,0.00,0.0000,0.0000,0.0000,0.0,0.00,0.000,0.000,IDLE
2026-08-18T16:39:35.773121,0.0000000,0.0000000,0.00,0.0000,0.0000,0.0000,0.0,0.00,0.000,0.000,IDLE
2026-08-18T16:39:36.773213,0.0000000,0.0000000,0.00,0.0000,0.0000,0.0000,0.0,0.00,0.000,0.000,IDLE
2026-08-18T16:39:37.773108,0.0000000,0.0000000,0.00,0.0000,0.0000,0.0000,0.0,0.00,0.000,0.000,IDLE
2026-08-18T16:39:38.773191,0.0000000,0.0000000,0.00,0.0000,0.0000,0.0000,0.0,0.00,0.000,0.000,IDLE
2026-08-18T16:39:39.773207,0.0000000,0.0000000,0.00,0.0000,0.0000,0.0000,0.0,0.00,0.000,0.000,IDLE
2026-08-18T16:39:40.773281,0.0000000,0.0000000,0.00,0.0000,0.0000,0.0000,0.0,0.00,0.000,0.000,IDLE
2026-08-18T16:39:41.773154,0.0000000,0.0000000,0.00,0.0000,0.0000,0.0000,0.0,0.00,0.000,0.000,IDLE
2026-08-18T16:39:42.773125,0.0000000,0.0000000,0.00,0.0000,0.0000,0.0000,0.0,0.00,0.000,0.000,IDLE
2026-08-18T16:39:43.773166,0.0000000,0.0000000,0.00,0.0000,0.0000,0.0000,0.0,0.00,0.000,0.000,IDLE
2026-08-18T16:39:44.773149,0.0000000,0.0000000,0.00,0.0000,0.0000,0.0000,0.0,0.00,0.000,0.000,IDLE
2026-08-18T16:39:45.773123,0.0000000,0.0000000,0.00,0.0000,0.0000,0.0000,0.0,0.00,0.000,0.000,IDLE
2026-08-18T16:39:46.773113,0.0000000,0.0000000,0.00,0.0000,0.0000,0.0000,0.0,0.00,0.000,0.000,IDLE
2026-08-18T16:39:47.773083,0.0000000,0.0000000,0.00,0.0000,0.0000,0.0000,0.0,0.00,0.000,0.000,IDLE
2026-08-18T16:39:48.773206,0.0000000,0.0000000,0.00,0.0000,0.0000,0.0000,0.0,0.00,0.000,0.000,IDLE
2026-08-18T16:39:49.773184,0.0000000,0.0000000,0.00,0.0000,0.0000,0.0000,0.0,0.00,0.000,0.000,IDLE
2026-08-18T16:39:50.773208,0.0000000,0.0000000,0.00,0.0000,0.0000,0.0000,0.0,0.00,0.000,0.000,IDLE
2026-08-18T16:39:51.773153,0.0000000,0.0000000,0.00,0.0000,0.0000,0.0000,0.0,0.00,0.000,0.000,IDLE
2026-08-18T16:39:52.773155,0.0000000,0.0000000,0.00,0.0000,0.0000,0.0000,0.0,0.00,0.000,0.000,IDLE
2026-08-18T16:39:53.773215,0.0000000,0.0000000,0.00,0.0000,0.0000,0.0000,0.0,0.00,0.000,0.000,IDLE
2026-08-18T16:39:54.773306,0.0000000,0.0000000,0.00,0.0000,0.0000,0.0000,0.0,0.00,0.000,0.000,IDLE
2026-08-18T16:39:55.773129,0.0000000,0.0000000,0.00,0.0000,0.0000,0.0000,0.0,0.00,0.000,0.000,IDLE
2026-08-18T16:39:56.773169,0.0000000,0.0000000,0.00,0.0000,0.0000,0.0000,0.0,0.00,0.000,0.000,IDLE
2026-08-18T16:39:57.773123,0.0000000,0.0000000,0.00,0.0000,0.0000,0.0000,0.0,0.00,0.000,0.000,IDLE
2026-08-18T16:39:58.773149,0.0000000,0.0000000,0.00,0.0000,0.0000,0.0000,0.0,0.00,0.000,0.000,IDLE
2026-08-18T16:39:59.773122,0.0000000,0.0000000,0.00,0.0000,0.0000,0.0000,0.0,0.00,0.000,0.000,IDLE
2026-08-18T16:40:00.773087,0.0000000,0.0000000,0.00,0.0000,0.0000,0.0000,0.0,0.00,0.000,0.000,IDLE
2026-08-18T16:40:01.773242,0.0000000,0.0000000,0.00,0.0000,0.0000,0.0000,0.0,0.00,0.000,0.000,IDLE
2026-08-18T16:40:02.773220,0.0000000,0.0000000,0.00,0.0000,0.0000,0.0000,0.0,0.00,0.000,0.000,IDLE
2026-08-18T16:40:03.773119,0.0000000,0.0000000,0.00,0.0000,0.0000,0.0000,0.0,0.00,0.000,0.000,IDLE
2026-08-18T16:40:04.773121,0.0000000,0.0000000,0.00,0.0000,0.0000,0.0000,0.0,0.00,0.000,0.000,IDLE
2026-08-18T16:40:05.773247,0.0000000,0.0000000,0.00,0.0000,0.0000,0.0000,0.0,0.00,0.000,0.000,IDLE
2026-08-18T16:40:06.773196,0.0000000,0.0000000,0.00,0.0000,0.0000,0.0000,0.0,0.00,0.000,0.000,IDLE
2026-08-18T16:40:07.773158,0.0000000,0.0000000,0.00,0.0000,0.0000,0.0000,0.0,0.00,0.000,0.000,IDLE
2026-08-18T16:40:08.773106,0.0000000,0.0000000,0.00,0.0000,0.0000,0.0000,0.0,0.00,0.000,0.000,IDLE
2026-08-18T16:40:09.773111,0.0000000,0.0000000,0.00,0.0000,0.0000,0.0000,0.0,0.00,0.000,0.000,IDLE
2026-08-18T16:40:10.773266,0.0000000,0.0000000,0.00,0.0000,0.0000,0.0000,0.0,0.00,0.000,0.000,IDLE
2026-08-18T16:40:11.773182,0.0000000,0.0000000,0.00,0.0000,0.0000,0.0000,0.0,0.00,0.000,0.000,IDLE
2026-08-18T16:40:12.773137,0.0000000,0.0000000,0.00,0.0000,0.0000,0.0000,0.0,0.00,0.000,0.000,IDLE
2026-08-18T16:40:13.773141,0.0000000,0.0000000,0.00,0.0000,0.0000,0.0000,0.0,0.00,0.000,0.000,IDLE
2026-08-18T16:40:14.773191,0.0000000,0.0000000,0.00,0.0000,0.0000,0.0000,0.0,0.00,0.000,0.000,IDLE
2026-08-18T16:40:15.773140,0.0000000,0.0000000,0.00,0.0000,0.0000,0.0000,0.0,0.00,0.000,0.000,IDLE
2026-08-18T16:40:16.773087,0.0000000,0.0000000,0.00,0.0000,0.0000,0.0000,0.0,0.00,0.000,0.000,IDLE
2026-08-18T16:40:17.773127,0.0000000,0.0000000,0.00,0.0000,0.0000,0.0000,0.0,0.00,0.000,0.000,IDLE
2026-08-18T16:40:18.773259,0.0000000,0.0000000,0.00,0.0000,0.0000,0.0000,0.0,0.00,0.000,0.000,IDLE
2026-08-18T16:40:19.773237,0.0000000,0.0000000,0.00,0.0000,0.0000,0.0000,0.0,0.00,0.000,0.000,IDLE
2026-08-18T16:40:20.773174,0.0000000,0.0000000,0.00,0.0000,0.0000,0.0000,0.0,0.00,0.000,0.000,IDLE
2026-08-18T16:40:21.773100,0.0000000,0.0000000,0.00,0.0000,0.0000,0.0000,0.0,0.00,0.000,0.000,IDLE
2026-08-18T16:40:22.773130,0.0000000,0.0000000,0.00,0.0000,0.0000,0.0000,0.0,0.00,0.000,0.000,IDLE
2026-08-18T16:40:23.773196,0.0000000,0.0000000,0.00,0.0000,0.0000,0.0000,0.0,0.00,0.000,0.000,IDLE
2026-08-18T16:40:24.773173,0.0000000,0.0000000,0.00,0.0000,0.0000,0.0000,0.0,0.00,0.000,0.000,IDLE
2026-08-18T16:40:25.773137,0.0000000,0.0000000,0.00,0.0000,0.0000,0.0000,0.0,0.00,0.000,0.000,IDLE
2026-08-18T16:40:26.773143,0.0000000,0.0000000,0.00,0.0000,0.0000,0.0000,0.0,0.00,0.000,0.000,IDLE
2026-08-18T16:40:27.773138,0.0000000,0.0000000,0.00,0.0000,0.0000,0.0000,0.0,0.00,0.000,0.000,IDLE
2026-08-18T16:40:28.773143,0.0000000,0.0000000,0.00,0.0000,0.0000,0.0000,0.0,0.00,0.000,0.000,IDLE
2026-08-18T16:40:29.773105,0.0000000,0.0000000,0.00,0.0000,0.0000,0.0000,0.0,0.00,0.000,0.000,IDLE
2026-08-18T16:40:30.773101,0.0000000,0.0000000,0.00,0.0000,0.0000,0.0000,0.0,0.00,0.000,0.000,IDLE
2026-08-18T16:40:31.773214,0.0000000,0.0000000,0.00,0.0000,0.0000,0.0000,0.0,0.00,0.000,0.000,IDLE
2026-08-18T16:40:32.773157,0.0000000,0.0000000,0.00,0.0000,0.0000,0.0000,0.0,0.00,0.000,0.000,IDLE
2026-08-18T16:40:33.773090,0.0000000,0.0000000,0.00,0.0000,0.0000,0.0000,0.0,0.00,0.000,0.000,IDLE
2026-08-18T16:40:34.773148,0.0000000,0.0000000,0.00,0.0000,0.0000,0.0000,0.0,0.00,0.000,0.000,IDLE
2026-08-18T16:40:35.773158,0.0000000,0.0000000,0.00,0.0000,0.0000,0.0000,0.0,0.00,0.000,0.000,IDLE
2026-08-18T16:40:36.773112,0.0000000,0.0000000,0.00,0.0000,0.0000,0.0000,0.0,0.00,0.000,0.000,IDLE
2026-08-18T16:40:37.773172,0.0000000,0.0000000,0.00,0.0000,0.0000,0.0000,0.0,0.00,0.000,0.000,IDLE
2026-08-18T16:40:38.773116,0.0000000,0.0000000,0.00,0.0000,0.0000,0.0000,0.0,0.00,0.000,0.000,IDLE
2026-08-18T16:40:39.773133,0.0000000,0.0000000,0.00,0.0000,0.0000,0.0000,0.0,0.00,0.000,0.000,IDLE
2026-08-18T16:40:40.773137,0.0000000,0.0000000,0.00,0.0000,0.0000,0.0000,0.0,0.00,0.000,0.000,IDLE
2026-08-18T16:40:41.773108,0.0000000,0.0000000,0.00,0.0000,0.0000,0.0000,0.0,0.00,0.000,0.000,IDLE
2026-08-18T16:40:42.773108,0.0000000,0.0000000,0.00,0.0000,0.0000,0.0000,0.0,0.00,0.000,0.000,IDLE
2026-08-18T16:40:43.773183,0.0000000,0.0000000,0.00,0.0000,0.0000,0.0000,0.0,0.00,0.000,0.000,IDLE
2026-08-18T16:40:44.773189,0.0000000,0.0000000,0.00,0.0000,0.0000,0.0000,0.0,0.00,0.000,0.000,IDLE
2026-08-18T16:40:45.773138,0.0000000,0.0000000,0.00,0.0000,0.0000,0.0000,0.0,0.00,0.000,0.000,IDLE
2026-08-18T16:40:46.773114,0.0000000,0.0000000,0.00,0.0000,0.0000,0.0000,0.0,0.00,0.000,0.000,IDLE
2026-08-18T16:40:47.773120,0.0000000,0.0000000,0.00,0.0000,0.0000,0.0000,0.0,0.00,0.000,0.000,IDLE
2026-08-18T16:40:48.773163,0.0000000,0.0000000,0.00,0.0000,0.0000,0.0000,0.0,0.00,0.000,0.000,IDLE
2026-08-18T16:40:49.773291,0.0000000,0.0000000,0.00,0.0000,0.0000,0.0000,0.0,0.00,0.000,0.000,IDLE
2026-08-18T16:40:50.773099,0.0000000,0.0000000,0.00,0.0000,0.0000,0.0000,0.0,0.00,0.000,0.000,IDLE
2026-08-18T16:40:51.773226,0.0000000,0.0000000,0.00,0.0000,0.0000,0.0000,0.0,0.00,0.000,0.000,IDLE
2026-08-18T16:40:52.773300,0.0000000,0.0000000,0.00,0.0000,0.0000,0.0000,0.0,0.00,0.000,0.000,IDLE
2026-08-18T16:40:53.773230,0.0000000,0.0000000,0.00,0.0000,0.0000,0.0000,0.0,0.00,0.000,0.000,IDLE
2026-08-18T16:40:54.773243,0.0000000,0.0000000,0.00,0.0000,0.0000,0.0000,0.0,0.00,0.000,0.000,IDLE
2026-08-18T16:40:55.773214,0.0000000,0.0000000,0.00,0.0000,0.0000,0.0000,0.0,0.00,0.000,0.000,IDLE
2026-08-18T16:40:56.774464,0.0000000,0.0000000,0.00,0.0000,0.0000,0.0000,0.0,0.00,0.000,0.000,IDLE
2026-08-18T16:40:57.773207,0.0000000,0.0000000,0.00,0.0000,0.0000,0.0000,0.0,0.00,0.000,0.000,IDLE
2026-08-18T16:40:58.773125,0.0000000,0.0000000,0.00,0.0000,0.0000,0.0000,0.0,0.00,0.000,0.000,IDLE
2026-08-18T16:40:59.773103,0.0000000,0.0000000,0.00,0.0000,0.0000,0.0000,0.0,0.00,0.000,0.000,IDLE
2026-08-18T16:41:00.773148,0.0000000,0.0000000,0.00,0.0000,0.0000,0.0000,0.0,0.00,0.000,0.000,IDLE
2026-08-18T16:41:01.773218,0.0000000,0.0000000,0.00,0.0000,0.0000,0.0000,0.0,0.00,0.000,0.000,IDLE
2026-08-18T16:41:02.773149,0.0000000,0.0000000,0.00,0.0000,0.0000,0.0000,0.0,0.00,0.000,0.000,IDLE
2026-08-18T16:41:03.773103,0.0000000,0.0000000,0.00,0.0000,0.0000,0.0000,0.0,0.00,0.000,0.000,IDLE
2026-08-18T16:41:04.773146,0.0000000,0.0000000,0.00,0.0000,0.0000,0.0000,0.0,0.00,0.000,0.000,IDLE
2026-08-18T16:41:05.773154,0.0000000,0.0000000,0.00,0.0000,0.0000,0.0000,0.0,0.00,0.000,0.000,IDLE
2026-08-18T16:41:06.773215,0.0000000,0.0000000,0.00,0.0000,0.0000,0.0000,0.0,0.00,0.000,0.000,IDLE
2026-08-18T16:41:07.773206,0.0000000,0.0000000,0.00,0.0000,0.0000,0.0000,0.0,0.00,0.000,0.000,IDLE
2026-08-18T16:41:08.773128,0.0000000,0.0000000,0.00,0.0000,0.0000,0.0000,0.0,0.00,0.000,0.000,IDLE
2026-08-18T16:41:09.773255,0.0000000,0.0000000,0.00,0.0000,0.0000,0.0000,0.0,0.00,0.000,0.000,IDLE
2026-08-18T16:41:10.773238,0.0000000,0.0000000,0.00,0.0000,0.0000,0.0000,0.0,0.00,0.000,0.000,IDLE
2026-08-18T16:41:11.773256,0.0000000,0.0000000,0.00,0.0000,0.0000,0.0000,0.0,0.00,0.000,0.000,IDLE
2026-08-18T16:41:12.773128,0.0000000,0.0000000,0.00,0.0000,0.0000,0.0000,0.0,0.00,0.000,0.000,IDLE
2026-08-18T16:41:13.773302,0.0000000,0.0000000,0.00,0.0000,0.0000,0.0000,0.0,0.00,0.000,0.000,IDLE
2026-08-18T16:41:14.773121,0.0000000,0.0000000,0.00,0.0000,0.0000,0.0000,0.0,0.00,0.000,0.000,IDLE
2026-08-18T16:41:15.773228,0.0000000,0.0000000,0.00,0.0000,0.0000,0.0000,0.0,0.00,0.000,0.000,IDLE
2026-08-18T16:41:16.773282,0.0000000,0.0000000,0.00,0.0000,0.0000,0.0000,0.0,0.00,0.000,0.000,IDLE
2026-08-18T16:41:17.773208,0.0000000,0.0000000,0.00,0.0000,0.0000,0.0000,0.0,0.00,0.000,0.000,IDLE
2026-08-18T16:41:18.773230,0.0000000,0.0000000,0.00,0.0000,0.0000,0.0000,0.0,0.00,0.000,0.000,IDLE
2026-08-18T16:41:19.773219,0.0000000,0.0000000,0.00,0.0000,0.0000,0.0000,0.0,0.00,0.000,0.000,IDLE
2026-08-18T16:41:20.773202,0.0000000,0.0000000,0.00,0.0000,0.0000,0.0000,0.0,0.00,0.000,0.000,IDLE
2026-08-18T16:41:21.773244,0.0000000,0.0000000,0.00,0.0000,0.0000,0.0000,0.0,0.00,0.000,0.000,IDLE
2026-08-18T16:41:22.773212,0.0000000,0.0000000,0.00,0.0000,0.0000,0.0000,0.0,0.00,0.000,0.000,IDLE
2026-08-18T16:41:23.773319,0.0000000,0.0000000,0.00,0.0000,0.0000,0.0000,0.0,0.00,0.000,0.000,IDLE
2026-08-18T16:41:24.773154,0.0000000,0.0000000,0.00,0.0000,0.0000,0.0000,0.0,0.00,0.000,0.000,IDLE
2026-08-18T16:41:25.773100,0.0000000,0.0000000,0.00,0.0000,0.0000,0.0000,0.0,0.00,0.000,0.000,IDLE
2026-08-18T16:41:26.773149,0.0000000,0.0000000,0.00,0.0000,0.0000,0.0000,0.0,0.00,0.000,0.000,IDLE
2026-08-18T16:41:27.773212,0.0000000,0.0000000,0.00,0.0000,0.0000,0.0000,0.0,0.00,0.000,0.000,IDLE
2026-08-18T16:41:28.773184,0.0000000,0.0000000,0.00,0.0000,0.0000,0.0000,0.0,0.00,0.000,0.000,IDLE
2026-08-18T16:41:29.773270,0.0000000,0.0000000,0.00,0.0000,0.0000,0.0000,0.0,0.00,0.000,0.000,IDLE
2026-08-18T16:41:30.773280,0.0000000,0.0000000,0.00,0.0000,0.0000,0.0000,0.0,0.00,0.000,0.000,IDLE
2026-08-18T16:41:31.773259,0.0000000,0.0000000,0.00,0.0000,0.0000,0.0000,0.0,0.00,0.000,0.000,IDLE
2026-08-18T16:41:32.773255,0.0000000,0.0000000,0.00,0.0000,0.0000,0.0000,0.0,0.00,0.000,0.000,IDLE
2026-08-18T16:41:33.773265,0.0000000,0.0000000,0.00,0.0000,0.0000,0.0000,0.0,0.00,0.000,0.000,IDLE
2026-08-18T16:41:34.773135,0.0000000,0.0000000,0.00,0.0000,0.0000,0.0000,0.0,0.00,0.000,0.000,IDLE
2026-08-18T16:41:35.773228,0.0000000,0.0000000,0.00,0.0000,0.0000,0.0000,0.0,0.00,0.000,0.000,IDLE
2026-08-18T16:41:36.773123,0.0000000,0.0000000,0.00,0.0000,0.0000,0.0000,0.0,0.00,0.000,0.000,IDLE
2026-08-18T16:41:37.773136,0.0000000,0.0000000,0.00,0.0000,0.0000,0.0000,0.0,0.00,0.000,0.000,IDLE
2026-08-18T16:41:38.773188,0.0000000,0.0000000,0.00,0.0000,0.0000,0.0000,0.0,0.00,0.000,0.000,IDLE
2026-08-18T16:41:39.773362,0.0000000,0.0000000,0.00,0.0000,0.0000,0.0000,0.0,0.00,0.000,0.000,IDLE
2026-08-18T16:41:40.773356,0.0000000,0.0000000,0.00,0.0000,0.0000,0.0000,0.0,0.00,0.000,0.000,IDLE
2026-08-18T16:41:41.773225,0.0000000,0.0000000,0.00,0.0000,0.0000,0.0000,0.0,0.00,0.000,0.000,IDLE
2026-08-18T16:41:42.773292,0.0000000,0.0000000,0.00,0.0000,0.0000,0.0000,0.0,0.00,0.000,0.000,IDLE
2026-08-18T16:41:43.773143,0.0000000,0.0000000,0.00,0.0000,0.0000,0.0000,0.0,0.00,0.000,0.000,IDLE
2026-08-18T16:41:44.773253,0.0000000,0.0000000,0.00,0.0000,0.0000,0.0000,0.0,0.00,0.000,0.000,IDLE
2026-08-18T16:41:45.773273,0.0000000,0.0000000,0.00,0.0000,0.0000,0.0000,0.0,0.00,0.000,0.000,IDLE
2026-08-18T16:41:46.773143,0.0000000,0.0000000,0.00,0.0000,0.0000,0.0000,0.0,0.00,0.000,0.000,IDLE
2026-08-18T16:41:47.773217,0.0000000,0.0000000,0.00,0.0000,0.0000,0.0000,0.0,0.00,0.000,0.000,IDLE
2026-08-18T16:41:48.773206,0.0000000,0.0000000,0.00,0.0000,0.0000,0.0000,0.0,0.00,0.000,0.000,IDLE
2026-08-18T16:41:49.773536,0.0000000,0.0000000,0.00,0.0000,0.0000,0.0000,0.0,0.00,0.000,0.000,IDLE
2026-08-18T16:41:50.773181,0.0000000,0.0000000,0.00,0.0000,0.0000,0.0000,0.0,0.00,0.000,0.000,IDLE
2026-08-18T16:41:51.773145,0.0000000,0.0000000,0.00,0.0000,0.0000,0.0000,0.0,0.00,0.000,0.000,IDLE
2026-08-18T16:41:52.773336,0.0000000,0.0000000,0.00,0.0000,0.0000,0.0000,0.0,0.00,0.000,0.000,IDLE
2026-08-18T16:41:53.773234,0.0000000,0.0000000,0.00,0.0000,0.0000,0.0000,0.0,0.00,0.000,0.000,IDLE
2026-08-18T16:41:54.773276,0.0000000,0.0000000,0.00,0.0000,0.0000,0.0000,0.0,0.00,0.000,0.000,IDLE
2026-08-18T16:41:55.773370,0.0000000,0.0000000,0.00,0.0000,0.0000,0.0000,0.0,0.00,0.000,0.000,IDLE
2026-08-18T16:41:56.773224,0.0000000,0.0000000,0.00,0.0000,0.0000,0.0000,0.0,0.00,0.000,0.000,IDLE
2026-08-18T16:41:57.773220,0.0000000,0.0000000,0.00,0.0000,0.0000,0.0000,0.0,0.00,0.000,0.000,IDLE
2026-08-18T16:41:58.773174,0.0000000,0.0000000,0.00,0.0000,0.0000,0.0000,0.0,0.00,0.000,0.000,IDLE
2026-08-18T16:41:59.773161,0.0000000,0.0000000,0.00,0.0000,0.0000,0.0000,0.0,0.00,0.000,0.000,IDLE
2026-08-18T16:42:00.773118,0.0000000,0.0000000,0.00,0.0000,0.0000,0.0000,0.0,0.00,0.000,0.000,IDLE
2026-08-18T16:42:01.773217,0.0000000,0.0000000,0.00,0.0000,0.0000,0.0000,0.0,0.00,0.000,0.000,IDLE
2026-08-18T16:42:02.773204,0.0000000,0.0000000,0.00,0.0000,0.0000,0.0000,0.0,0.00,0.000,0.000,IDLE
2026-08-18T16:42:03.773132,0.0000000,0.0000000,0.00,0.0000,0.0000,0.0000,0.0,0.00,0.000,0.000,IDLE
2026-08-18T16:42:04.773152,0.0000000,0.0000000,0.00,0.0000,0.0000,0.0000,0.0,0.00,0.000,0.000,IDLE
2026-08-18T16:42:05.773215,0.0000000,0.0000000,0.00,0.0000,0.0000,0.0000,0.0,0.00,0.000,0.000,IDLE
2026-08-18T16:42:06.773240,0.0000000,0.0000000,0.00,0.0000,0.0000,0.0000,0.0,0.00,0.000,0.000,IDLE
2026-08-18T16:42:07.773110,0.0000000,0.0000000,0.00,0.0000,0.0000,0.0000,0.0,0.00,0.000,0.000,IDLE
2026-08-18T16:42:08.773123,0.0000000,0.0000000,0.00,0.0000,0.0000,0.0000,0.0,0.00,0.000,0.000,IDLE
2026-08-18T16:42:09.773155,0.0000000,0.0000000,0.00,0.0000,0.0000,0.0000,0.0,0.00,0.000,0.000,IDLE
2026-08-18T16:42:10.773135,0.0000000,0.0000000,0.00,0.0000,0.0000,0.0000,0.0,0.00,0.000,0.000,IDLE
2026-08-18T16:42:11.773114,0.0000000,0.0000000,0.00,0.0000,0.0000,0.0000,0.0,0.00,0.000,0.000,IDLE
2026-08-18T16:42:12.773111,0.0000000,0.0000000,0.00,0.0000,0.0000,0.0000,0.0,0.00,0.000,0.000,IDLE
2026-08-18T16:42:13.773102,0.0000000,0.0000000,0.00,0.0000,0.0000,0.0000,0.0,0.00,0.000,0.000,IDLE
2026-08-18T16:42:14.773111,0.0000000,0.0000000,0.00,0.0000,0.0000,0.0000,0.0,0.00,0.000,0.000,IDLE
2026-08-18T16:42:15.773128,0.0000000,0.0000000,0.00,0.0000,0.0000,0.0000,0.0,0.00,0.000,0.000,IDLE
2026-08-18T16:42:16.773141,0.0000000,0.0000000,0.00,0.0000,0.0000,0.0000,0.0,0.00,0.000,0.000,IDLE
2026-08-18T16:42:17.773106,0.0000000,0.0000000,0.00,0.0000,0.0000,0.0000,0.0,0.00,0.000,0.000,IDLE
2026-08-18T16:42:18.773171,0.0000000,0.0000000,0.00,0.0000,0.0000,0.0000,0.0,0.00,0.000,0.000,IDLE
2026-08-18T16:42:19.773090,0.0000000,0.0000000,0.00,0.0000,0.0000,0.0000,0.0,0.00,0.000,0.000,IDLE
2026-08-18T16:42:20.773158,0.0000000,0.0000000,0.00,0.0000,0.0000,0.0000,0.0,0.00,0.000,0.000,IDLE
2026-08-18T16:42:21.773139,0.0000000,0.0000000,0.00,0.0000,0.0000,0.0000,0.0,0.00,0.000,0.000,IDLE
2026-08-18T16:42:22.773172,0.0000000,0.0000000,0.00,0.0000,0.0000,0.0000,0.0,0.00,0.000,0.000,IDLE
2026-08-18T16:42:23.773167,0.0000000,0.0000000,0.00,0.0000,0.0000,0.0000,0.0,0.00,0.000,0.000,IDLE
2026-08-18T16:42:24.773107,0.0000000,0.0000000,0.00,0.0000,0.0000,0.0000,0.0,0.00,0.000,0.000,IDLE
2026-08-18T16:42:25.773105,0.0000000,0.0000000,0.00,0.0000,0.0000,0.0000,0.0,0.00,0.000,0.000,IDLE
2026-08-18T16:42:26.773138,0.0000000,0.0000000,0.00,0.0000,0.0000,0.0000,0.0,0.00,0.000,0.000,IDLE
2026-08-18T16:42:27.773134,0.0000000,0.0000000,0.00,0.0000,0.0000,0.0000,0.0,0.00,0.000,0.000,IDLE
2026-08-18T16:42:28.773126,0.0000000,0.0000000,0.00,0.0000,0.0000,0.0000,0.0,0.00,0.000,0.000,IDLE
2026-08-18T16:42:29.773090,0.0000000,0.0000000,0.00,0.0000,0.0000,0.0000,0.0,0.00,0.000,0.000,IDLE
2026-08-18T16:42:30.773123,0.0000000,0.0000000,0.00,0.0000,0.0000,0.0000,0.0,0.00,0.000,0.000,IDLE
2026-08-18T16:42:31.773139,0.0000000,0.0000000,0.00,0.0000,0.0000,0.0000,0.0,0.00,0.000,0.000,IDLE
2026-08-18T16:42:32.773180,0.0000000,0.0000000,0.00,0.0000,0.0000,0.0000,0.0,0.00,0.000,0.000,IDLE
2026-08-18T16:42:33.773143,0.0000000,0.0000000,0.00,0.0000,0.0000,0.0000,0.0,0.00,0.000,0.000,IDLE
2026-08-18T16:42:34.773148,0.0000000,0.0000000,0.00,0.0000,0.0000,0.0000,0.0,0.00,0.000,0.000,IDLE
2026-08-18T16:42:35.773431,0.0000000,0.0000000,0.00,0.0000,0.0000,0.0000,0.0,0.00,0.000,0.000,IDLE
2026-08-18T16:42:36.773175,0.0000000,0.0000000,0.00,0.0000,0.0000,0.0000,0.0,0.00,0.000,0.000,IDLE
2026-08-18T16:42:37.773153,0.0000000,0.0000000,0.00,0.0000,0.0000,0.0000,0.0,0.00,0.000,0.000,IDLE
2026-08-18T16:42:38.773218,0.0000000,0.0000000,0.00,0.0000,0.0000,0.0000,0.0,0.00,0.000,0.000,IDLE
2026-08-18T16:42:39.773208,0.0000000,0.0000000,0.00,0.0000,0.0000,0.0000,0.0,0.00,0.000,0.000,IDLE
2026-08-18T16:42:40.773229,0.0000000,0.0000000,0.00,0.0000,0.0000,0.0000,0.0,0.00,0.000,0.000,IDLE
2026-08-18T16:42:41.773151,0.0000000,0.0000000,0.00,0.0000,0.0000,0.0000,0.0,0.00,0.000,0.000,IDLE
2026-08-18T16:42:42.773111,0.0000000,0.0000000,0.00,0.0000,0.0000,0.0000,0.0,0.00,0.000,0.000,IDLE
2026-08-18T16:42:43.773182,0.0000000,0.0000000,0.00,0.0000,0.0000,0.0000,0.0,0.00,0.000,0.000,IDLE
2026-08-18T16:42:44.773238,0.0000000,0.0000000,0.00,0.0000,0.0000,0.0000,0.0,0.00,0.000,0.000,IDLE
                                                                                                                                                                                                                                                                                                                                                                                                                                                                                                                                                                                                                                                                                                                                                                                                                                                                                                                                                                                                                                                                                                                                                                                                                                                                                                                                                                                                                                                                                                                                                                                                                                                                                                                                                                                                                                                                                                                                                                                                                                                     