timestamp,lat,lon,alt,roll,pitch,yaw,heading,groundspeed,cmd_linear_x,cmd_angular_z,mission_phase
2026-08-17T21:32:29.546472,0.0000000,0.0000000,0.00,0.0000,0.0000,0.0000,0.0,0.00,0.000,0.000,IDLE
2026-08-17T21:32:30.544754,0.0000000,0.0000000,0.00,0.0000,0.0000,0.0000,0.0,0.00,0.000,0.000,WAYPOINT
2026-08-17T21:32:31.544625,0.0000000,0.0000000,0.00,-0.0078,0.0611,0.0048,0.0,0.00,0.000,0.000,WAYPOINT
2026-08-17T21:32:32.544579,37.8648883,32.4837606,0.21,0.0210,0.0677,1.8263,104.0,0.58,0.000,0.000,WAYPOINT
2026-08-17T21:32:33.544561,37.8648880,32.4837671,-0.05,0.0189,0.0740,1.8485,105.0,0.58,0.000,0.000,WAYPOINT
2026-08-17T21:32:34.544532,37.8648877,32.4837729,0.01,-0.0065,0.0649,1.8402,105.0,0.57,0.000,0.000,WAYPOINT
2026-08-17T21:32:35.544617,37.8648875,32.4837797,0.08,0.0004,0.0719,1.8024,103.0,0.58,0.000,0.000,WAYPOINT
2026-08-17T21:32:36.544630,37.8648877,32.4837865,0.01,0.0093,0.0777,1.7717,101.0,0.55,0.000,0.000,WAYPOINT
2026-08-17T21:32:37.544631,37.8648874,32.4837931,-0.06,-0.0025,0.0750,1.8028,103.0,0.55,0.000,0.000,WAYPOINT
2026-08-17T21:32:38.544633,37.8648874,32.4837991,-0.15,0.0019,0.0765,1.8188,104.0,0.52,0.000,0.000,WAYPOINT
2026-08-17T21:32:39.544518,37.8648874,32.4838062,-0.02,0.0065,0.0825,1.8256,104.0,0.52,0.000,0.000,WAYPOINT
2026-08-17T21:32:40.544281,37.8648870,32.4838114,-0.37,0.0039,0.0852,1.8360,105.0,0.48,0.000,-1.000,WAYPOINT
2026-08-17T21:32:41.544319,37.8648868,32.4838163,-0.31,0.0032,0.0787,1.8399,105.0,0.48,0.000,-1.000,WAYPOINT
2026-08-17T21:32:42.544617,37.8648863,32.4838220,-0.29,0.0006,0.0616,1.8333,105.0,0.54,0.000,0.000,WAYPOINT
2026-08-17T21:32:43.544531,37.8648860,32.4838282,-0.04,-0.0104,0.0757,1.8451,105.0,0.48,0.000,0.000,WAYPOINT
2026-08-17T21:32:44.544566,37.8648856,32.4838331,-0.08,-0.0035,0.0844,1.8551,106.0,0.47,0.000,0.000,WAYPOINT
2026-08-17T21:32:45.544726,37.8648853,32.4838387,-0.39,0.0067,0.0924,1.8461,105.0,0.47,0.000,0.000,WAYPOINT
2026-08-17T21:32:46.544564,37.8648846,32.4838441,-0.27,-0.0012,0.0882,1.8600,106.0,0.44,0.000,0.000,WAYPOINT
2026-08-17T21:32:47.544655,37.8648844,32.4838492,-0.21,-0.0003,0.0640,1.8540,106.0,0.44,0.000,0.000,WAYPOINT
2026-08-17T21:32:48.544589,37.8648841,32.4838541,-0.25,-0.0006,0.0592,1.8001,103.0,0.52,0.000,0.000,WAYPOINT
2026-08-17T21:32:49.544569,37.8648839,32.4838605,-0.01,0.0016,0.0856,1.7567,100.0,0.56,0.000,0.000,WAYPOINT
2026-08-17T21:32:50.544679,37.8648840,32.4838663,-0.11,0.0079,0.0681,1.7425,99.0,0.50,0.000,0.000,WAYPOINT
2026-08-17T21:32:51.544244,37.8648839,32.4838721,0.05,-0.0030,0.0718,1.7948,102.0,0.46,0.000,-1.000,WAYPOINT
2026-08-17T21:32:52.544354,37.8648835,32.4838780,0.34,0.0217,0.0915,1.8903,108.0,0.56,0.000,1.000,WAYPOINT
2026-08-17T21:32:53.544514,37.8648832,32.4838856,0.56,0.0391,0.1104,1.9401,111.0,0.60,0.000,0.000,WAYPOINT
2026-08-17T21:32:54.544570,37.8648829,32.4838922,0.15,0.0585,0.1141,1.9611,112.0,0.57,0.000,0.000,WAYPOINT
2026-08-17T21:32:55.544579,37.8648826,32.4838980,-0.37,0.0637,0.1123,1.9910,114.0,0.53,0.000,0.000,WAYPOINT
2026-08-17T21:32:56.544631,37.8648823,32.4839033,-0.49,0.0716,0.1151,2.0422,117.0,0.54,0.000,0.000,WAYPOINT
2026-08-17T21:32:57.544627,37.8648818,32.4839092,-0.40,0.0924,0.1202,2.0355,116.0,0.38,0.000,0.000,WAYPOINT
2026-08-17T21:32:58.544515,37.8648823,32.4839129,-0.30,0.0787,0.1643,1.6659,95.0,0.25,0.000,0.000,WAYPOINT
2026-08-17T21:32:59.544534,37.8648830,32.4839145,-0.45,0.0284,0.1759,1.1262,64.0,0.08,0.000,0.000,WAYPOINT
2026-08-17T21:33:00.544646,37.8648836,32.4839151,-0.35,-0.0235,0.1561,0.7973,45.0,0.04,0.000,-1.000,WAYPOINT
2026-08-17T21:33:01.544604,37.8648839,32.4839161,-0.39,-0.0321,0.1256,0.4175,23.0,0.07,0.000,0.000,WAYPOINT
2026-08-17T21:33:02.544587,37.8648843,32.4839187,-0.75,-0.0454,0.1003,0.0463,2.0,0.18,0.000,0.000,WAYPOINT
2026-08-17T21:33:03.546238,37.8648838,32.4839220,-0.61,-0.0608,0.0711,-0.3034,342.0,0.33,0.000,1.000,WAYPOINT
2026-08-17T21:33:04.544485,37.8648835,32.4839253,-0.46,-0.0841,0.1111,-0.5776,326.0,0.21,0.000,1.000,WAYPOINT
2026-08-17T21:33:05.544630,37.8648832,32.4839262,-0.55,-0.0457,0.0994,-0.7584,316.0,0.02,0.000,0.000,WAYPOINT
2026-08-17T21:33:06.544813,37.8648836,32.4839262,-0.43,-0.0171,0.1301,-0.7652,316.0,0.08,0.000,0.000,WAYPOINT
2026-08-17T21:33:07.546538,37.8648842,32.4839263,-0.63,0.0044,0.1408,-0.8117,313.0,0.04,0.000,0.000,WAYPOINT
2026-08-17T21:33:08.544567,37.8648847,32.4839261,-0.22,0.0147,0.1554,-0.8913,308.0,0.03,0.000,0.000,WAYPOINT
2026-08-17T21:33:09.544652,37.8648850,32.4839259,-0.45,0.0351,0.1535,-0.9749,304.0,0.06,0.000,0.000,WAYPOINT
2026-08-17T21:33:10.544806,37.8648853,32.4839258,-0.70,0.0345,0.1519,-1.0559,299.0,0.03,0.000,0.000,WAYPOINT
2026-08-17T21:33:11.544730,37.8648853,32.4839257,-0.50,0.0372,0.1551,-1.1348,294.0,0.02,0.000,0.000,WAYPOINT
2026-08-17T21:33:12.544496,37.8648862,32.4839300,1023.50,-0.0143,0.0653,-1.7955,257.0,0.02,0.000,0.000,WAYPOINT
2026-08-17T21:33:13.544566,37.8648864,32.4839301,1023.43,-0.0185,0.0634,-1.8909,251.0,0.05,0.000,0.000,WAYPOINT
2026-08-17T21:33:14.544567,37.8648863,32.4839299,1023.36,-0.0176,0.0627,-1.9123,250.0,0.05,0.000,0.000,WAYPOINT
2026-08-17T21:33:15.544591,37.8648860,32.4839294,1023.39,-0.0159,0.0665,-1.8389,254.0,0.06,0.000,0.000,WAYPOINT
2026-08-17T21:33:16.544513,37.8648856,32.4839295,1023.45,-0.0147,0.1350,-1.7834,257.0,0.17,0.000,0.000,WAYPOINT
2026-08-17T21:33:17.544562,37.8648857,32.4839313,1023.44,-0.0221,0.1195,-1.7764,258.0,0.37,0.000,0.000,WAYPOINT
2026-08-17T21:33:18.544574,37.8648859,32.4839350,1023.46,-0.0286,0.1102,-1.7984,256.0,0.44,0.000,0.000,WAYPOINT
2026-08-17T21:33:19.544557,37.8648862,32.4839388,1023.46,-0.0327,0.0709,-1.8453,254.0,0.29,0.000,0.000,WAYPOINT
2026-08-17T21:33:20.544501,37.8648862,32.4839397,1023.46,-0.0200,0.0713,-1.8559,253.0,0.10,0.000,0.000,WAYPOINT
2026-08-17T21:33:21.544511,37.8648863,32.4839391,1023.45,-0.0221,0.0591,-1.8014,256.0,0.11,0.000,0.000,WAYPOINT
2026-08-17T21:33:22.579973,37.8648862,32.4839387,1023.47,-0.0123,0.0542,-1.7763,258.0,0.10,0.000,0.000,WAYPOINT
2026-08-17T21:33:23.562446,37.8648862,32.4839383,1023.45,-0.0201,0.0601,-1.7398,260.0,0.08,0.000,0.000,WAYPOINT
2026-08-17T21:33:24.544517,37.8648862,32.4839379,1023.47,-0.0190,0.0511,-1.7224,261.0,0.11,0.000,0.000,WAYPOINT
2026-08-17T21:33:25.544532,37.8648860,32.4839380,1023.49,-0.0185,0.0451,-1.7165,261.0,0.10,0.000,0.000,WAYPOINT
2026-08-17T21:33:26.544488,37.8648861,32.4839382,1023.48,-0.0227,0.0469,-1.6745,264.0,0.08,0.000,0.000,WAYPOINT
2026-08-17T21:33:27.545672,37.8648862,32.4839384,1023.48,-0.0233,0.0470,-1.6307,266.0,0.10,0.000,0.000,WAYPOINT
2026-08-17T21:33:28.544523,37.8648860,32.4839384,1023.48,-0.0188,0.0419,-1.5936,268.0,0.08,0.000,0.000,WAYPOINT
2026-08-17T21:33:29.544528,37.8648862,32.4839383,1023.45,-0.0249,0.0437,-1.5770,269.0,0.08,0.000,0.000,WAYPOINT
2026-08-17T21:33:30.544523,37.8648863,32.4839382,1023.42,-0.0184,0.0316,-1.5966,268.0,0.05,0.000,0.000,WAYPOINT
2026-08-17T21:33:31.545534,37.8648865,32.4839379,1023.43,-0.0209,0.0323,-1.6123,267.0,0.04,0.000,0.000,WAYPOINT
2026-08-17T21:33:32.544596,37.8648869,32.4839375,1023.49,-0.0165,0.0335,-1.6285,266.0,0.05,0.000,0.000,WAYPOINT
2026-08-17T21:33:33.544495,37.8648871,32.4839370,1023.51,-0.0190,0.0329,-1.6174,267.0,0.03,0.000,0.000,WAYPOINT
2026-08-17T21:33:34.544529,37.8648872,32.4839371,1023.54,-0.0092,0.0666,-1.6175,267.0,0.04,0.000,0.000,WAYPOINT
2026-08-17T21:33:35.544511,37.8648871,32.4839374,1023.45,-0.0074,0.0595,-1.6335,266.0,0.02,0.000,0.000,WAYPOINT
2026-08-17T21:33:36.544561,37.8648873,32.4839372,1023.43,-0.0284,0.0662,-1.6336,266.0,0.03,0.000,0.000,WAYPOINT
2026-08-17T21:33:37.544555,37.8648875,32.4839367,1023.43,-0.0196,0.0693,-1.6392,266.0,0.03,0.000,0.000,WAYPOINT
2026-08-17T21:33:38.544502,37.8648876,32.4839367,1023.44,-0.0248,0.0703,-1.6196,267.0,0.04,0.000,0.000,IDLE
2026-08-17T21:33:39.544499,37.8648875,32.4839368,1023.51,-0.0202,0.0672,-1.5908,268.0,0.05,0.000,0.000,IDLE
2026-08-17T21:33:40.545000,37.8648874,32.4839370,1023.52,-0.0232,0.0627,-1.5943,268.0,0.05,0.000,0.000,IDLE
2026-08-17T21:33:41.544616,37.8648873,32.4839369,1023.54,-0.0236,0.0647,-1.6060,267.0,0.04,0.000,0.000,IDLE
2026-08-17T21:33:42.544767,37.8648875,32.4839368,1023.52,-0.0248,0.0645,-1.5925,268.0,0.03,0.000,0.000,IDLE
2026-08-17T21:33:43.544593,37.8648876,32.4839367,1023.46,-0.0274,0.0638,-1.5778,269.0,0.04,0.000,0.000,IDLE
2026-08-17T21:33:44.544499,37.8648876,32.4839365,1023.44,-0.0244,0.0677,-1.5574,270.0,0.05,0.000,0.000,IDLE
2026-08-17T21:33:45.544547,37.8648875,32.4839367,1023.46,-0.0245,0.0653,-1.5453,271.0,0.06,0.000,0.000,IDLE
2026-08-17T21:33:46.544762,37.8648877,32.4839368,1023.46,-0.0254,0.0649,-1.5422,271.0,0.07,0.000,0.000,IDLE
2026-08-17T21:33:47.544597,37.8648875,32.4839370,1023.47,-0.0253,0.0614,-1.5637,270.0,0.08,0.000,0.000,IDLE
2026-08-17T21:33:48.544520,37.8648871,32.4839373,1023.51,-0.0185,0.0689,-1.6012,268.0,0.07,0.000,0.000,IDLE
2026-08-17T21:33:49.544511,37.8648874,32.4839369,1023.50,-0.0106,0.0695,-1.6441,265.0,0.01,0.000,0.000,IDLE
2026-08-17T21:33:50.544639,37.8648879,32.4839366,1023.49,-0.0136,0.0678,-1.6567,265.0,0.02,0.000,0.000,IDLE
2026-08-17T21:33:51.544542,37.8648882,32.4839366,1023.48,-0.0174,0.0589,-1.6289,266.0,0.01,0.000,0.000,IDLE
2026-08-17T21:33:52.544508,37.8648880,32.4839368,1023.47,-0.0165,0.0591,-1.5708,270.0,0.02,0.000,0.000,WAYPOINT
2026-08-17T21:37:15.571170,37.8648880,32.4839368,1023.47,-0.0165,0.0591,-1.5708,270.0,0.02,0.000,0.000,WAYPOINT
2026-08-17T21:37:16.544502,37.8648881,32.4839370,1023.46,-0.0213,0.0621,-1.5093,273.0,0.02,0.000,0.000,WAYPOINT
2026-08-17T21:37:17.544587,37.8648881,32.4839371,1023.46,-0.0238,0.0629,-1.4611,276.0,0.02,0.000,0.000,WAYPOINT
2026-08-17T21:37:18.544542,37.8648882,32.4839371,1023.49,-0.0157,0.0612,-1.4287,278.0,0.04,0.000,0.000,WAYPOINT
2026-08-17T21:37:19.544720,37.8648885,32.4839374,1023.46,-0.0231,0.0765,-1.4352,277.0,0.04,0.000,0.000,WAYPOINT
2026-08-17T21:37:20.544539,37.8648888,32.4839377,1023.49,-0.0196,0.0889,-1.4199,278.0,0.00,0.000,0.000,WAYPOINT
2026-08-17T21:37:21.544513,37.8648891,32.4839374,1023.49,-0.0237,0.0846,-1.3701,281.0,0.02,0.000,0.000,WAYPOINT
2026-08-17T21:37:22.544352,37.8648893,32.4839372,1023.50,-0.0224,0.0752,-1.3044,285.0,0.04,0.000,1.000,WAYPOINT
2026-08-17T21:37:23.544405,37.8648892,32.4839374,1023.52,-0.0186,0.0758,-1.3160,284.0,0.07,0.000,1.000,WAYPOINT
2026-08-17T21:37:24.544392,37.8648892,32.4839374,1023.51,-0.0235,0.0842,-1.3923,280.0,0.11,0.950,0.000,WAYPOINT
2026-08-17T21:37:25.544639,37.8648892,32.4839381,1023.48,-0.0176,0.0788,-1.4433,277.0,0.12,0.000,0.000,WAYPOINT
2026-08-17T21:37:26.544268,37.8648889,32.4839394,1023.46,-0.0161,0.0657,-1.4329,277.0,0.13,0.000,1.000,WAYPOINT
2026-08-17T21:37:27.544354,37.8648887,32.4839408,1023.44,-0.0097,0.0771,-1.4498,276.0,0.17,0.000,1.000,WAYPOINT
2026-08-17T21:37:28.544443,37.8648891,32.4839428,1023.43,-0.0145,0.0522,-1.4254,278.0,0.08,0.000,1.000,WAYPOINT
2026-08-17T21:37:29.544439,37.8648892,32.4839432,1023.43,-0.0139,0.0681,-1.3902,280.0,0.05,0.000,1.000,WAYPOINT
2026-08-17T21:37:30.544325,37.8648890,32.4839433,1023.44,-0.0161,0.0758,-1.3775,281.0,0.07,0.000,1.000,WAYPOINT
2026-08-17T21:37:31.544244,37.8648888,32.4839435,1023.42,-0.0063,0.0349,-1.5127,273.0,0.19,0.000,1.000,WAYPOINT
2026-08-17T21:37:32.544657,37.8648879,32.4839429,1023.49,-0.0137,0.0819,-1.9123,250.0,0.17,0.000,0.000,WAYPOINT
2026-08-17T21:37:33.544655,37.8648892,32.4839401,1023.54,-0.0181,0.0692,-1.8686,252.0,0.49,0.000,0.000,WAYPOINT
2026-08-17T21:37:34.544527,37.8648892,32.4839351,1023.60,-0.0083,0.0625,-1.6254,266.0,0.65,0.000,0.000,WAYPOINT
2026-08-17T21:37:35.544528,37.8648888,32.4839287,1023.60,-0.0157,0.0500,-1.4447,277.0,0.68,0.000,0.000,WAYPOINT
2026-08-17T21:37:36.544663,37.8648897,32.4839215,1023.58,-0.0134,0.0483,-1.3682,281.0,0.67,0.000,0.000,WAYPOINT
2026-08-17T21:37:37.544406,37.8648906,32.4839146,1023.58,-0.0133,0.0518,-1.3442,282.0,0.67,0.000,-1.000,WAYPOINT
2026-08-17T21:37:38.544530,37.8648927,32.4839086,1023.58,-0.0003,0.0953,-1.1454,294.0,0.44,0.000,0.000,WAYPOINT
2026-08-17T21:37:39.544573,37.8648937,32.4839042,1023.60,-0.0089,0.0826,-1.2439,288.0,0.45,0.000,1.000,WAYPOINT
2026-08-17T21:37:40.544478,37.8648941,32.4838993,1023.61,-0.0066,0.0287,-1.5529,271.0,0.34,0.000,1.000,WAYPOINT
2026-08-17T21:37:41.544500,37.8648935,32.4838969,1023.59,-0.0280,0.0607,-1.7953,257.0,0.19,0.000,-1.000,WAYPOINT
2026-08-17T21:37:42.544641,37.8648945,32.4838945,1023.56,-0.0066,0.0819,-1.6278,266.0,0.15,0.000,0.000,WAYPOINT
2026-08-17T21:37:43.544647,37.8648941,32.4838926,1023.55,-0.0136,0.0757,-1.5834,269.0,0.34,0.000,0.000,WAYPOINT
2026-08-17T21:37:44.544632,37.8648938,32.4838875,1023.53,-0.0199,0.0681,-1.5348,272.0,0.53,0.000,0.000,WAYPOINT
2026-08-17T21:37:45.544549,37.8648937,32.4838811,1023.52,-0.0134,0.0573,-1.5211,272.0,0.61,0.000,0.000,WAYPOINT
2026-08-17T21:37:46.544771,37.8648941,32.4838738,1023.51,-0.0140,0.0551,-1.5060,273.0,0.62,0.000,0.000,WAYPOINT
2026-08-17T21:37:47.544552,37.8648945,32.4838669,1023.49,-0.0153,0.0517,-1.4666,275.0,0.64,0.000,0.000,WAYPOINT
2026-08-17T21:37:48.544630,37.8648955,32.4838595,1023.48,-0.0124,0.0531,-1.4035,279.0,0.65,0.000,0.000,WAYPOINT
2026-08-17T21:37:49.544658,37.8648964,32.4838527,1023.50,-0.0129,0.0526,-1.3527,282.0,0.64,0.000,0.000,WAYPOINT
2026-08-17T21:37:50.544450,37.8648972,32.4838456,1023.52,-0.0130,0.0535,-1.3134,284.0,0.64,0.000,1.000,WAYPOINT
2026-08-17T21:37:51.544670,37.8648973,32.4838396,1023.51,-0.0131,0.0495,-1.5253,272.0,0.41,0.000,0.000,WAYPOINT
2026-08-17T21:37:52.544692,37.8648968,32.4838357,1023.52,0.0112,-0.0101,-1.7103,262.0,0.29,0.000,0.000,WAYPOINT
2026-08-17T21:37:53.544643,37.8648953,32.4838350,1023.51,0.0090,0.0243,-2.2931,228.0,0.25,0.000,0.000,WAYPOINT
2026-08-17T21:37:54.544656,37.8648951,32.4838354,1023.49,0.0072,0.0334,-2.9278,192.0,0.13,0.000,0.000,WAYPOINT
2026-08-17T21:37:55.544569,37.8648954,32.4838349,1023.48,0.0121,0.0505,2.7606,158.0,0.22,0.000,0.000,WAYPOINT
2026-08-17T21:37:56.544601,37.8648954,32.4838339,1023.49,0.0060,0.0564,2.1270,121.0,0.28,0.000,0.000,WAYPOINT
2026-08-17T21:37:57.544508,37.8648932,32.4838333,1023.53,0.0058,0.0472,1.9253,110.0,0.25,0.000,0.000,WAYPOINT
2026-08-17T21:37:58.544656,37.8648920,32.4838358,1023.55,0.0061,0.0695,1.6831,96.0,0.23,0.000,0.000,WAYPOINT
2026-08-17T21:37:59.544652,37.8648918,32.4838405,1023.57,-0.0035,0.0632,1.5365,88.0,0.54,0.000,0.000,WAYPOINT
2026-08-17T21:38:00.544687,37.8648924,32.4838474,1023.58,-0.0082,0.0601,1.4716,84.0,0.66,0.000,0.000,WAYPOINT
2026-08-17T21:38:01.544567,37.8648931,32.4838544,1023.58,-0.0067,0.0627,1.4662,84.0,0.70,0.000,0.000,WAYPOINT
2026-08-17T21:38:02.544668,37.8648942,32.4838618,1023.58,-0.0108,0.0461,1.4278,81.0,0.62,0.000,0.000,WAYPOINT
2026-08-17T21:38:03.544459,37.8648950,32.4838666,1023.60,-0.0143,0.0457,1.3892,79.0,0.29,0.000,1.000,WAYPOINT
2026-08-17T21:38:04.544464,37.8648955,32.4838686,1023.59,-0.0279,0.0713,1.4278,81.0,0.28,0.000,-1.000,WAYPOINT
2026-08-17T21:38:05.544509,37.8648944,32.4838707,1023.55,-0.0168,0.0508,1.9798,113.0,0.20,0.000,0.000,WAYPOINT
2026-08-17T21:38:06.544671,37.8648939,32.4838704,1023.50,-0.0158,0.0414,2.5272,144.0,0.17,0.000,0.000,WAYPOINT
2026-08-17T21:38:07.544619,37.8648944,32.4838697,1023.49,-0.0267,0.0414,-3.1139,181.0,0.23,0.000,0.000,WAYPOINT
2026-08-17T21:38:08.544461,37.8648961,32.4838702,1023.48,-0.0095,0.0664,-2.4854,217.0,0.26,0.000,-1.000,WAYPOINT
2026-08-17T21:38:09.544610,37.8648963,32.4838721,1023.47,0.0020,0.0850,-2.0842,240.0,0.14,0.000,0.000,WAYPOINT
2026-08-17T21:38:10.544634,37.8648946,32.4838722,1023.46,-0.0148,0.0832,-1.9028,250.0,0.13,0.000,0.000,WAYPOINT
2026-08-17T21:38:11.544636,37.8648930,32.4838689,1023.43,-0.0168,0.0748,-1.7244,261.0,0.42,0.000,0.000,WAYPOINT
2026-08-17T21:38:12.544725,37.8648919,32.4838626,1023.42,-0.0140,0.0687,-1.5857,269.0,0.60,0.000,0.000,WAYPOINT
2026-08-17T21:38:13.544502,37.8648914,32.4838555,1023.44,-0.0135,0.0637,-1.4845,274.0,0.70,0.000,1.000,WAYPOINT
2026-08-17T21:38:14.544612,37.8648908,32.4838489,1023.43,-0.0056,0.0419,-1.7261,261.0,0.48,0.000,0.000,WAYPOINT
2026-08-17T21:38:15.544595,37.8648898,32.4838455,1023.45,-0.0249,0.0053,-1.7443,260.0,0.25,0.000,0.000,WAYPOINT
2026-08-17T21:38:16.544510,37.8648917,32.4838451,1023.47,-0.0007,0.0492,-1.1984,291.0,0.20,0.950,0.000,WAYPOINT
2026-08-17T21:38:17.544565,37.8648914,32.4838454,1023.48,-0.0245,0.0495,-0.8586,310.0,0.12,0.000,0.000,WAYPOINT
2026-08-17T21:38:18.544557,37.8648916,32.4838460,1023.47,-0.0200,0.0354,-0.2492,345.0,0.13,0.000,0.000,WAYPOINT
2026-08-17T21:38:19.544559,37.8648902,32.4838475,1023.46,-0.0280,0.0405,0.3880,22.0,0.25,0.000,0.000,WAYPOINT
2026-08-17T21:38:20.544670,37.8648887,32.4838474,1023.44,-0.0172,0.0537,0.9106,52.0,0.20,0.000,0.000,WAYPOINT
2026-08-17T21:38:21.544699,37.8648893,32.4838462,1023.44,-0.0224,0.0694,1.1759,67.0,0.06,0.000,0.000,WAYPOINT
2026-08-17T21:38:22.544582,37.8648906,32.4838485,1023.43,-0.0175,0.0652,1.4108,80.0,0.33,0.000,0.000,WAYPOINT
2026-08-17T21:38:23.544508,37.8648921,32.4838538,1023.44,-0.0184,0.0756,1.5538,89.0,0.55,0.000,0.000,WAYPOINT
2026-08-17T21:38:24.544657,37.8648925,32.4838611,1023.43,-0.0104,0.0557,1.6755,96.0,0.66,0.000,0.000,WAYPOINT
2026-08-17T21:38:25.544323,37.8648915,32.4838676,1023.43,-0.0166,0.0426,1.8645,106.0,0.41,0.950,0.000,WAYPOINT
2026-08-17T21:38:26.544734,37.8648901,32.4838706,1023.44,-0.0073,0.0682,2.0684,118.0,0.31,0.000,0.000,WAYPOINT
2026-08-17T21:38:27.544560,37.8648887,32.4838716,1023.41,-0.0047,0.0480,2.6126,149.0,0.19,0.000,0.000,WAYPOINT
2026-08-17T21:38:28.544415,37.8648889,32.4838701,1023.42,-0.0078,0.0493,-2.9969,188.0,0.11,0.000,-1.000,WAYPOINT
2026-08-17T21:38:29.544643,37.8648894,32.4838712,1023.41,-0.0123,0.0554,-2.5306,215.0,0.15,0.000,0.000,WAYPOINT
2026-08-17T21:38:30.544657,37.8648887,32.4838723,1023.39,-0.0355,0.0323,-2.1475,236.0,0.10,0.000,0.000,WAYPOINT
2026-08-17T21:38:31.544608,37.8648886,32.4838726,1023.37,-0.0333,0.0338,-1.5425,271.0,0.20,0.000,0.000,WAYPOINT
2026-08-17T21:38:32.544517,37.8648878,32.4838744,1023.40,-0.0179,0.0609,-1.0844,297.0,0.26,0.000,0.000,WAYPOINT
2026-08-17T21:38:33.544547,37.8648860,32.4838742,1023.43,-0.0129,0.0850,-0.9001,308.0,0.16,0.000,0.000,WAYPOINT
2026-08-17T21:38:34.544519,37.8648868,32.4838709,1023.42,-0.0118,0.0694,-0.8176,313.0,0.38,0.000,0.000,WAYPOINT
2026-08-17T21:38:35.544615,37.8648893,32.4838664,1023.42,-0.0129,0.0721,-0.7529,316.0,0.57,0.000,0.000,WAYPOINT
2026-08-17T21:38:36.544593,37.8648934,32.4838613,1023.41,-0.0057,0.0694,-0.7215,318.0,0.70,0.000,0.000,WAYPOINT
2026-08-17T21:38:37.544623,37.8648975,32.4838557,1023.42,-0.0046,0.0519,-0.8597,310.0,0.81,0.000,0.000,WAYPOINT
2026-08-17T21:38:38.544367,37.8649008,32.4838483,1023.41,-0.0077,0.0448,-1.0616,299.0,0.83,0.000,1.000,WAYPOINT
2026-08-17T21:38:39.544378,37.8649028,32.4838415,1023.40,-0.0054,0.0330,-1.2771,286.0,0.51,0.950,0.000,WAYPOINT
2026-08-17T21:38:40.544632,37.8649029,32.4838371,1023.46,-0.0084,0.0668,-1.5171,273.0,0.36,0.000,0.000,WAYPOINT
2026-08-17T21:38:41.544558,37.8649025,32.4838350,1023.44,-0.0201,0.0592,-1.9886,246.0,0.24,0.000,0.000,WAYPOINT
2026-08-17T21:38:42.544669,37.8649015,32.4838353,1023.42,-0.0114,0.0346,-2.6200,209.0,0.20,0.000,0.000,WAYPOINT
2026-08-17T21:38:43.544635,37.8649017,32.4838357,1023.42,0.0009,0.0414,-3.0719,184.0,0.19,0.000,0.000,WAYPOINT
2026-08-17T21:38:44.544593,37.8649017,32.4838357,1023.42,-0.0036,0.0478,2.6035,149.0,0.20,0.000,0.000,WAYPOINT
2026-08-17T21:38:45.544577,37.8649026,32.4838332,1023.45,-0.0037,0.0613,2.0083,115.0,0.19,0.000,0.000,WAYPOINT
2026-08-17T21:38:46.544676,37.8649026,32.4838332,1023.45,0.0067,0.0746,1.6533,94.0,0.07,0.000,0.000,WAYPOINT
2026-08-17T21:38:47.544623,37.8649004,32.4838358,1023.42,-0.0037,0.0674,1.5761,90.0,0.38,0.000,0.000,WAYPOINT
2026-08-17T21:38:48.544653,37.8649004,32.4838358,1023.42,-0.0077,0.0675,1.6607,95.0,0.57,0.000,0.000,WAYPOINT
2026-08-17T21:38:49.544503,37.8649003,32.4838478,1023.41,-0.0144,0.0635,1.7317,99.0,0.70,0.000,0.000,WAYPOINT
2026-08-17T21:38:50.544495,37.8649003,32.4838478,1023.41,-0.0122,0.0617,1.8089,103.0,0.72,0.000,0.000,WAYPOINT
2026-08-17T21:38:51.544683,37.8648993,32.4838611,1023.41,-0.0134,0.0493,1.8303,104.0,0.49,0.000,0.000,WAYPOINT
2026-08-17T21:38:52.544342,37.8648993,32.4838611,1023.41,-0.0237,0.0357,2.0787,119.0,0.16,0.950,0.000,WAYPOINT
2026-08-17T21:38:53.544672,37.8648976,32.4838618,1023.38,-0.0061,0.0665,2.5963,148.0,0.13,0.000,0.000,WAYPOINT
2026-08-17T21:38:54.544553,37.8648976,32.4838618,1023.38,-0.0163,0.0565,-3.1203,181.0,0.18,0.000,0.000,WAYPOINT
2026-08-17T21:38:55.544631,37.8648985,32.4838615,1023.34,-0.0056,0.0567,-2.5764,212.0,0.16,0.000,0.000,WAYPOINT
2026-08-17T21:38:56.544644,37.8648985,32.4838615,1023.34,-0.0082,0.0712,-2.3643,224.0,0.11,0.000,0.000,WAYPOINT
2026-08-17T21:38:57.544547,37.8648956,32.4838624,1023.35,-0.0161,0.0789,-2.2864,229.0,0.26,0.000,0.000,WAYPOINT
2026-08-17T21:38:58.544602,37.8648934,32.4838603,1023.34,-0.0119,0.0807,-2.2253,232.0,0.41,0.000,0.000,WAYPOINT
2026-08-17T21:38:59.544616,37.8648934,32.4838603,1023.34,-0.0150,0.0664,-2.1054,239.0,0.43,0.000,0.000,WAYPOINT
2026-08-17T21:39:00.544695,37.8648891,32.4838546,1023.34,-0.0212,0.0548,-1.8868,251.0,0.16,0.000,0.000,WAYPOINT
2026-08-17T21:39:01.544668,37.8648900,32.4838546,1023.36,-0.0024,0.0605,-1.2041,291.0,0.02,0.000,0.000,WAYPOINT
2026-08-17T21:39:02.544561,37.8648900,32.4838546,1023.36,-0.0075,0.0831,-1.0607,299.0,0.28,0.000,0.000,WAYPOINT
2026-08-17T21:39:03.544605,37.8648896,32.4838484,1023.41,-0.0072,0.0607,-1.0862,297.0,0.52,0.000,0.000,WAYPOINT
2026-08-17T21:39:04.544372,37.8648906,32.4838445,1023.42,-0.0121,0.0738,-1.1303,295.0,0.61,0.000,1.000,WAYPOINT
2026-08-17T21:39:05.544684,37.8648906,32.4838445,1023.42,0.0027,0.0187,-1.2446,288.0,0.62,0.000,0.000,WAYPOINT
2026-08-17T21:39:06.544535,37.8648932,32.4838317,1023.43,-0.0224,0.0442,-1.0032,302.0,0.25,0.000,0.000,WAYPOINT
2026-08-17T21:39:07.544721,37.8648946,32.4838336,1023.39,-0.0108,0.0420,-0.3387,340.0,0.23,0.000,0.000,WAYPOINT
2026-08-17T21:39:08.544709,37.8648937,32.4838350,1023.40,-0.0197,0.0384,0.3217,18.0,0.19,0.000,0.000,WAYPOINT
2026-08-17T21:39:09.544649,37.8648924,32.4838351,1023.39,-0.0218,0.0231,0.9865,56.0,0.28,0.000,0.000,WAYPOINT
2026-08-17T21:39:10.544367,37.8648915,32.4838335,1023.39,-0.0240,0.0961,1.4897,85.0,0.14,0.950,0.000,WAYPOINT
2026-08-17T21:39:11.544490,37.8648930,32.4838326,1023.39,-0.0234,0.0791,1.6698,95.0,0.18,0.000,0.000,WAYPOINT
2026-08-17T21:39:12.544528,37.8648946,32.4838343,1023.39,-0.0159,0.0708,1.6579,94.0,0.36,0.000,0.000,WAYPOINT
2026-08-17T21:39:13.544634,37.8648954,32.4838391,1023.37,-0.0112,0.0676,1.6258,93.0,0.57,0.000,0.000,WAYPOINT
2026-08-17T21:39:14.544646,37.8648956,32.4838455,1023.37,-0.0112,0.0689,1.6433,94.0,0.70,0.000,0.000,WAYPOINT
2026-08-17T21:39:15.544635,37.8648959,32.4838526,1023.38,-0.0117,0.0605,1.6902,96.0,0.75,0.000,0.000,WAYPOINT
2026-08-17T21:39:16.544700,37.8648955,32.4838597,1023.37,-0.0149,0.0425,1.7777,101.0,0.55,0.000,0.000,WAYPOINT
2026-08-17T21:39:17.544685,37.8648947,32.4838640,1023.38,-0.0265,0.0431,1.9717,112.0,0.17,0.000,0.000,WAYPOINT
2026-08-17T21:39:18.544648,37.8648933,32.4838632,1023.36,-0.0093,0.0326,2.6248,150.0,0.19,0.000,0.000,WAYPOINT
2026-08-17T21:39:19.544547,37.8648935,32.4838622,1023.33,-0.0237,0.0400,-2.9979,188.0,0.19,0.000,0.000,WAYPOINT
2026-08-17T21:39:20.544674,37.8648945,32.4838627,1023.33,-0.0059,0.0596,-2.4386,220.0,0.17,0.000,0.000,WAYPOINT
2026-08-17T21:39:21.544692,37.8648943,32.4838648,1023.34,-0.0253,0.0570,-2.1934,234.0,0.06,0.000,0.000,WAYPOINT
2026-08-17T21:39:22.544639,37.8648931,32.4838642,1023.35,-0.0157,0.0674,-1.8749,252.0,0.19,0.000,0.000,WAYPOINT
2026-08-17T21:39:23.544735,37.8648914,32.4838618,1023.37,-0.0179,0.0851,-1.6195,267.0,0.40,0.000,0.000,WAYPOINT
2026-08-17T21:39:24.544366,37.8648901,32.4838567,1023.38,-0.0040,0.0711,-1.4453,277.0,0.55,0.000,1.000,WAYPOINT
2026-08-17T21:39:25.544565,37.8648894,32.4838512,1023.39,-0.0217,0.0837,-1.6778,263.0,0.42,0.000,0.000,WAYPOINT
2026-08-17T21:39:26.544674,37.8648887,32.4838482,1023.38,-0.0376,0.0275,-1.5732,269.0,0.19,0.000,0.000,WAYPOINT
2026-08-17T21:39:27.544729,37.8648909,32.4838481,1023.38,0.0083,0.0443,-0.9909,303.0,0.15,0.000,0.000,WAYPOINT
2026-08-17T21:39:28.544660,37.8648910,32.4838488,1023.39,-0.0221,0.0261,-0.4907,331.0,0.13,0.000,0.000,WAYPOINT
2026-08-17T21:39:29.544573,37.8648907,32.4838498,1023.37,-0.0258,0.0355,0.1437,8.0,0.17,0.000,0.000,WAYPOINT
2026-08-17T21:39:30.544660,37.8648897,32.4838499,1023.35,-0.0253,0.0581,0.7422,42.0,0.18,0.000,0.000,WAYPOINT
2026-08-17T21:39:31.544352,37.8648897,32.4838481,1023.36,-0.0236,0.0822,1.0615,60.0,0.10,0.950,0.000,WAYPOINT
2026-08-17T21:39:32.544563,37.8648911,32.4838477,1023.35,-0.0168,0.0856,1.2596,72.0,0.16,0.000,0.000,WAYPOINT
2026-08-17T21:39:33.544739,37.8648927,32.4838490,1023.35,-0.0163,0.0817,1.2922,74.0,0.37,0.000,0.000,WAYPOINT
2026-08-17T21:39:34.544673,37.8648947,32.4838533,1023.36,-0.0177,0.0788,1.3176,75.0,0.59,0.000,0.000,WAYPOINT
2026-08-17T21:39:35.544741,37.8648966,32.4838596,1023.36,-0.0154,0.0509,1.4188,81.0,0.59,0.000,0.000,WAYPOINT
2026-08-17T21:39:36.544678,37.8648972,32.4838647,1023.36,-0.0007,0.0563,1.5454,88.0,0.26,0.000,0.000,WAYPOINT
2026-08-17T21:39:37.544561,37.8648984,32.4838656,1023.37,-0.0051,0.0498,1.0486,60.0,0.36,0.000,0.000,WAYPOINT
2026-08-17T21:39:38.544537,37.8648995,32.4838646,1023.37,-0.0158,0.0323,0.3617,20.0,0.16,0.000,0.000,WAYPOINT
2026-08-17T21:39:39.544532,37.8648986,32.4838645,1023.36,-0.0216,0.0518,-0.2155,347.0,0.10,0.950,0.000,WAYPOINT
2026-08-17T21:39:40.544706,37.8648982,32.4838658,1023.39,0.0090,0.0298,-0.5493,328.0,0.05,0.000,0.000,WAYPOINT
2026-08-17T21:39:41.544504,37.8648984,32.4838653,1023.39,-0.0057,0.0201,-1.0597,299.0,0.18,0.000,0.000,WAYPOINT
2026-08-17T21:39:42.544550,37.8648982,32.4838653,1023.42,-0.0055,0.0752,-1.3705,281.0,0.06,0.000,0.000,WAYPOINT
2026-08-17T21:39:43.544600,37.8648998,32.4838652,1023.37,-0.0220,0.0055,-1.2555,288.0,0.29,0.000,0.000,WAYPOINT
2026-08-17T21:39:44.544644,37.8648997,32.4838693,1023.35,-0.0219,0.0342,-1.0668,298.0,0.47,0.000,0.000,WAYPOINT
2026-08-17T21:39:45.544720,37.8648983,32.4838749,1023.39,-0.0264,0.0319,-0.9674,304.0,0.49,0.000,0.000,WAYPOINT
2026-08-17T21:39:46.544729,37.8648959,32.4838802,1023.45,-0.0257,0.0470,-1.0422,300.0,0.48,0.000,0.000,WAYPOINT
2026-08-17T21:39:47.544563,37.8648938,32.4838850,1023.42,-0.0284,0.0410,-1.1787,292.0,0.46,0.000,0.000,WAYPOINT
2026-08-17T21:39:48.544611,37.8648935,32.4838906,1023.47,-0.0225,0.0338,-1.1841,292.0,0.43,0.000,0.000,WAYPOINT
2026-08-17T21:39:49.544393,37.8648931,32.4838962,1023.49,-0.0240,0.0531,-1.1651,293.0,0.47,0.000,1.000,WAYPOINT
2026-08-17T21:39:50.544340,37.8648920,32.4839016,1023.49,-0.0266,0.0344,-1.1937,291.0,0.41,0.000,1.000,WAYPOINT
2026-08-17T21:39:51.544357,37.8648916,32.4839067,1023.50,-0.0027,0.0866,-1.1355,294.0,0.40,0.000,1.000,WAYPOINT
2026-08-17T21:39:52.544589,37.8648914,32.4839108,1023.49,-0.0018,0.0822,-1.0448,300.0,0.37,0.000,0.000,WAYPOINT
2026-08-17T21:39:53.544681,37.8648908,32.4839150,1023.49,0.0109,0.0810,-0.9917,303.0,0.38,0.000,0.000,WAYPOINT
2026-08-17T21:39:54.544639,37.8648903,32.4839190,1023.47,0.0093,0.0714,-0.9204,307.0,0.26,0.000,0.000,WAYPOINT
2026-08-17T21:39:55.544643,37.8648901,32.4839218,1023.45,-0.0061,0.0811,-0.8971,308.0,0.26,0.000,0.000,WAYPOINT
2026-08-17T21:39:56.544362,37.8648899,32.4839247,1023.47,-0.0041,0.1026,-0.9277,306.0,0.22,0.000,1.000,WAYPOINT
2026-08-17T21:39:57.544503,37.8648901,32.4839276,1023.50,-0.0025,0.0883,-0.9831,303.0,0.22,0.000,1.000,WAYPOINT
2026-08-17T21:39:58.544351,37.8648902,32.4839304,1023.51,-0.0190,0.0700,-1.0895,297.0,0.18,0.000,1.000,WAYPOINT
2026-08-17T21:39:59.544264,37.8648908,32.4839326,1023.46,-0.0186,0.0733,-1.1591,293.0,0.14,0.000,1.000,WAYPOINT
2026-08-17T21:40:00.544351,37.8648910,32.4839335,1023.41,-0.0129,0.0776,-1.2281,289.0,0.02,0.000,1.000,WAYPOINT
2026-08-17T21:40:01.544591,37.8648912,32.4839333,1023.43,-0.0072,0.0714,-1.2466,288.0,0.03,0.000,1.000,WAYPOINT
2026-08-17T21:40:02.544444,37.8648916,32.4839331,1023.47,-0.0123,0.0731,-1.2584,287.0,0.01,0.000,1.000,WAYPOINT
2026-08-17T21:40:03.544650,37.8648918,32.4839329,1023.46,-0.0134,0.0715,-1.2557,288.0,0.02,0.000,0.000,WAYPOINT
2026-08-17T21:40:04.544270,37.8648919,32.4839330,1023.44,-0.0128,0.0716,-1.2523,288.0,0.01,0.000,1.000,WAYPOINT
2026-08-17T21:40:05.544583,37.8648919,32.4839330,1023.44,-0.0126,0.0729,-1.2385,289.0,0.03,0.000,1.000,WAYPOINT
2026-08-17T21:40:06.544345,37.8648920,32.4839333,1023.48,-0.0157,0.0722,-1.2122,290.0,0.03,0.000,1.000,WAYPOINT
2026-08-17T21:40:07.544386,37.8648922,32.4839335,1023.48,-0.0103,0.0710,-1.1791,292.0,0.04,0.000,1.000,WAYPOINT
2026-08-17T21:40:08.544390,37.8648920,32.4839337,1023.48,-0.0128,0.0782,-1.1677,293.0,0.06,0.000,1.000,WAYPOINT
2026-08-17T21:40:09.544327,37.8648918,32.4839338,1023.49,-0.0133,0.0845,-1.1965,291.0,0.06,0.000,1.000,WAYPOINT
2026-08-17T21:40:10.544378,37.8648919,32.4839338,1023.49,-0.0124,0.0765,-1.2245,289.0,0.03,0.000,1.000,WAYPOINT
2026-08-17T21:40:11.544501,37.8648920,32.4839337,1023.49,-0.0090,0.0636,-1.2355,289.0,0.03,0.000,1.000,WAYPOINT
2026-08-17T21:40:12.544411,37.8648921,32.4839334,1023.49,-0.0069,0.0635,-1.2250,289.0,0.03,0.000,1.000,WAYPOINT
2026-08-17T21:40:13.544420,37.8648921,32.4839331,1023.46,-0.0094,0.0778,-1.2149,290.0,0.03,0.000,1.000,WAYPOINT
2026-08-17T21:40:14.544266,37.8648923,32.4839329,1023.44,-0.0102,0.0722,-1.2040,291.0,0.04,0.000,1.000,WAYPOINT
2026-08-17T21:40:15.544411,37.8648923,32.4839327,1023.43,-0.0043,0.0807,-1.2132,290.0,0.06,0.000,1.000,WAYPOINT
2026-08-17T21:40:16.544376,37.8648919,32.4839327,1023.47,-0.0110,0.0750,-1.2304,289.0,0.07,0.000,1.000,WAYPOINT
2026-08-17T21:40:17.544408,37.8648916,32.4839324,1023.49,-0.0160,0.0647,-1.2794,286.0,0.13,0.000,1.000,WAYPOINT
2026-08-17T21:40:18.544530,37.8648913,32.4839314,1023.53,-0.0183,0.0655,-1.3457,282.0,0.14,0.000,0.000,WAYPOINT
2026-08-17T21:40:19.544601,37.8648909,32.4839306,1023.52,-0.0113,0.0685,-1.5623,270.0,0.10,0.000,0.000,WAYPOINT
2026-08-17T21:40:20.544639,37.8648911,32.4839299,1023.48,-0.0153,0.0711,-1.6999,262.0,0.12,0.000,0.000,WAYPOINT
2026-08-17T21:40:21.544637,37.8648910,32.4839284,1023.48,-0.0227,0.0591,-1.7124,261.0,0.23,0.000,0.000,WAYPOINT
2026-08-17T21:40:22.544496,37.8648901,32.4839259,1023.43,-0.0204,0.0619,-1.7642,258.0,0.34,0.000,0.000,WAYPOINT
2026-08-17T21:40:23.544529,37.8648887,32.4839233,1023.45,-0.0121,0.1008,-1.8120,256.0,0.09,0.000,0.000,WAYPOINT
2026-08-17T21:40:24.544663,37.8648884,32.4839243,1023.40,-0.0038,0.1050,-1.8110,256.0,0.28,0.000,0.000,WAYPOINT
2026-08-17T21:40:25.544623,37.8648888,32.4839279,1023.36,0.0092,0.0898,-1.6580,265.0,0.44,0.000,0.000,WAYPOINT
2026-08-17T21:40:26.544579,37.8648895,32.4839329,1023.41,-0.0103,0.0559,-1.5140,273.0,0.25,0.000,0.000,WAYPOINT
2026-08-17T21:40:27.544517,37.8648893,32.4839352,1023.45,-0.0124,0.0580,-1.4169,278.0,0.15,0.000,0.000,WAYPOINT
2026-08-17T21:40:28.544710,37.8648888,32.4839353,1023.48,-0.0124,0.0650,-1.4867,274.0,0.15,0.000,0.000,WAYPOINT
2026-08-17T21:40:29.544585,37.8648885,32.4839350,1023.46,-0.0074,0.0687,-1.5389,271.0,0.09,0.000,0.000,WAYPOINT
2026-08-17T21:40:30.544621,37.8648887,32.4839350,1023.41,-0.0089,0.0680,-1.5229,272.0,0.02,0.000,0.000,WAYPOINT
2026-08-17T21:40:31.544644,37.8648889,32.4839349,1023.42,-0.0093,0.0742,-1.5046,273.0,0.03,0.000,0.000,WAYPOINT
2026-08-17T21:40:32.544507,37.8648888,32.4839347,1023.45,-0.0099,0.0724,-1.5148,273.0,0.05,0.000,0.000,WAYPOINT
2026-08-17T21:40:33.544539,37.8648888,32.4839341,1023.47,-0.0161,0.0746,-1.5234,272.0,0.03,0.000,0.000,WAYPOINT
2026-08-17T21:40:34.544564,37.8648889,32.4839339,1023.50,-0.0117,0.0755,-1.5370,271.0,0.02,0.000,0.000,WAYPOINT
2026-08-17T21:40:35.544533,37.8648889,32.4839339,1023.50,-0.0122,0.0727,-1.5553,270.0,0.01,0.000,0.000,WAYPOINT
2026-08-17T21:40:36.544504,37.8648889,32.4839338,1023.52,-0.0101,0.0726,-1.5661,270.0,0.02,0.000,0.000,WAYPOINT
2026-08-17T21:40:37.544603,37.8648890,32.4839335,1023.55,-0.0131,0.0766,-1.5747,269.0,0.02,0.000,0.000,WAYPOINT
2026-08-17T21:40:38.544602,37.8648893,32.4839334,1023.53,-0.0077,0.0802,-1.5842,269.0,0.01,0.000,0.000,WAYPOINT
2026-08-17T21:40:39.544599,37.8648892,32.4839334,1023.49,-0.0117,0.0778,-1.5977,268.0,0.04,0.000,0.000,WAYPOINT
2026-08-17T21:40:40.544576,37.8648890,32.4839331,1023.48,-0.0088,0.0745,-1.5936,268.0,0.04,0.000,0.000,WAYPOINT
2026-08-17T21:40:41.544541,37.8648886,32.4839332,1023.48,-0.0077,0.0766,-1.5938,268.0,0.05,0.000,0.000,WAYPOINT
2026-08-17T21:40:42.544621,37.8648886,32.4839330,1023.50,-0.0129,0.0644,-1.6157,267.0,0.14,0.000,0.000,WAYPOINT
2026-08-17T21:40:43.544613,37.8648886,32.4839304,1023.48,-0.0100,0.0556,-1.5950,268.0,0.53,0.000,0.000,WAYPOINT
2026-08-17T21:40:44.544562,37.8648886,32.4839243,1023.50,-0.0144,0.0746,-1.5590,270.0,0.57,0.000,0.000,WAYPOINT
2026-08-17T21:40:45.544525,37.8648888,32.4839180,1023.52,-0.0133,0.0731,-1.6568,265.0,0.56,0.000,0.000,WAYPOINT
2026-08-17T21:40:46.544617,37.8648889,32.4839117,1023.54,-0.0163,0.0518,-1.6993,262.0,0.67,0.000,0.000,WAYPOINT
2026-08-17T21:40:47.544499,37.8648886,32.4839043,1023.56,-0.0192,0.0823,-1.7015,262.0,0.60,0.000,0.000,WAYPOINT
2026-08-17T21:40:48.544599,37.8648886,32.4838972,1023.54,-0.0144,0.0597,-1.7183,261.0,0.66,0.000,0.000,WAYPOINT
2026-08-17T21:40:49.544620,37.8648886,32.4838897,1023.54,-0.0240,0.0598,-1.6516,265.0,0.64,0.000,0.000,WAYPOINT
2026-08-17T21:40:50.544557,37.8648888,32.4838825,1023.52,-0.0196,0.0777,-1.5888,268.0,0.59,0.000,0.000,WAYPOINT
2026-08-17T21:40:51.544624,37.8648894,32.4838755,1023.50,-0.0178,0.0606,-1.5317,272.0,0.65,0.000,0.000,WAYPOINT
2026-08-17T21:40:52.544595,37.8648897,32.4838681,1023.48,-0.0193,0.0769,-1.5795,269.0,0.51,0.000,0.000,WAYPOINT
2026-08-17T21:40:53.544728,37.8648902,32.4838620,1023.45,-0.0382,0.0502,-1.6131,267.0,0.61,0.000,0.000,WAYPOINT
2026-08-17T21:40:54.544501,37.8648905,32.4838550,1023.49,-0.0466,0.0473,-1.5427,271.0,0.60,0.000,0.000,WAYPOINT
2026-08-17T21:40:55.544660,37.8648906,32.4838483,1023.46,-0.0714,0.0427,-1.4973,274.0,0.57,0.000,0.000,WAYPOINT
2026-08-17T21:40:56.544647,37.8648906,32.4838415,1023.39,-0.0578,0.0429,-1.5095,273.0,0.56,0.000,0.000,WAYPOINT
2026-08-17T21:40:57.544651,37.8648899,32.4838351,1023.43,-0.0468,0.0542,-1.4859,274.0,0.51,0.000,0.000,WAYPOINT
2026-08-17T21:40:58.544545,37.8648895,32.4838293,1023.44,-0.0527,0.0777,-1.4255,278.0,0.39,0.000,0.000,WAYPOINT
2026-08-17T21:40:59.544661,37.8648891,32.4838251,1023.40,-0.0278,0.0633,-1.2024,291.0,0.28,0.000,0.000,WAYPOINT
2026-08-17T21:41:00.544618,37.8648891,32.4838227,1023.38,-0.0155,0.0806,-1.0645,299.0,0.17,0.000,0.000,WAYPOINT
2026-08-17T21:41:01.544619,37.8648877,32.4838214,1023.41,-0.0205,0.0728,-1.0873,297.0,0.08,0.000,0.000,WAYPOINT
2026-08-17T21:41:02.544635,37.8648874,32.4838215,1023.46,-0.0202,0.0587,-1.1102,296.0,0.05,0.000,0.000,WAYPOINT
2026-08-17T21:41:03.544572,37.8648874,32.4838215,1023.47,-0.0259,0.0567,-1.1819,292.0,0.04,0.000,0.000,WAYPOINT
2026-08-17T21:41:04.544728,37.8648875,32.4838215,1023.47,-0.0226,0.0530,-1.1763,292.0,0.04,0.000,0.000,WAYPOINT
2026-08-17T21:41:05.544705,37.8648872,32.4838217,1023.43,-0.0149,0.0613,-1.1708,292.0,0.08,0.000,0.000,WAYPOINT
2026-08-17T21:41:06.544513,37.8648869,32.4838218,1023.45,-0.0184,0.0600,-1.1819,292.0,0.06,0.000,0.000,WAYPOINT
2026-08-17T21:41:07.544774,37.8648867,32.4838218,1023.49,-0.0118,0.0781,-1.1826,292.0,0.07,0.000,0.000,WAYPOINT
2026-08-17T21:41:08.544697,37.8648866,32.4838218,1023.51,-0.0138,0.0789,-1.1702,292.0,0.07,0.000,0.000,WAYPOINT
2026-08-17T21:41:09.544648,37.8648863,32.4838218,1023.54,-0.0118,0.0766,-1.1445,294.0,0.07,0.000,0.000,WAYPOINT
2026-08-17T21:41:10.544613,37.8648860,32.4838219,1023.54,-0.0098,0.0744,-1.1009,296.0,0.03,0.000,0.000,WAYPOINT
2026-08-17T21:41:11.544604,37.8648859,32.4838220,1023.52,-0.0060,0.0709,-1.0447,300.0,0.03,0.000,0.000,WAYPOINT
2026-08-17T21:41:12.544643,37.8648857,32.4838221,1023.44,-0.0078,0.0650,-1.0296,301.0,0.07,0.000,0.000,WAYPOINT
2026-08-17T21:41:13.544628,37.8648856,32.4838221,1023.44,-0.0100,0.0673,-1.0630,299.0,0.05,0.000,0.000,WAYPOINT
2026-08-17T21:41:14.544670,37.8648857,32.4838221,1023.48,-0.0106,0.0670,-1.0770,298.0,0.04,0.000,0.000,WAYPOINT
2026-08-17T21:41:15.544524,37.8648856,32.4838221,1023.50,-0.0092,0.0662,-1.0872,297.0,0.03,0.000,0.000,WAYPOINT
2026-08-17T21:41:16.544547,37.8648856,32.4838223,1023.47,-0.0116,0.0669,-1.0983,297.0,0.03,0.000,0.000,WAYPOINT
2026-08-17T21:41:17.544674,37.8648856,32.4838225,1023.50,-0.0148,0.0735,-1.1048,296.0,0.04,0.000,0.000,WAYPOINT
2026-08-17T21:41:18.544664,37.8648857,32.4838224,1023.54,-0.0109,0.0674,-1.1316,295.0,0.03,0.000,0.000,WAYPOINT
2026-08-17T21:41:19.544530,37.8648857,32.4838223,1023.56,-0.0111,0.0689,-1.1510,294.0,0.01,0.000,0.000,WAYPOINT
2026-08-17T21:41:20.544547,37.8648858,32.4838224,1023.52,-0.0132,0.0670,-1.1497,294.0,0.01,0.000,0.000,WAYPOINT
2026-08-17T21:41:21.544696,37.8648858,32.4838224,1023.50,-0.0127,0.0741,-1.1431,294.0,0.04,0.000,0.000,WAYPOINT
2026-08-17T21:41:22.544632,37.8648857,32.4838225,1023.49,-0.0142,0.0700,-1.1412,294.0,0.03,0.000,0.000,WAYPOINT
2026-08-17T21:41:23.544646,37.8648857,32.4838225,1023.51,-0.0125,0.0699,-1.1406,294.0,0.03,0.000,0.000,WAYPOINT
2026-08-17T21:41:24.544513,37.8648856,32.4838224,1023.50,-0.0149,0.0697,-1.1546,293.0,0.04,0.000,0.000,WAYPOINT
2026-08-17T21:41:25.544575,37.8648855,32.4838225,1023.50,-0.0167,0.0713,-1.1497,294.0,0.03,0.000,0.000,WAYPOINT
2026-08-17T21:41:26.544625,37.8648856,32.4838224,1023.47,-0.0159,0.0626,-1.1285,295.0,0.06,0.000,0.000,WAYPOINT
2026-08-17T21:41:27.544708,37.8648856,32.4838219,1023.43,-0.0184,0.0654,-1.0908,297.0,0.05,0.000,0.000,WAYPOINT
2026-08-17T21:41:28.544604,37.8648857,32.4838217,1023.43,-0.0134,0.0608,-1.1027,296.0,0.04,0.000,0.000,WAYPOINT
2026-08-17T21:41:29.544805,37.8648856,32.4838217,1023.46,-0.0143,0.0651,-1.1204,295.0,0.02,0.000,0.000,WAYPOINT
2026-08-17T21:41:30.544693,37.8648861,32.4838215,1023.44,-0.0017,0.0682,-1.0007,302.0,0.32,0.000,0.000,WAYPOINT
2026-08-17T21:41:31.544673,37.8648893,32.4838200,1023.46,0.0054,0.0680,-0.8629,310.0,0.44,0.000,0.000,WAYPOINT
2026-08-17T21:41:32.544543,37.8648931,32.4838188,1023.49,-0.0030,0.0526,-0.6707,321.0,0.58,0.000,0.000,WAYPOINT
2026-08-17T21:41:33.544610,37.8648980,32.4838173,1023.53,-0.0075,0.0701,-0.5155,330.0,0.50,0.000,0.000,WAYPOINT
2026-08-17T21:41:34.544665,37.8649023,32.4838177,1023.54,-0.0062,0.0616,-0.3086,342.0,0.58,0.000,0.000,WAYPOINT
2026-08-17T21:41:35.544619,37.8649071,32.4838181,1023.56,0.0060,0.0666,-0.1645,350.0,0.59,0.000,0.000,WAYPOINT
2026-08-17T21:41:36.544648,37.8649117,32.4838200,1023.55,-0.0054,0.0753,-0.0388,357.0,0.61,0.000,0.000,WAYPOINT
2026-08-17T21:41:37.544620,37.8649171,32.4838219,1023.59,-0.0114,0.0839,0.1036,5.0,0.67,0.000,0.000,WAYPOINT
2026-08-17T21:41:38.544617,37.8649227,32.4838241,1023.55,-0.0038,0.0824,0.1552,8.0,0.67,0.000,0.000,WAYPOINT
2026-08-17T21:41:39.544510,37.8649282,32.4838267,1023.52,-0.0051,0.0761,0.1644,9.0,0.62,0.000,0.000,WAYPOINT
2026-08-17T21:41:40.544687,37.8649330,32.4838290,1023.53,-0.0030,0.0659,0.1388,7.0,0.41,0.000,0.000,WAYPOINT
2026-08-17T21:41:41.544535,37.8649364,32.4838305,1023.53,-0.0119,0.0766,0.1101,6.0,0.18,0.000,0.000,WAYPOINT
2026-08-17T21:41:42.544578,37.8649374,32.4838307,1023.54,-0.0166,0.0745,0.0311,1.0,0.17,0.000,0.000,WAYPOINT
2026-08-17T21:41:43.544699,37.8649359,32.4838301,1023.54,-0.0172,0.0647,-0.0431,357.0,0.22,0.000,0.000,WAYPOINT
2026-08-17T21:41:44.544509,37.8649339,32.4838304,1023.50,-0.0194,0.0680,0.0254,1.0,0.31,0.000,0.000,WAYPOINT
2026-08-17T21:41:45.544643,37.8649313,32.4838306,1023.44,-0.0162,0.0578,0.1792,10.0,0.41,0.000,0.000,WAYPOINT
2026-08-17T21:41:46.544563,37.8649277,32.4838299,1023.43,-0.0166,0.0565,0.2696,15.0,0.47,0.000,0.000,WAYPOINT
2026-08-17T21:41:47.544645,37.8649238,32.4838288,1023.46,-0.0205,0.0498,0.2800,16.0,0.46,0.000,0.000,WAYPOINT
2026-08-17T21:41:48.544654,37.8649198,32.4838279,1023.48,-0.0209,0.0582,0.2745,15.0,0.47,0.000,0.000,WAYPOINT
2026-08-17T21:41:49.544654,37.8649155,32.4838275,1023.50,-0.0197,0.0487,0.2488,14.0,0.36,0.000,0.000,WAYPOINT
2026-08-17T21:41:50.544549,37.8649124,32.4838269,1023.47,-0.0237,0.0265,0.1806,10.0,0.38,0.000,0.000,WAYPOINT
2026-08-17T21:41:51.544543,37.8649086,32.4838274,1023.42,-0.0184,0.0546,0.1818,10.0,0.37,0.000,0.000,WAYPOINT
2026-08-17T21:41:52.544664,37.8649054,32.4838276,1023.45,-0.0233,0.0380,0.1501,8.0,0.28,0.000,0.000,WAYPOINT
2026-08-17T21:41:53.544634,37.8649027,32.4838282,1023.52,-0.0228,0.0297,0.2065,11.0,0.30,0.000,0.000,WAYPOINT
2026-08-17T21:41:54.544635,37.8648997,32.4838297,1023.53,-0.0185,0.0252,0.2269,12.0,0.24,0.000,0.000,WAYPOINT
2026-08-17T21:41:55.544523,37.8648976,32.4838309,1023.55,-0.0291,0.0415,0.1058,6.0,0.23,0.000,0.000,WAYPOINT
2026-08-17T21:41:56.544528,37.8648963,32.4838337,1023.54,-0.0010,0.1184,0.0988,5.0,0.23,0.000,0.000,WAYPOINT
2026-08-17T21:41:57.544660,37.8648947,32.4838362,1023.52,-0.0003,0.0950,0.0071,0.0,0.31,0.000,0.000,WAYPOINT
2026-08-17T21:41:58.544633,37.8648932,32.4838397,1023.52,-0.0128,0.0768,-0.0596,356.0,0.36,0.000,0.000,WAYPOINT
2026-08-17T21:41:59.544557,37.8648913,32.4838436,1023.56,-0.0105,0.0583,-0.1395,352.0,0.28,0.000,0.000,WAYPOINT
2026-08-17T21:42:00.544682,37.8648895,32.4838468,1023.53,-0.0206,0.0468,-0.2051,348.0,0.24,0.000,0.000,WAYPOINT
2026-08-17T21:42:01.544680,37.8648889,32.4838499,1023.50,0.0007,0.0733,-0.4681,333.0,0.22,0.000,0.000,WAYPOINT
2026-08-17T21:42:02.544632,37.8648883,32.4838532,1023.48,-0.0128,0.0635,-0.6946,320.0,0.32,0.000,0.000,WAYPOINT
2026-08-17T21:42:03.544540,37.8648880,32.4838579,1023.44,-0.0091,0.0931,-0.7702,315.0,0.43,0.000,0.000,WAYPOINT
2026-08-17T21:42:04.544501,37.8648884,32.4838630,1023.46,-0.0154,0.0897,-0.7885,314.0,0.45,0.000,0.000,WAYPOINT
2026-08-17T21:42:05.544551,37.8648874,32.4838680,1023.46,-0.0173,0.0729,-0.8722,310.0,0.42,0.000,0.000,WAYPOINT
2026-08-17T21:42:06.544538,37.8648867,32.4838732,1023.44,-0.0229,0.0651,-0.9365,306.0,0.36,0.000,0.000,WAYPOINT
2026-08-17T21:42:07.544697,37.8648859,32.4838779,1023.42,-0.0364,0.0627,-1.0627,299.0,0.40,0.000,0.000,WAYPOINT
2026-08-17T21:42:08.544537,37.8648856,32.4838830,1023.42,-0.0324,0.0643,-1.1225,295.0,0.43,0.000,0.000,WAYPOINT
2026-08-17T21:42:09.544547,37.8648851,32.4838885,1023.43,-0.0316,0.0785,-1.1585,293.0,0.54,0.000,0.000,WAYPOINT
2026-08-17T21:42:10.544648,37.8648851,32.4838949,1023.41,-0.0165,0.0925,-1.1760,292.0,0.54,0.000,0.000,WAYPOINT
2026-08-17T21:42:11.544685,37.8648851,32.4839012,1023.40,-0.0200,0.0847,-1.1816,292.0,0.59,0.000,0.000,WAYPOINT
2026-08-17T21:42:12.544572,37.8648852,32.4839077,1023.43,-0.0086,0.0874,-1.1506,294.0,0.57,0.000,0.000,WAYPOINT
2026-08-17T21:42:13.544622,37.8648852,32.4839141,1023.45,-0.0116,0.1042,-1.0895,297.0,0.59,0.000,0.000,WAYPOINT
2026-08-17T21:42:14.544642,37.8648847,32.4839202,1023.47,-0.0062,0.1029,-1.0720,298.0,0.56,0.000,0.000,WAYPOINT
2026-08-17T21:42:15.544582,37.8648843,32.4839264,1023.45,-0.0140,0.0707,-1.1568,293.0,0.45,0.000,0.000,WAYPOINT
2026-08-17T21:42:16.544701,37.8648849,32.4839313,1023.44,-0.0251,0.0794,-1.1847,292.0,0.24,0.000,0.000,WAYPOINT
2026-08-17T21:42:17.544593,37.8648856,32.4839330,1023.40,-0.0218,0.0582,-1.2306,289.0,0.01,0.000,0.000,WAYPOINT
2026-08-17T21:42:18.544536,37.8648858,32.4839329,1023.39,-0.0189,0.0559,-1.2249,289.0,0.05,0.000,0.000,WAYPOINT
2026-08-17T21:42:19.544518,37.8648858,32.4839331,1023.43,-0.0199,0.0709,-1.2241,289.0,0.04,0.000,0.000,WAYPOINT
2026-08-17T21:42:20.544747,37.8648858,32.4839329,1023.47,-0.0298,0.0822,-1.2569,287.0,0.04,0.000,0.000,WAYPOINT
2026-08-17T21:42:21.544542,37.8648858,32.4839327,1023.51,-0.0403,0.0857,-1.2660,287.0,0.01,0.000,0.000,WAYPOINT
2026-08-17T21:42:22.544521,37.8648861,32.4839329,1023.47,-0.0137,0.0606,-1.2508,288.0,0.01,0.000,0.000,WAYPOINT
2026-08-17T21:42:23.544637,37.8648861,32.4839330,1023.47,-0.0188,0.0643,-1.2791,286.0,0.03,0.000,0.000,WAYPOINT
2026-08-17T21:42:24.544698,37.8648861,32.4839328,1023.43,-0.0225,0.0685,-1.3165,284.0,0.03,0.000,0.000,WAYPOINT
2026-08-17T21:42:25.544538,37.8648861,32.4839328,1023.42,-0.0143,0.0724,-1.3094,284.0,0.02,0.000,0.000,WAYPOINT
2026-08-17T21:42:26.544632,37.8648862,32.4839327,1023.47,-0.0186,0.0733,-1.3221,284.0,0.15,0.000,0.000,WAYPOINT
2026-08-17T21:42:27.544708,37.8648863,32.4839303,1023.49,-0.0011,0.0588,-1.4232,278.0,0.43,0.000,0.000,WAYPOINT
2026-08-17T21:42:28.544657,37.8648870,32.4839245,1023.50,-0.0187,0.0734,-1.4530,276.0,0.61,0.000,0.000,WAYPOINT
2026-08-17T21:42:29.544626,37.8648878,32.4839176,1023.55,-0.0202,0.0872,-1.3955,280.0,0.58,0.000,0.000,WAYPOINT
2026-08-17T21:42:30.544603,37.8648892,32.4839116,1023.54,-0.0258,0.0547,-1.4161,278.0,0.72,0.000,0.000,WAYPOINT
2026-08-17T21:42:31.544551,37.8648894,32.4839037,1023.52,-0.0223,0.0808,-1.4385,277.0,0.72,0.000,0.000,WAYPOINT
2026-08-17T21:42:32.544642,37.8648899,32.4838956,1023.45,-0.0202,0.0686,-1.5122,273.0,0.69,0.000,0.000,WAYPOINT
2026-08-17T21:42:33.544642,37.8648905,32.4838879,1023.43,-0.0309,0.0624,-1.5360,272.0,0.69,0.000,0.000,WAYPOINT
2026-08-17T21:42:34.544586,37.8648905,32.4838798,1023.42,-0.0399,0.0764,-1.5618,270.0,0.65,0.000,0.000,WAYPOINT
2026-08-17T21:42:35.544581,37.8648907,32.4838721,1023.45,-0.0465,0.0521,-1.5413,271.0,0.73,0.000,0.000,WAYPOINT
2026-08-17T21:42:36.544687,37.8648902,32.4838638,1023.44,-0.0391,0.0815,-1.5402,271.0,0.71,0.000,0.000,WAYPOINT
2026-08-17T21:42:37.544592,37.8648902,32.4838555,1023.41,-0.0310,0.0520,-1.6071,267.0,0.71,0.000,0.000,WAYPOINT
2026-08-17T21:42:38.544674,37.8648902,32.4838476,1023.44,-0.0249,0.0800,-1.5770,269.0,0.66,0.000,0.000,WAYPOINT
2026-08-17T21:42:39.544598,37.8648898,32.4838399,1023.45,-0.0165,0.0677,-1.7056,262.0,0.62,0.000,0.000,WAYPOINT
2026-08-17T21:42:40.544520,37.8648893,32.4838332,1023.45,-0.0191,0.0570,-1.7334,260.0,0.51,0.000,0.000,WAYPOINT
2026-08-17T21:42:41.544646,37.8648886,32.4838276,1023.42,-0.0125,0.0743,-1.7134,261.0,0.40,0.000,0.000,WAYPOINT
2026-08-17T21:42:42.544589,37.8648880,32.4838234,1023.41,-0.0201,0.0806,-1.7146,261.0,0.27,0.000,0.000,WAYPOINT
2026-08-17T21:42:43.544582,37.8648875,32.4838206,1023.38,-0.0243,0.0890,-1.7204,261.0,0.18,0.000,0.000,WAYPOINT
2026-08-17T21:42:44.544658,37.8648870,32.4838184,1023.39,-0.0210,0.0721,-1.7664,258.0,0.11,0.000,0.000,WAYPOINT
2026-08-17T21:42:45.544510,37.8648866,32.4838173,1023.42,-0.0177,0.0645,-1.7851,257.0,0.06,0.000,0.000,IDLE
2026-08-17T21:42:46.544623,37.8648866,32.4838165,1023.40,-0.0131,0.0761,-1.7170,261.0,0.06,0.000,0.000,IDLE
2026-08-17T21:42:47.544684,37.8648862,32.4838162,1023.42,-0.0182,0.0829,-1.6843,263.0,0.05,0.000,0.000,IDLE
2026-08-17T21:42:48.544551,37.8648861,32.4838163,1023.47,-0.0199,0.0775,-1.6801,263.0,0.05,0.000,0.000,IDLE
2026-08-17T21:42:49.544591,37.8648861,32.4838164,1023.44,-0.0188,0.0784,-1.6586,264.0,0.04,0.000,0.000,IDLE
2026-08-17T21:42:50.544581,37.8648861,32.4838164,1023.42,-0.0178,0.0758,-1.6422,265.0,0.05,0.000,0.000,IDLE
2026-08-17T21:42:51.544603,37.8648860,32.4838163,1023.44,-0.0186,0.0746,-1.6223,267.0,0.05,0.000,0.000,IDLE
2026-08-17T21:42:52.544618,37.8648859,32.4838165,1023.43,-0.0144,0.0726,-1.6150,267.0,0.03,0.000,0.000,IDLE
2026-08-17T21:42:53.544533,37.8648861,32.4838168,1023.41,-0.0138,0.0762,-1.6371,266.0,0.10,0.000,0.000,IDLE
2026-08-17T21:42:54.544663,37.8648861,32.4838180,1023.44,-0.0065,0.0815,-1.6945,262.0,0.15,0.000,0.000,IDLE
2026-08-17T21:42:55.544696,37.8648861,32.4838194,1023.41,-0.0063,0.0870,-1.7273,261.0,0.15,0.000,0.000,IDLE
2026-08-17T21:42:56.544537,37.8648866,32.4838210,1023.42,-0.0143,0.0923,-1.7479,259.0,0.22,0.000,0.000,IDLE
2026-08-17T21:42:57.544505,37.8648866,32.4838234,1023.47,-0.0098,0.0911,-1.7498,259.0,0.19,0.000,0.000,IDLE
2026-08-17T21:42:58.544676,37.8648871,32.4838255,1023.48,-0.0118,0.0821,-1.5655,270.0,0.19,0.000,0.000,IDLE
2026-08-17T21:42:59.544663,37.8648870,32.4838282,1023.46,-0.0212,0.0351,-1.4612,276.0,0.07,0.000,0.000,IDLE
2026-08-17T21:43:00.544734,37.8648866,32.4838279,1023.44,-0.0265,0.0647,-1.3743,281.0,0.27,0.000,0.000,IDLE
2026-08-17T21:43:01.544537,37.8648863,32.4838247,1023.41,-0.0099,0.0736,-1.3637,281.0,0.27,0.000,0.000,IDLE
2026-08-17T21:43:02.544582,37.8648865,32.4838220,1023.41,-0.0083,0.0728,-1.2977,285.0,0.19,0.000,0.000,IDLE
2026-08-17T21:43:03.544698,37.8648870,32.4838202,1023.44,0.0211,0.0685,-1.2123,290.0,0.36,0.000,0.000,IDLE
2026-08-17T21:43:04.544640,37.8648903,32.4838188,1023.45,0.0193,0.0823,-1.1314,295.0,0.42,0.000,0.000,IDLE
2026-08-17T21:43:05.544543,37.8648940,32.4838181,1023.45,0.0333,0.0688,-1.0291,301.0,0.52,0.000,0.000,IDLE
2026-08-17T21:43:06.544545,37.8648982,32.4838166,1023.45,0.0254,0.0799,-0.8892,309.0,0.54,0.000,0.000,IDLE
2026-08-17T21:43:07.544705,37.8649027,32.4838166,1023.44,0.0309,0.0693,-0.7312,318.0,0.61,0.000,0.000,IDLE
2026-08-17T21:43:08.544568,37.8649079,32.4838166,1023.43,0.0222,0.0804,-0.5204,330.0,0.60,0.000,0.000,IDLE
2026-08-17T21:43:09.544664,37.8649130,32.4838175,1023.43,0.0037,0.0919,-0.3535,339.0,0.60,0.000,0.000,IDLE
2026-08-17T21:43:10.544676,37.8649182,32.4838188,1023.43,0.0096,0.0853,-0.1258,352.0,0.65,0.000,0.000,IDLE
2026-08-17T21:43:11.544502,37.8649234,32.4838210,1023.44,-0.0013,0.0860,0.0368,2.0,0.55,0.000,0.000,IDLE
2026-08-17T21:43:12.544679,37.8649276,32.4838232,1023.46,-0.0212,0.0668,0.1502,8.0,0.45,0.000,0.000,IDLE
2026-08-17T21:43:13.544636,37.8649314,32.4838243,1023.46,-0.0023,0.0859,0.2167,12.0,0.48,0.000,0.000,IDLE
2026-08-17T21:43:14.544672,37.8649357,32.4838263,1023.46,0.0094,0.0667,0.1846,10.0,0.59,0.000,0.000,IDLE
2026-08-17T21:43:15.544512,37.8649408,32.4838292,1023.48,-0.0193,0.0728,0.1157,6.0,0.50,0.000,0.000,IDLE
2026-08-17T21:43:16.544725,37.8649450,32.4838303,1023.45,-0.0172,0.0850,0.0228,1.0,0.23,0.000,0.000,IDLE
2026-08-17T21:43:17.544657,37.8649465,32.4838302,1023.45,-0.0136,0.0777,-0.0630,356.0,0.06,0.000,0.000,IDLE
2026-08-17T21:43:18.544726,37.8649468,32.4838303,1023.50,-0.0108,0.0783,-0.0427,357.0,0.01,0.000,0.000,IDLE
2026-08-17T21:43:19.544514,37.8649469,32.4838303,1023.52,-0.0127,0.0765,-0.0223,358.0,0.03,0.000,0.000,IDLE
2026-08-17T21:43:20.544485,37.8649469,32.4838302,1023.48,-0.0127,0.0740,-0.0256,358.0,0.04,0.000,0.000,IDLE
2026-08-17T21:43:21.544750,37.8649469,32.4838303,1023.49,-0.0110,0.0743,-0.0586,356.0,0.03,0.000,0.000,IDLE
2026-08-17T21:43:22.544740,37.8649469,32.4838306,1023.46,-0.0124,0.0727,-0.1027,354.0,0.04,0.000,0.000,IDLE
2026-08-17T21:43:23.544655,37.8649470,32.4838312,1023.49,-0.0188,0.0781,-0.1600,350.0,0.02,0.000,0.000,IDLE
2026-08-17T21:43:24.544647,37.8649469,32.4838317,1023.46,-0.0143,0.0807,-0.2077,348.0,0.01,0.000,0.000,IDLE
2026-08-17T21:43:25.544624,37.8649468,32.4838324,1023.44,-0.0052,0.0769,-0.2503,345.0,0.02,0.000,0.000,IDLE
2026-08-17T21:43:26.544673,37.8649466,32.4838330,1023.46,-0.0108,0.0727,-0.2851,343.0,0.02,0.000,0.000,IDLE
2026-08-17T21:43:27.544643,37.8649465,32.4838337,1023.49,-0.0111,0.0736,-0.3051,342.0,0.04,0.000,0.000,IDLE
2026-08-17T21:43:28.544539,37.8649461,32.4838344,1023.47,-0.0121,0.0739,-0.3128,342.0,0.04,0.000,0.000,IDLE
2026-08-17T21:43:29.544648,37.8649456,32.4838352,1023.50,-0.0218,0.0757,-0.3123,342.0,0.05,0.000,0.000,IDLE
2026-08-17T21:43:30.544653,37.8649465,32.4838356,1023.49,-0.0345,0.0572,-0.2515,345.0,0.55,0.000,0.000,IDLE
2026-08-17T21:43:31.544649,37.8649515,32.4838335,1023.47,-0.0252,0.0548,-0.3318,340.0,0.74,0.000,0.000,IDLE
2026-08-17T21:43:32.544650,37.8649570,32.4838300,1023.50,-0.0212,0.0656,-0.4906,331.0,0.74,0.000,0.000,IDLE
2026-08-17T21:43:33.544515,37.8649625,32.4838262,1023.53,-0.0235,0.0744,-0.5504,328.0,0.71,0.000,0.000,IDLE
2026-08-17T21:43:34.544637,37.8649677,32.4838227,1023.54,-0.0094,0.0685,-0.5918,326.0,0.76,0.000,0.000,IDLE
2026-08-17T21:43:35.544650,37.8649733,32.4838186,1023.53,-0.0128,0.0876,-0.7209,318.0,0.71,0.000,0.000,IDLE
2026-08-17T21:43:36.544648,37.8649784,32.4838138,1023.57,-0.0108,0.0754,-0.8713,310.0,0.74,0.000,0.000,IDLE
2026-08-17T21:43:37.544637,37.8649822,32.4838071,1023.55,-0.0127,0.0667,-1.0727,298.0,0.77,0.000,0.000,IDLE
2026-08-17T21:43:38.544603,37.8649845,32.4837994,1023.52,-0.0040,0.0884,-1.2843,286.0,0.67,0.000,0.000,IDLE
2026-08-17T21:43:39.544605,37.8649856,32.4837917,1023.52,-0.0014,0.0540,-1.6169,267.0,0.80,0.000,0.000,IDLE
2026-08-17T21:43:40.544772,37.8649852,32.4837834,1023.56,-0.0039,0.0767,-1.9868,246.0,0.52,0.000,0.000,IDLE
2026-08-17T21:43:41.544565,37.8649852,32.4837779,1023.58,-0.0106,0.0784,-2.2171,232.0,0.32,0.000,0.000,IDLE
2026-08-17T21:43:42.544546,37.8649859,32.4837748,1023.56,-0.0204,0.0872,-2.3809,223.0,0.12,0.000,0.000,IDLE
2026-08-17T21:43:43.544634,37.8649864,32.4837739,1023.52,-0.0112,0.0824,-2.4595,219.0,0.06,0.000,0.000,IDLE
2026-08-17T21:43:44.544635,37.8649868,32.4837739,1023.49,-0.0128,0.0782,-2.4772,218.0,0.04,0.000,0.000,IDLE
2026-08-17T21:43:45.544673,37.8649868,32.4837736,1023.50,-0.0107,0.0732,-2.4246,221.0,0.06,0.000,0.000,IDLE
2026-08-17T21:43:46.544540,37.8649866,32.4837736,1023.54,-0.0125,0.0694,-2.3902,223.0,0.07,0.000,0.000,IDLE
2026-08-17T21:43:47.544656,37.8649864,32.4837739,1023.51,-0.0095,0.0742,-2.4033,222.0,0.08,0.000,0.000,IDLE
2026-08-17T21:43:48.544626,37.8649861,32.4837740,1023.44,-0.0122,0.0762,-2.4130,221.0,0.07,0.000,0.000,IDLE
2026-08-17T21:43:49.544677,37.8649861,32.4837740,1023.41,-0.0074,0.0749,-2.4317,220.0,0.05,0.000,0.000,IDLE
2026-08-17T21:43:50.544644,37.8649864,32.4837740,1023.41,-0.0094,0.0753,-2.4602,219.0,0.03,0.000,0.000,IDLE
2026-08-17T21:43:51.544648,37.8649867,32.4837738,1023.41,-0.0162,0.0850,-2.5013,216.0,0.07,0.000,0.000,IDLE
2026-08-17T21:43:52.544651,37.8649856,32.4837728,1023.42,-0.0160,0.0632,-2.7456,202.0,0.61,0.000,0.000,IDLE
2026-08-17T21:43:53.544685,37.8649797,32.4837706,1023.46,-0.0114,0.0705,-2.8881,194.0,0.75,0.000,0.000,IDLE
2026-08-17T21:43:54.544647,37.8649732,32.4837688,1023.50,-0.0131,0.0740,-3.0767,183.0,0.75,0.000,0.000,IDLE
2026-08-17T21:43:55.544568,37.8649667,32.4837684,1023.54,-0.0205,0.0903,3.1097,178.0,0.72,0.000,0.000,IDLE
2026-08-17T21:43:56.544653,37.8649606,32.4837684,1023.52,-0.0271,0.0663,2.9879,171.0,0.71,0.000,0.000,IDLE
2026-08-17T21:43:57.544615,37.8649546,32.4837699,1023.52,0.0037,0.0890,2.9296,167.0,0.67,0.000,0.000,IDLE
2026-08-17T21:43:58.544616,37.8649486,32.4837707,1023.54,-0.0172,0.0918,2.8347,162.0,0.68,0.000,0.000,IDLE
2026-08-17T21:43:59.544678,37.8649426,32.4837716,1023.55,-0.0079,0.0853,2.8499,163.0,0.71,0.000,0.000,IDLE
2026-08-17T21:44:00.544650,37.8649365,32.4837733,1023.54,-0.0131,0.0732,2.8277,162.0,0.60,0.000,0.000,IDLE
2026-08-17T21:44:01.544657,37.8649311,32.4837744,1023.56,-0.0140,0.0688,2.8585,163.0,0.70,0.000,0.000,IDLE
2026-08-17T21:44:02.544662,37.8649251,32.4837753,1023.56,-0.0072,0.0830,2.9182,167.0,0.67,0.000,0.000,IDLE
2026-08-17T21:44:03.544572,37.8649191,32.4837757,1023.60,-0.0064,0.0802,2.8372,162.0,0.68,0.000,0.000,IDLE
2026-08-17T21:44:04.544612,37.8649130,32.4837765,1023.54,0.0098,0.0912,2.7393,156.0,0.67,0.000,0.000,IDLE
2026-08-17T21:44:05.544637,37.8649068,32.4837779,1023.50,0.0084,0.0829,2.6370,151.0,0.74,0.000,0.000,IDLE
2026-08-17T21:44:06.544638,37.8649003,32.4837799,1023.47,-0.0004,0.0764,2.6151,149.0,0.67,0.000,0.000,IDLE
2026-08-17T21:44:07.544483,37.8648949,32.4837817,1023.50,0.0110,0.0688,2.5551,146.0,0.47,0.000,0.000,IDLE
2026-08-17T21:44:08.544499,37.8648907,32.4837821,1023.47,0.0194,0.0788,2.5273,144.0,0.60,0.000,0.000,IDLE
2026-08-17T21:44:09.544613,37.8648856,32.4837839,1023.47,0.0385,0.0839,2.5218,144.0,0.57,0.000,0.000,IDLE
2026-08-17T21:44:10.544671,37.8648803,32.4837848,1023.44,0.0208,0.0767,2.3710,135.0,0.50,0.000,0.000,IDLE
2026-08-17T21:44:11.544485,37.8648765,32.4837865,1023.41,-0.0064,0.1061,2.1539,123.0,0.14,0.000,0.000,IDLE
2026-08-17T21:44:12.544570,37.8648755,32.4837863,1023.46,-0.0178,0.0832,2.0111,115.0,0.05,0.000,0.000,IDLE
2026-08-17T21:44:13.544521,37.8648752,32.4837855,1023.47,-0.0193,0.0789,1.9766,113.0,0.02,0.000,0.000,IDLE
2026-08-17T21:44:14.544692,37.8648750,32.4837855,1023.43,-0.0158,0.0737,1.9661,112.0,0.02,0.000,0.000,IDLE
2026-08-17T21:44:15.544585,37.8648750,32.4837855,1023.41,-0.0174,0.0725,1.9497,111.0,0.03,0.000,0.000,IDLE
2026-08-17T21:44:16.544696,37.8648750,32.4837855,1023.47,-0.0123,0.0723,1.9342,110.0,0.03,0.000,0.000,IDLE
2026-08-17T21:44:17.544523,37.8648750,32.4837856,1023.52,-0.0145,0.0754,1.9091,109.0,0.02,0.000,0.000,IDLE
2026-08-17T21:44:18.544572,37.8648749,32.4837855,1023.52,-0.0101,0.0774,1.8985,108.0,0.02,0.000,0.000,IDLE
2026-08-17T21:44:19.544516,37.8648748,32.4837855,1023.46,-0.0104,0.0778,1.8806,107.0,0.08,0.000,0.000,IDLE
2026-08-17T21:44:20.544650,37.8648745,32.4837867,1023.42,-0.0224,0.0801,1.8392,105.0,0.28,0.000,0.000,IDLE
2026-08-17T21:44:21.544541,37.8648741,32.4837902,1023.44,-0.0177,0.0601,1.7319,99.0,0.44,0.000,0.000,IDLE
2026-08-17T21:44:22.544521,37.8648739,32.4837949,1023.47,-0.0098,0.0769,1.7030,97.0,0.49,0.000,0.000,IDLE
2026-08-17T21:44:23.545198,37.8648736,32.4838000,1023.48,-0.0152,0.0663,1.5399,88.0,0.58,0.000,0.000,IDLE
2026-08-17T21:44:24.544669,37.8648735,32.4838062,1023.46,-0.0099,0.0716,1.5727,90.0,0.59,0.000,0.000,IDLE
2026-08-17T21:44:25.544663,37.8648735,32.4838125,1023.45,-0.0123,0.0670,1.4584,83.0,0.71,0.000,0.000,IDLE
2026-08-17T21:44:26.544624,37.8648743,32.4838201,1023.43,-0.0054,0.0716,1.5258,87.0,0.66,0.000,0.000,IDLE
2026-08-17T21:44:27.544534,37.8648749,32.4838271,1023.41,-0.0171,0.0949,1.4899,85.0,0.62,0.000,0.000,IDLE
2026-08-17T21:44:28.544599,37.8648758,32.4838337,1023.44,-0.0178,0.0718,1.5276,87.0,0.62,0.000,0.000,IDLE
2026-08-17T21:44:29.544738,37.8648763,32.4838404,1023.49,-0.0160,0.0788,1.5086,86.0,0.64,0.000,0.000,IDLE
2026-08-17T21:44:30.544595,37.8648769,32.4838474,1023.48,-0.0160,0.0788,1.5503,88.0,0.64,0.000,0.000,IDLE
2026-08-17T21:44:31.544635,37.8648773,32.4838544,1023.41,-0.0358,0.0881,1.5082,86.0,0.69,0.000,0.000,IDLE
2026-08-17T21:44:32.544689,37.8648779,32.4838619,1023.39,-0.0221,0.0853,1.5447,88.0,0.62,0.000,0.000,IDLE
2026-08-17T21:44:33.544669,37.8648782,32.4838690,1023.40,-0.0225,0.0876,1.4717,84.0,0.66,0.000,0.000,IDLE
2026-08-17T21:44:34.544637,37.8648786,32.4838766,1023.49,-0.0270,0.0656,1.5179,86.0,0.64,0.000,0.000,IDLE
2026-08-17T21:44:35.544530,37.8648786,32.4838839,1023.56,-0.0213,0.0912,1.4941,85.0,0.69,0.000,0.000,IDLE
2026-08-17T21:44:36.544510,37.8648789,32.4838919,1023.57,-0.0100,0.0965,1.4676,84.0,0.60,0.000,0.000,WAYPOINT_KAMIKAZE
2026-08-17T21:44:37.544657,37.8648791,32.4838990,1023.59,-0.0129,0.0888,1.3953,79.0,0.61,0.000,0.000,WAYPOINT_KAMIKAZE
2026-08-17T21:44:38.544527,37.8648792,32.4839059,1023.58,-0.0048,0.0784,1.4600,83.0,0.61,0.000,0.000,WAYPOINT_KAMIKAZE
2026-08-17T21:44:39.544616,37.8648795,32.4839126,1023.54,-0.0096,0.0842,1.4858,85.0,0.49,0.000,0.000,WAYPOINT_KAMIKAZE
2026-08-17T21:44:40.544594,37.8648797,32.4839179,1023.52,0.0037,0.0630,1.4189,81.0,0.46,0.000,0.000,WAYPOINT_KAMIKAZE
2026-08-17T21:44:41.544720,37.8648806,32.4839232,1023.53,0.0315,0.0669,1.0406,59.0,0.44,0.000,1.000,WAYPOINT_KAMIKAZE
2026-08-17T21:44:42.544344,37.8648818,32.4839268,1023.48,-0.0080,0.0829,0.4101,23.0,0.14,0.950,0.000,WAYPOINT_KAMIKAZE
2026-08-17T21:44:43.544661,37.8648818,32.4839279,1023.47,-0.0021,0.0617,-0.0735,355.0,0.19,0.000,0.000,WAYPOINT_KAMIKAZE
2026-08-17T21:44:44.544272,37.8648830,32.4839292,1023.49,0.0045,0.0744,-0.6086,325.0,0.10,0.000,1.000,WAYPOINT_KAMIKAZE
2026-08-17T21:44:45.544271,37.8648835,32.4839315,1023.47,-0.0229,0.0736,-0.9183,307.0,0.13,0.000,1.000,WAYPOINT_KAMIKAZE
2026-08-17T21:44:46.544356,37.8648852,32.4839322,1023.42,-0.0214,0.0530,-1.0335,300.0,0.05,0.000,1.000,WAYPOINT_KAMIKAZE
2026-08-17T21:44:47.544362,37.8648853,32.4839323,1023.47,-0.0078,0.0602,-1.0743,298.0,0.03,0.000,1.000,WAYPOINT_KAMIKAZE
2026-08-17T21:44:48.544503,37.8648853,32.4839324,1023.53,-0.0112,0.0772,-1.1206,295.0,0.03,0.000,1.000,WAYPOINT_KAMIKAZE
2026-08-17T21:44:49.544379,37.8648853,32.4839325,1023.54,-0.0124,0.0726,-1.1417,294.0,0.04,0.000,1.000,WAYPOINT_KAMIKAZE
2026-08-17T21:44:50.544231,37.8648853,32.4839327,1023.58,-0.0090,0.0714,-1.1516,294.0,0.05,0.000,1.000,WAYPOINT_KAMIKAZE
2026-08-17T21:44:51.544325,37.8648853,32.4839330,1023.59,-0.0065,0.0674,-1.1668,293.0,0.04,0.000,1.000,WAYPOINT_KAMIKAZE
2026-08-17T21:44:52.544479,37.8648855,32.4839334,1023.59,-0.0091,0.0684,-1.1935,291.0,0.03,0.000,1.000,WAYPOINT_KAMIKAZE
2026-08-17T21:44:53.544343,37.8648857,32.4839338,1023.58,-0.0097,0.0722,-1.2234,289.0,0.04,0.000,1.000,WAYPOINT_KAMIKAZE
2026-08-17T21:44:54.544538,37.8648860,32.4839340,1023.58,-0.0059,0.0742,-1.2500,288.0,0.04,0.000,0.000,WAYPOINT_KAMIKAZE
2026-08-17T21:44:55.544669,37.8648862,32.4839343,1023.58,-0.0072,0.0746,-1.2829,286.0,0.03,0.000,0.000,WAYPOINT_KAMIKAZE
2026-08-17T21:44:56.544705,37.8648863,32.4839347,1023.58,-0.0024,0.0739,-1.3128,284.0,0.01,0.000,0.000,WAYPOINT_KAMIKAZE
2026-08-17T21:44:57.544637,37.8648862,32.4839350,1023.58,-0.0029,0.0718,-1.3315,283.0,0.01,0.000,0.000,WAYPOINT_KAMIKAZE
2026-08-17T21:44:58.544565,37.8648862,32.4839353,1023.58,-0.0087,0.0689,-1.3464,282.0,0.01,0.000,0.000,WAYPOINT_KAMIKAZE
2026-08-17T21:44:59.544630,37.8648865,32.4839354,1023.60,-0.0060,0.0955,-1.3664,281.0,0.07,0.000,0.000,WAYPOINT_KAMIKAZE
2026-08-17T21:45:00.544666,37.8648866,32.4839346,1023.58,-0.0147,0.0638,-1.4338,277.0,0.09,0.000,0.000,WAYPOINT_KAMIKAZE
2026-08-17T21:45:01.544615,37.8648868,32.4839338,1023.59,-0.0164,0.0592,-1.4764,275.0,0.07,0.000,0.000,WAYPOINT_KAMIKAZE
2026-08-17T21:45:02.544513,37.8648870,32.4839332,1023.61,-0.0149,0.0630,-1.5247,272.0,0.06,0.000,0.000,WAYPOINT_KAMIKAZE
2026-08-17T21:45:03.544659,37.8648871,32.4839328,1023.62,-0.0121,0.0705,-1.5733,269.0,0.05,0.000,0.000,WAYPOINT_KAMIKAZE
2026-08-17T21:45:04.544637,37.8648871,32.4839322,1023.60,-0.0098,0.0716,-1.6209,267.0,0.06,0.000,0.000,WAYPOINT_KAMIKAZE
2026-08-17T21:45:05.544643,37.8648867,32.4839347,1023.57,-0.0330,0.0238,-2.0535,242.0,0.86,0.000,0.000,WAYPOINT_KAMIKAZE
2026-08-17T21:45:06.544403,37.8648905,32.4839443,1023.59,-0.0522,0.0845,-2.4392,220.0,0.78,0.000,-1.000,WAYPOINT_KAMIKAZE
2026-08-17T21:45:07.544352,37.8648960,32.4839471,1023.60,-0.0427,0.0541,-2.3669,224.0,0.17,0.000,-1.000,WAYPOINT_KAMIKAZE
2026-08-17T21:45:08.544389,37.8648951,32.4839451,1023.59,-0.0136,0.0504,-2.1665,235.0,0.45,0.950,0.000,WAYPOINT_KAMIKAZE
2026-08-17T21:45:09.544655,37.8648933,32.4839417,1023.63,-0.0022,0.0276,-2.1355,237.0,0.18,0.000,0.000,WAYPOINT_KAMIKAZE
2026-08-17T21:45:10.544653,37.8648926,32.4839415,1023.64,0.0010,0.0621,-2.3678,224.0,0.13,0.000,0.000,WAYPOINT_KAMIKAZE
2026-08-17T21:45:11.544407,37.8648933,32.4839424,1023.65,-0.0084,0.0985,-2.6438,208.0,0.08,0.000,-1.000,WAYPOINT_KAMIKAZE
2026-08-17T21:45:12.544337,37.8648931,32.4839414,1023.63,-0.0031,0.0694,-2.5835,211.0,0.36,0.000,-1.000,WAYPOINT_KAMIKAZE
2026-08-17T21:45:13.544379,37.8648906,32.4839382,1023.63,-0.0121,0.0664,-2.4105,221.0,0.53,0.950,0.000,WAYPOINT_KAMIKAZE
2026-08-17T21:45:14.544692,37.8648869,32.4839349,1023.64,-0.0007,0.0512,-2.4854,217.0,0.55,0.000,0.000,WAYPOINT_KAMIKAZE
2026-08-17T21:45:15.544572,37.8648821,32.4839329,1023.64,-0.0036,0.0687,-2.6847,206.0,0.74,0.000,0.000,WAYPOINT_KAMIKAZE
2026-08-17T21:45:16.544633,37.8648757,32.4839307,1023.64,-0.0065,0.0550,-2.7441,202.0,0.82,0.000,0.000,WAYPOINT_KAMIKAZE
2026-08-17T21:45:17.544358,37.8648691,32.4839285,1023.66,-0.0041,0.0525,-2.7513,202.0,0.59,0.000,-1.000,WAYPOINT_KAMIKAZE
2026-08-17T21:45:18.544597,37.8648644,32.4839268,1023.68,-0.0160,-0.0334,-2.6703,207.0,0.18,0.000,-1.000,WAYPOINT_KAMIKAZE
2026-08-17T21:45:19.544435,37.8648645,32.4839274,1023.67,-0.0046,0.0612,-2.6174,210.0,0.40,0.000,-1.000,WAYPOINT_KAMIKAZE
2026-08-17T21:45:20.544649,37.8648669,32.4839298,1023.68,-0.0289,0.0209,-2.4019,222.0,0.17,0.000,0.000,WAYPOINT_KAMIKAZE
2026-08-17T21:45:21.544641,37.8648682,32.4839296,1023.65,0.0070,-0.0304,-1.9807,246.0,0.38,0.000,0.000,WAYPOINT_KAMIKAZE
2026-08-17T21:45:22.544632,37.8648706,32.4839286,1023.63,0.0009,-0.0033,-1.4619,276.0,0.36,0.000,0.000,WAYPOINT_KAMIKAZE
2026-08-17T21:45:23.544626,37.8648718,32.4839263,1023.65,-0.0205,0.0904,-0.8536,311.0,0.40,0.000,0.000,WAYPOINT_KAMIKAZE
2026-08-17T21:45:24.544648,37.8648744,32.4839236,1023.63,-0.0241,0.0219,-0.2324,346.0,0.51,0.000,0.000,WAYPOINT_KAMIKAZE
2026-08-17T21:45:25.544557,37.8648783,32.4839238,1023.63,-0.0187,0.0270,0.5009,28.0,0.45,0.000,0.000,WAYPOINT_KAMIKAZE
2026-08-17T21:45:26.544378,37.8648802,32.4839273,1023.61,0.0011,0.0449,1.2095,69.0,0.26,0.000,-1.000,WAYPOINT_KAMIKAZE
2026-08-17T21:45:27.544385,37.8648816,32.4839299,1023.62,-0.0205,0.0678,1.6309,93.0,0.34,-0.650,-1.000,WAYPOINT_KAMIKAZE
2026-08-17T21:45:28.544389,37.8648829,32.4839348,1023.61,0.0003,0.0203,1.6283,93.0,0.39,-0.650,-1.000,WAYPOINT_KAMIKAZE
2026-08-17T21:45:29.544298,37.8648853,32.4839368,1023.62,-0.0063,0.0128,1.1222,64.0,0.34,0.000,-1.000,WAYPOINT_KAMIKAZE
2026-08-17T21:45:30.544242,37.8648854,32.4839364,1023.67,0.0042,0.0700,0.9486,54.0,0.36,0.000,-1.000,WAYPOINT_KAMIKAZE
2026-08-17T21:45:31.544350,37.8648857,32.4839408,1023.65,-0.0084,0.0910,1.0735,61.0,0.50,0.000,-1.000,WAYPOINT_KAMIKAZE
2026-08-17T21:45:32.544380,37.8648868,32.4839454,1023.66,-0.0138,0.0759,1.2569,72.0,0.65,0.000,-1.000,WAYPOINT_KAMIKAZE
2026-08-17T21:45:33.544383,37.8648881,32.4839514,1023.65,-0.0505,-0.0216,1.4665,84.0,0.31,-0.650,-1.000,WAYPOINT_KAMIKAZE
2026-08-17T21:45:34.544426,37.8648877,32.4839515,1023.65,-0.0204,-0.0056,1.4703,84.0,0.42,-0.650,-1.000,WAYPOINT_KAMIKAZE
2026-08-17T21:45:35.544461,37.8648888,32.4839470,1023.65,-0.0458,0.0303,1.0226,58.0,0.14,0.000,-1.000,WAYPOINT_KAMIKAZE
2026-08-17T21:45:36.544593,37.8648886,32.4839484,1023.65,-0.0313,0.0008,1.0501,60.0,0.22,0.000,-1.000,WAYPOINT_KAMIKAZE
2026-08-17T21:45:37.544360,37.8648883,32.4839512,1023.63,-0.0133,-0.0325,1.0358,59.0,0.05,-0.650,-1.000,WAYPOINT_KAMIKAZE
2026-08-17T21:45:38.544336,37.8648876,32.4839495,1023.64,-0.0408,-0.0103,0.6043,34.0,0.31,0.000,-1.000,WAYPOINT_KAMIKAZE
2026-08-17T21:45:39.544360,37.8648862,32.4839479,1023.65,0.0005,0.0878,0.4218,24.0,0.24,0.000,-1.000,WAYPOINT_KAMIKAZE
2026-08-17T21:45:40.544344,37.8648886,32.4839508,1023.65,-0.0135,-0.0275,0.5887,33.0,0.29,-0.650,-1.000,WAYPOINT_KAMIKAZE
2026-08-17T21:45:41.544430,37.8648892,32.4839507,1023.66,-0.0145,-0.0141,0.4242,24.0,0.47,0.000,-1.000,WAYPOINT_KAMIKAZE
2026-08-17T21:45:42.544326,37.8648871,32.4839466,1023.67,-0.0232,-0.0548,0.0712,4.0,0.33,0.000,1.000,WAYPOINT_KAMIKAZE
2026-08-17T21:45:43.544441,37.8648880,32.4839444,1023.68,-0.0332,-0.0399,-0.3190,341.0,0.26,0.000,1.000,WAYPOINT_KAMIKAZE
2026-08-17T21:45:44.544353,37.8648883,32.4839432,1023.67,-0.0335,-0.0319,-0.6968,320.0,0.21,0.000,1.000,WAYPOINT_KAMIKAZE
2026-08-17T21:45:45.544331,37.8648886,32.4839421,1023.69,-0.0265,-0.0042,-1.1911,291.0,0.22,0.000,1.000,WAYPOINT_KAMIKAZE
2026-08-17T21:45:46.544383,37.8648889,32.4839400,1023.71,-0.0101,0.0733,-1.6249,266.0,0.20,0.000,0.000,WAYPOINT_KAMIKAZE
2026-08-17T21:45:47.544373,37.8648889,32.4839370,1023.71,-0.0065,0.0718,-1.9975,245.0,0.31,0.000,0.000,WAYPOINT_KAMIKAZE
2026-08-17T21:45:48.544386,37.8648880,32.4839329,1023.72,-0.0005,0.0796,-2.2801,229.0,0.39,0.000,0.000,WAYPOINT_KAMIKAZE
2026-08-17T21:45:49.544341,37.8648856,32.4839291,1023.75,-0.0027,0.0716,-2.4780,218.0,0.49,0.000,0.000,WAYPOINT_KAMIKAZE
2026-08-17T21:45:50.544327,37.8648820,32.4839257,1023.77,-0.0015,0.0613,-2.6086,210.0,0.45,0.000,0.000,WAYPOINT_KAMIKAZE
2026-08-17T21:45:51.544368,37.8648791,32.4839242,1023.82,0.0027,0.0417,-2.8674,195.0,0.17,0.000,0.000,WAYPOINT_KAMIKAZE
2026-08-17T21:45:52.544393,37.8648787,32.4839253,1023.84,-0.0073,0.0445,3.0634,175.0,0.16,0.000,0.000,WAYPOINT_KAMIKAZE
2026-08-17T21:45:53.544328,37.8648789,32.4839266,1023.84,-0.0156,0.0511,2.7776,159.0,0.15,0.000,0.000,WAYPOINT_KAMIKAZE
2026-08-17T21:45:54.544376,37.8648792,32.4839282,1023.83,-0.0124,0.0469,2.6410,151.0,0.09,0.000,0.000,WAYPOINT_KAMIKAZE
2026-08-17T21:45:55.544397,37.8648793,32.4839281,1023.79,-0.0226,0.0550,2.7733,158.0,0.12,0.000,0.000,WAYPOINT_KAMIKAZE
2026-08-17T21:45:56.544349,37.8648800,32.4839273,1023.77,-0.0229,0.0646,3.0491,174.0,0.18,0.000,0.000,WAYPOINT_KAMIKAZE
2026-08-17T21:45:57.544368,37.8648822,32.4839268,1023.77,-0.0017,0.0734,-2.9022,193.0,0.26,0.000,0.000,WAYPOINT_KAMIKAZE
2026-08-17T21:45:58.544430,37.8648846,32.4839271,1023.78,-0.0217,0.0563,-2.5118,216.0,0.16,0.000,0.000,WAYPOINT_KAMIKAZE
2026-08-17T21:45:59.544346,37.8648856,32.4839278,1023.76,-0.0273,0.0453,-2.1194,238.0,0.07,0.000,0.000,WAYPOINT_KAMIKAZE
2026-08-17T21:46:00.544598,37.8648858,32.4839289,1023.77,-0.0135,0.0298,-1.8628,253.0,0.40,0.000,0.000,WAYPOINT_KAMIKAZE
2026-08-17T21:46:01.544381,37.8648866,32.4839328,1023.75,-0.0058,0.0272,-1.5378,271.0,0.24,0.000,0.000,WAYPOINT_KAMIKAZE
2026-08-17T21:46:02.544409,37.8648867,32.4839341,1023.75,-0.0218,0.0051,-1.4467,277.0,0.04,0.000,0.000,WAYPOINT_KAMIKAZE
2026-08-17T21:46:03.544377,37.8648881,32.4839336,1023.75,0.0009,0.0004,-1.4787,275.0,0.22,0.000,0.000,WAYPOINT_KAMIKAZE
2026-08-17T21:46:04.544494,37.8648907,32.4839330,1023.74,-0.0083,0.0091,-1.3811,280.0,0.20,0.000,0.000,WAYPOINT_KAMIKAZE
2026-08-17T21:46:05.544361,37.8648927,32.4839340,1023.73,-0.0321,0.0200,-1.2875,286.0,0.10,0.000,0.000,WAYPOINT_KAMIKAZE
2026-08-17T21:46:06.544409,37.8648929,32.4839340,1023.72,0.0011,0.0486,-1.2287,289.0,0.16,0.000,0.000,WAYPOINT_KAMIKAZE
2026-08-17T21:46:07.544388,37.8648919,32.4839329,1023.73,-0.0115,0.0641,-1.2375,289.0,0.20,0.000,0.000,WAYPOINT_KAMIKAZE
2026-08-17T21:46:08.544573,37.8648917,32.4839318,1023.75,-0.0174,0.0390,-1.3121,284.0,0.04,0.000,0.000,WAYPOINT_KAMIKAZE
2026-08-17T21:46:09.544372,37.8648919,32.4839331,1023.75,-0.0122,0.0410,-1.2526,288.0,0.28,0.000,0.000,WAYPOINT_KAMIKAZE
2026-08-17T21:46:10.544432,37.8648901,32.4839360,1023.73,-0.0041,0.0517,-1.2290,289.0,0.17,0.000,0.000,WAYPOINT_KAMIKAZE
2026-08-17T21:46:11.544365,37.8648890,32.4839368,1023.71,-0.0406,-0.0527,-1.1293,295.0,0.32,0.000,0.000,WAYPOINT_KAMIKAZE
2026-08-17T21:46:12.544394,37.8648874,32.4839402,1023.73,-0.0311,-0.0128,-0.8952,308.0,0.24,0.000,0.000,WAYPOINT_KAMIKAZE
2026-08-17T21:46:13.544527,37.8648851,32.4839418,1023.74,-0.0219,-0.0136,-0.8234,312.0,0.20,0.000,0.000,WAYPOINT_KAMIKAZE
2026-08-17T21:46:14.544358,37.8648830,32.4839416,1023.75,-0.0265,-0.0403,-0.9073,308.0,0.21,0.000,0.000,WAYPOINT_KAMIKAZE
2026-08-17T21:46:15.544463,37.8648817,32.4839423,1023.73,-0.0259,-0.0330,-0.9591,305.0,0.10,0.000,0.000,WAYPOINT_KAMIKAZE
2026-08-17T21:46:16.544523,37.8648812,32.4839431,1023.74,-0.0251,-0.0270,-0.9585,305.0,0.11,0.000,0.000,WAYPOINT_KAMIKAZE
2026-08-17T21:46:17.544475,37.8648806,32.4839442,1023.75,-0.0171,-0.0179,-0.9268,306.0,0.01,0.000,0.000,WAYPOINT_KAMIKAZE
2026-08-17T21:46:18.544499,37.8648810,32.4839441,1023.72,0.0038,-0.0199,-1.0284,301.0,0.24,0.000,0.000,WAYPOINT_KAMIKAZE
2026-08-17T21:46:19.544497,37.8648833,32.4839432,1023.73,-0.0199,-0.0057,-1.0470,300.0,0.15,0.000,0.000,WAYPOINT_KAMIKAZE
2026-08-17T21:46:20.544406,37.8648843,32.4839426,1023.74,-0.0224,0.0330,-1.0881,297.0,0.12,0.000,0.000,WAYPOINT_KAMIKAZE
2026-08-17T21:46:21.544555,37.8648842,32.4839412,1023.77,-0.0169,0.0544,-1.1936,291.0,0.22,0.000,0.000,WAYPOINT_KAMIKAZE
2026-08-17T21:46:22.544356,37.8648843,32.4839384,1023.78,-0.0117,0.0684,-1.3511,282.0,0.29,0.000,0.000,WAYPOINT_KAMIKAZE
2026-08-17T21:46:23.544279,37.8648844,32.4839349,1023.79,-0.0086,0.0714,-1.5102,273.0,0.36,0.000,0.000,WAYPOINT_KAMIKAZE
2026-08-17T21:46:24.544327,37.8648844,32.4839307,1023.79,-0.0109,0.0701,-1.6279,266.0,0.39,0.000,0.000,WAYPOINT_KAMIKAZE
2026-08-17T21:46:25.544244,37.8648840,32.4839263,1023.79,-0.0102,0.0678,-1.7222,261.0,0.42,0.000,0.000,WAYPOINT_KAMIKAZE
2026-08-17T21:46:26.544302,37.8648831,32.4839216,1023.80,-0.0097,0.0703,-1.8037,256.0,0.44,0.000,0.000,WAYPOINT_KAMIKAZE
2026-08-17T21:46:27.544507,37.8648819,32.4839169,1023.81,-0.0100,0.0671,-1.8876,251.0,0.45,0.000,0.000,WAYPOINT_KAMIKAZE
2026-08-17T21:46:28.544367,37.8648803,32.4839124,1023.81,-0.0104,0.0690,-1.9594,247.0,0.45,0.000,0.000,WAYPOINT_KAMIKAZE
2026-08-17T21:46:29.544292,37.8648786,32.4839080,1023.80,-0.0112,0.0677,-2.0241,244.0,0.46,0.000,0.000,WAYPOINT_KAMIKAZE
2026-08-17T21:46:30.544253,37.8648764,32.4839034,1023.80,-0.0104,0.0678,-2.0883,240.0,0.46,0.000,0.000,WAYPOINT_KAMIKAZE
2026-08-17T21:46:31.544256,37.8648742,32.4838990,1023.80,-0.0098,0.0639,-2.1509,236.0,0.50,0.000,0.000,WAYPOINT_KAMIKAZE
2026-08-17T21:46:32.544269,37.8648716,32.4838946,1023.80,-0.0005,-0.0141,-2.2139,233.0,0.16,0.000,0.000,WAYPOINT_KAMIKAZE
2026-08-17T21:46:33.544284,37.8648710,32.4838959,1023.79,-0.0084,0.0249,-2.3766,223.0,0.25,0.000,0.000,WAYPOINT_KAMIKAZE
2026-08-17T21:46:34.544342,37.8648702,32.4838975,1023.79,-0.0100,0.0210,-2.4586,219.0,0.24,0.000,0.000,WAYPOINT_KAMIKAZE
2026-08-17T21:46:35.544504,37.8648693,32.4838989,1023.77,-0.0064,0.0443,-2.6968,205.0,0.24,0.000,0.000,WAYPOINT_KAMIKAZE
2026-08-17T21:46:36.544437,37.8648687,32.4839002,1023.79,-0.0050,0.0579,-3.0276,186.0,0.21,0.000,0.000,WAYPOINT_KAMIKAZE
2026-08-17T21:46:37.544363,37.8648671,32.4839001,1023.81,-0.0227,0.0030,-3.1295,180.0,0.08,0.000,0.000,WAYPOINT_KAMIKAZE
2026-08-17T21:46:38.544284,37.8648676,32.4839004,1023.82,-0.0169,0.0221,-2.9138,193.0,0.40,0.000,0.000,WAYPOINT_KAMIKAZE
2026-08-17T21:46:39.544317,37.8648711,32.4839032,1023.81,-0.0156,0.0857,-2.7609,201.0,0.23,0.000,0.000,WAYPOINT_KAMIKAZE
2026-08-17T21:46:40.544436,37.8648718,32.4839054,1023.82,-0.0135,0.0294,-2.6869,206.0,0.21,0.000,0.000,WAYPOINT_KAMIKAZE
2026-08-17T21:46:41.544480,37.8648729,32.4839074,1023.80,-0.0207,0.0412,-2.5960,211.0,0.40,0.000,0.000,WAYPOINT_KAMIKAZE
2026-08-17T21:46:42.544420,37.8648757,32.4839102,1023.79,-0.0201,0.0356,-2.4499,219.0,0.27,0.000,0.000,WAYPOINT_KAMIKAZE
2026-08-17T21:46:43.544242,37.8648772,32.4839127,1023.79,-0.0104,0.0195,-2.2743,229.0,0.47,0.000,0.000,WAYPOINT_KAMIKAZE
2026-08-17T21:46:44.544406,37.8648794,32.4839173,1023.78,-0.0108,0.0235,-2.1760,235.0,0.41,0.000,0.000,WAYPOINT_KAMIKAZE
2026-08-17T21:46:45.544343,37.8648810,32.4839207,1023.79,-0.0191,0.0079,-2.0774,240.0,0.28,0.000,0.000,WAYPOINT_KAMIKAZE
2026-08-17T21:46:46.544309,37.8648816,32.4839224,1023.79,-0.0182,-0.0067,-1.9274,249.0,0.05,0.000,0.000,WAYPOINT_KAMIKAZE
2026-08-17T21:46:47.544285,37.8648815,32.4839233,1023.80,-0.0079,0.0243,-1.7271,261.0,0.31,0.000,0.000,WAYPOINT_KAMIKAZE
2026-08-17T21:46:48.544442,37.8648816,32.4839267,1023.81,-0.0051,0.0124,-1.6940,262.0,0.16,0.000,0.000,WAYPOINT_KAMIKAZE
2026-08-17T21:46:49.544484,37.8648819,32.4839279,1023.83,-0.0044,0.0139,-1.6439,265.0,0.00,0.000,0.000,WAYPOINT_KAMIKAZE
2026-08-17T21:46:50.544404,37.8648821,32.4839280,1023.84,-0.0060,-0.0205,-1.6345,266.0,0.03,0.000,0.000,WAYPOINT_KAMIKAZE
2026-08-17T21:46:51.544715,37.8648825,32.4839282,1023.86,-0.0071,-0.0050,-1.6187,267.0,0.08,0.000,0.000,IDLE
2026-08-17T21:46:52.544556,37.8648830,32.4839277,1023.84,-0.0121,-0.0050,-1.5823,269.0,0.08,0.000,0.000,IDLE
2026-08-17T21:46:53.544517,37.8648833,32.4839277,1023.84,-0.0085,0.0054,-1.5070,273.0,0.06,0.000,0.000,IDLE
2026-08-17T21:46:54.544527,37.8648834,32.4839278,1023.81,-0.0086,0.0040,-1.4255,278.0,0.06,0.000,0.000,IDLE
2026-08-17T21:46:55.544882,37.8648837,32.4839276,1023.81,-0.0063,0.0099,-1.3184,284.0,0.07,0.000,0.000,IDLE
2026-08-17T21:46:56.544644,37.8648838,32.4839271,1023.83,-0.0093,0.0048,-1.3319,283.0,0.03,0.000,0.000,IDLE
2026-08-17T21:46:57.544615,37.8648841,32.4839271,1023.82,-0.0111,0.0068,-1.3879,280.0,0.03,0.000,0.000,IDLE
2026-08-17T21:46:58.544620,37.8648847,32.4839271,1023.82,-0.0104,0.0004,-1.3731,281.0,0.05,0.000,0.000,IDLE
2026-08-17T21:46:59.544705,37.8648852,32.4839271,1023.81,-0.0108,-0.0012,-1.3002,285.0,0.22,0.000,0.000,IDLE
2026-08-17T21:47:00.544512,37.8648858,32.4839245,1023.82,-0.0107,0.0213,-1.2879,286.0,0.23,0.000,0.000,IDLE
2026-08-17T21:47:01.544573,37.8648861,32.4839226,1023.83,-0.0095,0.1095,-1.3365,283.0,0.15,0.000,0.000,IDLE
2026-08-17T21:47:02.544580,37.8648868,32.4839208,1023.83,0.0039,0.0263,-1.3799,280.0,0.25,0.000,0.000,IDLE
2026-08-17T21:47:03.544613,37.8648879,32.4839182,1023.85,0.0010,0.0074,-1.4482,277.0,0.26,0.000,0.000,IDLE
2026-08-17T21:47:04.544640,37.8648887,32.4839165,1023.88,0.0211,-0.0393,-1.3243,284.0,0.04,0.000,0.000,IDLE
2026-08-17T21:47:05.544658,37.8648884,32.4839172,1023.90,0.0196,-0.0234,-1.2431,288.0,0.10,0.000,0.000,IDLE
2026-08-17T21:47:06.544574,37.8648880,32.4839183,1023.86,-0.0125,-0.0639,-1.2011,291.0,0.08,0.000,0.000,IDLE
2026-08-17T21:47:07.544521,37.8648875,32.4839182,1023.85,-0.0039,-0.0591,-1.2326,289.0,0.04,0.000,0.000,IDLE
2026-08-17T21:47:08.544738,37.8648875,32.4839182,1023.83,-0.0131,-0.0541,-1.1836,292.0,0.07,0.000,0.000,IDLE
2026-08-17T21:47:09.544702,37.8648876,32.4839188,1023.82,-0.0233,0.0022,-1.1308,295.0,0.03,0.000,0.000,IDLE
2026-08-17T21:47:10.544598,37.8648875,32.4839188,1023.81,-0.0321,-0.0077,-1.1399,294.0,0.07,0.000,0.000,IDLE
2026-08-17T21:47:11.544524,37.8648870,32.4839190,1023.83,-0.0178,0.0420,-1.1960,291.0,0.05,0.000,0.000,IDLE
2026-08-17T21:47:12.544575,37.8648869,32.4839190,1023.85,-0.0124,0.0435,-1.2347,289.0,0.02,0.000,0.000,IDLE
2026-08-17T21:47:13.544712,37.8648871,32.4839191,1023.87,-0.0162,0.0383,-1.2430,288.0,0.01,0.000,0.000,IDLE
2026-08-17T21:47:14.544600,37.8648873,32.4839192,1023.87,-0.0167,0.0389,-1.3111,284.0,0.02,0.000,0.000,IDLE
2026-08-17T21:47:15.544560,37.8648873,32.4839194,1023.87,-0.0160,0.0442,-1.3470,282.0,0.03,0.000,0.000,IDLE
2026-08-17T21:47:16.544674,37.8648872,32.4839198,1023.91,-0.0107,0.0750,-1.3607,282.0,0.02,0.000,0.000,IDLE
2026-08-17T21:47:17.544719,37.8648870,32.4839199,1023.93,-0.0087,0.0839,-1.3645,281.0,0.02,0.000,0.000,IDLE
2026-08-17T21:47:18.544684,37.8648870,32.4839199,1023.93,-0.0105,0.0785,-1.3304,283.0,0.02,0.000,0.000,IDLE
2026-08-17T21:47:19.544543,37.8648870,32.4839199,1023.91,-0.0077,0.0749,-1.2915,286.0,0.01,0.000,0.000,IDLE
2026-08-17T21:47:20.544699,37.8648868,32.4839201,1023.92,-0.0079,0.0766,-1.2531,288.0,0.03,0.000,0.000,IDLE
2026-08-17T21:47:21.544638,37.8648867,32.4839204,1023.93,-0.0061,0.0763,-1.2180,290.0,0.03,0.000,0.000,IDLE
2026-08-17T21:47:22.544524,37.8648866,32.4839207,1023.94,-0.0054,0.0730,-1.1802,292.0,0.04,0.000,0.000,IDLE
2026-08-17T21:47:23.544651,37.8648864,32.4839212,1023.91,-0.0078,0.0745,-1.1456,294.0,0.05,0.000,0.000,IDLE
2026-08-17T21:47:24.544655,37.8648862,32.4839214,1023.91,-0.0069,0.0752,-1.1127,296.0,0.05,0.000,0.000,IDLE
2026-08-17T21:47:25.544689,37.8648861,32.4839214,1023.92,-0.0053,0.0757,-1.0781,298.0,0.03,0.000,0.000,IDLE
2026-08-17T21:47:26.544656,37.8648860,32.4839216,1023.91,-0.0024,0.0748,-1.0431,300.0,0.04,0.000,0.000,IDLE
2026-08-17T21:47:27.544738,37.8648859,32.4839220,1023.90,-0.0079,0.0741,-1.0115,302.0,0.03,0.000,0.000,IDLE
2026-08-17T21:47:28.544580,37.8648860,32.4839224,1023.89,-0.0108,0.0712,-0.9784,303.0,0.03,0.000,0.000,IDLE
2026-08-17T21:47:29.544566,37.8648859,32.4839228,1023.91,-0.0129,0.0716,-0.9521,305.0,0.01,0.000,0.000,IDLE
2026-08-17T21:47:30.544710,37.8648860,32.4839230,1023.94,-0.0119,0.0742,-0.9267,306.0,0.00,0.000,0.000,IDLE
2026-08-17T21:47:31.544634,37.8648860,32.4839235,1023.97,-0.0077,0.0738,-0.9058,308.0,0.01,0.000,0.000,IDLE
2026-08-17T21:47:32.544597,37.8648859,32.4839243,1023.95,-0.0098,0.0743,-0.8867,309.0,0.03,0.000,0.000,IDLE
2026-08-17T21:47:33.544602,37.8648857,32.4839254,1023.97,-0.0119,0.0771,-0.8672,310.0,0.04,0.000,0.000,IDLE
2026-08-17T21:47:34.544640,37.8648852,32.4839267,1023.96,-0.0109,0.0731,-0.8468,311.0,0.05,0.000,0.000,IDLE
2026-08-17T21:47:35.544644,37.8648851,32.4839274,1023.97,-0.0121,0.0403,-0.8412,311.0,0.06,0.000,0.000,IDLE
2026-08-17T21:47:36.544647,37.8648849,32.4839284,1024.00,-0.0118,0.0591,-0.8457,311.0,0.06,0.000,0.000,WAYPOINT_KAMIKAZE
2026-08-17T21:47:37.544542,37.8648845,32.4839293,1023.98,-0.0053,0.0908,-0.8663,310.0,0.04,0.000,0.000,WAYPOINT_KAMIKAZE
2026-08-17T21:47:38.544539,37.8648846,32.4839293,1023.96,-0.0071,0.0787,-0.9745,304.0,0.08,0.000,0.000,WAYPOINT_KAMIKAZE
2026-08-17T21:47:39.544616,37.8648850,32.4839295,1023.98,-0.0072,0.0784,-1.0818,298.0,0.07,0.000,0.000,WAYPOINT_KAMIKAZE
2026-08-17T21:47:40.544639,37.8648856,32.4839293,1023.97,-0.0047,0.0830,-1.1587,293.0,0.07,0.000,0.000,WAYPOINT_KAMIKAZE
2026-08-17T21:47:41.544637,37.8648860,32.4839288,1023.95,-0.0074,0.0793,-1.2278,289.0,0.07,0.000,0.000,WAYPOINT_KAMIKAZE
2026-08-17T21:47:42.544557,37.8648863,32.4839283,1023.93,-0.0060,0.0655,-1.2813,286.0,0.04,0.000,0.000,WAYPOINT_KAMIKAZE
2026-08-17T21:47:43.544680,37.8648863,32.4839285,1023.96,-0.0099,0.0771,-1.3562,282.0,0.09,0.000,0.000,WAYPOINT_KAMIKAZE
2026-08-17T21:47:44.544654,37.8648859,32.4839290,1023.98,-0.0102,0.0731,-1.4372,277.0,0.09,0.000,0.000,WAYPOINT_KAMIKAZE
2026-08-17T21:47:45.544626,37.8648856,32.4839296,1023.98,-0.0102,0.0730,-1.5174,273.0,0.10,0.000,0.000,WAYPOINT_KAMIKAZE
2026-08-17T21:47:46.544674,37.8648853,32.4839302,1024.00,-0.0091,0.0763,-1.5867,269.0,0.09,0.000,0.000,WAYPOINT_KAMIKAZE
2026-08-17T21:47:47.544754,37.8648851,32.4839308,1024.00,-0.0094,0.0772,-1.6383,266.0,0.07,0.000,0.000,WAYPOINT_KAMIKAZE
2026-08-17T21:47:48.544754,37.8648851,32.4839309,1024.00,-0.0086,0.0767,-1.6480,265.0,0.07,0.000,0.000,WAYPOINT_KAMIKAZE
2026-08-17T21:47:49.544673,37.8648851,32.4839307,1023.99,-0.0084,0.0747,-1.6460,265.0,0.07,0.000,0.000,WAYPOINT_KAMIKAZE
2026-08-17T21:47:50.544683,37.8648850,32.4839304,1023.98,-0.0093,0.0759,-1.6399,266.0,0.07,0.000,0.000,WAYPOINT_KAMIKAZE
2026-08-17T21:47:51.544573,37.8648849,32.4839301,1023.96,-0.0084,0.0749,-1.6254,266.0,0.06,0.000,0.000,WAYPOINT_KAMIKAZE
2026-08-17T21:47:52.544699,37.8648849,32.4839299,1023.94,-0.0070,0.0720,-1.6138,267.0,0.06,0.000,0.000,WAYPOINT_KAMIKAZE
2026-08-17T21:47:53.544631,37.8648847,32.4839298,1023.94,-0.0069,0.0675,-1.6658,264.0,0.07,0.000,0.000,WAYPOINT_KAMIKAZE
2026-08-17T21:47:54.544631,37.8648847,32.4839301,1023.95,-0.0082,0.0786,-1.7376,260.0,0.05,0.000,0.000,WAYPOINT_KAMIKAZE
2026-08-17T21:47:55.544655,37.8648848,32.4839302,1023.94,-0.0078,0.0725,-1.7758,258.0,0.04,0.000,0.000,WAYPOINT_KAMIKAZE
2026-08-17T21:47:56.544720,37.8648847,32.4839301,1023.94,-0.0082,0.0738,-1.7886,257.0,0.05,0.000,0.000,WAYPOINT_KAMIKAZE
2026-08-17T21:47:57.544554,37.8648845,32.4839298,1023.96,-0.0088,0.0749,-1.8002,256.0,0.06,0.000,0.000,WAYPOINT_KAMIKAZE
2026-08-17T21:47:58.544641,37.8648843,32.4839297,1023.98,-0.0099,0.0769,-1.8172,255.0,0.06,0.000,0.000,WAYPOINT_KAMIKAZE
2026-08-17T21:47:59.544648,37.8648842,32.4839293,1023.97,-0.0089,0.0737,-1.8312,255.0,0.05,0.000,0.000,IDLE
2026-08-17T21:48:00.544668,37.8648842,32.4839291,1023.97,-0.0100,0.0762,-1.8552,253.0,0.05,0.000,0.000,IDLE
2026-08-17T21:48:01.544770,37.8648840,32.4839291,1023.95,-0.0093,0.0753,-1.8845,252.0,0.04,0.000,0.000,IDLE
2026-08-17T21:48:02.544577,37.8648840,32.4839290,1023.96,-0.0090,0.0766,-1.8856,251.0,0.05,0.000,0.000,IDLE
2026-08-17T21:48:03.544607,37.8648838,32.4839290,1023.97,-0.0088,0.0762,-1.9108,250.0,0.06,0.000,0.000,IDLE
2026-08-17T21:48:04.544573,37.8648835,32.4839290,1023.96,-0.0085,0.0723,-1.9478,248.0,0.05,0.000,0.000,IDLE
2026-08-17T21:48:05.544717,37.8648834,32.4839289,1023.96,-0.0094,0.0726,-1.9754,246.0,0.05,0.000,0.000,IDLE
2026-08-17T21:48:06.544587,37.8648831,32.4839288,1023.98,-0.0092,0.0731,-1.9993,245.0,0.05,0.000,0.000,IDLE
2026-08-17T21:48:07.544866,37.8648830,32.4839287,1023.98,-0.0081,0.0762,-2.0115,244.0,0.05,0.000,0.000,IDLE
2026-08-17T21:48:08.544645,37.8648829,32.4839285,1023.97,-0.0057,0.0732,-2.0060,245.0,0.04,0.000,0.000,WAYPOINT_KAMIKAZE
2026-08-17T21:48:09.544982,37.8648827,32.4839285,1023.96,-0.0037,0.0707,-2.0090,244.0,0.04,0.000,0.000,WAYPOINT_KAMIKAZE
2026-08-17T21:48:10.544675,37.8648825,32.4839284,1023.99,-0.0070,0.0732,-2.0464,242.0,0.05,0.000,0.000,WAYPOINT_KAMIKAZE
2026-08-17T21:48:11.544554,37.8648824,32.4839282,1023.99,-0.0067,0.0748,-2.0653,241.0,0.04,0.000,1.000,WAYPOINT_KAMIKAZE
2026-08-17T21:48:12.544687,37.8648823,32.4839284,1023.99,-0.0156,0.1030,-2.1776,235.0,0.21,0.000,0.000,WAYPOINT_KAMIKAZE
2026-08-17T21:48:13.544569,37.8648828,32.4839300,1024.00,-0.0085,0.0735,-2.1534,236.0,0.11,0.000,0.000,WAYPOINT_KAMIKAZE
2026-08-17T21:48:14.544511,37.8648823,32.4839283,1024.00,-0.0115,0.0453,-1.9220,249.0,0.29,0.000,1.000,WAYPOINT_KAMIKAZE
2026-08-17T21:48:15.544643,37.8648810,32.4839257,1024.02,-0.0103,0.0789,-1.7916,257.0,0.22,0.000,0.000,WAYPOINT_KAMIKAZE
2026-08-17T21:48:16.544720,37.8648803,32.4839231,1024.00,-0.0102,0.0743,-1.6049,268.0,0.35,0.000,0.000,WAYPOINT_KAMIKAZE
2026-08-17T21:48:17.544666,37.8648801,32.4839190,1023.99,-0.0084,0.0685,-1.4756,275.0,0.32,0.000,0.000,WAYPOINT_KAMIKAZE
2026-08-17T21:48:18.544516,37.8648803,32.4839154,1024.00,-0.0074,0.0715,-1.4400,277.0,0.28,0.000,0.000,WAYPOINT_KAMIKAZE
2026-08-17T21:48:19.544434,37.8648807,32.4839123,1023.99,-0.0084,0.0771,-1.4714,275.0,0.21,0.000,-1.000,WAYPOINT_KAMIKAZE
2026-08-17T21:48:20.544339,37.8648813,32.4839092,1023.98,-0.0163,0.0564,-1.2964,285.0,0.45,0.000,-1.000,WAYPOINT_KAMIKAZE
2026-08-17T21:48:21.544641,37.8648827,32.4839040,1023.97,-0.0066,0.0607,-1.1613,293.0,0.35,0.000,0.000,WAYPOINT_KAMIKAZE
2026-08-17T21:48:22.544504,37.8648837,32.4839006,1023.99,-0.0102,0.0780,-1.2475,288.0,0.14,0.000,1.000,WAYPOINT_KAMIKAZE
2026-08-17T21:48:23.544413,37.8648838,32.4839000,1024.00,-0.0047,0.0804,-1.5694,270.0,0.24,0.000,-1.000,WAYPOINT_KAMIKAZE
2026-08-17T21:48:24.544375,37.8648832,32.4839014,1024.00,-0.0029,0.0793,-1.7527,259.0,0.20,0.000,-1.000,WAYPOINT_KAMIKAZE
2026-08-17T21:48:25.544620,37.8648836,32.4838980,1023.98,-0.0091,0.0675,-1.5899,268.0,0.43,0.000,0.000,WAYPOINT_KAMIKAZE
2026-08-17T21:48:26.544566,37.8648833,32.4838930,1023.98,-0.0037,0.0586,-1.6094,267.0,0.44,0.000,0.000,WAYPOINT_KAMIKAZE
2026-08-17T21:48:27.544556,37.8648826,32.4838877,1024.01,-0.0131,0.0396,-1.6879,263.0,0.53,0.000,0.000,WAYPOINT_KAMIKAZE
2026-08-17T21:48:28.544532,37.8648820,32.4838816,1024.03,-0.0079,0.0746,-1.7135,261.0,0.69,0.000,0.000,WAYPOINT_KAMIKAZE
2026-08-17T21:48:29.544805,37.8648808,32.4838737,1024.03,-0.0121,0.0536,-1.7082,262.0,0.83,0.000,0.000,WAYPOINT_KAMIKAZE
2026-08-17T21:48:30.544514,37.8648796,32.4838644,1024.06,-0.0114,0.0562,-1.6922,263.0,0.85,0.000,0.000,WAYPOINT_KAMIKAZE
2026-08-17T21:48:31.544611,37.8648783,32.4838552,1024.06,-0.0134,0.0537,-1.6464,265.0,0.88,0.000,0.000,WAYPOINT_KAMIKAZE
2026-08-17T21:48:32.544573,37.8648777,32.4838451,1024.06,-0.0161,0.0532,-1.5207,272.0,0.89,0.000,0.000,WAYPOINT_KAMIKAZE
2026-08-17T21:48:33.544506,37.8648784,32.4838353,1024.07,-0.0153,0.0525,-1.3076,285.0,0.89,0.000,0.000,WAYPOINT_KAMIKAZE
2026-08-17T21:48:34.544688,37.8648807,32.4838256,1024.04,-0.0153,0.0541,-1.0725,298.0,0.90,0.000,0.000,WAYPOINT_KAMIKAZE
2026-08-17T21:48:35.544610,37.8648848,32.4838165,1024.02,-0.0135,0.0505,-0.8683,310.0,0.91,0.000,0.000,WAYPOINT_KAMIKAZE
2026-08-17T21:48:36.544536,37.8648900,32.4838081,1024.04,-0.0092,0.0495,-0.7586,316.0,0.89,0.000,0.000,WAYPOINT_KAMIKAZE
2026-08-17T21:48:37.544630,37.8648954,32.4838006,1024.03,-0.0118,0.0506,-0.6907,320.0,0.90,0.000,0.000,WAYPOINT_KAMIKAZE
2026-08-17T21:48:38.544662,37.8649017,32.4837936,1024.00,-0.0098,0.0530,-0.6043,325.0,0.91,0.000,0.000,WAYPOINT_KAMIKAZE
2026-08-17T21:48:39.544723,37.8649084,32.4837877,1023.99,-0.0110,0.0509,-0.5124,330.0,0.92,0.000,0.000,WAYPOINT_KAMIKAZE
2026-08-17T21:48:40.544610,37.8649154,32.4837827,1023.98,-0.0110,0.0502,-0.4192,335.0,0.91,0.000,0.000,WAYPOINT_KAMIKAZE
2026-08-17T21:48:41.544570,37.8649225,32.4837785,1023.98,-0.0106,0.0507,-0.3307,341.0,0.89,0.000,0.000,WAYPOINT_KAMIKAZE
2026-08-17T21:48:42.544343,37.8649297,32.4837750,1024.01,-0.0074,0.0483,-0.3052,342.0,0.87,0.950,0.000,WAYPOINT_KAMIKAZE
2026-08-17T21:48:43.544629,37.8649366,32.4837715,1024.02,-0.0117,0.0693,-0.4009,337.0,0.76,0.000,0.000,WAYPOINT_KAMIKAZE
2026-08-17T21:48:44.544591,37.8649425,32.4837682,1024.02,-0.0120,0.0709,-0.4040,336.0,0.52,0.000,0.000,WAYPOINT_KAMIKAZE
2026-08-17T21:48:45.544566,37.8649466,32.4837676,1024.04,-0.0171,0.0391,0.0317,1.0,0.34,0.000,0.000,WAYPOINT_KAMIKAZE
2026-08-17T21:48:46.544583,37.8649468,32.4837699,1024.04,-0.0082,0.0595,0.6610,37.0,0.32,0.000,0.000,WAYPOINT_KAMIKAZE
2026-08-17T21:48:47.544436,37.8649477,32.4837713,1024.03,-0.0079,0.0752,1.1867,67.0,0.23,0.000,1.000,WAYPOINT_KAMIKAZE
2026-08-17T21:48:48.544532,37.8649499,32.4837728,1024.02,0.0028,0.0378,1.1056,63.0,0.37,0.000,1.000,WAYPOINT_KAMIKAZE
2026-08-17T21:48:49.544649,37.8649534,32.4837746,1024.01,0.0036,0.0452,0.6832,39.0,0.45,0.000,0.000,WAYPOINT_KAMIKAZE
2026-08-17T21:48:50.544597,37.8649568,32.4837768,1024.05,-0.0135,0.0640,0.4749,27.0,0.47,0.000,0.000,WAYPOINT_KAMIKAZE
2026-08-17T21:48:51.544660,37.8649596,32.4837806,1024.03,-0.0180,0.0186,0.9040,51.0,0.30,0.000,0.000,WAYPOINT_KAMIKAZE
2026-08-17T21:48:52.544368,37.8649588,32.4837820,1024.02,0.0003,0.0570,1.5315,87.0,0.11,0.000,1.000,WAYPOINT_KAMIKAZE
2026-08-17T21:48:53.544474,37.8649604,32.4837819,1024.02,0.0020,0.0261,1.4147,81.0,0.40,0.950,0.000,WAYPOINT_KAMIKAZE
2026-08-17T21:48:54.544511,37.8649631,32.4837846,1024.03,-0.0150,0.0883,1.2311,70.0,0.43,0.000,0.000,WAYPOINT_KAMIKAZE
2026-08-17T21:48:55.544645,37.8649636,32.4837895,1024.01,-0.0128,0.0434,1.5372,88.0,0.28,0.000,0.000,WAYPOINT_KAMIKAZE
2026-08-17T21:48:56.544359,37.8649621,32.4837913,1024.00,0.0118,0.0603,2.1656,124.0,0.10,0.000,1.000,WAYPOINT_KAMIKAZE
2026-08-17T21:48:57.544483,37.8649633,32.4837917,1024.03,-0.0037,0.0241,2.1011,120.0,0.38,0.000,1.000,WAYPOINT_KAMIKAZE
2026-08-17T21:48:58.544563,37.8649652,32.4837958,1024.02,-0.0160,0.0794,1.7570,100.0,0.44,0.000,0.000,WAYPOINT_KAMIKAZE
2026-08-17T21:48:59.544649,37.8649652,32.4837999,1024.02,-0.0303,0.0525,1.7795,101.0,0.38,0.000,0.000,WAYPOINT_KAMIKAZE
2026-08-17T21:49:00.544687,37.8649634,32.4838028,1024.02,-0.0160,0.0422,2.3306,133.0,0.26,0.000,0.000,WAYPOINT_KAMIKAZE
2026-08-17T21:49:01.544228,37.8649625,32.4838020,1024.01,-0.0040,0.0794,2.9071,166.0,0.13,0.000,1.000,WAYPOINT_KAMIKAZE
2026-08-17T21:49:02.544339,37.8649623,32.4838044,1024.00,-0.0054,0.0264,2.7433,157.0,0.35,0.000,1.000,WAYPOINT_KAMIKAZE
2026-08-17T21:49:03.544513,37.8649613,32.4838080,1024.03,-0.0101,0.0478,2.3333,133.0,0.39,0.000,0.000,WAYPOINT_KAMIKAZE
2026-08-17T21:49:04.544636,37.8649604,32.4838107,1024.07,-0.0120,0.0919,2.1908,125.0,0.46,0.000,0.000,WAYPOINT_KAMIKAZE
2026-08-17T21:49:05.544745,37.8649569,32.4838144,1024.07,-0.0113,0.0772,2.5031,143.0,0.82,0.000,0.000,WAYPOINT_KAMIKAZE
2026-08-17T21:49:06.544540,37.8649508,32.4838196,1024.06,-0.0130,0.0481,2.8152,161.0,0.91,0.000,0.000,WAYPOINT_KAMIKAZE
2026-08-17T21:49:07.544535,37.8649435,32.4838230,1024.07,-0.0116,0.0498,3.0000,171.0,0.89,0.000,0.000,WAYPOINT_KAMIKAZE
2026-08-17T21:49:08.544334,37.8649359,32.4838250,1024.09,-0.0168,0.0472,3.1217,178.0,0.82,0.000,-1.000,WAYPOINT_KAMIKAZE
2026-08-17T21:49:09.544220,37.8649288,32.4838255,1024.11,-0.0131,0.0562,-3.0046,187.0,0.72,0.950,0.000,WAYPOINT_KAMIKAZE
2026-08-17T21:49:10.544663,37.8649224,32.4838254,1024.11,-0.0085,0.0453,-2.9790,189.0,0.58,0.000,0.000,WAYPOINT_KAMIKAZE
2026-08-17T21:49:11.544559,37.8649167,32.4838253,1024.11,-0.0092,0.0613,-2.9997,188.0,0.74,0.000,0.000,WAYPOINT_KAMIKAZE
2026-08-17T21:49:12.544561,37.8649096,32.4838254,1024.10,-0.0093,0.0545,-3.0253,186.0,0.81,0.000,0.000,WAYPOINT_KAMIKAZE
2026-08-17T21:49:13.544662,37.8649022,32.4838256,1024.09,-0.0157,0.0525,-2.9781,189.0,0.82,0.000,0.000,WAYPOINT_KAMIKAZE
2026-08-17T21:49:14.544678,37.8648948,32.4838252,1024.07,-0.0084,0.0551,-2.9893,188.0,0.85,0.000,0.000,WAYPOINT_KAMIKAZE
2026-08-17T21:49:15.544574,37.8648871,32.4838251,1024.06,-0.0098,0.0548,-3.0082,187.0,0.88,0.000,0.000,WAYPOINT_KAMIKAZE
2026-08-17T21:49:16.544552,37.8648793,32.4838251,1024.06,-0.0144,0.0425,-2.9320,192.0,0.77,0.000,0.000,WAYPOINT_KAMIKAZE
2026-08-17T21:49:17.544692,37.8648728,32.4838250,1024.06,-0.0097,0.0607,-2.8857,194.0,0.55,0.000,0.000,WAYPOINT_KAMIKAZE
2026-08-17T21:49:18.544257,37.8648690,32.4838241,1024.03,0.0087,0.0833,-2.5075,216.0,0.13,0.950,0.000,WAYPOINT_KAMIKAZE
2026-08-17T21:49:19.544608,37.8648685,32.4838225,1024.05,-0.0088,0.0390,-2.1611,236.0,0.28,0.000,0.000,WAYPOINT_KAMIKAZE
2026-08-17T21:49:20.544822,37.8648660,32.4838197,1024.07,-0.0112,0.0787,-1.9847,246.0,0.35,0.000,0.000,WAYPOINT_KAMIKAZE
2026-08-17T21:49:21.544566,37.8648643,32.4838159,1024.05,-0.0061,0.0412,-1.5120,273.0,0.24,0.000,0.000,WAYPOINT_KAMIKAZE
2026-08-17T21:49:22.544766,37.8648647,32.4838143,1024.06,0.0040,0.0736,-0.8705,310.0,0.21,0.000,0.000,WAYPOINT_KAMIKAZE
2026-08-17T21:49:23.544666,37.8648656,32.4838129,1024.05,-0.0217,0.0414,-0.2587,345.0,0.27,0.000,0.000,WAYPOINT_KAMIKAZE
2026-08-17T21:49:24.544777,37.8648675,32.4838119,1024.04,-0.0224,0.0360,0.4366,25.0,0.25,0.000,0.000,WAYPOINT_KAMIKAZE
2026-08-17T21:49:25.544626,37.8648695,32.4838124,1024.02,-0.0242,0.0666,0.9180,52.0,0.27,0.000,0.000,WAYPOINT_KAMIKAZE
2026-08-17T21:49:26.544656,37.8648726,32.4838150,1024.02,-0.0202,0.0616,1.0979,62.0,0.38,0.000,0.000,WAYPOINT_KAMIKAZE
2026-08-17T21:49:27.544650,37.8648756,32.4838194,1023.99,-0.0168,0.0735,1.1639,66.0,0.47,0.000,0.000,WAYPOINT_KAMIKAZE
2026-08-17T21:49:28.544643,37.8648779,32.4838246,1023.98,-0.0122,0.0574,1.0909,62.0,0.52,0.000,0.000,WAYPOINT_KAMIKAZE
2026-08-17T21:49:29.544559,37.8648800,32.4838292,1023.98,-0.0045,0.0598,0.9478,54.0,0.38,0.000,0.000,WAYPOINT_KAMIKAZE
2026-08-17T21:49:30.544558,37.8648815,32.4838301,1023.99,-0.0097,0.0429,0.4418,25.0,0.35,0.000,0.000,WAYPOINT_KAMIKAZE
2026-08-17T21:49:31.544650,37.8648818,32.4838281,1024.03,-0.0047,0.0371,-0.1550,351.0,0.29,0.000,0.000,WAYPOINT_KAMIKAZE
2026-08-17T21:49:32.544639,37.8648821,32.4838272,1024.06,-0.0016,0.0563,-0.7481,317.0,0.25,0.000,0.000,WAYPOINT_KAMIKAZE
2026-08-17T21:49:33.544805,37.8648822,32.4838259,1024.08,-0.0175,0.0607,-1.2247,289.0,0.23,0.000,0.000,WAYPOINT_KAMIKAZE
2026-08-17T21:49:34.544543,37.8648833,32.4838237,1024.08,-0.0230,0.0718,-1.4281,278.0,0.23,0.000,0.000,WAYPOINT_KAMIKAZE
2026-08-17T21:49:35.544607,37.8648838,32.4838205,1024.07,-0.0240,0.0352,-1.5343,272.0,0.16,0.000,0.000,WAYPOINT_KAMIKAZE
2026-08-17T21:49:36.544699,37.8648842,32.4838194,1024.04,-0.0199,0.0430,-1.4595,276.0,0.14,0.000,0.000,WAYPOINT_KAMIKAZE
2026-08-17T21:49:37.544650,37.8648840,32.4838225,1024.02,-0.0190,0.0391,-1.3684,281.0,0.49,0.000,0.000,WAYPOINT_KAMIKAZE
2026-08-17T21:49:38.544623,37.8648832,32.4838288,1024.00,-0.0155,-0.0049,-1.2908,286.0,0.50,0.000,0.000,WAYPOINT_KAMIKAZE
2026-08-17T21:49:39.544536,37.8648825,32.4838346,1023.99,-0.0178,-0.0111,-1.1804,292.0,0.52,0.000,0.000,WAYPOINT_KAMIKAZE
2026-08-17T21:49:40.544583,37.8648815,32.4838405,1023.98,-0.0079,-0.0234,-1.1649,293.0,0.44,0.000,0.000,WAYPOINT_KAMIKAZE
2026-08-17T21:49:41.544615,37.8648815,32.4838456,1023.97,-0.0117,-0.0075,-1.1403,294.0,0.48,0.000,0.000,WAYPOINT_KAMIKAZE
2026-08-17T21:49:42.544547,37.8648816,32.4838514,1023.96,0.0073,0.0088,-1.1058,296.0,0.44,0.000,0.000,WAYPOINT_KAMIKAZE
2026-08-17T21:49:43.544504,37.8648818,32.4838569,1023.95,-0.0173,0.0136,-1.0761,298.0,0.46,0.000,0.000,WAYPOINT_KAMIKAZE
2026-08-17T21:49:44.544526,37.8648814,32.4838628,1023.94,-0.0185,0.0058,-1.0403,300.0,0.47,0.000,0.000,WAYPOINT_KAMIKAZE
2026-08-17T21:49:45.544636,37.8648809,32.4838688,1023.94,-0.0115,0.0001,-0.9585,305.0,0.44,0.000,0.000,WAYPOINT_KAMIKAZE
2026-08-17T21:49:46.544651,37.8648804,32.4838742,1023.91,-0.0028,0.0224,-0.9006,308.0,0.40,0.000,0.000,WAYPOINT_KAMIKAZE
2026-08-17T21:49:47.544710,37.8648798,32.4838787,1023.92,-0.0064,-0.0060,-0.9431,305.0,0.31,0.000,1.000,WAYPOINT_KAMIKAZE
2026-08-17T21:49:48.544546,37.8648805,32.4838829,1023.94,-0.0106,0.0010,-0.9311,306.0,0.36,0.950,0.000,WAYPOINT_KAMIKAZE
2026-08-17T21:49:49.544644,37.8648805,32.4838874,1023.93,-0.0035,-0.0093,-0.9456,305.0,0.34,0.000,0.000,WAYPOINT_KAMIKAZE
2026-08-17T21:49:50.544588,37.8648811,32.4838914,1023.95,-0.0054,0.0065,-0.8838,309.0,0.33,0.000,0.000,WAYPOINT_KAMIKAZE
2026-08-17T21:49:51.544641,37.8648811,32.4838950,1023.97,-0.0062,0.0127,-0.9692,304.0,0.29,0.000,0.000,WAYPOINT_KAMIKAZE
2026-08-17T21:49:52.544621,37.8648814,32.4838986,1024.00,-0.0128,0.0187,-1.0337,300.0,0.26,0.000,0.000,WAYPOINT_KAMIKAZE
2026-08-17T21:49:53.544708,37.8648821,32.4839015,1023.97,-0.0208,0.0709,-0.9873,303.0,0.24,0.000,0.000,WAYPOINT_KAMIKAZE
2026-08-17T21:49:54.544540,37.8648829,32.4839039,1023.97,-0.0206,0.0660,-0.9722,304.0,0.23,0.000,0.000,WAYPOINT_KAMIKAZE
2026-08-17T21:49:55.544610,37.8648827,32.4839064,1023.98,-0.0291,0.0623,-0.9735,304.0,0.19,0.000,0.000,WAYPOINT_KAMIKAZE
2026-08-17T21:49:56.544585,37.8648823,32.4839085,1023.96,-0.0119,0.0369,-1.1566,293.0,0.13,0.000,-1.000,WAYPOINT_KAMIKAZE
2026-08-17T21:49:57.544493,37.8648827,32.4839102,1023.95,-0.0352,0.0450,-1.2492,288.0,0.11,0.000,-1.000,WAYPOINT_KAMIKAZE
2026-08-17T21:49:58.544497,37.8648838,32.4839113,1023.95,-0.0158,0.0742,-1.3331,283.0,0.08,0.000,-1.000,WAYPOINT_KAMIKAZE
2026-08-17T21:49:59.544575,37.8648837,32.4839123,1023.97,-0.0145,0.0563,-1.4340,277.0,0.07,0.000,0.000,WAYPOINT_KAMIKAZE
2026-08-17T21:50:00.544651,37.8648838,32.4839128,1023.98,-0.0180,0.0607,-1.4745,275.0,0.02,0.000,0.000,WAYPOINT_KAMIKAZE
2026-08-17T21:50:01.544636,37.8648837,32.4839129,1023.94,-0.0307,-0.0053,-1.5377,271.0,0.02,0.000,0.000,WAYPOINT_KAMIKAZE
2026-08-17T21:50:02.544675,37.8648839,32.4839130,1023.95,-0.0413,-0.0226,-1.5383,271.0,0.04,0.000,0.000,WAYPOINT_KAMIKAZE
2026-08-17T21:50:03.544511,37.8648843,32.4839127,1023.96,-0.0320,0.0184,-1.5388,271.0,0.03,0.000,0.000,WAYPOINT_KAMIKAZE
2026-08-17T21:50:04.544578,37.8648843,32.4839126,1023.95,-0.0353,0.0043,-1.6015,268.0,0.05,0.000,0.000,WAYPOINT_KAMIKAZE
2026-08-17T21:50:05.544621,37.8648846,32.4839120,1023.93,-0.0351,0.0046,-1.5963,268.0,0.03,0.000,0.000,WAYPOINT_KAMIKAZE
2026-08-17T21:50:06.544513,37.8648848,32.4839117,1023.90,-0.0077,0.0642,-1.5945,268.0,0.02,0.000,0.000,WAYPOINT_KAMIKAZE
2026-08-17T21:50:07.544678,37.8648848,32.4839117,1023.92,-0.0060,0.0643,-1.6273,266.0,0.06,0.000,0.000,WAYPOINT_KAMIKAZE
2026-08-17T21:50:08.544655,37.8648847,32.4839114,1023.92,-0.0052,0.0662,-1.6882,263.0,0.04,0.000,0.000,WAYPOINT_KAMIKAZE
2026-08-17T21:50:09.544343,37.8648849,32.4839111,1023.95,-0.0053,0.0763,-1.7130,261.0,0.02,0.000,1.000,WAYPOINT_KAMIKAZE
2026-08-17T21:50:10.544503,37.8648852,32.4839107,1023.96,-0.0080,0.0740,-1.7318,260.0,0.03,0.000,1.000,WAYPOINT_KAMIKAZE
2026-08-17T21:50:11.544279,37.8648855,32.4839108,1023.96,-0.0054,0.0757,-1.7535,259.0,0.00,0.000,1.000,WAYPOINT_KAMIKAZE
2026-08-17T21:50:12.544511,37.8648858,32.4839107,1023.97,-0.0071,0.0773,-1.7768,258.0,0.01,0.000,1.000,WAYPOINT_KAMIKAZE
2026-08-17T21:50:13.544503,37.8648861,32.4839103,1023.99,-0.0068,0.0772,-1.8014,256.0,0.02,0.000,1.000,WAYPOINT_KAMIKAZE
2026-08-17T21:50:14.544771,37.8648864,32.4839102,1024.00,-0.0096,0.0758,-1.8243,255.0,0.01,0.000,1.000,WAYPOINT_KAMIKAZE
2026-08-17T21:50:15.544324,37.8648866,32.4839101,1024.00,-0.0088,0.0749,-1.8453,254.0,0.02,0.000,1.000,WAYPOINT_KAMIKAZE
2026-08-17T21:50:16.544352,37.8648869,32.4839100,1023.98,-0.0108,0.0723,-1.8663,253.0,0.02,0.000,1.000,WAYPOINT_KAMIKAZE
2026-08-17T21:50:17.544367,37.8648871,32.4839100,1023.98,-0.0088,0.0736,-1.8858,251.0,0.02,0.000,1.000,WAYPOINT_KAMIKAZE
2026-08-17T21:50:18.544394,37.8648874,32.4839099,1023.99,-0.0081,0.0772,-1.9101,250.0,0.02,0.000,1.000,WAYPOINT_KAMIKAZE
2026-08-17T21:50:19.544269,37.8648874,32.4839099,1024.01,-0.0081,0.0782,-1.9290,249.0,0.03,-0.650,-1.000,WAYPOINT_KAMIKAZE
2026-08-17T21:50:20.544370,37.8648873,32.4839097,1024.02,-0.0071,0.0755,-1.9496,248.0,0.05,0.000,1.000,WAYPOINT_KAMIKAZE
2026-08-17T21:50:21.544384,37.8648871,32.4839097,1024.04,-0.0058,0.0759,-1.9786,246.0,0.06,0.000,1.000,WAYPOINT_KAMIKAZE
2026-08-17T21:50:22.544444,37.8648870,32.4839097,1024.03,-0.0156,0.0742,-2.0039,245.0,0.07,0.000,-1.000,WAYPOINT_KAMIKAZE
2026-08-17T21:50:23.544401,37.8648866,32.4839098,1024.02,-0.0130,0.0682,-2.0319,243.0,0.07,0.000,-1.000,WAYPOINT_KAMIKAZE
2026-08-17T21:50:24.544485,37.8648865,32.4839097,1024.01,-0.0132,0.0660,-2.0591,242.0,0.06,0.000,-1.000,WAYPOINT_KAMIKAZE
2026-08-17T21:50:25.544369,37.8648864,32.4839097,1024.00,-0.0086,0.0719,-2.0919,240.0,0.05,0.000,-1.000,WAYPOINT_KAMIKAZE
2026-08-17T21:50:26.544400,37.8648862,32.4839096,1023.98,-0.0063,0.0788,-2.1316,237.0,0.06,0.000,-1.000,WAYPOINT_KAMIKAZE
2026-08-17T21:50:27.544405,37.8648859,32.4839096,1023.97,-0.0047,0.0836,-2.1777,235.0,0.06,0.000,-1.000,WAYPOINT_KAMIKAZE
2026-08-17T21:50:28.544509,37.8648857,32.4839093,1023.96,-0.0100,0.0663,-2.0554,242.0,0.10,0.000,-1.000,WAYPOINT_KAMIKAZE
2026-08-17T21:50:29.544494,37.8648863,32.4839087,1023.95,-0.0076,0.0690,-1.7716,258.0,0.06,0.000,0.000,WAYPOINT_KAMIKAZE
2026-08-17T21:50:30.544465,37.8648862,32.4839090,1023.93,-0.0050,0.0728,-1.6736,264.0,0.04,0.000,0.000,WAYPOINT_KAMIKAZE
2026-08-17T21:50:31.544419,37.8648860,32.4839089,1023.96,-0.0104,0.0610,-1.6828,263.0,0.05,0.000,0.000,WAYPOINT_KAMIKAZE
2026-08-17T21:50:32.544269,37.8648861,32.4839088,1023.97,-0.0107,0.0561,-1.7381,260.0,0.02,0.000,0.000,WAYPOINT_KAMIKAZE
2026-08-17T21:50:33.544625,37.8648863,32.4839088,1023.99,-0.0146,0.0523,-1.7481,259.0,0.02,0.000,0.000,WAYPOINT_KAMIKAZE
2026-08-17T21:50:34.544340,37.8648864,32.4839087,1023.99,-0.0131,0.0589,-1.7315,260.0,0.02,0.000,0.000,WAYPOINT_KAMIKAZE
2026-08-17T21:50:35.544244,37.8648864,32.4839087,1023.98,-0.0139,0.0587,-1.7538,259.0,0.03,0.000,0.000,WAYPOINT_KAMIKAZE
2026-08-17T21:50:36.544332,37.8648864,32.4839085,1023.99,-0.0127,0.0557,-1.7845,257.0,0.03,0.000,0.000,WAYPOINT_KAMIKAZE
2026-08-17T21:50:37.544458,37.8648866,32.4839081,1023.99,-0.0136,0.0611,-1.7503,259.0,0.02,0.000,0.000,WAYPOINT_KAMIKAZE
2026-08-17T21:50:38.544537,37.8648868,32.4839082,1023.99,-0.0138,0.0631,-1.7642,258.0,0.02,0.000,0.000,WAYPOINT_KAMIKAZE
2026-08-17T21:50:39.544573,37.8648867,32.4839081,1023.98,-0.0115,0.0637,-1.8124,256.0,0.03,0.000,0.000,IDLE
2026-08-17T21:50:40.544569,37.8648865,32.4839081,1023.97,-0.0080,0.0707,-1.8566,253.0,0.03,0.000,0.000,IDLE
2026-08-17T21:50:41.544511,37.8648863,32.4839078,1023.97,0.0024,0.0847,-1.8828,252.0,0.23,0.000,0.000,IDLE
2026-08-17T21:50:42.544643,37.8648860,32.4839046,1023.96,-0.0031,0.0890,-1.7886,257.0,0.39,0.000,0.000,IDLE
2026-08-17T21:50:43.544642,37.8648859,32.4839003,1023.96,-0.0152,0.0687,-1.7549,259.0,0.41,0.000,0.000,IDLE
2026-08-17T21:50:44.544527,37.8648857,32.4838958,1023.96,-0.0045,0.1253,-1.7277,261.0,0.40,0.000,0.000,IDLE
2026-08-17T21:50:45.544509,37.8648851,32.4838907,1023.92,-0.0062,0.0904,-1.6791,263.0,0.59,0.000,0.000,IDLE
2026-08-17T21:50:46.544665,37.8648853,32.4838840,1023.93,-0.0190,0.0776,-1.6929,263.0,0.57,0.000,0.000,IDLE
2026-08-17T21:50:47.544631,37.8648850,32.4838774,1023.94,-0.0246,0.0703,-1.7052,262.0,0.62,0.000,0.000,IDLE
2026-08-17T21:50:48.544669,37.8648853,32.4838701,1023.95,-0.0262,0.0639,-1.6998,262.0,0.60,0.000,0.000,IDLE
2026-08-17T21:50:49.544519,37.8648854,32.4838633,1023.97,-0.0271,0.0718,-1.6621,264.0,0.64,0.000,0.000,IDLE
2026-08-17T21:50:50.544592,37.8648857,32.4838565,1023.98,-0.0176,0.0435,-1.6710,264.0,0.63,0.000,0.000,IDLE
2026-08-17T21:50:51.544642,37.8648863,32.4838494,1023.97,-0.0188,0.0615,-1.6343,266.0,0.66,0.000,0.000,IDLE
2026-08-17T21:50:52.544510,37.8648867,32.4838420,1023.97,-0.0235,0.0658,-1.6065,267.0,0.66,0.000,0.000,IDLE
2026-08-17T21:50:53.544683,37.8648870,32.4838348,1023.97,-0.0160,0.0769,-1.5942,268.0,0.59,0.000,0.000,IDLE
2026-08-17T21:50:54.544706,37.8648873,32.4838281,1023.96,-0.0223,0.0595,-1.6184,267.0,0.59,0.000,0.000,IDLE
2026-08-17T21:50:55.544578,37.8648876,32.4838216,1023.96,-0.0115,0.0751,-1.5751,269.0,0.35,0.000,0.000,IDLE
2026-08-17T21:50:56.544722,37.8648877,32.4838184,1023.91,-0.0163,0.0403,-1.6934,262.0,0.04,0.000,0.000,IDLE
2026-08-17T21:50:57.544639,37.8648879,32.4838186,1023.90,-0.0178,0.0572,-1.6419,265.0,0.03,0.000,0.000,IDLE
2026-08-17T21:50:58.544710,37.8648875,32.4838185,1023.92,-0.0203,0.0670,-1.6516,265.0,0.03,0.000,0.000,IDLE
2026-08-17T21:50:59.544663,37.8648871,32.4838181,1023.90,-0.0246,0.0579,-1.6518,265.0,0.05,0.000,0.000,IDLE
2026-08-17T21:51:00.544647,37.8648870,32.4838178,1023.91,-0.0246,0.0504,-1.6345,266.0,0.04,0.000,0.000,IDLE
2026-08-17T21:51:01.544603,37.8648870,32.4838179,1023.92,-0.0196,0.0505,-1.6348,266.0,0.03,0.000,0.000,IDLE
2026-08-17T21:51:02.544521,37.8648872,32.4838179,1023.95,-0.0329,0.0334,-1.5634,270.0,0.15,0.000,0.000,IDLE
2026-08-17T21:51:03.544563,37.8648885,32.4838158,1023.97,-0.0126,0.0491,-1.1617,293.0,0.40,0.000,0.000,IDLE
2026-08-17T21:51:04.544556,37.8648904,32.4838126,1023.93,-0.0102,0.0774,-0.8824,309.0,0.31,0.000,0.000,IDLE
2026-08-17T21:51:05.544632,37.8648923,32.4838104,1023.90,-0.0101,0.0883,-0.5473,328.0,0.45,0.000,0.000,IDLE
2026-08-17T21:51:06.544636,37.8648967,32.4838099,1023.91,-0.0029,0.0645,-0.3536,339.0,0.47,0.000,0.000,IDLE
2026-08-17T21:51:07.544527,37.8649006,32.4838095,1023.90,-0.0073,0.0830,-0.2610,345.0,0.57,0.000,0.000,IDLE
2026-08-17T21:51:08.544670,37.8649059,32.4838100,1023.89,-0.0070,0.0662,-0.0980,354.0,0.54,0.000,0.000,IDLE
2026-08-17T21:51:09.544655,37.8649106,32.4838111,1023.91,-0.0098,0.0824,-0.0989,354.0,0.63,0.000,0.000,IDLE
2026-08-17T21:51:10.544653,37.8649162,32.4838115,1023.93,0.0017,0.0973,-0.0198,358.0,0.62,0.000,0.000,IDLE
2026-08-17T21:51:11.544575,37.8649214,32.4838128,1023.94,-0.0116,0.0964,0.0687,3.0,0.60,0.000,0.000,IDLE
2026-08-17T21:51:12.544701,37.8649264,32.4838144,1023.94,-0.0056,0.0846,0.1482,8.0,0.70,0.000,0.000,IDLE
2026-08-17T21:51:13.544540,37.8649324,32.4838159,1023.95,-0.0091,0.0856,0.1848,10.0,0.65,0.000,0.000,IDLE
2026-08-17T21:51:14.544667,37.8649377,32.4838176,1023.97,-0.0019,0.0787,0.2214,12.0,0.65,0.000,0.000,IDLE
2026-08-17T21:51:15.544650,37.8649431,32.4838190,1023.98,-0.0126,0.0794,0.2414,13.0,0.67,0.000,0.000,IDLE
2026-08-17T21:51:16.544669,37.8649489,32.4838213,1023.99,-0.0045,0.0920,0.2404,13.0,0.81,0.000,0.000,IDLE
2026-08-17T21:51:17.544493,37.8649557,32.4838233,1024.00,-0.0091,0.0905,0.2686,15.0,0.71,0.000,0.000,IDLE
2026-08-17T21:51:18.544659,37.8649611,32.4838258,1023.98,-0.0113,0.1171,0.3033,17.0,0.39,0.000,0.000,IDLE
2026-08-17T21:51:19.544638,37.8649636,32.4838268,1023.98,-0.0110,0.0984,0.3369,19.0,0.04,0.000,0.000,IDLE
2026-08-17T21:51:20.544700,37.8649637,32.4838267,1023.97,-0.0078,0.1018,0.3648,20.0,0.06,0.000,0.000,IDLE
2026-08-17T21:51:21.544552,37.8649636,32.4838263,1023.97,-0.0120,0.0969,0.3693,21.0,0.08,0.000,0.000,IDLE
2026-08-17T21:51:22.544580,37.8649638,32.4838258,1023.96,-0.0108,0.0996,0.3631,20.0,0.07,0.000,0.000,IDLE
2026-08-17T21:51:23.544628,37.8649640,32.4838258,1023.95,-0.0098,0.0979,0.3706,21.0,0.06,0.000,0.000,IDLE
2026-08-17T21:51:24.544711,37.8649640,32.4838257,1023.98,-0.0091,0.1052,0.3985,22.0,0.05,0.000,0.000,IDLE
2026-08-17T21:51:25.544616,37.8649639,32.4838256,1023.98,-0.0072,0.1026,0.4312,24.0,0.03,0.000,0.000,IDLE
2026-08-17T21:51:26.544981,37.8649639,32.4838258,1023.98,-0.0186,0.0802,0.4743,27.0,0.05,0.000,0.000,IDLE
2026-08-17T21:51:27.544596,37.8649638,32.4838257,1023.99,-0.0114,0.0731,0.4996,28.0,0.05,0.000,0.000,IDLE
2026-08-17T21:51:28.544641,37.8649639,32.4838257,1023.99,-0.0103,0.0816,0.5221,29.0,0.05,0.000,0.000,IDLE
2026-08-17T21:51:29.544615,37.8649639,32.4838257,1024.00,-0.0098,0.0958,0.5309,30.0,0.05,0.000,0.000,IDLE
2026-08-17T21:51:30.544626,37.8649638,32.4838256,1023.98,-0.0037,0.1042,0.5280,30.0,0.06,0.000,0.000,IDLE
2026-08-17T21:51:31.544623,37.8649637,32.4838255,1023.98,-0.0068,0.0989,0.5302,30.0,0.04,0.000,0.000,IDLE
2026-08-17T21:51:32.544688,37.8649633,32.4838255,1024.00,-0.0020,0.1041,0.6306,36.0,0.14,0.000,0.000,IDLE
2026-08-17T21:51:33.544560,37.8649620,32.4838267,1023.98,0.0037,0.1019,0.9202,52.0,0.26,0.000,0.000,IDLE
2026-08-17T21:51:34.544512,37.8649602,32.4838275,1023.98,0.0077,0.1044,1.2908,73.0,0.25,0.000,0.000,IDLE
2026-08-17T21:51:35.545811,37.8649586,32.4838272,1023.97,0.0158,0.1078,1.5914,91.0,0.19,0.000,0.000,IDLE
2026-08-17T21:51:36.544504,37.8649572,32.4838263,1023.95,0.0005,0.1105,1.8436,105.0,0.27,0.000,0.000,IDLE
2026-08-17T21:51:37.544514,37.8649549,32.4838249,1023.95,0.0031,0.0771,2.2624,129.0,0.31,0.000,0.000,IDLE
2026-08-17T21:51:38.544652,37.8649522,32.4838274,1023.95,-0.0086,0.0665,2.4249,138.0,0.48,0.000,0.000,IDLE
2026-08-17T21:51:39.544559,37.8649488,32.4838314,1023.94,-0.0072,0.0720,2.4800,142.0,0.52,0.000,0.000,IDLE
2026-08-17T21:51:40.544660,37.8649447,32.4838353,1023.92,-0.0087,0.0668,2.5072,143.0,0.67,0.000,0.000,IDLE
2026-08-17T21:51:41.544568,37.8649400,32.4838395,1023.92,-0.0110,0.0797,2.5199,144.0,0.63,0.000,0.000,IDLE
2026-08-17T21:51:42.544575,37.8649358,32.4838431,1023.91,-0.0055,0.0935,2.5454,145.0,0.63,0.000,0.000,IDLE
2026-08-17T21:51:43.544554,37.8649315,32.4838468,1023.93,-0.0088,0.1070,2.5413,145.0,0.67,0.000,0.000,IDLE
2026-08-17T21:51:44.544491,37.8649270,32.4838511,1023.95,-0.0002,0.0949,2.5585,146.0,0.67,0.000,0.000,IDLE
2026-08-17T21:51:45.544592,37.8649226,32.4838553,1023.96,-0.0057,0.1016,2.4889,142.0,0.66,0.000,0.000,IDLE
2026-08-17T21:51:46.544546,37.8649185,32.4838604,1023.95,0.0005,0.1091,2.4427,139.0,0.67,0.000,0.000,IDLE
2026-08-17T21:51:47.544649,37.8649145,32.4838656,1023.96,-0.0140,0.0978,2.3931,137.0,0.63,0.000,0.000,IDLE
2026-08-17T21:51:48.544528,37.8649105,32.4838707,1023.97,0.0003,0.0944,2.3828,136.0,0.66,0.000,0.000,IDLE
2026-08-17T21:51:49.544570,37.8649071,32.4838767,1023.96,-0.0056,0.1072,2.2886,131.0,0.61,0.000,0.000,IDLE
2026-08-17T21:51:50.544747,37.8649042,32.4838820,1023.96,-0.0031,0.1016,2.2624,129.0,0.49,0.000,0.000,IDLE
2026-08-17T21:51:51.544621,37.8649014,32.4838868,1023.98,-0.0049,0.0781,2.3216,133.0,0.61,0.000,0.000,IDLE
2026-08-17T21:51:52.544516,37.8648981,32.4838925,1023.99,-0.0270,0.1017,2.4763,141.0,0.42,0.000,0.000,IDLE
2026-08-17T21:51:53.544644,37.8648962,32.4838958,1023.97,-0.0345,0.1266,3.0828,176.0,0.07,0.000,0.000,IDLE
2026-08-17T21:51:54.544538,37.8648962,32.4838979,1023.94,-0.0180,0.1009,-2.6752,206.0,0.12,0.000,0.000,IDLE
2026-08-17T21:51:55.544642,37.8648953,32.4839007,1023.91,0.0002,0.0561,-2.3288,226.0,0.27,0.000,0.000,IDLE
2026-08-17T21:51:56.544542,37.8648947,32.4839040,1023.93,0.0022,0.0366,-1.8842,252.0,0.28,0.000,0.000,IDLE
2026-08-17T21:51:57.544607,37.8648929,32.4839071,1023.93,-0.0003,0.0435,-1.5597,270.0,0.21,0.000,0.000,IDLE
2026-08-17T21:51:58.544526,37.8648915,32.4839079,1023.94,-0.0082,0.0514,-1.3901,280.0,0.18,0.000,0.000,IDLE
2026-08-17T21:51:59.544690,37.8648902,32.4839070,1023.96,-0.0122,0.0644,-1.3478,282.0,0.18,0.000,0.000,IDLE
2026-08-17T21:52:00.544549,37.8648897,32.4839060,1023.96,-0.0112,0.0683,-1.3098,284.0,0.16,0.000,0.000,IDLE
2026-08-17T21:52:01.544555,37.8648901,32.4839055,1023.94,-0.0070,0.0768,-1.2745,286.0,0.10,0.000,0.000,IDLE
2026-08-17T21:52:02.544580,37.8648905,32.4839055,1023.97,-0.0088,0.0743,-1.2449,288.0,0.09,0.000,0.000,IDLE
2026-08-17T21:52:03.544641,37.8648906,32.4839054,1023.97,-0.0088,0.0708,-1.2201,290.0,0.07,0.000,0.000,IDLE
2026-08-17T21:52:04.544663,37.8648908,32.4839055,1023.97,-0.0118,0.0711,-1.2033,291.0,0.06,0.000,0.000,IDLE
2026-08-17T21:52:05.544558,37.8648908,32.4839055,1023.97,-0.0101,0.0702,-1.1906,291.0,0.04,0.000,0.000,IDLE
2026-08-17T21:52:06.544558,37.8648907,32.4839057,1023.95,-0.0112,0.0746,-1.1808,292.0,0.04,0.000,0.000,IDLE
2026-08-17T21:52:07.544637,37.8648905,32.4839057,1023.91,-0.0082,0.0762,-1.1733,292.0,0.04,0.000,0.000,IDLE
2026-08-17T21:52:08.544647,37.8648906,32.4839057,1023.91,-0.0061,0.0726,-1.1667,293.0,0.04,0.000,0.000,IDLE
2026-08-17T21:52:09.544538,37.8648904,32.4839058,1023.89,-0.0115,0.0731,-1.1618,293.0,0.04,0.000,0.000,IDLE
2026-08-17T21:52:10.544558,37.8648903,32.4839060,1023.90,-0.0120,0.0745,-1.1597,293.0,0.04,0.000,0.000,IDLE
2026-08-17T21:52:11.544653,37.8648903,32.4839061,1023.90,-0.0148,0.0776,-1.1598,293.0,0.04,0.000,0.000,IDLE
2026-08-17T21:52:12.544712,37.8648903,32.4839060,1023.87,-0.0153,0.0771,-1.1617,293.0,0.04,0.000,0.000,IDLE
2026-08-17T21:52:13.544648,37.8648902,32.4839060,1023.89,-0.0131,0.0763,-1.1663,293.0,0.04,0.000,0.000,IDLE
2026-08-17T21:52:14.544590,37.8648901,32.4839062,1023.90,-0.0105,0.0737,-1.1729,292.0,0.05,0.000,0.000,IDLE
2026-08-17T21:52:15.544620,37.8648897,32.4839063,1023.89,-0.0095,0.0761,-1.1796,292.0,0.06,0.000,0.000,IDLE
2026-08-17T21:52:16.544683,37.8648894,32.4839064,1023.88,-0.0077,0.0746,-1.1842,292.0,0.07,0.000,0.000,IDLE
2026-08-17T21:52:17.544495,37.8648892,32.4839066,1023.89,-0.0080,0.0737,-1.1874,291.0,0.08,0.000,0.000,IDLE
2026-08-17T21:52:18.544526,37.8648890,32.4839067,1023.89,-0.0101,0.0736,-1.1910,291.0,0.07,0.000,0.000,IDLE
2026-08-17T21:52:19.544605,37.8648890,32.4839068,1023.89,-0.0089,0.0732,-1.1946,291.0,0.06,0.000,0.000,IDLE
2026-08-17T21:52:20.544570,37.8648888,32.4839070,1023.90,-0.0078,0.0750,-1.1999,291.0,0.06,0.000,0.000,IDLE
2026-08-17T21:52:21.544671,37.8648888,32.4839072,1023.89,-0.0062,0.0771,-1.2081,290.0,0.04,0.000,0.000,IDLE
2026-08-17T21:52:22.544718,37.8648889,32.4839071,1023.91,-0.0061,0.0766,-1.2212,290.0,0.04,0.000,0.000,IDLE
2026-08-17T21:52:23.544557,37.8648888,32.4839072,1023.93,-0.0090,0.0783,-1.2382,289.0,0.04,0.000,0.000,IDLE
2026-08-17T21:52:24.544513,37.8648887,32.4839071,1023.92,-0.0114,0.0784,-1.2567,288.0,0.05,0.000,0.000,IDLE
2026-08-17T21:52:25.544509,37.8648884,32.4839071,1023.90,-0.0122,0.0760,-1.2798,286.0,0.06,0.000,0.000,IDLE
2026-08-17T21:52:26.544758,37.8648883,32.4839071,1023.88,-0.0107,0.0733,-1.3038,285.0,0.05,0.000,0.000,IDLE
2026-08-17T21:52:27.544707,37.8648882,32.4839070,1023.86,-0.0117,0.0726,-1.3290,283.0,0.06,0.000,0.000,IDLE
2026-08-17T21:52:28.544541,37.8648880,32.4839068,1023.87,-0.0094,0.0725,-1.3548,282.0,0.06,0.000,0.000,IDLE
2026-08-17T21:52:29.544686,37.8648878,32.4839066,1023.88,-0.0085,0.0722,-1.3790,280.0,0.06,0.000,0.000,IDLE
2026-08-17T21:52:30.544527,37.8648875,32.4839066,1023.92,-0.0080,0.0740,-1.4057,279.0,0.06,0.000,0.000,IDLE
2026-08-17T21:52:31.544673,37.8648874,32.4839066,1023.93,-0.0093,0.0760,-1.4322,277.0,0.06,0.000,0.000,IDLE
2026-08-17T21:52:32.544503,37.8648872,32.4839066,1023.93,-0.0080,0.0762,-1.4607,276.0,0.05,0.000,0.000,IDLE
2026-08-17T21:52:33.544547,37.8648871,32.4839066,1023.94,-0.0094,0.0751,-1.4897,274.0,0.05,0.000,0.000,IDLE
2026-08-17T21:52:34.544549,37.8648871,32.4839066,1023.94,-0.0084,0.0749,-1.5177,273.0,0.05,0.000,0.000,IDLE
2026-08-17T21:52:35.544712,37.8648871,32.4839064,1023.91,-0.0127,0.0752,-1.5455,271.0,0.04,0.000,0.000,IDLE
2026-08-17T21:52:36.544611,37.8648868,32.4839061,1023.91,-0.0095,0.0738,-1.5725,269.0,0.05,0.000,0.000,IDLE
2026-08-17T21:52:37.544549,37.8648866,32.4839058,1023.91,-0.0129,0.0744,-1.5961,268.0,0.06,0.000,0.000,IDLE
2026-08-17T21:52:38.544541,37.8648864,32.4839056,1023.90,-0.0036,0.0761,-1.6226,267.0,0.05,0.000,0.000,IDLE
2026-08-17T21:52:39.544598,37.8648861,32.4839052,1023.91,-0.0087,0.0766,-1.6416,265.0,0.07,0.000,0.000,IDLE
2026-08-17T21:52:40.544656,37.8648859,32.4839049,1023.92,-0.0121,0.0744,-1.6588,264.0,0.07,0.000,0.000,IDLE
2026-08-17T21:52:41.544618,37.8648856,32.4839046,1023.90,-0.0126,0.0709,-1.6722,264.0,0.07,0.000,0.000,IDLE
2026-08-17T21:52:42.544530,37.8648853,32.4839043,1023.89,-0.0088,0.0715,-1.6823,263.0,0.06,0.000,0.000,IDLE
2026-08-17T21:52:43.544674,37.8648851,32.4839039,1023.90,-0.0080,0.0747,-1.6898,263.0,0.06,0.000,0.000,IDLE
2026-08-17T21:52:44.544636,37.8648848,32.4839036,1023.90,-0.0092,0.0743,-1.6945,262.0,0.06,0.000,0.000,IDLE
2026-08-17T21:52:45.544547,37.8648846,32.4839033,1023.89,-0.0108,0.0733,-1.6935,262.0,0.07,0.000,0.000,IDLE
2026-08-17T21:52:46.544523,37.8648843,32.4839031,1023.88,-0.0076,0.0727,-1.6897,263.0,0.06,0.000,0.000,IDLE
2026-08-17T21:52:47.544527,37.8648842,32.4839029,1023.88,-0.0087,0.0772,-1.6803,263.0,0.05,0.000,0.000,IDLE
2026-08-17T21:52:48.544717,37.8648841,32.4839026,1023.88,-0.0067,0.0781,-1.6679,264.0,0.04,0.000,0.000,IDLE
2026-08-17T21:52:49.544668,37.8648840,32.4839021,1023.87,-0.0089,0.0769,-1.6520,265.0,0.05,0.000,0.000,IDLE
2026-08-17T21:52:50.544555,37.8648838,32.4839017,1023.88,-0.0068,0.0769,-1.6330,266.0,0.05,0.000,0.000,IDLE
2026-08-17T21:52:51.544521,37.8648836,32.4839013,1023.89,-0.0083,0.0732,-1.6130,267.0,0.05,0.000,0.000,IDLE
2026-08-17T21:52:52.544510,37.8648835,32.4839008,1023.90,-0.0093,0.0717,-1.5894,268.0,0.05,0.000,0.000,IDLE
2026-08-17T21:52:53.544570,37.8648834,32.4839003,1023.90,-0.0077,0.0738,-1.5647,270.0,0.05,0.000,0.000,IDLE
2026-08-17T21:52:54.544650,37.8648833,32.4839001,1023.90,-0.0079,0.0763,-1.5391,271.0,0.04,0.000,0.000,IDLE
2026-08-17T21:52:55.544497,37.8648833,32.4838999,1023.91,-0.0058,0.0777,-1.5131,273.0,0.03,0.000,0.000,IDLE
2026-08-17T21:52:56.544628,37.8648832,32.4838995,1023.91,-0.0055,0.0776,-1.4860,274.0,0.03,0.000,0.000,IDLE
2026-08-17T21:52:57.544785,37.8648832,32.4838992,1023.91,-0.0058,0.0739,-1.4591,276.0,0.03,0.000,0.000,IDLE
2026-08-17T21:52:58.544690,37.8648832,32.4838988,1023.92,-0.0075,0.0709,-1.4307,278.0,0.03,0.000,0.000,IDLE
2026-08-17T21:52:59.544537,37.8648832,32.4838984,1023.92,-0.0068,0.0707,-1.4003,279.0,0.04,0.000,0.000,IDLE
2026-08-17T21:53:00.544518,37.8648833,32.4838980,1023.91,-0.0085,0.0731,-1.3701,281.0,0.04,0.000,0.000,IDLE
2026-08-17T21:53:01.544675,37.8648835,32.4838975,1023.92,-0.0066,0.0771,-1.3379,283.0,0.04,0.000,0.000,IDLE
2026-08-17T21:53:02.544676,37.8648835,32.4838971,1023.92,-0.0076,0.0798,-1.3060,285.0,0.04,0.000,0.000,IDLE
2026-08-17T21:53:03.544736,37.8648835,32.4838967,1023.93,-0.0056,0.0802,-1.2728,287.0,0.03,0.000,0.000,IDLE
2026-08-17T21:53:04.544535,37.8648836,32.4838965,1023.93,-0.0059,0.0749,-1.2402,288.0,0.03,0.000,0.000,IDLE
2026-08-17T21:53:05.544630,37.8648837,32.4838961,1023.92,-0.0073,0.0672,-1.2072,290.0,0.04,0.000,0.000,IDLE
2026-08-17T21:53:06.544664,37.8648837,32.4838957,1023.90,-0.0073,0.0652,-1.1728,292.0,0.04,0.000,0.000,IDLE
2026-08-17T21:53:07.544654,37.8648836,32.4838954,1023.91,-0.0081,0.0703,-1.1370,294.0,0.05,0.000,0.000,IDLE
2026-08-17T21:53:08.544658,37.8648837,32.4838949,1023.89,-0.0087,0.0802,-1.1012,296.0,0.05,0.000,0.000,IDLE
2026-08-17T21:53:09.544553,37.8648840,32.4838946,1023.85,-0.0071,0.0855,-1.0652,298.0,0.04,0.000,0.000,IDLE
2026-08-17T21:53:10.544671,37.8648841,32.4838945,1023.84,-0.0087,0.0821,-1.0277,301.0,0.03,0.000,0.000,IDLE
2026-08-17T21:53:11.544649,37.8648842,32.4838944,1023.83,-0.0065,0.0752,-0.9913,303.0,0.02,0.000,0.000,IDLE
2026-08-17T21:53:12.544543,37.8648845,32.4838943,1023.82,-0.0088,0.0711,-0.9546,305.0,0.03,0.000,0.000,IDLE
2026-08-17T21:53:13.544674,37.8648847,32.4838942,1023.85,-0.0071,0.0691,-0.9192,307.0,0.03,0.000,0.000,IDLE
2026-08-17T21:53:14.544654,37.8648847,32.4838940,1023.87,-0.0088,0.0722,-0.8826,309.0,0.03,0.000,0.000,IDLE
2026-08-17T21:53:15.544639,37.8648847,32.4838937,1023.89,-0.0076,0.0764,-0.8462,311.0,0.03,0.000,0.000,IDLE
2026-08-17T21:53:16.544736,37.8648847,32.4838936,1023.88,-0.0073,0.0756,-0.8100,313.0,0.03,0.000,0.000,IDLE
2026-08-17T21:53:17.544654,37.8648850,32.4838935,1023.88,-0.0071,0.0766,-0.7748,315.0,0.02,0.000,0.000,IDLE
2026-08-17T21:53:18.546939,37.8648851,32.4838935,1023.86,-0.0070,0.0762,-0.7395,317.0,0.03,0.000,0.000,IDLE
2026-08-17T21:53:19.544638,37.8648850,32.4838937,1023.87,-0.0087,0.0736,-0.7054,319.0,0.03,0.000,0.000,IDLE
2026-08-17T21:53:20.544732,37.8648848,32.4838942,1023.87,-0.0080,0.0729,-0.6712,321.0,0.01,0.000,0.000,IDLE
2026-08-17T21:53:21.544715,37.8648848,32.4838949,1023.84,-0.0077,0.0734,-0.6368,323.0,0.01,0.000,0.000,IDLE
2026-08-17T21:53:22.544563,37.8648848,32.4838953,1023.82,-0.0064,0.0734,-0.6031,325.0,0.01,0.000,0.000,IDLE
2026-08-17T21:53:23.544614,37.8648849,32.4838958,1023.83,-0.0073,0.0743,-0.5699,327.0,0.02,0.000,0.000,IDLE
2026-08-17T21:53:24.544615,37.8648848,32.4838963,1023.84,-0.0079,0.0753,-0.5364,329.0,0.01,0.000,0.000,IDLE
2026-08-17T21:53:25.544549,37.8648848,32.4838969,1023.85,-0.0084,0.0749,-0.5025,331.0,0.01,0.000,0.000,IDLE
2026-08-17T21:53:26.544543,37.8648846,32.4838972,1023.84,-0.0092,0.0739,-0.4691,333.0,0.02,0.000,0.000,IDLE
2026-08-17T21:53:27.544483,37.8648845,32.4838976,1023.85,-0.0091,0.0737,-0.4352,335.0,0.02,0.000,0.000,IDLE
2026-08-17T21:53:28.544640,37.8648846,32.4838978,1023.86,-0.0099,0.0748,-0.4002,337.0,0.03,0.000,0.000,IDLE
2026-08-17T21:53:29.544646,37.8648846,32.4838981,1023.86,-0.0091,0.0752,-0.3656,339.0,0.03,0.000,0.000,IDLE
2026-08-17T21:53:30.544634,37.8648846,32.4838984,1023.87,-0.0085,0.0749,-0.3312,341.0,0.03,0.000,0.000,IDLE
2026-08-17T21:53:31.544529,37.8648846,32.4838986,1023.85,-0.0077,0.0739,-0.2969,343.0,0.03,0.000,0.000,IDLE
2026-08-17T21:53:32.544556,37.8648844,32.4838988,1023.83,-0.0082,0.0737,-0.2625,344.0,0.03,0.000,0.000,IDLE
2026-08-17T21:53:33.544573,37.8648843,32.4838990,1023.83,-0.0074,0.0747,-0.2281,346.0,0.03,0.000,0.000,IDLE
2026-08-17T21:53:34.544638,37.8648842,32.4838993,1023.83,-0.0081,0.0755,-0.1941,348.0,0.03,0.000,0.000,IDLE
2026-08-17T21:53:35.544653,37.8648841,32.4838995,1023.82,-0.0067,0.0756,-0.1605,350.0,0.02,0.000,0.000,IDLE
2026-08-17T21:53:36.544537,37.8648841,32.4838998,1023.82,-0.0075,0.0751,-0.1266,352.0,0.02,0.000,0.000,IDLE
2026-08-17T21:53:37.544537,37.8648841,32.4839002,1023.83,-0.0081,0.0748,-0.0921,354.0,0.02,0.000,0.000,IDLE
2026-08-17T21:53:38.544844,37.8648843,32.4839006,1023.83,-0.0084,0.0741,-0.0582,356.0,0.03,0.000,0.000,IDLE
2026-08-17T21:53:39.544523,37.8648844,32.4839008,1023.85,-0.0074,0.0737,-0.0240,358.0,0.03,0.000,0.000,IDLE
2026-08-17T21:53:40.544683,37.8648845,32.4839013,1023.82,-0.0075,0.0736,0.0101,0.0,0.04,0.000,0.000,IDLE
2026-08-17T21:53:41.544657,37.8648847,32.4839015,1023.82,-0.0080,0.0744,0.0443,2.0,0.05,0.000,0.000,IDLE
2026-08-17T21:53:42.544666,37.8648851,32.4839018,1023.83,-0.0078,0.0745,0.0788,4.0,0.04,0.000,0.000,IDLE
2026-08-17T21:53:43.544532,37.8648851,32.4839021,1023.84,-0.0073,0.0746,0.1136,6.0,0.04,0.000,0.000,IDLE
2026-08-17T21:53:44.544757,37.8648854,32.4839023,1023.81,-0.0084,0.0730,0.1486,8.0,0.04,0.000,0.000,IDLE
2026-08-17T21:53:45.544740,37.8648856,32.4839025,1023.80,-0.0103,0.0731,0.1834,10.0,0.04,0.000,0.000,IDLE
2026-08-17T21:53:46.544634,37.8648857,32.4839025,1023.77,-0.0117,0.0750,0.2184,12.0,0.03,0.000,0.000,IDLE
2026-08-17T21:53:47.544640,37.8648860,32.4839026,1023.75,-0.0188,0.0765,0.2525,14.0,0.04,0.000,0.000,IDLE
2026-08-17T21:53:48.544535,37.8648863,32.4839027,1023.73,-0.0235,0.0774,0.2872,16.0,0.04,0.000,0.000,IDLE
2026-08-17T21:53:49.544511,37.8648865,32.4839030,1023.70,-0.0319,0.0774,0.3181,18.0,0.03,0.000,0.000,IDLE
2026-08-17T21:53:50.544638,37.8648867,32.4839029,1023.73,-0.0054,0.0688,0.3488,19.0,0.02,0.000,0.000,IDLE
2026-08-17T21:53:51.544625,37.8648869,32.4839029,1023.73,-0.0133,0.0849,0.3690,21.0,0.03,0.000,0.000,IDLE
2026-08-17T21:53:52.544608,37.8648871,32.4839029,1023.75,-0.0022,0.0824,0.3845,22.0,0.04,0.000,0.000,IDLE
2026-08-17T21:53:53.544602,37.8648873,32.4839030,1023.76,-0.0113,0.0787,0.4004,22.0,0.04,0.000,0.000,IDLE
2026-08-17T21:53:54.544608,37.8648876,32.4839030,1023.75,-0.0054,0.0757,0.4164,23.0,0.04,0.000,0.000,IDLE
2026-08-17T21:53:55.544552,37.8648878,32.4839031,1023.75,-0.0107,0.0768,0.4341,24.0,0.03,0.000,0.000,IDLE
2026-08-17T21:53:56.544624,37.8648879,32.4839033,1023.77,-0.0092,0.0696,0.4530,25.0,0.03,0.000,0.000,IDLE
2026-08-17T21:53:57.544622,37.8648882,32.4839036,1023.78,-0.0079,0.0679,0.4726,27.0,0.03,0.000,0.000,IDLE
2026-08-17T21:53:58.544519,37.8648883,32.4839037,1023.76,-0.0072,0.0751,0.4946,28.0,0.03,0.000,0.000,IDLE
2026-08-17T21:53:59.544639,37.8648887,32.4839040,1023.74,-0.0072,0.0774,0.5159,29.0,0.04,0.000,0.000,IDLE
2026-08-17T21:54:00.544653,37.8648891,32.4839041,1023.76,-0.0094,0.0788,0.5373,30.0,0.04,0.000,0.000,IDLE
2026-08-17T21:54:01.544811,37.8648894,32.4839043,1023.76,-0.0071,0.0734,0.5598,32.0,0.04,0.000,0.000,IDLE
2026-08-17T21:54:02.544613,37.8648897,32.4839045,1023.75,-0.0067,0.0710,0.5827,33.0,0.03,0.000,0.000,IDLE
2026-08-17T21:54:03.544725,37.8648900,32.4839048,1023.75,-0.0072,0.0692,0.6064,34.0,0.04,0.000,0.000,IDLE
2026-08-17T21:54:04.544643,37.8648907,32.4839050,1023.74,-0.0086,0.0695,0.6290,36.0,0.05,0.000,0.000,IDLE
2026-08-17T21:54:05.544547,37.8648912,32.4839051,1023.74,-0.0065,0.0759,0.6538,37.0,0.05,0.000,0.000,IDLE
2026-08-17T21:54:06.544694,37.8648921,32.4839052,1023.72,-0.0009,0.0814,0.6775,38.0,0.07,0.000,0.000,IDLE
2026-08-17T21:54:07.544513,37.8648928,32.4839052,1023.72,-0.0038,0.0801,0.7019,40.0,0.06,0.000,0.000,IDLE
2026-08-17T21:54:08.544624,37.8648933,32.4839052,1023.71,-0.0071,0.0754,0.7241,41.0,0.05,0.000,0.000,IDLE
2026-08-17T21:54:09.544653,37.8648936,32.4839052,1023.71,-0.0078,0.0724,0.7469,42.0,0.04,0.000,0.000,IDLE
2026-08-17T21:54:10.544649,37.8648940,32.4839053,1023.72,-0.0096,0.0728,0.7695,44.0,0.04,0.000,0.000,IDLE
2026-08-17T21:54:11.544692,37.8648945,32.4839056,1023.73,-0.0108,0.0739,0.7912,45.0,0.04,0.000,0.000,IDLE
2026-08-17T21:54:12.544674,37.8648950,32.4839061,1023.71,-0.0107,0.0754,0.8128,46.0,0.05,0.000,0.000,IDLE
2026-08-17T21:54:13.544899,37.8648954,32.4839065,1023.70,-0.0091,0.0769,0.8326,47.0,0.05,0.000,0.000,IDLE
2026-08-17T21:54:14.544538,37.8648957,32.4839069,1023.70,-0.0086,0.0769,0.8529,48.0,0.05,0.000,0.000,IDLE
2026-08-17T21:54:15.544825,37.8648959,32.4839073,1023.69,-0.0085,0.0732,0.8719,49.0,0.05,0.000,0.000,IDLE
2026-08-17T21:54:16.544604,37.8648960,32.4839077,1023.69,-0.0050,0.0736,0.8910,51.0,0.05,0.000,0.000,IDLE
2026-08-17T21:54:17.544694,37.8648962,32.4839081,1023.66,-0.0071,0.0735,0.9092,52.0,0.05,0.000,0.000,IDLE
2026-08-17T21:54:18.544858,37.8648963,32.4839084,1023.68,-0.0070,0.0739,0.9258,53.0,0.05,0.000,0.000,IDLE
2026-08-17T21:54:19.544516,37.8648965,32.4839087,1023.71,-0.0084,0.0751,0.9432,54.0,0.04,0.000,0.000,IDLE
2026-08-17T21:54:20.544532,37.8648966,32.4839090,1023.71,-0.0059,0.0753,0.9588,54.0,0.03,0.000,0.000,IDLE
2026-08-17T21:54:21.544868,37.8648967,32.4839092,1023.72,-0.0087,0.0750,0.9734,55.0,0.03,0.000,0.000,IDLE
2026-08-17T21:54:22.544812,37.8648968,32.4839096,1023.73,-0.0109,0.0742,0.9864,56.0,0.04,0.000,0.000,IDLE
2026-08-17T21:54:23.544521,37.8648968,32.4839099,1023.70,-0.0108,0.0741,0.9980,57.0,0.02,0.000,0.000,IDLE
2026-08-17T21:54:24.544638,37.8648968,32.4839103,1023.67,-0.0078,0.0742,1.0076,57.0,0.03,0.000,0.000,IDLE
2026-08-17T21:54:25.544671,37.8648968,32.4839107,1023.68,-0.0063,0.0744,1.0160,58.0,0.03,0.000,0.000,IDLE
2026-08-17T21:54:26.544687,37.8648970,32.4839110,1023.68,-0.0072,0.0778,1.0210,58.0,0.03,0.000,0.000,IDLE
2026-08-17T21:54:27.544621,37.8648971,32.4839115,1023.68,-0.0063,0.0785,1.0253,58.0,0.04,0.000,0.000,IDLE
2026-08-17T21:54:28.544633,37.8648972,32.4839118,1023.68,-0.0069,0.0761,1.0264,58.0,0.03,0.000,0.000,IDLE
2026-08-17T21:54:29.544544,37.8648973,32.4839121,1023.69,-0.0077,0.0751,1.0262,58.0,0.03,0.000,0.000,IDLE
2026-08-17T21:54:30.544513,37.8648974,32.4839124,1023.67,-0.0084,0.0744,1.0243,58.0,0.03,0.000,0.000,IDLE
2026-08-17T21:54:31.544549,37.8648975,32.4839129,1023.68,-0.0107,0.0754,1.0208,58.0,0.03,0.000,0.000,IDLE
2026-08-17T21:54:32.544649,37.8648977,32.4839133,1023.67,-0.0117,0.0765,1.0162,58.0,0.04,0.000,0.000,IDLE
2026-08-17T21:54:33.544684,37.8648980,32.4839136,1023.67,-0.0125,0.0781,1.0095,57.0,0.04,0.000,0.000,IDLE
2026-08-17T21:54:34.544660,37.8648983,32.4839141,1023.65,-0.0097,0.0773,1.0038,57.0,0.05,0.000,0.000,IDLE
2026-08-17T21:54:35.544587,37.8648986,32.4839145,1023.64,-0.0118,0.0726,0.9957,57.0,0.06,0.000,0.000,IDLE
2026-08-17T21:54:36.544688,37.8648988,32.4839149,1023.64,-0.0097,0.0693,0.9887,56.0,0.05,0.000,0.000,IDLE
2026-08-17T21:54:37.544769,37.8648989,32.4839151,1023.65,-0.0084,0.0689,0.9810,56.0,0.05,0.000,0.000,IDLE
2026-08-17T21:54:38.544498,37.8648990,32.4839154,1023.65,-0.0091,0.0703,0.9725,55.0,0.05,0.000,0.000,IDLE
2026-08-17T21:54:39.544701,37.8648993,32.4839157,1023.66,-0.0082,0.0744,0.9650,55.0,0.05,0.000,0.000,IDLE
2026-08-17T21:54:40.544504,37.8648995,32.4839160,1023.66,-0.0075,0.0803,0.9567,54.0,0.04,0.000,0.000,IDLE
2026-08-17T21:54:41.544589,37.8648996,32.4839163,1023.67,-0.0073,0.0811,0.9493,54.0,0.04,0.000,0.000,IDLE
2026-08-17T21:54:42.544512,37.8648998,32.4839165,1023.68,-0.0056,0.0797,0.9417,53.0,0.04,0.000,0.000,IDLE
2026-08-17T21:54:43.544685,37.8648999,32.4839167,1023.68,-0.0063,0.0780,0.9339,53.0,0.04,0.000,0.000,IDLE
2026-08-17T21:54:44.544672,37.8648999,32.4839168,1023.70,-0.0078,0.0752,0.9264,53.0,0.03,0.000,0.000,IDLE
2026-08-17T21:54:45.544909,37.8649000,32.4839170,1023.71,-0.0087,0.0735,0.9184,52.0,0.03,0.000,0.000,IDLE
2026-08-17T21:54:46.544678,37.8649000,32.4839170,1023.69,-0.0082,0.0722,0.9105,52.0,0.02,0.000,0.000,IDLE
2026-08-17T21:54:47.544581,37.8649001,32.4839173,1023.71,-0.0073,0.0725,0.9021,51.0,0.03,0.000,0.000,IDLE
2026-08-17T21:54:48.544639,37.8649003,32.4839175,1023.71,-0.0065,0.0746,0.8945,51.0,0.03,0.000,0.000,IDLE
2026-08-17T21:54:49.544752,37.8649005,32.4839179,1023.71,-0.0062,0.0756,0.8854,50.0,0.05,0.000,0.000,IDLE
2026-08-17T21:54:50.544666,37.8649007,32.4839183,1023.70,-0.0063,0.0767,0.8752,50.0,0.04,0.000,0.000,IDLE
2026-08-17T21:54:51.544547,37.8649009,32.4839187,1023.67,-0.0071,0.0783,0.8649,49.0,0.03,0.000,0.000,IDLE
2026-08-17T21:54:52.544644,37.8649009,32.4839190,1023.66,-0.0081,0.0783,0.8533,48.0,0.03,0.000,0.000,IDLE
2026-08-17T21:54:53.544632,37.8649011,32.4839193,1023.62,-0.0082,0.0761,0.8415,48.0,0.04,0.000,0.000,IDLE
2026-08-17T21:54:54.544892,37.8649013,32.4839196,1023.63,-0.0085,0.0735,0.8289,47.0,0.04,0.000,0.000,IDLE
2026-08-17T21:54:55.544630,37.8649015,32.4839200,1023.64,-0.0092,0.0722,0.8168,46.0,0.04,0.000,0.000,IDLE
2026-08-17T21:54:56.544603,37.8649014,32.4839202,1023.63,-0.0081,0.0742,0.8047,46.0,0.02,0.000,0.000,IDLE
2026-08-17T21:54:57.544628,37.8649014,32.4839205,1023.60,-0.0072,0.0755,0.7921,45.0,0.03,0.000,0.000,IDLE
2026-08-17T21:54:58.544642,37.8649018,32.4839209,1023.59,-0.0066,0.0759,0.7797,44.0,0.04,0.000,0.000,IDLE
2026-08-17T21:54:59.544535,37.8649019,32.4839213,1023.60,-0.0083,0.0762,0.7671,43.0,0.04,0.000,0.000,IDLE
2026-08-17T21:55:00.548910,37.8649021,32.4839215,1023.59,-0.0076,0.0734,0.7539,43.0,0.04,0.000,0.000,IDLE
2026-08-17T21:55:01.544629,37.8649023,32.4839218,1023.61,-0.0081,0.0723,0.7423,42.0,0.05,0.000,0.000,IDLE
2026-08-17T21:55:02.544568,37.8649025,32.4839220,1023.63,-0.0095,0.0749,0.7302,41.0,0.04,0.000,0.000,IDLE
2026-08-17T21:55:03.544643,37.8649026,32.4839221,1023.62,-0.0098,0.0771,0.7188,41.0,0.03,0.000,0.000,IDLE
2026-08-17T21:55:04.544657,37.8649027,32.4839224,1023.62,-0.0089,0.0776,0.7075,40.0,0.04,0.000,0.000,IDLE
2026-08-17T21:55:05.544823,37.8649029,32.4839228,1023.62,-0.0090,0.0766,0.6961,39.0,0.05,0.000,0.000,IDLE
2026-08-17T21:55:06.544890,37.8649031,32.4839229,1023.63,-0.0097,0.0741,0.6853,39.0,0.05,0.000,0.000,IDLE
2026-08-17T21:55:07.544657,37.8649031,32.4839231,1023.63,-0.0092,0.0747,0.6749,38.0,0.05,0.000,0.000,IDLE
2026-08-17T21:55:08.544467,37.8649032,32.4839233,1023.65,-0.0092,0.0760,0.6650,38.0,0.04,0.000,0.000,IDLE
2026-08-17T21:55:09.544504,37.8649033,32.4839236,1023.68,-0.0087,0.0764,0.6548,37.0,0.03,0.000,0.000,IDLE
2026-08-17T21:55:10.544531,37.8649034,32.4839240,1023.69,-0.0072,0.0759,0.6445,36.0,0.03,0.000,0.000,IDLE
2026-08-17T21:55:11.544396,37.8649038,32.4839244,1023.68,-0.0066,0.0749,0.6343,36.0,0.04,0.000,0.000,IDLE
2026-08-17T21:55:12.544535,37.8649039,32.4839247,1023.67,-0.0071,0.0757,0.6257,35.0,0.03,0.000,0.000,IDLE
2026-08-17T21:55:13.544602,37.8649040,32.4839248,1023.67,-0.0062,0.0771,0.6166,35.0,0.02,0.000,0.000,IDLE
2026-08-17T21:55:14.544557,37.8649041,32.4839251,1023.65,-0.0068,0.0795,0.6072,34.0,0.02,0.000,0.000,IDLE
2026-08-17T21:55:15.544634,37.8649041,32.4839254,1023.64,-0.0079,0.0766,0.5980,34.0,0.01,0.000,0.000,IDLE
2026-08-17T21:55:16.544524,37.8649042,32.4839256,1023.62,-0.0086,0.0736,0.5881,33.0,0.01,0.000,0.000,IDLE
2026-08-17T21:55:17.544568,37.8649045,32.4839259,1023.61,-0.0079,0.0709,0.5792,33.0,0.02,0.000,0.000,IDLE
2026-08-17T21:55:18.544540,37.8649046,32.4839262,1023.60,-0.0068,0.0725,0.5700,32.0,0.02,0.000,0.000,IDLE
2026-08-17T21:55:19.544656,37.8649048,32.4839266,1023.61,-0.0066,0.0739,0.5611,32.0,0.02,0.000,0.000,IDLE
2026-08-17T21:55:20.544629,37.8649048,32.4839268,1023.61,-0.0058,0.0760,0.5528,31.0,0.02,0.000,0.000,IDLE
2026-08-17T21:55:21.544592,37.8649049,32.4839272,1023.58,-0.0081,0.0765,0.5437,31.0,0.03,0.000,0.000,IDLE
2026-08-17T21:55:22.544623,37.8649052,32.4839276,1023.57,-0.0073,0.0755,0.5360,30.0,0.03,0.000,0.000,IDLE
2026-08-17T21:55:23.544615,37.8649054,32.4839280,1023.56,-0.0063,0.0747,0.5279,30.0,0.03,0.000,0.000,IDLE
2026-08-17T21:55:24.544516,37.8649056,32.4839283,1023.57,-0.0061,0.0746,0.5199,29.0,0.03,0.000,0.000,IDLE
2026-08-17T21:55:25.544630,37.8649056,32.4839285,1023.59,-0.0080,0.0741,0.5131,29.0,0.02,0.000,0.000,IDLE
2026-08-17T21:55:26.544547,37.8649057,32.4839287,1023.62,-0.0099,0.0726,0.5055,28.0,0.02,0.000,0.000,IDLE
2026-08-17T21:55:27.544591,37.8649057,32.4839290,1023.62,-0.0080,0.0738,0.4993,28.0,0.03,0.000,0.000,IDLE
2026-08-17T21:55:28.544594,37.8649059,32.4839293,1023.62,-0.0093,0.0764,0.4923,28.0,0.03,0.000,0.000,IDLE
2026-08-17T21:55:29.544599,37.8649060,32.4839297,1023.59,-0.0069,0.0765,0.4859,27.0,0.03,0.000,0.000,IDLE
2026-08-17T21:55:30.544529,37.8649059,32.4839301,1023.60,-0.0072,0.0760,0.4788,27.0,0.02,0.000,0.000,IDLE
2026-08-17T21:55:31.544515,37.8649059,32.4839303,1023.61,-0.0075,0.0743,0.4727,27.0,0.02,0.000,0.000,IDLE
2026-08-17T21:55:32.544633,37.8649059,32.4839307,1023.63,-0.0068,0.0742,0.4666,26.0,0.03,0.000,0.000,IDLE
2026-08-17T21:55:33.544630,37.8649060,32.4839310,1023.65,-0.0063,0.0745,0.4608,26.0,0.02,0.000,0.000,IDLE
2026-08-17T21:55:34.545761,37.8649060,32.4839313,1023.63,-0.0080,0.0759,0.4547,26.0,0.01,0.000,0.000,IDLE
2026-08-17T21:55:35.544841,37.8649060,32.4839315,1023.63,-0.0076,0.0759,0.4488,25.0,0.02,0.000,0.000,IDLE
2026-08-17T21:55:36.545260,37.8649058,32.4839321,1023.61,-0.0068,0.0745,0.4428,25.0,0.03,0.000,0.000,IDLE
2026-08-17T21:55:37.544518,37.8649059,32.4839322,1023.61,-0.0055,0.0732,0.4375,25.0,0.02,0.000,0.000,IDLE
2026-08-17T21:55:38.544522,37.8649057,32.4839324,1023.62,-0.0058,0.0752,0.4309,24.0,0.01,0.000,0.000,IDLE
2026-08-17T21:55:39.544436,37.8649056,32.4839326,1023.61,-0.0057,0.0770,0.4254,24.0,0.01,0.000,0.000,IDLE
2026-08-17T21:55:40.545258,37.8649055,32.4839331,1023.61,-0.0058,0.0767,0.4195,24.0,0.01,0.000,0.000,IDLE
2026-08-17T21:55:41.544584,37.8649055,32.4839332,1023.60,-0.0084,0.0789,0.4135,23.0,0.01,0.000,0.000,IDLE
2026-08-17T21:55:42.544747,37.8649054,32.4839334,1023.60,-0.0082,0.0760,0.4071,23.0,0.01,0.000,0.000,IDLE
2026-08-17T21:55:43.544746,37.8649055,32.4839337,1023.60,-0.0066,0.0707,0.4009,22.0,0.02,0.000,0.000,IDLE
2026-08-17T21:55:44.544659,37.8649054,32.4839340,1023.61,-0.0039,0.0723,0.3948,22.0,0.02,0.000,0.000,IDLE
2026-08-17T21:55:45.544578,37.8649054,32.4839343,1023.60,-0.0038,0.0783,0.3878,22.0,0.03,0.000,0.000,IDLE
2026-08-17T21:55:46.544684,37.8649055,32.4839346,1023.61,0.0000,0.0788,0.3793,21.0,0.03,0.000,0.000,IDLE
2026-08-17T21:55:47.544593,37.8649056,32.4839348,1023.63,0.0013,0.0852,0.3794,21.0,0.04,0.000,0.000,IDLE
2026-08-17T21:55:48.544641,37.8649049,32.4839345,1023.63,0.0072,0.0157,0.3136,17.0,0.55,0.000,0.000,IDLE
2026-08-17T21:55:49.544660,37.8648997,32.4839307,1023.61,-0.0061,0.0028,0.0457,2.0,0.76,0.000,0.000,IDLE
2026-08-17T21:55:50.544677,37.8648938,32.4839302,1023.58,0.0164,-0.0368,-0.0120,359.0,0.21,0.000,0.000,IDLE
2026-08-17T21:55:51.544667,37.8648937,32.4839292,1023.60,0.0204,-0.0008,-0.4098,336.0,0.45,0.000,0.000,IDLE
2026-08-17T21:55:52.544645,37.8648947,32.4839252,1023.60,0.0178,0.0254,-0.9981,302.0,0.39,0.000,0.000,IDLE
2026-08-17T21:55:53.544545,37.8648945,32.4839228,1023.63,-0.0023,0.0383,-1.2459,288.0,0.23,0.000,0.000,IDLE
2026-08-17T21:55:54.544525,37.8648934,32.4839213,1023.63,-0.0019,0.0579,-1.1936,291.0,0.20,0.000,0.000,IDLE
2026-08-17T21:55:55.545426,37.8648903,32.4839192,1023.58,-0.0104,0.0508,-1.2364,289.0,0.15,0.000,0.000,IDLE
2026-08-17T21:55:56.545472,37.8648894,32.4839180,1023.54,-0.0195,0.0039,-1.2167,290.0,0.14,0.000,0.000,IDLE
2026-08-17T21:55:57.544876,37.8648884,32.4839179,1023.54,-0.0121,0.0187,-1.2845,286.0,0.08,0.000,0.000,IDLE
2026-08-17T21:55:58.545019,37.8648886,32.4839179,1023.55,-0.0148,0.0456,-1.2700,287.0,0.01,0.000,0.000,IDLE
2026-08-17T21:55:59.545669,37.8648886,32.4839186,1023.54,-0.0128,0.0364,-1.2015,291.0,0.07,0.000,0.000,IDLE
2026-08-17T21:56:00.545750,37.8648881,32.4839189,1023.52,-0.0132,0.0455,-1.1981,291.0,0.09,0.000,0.000,IDLE
2026-08-17T21:56:01.545109,37.8648879,32.4839182,1023.50,-0.0155,0.0522,-1.3074,285.0,0.12,0.000,0.000,IDLE
2026-08-17T21:56:02.545293,37.8648880,32.4839179,1023.52,-0.0134,0.0553,-1.3517,282.0,0.06,0.000,0.000,IDLE
2026-08-17T21:56:03.544626,37.8648881,32.4839179,1023.51,-0.0157,0.0632,-1.3539,282.0,0.03,0.000,0.000,IDLE
2026-08-17T21:56:04.544495,37.8648879,32.4839180,1023.51,-0.0117,0.0602,-1.3349,283.0,0.01,0.000,0.000,IDLE
2026-08-17T21:56:05.545515,37.8648871,32.4839183,1023.51,-0.0146,0.0700,-1.3384,283.0,0.10,0.000,0.000,IDLE
2026-08-17T21:56:06.544603,37.8648867,32.4839182,1023.50,-0.0141,0.0630,-1.3778,281.0,0.11,0.000,0.000,IDLE
2026-08-17T21:56:07.544517,37.8648860,32.4839176,1023.53,-0.0053,0.0580,-1.3698,281.0,0.04,0.000,0.000,IDLE
2026-08-17T21:56:08.544513,37.8648858,32.4839172,1023.52,-0.0170,0.0324,-1.3594,282.0,0.06,0.000,0.000,IDLE
2026-08-17T21:56:09.544664,37.8648855,32.4839167,1023.52,-0.0018,0.0551,-1.3836,280.0,0.11,0.000,0.000,IDLE
2026-08-17T21:56:10.544690,37.8648852,32.4839153,1023.51,-0.0121,0.0317,-1.3351,283.0,0.12,0.000,0.000,IDLE
2026-08-17T21:56:11.544549,37.8648847,32.4839144,1023.50,-0.0210,0.0367,-1.3786,281.0,0.06,0.000,0.000,IDLE
2026-08-17T21:56:12.544842,37.8648841,32.4839146,1023.51,-0.0008,0.0382,-1.3529,282.0,0.12,0.000,0.000,IDLE
2026-08-17T21:56:13.545653,37.8648824,32.4839139,1023.50,-0.0191,0.0255,-1.3467,282.0,0.18,0.000,0.000,IDLE
2026-08-17T21:56:14.544675,37.8648818,32.4839138,1023.52,-0.0111,0.0190,-1.3623,281.0,0.15,0.000,0.000,IDLE
2026-08-17T21:56:15.544542,37.8648814,32.4839123,1023.50,-0.0053,0.0400,-1.4270,278.0,0.20,0.000,0.000,IDLE
2026-08-17T21:56:16.544558,37.8648822,32.4839100,1023.51,-0.0306,0.0297,-1.3787,281.0,0.26,0.000,0.000,IDLE
2026-08-17T21:56:17.545273,37.8648830,32.4839084,1023.51,-0.0279,0.0369,-1.4256,278.0,0.01,0.000,0.000,IDLE
2026-08-17T21:56:18.544768,37.8648830,32.4839086,1023.51,-0.0212,0.0407,-1.4217,278.0,0.02,0.000,0.000,IDLE
2026-08-17T21:56:19.544696,37.8648831,32.4839085,1023.50,-0.0086,0.0625,-1.3932,280.0,0.01,0.000,0.000,IDLE
2026-08-17T21:56:20.544908,37.8648827,32.4839085,1023.50,-0.0089,0.0699,-1.3978,279.0,0.06,0.000,0.000,IDLE
2026-08-17T21:56:21.545524,37.8648825,32.4839084,1023.51,-0.0063,0.0703,-1.4220,278.0,0.03,0.000,0.000,IDLE
2026-08-17T21:56:22.545519,37.8648827,32.4839086,1023.51,-0.0103,0.0696,-1.3879,280.0,0.03,0.000,0.000,IDLE
2026-08-17T21:56:23.545337,37.8648825,32.4839089,1023.52,-0.0110,0.0667,-1.3584,282.0,0.04,0.000,0.000,IDLE
2026-08-17T21:56:24.545115,37.8648823,32.4839087,1023.52,-0.0109,0.0633,-1.3667,281.0,0.06,0.000,0.000,IDLE
2026-08-17T21:56:25.544642,37.8648822,32.4839087,1023.51,-0.0112,0.0595,-1.3755,281.0,0.06,0.000,0.000,IDLE
2026-08-17T21:56:26.545493,37.8648824,32.4839087,1023.51,-0.0101,0.0806,-1.3763,281.0,0.05,0.000,0.000,IDLE
2026-08-17T21:56:27.546232,37.8648823,32.4839093,1023.52,-0.0097,0.0684,-1.3734,281.0,0.05,0.000,0.000,IDLE
2026-08-17T21:56:28.545191,37.8648822,32.4839098,1023.56,-0.0050,0.0677,-1.4063,279.0,0.06,0.000,0.000,IDLE
2026-08-17T21:56:29.545232,37.8648821,32.4839103,1023.54,-0.0211,0.0496,-1.4118,279.0,0.10,0.000,0.000,IDLE
2026-08-17T21:56:30.544672,37.8648821,32.4839104,1023.55,-0.0240,0.0443,-1.3394,283.0,0.01,0.000,0.000,IDLE
2026-08-17T21:56:31.544679,37.8648824,32.4839103,1023.55,-0.0036,0.0838,-1.2404,288.0,0.03,0.000,0.000,IDLE
2026-08-17T21:56:32.545084,37.8648825,32.4839103,1023.53,-0.0184,0.0990,-1.1612,293.0,0.02,0.000,0.000,IDLE
2026-08-17T21:56:33.545716,37.8648823,32.4839106,1023.55,-0.0154,0.0247,-1.1283,295.0,0.07,0.000,0.000,IDLE
2026-08-17T21:56:34.544643,37.8648820,32.4839111,1023.55,-0.0125,0.0310,-1.2322,289.0,0.09,0.000,0.000,IDLE
2026-08-17T21:56:35.544657,37.8648819,32.4839115,1023.56,-0.0064,0.0347,-1.3249,284.0,0.02,0.000,0.000,IDLE
2026-08-17T21:56:36.545748,37.8648822,32.4839115,1023.55,-0.0069,0.0450,-1.3209,284.0,0.03,0.000,0.000,IDLE
2026-08-17T21:56:37.544587,37.8648821,32.4839114,1023.54,-0.0089,0.0567,-1.3438,283.0,0.04,0.000,0.000,IDLE
2026-08-17T21:56:38.544611,37.8648817,32.4839115,1023.53,-0.0097,0.0541,-1.3691,281.0,0.06,0.000,0.000,IDLE
2026-08-17T21:56:39.544696,37.8648812,32.4839119,1023.55,-0.0082,0.0610,-1.3626,281.0,0.05,0.000,0.000,IDLE
2026-08-17T21:56:40.544661,37.8648808,32.4839121,1023.54,-0.0124,0.0772,-1.3523,282.0,0.07,0.000,0.000,IDLE
2026-08-17T21:56:41.544639,37.8648805,32.4839125,1023.53,-0.0065,0.0851,-1.3143,284.0,0.07,0.000,0.000,IDLE
2026-08-17T21:56:42.544494,37.8648797,32.4839132,1023.55,-0.0160,0.0833,-1.2775,286.0,0.09,0.000,0.000,IDLE
2026-08-17T21:56:43.544224,37.8648793,32.4839133,1023.54,-0.0166,0.0765,-1.2382,289.0,0.06,0.000,0.000,IDLE
2026-08-17T21:56:44.544660,37.8648786,32.4839134,1023.52,-0.0101,0.0745,-1.2049,290.0,0.07,0.000,0.000,IDLE
2026-08-17T21:56:45.544610,37.8648777,32.4839135,1023.53,-0.0031,0.0688,-1.1796,292.0,0.09,0.000,0.000,IDLE
2026-08-17T21:56:46.544696,37.8648771,32.4839133,1023.55,-0.0067,0.0710,-1.1602,293.0,0.10,0.000,0.000,IDLE
2026-08-17T21:56:47.544540,37.8648763,32.4839134,1023.56,-0.0052,0.0798,-1.1489,294.0,0.10,0.000,0.000,IDLE
2026-08-17T21:56:48.545093,37.8648755,32.4839135,1023.57,-0.0085,0.0822,-1.1420,294.0,0.11,0.000,0.000,IDLE
2026-08-17T21:56:49.545029,37.8648747,32.4839136,1023.59,-0.0086,0.0751,-1.1428,294.0,0.10,0.000,0.000,IDLE
2026-08-17T21:56:50.544283,37.8648741,32.4839136,1023.56,-0.0107,0.0727,-1.1515,294.0,0.10,0.000,0.000,IDLE
2026-08-17T21:56:51.544765,37.8648739,32.4839134,1023.57,-0.0067,0.0744,-1.1678,293.0,0.07,0.000,0.000,IDLE
2026-08-17T21:56:52.544782,37.8648735,32.4839133,1023.56,-0.0048,0.0756,-1.1936,291.0,0.07,0.000,0.000,IDLE
2026-08-17T21:56:53.544818,37.8648730,32.4839133,1023.55,-0.0082,0.0778,-1.2257,289.0,0.06,0.000,0.000,IDLE
2026-08-17T21:56:54.544524,37.8648724,32.4839134,1023.53,-0.0073,0.0803,-1.2665,287.0,0.06,0.000,0.000,IDLE
2026-08-17T21:56:55.544425,37.8648719,32.4839133,1023.54,-0.0067,0.0795,-1.3099,284.0,0.05,0.000,0.000,IDLE
2026-08-17T21:56:56.544254,37.8648717,32.4839130,1023.54,-0.0048,0.0710,-1.3624,281.0,0.06,0.000,0.000,IDLE
2026-08-17T21:56:57.545006,37.8648716,32.4839127,1023.53,-0.0142,0.0754,-1.4132,279.0,0.06,0.000,0.000,IDLE
2026-08-17T21:56:58.545546,37.8648714,32.4839125,1023.52,-0.0115,0.0792,-1.4630,276.0,0.05,0.000,0.000,IDLE
2026-08-17T21:56:59.544601,37.8648713,32.4839124,1023.50,-0.0113,0.0748,-1.5073,273.0,0.05,0.000,0.000,IDLE
2026-08-17T21:57:00.544733,37.8648713,32.4839122,1023.51,-0.0158,0.0753,-1.5520,271.0,0.04,0.000,0.000,IDLE
2026-08-17T21:57:01.545452,37.8648712,32.4839122,1023.51,-0.0094,0.0763,-1.5934,268.0,0.04,0.000,0.000,IDLE
2026-08-17T21:57:02.544603,37.8648711,32.4839120,1023.51,-0.0105,0.0754,-1.6321,266.0,0.04,0.000,0.000,WAYPOINT_KAMIKAZE
2026-08-17T21:57:03.544427,37.8648716,32.4839095,1023.51,-0.0126,0.0818,-1.4689,275.0,0.39,0.000,0.000,WAYPOINT_KAMIKAZE
2026-08-17T21:57:04.544415,37.8648734,32.4839035,1023.49,-0.0160,0.0527,-1.1577,293.0,0.59,0.950,0.000,WAYPOINT_KAMIKAZE
2026-08-17T21:57:05.544598,37.8648744,32.4839011,1023.50,-0.0095,0.0575,-1.0425,300.0,0.44,0.000,0.000,WAYPOINT_KAMIKAZE
2026-08-17T21:57:06.544721,37.8648785,32.4838951,1023.54,-0.0186,0.0606,-0.8289,312.0,0.54,0.000,0.000,WAYPOINT_KAMIKAZE
2026-08-17T21:57:07.544568,37.8648806,32.4838964,1023.51,-0.0135,0.0341,-0.2950,343.0,0.35,0.000,0.000,WAYPOINT_KAMIKAZE
2026-08-17T21:57:08.544197,37.8648809,32.4838985,1023.50,-0.0186,0.0398,0.3629,20.0,0.36,0.000,0.000,WAYPOINT_KAMIKAZE
2026-08-17T21:57:09.544244,37.8648818,32.4839013,1023.51,-0.0317,0.0748,1.0329,59.0,0.39,0.000,0.000,WAYPOINT_KAMIKAZE
2026-08-17T21:57:10.544215,37.8648825,32.4839052,1023.49,-0.0193,0.0551,1.6050,91.0,0.38,0.000,1.000,WAYPOINT_KAMIKAZE
2026-08-17T21:57:11.544253,37.8648844,32.4839098,1023.51,-0.0070,0.0461,1.4651,83.0,0.42,0.000,-1.000,WAYPOINT_KAMIKAZE
2026-08-17T21:57:12.544272,37.8648855,32.4839143,1023.51,0.0098,0.0249,1.1288,64.0,0.45,0.000,1.000,WAYPOINT_KAMIKAZE
2026-08-17T21:57:13.544357,37.8648875,32.4839185,1023.55,-0.0047,0.0535,0.7661,43.0,0.45,0.000,0.000,WAYPOINT_KAMIKAZE
2026-08-17T21:57:14.544257,37.8648881,32.4839231,1023.55,-0.0317,0.0131,0.9198,52.0,0.40,0.000,0.000,WAYPOINT_KAMIKAZE
2026-08-17T21:57:15.544440,37.8648864,32.4839232,1023.53,0.0095,0.0662,1.4948,85.0,0.24,0.000,-1.000,WAYPOINT_KAMIKAZE
2026-08-17T21:57:16.544230,37.8648867,32.4839246,1023.49,-0.0057,0.0596,1.8806,107.0,0.29,-0.650,-1.000,WAYPOINT_KAMIKAZE
2026-08-17T21:57:17.544235,37.8648882,32.4839273,1023.50,-0.0142,0.0647,1.7408,99.0,0.31,-0.650,-1.000,WAYPOINT_KAMIKAZE
2026-08-17T21:57:18.544336,37.8648889,32.4839275,1023.50,-0.0116,0.0217,1.3849,79.0,0.29,0.000,-1.000,WAYPOINT_KAMIKAZE
2026-08-17T21:57:19.544522,37.8648879,32.4839285,1023.51,0.0033,0.0982,1.1406,65.0,0.24,0.000,-1.000,WAYPOINT_KAMIKAZE
2026-08-17T21:57:20.544452,37.8648880,32.4839335,1023.46,-0.0001,0.0646,1.3138,75.0,0.51,0.000,-1.000,WAYPOINT_KAMIKAZE
2026-08-17T21:57:21.544639,37.8648884,32.4839393,1023.42,-0.0077,0.0575,1.4785,84.0,0.58,-0.650,-1.000,WAYPOINT_KAMIKAZE
2026-08-17T21:57:22.544283,37.8648895,32.4839418,1023.45,-0.0254,0.0958,1.2596,72.0,0.16,0.000,-1.000,WAYPOINT_KAMIKAZE
2026-08-17T21:57:23.544452,37.8648873,32.4839400,1023.43,-0.0084,0.0783,1.6847,96.0,0.39,-0.650,-1.000,WAYPOINT_KAMIKAZE
2026-08-17T21:57:24.544340,37.8648875,32.4839361,1023.45,-0.0023,0.0859,2.3593,135.0,0.30,0.000,-1.000,WAYPOINT_KAMIKAZE
2026-08-17T21:57:25.544175,37.8648868,32.4839372,1023.46,-0.0049,0.0545,2.9060,166.0,0.12,0.000,-1.000,WAYPOINT_KAMIKAZE
2026-08-17T21:57:26.544262,37.8648856,32.4839359,1023.48,-0.0090,0.0364,-2.7540,202.0,0.29,0.000,-1.000,WAYPOINT_KAMIKAZE
2026-08-17T21:57:27.544524,37.8648833,32.4839344,1023.48,-0.0059,0.0642,-2.3427,225.0,0.23,0.000,0.000,WAYPOINT_KAMIKAZE
2026-08-17T21:57:28.544744,37.8648800,32.4839301,1023.48,-0.0142,0.0850,-2.1103,239.0,0.56,0.000,0.000,WAYPOINT_KAMIKAZE
2026-08-17T21:57:29.544645,37.8648765,32.4839221,1023.49,-0.0103,0.0541,-1.9379,248.0,0.81,0.000,0.000,WAYPOINT_KAMIKAZE
2026-08-17T21:57:30.544178,37.8648737,32.4839128,1023.51,-0.0150,0.0562,-1.7539,259.0,0.89,0.000,0.000,WAYPOINT_KAMIKAZE
2026-08-17T21:57:31.544268,37.8648731,32.4839031,1023.50,-0.0161,0.0447,-1.5193,272.0,0.90,0.000,0.000,WAYPOINT_KAMIKAZE
2026-08-17T21:57:32.544355,37.8648735,32.4838932,1023.49,-0.0127,0.0433,-1.4192,278.0,0.88,0.950,0.000,WAYPOINT_KAMIKAZE
2026-08-17T21:57:33.544442,37.8648742,32.4838844,1023.46,-0.0120,0.0314,-1.4018,279.0,0.76,0.000,0.000,WAYPOINT_KAMIKAZE
2026-08-17T21:57:34.544506,37.8648757,32.4838795,1023.47,-0.0319,0.0155,-1.2037,291.0,0.36,0.000,0.000,WAYPOINT_KAMIKAZE
2026-08-17T21:57:35.544327,37.8648771,32.4838806,1023.48,-0.0074,0.0672,-0.5892,326.0,0.26,0.000,0.000,WAYPOINT_KAMIKAZE
2026-08-17T21:57:36.544196,37.8648789,32.4838807,1023.47,-0.0199,0.0521,-0.0193,358.0,0.34,0.000,0.000,WAYPOINT_KAMIKAZE
2026-08-17T21:57:37.544596,37.8648811,32.4838831,1023.47,-0.0321,0.0588,0.6828,39.0,0.36,0.000,0.000,WAYPOINT_KAMIKAZE
2026-08-17T21:57:38.544460,37.8648821,32.4838863,1023.48,-0.0112,0.0499,1.3831,79.0,0.35,0.000,0.000,WAYPOINT_KAMIKAZE
2026-08-17T21:57:39.544674,37.8648832,32.4838900,1023.46,-0.0143,0.0593,1.7466,100.0,0.30,0.000,0.000,WAYPOINT_KAMIKAZE
2026-08-17T21:57:40.544406,37.8648837,32.4838970,1023.48,-0.0057,0.0643,1.7614,100.0,0.62,0.000,0.000,WAYPOINT_KAMIKAZE
2026-08-17T21:57:41.544591,37.8648831,32.4839068,1023.50,-0.0095,0.0576,1.7139,98.0,0.84,0.000,0.000,WAYPOINT_KAMIKAZE
2026-08-17T21:57:42.544486,37.8648819,32.4839166,1023.52,-0.0151,0.0479,1.7730,101.0,0.87,0.000,0.000,WAYPOINT_KAMIKAZE
2026-08-17T21:57:43.544567,37.8648802,32.4839242,1023.52,-0.0090,0.0598,1.8570,106.0,0.70,0.000,-1.000,WAYPOINT_KAMIKAZE
2026-08-17T21:57:44.544235,37.8648789,32.4839303,1023.51,-0.0099,0.0602,1.8485,105.0,0.64,0.000,0.000,WAYPOINT_KAMIKAZE
2026-08-17T21:57:45.544290,37.8648774,32.4839356,1023.51,-0.0074,0.0650,1.8711,107.0,0.50,0.000,1.000,WAYPOINT_KAMIKAZE
2026-08-17T21:57:46.544591,37.8648759,32.4839399,1023.54,-0.0125,0.0625,1.9448,111.0,0.43,0.000,-1.000,WAYPOINT_KAMIKAZE
2026-08-17T21:57:47.544347,37.8648768,32.4839387,1023.53,-0.0076,0.0942,1.9598,112.0,0.14,0.000,-1.000,WAYPOINT_KAMIKAZE
2026-08-17T21:57:48.544374,37.8648769,32.4839397,1023.50,-0.0171,0.0596,2.0562,117.0,0.06,0.000,-1.000,WAYPOINT_KAMIKAZE
2026-08-17T21:57:49.544258,37.8648775,32.4839396,1023.51,-0.0196,0.0718,2.1272,121.0,0.08,0.000,-1.000,WAYPOINT_KAMIKAZE
2026-08-17T21:57:50.544445,37.8648780,32.4839394,1023.50,-0.0186,0.0574,2.1807,124.0,0.13,0.000,-1.000,WAYPOINT_KAMIKAZE
2026-08-17T21:57:51.544368,37.8648780,32.4839392,1023.54,-0.0094,0.0963,2.2937,131.0,0.06,0.000,-1.000,WAYPOINT_KAMIKAZE
2026-08-17T21:57:52.544421,37.8648773,32.4839394,1023.56,-0.0092,0.0836,2.5494,146.0,0.10,0.000,-1.000,WAYPOINT_KAMIKAZE
2026-08-17T21:57:53.544392,37.8648769,32.4839394,1023.53,-0.0128,0.0729,2.8575,163.0,0.07,0.000,0.000,WAYPOINT_KAMIKAZE
2026-08-17T21:57:54.544218,37.8648756,32.4839393,1023.52,-0.0182,0.0686,-3.0610,184.0,0.19,0.000,0.000,WAYPOINT_KAMIKAZE
2026-08-17T21:57:55.544339,37.8648735,32.4839375,1023.49,-0.0191,0.0532,-2.5708,212.0,0.34,0.000,0.000,WAYPOINT_KAMIKAZE
2026-08-17T21:57:56.544373,37.8648719,32.4839338,1023.48,-0.0009,0.0578,-2.0398,243.0,0.35,0.000,0.000,WAYPOINT_KAMIKAZE
2026-08-17T21:57:57.544247,37.8648701,32.4839299,1023.49,-0.0118,0.0787,-1.7764,258.0,0.41,0.000,0.000,WAYPOINT_KAMIKAZE
2026-08-17T21:57:58.544327,37.8648696,32.4839215,1023.48,-0.0114,0.0616,-1.4618,276.0,0.77,0.000,0.000,WAYPOINT_KAMIKAZE
2026-08-17T21:57:59.544260,37.8648702,32.4839116,1023.48,-0.0156,0.0444,-1.2256,289.0,0.86,0.000,0.000,WAYPOINT_KAMIKAZE
2026-08-17T21:58:00.544343,37.8648723,32.4839019,1023.49,-0.0167,0.0429,-1.0983,297.0,0.85,0.950,0.000,WAYPOINT_KAMIKAZE
2026-08-17T21:58:01.544220,37.8648748,32.4838940,1023.49,-0.0093,0.0356,-1.0614,299.0,0.74,0.000,0.000,WAYPOINT_KAMIKAZE
2026-08-17T21:58:02.544364,37.8648771,32.4838891,1023.47,-0.0318,0.0148,-0.9602,304.0,0.43,0.000,0.000,WAYPOINT_KAMIKAZE
2026-08-17T21:58:03.544308,37.8648787,32.4838902,1023.50,-0.0079,0.0498,-0.3940,337.0,0.21,0.000,0.000,WAYPOINT_KAMIKAZE
2026-08-17T21:58:04.544385,37.8648801,32.4838911,1023.50,-0.0205,0.0369,0.2132,12.0,0.29,0.000,0.000,WAYPOINT_KAMIKAZE
2026-08-17T21:58:05.544368,37.8648818,32.4838939,1023.48,-0.0229,0.0743,0.9197,52.0,0.34,0.000,0.000,WAYPOINT_KAMIKAZE
2026-08-17T21:58:06.544498,37.8648831,32.4838973,1023.47,-0.0087,0.0525,1.5586,89.0,0.33,0.000,0.000,WAYPOINT_KAMIKAZE
2026-08-17T21:58:07.544316,37.8648844,32.4839022,1023.49,-0.0136,0.0889,1.7299,99.0,0.43,0.000,0.000,WAYPOINT_KAMIKAZE
2026-08-17T21:58:08.544339,37.8648839,32.4839109,1023.50,-0.0096,0.0623,1.7606,100.0,0.78,0.000,0.000,WAYPOINT_KAMIKAZE
2026-08-17T21:58:09.544800,37.8648826,32.4839207,1023.49,-0.0179,0.0441,1.8018,103.0,0.84,0.000,-1.000,WAYPOINT_KAMIKAZE
2026-08-17T21:58:10.544610,37.8648803,32.4839287,1023.49,-0.0140,0.0555,1.9651,112.0,0.79,0.000,-1.000,WAYPOINT_KAMIKAZE
2026-08-17T21:58:11.544258,37.8648796,32.4839348,1023.52,-0.0066,0.1041,1.9636,112.0,0.54,0.000,0.000,WAYPOINT_KAMIKAZE
2026-08-17T21:58:12.544260,37.8648796,32.4839370,1023.53,-0.0102,0.0744,1.9405,111.0,0.22,0.000,0.000,WAYPOINT_KAMIKAZE
2026-08-17T21:58:13.544356,37.8648798,32.4839378,1023.53,-0.0107,0.0662,1.9351,110.0,0.15,0.000,0.000,WAYPOINT_KAMIKAZE
2026-08-17T21:58:14.544506,37.8648803,32.4839382,1023.53,0.0070,0.0871,1.7653,101.0,0.22,0.000,0.000,WAYPOINT_KAMIKAZE
2026-08-17T21:58:15.545461,37.8648806,32.4839371,1023.53,-0.0097,0.0842,1.2579,72.0,0.34,0.000,-1.000,WAYPOINT_KAMIKAZE
2026-08-17T21:58:16.544436,37.8648795,32.4839334,1023.54,-0.0118,0.0665,0.7182,41.0,0.30,0.000,1.000,WAYPOINT_KAMIKAZE
2026-08-17T21:58:17.544691,37.8648778,32.4839317,1023.55,-0.0139,0.0693,0.2419,13.0,0.28,0.000,0.000,WAYPOINT_KAMIKAZE
2026-08-17T21:58:18.544657,37.8648765,32.4839305,1023.55,-0.0165,0.0733,-0.0908,354.0,0.23,0.000,0.000,WAYPOINT_KAMIKAZE
2026-08-17T21:58:19.544588,37.8648772,32.4839283,1023.53,-0.0422,0.0653,-0.4030,336.0,0.36,0.000,0.000,WAYPOINT_KAMIKAZE
2026-08-17T21:58:20.544229,37.8648793,32.4839224,1023.53,-0.0343,0.0532,-0.6110,325.0,0.43,0.950,0.000,WAYPOINT_KAMIKAZE
2026-08-17T21:58:21.544479,37.8648801,32.4839196,1023.52,-0.0464,0.0505,-0.6734,321.0,0.52,0.000,0.000,WAYPOINT_KAMIKAZE
2026-08-17T21:58:22.544378,37.8648818,32.4839109,1023.49,-0.0404,0.0507,-0.8416,311.0,0.56,0.000,0.000,WAYPOINT_KAMIKAZE
2026-08-17T21:58:23.544238,37.8648819,32.4839047,1023.48,-0.0297,0.0547,-1.0139,301.0,0.62,0.000,0.000,WAYPOINT_KAMIKAZE
2026-08-17T21:58:24.544294,37.8648817,32.4838987,1023.49,-0.0342,0.0639,-1.1831,292.0,0.55,0.000,0.000,WAYPOINT_KAMIKAZE
2026-08-17T21:58:25.544847,37.8648809,32.4838955,1023.50,-0.0245,0.0901,-1.3781,281.0,0.25,0.000,0.000,WAYPOINT_KAMIKAZE
2026-08-17T21:58:26.544225,37.8648806,32.4838954,1023.49,-0.0187,0.0702,-1.4326,277.0,0.10,0.000,0.000,WAYPOINT_KAMIKAZE
2026-08-17T21:58:27.544339,37.8648804,32.4838950,1023.46,-0.0073,0.0828,-1.4331,277.0,0.05,0.000,0.000,WAYPOINT_KAMIKAZE
2026-08-17T21:58:28.544365,37.8648804,32.4838952,1023.44,-0.0149,0.0661,-1.4307,278.0,0.01,0.000,0.000,WAYPOINT_KAMIKAZE
2026-08-17T21:58:29.544311,37.8648804,32.4838952,1023.46,-0.0109,0.0709,-1.4343,277.0,0.02,0.000,0.000,WAYPOINT_KAMIKAZE
2026-08-17T21:58:30.544640,37.8648806,32.4838951,1023.49,-0.0080,0.0743,-1.4578,276.0,0.03,0.000,0.000,WAYPOINT_KAMIKAZE
2026-08-17T21:58:31.544294,37.8648809,32.4838950,1023.51,-0.0064,0.0801,-1.4746,275.0,0.02,0.000,0.000,WAYPOINT_KAMIKAZE
2026-08-17T21:58:32.544345,37.8648810,32.4838951,1023.51,-0.0048,0.0802,-1.4605,276.0,0.02,0.000,0.000,IDLE
2026-08-17T21:58:33.544284,37.8648813,32.4838951,1023.50,-0.0018,0.0705,-1.4288,278.0,0.05,0.000,0.000,IDLE
2026-08-17T21:58:34.544459,37.8648813,32.4838944,1023.52,-0.0098,0.0798,-1.4148,278.0,0.08,0.000,0.000,IDLE
2026-08-17T21:58:35.544455,37.8648812,32.4838940,1023.52,-0.0082,0.0741,-1.4462,277.0,0.06,0.000,0.000,IDLE
2026-08-17T21:58:36.544440,37.8648812,32.4838939,1023.50,-0.0092,0.0717,-1.4830,275.0,0.05,0.000,0.000,IDLE
2026-08-17T21:58:37.544401,37.8648813,32.4838939,1023.49,-0.0079,0.0700,-1.5056,273.0,0.04,0.000,0.000,IDLE
2026-08-17T21:58:38.544275,37.8648814,32.4838937,1023.44,-0.0052,0.0698,-1.5146,273.0,0.02,0.000,0.000,IDLE
2026-08-17T21:58:39.544507,37.8648815,32.4838935,1023.42,-0.0054,0.0693,-1.5296,272.0,0.03,0.000,0.000,IDLE
2026-08-17T21:58:40.544393,37.8648817,32.4838928,1023.41,-0.0069,0.0731,-1.5346,272.0,0.04,0.000,0.000,IDLE
2026-08-17T21:58:41.544387,37.8648819,32.4838927,1023.40,-0.0174,0.0490,-1.4967,274.0,0.04,0.000,0.000,IDLE
2026-08-17T21:58:42.544282,37.8648820,32.4838932,1023.37,-0.0081,0.0794,-1.4427,277.0,0.07,0.000,0.000,IDLE
2026-08-17T21:58:43.544340,37.8648820,32.4838937,1023.35,-0.0090,0.0653,-1.4384,277.0,0.07,0.000,0.000,IDLE
2026-08-17T21:58:44.544335,37.8648819,32.4838942,1023.38,-0.0083,0.0815,-1.4153,278.0,0.07,0.000,0.000,IDLE
2026-08-17T21:58:45.544362,37.8648820,32.4838943,1023.46,-0.0070,0.0778,-1.3839,280.0,0.06,0.000,0.000,WAYPOINT_KAMIKAZE
2026-08-17T21:58:46.544327,37.8648820,32.4838945,1023.46,-0.0077,0.0738,-1.3384,283.0,0.05,0.000,0.000,WAYPOINT_KAMIKAZE
2026-08-17T21:58:47.544254,37.8648818,32.4838948,1023.45,-0.0118,0.0739,-1.2918,285.0,0.06,0.000,0.000,WAYPOINT_KAMIKAZE
2026-08-17T21:58:48.544328,37.8648816,32.4838952,1023.49,-0.0128,0.0831,-1.2587,287.0,0.08,0.000,0.000,WAYPOINT_KAMIKAZE
2026-08-17T21:58:49.544349,37.8648811,32.4838950,1023.52,-0.0121,0.0794,-1.2564,288.0,0.10,0.000,0.000,WAYPOINT_KAMIKAZE
2026-08-17T21:58:50.544350,37.8648808,32.4838941,1023.51,-0.0141,0.0821,-1.3209,284.0,0.10,0.000,0.000,WAYPOINT_KAMIKAZE
2026-08-17T21:58:51.544232,37.8648812,32.4838934,1023.50,-0.0076,0.0774,-1.3545,282.0,0.06,0.000,0.000,WAYPOINT_KAMIKAZE
2026-08-17T21:58:52.544248,37.8648812,32.4838928,1023.44,-0.0086,0.0630,-1.3578,282.0,0.06,0.000,0.000,WAYPOINT_KAMIKAZE
2026-08-17T21:58:53.544398,37.8648809,32.4838927,1023.43,-0.0093,0.0637,-1.4239,278.0,0.05,0.000,0.000,WAYPOINT_KAMIKAZE
2026-08-17T21:58:54.544373,37.8648809,32.4838925,1023.49,-0.0024,0.0718,-1.4550,276.0,0.04,0.000,0.000,WAYPOINT_KAMIKAZE
2026-08-17T21:58:55.544379,37.8648806,32.4838923,1023.52,-0.0028,0.0695,-1.4642,276.0,0.06,0.000,0.000,WAYPOINT_KAMIKAZE
2026-08-17T21:58:56.544266,37.8648806,32.4838919,1023.51,-0.0089,0.0695,-1.4685,275.0,0.05,0.000,0.000,WAYPOINT_KAMIKAZE
2026-08-17T21:58:57.546685,37.8648807,32.4838917,1023.53,-0.0170,0.0743,-1.4511,276.0,0.04,0.000,-1.000,WAYPOINT_KAMIKAZE
2026-08-17T21:58:58.544355,37.8648807,32.4838909,1023.53,-0.0140,0.0744,-1.4255,278.0,0.04,0.000,-1.000,WAYPOINT_KAMIKAZE
2026-08-17T21:58:59.544337,37.8648805,32.4838908,1023.51,-0.0141,0.0573,-1.3965,279.0,0.02,0.000,0.000,WAYPOINT_KAMIKAZE
2026-08-17T21:59:00.544419,37.8648801,32.4838907,1023.49,-0.0111,0.0718,-1.3923,280.0,0.06,0.000,0.000,WAYPOINT_KAMIKAZE
2026-08-17T21:59:01.544277,37.8648802,32.4838906,1023.50,-0.0109,0.0652,-1.4214,278.0,0.04,0.000,0.000,WAYPOINT_KAMIKAZE
2026-08-17T21:59:02.544344,37.8648804,32.4838906,1023.47,-0.0142,0.0628,-1.4090,279.0,0.01,0.000,0.000,WAYPOINT_KAMIKAZE
2026-08-17T21:59:03.544326,37.8648801,32.4838911,1023.40,-0.0191,0.0325,-1.4021,279.0,0.07,0.000,0.000,WAYPOINT_KAMIKAZE
2026-08-17T21:59:04.544339,37.8648800,32.4838912,1023.44,-0.0178,0.0551,-1.3780,281.0,0.04,0.000,0.000,WAYPOINT_KAMIKAZE
2026-08-17T21:59:05.544285,37.8648800,32.4838909,1023.45,-0.0138,0.0383,-1.3980,279.0,0.03,0.000,0.000,WAYPOINT_KAMIKAZE
2026-08-17T21:59:06.544389,37.8648803,32.4838910,1023.48,-0.0094,0.0355,-1.4346,277.0,0.01,0.000,0.000,WAYPOINT_KAMIKAZE
2026-08-17T21:59:07.544329,37.8648803,32.4838907,1023.51,-0.0081,0.0490,-1.4833,275.0,0.03,0.000,0.000,WAYPOINT_KAMIKAZE
2026-08-17T21:59:08.544374,37.8648804,32.4838904,1023.52,-0.0099,0.0498,-1.4985,274.0,0.01,0.000,0.000,WAYPOINT_KAMIKAZE
2026-08-17T21:59:09.544424,37.8648804,32.4838910,1023.56,-0.0114,0.0509,-1.5031,273.0,0.07,0.000,0.000,WAYPOINT_KAMIKAZE
2026-08-17T21:59:10.544245,37.8648807,32.4838917,1023.57,-0.0076,0.0571,-1.4779,275.0,0.05,0.000,0.000,WAYPOINT_KAMIKAZE
2026-08-17T21:59:11.544400,37.8648805,32.4838922,1023.58,-0.0067,0.0847,-1.4419,277.0,0.05,0.000,0.000,WAYPOINT_KAMIKAZE
2026-08-17T21:59:12.544359,37.8648801,32.4838931,1023.57,-0.0106,0.0803,-1.4428,277.0,0.11,0.000,0.000,WAYPOINT_KAMIKAZE
2026-08-17T21:59:13.544286,37.8648799,32.4838938,1023.56,-0.0062,0.0740,-1.4943,274.0,0.12,0.000,0.000,WAYPOINT_KAMIKAZE
2026-08-17T21:59:14.544920,37.8648803,32.4838941,1023.54,-0.0167,0.0675,-1.4517,276.0,0.03,0.000,0.000,WAYPOINT_KAMIKAZE
2026-08-17T21:59:15.544528,37.8648801,32.4838955,1023.51,-0.0094,0.0857,-1.4067,279.0,0.16,0.000,0.000,WAYPOINT_KAMIKAZE
2026-08-17T21:59:16.544391,37.8648800,32.4838981,1023.51,-0.0098,0.0819,-1.4221,278.0,0.25,0.000,0.000,WAYPOINT_KAMIKAZE
2026-08-17T21:59:17.544340,37.8648800,32.4839010,1023.51,-0.0172,0.0815,-1.4916,274.0,0.28,0.000,0.000,WAYPOINT_KAMIKAZE
2026-08-17T21:59:18.544350,37.8648807,32.4839041,1023.54,-0.0169,0.0876,-1.5751,269.0,0.31,0.000,-1.000,WAYPOINT_KAMIKAZE
2026-08-17T21:59:19.544433,37.8648812,32.4839078,1023.54,-0.0116,0.0936,-1.6139,267.0,0.34,0.000,0.000,WAYPOINT_KAMIKAZE
2026-08-17T21:59:20.544403,37.8648815,32.4839113,1023.55,-0.0220,0.0644,-1.6425,265.0,0.26,0.000,0.000,WAYPOINT_KAMIKAZE
2026-08-17T21:59:21.544521,37.8648817,32.4839128,1023.58,-0.0150,0.0761,-1.6267,266.0,0.12,0.000,0.000,WAYPOINT_KAMIKAZE
2026-08-17T21:59:22.544342,37.8648818,32.4839133,1023.56,-0.0188,0.0732,-1.6343,266.0,0.08,0.000,0.000,WAYPOINT_KAMIKAZE
2026-08-17T21:59:23.544356,37.8648820,32.4839119,1023.57,-0.0233,0.0754,-1.6374,266.0,0.15,0.000,0.000,WAYPOINT_KAMIKAZE
2026-08-17T21:59:24.544335,37.8648824,32.4839112,1023.56,-0.0227,0.0477,-1.6681,264.0,0.09,0.000,0.000,WAYPOINT_KAMIKAZE
2026-08-17T21:59:25.544216,37.8648824,32.4839110,1023.56,-0.0097,0.0789,-1.6072,267.0,0.01,0.000,0.000,WAYPOINT_KAMIKAZE
2026-08-17T21:59:26.544263,37.8648824,32.4839117,1023.55,-0.0063,0.0845,-1.6185,267.0,0.06,0.000,0.000,WAYPOINT_KAMIKAZE
2026-08-17T21:59:27.544278,37.8648827,32.4839122,1023.52,-0.0053,0.0764,-1.6221,267.0,0.07,0.000,0.000,WAYPOINT_KAMIKAZE
2026-08-17T21:59:28.544309,37.8648830,32.4839125,1023.52,-0.0075,0.0727,-1.6213,267.0,0.05,0.000,0.000,WAYPOINT_KAMIKAZE
2026-08-17T21:59:29.544409,37.8648833,32.4839130,1023.51,-0.0082,0.0720,-1.6139,267.0,0.05,0.000,0.000,WAYPOINT_KAMIKAZE
2026-08-17T21:59:30.544668,37.8648834,32.4839132,1023.53,-0.0093,0.0720,-1.6052,268.0,0.05,0.000,0.000,WAYPOINT_KAMIKAZE
2026-08-17T21:59:31.544516,37.8648836,32.4839135,1023.55,-0.0099,0.0741,-1.5955,268.0,0.05,0.000,0.000,WAYPOINT_KAMIKAZE
2026-08-17T21:59:32.544313,37.8648837,32.4839205,1023.56,-0.0269,0.0383,-1.8892,251.0,0.79,0.000,0.000,WAYPOINT_KAMIKAZE
2026-08-17T21:59:33.544267,37.8648859,32.4839259,1023.56,-0.0141,0.0953,-2.1353,237.0,0.50,0.000,-1.000,WAYPOINT_KAMIKAZE
2026-08-17T21:59:34.544220,37.8648862,32.4839236,1023.53,-0.0216,0.0756,-1.9414,248.0,0.29,0.000,-1.000,WAYPOINT_KAMIKAZE
2026-08-17T21:59:35.544356,37.8648861,32.4839212,1023.55,-0.0133,0.0575,-1.8093,256.0,0.20,0.000,0.000,WAYPOINT_KAMIKAZE
2026-08-17T21:59:36.544333,37.8648863,32.4839199,1023.57,-0.0110,0.0937,-1.8160,255.0,0.16,0.000,0.000,WAYPOINT_KAMIKAZE
2026-08-17T21:59:37.544411,37.8648865,32.4839176,1023.56,-0.0072,0.0878,-1.7741,258.0,0.19,0.000,0.000,WAYPOINT_KAMIKAZE
2026-08-17T21:59:38.544352,37.8648863,32.4839140,1023.56,0.0005,0.1010,-1.7435,260.0,0.43,0.000,0.000,WAYPOINT_KAMIKAZE
2026-08-17T21:59:39.544338,37.8648854,32.4839063,1023.55,-0.0107,0.0700,-1.7360,260.0,0.73,0.000,0.000,WAYPOINT_KAMIKAZE
2026-08-17T21:59:40.544345,37.8648851,32.4838968,1023.53,-0.0114,0.0592,-1.6945,262.0,0.85,0.000,0.000,WAYPOINT_KAMIKAZE
2026-08-17T21:59:41.544331,37.8648850,32.4838872,1023.51,-0.0097,0.0469,-1.6416,265.0,0.85,0.000,-1.000,WAYPOINT_KAMIKAZE
2026-08-17T21:59:42.544405,37.8648850,32.4838788,1023.51,-0.0040,0.0451,-1.6029,268.0,0.71,0.000,0.000,WAYPOINT_KAMIKAZE
2026-08-17T21:59:43.544474,37.8648842,32.4838745,1023.52,0.0055,0.0088,-1.8391,254.0,0.30,0.000,0.000,WAYPOINT_KAMIKAZE
2026-08-17T21:59:44.544380,37.8648829,32.4838743,1023.54,-0.0316,0.0736,-2.4028,222.0,0.13,0.000,-1.000,WAYPOINT_KAMIKAZE
2026-08-17T21:59:45.544420,37.8648814,32.4838714,1023.52,-0.0012,0.0390,-2.6196,209.0,0.23,0.000,0.000,WAYPOINT_KAMIKAZE
2026-08-17T21:59:46.547725,37.8648798,32.4838725,1023.54,-0.0033,0.0753,3.0913,177.0,0.27,0.000,0.000,WAYPOINT_KAMIKAZE
2026-08-17T21:59:47.544365,37.8648786,32.4838735,1023.57,-0.0309,0.0513,2.4732,141.0,0.15,0.000,0.000,WAYPOINT_KAMIKAZE
2026-08-17T21:59:48.544908,37.8648766,32.4838756,1023.60,0.0223,0.0577,2.1018,120.0,0.27,0.000,1.000,WAYPOINT_KAMIKAZE
2026-08-17T21:59:49.544297,37.8648767,32.4838796,1023.62,-0.0059,0.0920,1.5533,88.0,0.36,0.000,0.000,WAYPOINT_KAMIKAZE
2026-08-17T21:59:50.544600,37.8648769,32.4838819,1023.62,-0.0032,0.0736,1.3176,75.0,0.52,0.000,0.000,WAYPOINT_KAMIKAZE
2026-08-17T21:59:51.544671,37.8648792,32.4838927,1023.61,-0.0101,0.0650,1.3126,75.0,0.77,0.000,0.000,WAYPOINT_KAMIKAZE
2026-08-17T21:59:52.544447,37.8648802,32.4838972,1023.60,-0.0059,0.0491,1.3055,74.0,0.87,0.000,1.000,WAYPOINT_KAMIKAZE
2026-08-17T21:59:53.544291,37.8648841,32.4839074,1023.59,-0.0145,0.0459,1.0453,59.0,0.64,0.000,1.000,WAYPOINT_KAMIKAZE
2026-08-17T21:59:54.544278,37.8648871,32.4839121,1023.59,-0.0138,0.1092,0.8927,51.0,0.65,0.000,-1.000,WAYPOINT_KAMIKAZE
2026-08-17T21:59:55.544290,37.8648901,32.4839175,1023.57,-0.0053,0.0702,0.9673,55.0,0.59,0.000,0.000,WAYPOINT_KAMIKAZE
2026-08-17T21:59:56.544212,37.8648921,32.4839214,1023.53,-0.0247,0.0264,1.0817,61.0,0.39,0.000,0.000,WAYPOINT_KAMIKAZE
2026-08-17T21:59:57.544261,37.8648910,32.4839218,1023.54,0.0149,0.0659,1.6124,92.0,0.15,0.000,-1.000,WAYPOINT_KAMIKAZE
2026-08-17T21:59:58.544240,37.8648911,32.4839235,1023.53,-0.0238,0.0448,1.8576,106.0,0.17,0.000,-1.000,WAYPOINT_KAMIKAZE
2026-08-17T21:59:59.544291,37.8648901,32.4839249,1023.52,-0.0288,0.0484,2.0764,118.0,0.12,0.000,-1.000,WAYPOINT_KAMIKAZE
2026-08-17T22:00:00.544332,37.8648893,32.4839258,1023.53,-0.0187,0.0471,2.2566,129.0,0.02,0.000,0.000,WAYPOINT_KAMIKAZE
2026-08-17T22:00:01.544362,37.8648891,32.4839264,1023.55,-0.0187,0.0435,2.3072,132.0,0.07,0.950,0.000,WAYPOINT_KAMIKAZE
2026-08-17T22:00:02.544263,37.8648889,32.4839268,1023.57,-0.0167,0.0568,2.3102,132.0,0.08,0.000,0.000,WAYPOINT_KAMIKAZE
2026-08-17T22:00:03.544251,37.8648886,32.4839272,1023.58,-0.0144,0.0590,2.2961,131.0,0.07,0.000,-1.000,WAYPOINT_KAMIKAZE
2026-08-17T22:00:04.544344,37.8648885,32.4839275,1023.53,-0.0100,0.0651,2.2454,128.0,0.07,0.000,0.000,WAYPOINT_KAMIKAZE
2026-08-17T22:00:05.544340,37.8648881,32.4839290,1023.49,-0.0051,0.0720,2.1442,122.0,0.21,0.000,0.000,WAYPOINT_KAMIKAZE
2026-08-17T22:00:06.544221,37.8648877,32.4839308,1023.45,-0.0115,0.0468,2.0302,116.0,0.17,0.000,-1.000,WAYPOINT_KAMIKAZE
2026-08-17T22:00:07.544287,37.8648877,32.4839301,1023.44,-0.0122,0.0563,1.8938,108.0,0.10,0.000,-1.000,WAYPOINT_KAMIKAZE
2026-08-17T22:00:08.544334,37.8648880,32.4839295,1023.47,-0.0017,0.0989,1.7251,98.0,0.07,0.000,-1.000,WAYPOINT_KAMIKAZE
2026-08-17T22:00:09.544282,37.8648884,32.4839315,1023.40,-0.0065,0.0786,1.5108,86.0,0.21,0.000,-1.000,WAYPOINT_KAMIKAZE
2026-08-17T22:00:10.544320,37.8648887,32.4839331,1023.38,-0.0135,0.0568,1.3495,77.0,0.08,0.000,-1.000,WAYPOINT_KAMIKAZE
2026-08-17T22:00:11.544334,37.8648886,32.4839312,1023.42,-0.0162,0.0733,1.1578,66.0,0.21,0.000,-1.000,WAYPOINT_KAMIKAZE
2026-08-17T22:00:12.544239,37.8648889,32.4839307,1023.42,-0.0099,0.0703,0.8831,50.0,0.14,0.000,-1.000,WAYPOINT_KAMIKAZE
2026-08-17T22:00:13.544215,37.8648900,32.4839317,1023.47,-0.0088,0.0739,0.6348,36.0,0.21,0.000,-1.000,WAYPOINT_KAMIKAZE
2026-08-17T22:00:14.544278,37.8648912,32.4839325,1023.49,-0.0120,0.0317,0.4365,25.0,0.08,0.000,1.000,WAYPOINT_KAMIKAZE
2026-08-17T22:00:15.544295,37.8648887,32.4839310,1023.49,-0.0192,0.0415,0.2125,12.0,0.35,0.000,1.000,WAYPOINT_KAMIKAZE
2026-08-17T22:00:16.544238,37.8648866,32.4839307,1023.48,-0.0115,0.0874,-0.0170,359.0,0.26,0.950,0.000,WAYPOINT_KAMIKAZE
2026-08-17T22:00:17.544298,37.8648863,32.4839319,1023.49,-0.0246,0.0294,-0.0563,356.0,0.07,0.000,0.000,WAYPOINT_KAMIKAZE
2026-08-17T22:00:18.544849,37.8648862,32.4839331,1023.50,-0.0235,0.0145,-0.1560,351.0,0.08,0.000,0.000,WAYPOINT_KAMIKAZE
2026-08-17T22:00:19.544338,37.8648863,32.4839347,1023.51,-0.0277,0.0057,-0.4631,333.0,0.07,0.000,0.000,WAYPOINT_KAMIKAZE
2026-08-17T22:00:20.544357,37.8648868,32.4839370,1023.54,0.0003,0.0980,-0.6142,324.0,0.11,0.000,0.000,WAYPOINT_KAMIKAZE
2026-08-17T22:00:21.544281,37.8648870,32.4839381,1023.52,-0.0018,0.0757,-0.7220,318.0,0.07,0.000,0.000,WAYPOINT_KAMIKAZE
2026-08-17T22:00:22.544246,37.8648870,32.4839391,1023.51,-0.0105,0.0684,-0.8047,313.0,0.05,0.000,0.000,WAYPOINT_KAMIKAZE
2026-08-17T22:00:23.544381,37.8648870,32.4839398,1023.48,-0.0098,0.0661,-0.8764,309.0,0.04,0.000,0.000,WAYPOINT_KAMIKAZE
2026-08-17T22:00:24.544451,37.8648869,32.4839405,1023.43,-0.0128,0.0670,-0.9440,305.0,0.04,0.000,0.000,IDLE
2026-08-17T22:00:25.544299,37.8648871,32.4839411,1023.40,-0.0107,0.0725,-1.0047,302.0,0.02,0.000,0.000,IDLE
2026-08-17T22:00:26.544251,37.8648870,32.4839416,1023.40,-0.0100,0.0771,-1.0644,299.0,0.03,0.000,0.000,IDLE
2026-08-17T22:00:27.544477,37.8648870,32.4839421,1023.46,-0.0086,0.0790,-1.1170,296.0,0.03,0.000,0.000,IDLE
2026-08-17T22:00:28.544352,37.8648871,32.4839425,1023.50,-0.0069,0.0751,-1.1711,292.0,0.03,0.000,0.000,IDLE
2026-08-17T22:00:29.544346,37.8648871,32.4839429,1023.53,-0.0104,0.0724,-1.2180,290.0,0.03,0.000,0.000,IDLE
2026-08-17T22:00:30.544340,37.8648871,32.4839435,1023.54,-0.0096,0.0712,-1.2609,287.0,0.03,0.000,0.000,IDLE
2026-08-17T22:00:31.544483,37.8648871,32.4839441,1023.52,-0.0045,0.0741,-1.2838,286.0,0.03,0.000,0.000,IDLE
2026-08-17T22:00:32.544407,37.8648871,32.4839444,1023.47,-0.0117,0.0452,-1.3033,285.0,0.06,0.000,0.000,IDLE
2026-08-17T22:00:33.544359,37.8648869,32.4839433,1023.49,0.0030,0.0620,-1.3146,284.0,0.05,0.000,0.000,IDLE
2026-08-17T22:00:34.544326,37.8648867,32.4839432,1023.47,-0.0084,0.0296,-1.3156,284.0,0.04,0.000,0.000,IDLE
2026-08-17T22:00:35.544385,37.8648867,32.4839433,1023.43,-0.0112,0.0294,-1.3060,285.0,0.04,0.000,0.000,IDLE
2026-08-17T22:00:36.544352,37.8648867,32.4839434,1023.45,-0.0128,0.0233,-1.2953,285.0,0.02,0.000,0.000,IDLE
2026-08-17T22:00:37.544395,37.8648868,32.4839437,1023.45,-0.0132,0.0184,-1.2732,287.0,0.01,0.000,0.000,IDLE
2026-08-17T22:00:38.544496,37.8648868,32.4839437,1023.39,-0.0103,0.0233,-1.2605,287.0,0.02,0.000,0.000,IDLE
2026-08-17T22:00:39.544328,37.8648868,32.4839438,1023.39,-0.0124,0.0147,-1.2501,288.0,0.03,0.000,0.000,IDLE
2026-08-17T22:00:40.544270,37.8648867,32.4839436,1023.43,-0.0135,0.0203,-1.2484,288.0,0.04,0.000,0.000,IDLE
2026-08-17T22:00:41.544348,37.8648866,32.4839431,1023.49,-0.0122,0.0178,-1.2620,287.0,0.03,0.000,0.000,IDLE
2026-08-17T22:00:42.544553,37.8648867,32.4839431,1023.51,-0.0115,0.0312,-1.2604,287.0,0.06,0.000,0.000,IDLE
2026-08-17T22:00:43.544291,37.8648874,32.4839423,1023.54,-0.0107,0.0363,-1.2584,287.0,0.07,0.000,0.000,IDLE
2026-08-17T22:00:44.544272,37.8648873,32.4839423,1023.54,-0.0251,0.0613,-1.2847,286.0,0.01,0.000,0.000,IDLE
2026-08-17T22:00:45.544342,37.8648873,32.4839426,1023.50,-0.0150,0.0423,-1.2772,286.0,0.02,0.000,0.000,IDLE
2026-08-17T22:00:46.544334,37.8648871,32.4839426,1023.52,-0.0202,0.0453,-1.2637,287.0,0.04,0.000,0.000,IDLE
2026-08-17T22:00:47.544377,37.8648870,32.4839424,1023.49,-0.0071,0.0501,-1.2435,288.0,0.01,0.000,0.000,IDLE
2026-08-17T22:00:48.544301,37.8648870,32.4839430,1023.47,-0.0098,0.0538,-1.1356,294.0,0.04,0.000,0.000,IDLE
2026-08-17T22:00:49.544345,37.8648868,32.4839433,1023.46,-0.0155,0.0570,-0.9761,304.0,0.01,0.000,0.000,IDLE
2026-08-17T22:00:50.544358,37.8648863,32.4839426,1023.47,-0.0109,0.0543,-0.9517,305.0,0.12,0.000,0.000,IDLE
2026-08-17T22:00:51.544556,37.8648861,32.4839422,1023.47,-0.0063,0.0546,-1.0419,300.0,0.09,0.000,0.000,IDLE
2026-08-17T22:00:52.544435,37.8648862,32.4839420,1023.46,-0.0101,0.0585,-1.1284,295.0,0.05,0.000,0.000,IDLE
2026-08-17T22:00:53.544322,37.8648866,32.4839421,1023.42,-0.0102,0.0576,-1.1436,294.0,0.04,0.000,0.000,IDLE
2026-08-17T22:00:54.544379,37.8648868,32.4839422,1023.45,-0.0116,0.0642,-1.1469,294.0,0.05,0.000,0.000,IDLE
2026-08-17T22:00:55.544336,37.8648867,32.4839421,1023.42,-0.0096,0.0639,-1.1622,293.0,0.03,0.000,0.000,IDLE
2026-08-17T22:00:56.544283,37.8648867,32.4839421,1023.37,-0.0108,0.0641,-1.1429,294.0,0.01,0.000,0.000,IDLE
2026-08-17T22:00:57.544265,37.8648864,32.4839421,1023.38,-0.0122,0.0634,-1.1349,294.0,0.02,0.000,0.000,IDLE
2026-08-17T22:00:58.544369,37.8648863,32.4839423,1023.38,-0.0174,0.0672,-1.0992,297.0,0.03,0.000,0.000,IDLE
2026-08-17T22:00:59.544341,37.8648859,32.4839424,1023.38,-0.0164,0.0725,-0.9982,302.0,0.08,0.000,0.000,IDLE
2026-08-17T22:01:00.544374,37.8648850,32.4839429,1023.42,-0.0136,0.0741,-0.8549,311.0,0.12,0.000,0.000,IDLE
2026-08-17T22:01:01.544507,37.8648845,32.4839433,1023.43,-0.0143,0.0696,-0.6251,324.0,0.14,0.000,0.000,IDLE
2026-08-17T22:01:02.544378,37.8648824,32.4839433,1023.47,-0.0102,0.0571,-0.4137,336.0,0.13,0.000,0.000,IDLE
2026-08-17T22:01:03.544351,37.8648823,32.4839418,1023.45,-0.0239,0.0662,-0.4359,335.0,0.22,0.000,0.000,IDLE
2026-08-17T22:01:04.544370,37.8648828,32.4839400,1023.47,-0.0137,0.0529,-0.7479,317.0,0.22,0.000,0.000,IDLE
2026-08-17T22:01:05.544588,37.8648836,32.4839394,1023.50,-0.0128,0.0815,-0.9752,304.0,0.15,0.000,0.000,IDLE
2026-08-17T22:01:06.544409,37.8648854,32.4839395,1023.57,-0.0046,0.0640,-1.1082,296.0,0.10,0.000,0.000,IDLE
2026-08-17T22:01:07.544351,37.8648860,32.4839387,1023.55,-0.0077,0.0667,-1.2560,288.0,0.10,0.000,0.000,IDLE
2026-08-17T22:01:08.544384,37.8648864,32.4839379,1023.54,-0.0087,0.0689,-1.3607,282.0,0.08,0.000,0.000,IDLE
2026-08-17T22:01:09.544382,37.8648864,32.4839373,1023.51,-0.0077,0.0773,-1.4161,278.0,0.03,0.000,0.000,IDLE
2026-08-17T22:01:10.544395,37.8648864,32.4839372,1023.49,-0.0086,0.0804,-1.4483,277.0,0.04,0.000,0.000,IDLE
2026-08-17T22:01:11.544349,37.8648865,32.4839376,1023.49,-0.0096,0.0777,-1.4236,278.0,0.04,0.000,0.000,IDLE
2026-08-17T22:01:12.544330,37.8648868,32.4839376,1023.48,-0.0069,0.0774,-1.3820,280.0,0.04,0.000,0.000,IDLE
2026-08-17T22:01:13.544345,37.8648865,32.4839375,1023.48,-0.0110,0.0757,-1.3731,281.0,0.07,0.000,0.000,IDLE
2026-08-17T22:01:14.544351,37.8648866,32.4839374,1023.48,-0.0102,0.0725,-1.3904,280.0,0.06,0.000,1.000,WAYPOINT_KAMIKAZE
2026-08-17T22:01:15.544289,37.8648868,32.4839373,1023.51,-0.0100,0.0750,-1.4001,279.0,0.04,0.000,1.000,WAYPOINT_KAMIKAZE
2026-08-17T22:01:16.544352,37.8648870,32.4839370,1023.53,-0.0078,0.0758,-1.4050,279.0,0.04,0.000,1.000,WAYPOINT_KAMIKAZE
2026-08-17T22:01:17.544436,37.8648873,32.4839367,1023.54,-0.0080,0.0752,-1.4037,279.0,0.04,0.000,1.000,WAYPOINT_KAMIKAZE
2026-08-17T22:01:18.544358,37.8648874,32.4839366,1023.49,-0.0075,0.0815,-1.3729,281.0,0.03,0.000,1.000,WAYPOINT_KAMIKAZE
2026-08-17T22:01:19.546120,37.8648874,32.4839366,1023.42,-0.0072,0.0762,-1.3168,284.0,0.03,0.000,1.000,WAYPOINT_KAMIKAZE
2026-08-17T22:01:20.548412,37.8648874,32.4839363,1023.41,-0.0093,0.0762,-1.2802,286.0,0.04,0.000,1.000,WAYPOINT_KAMIKAZE
2026-08-17T22:01:21.544276,37.8648874,32.4839363,1023.40,-0.0108,0.0786,-1.2819,286.0,0.04,0.000,1.000,WAYPOINT_KAMIKAZE
2026-08-17T22:01:22.544439,37.8648875,32.4839362,1023.43,-0.0127,0.0701,-1.3014,285.0,0.04,0.000,1.000,WAYPOINT_KAMIKAZE
2026-08-17T22:01:23.544733,37.8648875,32.4839362,1023.44,-0.0037,0.0765,-1.3441,282.0,0.05,0.000,1.000,WAYPOINT_KAMIKAZE
2026-08-17T22:01:24.544423,37.8648877,32.4839362,1023.46,-0.0082,0.0820,-1.3931,280.0,0.03,0.000,1.000,WAYPOINT_KAMIKAZE
2026-08-17T22:01:25.544524,37.8648872,32.4839381,1023.53,-0.0148,0.1085,-1.5554,270.0,0.23,0.000,0.000,WAYPOINT_KAMIKAZE
2026-08-17T22:01:26.544311,37.8648872,32.4839380,1023.57,-0.0070,0.0836,-1.6105,267.0,0.12,0.000,0.000,WAYPOINT_KAMIKAZE
2026-08-17T22:01:27.544411,37.8648877,32.4839344,1023.60,-0.0099,0.0685,-1.3581,282.0,0.42,0.000,0.000,WAYPOINT_KAMIKAZE
2026-08-17T22:01:28.544314,37.8648891,32.4839299,1023.64,-0.0079,0.0600,-1.1250,295.0,0.40,0.000,1.000,WAYPOINT_KAMIKAZE
2026-08-17T22:01:29.544357,37.8648891,32.4839290,1023.68,-0.0131,0.0916,-1.2585,287.0,0.11,0.000,0.000,WAYPOINT_KAMIKAZE
2026-08-17T22:01:30.544292,37.8648898,32.4839271,1023.68,-0.0135,0.0708,-1.2995,285.0,0.23,0.000,0.000,WAYPOINT_KAMIKAZE
2026-08-17T22:01:31.544309,37.8648911,32.4839239,1023.70,-0.0132,0.0672,-1.1678,293.0,0.31,0.000,0.000,WAYPOINT_KAMIKAZE
2026-08-17T22:01:32.544269,37.8648918,32.4839215,1023.71,-0.0080,0.0632,-1.1675,293.0,0.16,0.000,0.000,WAYPOINT_KAMIKAZE
2026-08-17T22:01:33.544503,37.8648923,32.4839203,1023.72,-0.0084,0.0628,-1.2927,285.0,0.08,0.000,0.000,WAYPOINT_KAMIKAZE
2026-08-17T22:01:34.544309,37.8648926,32.4839193,1023.72,-0.0085,0.0716,-1.4199,278.0,0.09,0.000,0.000,WAYPOINT_KAMIKAZE
2026-08-17T22:01:35.544273,37.8648932,32.4839177,1023.73,-0.0076,0.0793,-1.4553,276.0,0.12,0.000,0.000,WAYPOINT_KAMIKAZE
2026-08-17T22:01:36.544266,37.8648937,32.4839160,1023.74,-0.0096,0.0792,-1.4481,277.0,0.13,0.000,1.000,WAYPOINT_KAMIKAZE
2026-08-17T22:01:37.544374,37.8648933,32.4839174,1023.74,-0.0140,0.0708,-1.6563,265.0,0.30,0.000,1.000,WAYPOINT_KAMIKAZE
2026-08-17T22:01:38.544266,37.8648941,32.4839208,1023.75,-0.0121,0.0969,-1.9976,245.0,0.32,0.000,0.000,WAYPOINT_KAMIKAZE
2026-08-17T22:01:39.544305,37.8648959,32.4839237,1023.73,-0.0144,0.0490,-2.2195,232.0,0.47,0.000,0.000,WAYPOINT_KAMIKAZE
2026-08-17T22:01:40.544298,37.8648992,32.4839282,1023.72,-0.0185,0.0623,-2.4825,217.0,0.59,0.000,0.000,WAYPOINT_KAMIKAZE
2026-08-17T22:01:41.544328,37.8649028,32.4839316,1023.72,-0.0165,0.1043,-2.7240,203.0,0.42,0.000,-1.000,WAYPOINT_KAMIKAZE
2026-08-17T22:01:42.544390,37.8649038,32.4839314,1023.70,-0.0200,0.0791,-2.6482,208.0,0.07,0.000,-1.000,WAYPOINT_KAMIKAZE
2026-08-17T22:01:43.544414,37.8649022,32.4839298,1023.70,-0.0225,0.0516,-2.4951,217.0,0.27,0.000,0.000,WAYPOINT_KAMIKAZE
2026-08-17T22:01:44.544384,37.8649016,32.4839293,1023.70,-0.0052,0.0724,-2.4890,217.0,0.14,0.000,0.000,WAYPOINT_KAMIKAZE
2026-08-17T22:01:45.544411,37.8649008,32.4839283,1023.68,-0.0081,0.0796,-2.4912,217.0,0.28,0.000,0.000,WAYPOINT_KAMIKAZE
2026-08-17T22:01:46.544269,37.8648966,32.4839257,1023.65,-0.0050,0.0653,-2.6212,209.0,0.63,0.000,0.000,WAYPOINT_KAMIKAZE
2026-08-17T22:01:47.544334,37.8648919,32.4839226,1023.65,-0.0072,0.0540,-2.6791,206.0,0.57,0.000,0.000,WAYPOINT_KAMIKAZE
2026-08-17T22:01:48.544352,37.8648887,32.4839206,1023.68,-0.0133,0.0889,-2.7155,204.0,0.41,0.000,0.000,WAYPOINT_KAMIKAZE
2026-08-17T22:01:49.544394,37.8648886,32.4839183,1023.66,-0.0172,0.0521,-2.3121,227.0,0.25,0.000,0.000,WAYPOINT_KAMIKAZE
2026-08-17T22:01:50.544291,37.8648890,32.4839159,1023.64,-0.0133,0.0515,-1.7479,259.0,0.35,0.000,0.000,WAYPOINT_KAMIKAZE
2026-08-17T22:01:51.544253,37.8648882,32.4839121,1023.66,-0.0135,0.0667,-1.4759,275.0,0.33,0.000,0.000,WAYPOINT_KAMIKAZE
2026-08-17T22:01:52.544371,37.8648883,32.4839066,1023.68,-0.0074,0.0931,-1.3611,282.0,0.53,0.000,0.000,WAYPOINT_KAMIKAZE
2026-08-17T22:01:53.544321,37.8648890,32.4838977,1023.68,-0.0065,0.0633,-1.3968,279.0,0.78,0.000,0.000,WAYPOINT_KAMIKAZE
2026-08-17T22:01:54.544392,37.8648900,32.4838881,1023.70,-0.0094,0.0499,-1.4055,279.0,0.87,0.000,0.000,WAYPOINT_KAMIKAZE
2026-08-17T22:01:55.544355,37.8648908,32.4838786,1023.71,-0.0092,0.0492,-1.4144,278.0,0.88,0.000,0.000,WAYPOINT_KAMIKAZE
2026-08-17T22:01:56.544354,37.8648918,32.4838690,1023.71,-0.0108,0.0520,-1.4072,279.0,0.88,0.000,0.000,WAYPOINT_KAMIKAZE
2026-08-17T22:01:57.544402,37.8648930,32.4838596,1023.72,-0.0114,0.0519,-1.3517,282.0,0.88,0.000,0.000,WAYPOINT_KAMIKAZE
2026-08-17T22:01:58.544440,37.8648954,32.4838507,1023.75,-0.0150,0.0531,-1.1870,292.0,0.87,0.000,0.000,WAYPOINT_KAMIKAZE
2026-08-17T22:01:59.544461,37.8648994,32.4838425,1023.75,-0.0143,0.0533,-0.9809,303.0,0.89,0.000,0.000,WAYPOINT_KAMIKAZE
2026-08-17T22:02:00.544363,37.8649044,32.4838351,1023.72,-0.0067,0.0498,-0.8380,311.0,0.88,0.000,1.000,WAYPOINT_KAMIKAZE
2026-08-17T22:02:01.544349,37.8649076,32.4838281,1023.72,-0.0133,0.0578,-0.9965,302.0,0.69,0.000,0.000,WAYPOINT_KAMIKAZE
2026-08-17T22:02:02.544331,37.8649104,32.4838225,1023.70,-0.0101,0.0621,-1.0135,301.0,0.53,0.000,0.000,WAYPOINT_KAMIKAZE
2026-08-17T22:02:03.544378,37.8649130,32.4838212,1023.68,-0.0173,0.0401,-0.6471,322.0,0.30,0.000,0.000,WAYPOINT_KAMIKAZE
2026-08-17T22:02:04.544274,37.8649133,32.4838226,1023.67,0.0103,0.0662,-0.0709,355.0,0.16,0.000,1.000,WAYPOINT_KAMIKAZE
2026-08-17T22:02:05.544324,37.8649140,32.4838198,1023.68,-0.0025,0.0315,-0.2599,345.0,0.30,0.000,1.000,WAYPOINT_KAMIKAZE
2026-08-17T22:02:06.544417,37.8649163,32.4838181,1023.72,-0.0096,0.0845,-0.5693,327.0,0.36,0.000,0.000,WAYPOINT_KAMIKAZE
2026-08-17T22:02:07.544374,37.8649195,32.4838187,1023.72,-0.0202,0.0291,-0.2951,343.0,0.31,0.000,0.000,WAYPOINT_KAMIKAZE
2026-08-17T22:02:08.544346,37.8649197,32.4838201,1023.76,0.0082,0.0642,0.2743,15.0,0.16,0.000,1.000,WAYPOINT_KAMIKAZE
2026-08-17T22:02:09.544243,37.8649215,32.4838182,1023.77,-0.0190,0.0816,0.2498,14.0,0.23,0.000,-1.000,WAYPOINT_KAMIKAZE
2026-08-17T22:02:10.544337,37.8649255,32.4838196,1023.74,-0.0169,0.0689,0.4098,23.0,0.49,0.000,1.000,WAYPOINT_KAMIKAZE
2026-08-17T22:02:11.544337,37.8649297,32.4838201,1023.76,-0.0114,0.0318,0.3254,18.0,0.48,0.000,0.000,WAYPOINT_KAMIKAZE
2026-08-17T22:02:12.544330,37.8649338,32.4838211,1023.77,-0.0225,0.0713,0.2502,14.0,0.51,0.000,0.000,WAYPOINT_KAMIKAZE
2026-08-17T22:02:13.544255,37.8649350,32.4838240,1023.76,-0.0242,0.0452,0.7123,40.0,0.27,0.000,0.000,WAYPOINT_KAMIKAZE
2026-08-17T22:02:14.544338,37.8649342,32.4838243,1023.75,0.0004,0.0628,1.3035,74.0,0.11,0.000,1.000,WAYPOINT_KAMIKAZE
2026-08-17T22:02:15.544405,37.8649370,32.4838248,1023.76,-0.0000,0.0308,1.1316,64.0,0.34,0.000,1.000,WAYPOINT_KAMIKAZE
2026-08-17T22:02:16.544327,37.8649394,32.4838260,1023.77,-0.0093,0.0697,0.7048,40.0,0.41,0.000,0.000,WAYPOINT_KAMIKAZE
2026-08-17T22:02:17.544516,37.8649413,32.4838293,1023.73,-0.0267,0.0428,0.6467,37.0,0.37,0.000,0.000,WAYPOINT_KAMIKAZE
2026-08-17T22:02:18.544467,37.8649408,32.4838319,1023.72,-0.0216,0.0345,1.1106,63.0,0.29,0.000,0.000,WAYPOINT_KAMIKAZE
2026-08-17T22:02:19.544367,37.8649399,32.4838315,1023.72,0.0055,0.0688,1.7155,98.0,0.12,0.000,1.000,WAYPOINT_KAMIKAZE
2026-08-17T22:02:20.544461,37.8649419,32.4838336,1023.71,-0.0025,0.0428,1.5972,91.0,0.33,0.000,1.000,WAYPOINT_KAMIKAZE
2026-08-17T22:02:21.544346,37.8649438,32.4838362,1023.75,-0.0053,0.0582,1.2376,70.0,0.39,0.000,0.000,WAYPOINT_KAMIKAZE
2026-08-17T22:02:22.544453,37.8649445,32.4838402,1023.76,-0.0121,0.0815,1.1518,65.0,0.43,0.000,0.000,WAYPOINT_KAMIKAZE
2026-08-17T22:02:23.544402,37.8649441,32.4838464,1023.79,-0.0043,0.0774,1.5295,87.0,0.70,0.000,0.000,WAYPOINT_KAMIKAZE
2026-08-17T22:02:24.544323,37.8649422,32.4838555,1023.80,-0.0047,0.0514,1.8977,108.0,0.92,0.000,0.000,WAYPOINT_KAMIKAZE
2026-08-17T22:02:25.544343,37.8649385,32.4838643,1023.82,-0.0148,0.0435,2.1107,120.0,0.91,0.000,0.000,WAYPOINT_KAMIKAZE
2026-08-17T22:02:26.544370,37.8649339,32.4838723,1023.83,-0.0066,0.0518,2.2497,128.0,0.87,0.000,0.000,WAYPOINT_KAMIKAZE
2026-08-17T22:02:27.544291,37.8649291,32.4838795,1023.82,-0.0084,0.0492,2.3405,134.0,0.86,0.000,0.000,WAYPOINT_KAMIKAZE
2026-08-17T22:02:28.544433,37.8649240,32.4838867,1023.80,-0.0097,0.0512,2.4049,137.0,0.85,0.000,0.000,WAYPOINT_KAMIKAZE
2026-08-17T22:02:29.544363,37.8649187,32.4838934,1023.80,-0.0148,0.0461,2.4799,142.0,0.81,0.000,-1.000,WAYPOINT_KAMIKAZE
2026-08-17T22:02:30.544358,37.8649137,32.4838984,1023.81,-0.0033,0.0546,2.5521,146.0,0.69,0.000,0.000,WAYPOINT_KAMIKAZE
2026-08-17T22:02:31.544453,37.8649095,32.4839029,1023.81,-0.0086,0.0717,2.5314,145.0,0.64,0.000,-1.000,WAYPOINT_KAMIKAZE
2026-08-17T22:02:32.544312,37.8649045,32.4839063,1023.80,-0.0096,0.0641,2.7134,155.0,0.62,0.950,0.000,WAYPOINT_KAMIKAZE
2026-08-17T22:02:33.544342,37.8648999,32.4839095,1023.82,-0.0046,0.0693,2.7661,158.0,0.61,0.000,0.000,WAYPOINT_KAMIKAZE
2026-08-17T22:02:34.544358,37.8648955,32.4839134,1023.83,0.0007,0.0417,2.6601,152.0,0.56,0.000,0.000,WAYPOINT_KAMIKAZE
2026-08-17T22:02:35.544339,37.8648916,32.4839188,1023.85,-0.0039,0.0622,2.4497,140.0,0.72,0.000,0.000,WAYPOINT_KAMIKAZE
2026-08-17T22:02:36.544445,37.8648872,32.4839255,1023.84,-0.0120,0.0455,2.3687,135.0,0.73,0.000,0.000,WAYPOINT_KAMIKAZE
2026-08-17T22:02:37.544331,37.8648843,32.4839306,1023.82,-0.0070,0.0521,2.3645,135.0,0.48,0.000,0.000,WAYPOINT_KAMIKAZE
2026-08-17T22:02:38.544468,37.8648824,32.4839325,1023.81,-0.0250,0.0243,2.5769,147.0,0.15,0.000,0.000,WAYPOINT_KAMIKAZE
2026-08-17T22:02:39.544409,37.8648810,32.4839322,1023.79,-0.0157,0.0596,3.1147,178.0,0.24,0.000,-1.000,WAYPOINT_KAMIKAZE
2026-08-17T22:02:40.544252,37.8648772,32.4839333,1023.79,-0.0190,0.0711,-2.8431,197.0,0.40,0.950,0.000,WAYPOINT_KAMIKAZE
2026-08-17T22:02:41.544436,37.8648728,32.4839330,1023.78,-0.0194,0.0538,-2.6904,205.0,0.41,0.000,0.000,WAYPOINT_KAMIKAZE
2026-08-17T22:02:42.544540,37.8648698,32.4839307,1023.81,-0.0157,0.0593,-2.3871,223.0,0.26,0.000,0.000,WAYPOINT_KAMIKAZE
2026-08-17T22:02:43.544278,37.8648666,32.4839279,1023.80,-0.0066,0.0505,-2.2827,229.0,0.43,0.000,0.000,WAYPOINT_KAMIKAZE
2026-08-17T22:02:44.544389,37.8648654,32.4839245,1023.82,-0.0102,0.0528,-1.8542,253.0,0.25,0.000,0.000,WAYPOINT_KAMIKAZE
2026-08-17T22:02:45.544491,37.8648667,32.4839231,1023.82,-0.0123,0.0654,-1.1940,291.0,0.24,0.000,0.000,WAYPOINT_KAMIKAZE
2026-08-17T22:02:46.544400,37.8648691,32.4839217,1023.82,-0.0097,0.0598,-0.6462,322.0,0.31,0.000,-1.000,WAYPOINT_KAMIKAZE
2026-08-17T22:02:47.544472,37.8648713,32.4839203,1023.81,-0.0161,0.0537,-0.3119,342.0,0.35,0.000,0.000,WAYPOINT_KAMIKAZE
2026-08-17T22:02:48.546807,37.8648755,32.4839186,1023.84,-0.0054,0.0821,-0.0701,355.0,0.59,0.000,0.000,WAYPOINT_KAMIKAZE
2026-08-17T22:02:49.544524,37.8648827,32.4839167,1023.84,-0.0126,0.0548,0.0663,3.0,0.80,0.000,0.000,WAYPOINT_KAMIKAZE
2026-08-17T22:02:50.544558,37.8648914,32.4839160,1023.83,-0.0132,0.0549,0.2256,12.0,0.85,0.000,0.000,WAYPOINT_KAMIKAZE
2026-08-17T22:02:51.544407,37.8649001,32.4839145,1023.84,-0.0099,0.0463,0.2361,13.0,0.76,0.000,0.000,WAYPOINT_KAMIKAZE
2026-08-17T22:02:52.544483,37.8649067,32.4839124,1023.86,-0.0102,0.0764,0.2247,12.0,0.62,0.000,1.000,WAYPOINT_KAMIKAZE
2026-08-17T22:02:53.545981,37.8649124,32.4839104,1023.86,-0.0102,0.0895,0.1891,10.0,0.59,0.000,-1.000,WAYPOINT_KAMIKAZE
2026-08-17T22:02:54.544462,37.8649157,32.4839100,1023.83,-0.0152,0.0662,0.3773,21.0,0.61,0.000,1.000,WAYPOINT_KAMIKAZE
2026-08-17T22:02:55.544416,37.8649242,32.4839074,1023.83,0.0060,0.0168,0.2989,17.0,0.57,0.000,1.000,WAYPOINT_KAMIKAZE
2026-08-17T22:02:56.544223,37.8649281,32.4839037,1023.85,-0.0014,0.0321,-0.1439,351.0,0.49,0.000,1.000,WAYPOINT_KAMIKAZE
2026-08-17T22:02:57.544447,37.8649306,32.4839010,1023.89,-0.0056,0.0830,-0.5431,328.0,0.24,0.000,-1.000,WAYPOINT_KAMIKAZE
2026-08-17T22:02:58.544285,37.8649335,32.4838985,1023.89,-0.0033,0.0969,-0.7312,318.0,0.33,0.000,-1.000,WAYPOINT_KAMIKAZE
2026-08-17T22:02:59.544298,37.8649360,32.4838947,1023.86,-0.0027,0.0776,-0.7294,318.0,0.35,0.000,0.000,WAYPOINT_KAMIKAZE
2026-08-17T22:03:00.544271,37.8649350,32.4838910,1023.89,-0.0028,0.0333,-1.2071,290.0,0.36,0.000,0.000,WAYPOINT_KAMIKAZE
2026-08-17T22:03:01.544496,37.8649335,32.4838904,1023.92,-0.0094,0.0513,-1.8061,256.0,0.23,0.000,0.000,WAYPOINT_KAMIKAZE
2026-08-17T22:03:02.544371,37.8649334,32.4838902,1023.92,0.0008,0.0615,-2.3089,227.0,0.10,0.000,0.000,WAYPOINT_KAMIKAZE
2026-08-17T22:03:03.544376,37.8649331,32.4838899,1023.91,-0.0298,0.0715,-2.8187,198.0,0.02,0.000,-1.000,WAYPOINT_KAMIKAZE
2026-08-17T22:03:04.544375,37.8649337,32.4838855,1023.85,-0.0044,0.0290,-2.4436,220.0,0.40,0.000,-1.000,WAYPOINT_KAMIKAZE
2026-08-17T22:03:05.544359,37.8649320,32.4838850,1023.86,-0.0118,0.0628,-2.2048,233.0,0.31,0.000,0.000,WAYPOINT_KAMIKAZE
2026-08-17T22:03:06.544372,37.8649299,32.4838858,1023.88,-0.0052,0.0256,-2.5994,211.0,0.34,0.000,0.000,WAYPOINT_KAMIKAZE
2026-08-17T22:03:07.544235,37.8649299,32.4838831,1023.91,0.0018,0.0617,-2.8025,199.0,0.39,0.000,0.000,WAYPOINT_KAMIKAZE
2026-08-17T22:03:08.544403,37.8649280,32.4838809,1023.87,0.0096,0.0071,-2.5931,211.0,0.30,0.000,0.000,WAYPOINT_KAMIKAZE
2026-08-17T22:03:09.544615,37.8649267,32.4838829,1023.88,0.0136,0.0190,-3.0039,187.0,0.25,0.000,0.000,WAYPOINT_KAMIKAZE
2026-08-17T22:03:10.544351,37.8649256,32.4838818,1023.91,-0.0024,0.0467,2.8890,165.0,0.22,0.000,-1.000,WAYPOINT_KAMIKAZE
2026-08-17T22:03:11.544367,37.8649219,32.4838806,1023.92,-0.0043,0.0577,3.0171,172.0,0.44,0.000,0.000,WAYPOINT_KAMIKAZE
2026-08-17T22:03:12.544412,37.8649189,32.4838830,1023.94,0.0060,0.0806,2.7573,157.0,0.50,0.000,0.000,WAYPOINT_KAMIKAZE
2026-08-17T22:03:13.544447,37.8649147,32.4838874,1023.96,-0.0090,0.0779,2.3770,136.0,0.69,0.000,0.000,WAYPOINT_KAMIKAZE
2026-08-17T22:03:14.544409,37.8649111,32.4838932,1023.96,-0.0137,0.0672,2.2750,130.0,0.68,0.000,-1.000,WAYPOINT_KAMIKAZE
2026-08-17T22:03:15.544422,37.8649076,32.4838982,1023.95,-0.0151,0.0664,2.4842,142.0,0.63,0.000,-1.000,WAYPOINT_KAMIKAZE
2026-08-17T22:03:16.544263,37.8649036,32.4839027,1023.91,-0.0147,0.0577,2.6522,151.0,0.59,0.000,0.000,WAYPOINT_KAMIKAZE
2026-08-17T22:03:17.544359,37.8648997,32.4839079,1023.93,-0.0062,0.0628,2.5590,146.0,0.59,0.000,0.000,WAYPOINT_KAMIKAZE
2026-08-17T22:03:18.544338,37.8648953,32.4839154,1023.92,-0.0105,0.0633,2.3868,136.0,0.80,0.000,0.000,WAYPOINT_KAMIKAZE
2026-08-17T22:03:19.544418,37.8648909,32.4839241,1023.92,-0.0078,0.0563,2.2830,130.0,0.88,0.000,0.000,WAYPOINT_KAMIKAZE
2026-08-17T22:03:20.544297,37.8648867,32.4839326,1023.93,-0.0140,0.0464,2.3435,134.0,0.69,0.000,-1.000,WAYPOINT_KAMIKAZE
2026-08-17T22:03:21.544387,37.8648883,32.4839324,1023.90,0.0101,0.0289,2.2898,131.0,0.21,0.000,-1.000,WAYPOINT_KAMIKAZE
2026-08-17T22:03:22.544533,37.8648887,32.4839324,1023.86,0.0144,-0.0088,2.2432,128.0,0.14,0.000,-1.000,WAYPOINT_KAMIKAZE
2026-08-17T22:03:23.544391,37.8648885,32.4839324,1023.86,0.0074,-0.0174,2.2476,128.0,0.04,0.000,-1.000,WAYPOINT_KAMIKAZE
2026-08-17T22:03:24.544396,37.8648880,32.4839326,1023.87,0.0121,-0.0098,2.3086,132.0,0.05,0.000,-1.000,WAYPOINT_KAMIKAZE
2026-08-17T22:03:25.544217,37.8648880,32.4839321,1023.88,0.0041,-0.0074,2.4526,140.0,0.17,0.000,-1.000,WAYPOINT_KAMIKAZE
2026-08-17T22:03:26.544316,37.8648886,32.4839317,1023.89,0.0008,0.0922,2.7570,157.0,0.08,0.000,-1.000,WAYPOINT_KAMIKAZE
2026-08-17T22:03:27.544322,37.8648871,32.4839328,1023.87,-0.0106,0.0657,-3.1088,181.0,0.20,0.000,-1.000,WAYPOINT_KAMIKAZE
2026-08-17T22:03:28.544535,37.8648842,32.4839331,1023.88,-0.0193,0.0689,-2.7124,204.0,0.33,0.000,-1.000,WAYPOINT_KAMIKAZE
2026-08-17T22:03:29.544428,37.8648805,32.4839314,1023.89,-0.0116,0.0581,-2.4357,220.0,0.43,0.000,-1.000,WAYPOINT_KAMIKAZE
2026-08-17T22:03:30.544443,37.8648764,32.4839276,1023.90,-0.0069,0.0583,-2.2280,232.0,0.54,0.000,-1.000,WAYPOINT_KAMIKAZE
2026-08-17T22:03:31.544390,37.8648718,32.4839228,1023.89,-0.0097,0.0477,-2.1169,238.0,0.57,0.000,0.000,WAYPOINT_KAMIKAZE
2026-08-17T22:03:32.544358,37.8648689,32.4839182,1023.88,-0.0298,0.0143,-1.9307,249.0,0.43,0.000,0.000,WAYPOINT_KAMIKAZE
2026-08-17T22:03:33.544323,37.8648692,32.4839171,1023.91,-0.0137,0.0404,-1.3402,283.0,0.15,0.000,0.000,WAYPOINT_KAMIKAZE
2026-08-17T22:03:34.544558,37.8648700,32.4839148,1023.91,-0.0300,0.0400,-0.7329,318.0,0.27,0.000,0.000,WAYPOINT_KAMIKAZE
2026-08-17T22:03:35.544261,37.8648722,32.4839131,1023.90,-0.0318,0.0667,-0.0427,357.0,0.28,0.000,0.000,WAYPOINT_KAMIKAZE
2026-08-17T22:03:36.544361,37.8648753,32.4839130,1023.92,-0.0139,0.0676,0.5420,31.0,0.30,0.000,0.000,WAYPOINT_KAMIKAZE
2026-08-17T22:03:37.544434,37.8648795,32.4839145,1023.93,-0.0232,0.0801,0.7470,42.0,0.43,0.000,1.000,WAYPOINT_KAMIKAZE
2026-08-17T22:03:38.544359,37.8648839,32.4839156,1023.95,-0.0127,0.0387,0.4486,25.0,0.50,0.000,1.000,WAYPOINT_KAMIKAZE
2026-08-17T22:03:39.544382,37.8648875,32.4839164,1023.95,-0.0211,0.0794,0.1194,6.0,0.52,0.000,0.000,WAYPOINT_KAMIKAZE
2026-08-17T22:03:40.544333,37.8648920,32.4839191,1023.95,-0.0176,0.0734,0.2317,13.0,0.65,0.000,0.000,WAYPOINT_KAMIKAZE
2026-08-17T22:03:41.544371,37.8648969,32.4839219,1023.94,-0.0115,0.0513,0.3918,22.0,0.66,0.000,0.000,WAYPOINT_KAMIKAZE
2026-08-17T22:03:42.544987,37.8649006,32.4839237,1023.98,-0.0082,0.0598,0.3779,21.0,0.46,0.000,1.000,WAYPOINT_KAMIKAZE
2026-08-17T22:03:43.544363,37.8649034,32.4839233,1023.95,-0.0011,0.0410,0.1128,6.0,0.42,0.000,1.000,WAYPOINT_KAMIKAZE
2026-08-17T22:03:44.544269,37.8649050,32.4839209,1023.95,-0.0064,0.0366,-0.4081,336.0,0.40,0.000,1.000,WAYPOINT_KAMIKAZE
2026-08-17T22:03:45.544345,37.8649055,32.4839188,1023.98,-0.0067,0.0467,-0.9721,304.0,0.28,0.000,0.000,WAYPOINT_KAMIKAZE
2026-08-17T22:03:46.544346,37.8649059,32.4839161,1024.00,-0.0045,0.0424,-1.4110,279.0,0.30,0.000,1.000,WAYPOINT_KAMIKAZE
2026-08-17T22:03:47.544519,37.8649044,32.4839130,1024.02,-0.0162,0.0851,-1.8893,251.0,0.34,0.000,0.000,WAYPOINT_KAMIKAZE
2026-08-17T22:03:48.544351,37.8649023,32.4839109,1024.01,0.0027,0.0078,-2.3805,223.0,0.29,0.000,0.000,WAYPOINT_KAMIKAZE
2026-08-17T22:03:49.544462,37.8649016,32.4839116,1024.03,-0.0230,0.0610,-3.0032,187.0,0.11,0.000,0.000,WAYPOINT_KAMIKAZE
2026-08-17T22:03:50.544356,37.8648996,32.4839109,1024.03,0.0094,0.0512,2.9273,167.0,0.22,0.000,0.000,WAYPOINT_KAMIKAZE
2026-08-17T22:03:51.544390,37.8648960,32.4839142,1024.06,0.0090,0.0986,2.5462,145.0,0.58,0.000,0.000,WAYPOINT_KAMIKAZE
2026-08-17T22:03:52.544503,37.8648911,32.4839212,1024.05,-0.0069,0.0522,2.3533,134.0,0.84,0.000,0.000,WAYPOINT_KAMIKAZE
2026-08-17T22:03:53.544402,37.8648866,32.4839290,1024.07,-0.0148,0.0501,2.3370,133.0,0.83,0.000,-1.000,WAYPOINT_KAMIKAZE
2026-08-17T22:03:54.544372,37.8648824,32.4839354,1024.05,-0.0116,0.0557,2.4486,140.0,0.79,0.000,-1.000,WAYPOINT_KAMIKAZE
2026-08-17T22:03:55.544321,37.8648831,32.4839345,1024.04,0.0087,0.1106,2.8602,163.0,0.13,0.000,-1.000,WAYPOINT_KAMIKAZE
2026-08-17T22:03:56.544404,37.8648832,32.4839345,1024.01,0.0160,0.0844,-2.9659,190.0,0.22,0.000,-1.000,WAYPOINT_KAMIKAZE
2026-08-17T22:03:57.544327,37.8648828,32.4839344,1024.01,0.0013,0.0722,-2.5153,215.0,0.15,0.000,-1.000,WAYPOINT_KAMIKAZE
2026-08-17T22:03:58.544559,37.8648798,32.4839335,1024.00,-0.0145,0.0625,-2.2404,231.0,0.26,0.000,0.000,WAYPOINT_KAMIKAZE
2026-08-17T22:03:59.544364,37.8648775,32.4839304,1023.99,-0.0298,0.0317,-1.9346,249.0,0.28,0.000,0.000,WAYPOINT_KAMIKAZE
2026-08-17T22:04:00.544366,37.8648775,32.4839283,1023.98,-0.0200,0.0313,-1.3810,280.0,0.18,0.000,0.000,WAYPOINT_KAMIKAZE
2026-08-17T22:04:01.544426,37.8648782,32.4839272,1023.96,-0.0197,0.0454,-0.7345,317.0,0.21,0.000,0.000,WAYPOINT_KAMIKAZE
2026-08-17T22:04:02.544593,37.8648802,32.4839258,1023.96,-0.0155,0.0761,-0.1206,353.0,0.28,0.000,0.000,WAYPOINT_KAMIKAZE
2026-08-17T22:04:03.544502,37.8648837,32.4839248,1023.93,-0.0162,0.0616,0.2040,11.0,0.31,0.000,0.000,WAYPOINT_KAMIKAZE
2026-08-17T22:04:04.544324,37.8648889,32.4839249,1023.93,-0.0101,0.0633,0.1944,11.0,0.57,0.000,0.000,WAYPOINT_KAMIKAZE
2026-08-17T22:04:05.544235,37.8648954,32.4839262,1023.94,-0.0130,0.0507,0.1979,11.0,0.68,0.000,0.000,WAYPOINT_KAMIKAZE
2026-08-17T22:04:06.544338,37.8649002,32.4839280,1023.95,-0.0126,0.0475,0.2860,16.0,0.53,0.000,0.000,IDLE
2026-08-17T22:04:07.544342,37.8649023,32.4839280,1023.94,0.0056,0.0120,0.1004,5.0,0.30,0.000,0.000,IDLE
2026-08-17T22:04:08.544581,37.8649020,32.4839265,1023.92,0.0022,0.0458,-0.4825,332.0,0.27,0.000,0.000,IDLE
2026-08-17T22:04:09.545079,37.8649024,32.4839257,1023.95,0.0070,0.0334,-1.0136,301.0,0.19,0.000,0.000,IDLE
2026-08-17T22:04:10.544407,37.8649023,32.4839243,1024.00,0.0076,0.0710,-1.6113,267.0,0.14,0.000,0.000,IDLE
2026-08-17T22:04:11.544384,37.8649024,32.4839209,1024.02,0.0009,0.0940,-1.9551,247.0,0.31,0.000,0.000,IDLE
2026-08-17T22:04:12.544485,37.8649007,32.4839139,1024.01,-0.0097,0.0719,-1.9150,250.0,0.68,0.000,0.000,IDLE
2026-08-17T22:04:13.544245,37.8648984,32.4839060,1024.02,-0.0125,0.0498,-1.8308,255.0,0.71,0.000,0.000,IDLE
2026-08-17T22:04:14.544392,37.8648962,32.4838999,1023.87,-0.0105,0.0610,-1.8663,253.0,0.62,0.000,0.000,IDLE
2026-08-17T22:04:15.544444,37.8648945,32.4838942,1023.65,-0.0097,0.0696,-1.8926,251.0,0.59,0.000,0.000,IDLE
2026-08-17T22:04:16.544423,37.8648924,32.4838892,1023.56,-0.0074,0.0664,-1.9751,246.0,0.55,0.000,0.000,IDLE
2026-08-17T22:04:17.544744,37.8648900,32.4838844,1023.51,-0.0109,0.0680,-2.0483,242.0,0.52,0.000,0.000,IDLE
2026-08-17T22:04:18.544568,37.8648874,32.4838800,1023.47,-0.0097,0.0674,-2.1013,239.0,0.52,0.000,0.000,IDLE
2026-08-17T22:04:19.544731,37.8648845,32.4838756,1023.44,-0.0092,0.0660,-2.1590,236.0,0.52,0.000,0.000,IDLE
2026-08-17T22:04:20.544306,37.8648816,32.4838713,1023.41,-0.0101,0.0640,-2.2140,233.0,0.52,0.000,0.000,IDLE
2026-08-17T22:04:21.544475,37.8648786,32.4838671,1023.39,-0.0091,0.0669,-2.2711,229.0,0.52,0.000,0.000,IDLE
2026-08-17T22:04:22.544356,37.8648754,32.4838632,1023.38,-0.0100,0.0676,-2.3382,226.0,0.51,0.000,0.000,IDLE
2026-08-17T22:04:23.544522,37.8648720,32.4838597,1023.38,-0.0086,0.0688,-2.3965,222.0,0.50,0.000,0.000,IDLE
2026-08-17T22:04:24.544238,37.8648686,32.4838564,1023.38,-0.0096,0.0656,-2.4518,219.0,0.50,0.000,0.000,IDLE
2026-08-17T22:04:25.544351,37.8648650,32.4838535,1023.42,-0.0090,0.0666,-2.5084,216.0,0.49,0.000,0.000,IDLE
2026-08-17T22:04:26.544413,37.8648612,32.4838510,1023.46,-0.0087,0.0476,-2.5657,213.0,0.39,0.000,0.000,IDLE
2026-08-17T22:04:27.544240,37.8648634,32.4838535,1023.47,-0.0199,0.0433,-2.6492,208.0,0.54,0.000,0.000,IDLE
2026-08-17T22:04:28.544364,37.8648673,32.4838570,1023.48,0.0033,0.0592,-2.7040,205.0,0.50,0.000,0.000,IDLE
2026-08-17T22:04:29.544449,37.8648671,32.4838592,1023.50,-0.0157,0.1014,-2.8566,196.0,0.23,0.000,0.000,IDLE
2026-08-17T22:04:30.544377,37.8648663,32.4838595,1023.52,-0.0218,0.0668,-3.0414,185.0,0.12,0.000,0.000,IDLE
2026-08-17T22:04:31.544265,37.8648672,32.4838604,1023.49,-0.0139,0.0831,-3.1108,181.0,0.18,0.000,0.000,IDLE
2026-08-17T22:04:32.544406,37.8648676,32.4838618,1023.49,-0.0196,0.0678,3.1012,177.0,0.15,0.000,0.000,IDLE
2026-08-17T22:04:33.544368,37.8648680,32.4838635,1023.45,-0.0212,0.0740,3.0707,175.0,0.16,0.000,0.000,IDLE
2026-08-17T22:04:34.544309,37.8648682,32.4838652,1023.44,-0.0143,0.0801,3.0034,172.0,0.18,0.000,0.000,IDLE
2026-08-17T22:04:35.544420,37.8648681,32.4838669,1023.50,-0.0091,0.0600,2.7321,156.0,0.19,0.000,0.000,IDLE
2026-08-17T22:04:36.544557,37.8648676,32.4838680,1023.53,-0.0073,0.0694,2.3655,135.0,0.18,0.000,0.000,IDLE
2026-08-17T22:04:37.544524,37.8648668,32.4838700,1023.57,-0.0143,0.0578,2.1479,123.0,0.20,0.000,0.000,IDLE
2026-08-17T22:04:38.544452,37.8648663,32.4838731,1023.57,-0.0126,0.0441,1.9791,113.0,0.29,0.000,0.000,IDLE
2026-08-17T22:04:39.544540,37.8648660,32.4838768,1023.59,-0.0116,0.0809,1.8884,108.0,0.35,0.000,0.000,IDLE
2026-08-17T22:04:40.544322,37.8648661,32.4838813,1023.55,-0.0076,0.0666,1.7383,99.0,0.44,0.000,0.000,IDLE
2026-08-17T22:04:41.544249,37.8648668,32.4838859,1023.55,-0.0078,0.0671,1.6095,92.0,0.48,0.000,0.000,IDLE
2026-08-17T22:04:42.544328,37.8648677,32.4838909,1023.60,-0.0077,0.0722,1.5017,86.0,0.50,0.000,0.000,IDLE
2026-08-17T22:04:43.544379,37.8648690,32.4838958,1023.58,-0.0102,0.0697,1.3944,79.0,0.52,0.000,0.000,IDLE
2026-08-17T22:04:44.544541,37.8648703,32.4839006,1023.53,-0.0090,0.0663,1.3020,74.0,0.50,0.000,0.000,IDLE
2026-08-17T22:04:45.544380,37.8648721,32.4839052,1023.53,-0.0074,0.0673,1.2451,71.0,0.50,0.000,0.000,IDLE
2026-08-17T22:04:46.544354,37.8648740,32.4839099,1023.50,-0.0082,0.0692,1.1891,68.0,0.49,0.000,0.000,IDLE
2026-08-17T22:04:47.544336,37.8648761,32.4839146,1023.46,-0.0095,0.0677,1.1489,65.0,0.50,0.000,0.000,IDLE
2026-08-17T22:04:48.544352,37.8648784,32.4839194,1023.47,-0.0073,0.0646,1.0944,62.0,0.52,0.000,0.000,IDLE
2026-08-17T22:04:49.544320,37.8648810,32.4839238,1023.48,-0.0065,0.0708,1.0136,58.0,0.51,0.000,0.000,IDLE
2026-08-17T22:04:50.544539,37.8648841,32.4839280,1023.47,-0.0057,0.0690,0.9229,52.0,0.52,0.000,0.000,IDLE
2026-08-17T22:04:51.544341,37.8648877,32.4839320,1023.49,-0.0055,0.0694,0.8278,47.0,0.53,0.000,0.000,IDLE
2026-08-17T22:04:52.544396,37.8648894,32.4839331,1023.47,-0.0121,0.0306,0.7360,42.0,0.08,0.000,0.000,IDLE
2026-08-17T22:04:53.544440,37.8648887,32.4839324,1023.41,-0.0086,0.0661,0.6380,36.0,0.06,0.000,0.000,IDLE
2026-08-17T22:04:54.544332,37.8648885,32.4839324,1023.39,-0.0066,0.0844,0.5548,31.0,0.05,0.000,0.000,IDLE
2026-08-17T22:04:55.544532,37.8648884,32.4839324,1023.40,-0.0108,0.0862,0.4749,27.0,0.03,0.000,0.000,IDLE
2026-08-17T22:04:56.544394,37.8648885,32.4839325,1023.40,-0.0109,0.0827,0.3937,22.0,0.01,0.000,0.000,IDLE
2026-08-17T22:04:57.544357,37.8648884,32.4839331,1023.39,-0.0063,0.0826,0.3019,17.0,0.08,0.000,0.000,IDLE
2026-08-17T22:04:58.544334,37.8648883,32.4839349,1023.41,-0.0158,0.0867,0.1984,11.0,0.15,0.000,0.000,IDLE
2026-08-17T22:04:59.544360,37.8648882,32.4839365,1023.42,-0.0121,0.0841,0.0970,5.0,0.13,0.000,0.000,IDLE
2026-08-17T22:05:00.544434,37.8648880,32.4839378,1023.43,-0.0109,0.0781,0.0076,0.0,0.09,0.000,0.000,IDLE
2026-08-17T22:05:01.544285,37.8648876,32.4839393,1023.40,-0.0146,0.0580,-0.0788,355.0,0.14,0.000,0.000,IDLE
2026-08-17T22:05:02.544378,37.8648877,32.4839410,1023.40,-0.0155,0.0792,-0.1239,352.0,0.14,0.000,0.000,IDLE
2026-08-17T22:05:03.544434,37.8648876,32.4839426,1023.37,-0.0158,0.0569,-0.1795,349.0,0.12,0.000,0.000,IDLE
2026-08-17T22:05:04.544283,37.8648877,32.4839441,1023.33,-0.0129,0.0575,-0.2511,345.0,0.09,0.000,0.000,IDLE
2026-08-17T22:05:05.544363,37.8648880,32.4839455,1023.36,-0.0199,0.0691,-0.3285,341.0,0.06,0.000,0.000,IDLE
2026-08-17T22:05:06.544592,37.8648882,32.4839464,1023.38,-0.0194,0.0732,-0.4239,335.0,0.01,0.000,0.000,IDLE
2026-08-17T22:05:07.544355,37.8648885,32.4839465,1023.41,-0.0184,0.0724,-0.5096,330.0,0.06,0.000,0.000,IDLE
2026-08-17T22:05:08.544348,37.8648889,32.4839464,1023.45,-0.0145,0.0760,-0.5641,327.0,0.05,0.000,0.000,IDLE
2026-08-17T22:05:09.544637,37.8648889,32.4839463,1023.46,-0.0148,0.0713,-0.6048,325.0,0.03,0.000,0.000,IDLE
2026-08-17T22:05:10.544349,37.8648887,32.4839461,1023.56,-0.0100,0.0647,-0.6538,322.0,0.03,0.000,0.000,IDLE
2026-08-17T22:05:11.544309,37.8648888,32.4839462,1023.54,-0.0132,0.0690,-0.6991,319.0,0.02,0.000,0.000,IDLE
2026-08-17T22:05:12.544547,37.8648888,32.4839463,1023.53,-0.0130,0.0717,-0.7442,317.0,0.03,0.000,0.000,IDLE
2026-08-17T22:05:13.544355,37.8648889,32.4839459,1023.55,-0.0075,0.0644,-0.7518,316.0,0.06,0.000,0.000,IDLE
2026-08-17T22:05:14.544322,37.8648890,32.4839454,1023.59,-0.0185,0.0692,-0.8065,313.0,0.02,0.000,0.000,IDLE
2026-08-17T22:05:15.544556,37.8648891,32.4839452,1023.61,-0.0127,0.0725,-0.8689,310.0,0.01,0.000,0.000,IDLE
2026-08-17T22:05:16.544362,37.8648892,32.4839452,1023.59,-0.0131,0.0665,-0.9204,307.0,0.00,0.000,0.000,IDLE
2026-08-17T22:05:17.544346,37.8648894,32.4839453,1023.54,-0.0081,0.0685,-0.9621,304.0,0.01,0.000,0.000,IDLE
2026-08-17T22:05:18.544400,37.8648897,32.4839454,1023.54,-0.0102,0.0757,-0.9926,303.0,0.01,0.000,0.000,IDLE
2026-08-17T22:05:19.544321,37.8648899,32.4839454,1023.55,-0.0108,0.0746,-1.0180,301.0,0.02,0.000,0.000,IDLE
2026-08-17T22:05:20.544327,37.8648901,32.4839454,1023.56,-0.0125,0.0737,-1.0368,300.0,0.02,0.000,0.000,IDLE
2026-08-17T22:05:21.544365,37.8648903,32.4839451,1023.53,-0.0122,0.0740,-1.0544,299.0,0.04,0.000,0.000,IDLE
2026-08-17T22:05:22.544413,37.8648906,32.4839450,1023.50,-0.0099,0.0753,-1.0726,298.0,0.04,0.000,0.000,IDLE
2026-08-17T22:05:23.544396,37.8648909,32.4839449,1023.46,-0.0058,0.0747,-1.0910,297.0,0.04,0.000,0.000,IDLE
2026-08-17T22:05:24.544342,37.8648910,32.4839449,1023.40,-0.0070,0.0748,-1.1100,296.0,0.03,0.000,0.000,IDLE
2026-08-17T22:05:25.544441,37.8648912,32.4839450,1023.38,-0.0108,0.0753,-1.1299,295.0,0.02,0.000,0.000,IDLE
2026-08-17T22:05:26.544344,37.8648914,32.4839451,1023.36,-0.0085,0.0749,-1.1489,294.0,0.01,0.000,0.000,IDLE
2026-08-17T22:05:27.544349,37.8648915,32.4839451,1023.35,-0.0116,0.0775,-1.1670,293.0,0.01,0.000,0.000,IDLE
2026-08-17T22:05:28.544501,37.8648915,32.4839452,1023.36,-0.0114,0.0743,-1.1840,292.0,0.02,0.000,0.000,IDLE
2026-08-17T22:05:29.544354,37.8648918,32.4839452,1023.37,-0.0090,0.0744,-1.2020,291.0,0.01,0.000,0.000,IDLE
2026-08-17T22:05:30.544455,37.8648919,32.4839452,1023.39,-0.0053,0.0763,-1.2187,290.0,0.02,0.000,0.000,IDLE
2026-08-17T22:05:31.544228,37.8648919,32.4839453,1023.40,-0.0108,0.0745,-1.2338,289.0,0.02,0.000,0.000,IDLE
2026-08-17T22:05:32.544482,37.8648920,32.4839452,1023.38,-0.0048,0.0758,-1.2470,288.0,0.02,0.000,0.000,IDLE
2026-08-17T22:05:33.544348,37.8648922,32.4839452,1023.39,-0.0082,0.0777,-1.2567,288.0,0.02,0.000,0.000,IDLE
2026-08-17T22:05:34.544276,37.8648923,32.4839452,1023.39,-0.0068,0.0769,-1.2641,287.0,0.01,0.000,0.000,IDLE
2026-08-17T22:05:35.544442,37.8648925,32.4839452,1023.41,-0.0080,0.0741,-1.2690,287.0,0.01,0.000,0.000,IDLE
2026-08-17T22:05:36.544408,37.8648926,32.4839452,1023.41,-0.0108,0.0724,-1.2733,287.0,0.01,0.000,0.000,IDLE
2026-08-17T22:05:37.544442,37.8648929,32.4839452,1023.44,-0.0092,0.0740,-1.2723,287.0,0.01,0.000,0.000,IDLE
2026-08-17T22:05:38.544323,37.8648931,32.4839452,1023.44,-0.0086,0.0721,-1.2733,287.0,0.02,0.000,0.000,IDLE
2026-08-17T22:05:39.544451,37.8648931,32.4839455,1023.46,-0.0108,0.0729,-1.2714,287.0,0.01,0.000,0.000,IDLE
2026-08-17T22:05:40.544347,37.8648933,32.4839455,1023.45,-0.0156,0.0745,-1.2697,287.0,0.01,0.000,0.000,IDLE
2026-08-17T22:05:41.544466,37.8648937,32.4839455,1023.43,-0.0093,0.0776,-1.2676,287.0,0.05,0.000,0.000,IDLE
2026-08-17T22:05:42.544406,37.8648940,32.4839454,1023.41,0.0008,0.0702,-1.2627,287.0,0.03,0.000,0.000,IDLE
2026-08-17T22:05:43.544543,37.8648942,32.4839453,1023.40,-0.0096,0.0711,-1.2624,287.0,0.03,0.000,0.000,IDLE
2026-08-17T22:05:44.544575,37.8648945,32.4839451,1023.41,-0.0015,0.0746,-1.2548,288.0,0.03,0.000,0.000,IDLE
2026-08-17T22:05:45.544367,37.8648948,32.4839449,1023.40,-0.0037,0.0721,-1.2547,288.0,0.04,0.000,0.000,IDLE
2026-08-17T22:05:46.544502,37.8648951,32.4839449,1023.39,-0.0082,0.0744,-1.2557,288.0,0.04,0.000,0.000,IDLE
2026-08-17T22:05:47.544452,37.8648953,32.4839447,1023.39,-0.0081,0.0766,-1.2593,287.0,0.04,0.000,0.000,IDLE
2026-08-17T22:05:48.544519,37.8648956,32.4839446,1023.41,-0.0108,0.0752,-1.2637,287.0,0.03,0.000,0.000,IDLE
2026-08-17T22:05:49.544323,37.8648958,32.4839446,1023.42,-0.0069,0.0741,-1.2699,287.0,0.02,0.000,0.000,IDLE
2026-08-17T22:05:50.544347,37.8648959,32.4839446,1023.44,-0.0096,0.0758,-1.2768,286.0,0.02,0.000,0.000,IDLE
2026-08-17T22:05:51.544538,37.8648961,32.4839445,1023.42,-0.0080,0.0764,-1.2841,286.0,0.01,0.000,0.000,IDLE
2026-08-17T22:05:52.544496,37.8648964,32.4839444,1023.45,-0.0091,0.0770,-1.2909,286.0,0.01,0.000,0.000,IDLE
2026-08-17T22:05:53.544396,37.8648966,32.4839442,1023.44,-0.0081,0.0769,-1.2986,285.0,0.02,0.000,0.000,IDLE
2026-08-17T22:05:54.544328,37.8648968,32.4839439,1023.45,-0.0098,0.0734,-1.3065,285.0,0.03,0.000,0.000,IDLE
2026-08-17T22:05:55.544387,37.8648969,32.4839438,1023.48,-0.0085,0.0730,-1.3135,284.0,0.02,0.000,0.000,IDLE
2026-08-17T22:05:56.544529,37.8648972,32.4839438,1023.52,-0.0097,0.0756,-1.3220,284.0,0.02,0.000,0.000,IDLE
2026-08-17T22:05:57.544578,37.8648974,32.4839435,1023.51,-0.0120,0.0762,-1.3295,283.0,0.03,0.000,0.000,IDLE
2026-08-17T22:05:58.544299,37.8648975,32.4839434,1023.51,-0.0123,0.0736,-1.3383,283.0,0.03,0.000,0.000,IDLE
2026-08-17T22:05:59.544536,37.8648977,32.4839431,1023.50,-0.0083,0.0746,-1.3464,282.0,0.02,0.000,0.000,IDLE
2026-08-17T22:06:00.544268,37.8648979,32.4839430,1023.49,-0.0081,0.0768,-1.3559,282.0,0.02,0.000,0.000,IDLE
2026-08-17T22:06:01.544401,37.8648981,32.4839429,1023.48,-0.0095,0.0772,-1.3663,281.0,0.01,0.000,0.000,IDLE
2026-08-17T22:06:02.544357,37.8648981,32.4839429,1023.47,-0.0110,0.0770,-1.3786,281.0,0.02,0.000,0.000,IDLE
2026-08-17T22:06:03.544513,37.8648983,32.4839427,1023.45,-0.0081,0.0734,-1.3905,280.0,0.02,0.000,0.000,IDLE
2026-08-17T22:06:04.544388,37.8648985,32.4839427,1023.45,-0.0069,0.0740,-1.4036,279.0,0.02,0.000,0.000,IDLE
2026-08-17T22:06:05.544435,37.8648985,32.4839427,1023.45,-0.0051,0.0777,-1.4177,278.0,0.03,0.000,0.000,IDLE
2026-08-17T22:06:06.544346,37.8648986,32.4839425,1023.47,-0.0079,0.0794,-1.4319,277.0,0.04,0.000,0.000,IDLE
2026-08-17T22:06:07.544345,37.8648988,32.4839423,1023.47,-0.0087,0.0772,-1.4476,277.0,0.03,0.000,0.000,IDLE
2026-08-17T22:06:08.544458,37.8648989,32.4839422,1023.47,-0.0097,0.0745,-1.4629,276.0,0.03,0.000,0.000,IDLE
2026-08-17T22:06:09.544398,37.8648990,32.4839420,1023.49,-0.0111,0.0719,-1.4779,275.0,0.03,0.000,0.000,IDLE
2026-08-17T22:06:10.544290,37.8648992,32.4839419,1023.51,-0.0092,0.0732,-1.4946,274.0,0.02,0.000,0.000,IDLE
2026-08-17T22:06:11.544514,37.8648994,32.4839417,1023.51,-0.0069,0.0765,-1.5110,273.0,0.02,0.000,0.000,IDLE
2026-08-17T22:06:12.544360,37.8648995,32.4839415,1023.52,-0.0092,0.0786,-1.5290,272.0,0.02,0.000,0.000,IDLE
2026-08-17T22:06:13.544642,37.8648997,32.4839414,1023.52,-0.0111,0.0763,-1.5473,271.0,0.01,0.000,0.000,IDLE
2026-08-17T22:06:14.544462,37.8648998,32.4839412,1023.54,-0.0115,0.0739,-1.5645,270.0,0.02,0.000,0.000,IDLE
2026-08-17T22:06:15.544381,37.8649000,32.4839410,1023.54,-0.0104,0.0724,-1.5841,269.0,0.02,0.000,0.000,IDLE
2026-08-17T22:06:16.544411,37.8649001,32.4839409,1023.55,-0.0075,0.0722,-1.6020,268.0,0.02,0.000,0.000,IDLE
2026-08-17T22:06:17.544457,37.8649003,32.4839406,1023.54,-0.0082,0.0748,-1.6216,267.0,0.02,0.000,0.000,IDLE
2026-08-17T22:06:18.544231,37.8649003,32.4839404,1023.54,-0.0079,0.0763,-1.6400,266.0,0.03,0.000,0.000,IDLE
2026-08-17T22:06:19.544262,37.8649004,32.4839399,1023.53,-0.0084,0.0766,-1.6606,264.0,0.03,0.000,0.000,IDLE
2026-08-17T22:06:20.544329,37.8649006,32.4839395,1023.51,-0.0086,0.0767,-1.6802,263.0,0.04,0.000,0.000,IDLE
2026-08-17T22:06:21.544327,37.8649006,32.4839392,1023.51,-0.0099,0.0772,-1.7011,262.0,0.04,0.000,0.000,IDLE
2026-08-17T22:06:22.544614,37.8649007,32.4839390,1023.51,-0.0099,0.0769,-1.7225,261.0,0.03,0.000,0.000,IDLE
2026-08-17T22:06:23.544681,37.8649009,32.4839386,1023.52,-0.0093,0.0747,-1.7446,260.0,0.03,0.000,0.000,IDLE
2026-08-17T22:06:24.544382,37.8649009,32.4839384,1023.53,-0.0085,0.0738,-1.7660,258.0,0.02,0.000,0.000,IDLE
2026-08-17T22:06:25.544348,37.8649010,32.4839381,1023.54,-0.0086,0.0744,-1.7879,257.0,0.03,0.000,0.000,IDLE
2026-08-17T22:06:26.544450,37.8649010,32.4839378,1023.56,-0.0076,0.0755,-1.8091,256.0,0.04,0.000,0.000,IDLE
2026-08-17T22:06:27.544253,37.8649012,32.4839377,1023.57,-0.0098,0.0759,-1.8301,255.0,0.02,0.000,0.000,IDLE
2026-08-17T22:06:28.544377,37.8649012,32.4839375,1023.61,-0.0092,0.0746,-1.8513,253.0,0.02,0.000,0.000,IDLE
2026-08-17T22:06:29.544410,37.8649014,32.4839373,1023.59,-0.0088,0.0749,-1.8706,252.0,0.01,0.000,0.000,IDLE
2026-08-17T22:06:30.544393,37.8649016,32.4839371,1023.54,-0.0088,0.0755,-1.8916,251.0,0.00,0.000,0.000,IDLE
2026-08-17T22:06:31.544571,37.8649016,32.4839370,1023.49,-0.0109,0.0752,-1.9117,250.0,0.02,0.000,0.000,IDLE
2026-08-17T22:06:32.544396,37.8649017,32.4839367,1023.50,-0.0116,0.0749,-1.9334,249.0,0.02,0.000,0.000,IDLE
2026-08-17T22:06:33.544321,37.8649018,32.4839362,1023.50,-0.0072,0.0759,-1.9542,248.0,0.02,0.000,0.000,IDLE
2026-08-17T22:06:34.544413,37.8649019,32.4839359,1023.47,-0.0132,0.0775,-1.9799,246.0,0.03,0.000,0.000,IDLE
2026-08-17T22:06:35.544542,37.8649021,32.4839354,1023.48,-0.0107,0.0734,-2.0028,245.0,0.02,0.000,0.000,IDLE
2026-08-17T22:06:36.544378,37.8649021,32.4839351,1023.42,-0.0165,0.0740,-2.0307,243.0,0.03,0.000,0.000,IDLE
2026-08-17T22:06:37.544437,37.8649020,32.4839349,1023.37,-0.0145,0.0733,-2.0560,242.0,0.03,0.000,0.000,IDLE
2026-08-17T22:06:38.544391,37.8649018,32.4839347,1023.40,-0.0120,0.0733,-2.0834,240.0,0.04,0.000,0.000,IDLE
2026-08-17T22:06:39.544535,37.8649019,32.4839346,1023.42,-0.0101,0.0726,-2.1084,239.0,0.03,0.000,0.000,IDLE
2026-08-17T22:06:40.544491,37.8649020,32.4839345,1023.41,-0.0078,0.0747,-2.1357,237.0,0.02,0.000,0.000,IDLE
2026-08-17T22:06:41.544324,37.8649020,32.4839343,1023.47,-0.0088,0.0774,-2.1616,236.0,0.03,0.000,0.000,IDLE
2026-08-17T22:06:42.544733,37.8649020,32.4839340,1023.49,-0.0093,0.0768,-2.1886,234.0,0.03,0.000,0.000,IDLE
2026-08-17T22:06:43.544276,37.8649021,32.4839337,1023.50,-0.0109,0.0741,-2.2155,233.0,0.02,0.000,0.000,IDLE
2026-08-17T22:06:44.544436,37.8649022,32.4839333,1023.50,-0.0099,0.0726,-2.2412,231.0,0.02,0.000,0.000,IDLE
2026-08-17T22:06:45.544472,37.8649023,32.4839332,1023.52,-0.0088,0.0736,-2.2673,230.0,0.02,0.000,0.000,IDLE
2026-08-17T22:06:46.544657,37.8649025,32.4839329,1023.54,-0.0095,0.0747,-2.2930,228.0,0.02,0.000,0.000,IDLE
2026-08-17T22:06:47.544337,37.8649025,32.4839326,1023.51,-0.0094,0.0747,-2.3199,227.0,0.03,0.000,0.000,IDLE
2026-08-17T22:06:48.544210,37.8649025,32.4839324,1023.51,-0.0109,0.0742,-2.3471,225.0,0.04,0.000,0.000,IDLE
2026-08-17T22:06:49.544560,37.8649027,32.4839322,1023.52,-0.0140,0.0752,-2.3727,224.0,0.02,0.000,0.000,IDLE
2026-08-17T22:06:50.544351,37.8649027,32.4839320,1023.49,-0.0119,0.0751,-2.3993,222.0,0.03,0.000,0.000,IDLE
2026-08-17T22:06:51.544408,37.8649028,32.4839318,1023.43,-0.0106,0.0755,-2.4256,221.0,0.03,0.000,0.000,IDLE
2026-08-17T22:06:52.544375,37.8649028,32.4839318,1023.45,-0.0088,0.0752,-2.4513,219.0,0.03,0.000,0.000,IDLE
2026-08-17T22:06:53.544561,37.8649030,32.4839317,1023.46,-0.0090,0.0756,-2.4790,217.0,0.04,0.000,0.000,IDLE
2026-08-17T22:06:54.544375,37.8649032,32.4839317,1023.45,-0.0099,0.0762,-2.5042,216.0,0.03,0.000,0.000,IDLE
2026-08-17T22:06:55.545158,37.8649032,32.4839315,1023.43,-0.0088,0.0757,-2.5314,214.0,0.02,0.000,0.000,IDLE
2026-08-17T22:06:56.544593,37.8649033,32.4839313,1023.43,-0.0063,0.0764,-2.5564,213.0,0.02,0.000,0.000,IDLE
2026-08-17T22:06:57.544431,37.8649030,32.4839309,1023.41,-0.0073,0.0753,-2.5829,212.0,0.03,0.000,0.000,IDLE
2026-08-17T22:06:58.544458,37.8649029,32.4839305,1023.43,-0.0086,0.0744,-2.6082,210.0,0.03,0.000,0.000,IDLE
2026-08-17T22:06:59.544416,37.8649028,32.4839303,1023.43,-0.0091,0.0740,-2.6335,209.0,0.04,0.000,0.000,IDLE
2026-08-17T22:07:00.544398,37.8649026,32.4839302,1023.40,-0.0047,0.0727,-2.6593,207.0,0.04,0.000,0.000,IDLE
2026-08-17T22:07:01.544352,37.8649024,32.4839302,1023.40,-0.0079,0.0724,-2.6838,206.0,0.04,0.000,0.000,IDLE
2026-08-17T22:07:02.544373,37.8649023,32.4839301,1023.39,-0.0071,0.0754,-2.7091,204.0,0.04,0.000,0.000,IDLE
2026-08-17T22:07:03.544482,37.8649022,32.4839299,1023.39,-0.0097,0.0758,-2.7347,203.0,0.04,0.000,0.000,IDLE
2026-08-17T22:07:04.544390,37.8649019,32.4839297,1023.43,-0.0092,0.0749,-2.7607,201.0,0.04,0.000,0.000,IDLE
2026-08-17T22:07:05.544361,37.8649017,32.4839296,1023.42,-0.0123,0.0731,-2.7870,200.0,0.04,0.000,0.000,IDLE
2026-08-17T22:07:06.544450,37.8649015,32.4839295,1023.44,-0.0117,0.0737,-2.8119,198.0,0.04,0.000,0.000,IDLE
2026-08-17T22:07:07.545125,37.8649015,32.4839293,1023.48,-0.0075,0.0791,-2.8382,197.0,0.02,0.000,0.000,IDLE
2026-08-17T22:07:08.544467,37.8649014,32.4839292,1023.54,-0.0033,0.0798,-2.8638,195.0,0.01,0.000,0.000,IDLE
2026-08-17T22:07:09.544517,37.8649012,32.4839291,1023.60,-0.0046,0.0757,-2.8902,194.0,0.03,0.000,0.000,IDLE
2026-08-17T22:07:10.544565,37.8649009,32.4839290,1023.63,-0.0081,0.0726,-2.9150,192.0,0.03,0.000,0.000,IDLE
2026-08-17T22:07:11.544616,37.8649007,32.4839291,1023.68,-0.0101,0.0709,-2.9391,191.0,0.03,0.000,0.000,IDLE
2026-08-17T22:07:12.544529,37.8649003,32.4839290,1023.72,-0.0092,0.0722,-2.9661,190.0,0.04,0.000,0.000,IDLE
2026-08-17T22:07:13.544635,37.8648999,32.4839289,1023.73,-0.0099,0.0743,-2.9912,188.0,0.05,0.000,0.000,IDLE
2026-08-17T22:07:14.544374,37.8648996,32.4839288,1023.75,-0.0075,0.0763,-3.0200,186.0,0.05,0.000,0.000,IDLE
2026-08-17T22:07:15.544579,37.8648992,32.4839287,1023.74,-0.0088,0.0761,-3.0471,185.0,0.05,0.000,0.000,IDLE
2026-08-17T22:07:16.544412,37.8648990,32.4839285,1023.75,-0.0064,0.0751,-3.0775,183.0,0.04,0.000,0.000,IDLE
2026-08-17T22:07:17.544464,37.8648988,32.4839284,1023.76,-0.0069,0.0731,-3.1071,181.0,0.04,0.000,0.000,IDLE
2026-08-17T22:07:18.544469,37.8648985,32.4839283,1023.76,-0.0090,0.0739,-3.1375,180.0,0.04,0.000,0.000,IDLE
2026-08-17T22:07:19.544357,37.8648983,32.4839282,1023.74,-0.0095,0.0747,3.1144,178.0,0.04,0.000,0.000,IDLE
2026-08-17T22:07:20.544367,37.8648980,32.4839281,1023.73,-0.0088,0.0754,3.0827,176.0,0.04,0.000,0.000,IDLE
2026-08-17T22:07:21.544411,37.8648979,32.4839281,1023.73,-0.0072,0.0768,3.0509,174.0,0.03,0.000,0.000,IDLE
2026-08-17T22:07:22.544498,37.8648977,32.4839280,1023.73,-0.0102,0.0761,3.0187,172.0,0.02,0.000,0.000,IDLE
2026-08-17T22:07:23.544292,37.8648978,32.4839278,1023.73,-0.0079,0.0766,2.9857,171.0,0.00,0.000,0.000,IDLE
2026-08-17T22:07:24.544463,37.8648978,32.4839277,1023.71,-0.0086,0.0748,2.9545,169.0,0.00,0.000,0.000,IDLE
2026-08-17T22:07:25.544239,37.8648977,32.4839275,1023.72,-0.0096,0.0685,2.9258,167.0,0.01,0.000,0.000,IDLE
2026-08-17T22:07:26.544313,37.8648974,32.4839274,1023.73,-0.0066,0.0709,2.8942,165.0,0.02,0.000,0.000,IDLE
2026-08-17T22:07:27.544383,37.8648972,32.4839273,1023.74,-0.0073,0.0756,2.8630,164.0,0.01,0.000,0.000,IDLE
2026-08-17T22:07:28.544370,37.8648969,32.4839271,1023.73,-0.0049,0.0788,2.8305,162.0,0.02,0.000,0.000,IDLE
2026-08-17T22:07:29.544487,37.8648966,32.4839270,1023.72,-0.0085,0.0775,2.7996,160.0,0.02,0.000,0.000,IDLE
2026-08-17T22:07:30.544452,37.8648963,32.4839269,1023.72,-0.0103,0.0754,2.7669,158.0,0.02,0.000,0.000,IDLE
2026-08-17T22:07:31.544482,37.8648962,32.4839266,1023.71,-0.0106,0.0743,2.7337,156.0,0.01,0.000,0.000,IDLE
2026-08-17T22:07:32.544384,37.8648961,32.4839264,1023.69,-0.0103,0.0737,2.6997,154.0,0.01,0.000,0.000,IDLE
2026-08-17T22:07:33.544479,37.8648960,32.4839263,1023.70,-0.0100,0.0747,2.6657,152.0,0.02,0.000,0.000,IDLE
2026-08-17T22:07:34.544443,37.8648958,32.4839263,1023.72,-0.0098,0.0763,2.6318,150.0,0.03,0.000,0.000,IDLE
2026-08-17T22:07:35.544399,37.8648957,32.4839263,1023.73,-0.0104,0.0769,2.5980,148.0,0.04,0.000,0.000,IDLE
2026-08-17T22:07:36.544330,37.8648955,32.4839264,1023.75,-0.0110,0.0757,2.5647,146.0,0.04,0.000,0.000,IDLE
2026-08-17T22:07:37.544368,37.8648953,32.4839266,1023.75,-0.0111,0.0743,2.5306,144.0,0.04,0.000,0.000,IDLE
2026-08-17T22:07:38.544425,37.8648951,32.4839266,1023.71,-0.0117,0.0730,2.4952,142.0,0.04,0.000,0.000,IDLE
2026-08-17T22:07:39.544323,37.8648951,32.4839267,1023.70,-0.0119,0.0730,2.4584,140.0,0.04,0.000,0.000,IDLE
2026-08-17T22:07:40.544334,37.8648948,32.4839270,1023.70,-0.0105,0.0739,2.4225,138.0,0.05,0.000,0.000,IDLE
2026-08-17T22:07:41.544345,37.8648944,32.4839272,1023.61,-0.0102,0.0749,2.3859,136.0,0.05,0.000,0.000,IDLE
2026-08-17T22:07:42.544406,37.8648942,32.4839272,1023.48,-0.0096,0.0752,2.3485,134.0,0.04,0.000,0.000,IDLE
2026-08-17T22:07:43.544373,37.8648940,32.4839273,1023.41,-0.0102,0.0750,2.3114,132.0,0.04,0.000,0.000,IDLE
2026-08-17T22:07:44.544315,37.8648939,32.4839274,1023.42,-0.0095,0.0743,2.2746,130.0,0.03,0.000,0.000,IDLE
2026-08-17T22:07:45.544363,37.8648938,32.4839273,1023.45,-0.0093,0.0743,2.2365,128.0,0.02,0.000,0.000,IDLE
2026-08-17T22:07:46.544366,37.8648937,32.4839273,1023.41,-0.0086,0.0749,2.1977,125.0,0.02,0.000,0.000,IDLE
2026-08-17T22:07:47.544376,37.8648934,32.4839274,1023.39,-0.0083,0.0749,2.1590,123.0,0.02,0.000,0.000,IDLE
2026-08-17T22:07:48.544273,37.8648931,32.4839274,1023.38,-0.0084,0.0751,2.1200,121.0,0.01,0.000,0.000,IDLE
2026-08-17T22:07:49.544344,37.8648928,32.4839276,1023.38,-0.0073,0.0763,2.0802,119.0,0.02,0.000,0.000,IDLE
2026-08-17T22:07:50.544506,37.8648925,32.4839277,1023.39,-0.0053,0.0763,2.0390,116.0,0.02,0.000,0.000,IDLE
2026-08-17T22:07:51.544510,37.8648923,32.4839277,1023.40,-0.0073,0.0744,1.9974,114.0,0.02,0.000,0.000,IDLE
2026-08-17T22:07:52.544437,37.8648922,32.4839275,1023.41,-0.0087,0.0721,1.9543,111.0,0.00,0.000,0.000,IDLE
2026-08-17T22:07:53.544371,37.8648921,32.4839273,1023.42,-0.0094,0.0711,1.9106,109.0,0.01,0.000,0.000,IDLE
2026-08-17T22:07:54.544397,37.8648920,32.4839273,1023.43,-0.0077,0.0755,1.8658,106.0,0.01,0.000,0.000,IDLE
2026-08-17T22:07:55.544439,37.8648919,32.4839277,1023.43,-0.0071,0.0816,1.8217,104.0,0.03,0.000,0.000,IDLE
2026-08-17T22:07:56.544494,37.8648918,32.4839276,1023.42,-0.0078,0.0851,1.7762,101.0,0.03,0.000,0.000,IDLE
2026-08-17T22:07:57.544287,37.8648917,32.4839276,1023.45,-0.0092,0.0795,1.7307,99.0,0.03,0.000,0.000,IDLE
2026-08-17T22:07:58.544324,37.8648916,32.4839278,1023.44,-0.0100,0.0702,1.6849,96.0,0.04,0.000,0.000,IDLE
2026-08-17T22:07:59.544392,37.8648914,32.4839279,1023.45,-0.0101,0.0668,1.6391,93.0,0.03,0.000,0.000,IDLE
2026-08-17T22:08:00.544497,37.8648913,32.4839281,1023.47,-0.0089,0.0713,1.5913,91.0,0.03,0.000,0.000,IDLE
2026-08-17T22:08:01.544285,37.8648911,32.4839283,1023.47,-0.0072,0.0781,1.5437,88.0,0.03,0.000,0.000,IDLE
2026-08-17T22:08:02.544484,37.8648909,32.4839283,1023.46,-0.0074,0.0798,1.4955,85.0,0.02,0.000,0.000,IDLE
2026-08-17T22:08:03.544264,37.8648907,32.4839284,1023.44,-0.0082,0.0778,1.4459,82.0,0.02,0.000,0.000,IDLE
2026-08-17T22:08:04.544401,37.8648906,32.4839285,1023.43,-0.0084,0.0773,1.3955,79.0,0.01,0.000,0.000,IDLE
2026-08-17T22:08:05.544390,37.8648905,32.4839286,1023.45,-0.0075,0.0762,1.3450,77.0,0.01,0.000,0.000,IDLE
2026-08-17T22:08:06.544398,37.8648903,32.4839286,1023.48,-0.0084,0.0740,1.2941,74.0,0.01,0.000,0.000,IDLE
2026-08-17T22:08:07.544336,37.8648901,32.4839287,1023.49,-0.0092,0.0727,1.2434,71.0,0.01,0.000,0.000,IDLE
2026-08-17T22:08:08.544222,37.8648899,32.4839288,1023.52,-0.0091,0.0725,1.1916,68.0,0.01,0.000,0.000,IDLE
2026-08-17T22:08:09.544422,37.8648898,32.4839289,1023.50,-0.0098,0.0749,1.1398,65.0,0.02,0.000,0.000,IDLE
2026-08-17T22:08:10.544394,37.8648896,32.4839290,1023.49,-0.0094,0.0764,1.0880,62.0,0.01,0.000,0.000,IDLE
2026-08-17T22:08:11.544412,37.8648894,32.4839291,1023.49,-0.0091,0.0771,1.0371,59.0,0.01,0.000,0.000,IDLE
2026-08-17T22:08:12.544535,37.8648892,32.4839293,1023.48,-0.0088,0.0764,0.9863,56.0,0.01,0.000,0.000,IDLE
2026-08-17T22:08:13.544465,37.8648891,32.4839295,1023.50,-0.0089,0.0753,0.9356,53.0,0.02,0.000,0.000,IDLE
2026-08-17T22:08:14.544347,37.8648891,32.4839299,1023.51,-0.0095,0.0754,0.8853,50.0,0.03,0.000,0.000,IDLE
2026-08-17T22:08:15.544429,37.8648891,32.4839304,1023.49,-0.0086,0.0741,0.8350,47.0,0.03,0.000,0.000,IDLE
2026-08-17T22:08:16.544442,37.8648889,32.4839306,1023.48,-0.0091,0.0743,0.7858,45.0,0.02,0.000,0.000,IDLE
2026-08-17T22:08:17.544341,37.8648888,32.4839308,1023.49,-0.0094,0.0738,0.7362,42.0,0.02,0.000,0.000,IDLE
2026-08-17T22:08:18.544401,37.8648884,32.4839304,1023.47,-0.0099,0.0975,0.6392,36.0,0.07,0.000,0.000,IDLE
2026-08-17T22:08:19.544323,37.8648882,32.4839304,1023.44,-0.0109,0.0779,0.5503,31.0,0.06,0.000,0.000,IDLE
2026-08-17T22:08:20.544384,37.8648879,32.4839302,1023.45,-0.0115,0.0664,0.4644,26.0,0.06,0.000,0.000,IDLE
2026-08-17T22:08:21.544380,37.8648878,32.4839303,1023.45,-0.0131,0.0644,0.3861,22.0,0.04,0.000,0.000,IDLE
2026-08-17T22:08:22.544461,37.8648875,32.4839303,1023.46,-0.0108,0.0688,0.3145,18.0,0.04,0.000,0.000,IDLE
2026-08-17T22:08:23.544392,37.8648873,32.4839303,1023.46,-0.0105,0.0760,0.2530,14.0,0.04,0.000,0.000,IDLE
2026-08-17T22:08:24.544581,37.8648871,32.4839303,1023.44,-0.0110,0.0742,0.1917,10.0,0.05,0.000,0.000,IDLE
2026-08-17T22:08:25.545086,37.8648861,32.4839301,1023.46,-0.0102,0.0794,0.0446,2.0,0.16,0.000,0.000,IDLE
2026-08-17T22:08:26.544427,37.8648858,32.4839306,1023.45,-0.0066,0.0895,-0.0343,358.0,0.04,0.000,0.000,IDLE
2026-08-17T22:08:27.544337,37.8648872,32.4839312,1023.46,-0.0083,0.0815,0.0905,5.0,0.21,0.000,0.000,IDLE
2026-08-17T22:08:28.544411,37.8648893,32.4839318,1023.48,-0.0094,0.0784,0.2197,12.0,0.29,0.000,0.000,IDLE
2026-08-17T22:08:29.544412,37.8648913,32.4839328,1023.48,-0.0038,0.0534,0.2700,15.0,0.17,0.000,0.000,IDLE
2026-08-17T22:08:30.544445,37.8648914,32.4839327,1023.49,-0.0094,0.0642,0.1003,5.0,0.10,0.000,0.000,IDLE
2026-08-17T22:08:31.544473,37.8648901,32.4839332,1023.51,-0.0112,0.0926,-0.1542,351.0,0.15,0.000,0.000,IDLE
2026-08-17T22:08:32.544339,37.8648897,32.4839341,1023.53,-0.0120,0.0790,-0.3251,341.0,0.09,0.000,0.000,IDLE
2026-08-17T22:08:33.544487,37.8648897,32.4839349,1023.52,-0.0065,0.0668,-0.4035,336.0,0.06,0.000,0.000,IDLE
2026-08-17T22:08:34.544366,37.8648892,32.4839355,1023.52,-0.0104,0.0681,-0.4479,334.0,0.05,0.000,0.000,IDLE
2026-08-17T22:08:35.544396,37.8648886,32.4839360,1023.50,-0.0097,0.0704,-0.4812,332.0,0.05,0.000,0.000,IDLE
2026-08-17T22:08:36.544363,37.8648883,32.4839364,1023.50,-0.0084,0.0771,-0.5023,331.0,0.02,0.000,0.000,IDLE
2026-08-17T22:08:37.544423,37.8648885,32.4839365,1023.53,-0.0105,0.0719,-0.4704,333.0,0.02,0.000,0.000,IDLE
2026-08-17T22:08:38.544399,37.8648883,32.4839369,1023.55,-0.0084,0.0673,-0.4467,334.0,0.02,0.000,0.000,IDLE
2026-08-17T22:08:39.544532,37.8648892,32.4839371,1023.56,-0.0107,0.0642,-0.2941,343.0,0.16,0.000,0.000,IDLE
2026-08-17T22:08:40.544646,37.8648907,32.4839371,1023.56,-0.0071,0.0488,-0.1234,352.0,0.11,0.000,0.000,IDLE
2026-08-17T22:08:41.544441,37.8648894,32.4839369,1023.54,-0.0089,0.0553,-0.2397,346.0,0.28,0.000,0.000,IDLE
2026-08-17T22:08:42.544450,37.8648863,32.4839378,1023.53,-0.0148,0.0856,-0.4946,331.0,0.39,0.000,0.000,IDLE
2026-08-17T22:08:43.544378,37.8648841,32.4839398,1023.55,-0.0116,0.0774,-0.7005,319.0,0.36,0.000,0.000,IDLE
2026-08-17T22:08:44.550436,37.8648826,32.4839414,1023.53,-0.0044,0.0396,-0.8202,313.0,0.23,0.000,0.000,IDLE
2026-08-17T22:08:45.544452,37.8648805,32.4839428,1023.54,-0.0073,0.0683,-0.9767,304.0,0.19,0.000,0.000,IDLE
2026-08-17T22:08:46.544480,37.8648811,32.4839384,1023.55,-0.0196,0.0290,-1.1290,295.0,0.44,0.000,0.000,IDLE
2026-08-17T22:08:47.548038,37.8648824,32.4839348,1023.56,-0.0099,0.0961,-1.2560,288.0,0.35,0.000,0.000,IDLE
2026-08-17T22:08:48.544518,37.8648834,32.4839318,1023.55,-0.0075,0.0852,-1.2992,285.0,0.29,0.000,0.000,IDLE
2026-08-17T22:08:49.545136,37.8648842,32.4839292,1023.56,-0.0102,0.0759,-1.2979,285.0,0.25,0.000,0.000,IDLE
2026-08-17T22:08:50.544660,37.8648844,32.4839275,1023.53,-0.0103,0.0627,-1.3504,282.0,0.09,0.000,0.000,IDLE
2026-08-17T22:08:51.544387,37.8648845,32.4839262,1023.53,-0.0102,0.0550,-1.4433,277.0,0.10,0.000,0.000,IDLE
2026-08-17T22:08:52.544469,37.8648846,32.4839251,1023.54,-0.0102,0.0593,-1.5080,273.0,0.11,0.000,0.000,IDLE
2026-08-17T22:08:53.544492,37.8648848,32.4839239,1023.55,-0.0108,0.0646,-1.5512,271.0,0.11,0.000,0.000,IDLE
2026-08-17T22:08:54.544378,37.8648849,32.4839228,1023.55,-0.0089,0.0785,-1.5763,269.0,0.10,0.000,0.000,IDLE
2026-08-17T22:08:55.544480,37.8648849,32.4839218,1023.55,-0.0072,0.0851,-1.5918,268.0,0.09,0.000,0.000,IDLE
2026-08-17T22:08:56.544455,37.8648850,32.4839208,1023.52,-0.0066,0.0827,-1.6010,268.0,0.08,0.000,0.000,IDLE
2026-08-17T22:08:57.544508,37.8648851,32.4839198,1023.53,-0.0064,0.0775,-1.6073,267.0,0.08,0.000,0.000,IDLE
2026-08-17T22:08:58.544684,37.8648852,32.4839190,1023.54,-0.0077,0.0732,-1.6135,267.0,0.07,0.000,0.000,IDLE
2026-08-17T22:08:59.544296,37.8648854,32.4839180,1023.56,-0.0082,0.0718,-1.6176,267.0,0.08,0.000,0.000,IDLE
2026-08-17T22:09:00.544324,37.8648855,32.4839176,1023.56,-0.0085,0.0408,-1.6667,264.0,0.04,0.000,0.000,IDLE
2026-08-17T22:09:01.544438,37.8648855,32.4839194,1023.59,-0.0126,0.0629,-1.8736,252.0,0.22,0.000,0.000,IDLE
2026-08-17T22:09:02.544468,37.8648864,32.4839221,1023.60,-0.0172,0.0696,-2.1417,237.0,0.30,0.000,0.000,IDLE
2026-08-17T22:09:03.544346,37.8648878,32.4839236,1023.62,-0.0129,0.0938,-2.2918,228.0,0.14,0.000,0.000,IDLE
2026-08-17T22:09:04.544276,37.8648877,32.4839217,1023.60,-0.0121,0.0657,-2.0488,242.0,0.20,0.000,0.000,IDLE
2026-08-17T22:09:05.544566,37.8648876,32.4839194,1023.57,-0.0096,0.0506,-1.8057,256.0,0.24,0.000,0.000,IDLE
2026-08-17T22:09:06.544465,37.8648877,32.4839165,1023.57,-0.0096,0.0692,-1.6292,266.0,0.32,0.000,0.000,IDLE
2026-08-17T22:09:07.544597,37.8648880,32.4839116,1023.55,-0.0084,0.0487,-1.5670,270.0,0.45,0.000,0.000,IDLE
2026-08-17T22:09:08.544436,37.8648881,32.4839091,1023.56,-0.0085,0.0745,-1.6970,262.0,0.15,0.000,0.000,IDLE
2026-08-17T22:09:09.544612,37.8648880,32.4839088,1023.56,-0.0131,0.0663,-1.9538,248.0,0.09,0.000,0.000,IDLE
2026-08-17T22:09:10.544570,37.8648888,32.4839097,1023.56,-0.0114,0.0601,-2.2842,229.0,0.19,0.000,0.000,IDLE
2026-08-17T22:09:11.544420,37.8648905,32.4839110,1023.58,-0.0118,0.0642,-2.5532,213.0,0.28,0.000,0.000,IDLE
2026-08-17T22:09:12.544478,37.8648928,32.4839125,1023.57,-0.0146,0.0711,-2.7891,200.0,0.34,0.000,0.000,IDLE
2026-08-17T22:09:13.544483,37.8648955,32.4839137,1023.59,-0.0169,0.0703,-3.0323,186.0,0.36,0.000,0.000,IDLE
2026-08-17T22:09:14.544400,37.8648968,32.4839153,1023.59,-0.0061,0.1015,2.8832,165.0,0.32,0.000,0.000,IDLE
2026-08-17T22:09:15.544391,37.8648936,32.4839182,1023.61,-0.0176,0.0613,2.5528,146.0,0.50,0.000,0.000,IDLE
2026-08-17T22:09:16.544482,37.8648909,32.4839212,1023.60,-0.0119,0.0452,2.4197,138.0,0.41,0.000,0.000,IDLE
2026-08-17T22:09:17.544335,37.8648898,32.4839238,1023.61,-0.0117,0.0896,2.2539,129.0,0.40,0.000,0.000,IDLE
2026-08-17T22:09:18.544350,37.8648884,32.4839273,1023.62,-0.0077,0.0723,2.1379,122.0,0.42,0.000,0.000,IDLE
2026-08-17T22:09:19.544273,37.8648876,32.4839290,1023.61,-0.0148,0.1121,2.1466,122.0,0.17,0.000,0.000,IDLE
2026-08-17T22:09:20.544368,37.8648881,32.4839292,1023.58,0.0058,0.0692,2.0812,119.0,0.11,0.000,0.000,IDLE
2026-08-17T22:09:21.544498,37.8648883,32.4839298,1023.60,-0.0055,0.0918,1.8906,108.0,0.11,0.000,0.000,IDLE
2026-08-17T22:09:22.544517,37.8648878,32.4839302,1023.64,0.0049,0.0830,1.8325,104.0,0.08,0.000,0.000,IDLE
2026-08-17T22:09:23.544729,37.8648877,32.4839303,1023.63,-0.0068,0.1003,1.8532,106.0,0.04,0.000,0.000,IDLE
2026-08-17T22:09:24.544476,37.8648881,32.4839300,1023.64,-0.0045,0.0971,1.8251,104.0,0.04,0.000,0.000,IDLE
2026-08-17T22:09:25.544369,37.8648885,32.4839296,1023.64,-0.0049,0.0980,1.8196,104.0,0.04,0.000,0.000,IDLE
2026-08-17T22:09:26.544388,37.8648889,32.4839307,1023.64,-0.0083,0.0854,1.7419,99.0,0.17,0.000,0.000,IDLE
2026-08-17T22:09:27.544415,37.8648897,32.4839335,1023.64,-0.0110,0.0721,1.5801,90.0,0.30,0.000,0.000,IDLE
2026-08-17T22:09:28.544393,37.8648905,32.4839365,1023.63,-0.0049,0.0709,1.3841,79.0,0.29,0.000,0.000,IDLE
2026-08-17T22:09:29.544389,37.8648912,32.4839377,1023.62,-0.0083,0.0607,1.1388,65.0,0.10,0.000,0.000,IDLE
2026-08-17T22:09:30.544372,37.8648910,32.4839381,1023.63,-0.0093,0.0671,0.9777,56.0,0.07,0.000,0.000,IDLE
2026-08-17T22:09:31.544416,37.8648916,32.4839391,1023.63,-0.0168,0.0722,0.7861,45.0,0.11,0.000,0.000,IDLE
2026-08-17T22:09:32.544451,37.8648921,32.4839405,1023.62,-0.0122,0.0768,0.6161,35.0,0.10,0.000,0.000,IDLE
2026-08-17T22:09:33.544420,37.8648926,32.4839416,1023.63,-0.0125,0.0773,0.4976,28.0,0.09,0.000,0.000,IDLE
2026-08-17T22:09:34.544348,37.8648928,32.4839425,1023.65,-0.0105,0.0755,0.4090,23.0,0.07,0.000,0.000,IDLE
2026-08-17T22:09:35.544409,37.8648931,32.4839435,1023.68,-0.0066,0.0687,0.3273,18.0,0.05,0.000,0.000,IDLE
2026-08-17T22:09:36.544415,37.8648935,32.4839445,1023.67,-0.0069,0.0684,0.2399,13.0,0.05,0.000,0.000,IDLE
2026-08-17T22:09:37.544421,37.8648942,32.4839457,1023.68,-0.0118,0.0060,0.2933,16.0,0.06,0.000,0.000,IDLE
2026-08-17T22:09:38.544473,37.8648939,32.4839457,1023.70,-0.0130,-0.0257,0.4138,23.0,0.01,0.000,0.000,IDLE
2026-08-17T22:09:39.544414,37.8648941,32.4839455,1023.87,-0.0736,-0.0400,0.2810,16.0,0.08,0.000,0.000,IDLE
2026-08-17T22:09:40.544622,37.8648940,32.4839471,1023.93,-0.1542,-0.0619,0.2704,15.0,0.13,0.000,0.000,IDLE
2026-08-17T22:09:41.544425,37.8648914,32.4839506,1023.93,-0.1939,0.0585,0.4245,24.0,0.31,0.000,0.000,IDLE
2026-08-17T22:09:42.544227,37.8648914,32.4839543,1023.94,-0.2494,-0.0553,0.5874,33.0,0.41,0.000,0.000,IDLE
2026-08-17T22:09:43.544553,37.8648901,32.4839570,1023.94,-0.2001,-0.0677,0.4948,28.0,0.36,0.000,0.000,IDLE
2026-08-17T22:09:44.544478,37.8648883,32.4839621,1023.95,-0.2292,-0.0524,0.6249,35.0,0.41,0.000,0.000,IDLE
2026-08-17T22:09:45.544447,37.8648900,32.4839632,1023.91,-0.1895,-0.0456,0.3415,19.0,0.26,0.000,0.000,IDLE
2026-08-17T22:09:46.544351,37.8648909,32.4839633,1023.92,-0.2306,-0.0492,0.0934,5.0,0.06,0.000,0.000,IDLE
2026-08-17T22:09:47.544529,37.8648907,32.4839641,1023.93,-0.2301,-0.0508,0.0785,4.0,0.03,0.000,0.000,IDLE
2026-08-17T22:09:48.544283,37.8648905,32.4839623,1023.96,-0.2401,-0.0052,-0.0950,354.0,0.27,0.000,0.000,IDLE
2026-08-17T22:09:49.544561,37.8648916,32.4839600,1023.92,-0.1561,-0.0228,-0.4629,333.0,0.35,0.000,0.000,IDLE
2026-08-17T22:09:50.544424,37.8648933,32.4839605,1023.96,-0.1568,-0.0511,-0.6317,323.0,0.06,0.000,0.000,IDLE
2026-08-17T22:09:51.544334,37.8648927,32.4839615,1023.97,-0.1765,-0.0226,-0.6551,322.0,0.03,0.000,0.000,IDLE
2026-08-17T22:09:52.544392,37.8648925,32.4839613,1023.98,-0.1944,-0.0060,-0.7823,315.0,0.02,0.000,0.000,IDLE
2026-08-17T22:09:53.544453,37.8648924,32.4839610,1023.99,-0.1925,0.0082,-0.9407,306.0,0.06,0.000,0.000,IDLE
2026-08-17T22:09:54.544342,37.8648924,32.4839610,1023.97,-0.1820,0.0128,-1.0569,299.0,0.06,0.000,0.000,IDLE
2026-08-17T22:09:55.544457,37.8648934,32.4839604,1023.96,-0.1712,-0.0177,-1.0756,298.0,0.13,0.000,0.000,IDLE
2026-08-17T22:09:56.544396,37.8648936,32.4839594,1023.97,-0.1603,-0.0771,-1.1280,295.0,0.10,0.000,0.000,IDLE
2026-08-17T22:09:57.544602,37.8648934,32.4839604,1024.01,-0.1576,-0.0450,-1.1554,293.0,0.13,0.000,0.000,IDLE
2026-08-17T22:09:58.544463,37.8648928,32.4839597,1024.00,-0.1865,-0.0113,-1.3927,280.0,0.24,0.000,0.000,IDLE
2026-08-17T22:09:59.544365,37.8648953,32.4839563,1024.01,-0.2063,-0.0463,-1.4597,276.0,0.31,0.000,0.000,IDLE
2026-08-17T22:10:00.544347,37.8648950,32.4839594,1023.99,-0.1945,-0.0477,-1.0809,298.0,0.09,0.000,0.000,IDLE
2026-08-17T22:10:01.544337,37.8648941,32.4839580,1023.98,-0.1751,-0.0472,-1.2897,286.0,0.14,0.000,0.000,IDLE
2026-08-17T22:10:02.544500,37.8648948,32.4839532,1024.00,-0.1975,-0.0050,-1.8437,254.0,0.63,0.000,0.000,IDLE
2026-08-17T22:10:03.544375,37.8648974,32.4839496,1024.01,-0.2273,-0.0616,-2.1224,238.0,0.41,0.000,0.000,IDLE
2026-08-17T22:10:04.544359,37.8648982,32.4839454,1023.99,-0.2406,-0.0746,-2.3319,226.0,0.72,0.000,0.000,IDLE
2026-08-17T22:10:05.544438,37.8649010,32.4839407,1023.97,-0.2641,-0.0425,-2.4127,221.0,0.73,0.000,0.000,IDLE
2026-08-17T22:10:06.544274,37.8649044,32.4839412,1023.80,-0.1325,0.0064,-1.9870,246.0,0.23,0.000,0.000,IDLE
2026-08-17T22:10:07.544355,37.8649035,32.4839424,1023.69,0.0138,-0.0701,-1.7245,261.0,0.14,0.000,0.000,IDLE
2026-08-17T22:10:08.544576,37.8649026,32.4839435,1023.67,-0.0105,0.0090,-1.6322,266.0,0.17,0.000,0.000,IDLE
2026-08-17T22:10:09.544477,37.8649020,32.4839437,1023.65,-0.0306,0.1037,-1.5875,269.0,0.15,0.000,0.000,IDLE
2026-08-17T22:10:10.544296,37.8649019,32.4839432,1023.69,-0.0103,0.0517,-1.5509,271.0,0.05,0.000,0.000,IDLE
2026-08-17T22:10:11.544584,37.8649019,32.4839429,1023.73,-0.0113,0.0588,-1.5200,272.0,0.06,0.000,0.000,IDLE
2026-08-17T22:10:12.544410,37.8649018,32.4839422,1023.74,-0.0130,0.0571,-1.5568,270.0,0.08,0.000,0.000,IDLE
2026-08-17T22:10:13.544394,37.8649021,32.4839418,1023.76,-0.0003,0.0817,-1.5798,269.0,0.02,0.000,0.000,IDLE
2026-08-17T22:10:14.544386,37.8649023,32.4839426,1023.78,-0.0050,0.0869,-1.5918,268.0,0.08,0.000,0.000,IDLE
2026-08-17T22:10:15.544635,37.8649026,32.4839440,1023.82,-0.0020,0.0639,-1.5701,270.0,0.15,0.000,0.000,IDLE
2026-08-17T22:10:16.544327,37.8649025,32.4839454,1023.83,-0.0156,0.0660,-1.5053,273.0,0.15,0.000,0.000,IDLE
2026-08-17T22:10:17.544423,37.8649021,32.4839466,1023.81,-0.0156,0.0662,-1.4564,276.0,0.13,0.000,0.000,IDLE
2026-08-17T22:10:18.544416,37.8649019,32.4839465,1023.81,-0.0132,0.0621,-1.4373,277.0,0.07,0.000,0.000,IDLE
2026-08-17T22:10:19.544357,37.8649017,32.4839467,1023.80,-0.0195,0.0627,-1.3549,282.0,0.07,0.000,0.000,IDLE
2026-08-17T22:10:20.544348,37.8649011,32.4839474,1023.81,-0.0111,0.0823,-1.2823,286.0,0.11,0.000,0.000,IDLE
2026-08-17T22:10:21.544376,37.8648999,32.4839488,1023.82,-0.0123,0.0781,-1.2775,286.0,0.21,0.000,0.000,IDLE
2026-08-17T22:10:22.544472,37.8648992,32.4839504,1023.83,-0.0149,0.0637,-1.3563,282.0,0.18,0.000,0.000,IDLE
2026-08-17T22:10:23.544332,37.8648993,32.4839517,1023.82,-0.0147,0.0757,-1.3430,283.0,0.17,0.000,0.000,IDLE
2026-08-17T22:10:24.544314,37.8648989,32.4839528,1023.82,-0.0128,0.0786,-1.3370,283.0,0.15,0.000,0.000,IDLE
2026-08-17T22:10:25.544609,37.8648985,32.4839537,1023.77,-0.0164,0.0737,-1.3478,282.0,0.13,0.000,0.000,IDLE
2026-08-17T22:10:26.544464,37.8648983,32.4839535,1023.73,-0.0103,0.0716,-1.3518,282.0,0.08,0.000,0.000,IDLE
2026-08-17T22:10:27.544478,37.8648984,32.4839537,1023.72,-0.0107,0.0719,-1.3182,284.0,0.02,0.000,0.000,IDLE
2026-08-17T22:10:28.544560,37.8648984,32.4839540,1023.74,-0.0104,0.0737,-1.2452,288.0,0.03,0.000,0.000,IDLE
2026-08-17T22:10:29.544409,37.8648983,32.4839544,1023.72,-0.0123,0.0758,-1.1860,292.0,0.05,0.000,0.000,IDLE
2026-08-17T22:10:30.544431,37.8648979,32.4839548,1023.73,-0.0090,0.0756,-1.1420,294.0,0.06,0.000,0.000,IDLE
2026-08-17T22:10:31.544511,37.8648978,32.4839552,1023.74,-0.0093,0.0753,-1.1067,296.0,0.07,0.000,0.000,IDLE
2026-08-17T22:10:32.544568,37.8648976,32.4839555,1023.74,-0.0112,0.0715,-1.0799,298.0,0.07,0.000,0.000,IDLE
2026-08-17T22:10:33.544553,37.8648974,32.4839557,1023.73,-0.0106,0.0720,-1.0582,299.0,0.07,0.000,0.000,IDLE
2026-08-17T22:10:34.544645,37.8648975,32.4839558,1023.70,-0.0117,0.0724,-1.0431,300.0,0.05,0.000,0.000,IDLE
2026-08-17T22:10:35.544473,37.8648976,32.4839560,1023.68,-0.0118,0.0736,-1.0316,300.0,0.04,0.000,0.000,IDLE
2026-08-17T22:10:36.544647,37.8648978,32.4839561,1023.68,-0.0112,0.0746,-1.0239,301.0,0.02,0.000,0.000,IDLE
2026-08-17T22:10:37.544450,37.8648980,32.4839561,1023.69,-0.0102,0.0742,-1.0199,301.0,0.01,0.000,0.000,IDLE
2026-08-17T22:10:38.544549,37.8648983,32.4839562,1023.71,-0.0109,0.0729,-1.0184,301.0,0.01,0.000,0.000,IDLE
2026-08-17T22:10:39.544620,37.8648984,32.4839563,1023.72,-0.0115,0.0717,-1.0196,301.0,0.01,0.000,0.000,IDLE
2026-08-17T22:10:40.544344,37.8648984,32.4839564,1023.72,-0.0117,0.0717,-1.0230,301.0,0.01,0.000,0.000,IDLE
2026-08-17T22:10:41.544613,37.8648986,32.4839565,1023.73,-0.0130,0.0723,-1.0270,301.0,0.01,0.000,0.000,IDLE
2026-08-17T22:10:42.544292,37.8648986,32.4839566,1023.72,-0.0144,0.0724,-1.0315,300.0,0.01,0.000,0.000,IDLE
2026-08-17T22:10:43.544419,37.8648986,32.4839568,1023.73,-0.0187,0.0747,-1.0356,300.0,0.04,0.000,0.000,IDLE
2026-08-17T22:10:44.544346,37.8648986,32.4839569,1023.73,-0.0265,0.0751,-1.0392,300.0,0.03,0.000,0.000,IDLE
2026-08-17T22:10:45.544522,37.8648987,32.4839571,1023.74,-0.0124,0.0763,-1.0422,300.0,0.02,0.000,0.000,IDLE
2026-08-17T22:10:46.544574,37.8648985,32.4839573,1023.75,-0.0155,0.0734,-1.0468,300.0,0.04,0.000,0.000,IDLE
2026-08-17T22:10:47.544411,37.8648985,32.4839573,1023.76,-0.0101,0.0741,-1.0512,299.0,0.04,0.000,0.000,IDLE
2026-08-17T22:10:48.544266,37.8648986,32.4839575,1023.75,-0.0137,0.0764,-1.0546,299.0,0.03,0.000,0.000,IDLE
2026-08-17T22:10:49.544399,37.8648988,32.4839579,1023.74,-0.0069,0.0750,-1.0580,299.0,0.02,0.000,0.000,IDLE
2026-08-17T22:10:50.544365,37.8648988,32.4839581,1023.74,-0.0100,0.0716,-1.0628,299.0,0.02,0.000,0.000,IDLE
2026-08-17T22:10:51.544541,37.8648990,32.4839584,1023.75,-0.0108,0.0730,-1.0660,298.0,0.02,0.000,0.000,IDLE
2026-08-17T22:10:52.544339,37.8648991,32.4839586,1023.75,-0.0112,0.0725,-1.0695,298.0,0.01,0.000,0.000,IDLE
2026-08-17T22:10:53.544323,37.8648991,32.4839590,1023.74,-0.0149,0.0728,-1.0734,298.0,0.02,0.000,0.000,IDLE
2026-08-17T22:10:54.544410,37.8648991,32.4839592,1023.74,-0.0102,0.0733,-1.0775,298.0,0.02,0.000,0.000,IDLE
2026-08-17T22:10:55.544555,37.8648991,32.4839594,1023.74,-0.0130,0.0731,-1.0819,298.0,0.03,0.000,0.000,IDLE
2026-08-17T22:10:56.544464,37.8648991,32.4839595,1023.75,-0.0085,0.0739,-1.0864,297.0,0.02,0.000,0.000,IDLE
2026-08-17T22:10:57.544441,37.8648992,32.4839598,1023.74,-0.0111,0.0753,-1.0914,297.0,0.02,0.000,0.000,IDLE
2026-08-17T22:10:58.544451,37.8648992,32.4839601,1023.75,-0.0100,0.0739,-1.0961,297.0,0.02,0.000,0.000,IDLE
2026-08-17T22:10:59.544311,37.8648992,32.4839604,1023.75,-0.0115,0.0734,-1.1007,296.0,0.02,0.000,0.000,IDLE
2026-08-17T22:11:00.544599,37.8648992,32.4839606,1023.74,-0.0103,0.0728,-1.1046,296.0,0.02,0.000,0.000,IDLE
2026-08-17T22:11:01.544641,37.8648992,32.4839606,1023.73,-0.0106,0.0731,-1.1091,296.0,0.02,0.000,0.000,IDLE
2026-08-17T22:11:02.544564,37.8648991,32.4839607,1023.72,-0.0109,0.0746,-1.1134,296.0,0.03,0.000,0.000,IDLE
2026-08-17T22:11:03.544403,37.8648991,32.4839607,1023.74,-0.0099,0.0749,-1.1189,295.0,0.03,0.000,0.000,IDLE
2026-08-17T22:11:04.544261,37.8648992,32.4839607,1023.74,-0.0108,0.0740,-1.1240,295.0,0.03,0.000,0.000,IDLE
2026-08-17T22:11:05.544333,37.8648992,32.4839608,1023.74,-0.0104,0.0738,-1.1296,295.0,0.02,0.000,0.000,IDLE
2026-08-17T22:11:06.544373,37.8648993,32.4839610,1023.73,-0.0123,0.0730,-1.1343,295.0,0.02,0.000,0.000,IDLE
2026-08-17T22:11:07.544605,37.8648994,32.4839612,1023.73,-0.0196,0.0744,-1.1412,294.0,0.02,0.000,0.000,IDLE
2026-08-17T22:11:08.544326,37.8648995,32.4839614,1023.73,-0.0265,0.0744,-1.1480,294.0,0.02,0.000,0.000,IDLE
2026-08-17T22:11:09.544371,37.8648995,32.4839615,1023.71,-0.0157,0.0752,-1.1549,293.0,0.01,0.000,0.000,IDLE
2026-08-17T22:11:10.544301,37.8648996,32.4839617,1023.70,-0.0145,0.0733,-1.1619,293.0,0.01,0.000,0.000,IDLE
2026-08-17T22:11:11.544550,37.8648996,32.4839621,1023.70,-0.0050,0.0722,-1.1716,292.0,0.02,0.000,0.000,IDLE
2026-08-17T22:11:12.544265,37.8648996,32.4839624,1023.71,-0.0041,0.0768,-1.1833,292.0,0.03,0.000,0.000,IDLE
2026-08-17T22:11:13.544241,37.8648998,32.4839622,1023.69,-0.0157,0.0602,-1.1750,292.0,0.06,0.000,0.000,IDLE
2026-08-17T22:11:14.544373,37.8648997,32.4839621,1023.67,-0.0131,0.0552,-1.1079,296.0,0.05,0.000,0.000,IDLE
2026-08-17T22:11:15.544596,37.8648991,32.4839620,1023.67,-0.0096,0.0739,-1.1109,296.0,0.10,0.000,0.000,IDLE
2026-08-17T22:11:16.544337,37.8648984,32.4839622,1023.66,-0.0093,0.0789,-1.1724,292.0,0.11,0.000,0.000,IDLE
2026-08-17T22:11:17.544325,37.8648981,32.4839626,1023.68,-0.0145,0.0821,-1.2205,290.0,0.08,0.000,0.000,IDLE
2026-08-17T22:11:18.544381,37.8648982,32.4839627,1023.68,-0.0154,0.0673,-1.2424,288.0,0.02,0.000,0.000,IDLE
2026-08-17T22:11:19.544524,37.8648981,32.4839627,1023.70,-0.0098,0.0890,-1.2332,289.0,0.04,0.000,0.000,IDLE
2026-08-17T22:11:20.544605,37.8648982,32.4839622,1023.68,-0.0165,0.0838,-1.1836,292.0,0.04,0.000,0.000,IDLE
2026-08-17T22:11:21.544440,37.8648981,32.4839623,1023.70,-0.0147,0.0800,-1.1909,291.0,0.03,0.000,0.000,IDLE
2026-08-17T22:11:22.544458,37.8648984,32.4839621,1023.74,-0.0095,0.0513,-1.2182,290.0,0.02,0.000,0.000,IDLE
2026-08-17T22:11:23.544541,37.8648989,32.4839619,1023.74,-0.0121,0.0476,-1.2285,289.0,0.02,0.000,0.000,IDLE
2026-08-17T22:11:24.544346,37.8648987,32.4839620,1023.71,-0.0146,0.0436,-1.2383,289.0,0.01,0.000,0.000,IDLE
2026-08-17T22:11:25.544321,37.8648986,32.4839620,1023.68,-0.0135,0.0411,-1.2434,288.0,0.02,0.000,0.000,IDLE
2026-08-17T22:11:26.544388,37.8648987,32.4839618,1023.68,-0.0164,0.0435,-1.2310,289.0,0.03,0.000,0.000,IDLE
2026-08-17T22:11:27.544524,37.8648987,32.4839617,1023.69,-0.0149,0.0424,-1.2254,289.0,0.04,0.000,0.000,IDLE
2026-08-17T22:11:28.544637,37.8648991,32.4839616,1023.69,-0.0156,0.0422,-1.2328,289.0,0.01,0.000,0.000,IDLE
2026-08-17T22:11:29.544550,37.8648995,32.4839612,1023.67,-0.0138,0.0409,-1.2258,289.0,0.01,0.000,0.000,IDLE
2026-08-17T22:11:30.544491,37.8648995,32.4839611,1023.67,-0.0143,0.0405,-1.2099,290.0,0.01,0.000,0.000,IDLE
2026-08-17T22:11:31.544406,37.8648995,32.4839610,1023.67,-0.0191,0.0386,-1.1973,291.0,0.04,0.000,0.000,IDLE
2026-08-17T22:11:32.544408,37.8648995,32.4839609,1023.67,-0.0181,0.0359,-1.1706,292.0,0.03,0.000,0.000,IDLE
2026-08-17T22:11:33.544439,37.8648992,32.4839608,1023.70,-0.0148,0.0400,-1.1437,294.0,0.05,0.000,0.000,IDLE
2026-08-17T22:11:34.544624,37.8648992,32.4839605,1023.73,-0.0143,0.0419,-1.1141,296.0,0.05,0.000,0.000,IDLE
2026-08-17T22:11:35.544484,37.8648991,32.4839603,1023.73,-0.0158,0.0450,-1.0898,297.0,0.04,0.000,0.000,IDLE
2026-08-17T22:11:36.544482,37.8648992,32.4839600,1023.71,-0.0163,0.0468,-1.0667,298.0,0.04,0.000,0.000,IDLE
2026-08-17T22:11:37.544336,37.8648994,32.4839598,1023.69,-0.0147,0.0462,-1.0457,300.0,0.03,0.000,0.000,IDLE
2026-08-17T22:11:38.544359,37.8648994,32.4839597,1023.65,-0.0149,0.0450,-1.0263,301.0,0.03,0.000,0.000,IDLE
2026-08-17T22:11:39.544392,37.8648995,32.4839597,1023.66,-0.0115,0.0449,-1.0099,302.0,0.02,0.000,0.000,IDLE
2026-08-17T22:11:40.544345,37.8648996,32.4839597,1023.66,-0.0132,0.0513,-0.9970,302.0,0.02,0.000,0.000,IDLE
2026-08-17T22:11:41.544417,37.8648997,32.4839596,1023.66,-0.0087,0.0508,-0.9902,303.0,0.00,0.000,0.000,IDLE
2026-08-17T22:11:42.544448,37.8648997,32.4839596,1023.65,-0.0022,0.0496,-0.9770,304.0,0.02,0.000,0.000,IDLE
2026-08-17T22:11:43.544276,37.8648996,32.4839595,1023.66,-0.0135,0.0482,-0.9683,304.0,0.03,0.000,0.000,IDLE
2026-08-17T22:11:44.544303,37.8648995,32.4839596,1023.67,-0.0151,0.0494,-0.9562,305.0,0.04,0.000,0.000,IDLE
2026-08-17T22:11:45.544547,37.8648996,32.4839596,1023.68,-0.0159,0.0487,-0.9484,305.0,0.04,0.000,0.000,IDLE
2026-08-17T22:11:46.544395,37.8648995,32.4839596,1023.70,-0.0160,0.0464,-0.9383,306.0,0.05,0.000,0.000,IDLE
2026-08-17T22:11:47.544519,37.8648994,32.4839596,1023.70,-0.0178,0.0459,-0.9306,306.0,0.05,0.000,0.000,IDLE
2026-08-17T22:11:48.544351,37.8648994,32.4839597,1023.70,-0.0210,0.0474,-0.9227,307.0,0.05,0.000,0.000,IDLE
2026-08-17T22:11:49.544411,37.8648994,32.4839596,1023.69,-0.0114,0.0454,-0.9164,307.0,0.03,0.000,0.000,IDLE
2026-08-17T22:11:50.544442,37.8648995,32.4839597,1023.68,-0.0127,0.0431,-0.9116,307.0,0.05,0.000,0.000,IDLE
2026-08-17T22:11:51.544439,37.8648993,32.4839597,1023.71,-0.0108,0.0414,-0.9058,308.0,0.04,0.000,0.000,IDLE
2026-08-17T22:11:52.544348,37.8648993,32.4839596,1023.70,-0.0155,0.0420,-0.9019,308.0,0.05,0.000,0.000,IDLE
2026-08-17T22:11:53.544455,37.8648994,32.4839597,1023.68,-0.0161,0.0446,-0.8972,308.0,0.03,0.000,0.000,IDLE
2026-08-17T22:11:54.544581,37.8648993,32.4839597,1023.68,-0.0155,0.0453,-0.8951,308.0,0.03,0.000,0.000,IDLE
2026-08-17T22:11:55.544558,37.8648993,32.4839597,1023.70,-0.0139,0.0426,-0.8912,308.0,0.04,0.000,0.000,IDLE
2026-08-17T22:11:56.544586,37.8648994,32.4839597,1023.70,-0.0154,0.0427,-0.8888,309.0,0.03,0.000,0.000,IDLE
2026-08-17T22:11:57.544442,37.8648994,32.4839596,1023.71,-0.0150,0.0441,-0.8869,309.0,0.03,0.000,0.000,IDLE
2026-08-17T22:11:58.544390,37.8648994,32.4839598,1023.71,-0.0123,0.0459,-0.8856,309.0,0.03,0.000,0.000,IDLE
2026-08-17T22:11:59.544487,37.8648994,32.4839598,1023.73,-0.0122,0.0436,-0.8838,309.0,0.03,0.000,0.000,IDLE
2026-08-17T22:12:00.544380,37.8648994,32.4839598,1023.75,-0.0082,0.0424,-0.8837,309.0,0.03,0.000,0.000,IDLE
2026-08-17T22:12:01.544429,37.8648993,32.4839597,1023.76,-0.0130,0.0434,-0.8837,309.0,0.04,0.000,0.000,IDLE
2026-08-17T22:12:02.544506,37.8648991,32.4839598,1023.75,-0.0111,0.0476,-0.8840,309.0,0.04,0.000,0.000,IDLE
2026-08-17T22:12:03.544635,37.8648992,32.4839598,1023.73,-0.0118,0.0481,-0.8842,309.0,0.03,0.000,0.000,IDLE
2026-08-17T22:12:04.544370,37.8648991,32.4839598,1023.72,-0.0119,0.0471,-0.8852,309.0,0.03,0.000,0.000,IDLE
2026-08-17T22:12:05.544511,37.8648992,32.4839599,1023.71,-0.0108,0.0453,-0.8848,309.0,0.02,0.000,0.000,IDLE
2026-08-17T22:12:06.544431,37.8648992,32.4839598,1023.70,-0.0103,0.0441,-0.8855,309.0,0.02,0.000,0.000,IDLE
2026-08-17T22:12:07.544563,37.8648993,32.4839596,1023.67,-0.0104,0.0427,-0.8873,309.0,0.02,0.000,0.000,IDLE
2026-08-17T22:12:08.544426,37.8648994,32.4839596,1023.66,-0.0126,0.0427,-0.8887,309.0,0.02,0.000,0.000,IDLE
2026-08-17T22:12:09.544479,37.8648996,32.4839596,1023.67,-0.0117,0.0433,-0.8904,308.0,0.02,0.000,0.000,IDLE
2026-08-17T22:12:10.544381,37.8648996,32.4839594,1023.67,-0.0123,0.0431,-0.8920,308.0,0.03,0.000,0.000,IDLE
2026-08-17T22:12:11.544358,37.8648996,32.4839593,1023.68,-0.0120,0.0435,-0.8940,308.0,0.03,0.000,0.000,IDLE
2026-08-17T22:12:12.544406,37.8648996,32.4839593,1023.70,-0.0115,0.0443,-0.8960,308.0,0.03,0.000,0.000,IDLE
2026-08-17T22:12:13.544522,37.8648996,32.4839594,1023.72,-0.0111,0.0437,-0.8992,308.0,0.02,0.000,0.000,IDLE
2026-08-17T22:12:14.544554,37.8648998,32.4839593,1023.72,-0.0130,0.0433,-0.9019,308.0,0.03,0.000,0.000,IDLE
2026-08-17T22:12:15.544536,37.8648997,32.4839593,1023.71,-0.0144,0.0440,-0.9056,308.0,0.03,0.000,0.000,IDLE
2026-08-17T22:12:16.544527,37.8648997,32.4839594,1023.71,-0.0133,0.0444,-0.9096,307.0,0.03,0.000,0.000,IDLE
2026-08-17T22:12:17.544538,37.8648999,32.4839594,1023.72,-0.0132,0.0445,-0.9133,307.0,0.02,0.000,0.000,IDLE
2026-08-17T22:12:18.544526,37.8649001,32.4839594,1023.73,-0.0114,0.0450,-0.9175,307.0,0.02,0.000,0.000,IDLE
2026-08-17T22:12:19.544487,37.8649001,32.4839594,1023.72,-0.0124,0.0449,-0.9220,307.0,0.02,0.000,0.000,IDLE
2026-08-17T22:12:20.544480,37.8648998,32.4839597,1023.72,-0.0130,0.0449,-0.9269,306.0,0.04,0.000,0.000,IDLE
2026-08-17T22:12:21.544728,37.8648997,32.4839598,1023.72,-0.0136,0.0450,-0.9320,306.0,0.03,0.000,0.000,IDLE
2026-08-17T22:12:22.544408,37.8648998,32.4839599,1023.72,-0.0122,0.0446,-0.9370,306.0,0.03,0.000,0.000,IDLE
2026-08-17T22:12:23.544559,37.8648999,32.4839598,1023.73,-0.0122,0.0441,-0.9422,306.0,0.02,0.000,0.000,IDLE
2026-08-17T22:12:24.544285,37.8648999,32.4839598,1023.74,-0.0131,0.0444,-0.9474,305.0,0.02,0.000,0.000,IDLE
2026-08-17T22:12:25.544422,37.8649000,32.4839598,1023.76,-0.0125,0.0445,-0.9534,305.0,0.02,0.000,0.000,IDLE
2026-08-17T22:12:26.544285,37.8649000,32.4839598,1023.75,-0.0130,0.0444,-0.9594,305.0,0.02,0.000,0.000,IDLE
2026-08-17T22:12:27.544235,37.8649001,32.4839599,1023.75,-0.0122,0.0446,-0.9650,304.0,0.02,0.000,0.000,IDLE
2026-08-17T22:12:28.544234,37.8649003,32.4839599,1023.76,-0.0108,0.0445,-0.9710,304.0,0.01,0.000,0.000,IDLE
2026-08-17T22:12:29.544383,37.8649004,32.4839600,1023.75,-0.0130,0.0444,-0.9772,304.0,0.01,0.000,0.000,IDLE
2026-08-17T22:12:30.544393,37.8649005,32.4839599,1023.72,-0.0105,0.0436,-0.9844,303.0,0.02,0.000,0.000,IDLE
2026-08-17T22:12:31.544556,37.8649005,32.4839600,1023.73,-0.0092,0.0446,-0.9919,303.0,0.02,0.000,0.000,IDLE
2026-08-17T22:12:32.544387,37.8649005,32.4839602,1023.74,-0.0087,0.0472,-1.0003,302.0,0.03,0.000,0.000,IDLE
2026-08-17T22:12:33.544333,37.8649004,32.4839602,1023.76,-0.0115,0.0465,-1.0116,302.0,0.04,0.000,0.000,IDLE
2026-08-17T22:12:34.544428,37.8649004,32.4839604,1023.74,-0.0077,0.0439,-1.0163,301.0,0.05,0.000,0.000,IDLE
2026-08-17T22:12:35.544284,37.8649002,32.4839606,1023.76,-0.0217,0.0411,-1.0243,301.0,0.09,0.000,0.000,IDLE
2026-08-17T22:12:36.544386,37.8648989,32.4839603,1023.74,-0.0132,0.0344,-1.0151,301.0,0.23,0.000,0.000,IDLE
2026-08-17T22:12:37.544353,37.8648976,32.4839590,1023.73,-0.0165,0.0399,-1.0129,301.0,0.21,0.000,0.000,IDLE
2026-08-17T22:12:38.544449,37.8648967,32.4839583,1023.73,-0.0114,0.0391,-0.9836,303.0,0.15,0.000,0.000,IDLE
2026-08-17T22:12:39.544442,37.8648957,32.4839578,1023.73,-0.0150,0.0383,-1.0018,302.0,0.14,0.000,0.000,IDLE
2026-08-17T22:12:40.544579,37.8648951,32.4839578,1023.74,-0.0057,0.0295,-0.9973,302.0,0.07,0.000,0.000,IDLE
2026-08-17T22:12:41.544273,37.8648943,32.4839576,1023.75,-0.0078,0.0514,-0.9586,305.0,0.11,0.000,0.000,IDLE
2026-08-17T22:12:42.544307,37.8648935,32.4839573,1023.75,-0.0126,0.0512,-0.9488,305.0,0.13,0.000,0.000,IDLE
2026-08-17T22:12:43.544335,37.8648925,32.4839571,1023.77,-0.0128,0.0504,-0.9760,304.0,0.13,0.000,0.000,IDLE
2026-08-17T22:12:44.544287,37.8648924,32.4839571,1023.75,-0.0047,0.0528,-0.9941,303.0,0.06,0.000,0.000,IDLE
2026-08-17T22:12:45.544358,37.8648922,32.4839582,1023.73,-0.0063,0.0470,-1.0055,302.0,0.08,0.000,0.000,IDLE
2026-08-17T22:12:46.544397,37.8648914,32.4839590,1023.73,-0.0109,0.0456,-1.0319,300.0,0.12,0.000,0.000,IDLE
2026-08-17T22:12:47.544324,37.8648906,32.4839599,1023.73,-0.0173,0.0470,-1.0671,298.0,0.16,0.000,0.000,IDLE
2026-08-17T22:12:48.544337,37.8648902,32.4839596,1023.72,-0.0161,0.0368,-1.1646,293.0,0.14,0.000,0.000,IDLE
2026-08-17T22:12:49.544523,37.8648903,32.4839594,1023.72,-0.0130,0.0556,-1.2440,288.0,0.08,0.000,0.000,IDLE
2026-08-17T22:12:50.544415,37.8648904,32.4839590,1023.71,-0.0126,0.0459,-1.3040,285.0,0.06,0.000,0.000,IDLE
2026-08-17T22:12:51.544336,37.8648905,32.4839590,1023.72,-0.0092,0.0415,-1.3344,283.0,0.02,0.000,0.000,IDLE
2026-08-17T22:12:52.544314,37.8648906,32.4839592,1023.70,-0.0072,0.0431,-1.3084,285.0,0.01,0.000,0.000,IDLE
2026-08-17T22:12:53.544544,37.8648904,32.4839594,1023.72,-0.0126,0.0431,-1.2859,286.0,0.05,0.000,0.000,IDLE
2026-08-17T22:12:54.544327,37.8648903,32.4839597,1023.71,-0.0143,0.0438,-1.2722,287.0,0.06,0.000,0.000,IDLE
2026-08-17T22:12:55.544389,37.8648901,32.4839598,1023.71,-0.0138,0.0441,-1.2648,287.0,0.06,0.000,0.000,IDLE
2026-08-17T22:12:56.544387,37.8648900,32.4839598,1023.69,-0.0130,0.0427,-1.2575,287.0,0.07,0.000,0.000,IDLE
2026-08-17T22:12:57.544351,37.8648898,32.4839598,1023.66,-0.0132,0.0429,-1.2526,288.0,0.07,0.000,0.000,IDLE
2026-08-17T22:12:58.544283,37.8648897,32.4839598,1023.67,-0.0150,0.0427,-1.2520,288.0,0.07,0.000,0.000,IDLE
2026-08-17T22:12:59.544320,37.8648897,32.4839598,1023.67,-0.0118,0.0427,-1.2552,288.0,0.05,0.000,0.000,IDLE
2026-08-17T22:13:00.544311,37.8648897,32.4839597,1023.70,-0.0133,0.0440,-1.2613,287.0,0.05,0.000,0.000,IDLE
2026-08-17T22:13:01.544319,37.8648897,32.4839597,1023.71,-0.0115,0.0416,-1.2655,287.0,0.05,0.000,0.000,IDLE
2026-08-17T22:13:02.544456,37.8648898,32.4839596,1023.73,-0.0138,0.0433,-1.2699,287.0,0.04,0.000,0.000,IDLE
2026-08-17T22:13:03.544353,37.8648897,32.4839595,1023.73,-0.0142,0.0444,-1.2776,286.0,0.02,0.000,0.000,IDLE
2026-08-17T22:13:04.544492,37.8648897,32.4839594,1023.72,-0.0110,0.0458,-1.2802,286.0,0.02,0.000,0.000,IDLE
2026-08-17T22:13:05.544416,37.8648896,32.4839593,1023.73,-0.0115,0.0449,-1.2815,286.0,0.03,0.000,0.000,IDLE
2026-08-17T22:13:06.544423,37.8648897,32.4839592,1023.75,-0.0117,0.0444,-1.2840,286.0,0.02,0.000,0.000,IDLE
2026-08-17T22:13:07.544562,37.8648895,32.4839593,1023.72,-0.0131,0.0448,-1.2895,286.0,0.03,0.000,0.000,IDLE
2026-08-17T22:13:08.544304,37.8648895,32.4839593,1023.72,-0.0114,0.0451,-1.2964,285.0,0.03,0.000,0.000,IDLE
2026-08-17T22:13:09.544539,37.8648895,32.4839591,1023.73,-0.0089,0.0449,-1.3046,285.0,0.03,0.000,0.000,IDLE
2026-08-17T22:13:10.544395,37.8648894,32.4839591,1023.73,-0.0141,0.0449,-1.3136,284.0,0.04,0.000,0.000,IDLE
2026-08-17T22:13:11.544572,37.8648894,32.4839589,1023.72,-0.0128,0.0451,-1.3239,284.0,0.03,0.000,0.000,IDLE
2026-08-17T22:13:12.544277,37.8648895,32.4839588,1023.70,-0.0141,0.0455,-1.3336,283.0,0.03,0.000,0.000,IDLE
2026-08-17T22:13:13.544279,37.8648896,32.4839587,1023.64,-0.0129,0.0454,-1.3444,282.0,0.02,0.000,0.000,IDLE
2026-08-17T22:13:14.544374,37.8648896,32.4839587,1023.65,-0.0109,0.0438,-1.3570,282.0,0.02,0.000,0.000,IDLE
2026-08-17T22:13:15.544392,37.8648897,32.4839584,1023.65,-0.0144,0.0435,-1.3670,281.0,0.02,0.000,0.000,IDLE
2026-08-17T22:13:16.544436,37.8648897,32.4839585,1023.68,-0.0103,0.0459,-1.3559,282.0,0.01,0.000,0.000,IDLE
2026-08-17T22:13:17.544325,37.8648897,32.4839584,1023.71,-0.0135,0.0438,-1.3426,283.0,0.02,0.000,0.000,IDLE
2026-08-17T22:13:18.544401,37.8648897,32.4839583,1023.71,-0.0116,0.0416,-1.3306,283.0,0.02,0.000,0.000,IDLE
2026-08-17T22:13:19.544415,37.8648895,32.4839581,1023.71,-0.0137,0.0403,-1.3193,284.0,0.03,0.000,0.000,IDLE
2026-08-17T22:13:20.544532,37.8648893,32.4839579,1023.71,-0.0128,0.0400,-1.3100,284.0,0.04,0.000,0.000,IDLE
2026-08-17T22:13:21.544363,37.8648892,32.4839579,1023.69,-0.0116,0.0418,-1.3180,284.0,0.04,0.000,0.000,IDLE
2026-08-17T22:13:22.544331,37.8648892,32.4839578,1023.70,-0.0151,0.0430,-1.3333,283.0,0.04,0.000,0.000,IDLE
2026-08-17T22:13:23.544341,37.8648892,32.4839579,1023.71,-0.0114,0.0430,-1.3471,282.0,0.04,0.000,0.000,IDLE
2026-08-17T22:13:24.544677,37.8648894,32.4839580,1023.69,-0.0144,0.0441,-1.3601,282.0,0.03,0.000,0.000,IDLE
2026-08-17T22:13:25.544359,37.8648894,32.4839580,1023.67,-0.0139,0.0453,-1.3729,281.0,0.03,0.000,0.000,IDLE
2026-08-17T22:13:26.544342,37.8648894,32.4839581,1023.68,-0.0137,0.0463,-1.3845,280.0,0.03,0.000,0.000,IDLE
2026-08-17T22:13:27.544364,37.8648894,32.4839581,1023.66,-0.0196,0.0489,-1.3977,279.0,0.05,0.000,0.000,IDLE
2026-08-17T22:13:28.544346,37.8648895,32.4839581,1023.66,-0.0181,0.0480,-1.4105,279.0,0.02,0.000,0.000,IDLE
2026-08-17T22:13:29.544389,37.8648897,32.4839581,1023.69,-0.0085,0.0477,-1.4222,278.0,0.03,0.000,0.000,IDLE
2026-08-17T22:13:30.544340,37.8648898,32.4839580,1023.71,-0.0127,0.0461,-1.4187,278.0,0.03,0.000,0.000,IDLE
2026-08-17T22:13:31.544320,37.8648899,32.4839579,1023.71,-0.0148,0.0471,-1.4158,278.0,0.03,0.000,0.000,IDLE
2026-08-17T22:13:32.544347,37.8648898,32.4839578,1023.70,-0.0113,0.0446,-1.4114,279.0,0.04,0.000,0.000,IDLE
2026-08-17T22:13:33.544325,37.8648896,32.4839580,1023.70,-0.0118,0.0485,-1.4133,279.0,0.05,0.000,0.000,IDLE
2026-08-17T22:13:34.544475,37.8648897,32.4839579,1023.68,-0.0122,0.0475,-1.4137,279.0,0.04,0.000,0.000,IDLE
2026-08-17T22:13:35.544320,37.8648898,32.4839577,1023.67,-0.0146,0.0481,-1.4131,279.0,0.05,0.000,0.000,IDLE
2026-08-17T22:13:36.544347,37.8648898,32.4839576,1023.68,-0.0182,0.0482,-1.4146,278.0,0.04,0.000,0.000,IDLE
2026-08-17T22:13:37.544437,37.8648898,32.4839576,1023.66,-0.0144,0.0490,-1.4143,278.0,0.04,0.000,0.000,IDLE
2026-08-17T22:13:38.544449,37.8648898,32.4839576,1023.67,-0.0177,0.0500,-1.4127,279.0,0.04,0.000,0.000,IDLE
2026-08-17T22:13:39.544336,37.8648897,32.4839574,1023.68,-0.0148,0.0474,-1.4114,279.0,0.04,0.000,0.000,IDLE
2026-08-17T22:13:40.544365,37.8648899,32.4839571,1023.68,-0.0162,0.0460,-1.4069,279.0,0.04,0.000,0.000,IDLE
2026-08-17T22:13:41.544404,37.8648899,32.4839570,1023.68,-0.0161,0.0462,-1.4056,279.0,0.04,0.000,0.000,IDLE
2026-08-17T22:13:42.544345,37.8648899,32.4839566,1023.71,-0.0147,0.0456,-1.4026,279.0,0.04,0.000,0.000,IDLE
2026-08-17T22:13:43.544329,37.8648898,32.4839565,1023.74,-0.0146,0.0445,-1.4014,279.0,0.04,0.000,0.000,IDLE
2026-08-17T22:13:44.544370,37.8648900,32.4839565,1023.73,-0.0131,0.0426,-1.3995,279.0,0.03,0.000,0.000,IDLE
2026-08-17T22:13:45.544339,37.8648900,32.4839565,1023.71,-0.0121,0.0427,-1.3986,279.0,0.02,0.000,0.000,IDLE
2026-08-17T22:13:46.544401,37.8648900,32.4839566,1023.71,-0.0121,0.0450,-1.4009,279.0,0.02,0.000,0.000,IDLE
2026-08-17T22:13:47.544281,37.8648902,32.4839566,1023.71,-0.0113,0.0445,-1.4051,279.0,0.01,0.000,0.000,IDLE
2026-08-17T22:13:48.544350,37.8648902,32.4839565,1023.69,-0.0127,0.0440,-1.4085,279.0,0.01,0.000,0.000,IDLE
2026-08-17T22:13:49.544348,37.8648903,32.4839564,1023.68,-0.0122,0.0438,-1.4117,279.0,0.01,0.000,0.000,IDLE
2026-08-17T22:13:50.544335,37.8648903,32.4839564,1023.68,-0.0122,0.0444,-1.4139,278.0,0.01,0.000,0.000,IDLE
2026-08-17T22:13:51.544367,37.8648903,32.4839564,1023.70,-0.0127,0.0448,-1.4146,278.0,0.01,0.000,0.000,IDLE
2026-08-17T22:13:52.544383,37.8648904,32.4839564,1023.70,-0.0113,0.0456,-1.4156,278.0,0.01,0.000,0.000,IDLE
2026-08-17T22:13:53.544426,37.8648904,32.4839564,1023.69,-0.0127,0.0455,-1.4159,278.0,0.01,0.000,0.000,IDLE
2026-08-17T22:13:54.544434,37.8648904,32.4839562,1023.69,-0.0127,0.0447,-1.4155,278.0,0.02,0.000,0.000,IDLE
2026-08-17T22:13:55.544629,37.8648905,32.4839561,1023.68,-0.0132,0.0445,-1.4150,278.0,0.03,0.000,0.000,IDLE
2026-08-17T22:13:56.544363,37.8648904,32.4839558,1023.66,-0.0133,0.0435,-1.4143,278.0,0.04,0.000,0.000,IDLE
2026-08-17T22:13:57.544358,37.8648905,32.4839555,1023.64,-0.0124,0.0437,-1.4156,278.0,0.04,0.000,0.000,IDLE
2026-08-17T22:13:58.544465,37.8648906,32.4839555,1023.67,-0.0131,0.0438,-1.4166,278.0,0.03,0.000,0.000,IDLE
2026-08-17T22:13:59.544429,37.8648906,32.4839555,1023.67,-0.0121,0.0442,-1.4169,278.0,0.03,0.000,0.000,IDLE
2026-08-17T22:14:00.544514,37.8648907,32.4839555,1023.64,-0.0125,0.0443,-1.4171,278.0,0.02,0.000,0.000,IDLE
2026-08-17T22:14:01.544528,37.8648907,32.4839554,1023.63,-0.0120,0.0441,-1.4175,278.0,0.03,0.000,0.000,IDLE
2026-08-17T22:14:02.544593,37.8648907,32.4839555,1023.65,-0.0122,0.0436,-1.4174,278.0,0.02,0.000,0.000,IDLE
2026-08-17T22:14:03.544688,37.8648906,32.4839555,1023.67,-0.0125,0.0442,-1.4171,278.0,0.03,0.000,0.000,IDLE
2026-08-17T22:14:04.544462,37.8648905,32.4839555,1023.68,-0.0130,0.0441,-1.4163,278.0,0.03,0.000,0.000,IDLE
2026-08-17T22:14:05.544494,37.8648907,32.4839555,1023.70,-0.0132,0.0446,-1.4162,278.0,0.03,0.000,0.000,IDLE
2026-08-17T22:14:06.544467,37.8648907,32.4839555,1023.70,-0.0128,0.0451,-1.4153,278.0,0.02,0.000,0.000,IDLE
2026-08-17T22:14:07.544429,37.8648908,32.4839555,1023.71,-0.0129,0.0449,-1.4150,278.0,0.02,0.000,0.000,IDLE
2026-08-17T22:14:08.544391,37.8648908,32.4839555,1023.69,-0.0124,0.0445,-1.4141,278.0,0.02,0.000,0.000,IDLE
2026-08-17T22:14:09.544405,37.8648908,32.4839555,1023.68,-0.0128,0.0444,-1.4140,278.0,0.02,0.000,0.000,IDLE
2026-08-17T22:14:10.544645,37.8648908,32.4839554,1023.67,-0.0118,0.0443,-1.4135,279.0,0.02,0.000,0.000,IDLE
2026-08-17T22:14:11.544363,37.8648909,32.4839556,1023.62,-0.0122,0.0437,-1.4129,279.0,0.02,0.000,0.000,IDLE
2026-08-17T22:14:12.544339,37.8648909,32.4839556,1023.62,-0.0130,0.0441,-1.4120,279.0,0.02,0.000,0.000,IDLE
2026-08-17T22:14:13.544328,37.8648909,32.4839557,1023.64,-0.0132,0.0445,-1.4112,279.0,0.03,0.000,0.000,IDLE
2026-08-17T22:14:14.544312,37.8648907,32.4839558,1023.65,-0.0131,0.0450,-1.4105,279.0,0.04,0.000,0.000,IDLE
2026-08-17T22:14:15.544336,37.8648906,32.4839559,1023.65,-0.0132,0.0449,-1.4093,279.0,0.05,0.000,0.000,IDLE
2026-08-17T22:14:16.544287,37.8648906,32.4839557,1023.64,-0.0131,0.0452,-1.4080,279.0,0.05,0.000,0.000,IDLE
2026-08-17T22:14:17.544413,37.8648905,32.4839558,1023.64,-0.0133,0.0453,-1.4064,279.0,0.05,0.000,0.000,IDLE
2026-08-17T22:14:18.544305,37.8648905,32.4839559,1023.65,-0.0129,0.0449,-1.4055,279.0,0.04,0.000,0.000,IDLE
2026-08-17T22:14:19.544310,37.8648904,32.4839559,1023.64,-0.0135,0.0447,-1.4040,279.0,0.04,0.000,0.000,IDLE
2026-08-17T22:14:20.544317,37.8648905,32.4839560,1023.64,-0.0131,0.0450,-1.4027,279.0,0.03,0.000,0.000,IDLE
2026-08-17T22:14:21.544334,37.8648906,32.4839559,1023.63,-0.0126,0.0446,-1.4005,279.0,0.03,0.000,0.000,IDLE
2026-08-17T22:14:22.544498,37.8648906,32.4839558,1023.62,-0.0127,0.0443,-1.3984,279.0,0.02,0.000,0.000,IDLE
2026-08-17T22:14:23.544502,37.8648906,32.4839556,1023.61,-0.0124,0.0442,-1.3963,280.0,0.03,0.000,0.000,IDLE
2026-08-17T22:14:24.544377,37.8648907,32.4839555,1023.59,-0.0121,0.0438,-1.3946,280.0,0.02,0.000,0.000,IDLE
2026-08-17T22:14:25.544369,37.8648908,32.4839555,1023.60,-0.0128,0.0432,-1.3927,280.0,0.02,0.000,0.000,IDLE
2026-08-17T22:14:26.544300,37.8648908,32.4839555,1023.61,-0.0123,0.0433,-1.3908,280.0,0.02,0.000,0.000,IDLE
2026-08-17T22:14:27.544330,37.8648908,32.4839556,1023.64,-0.0137,0.0431,-1.3886,280.0,0.02,0.000,0.000,IDLE
2026-08-17T22:14:28.544334,37.8648907,32.4839555,1023.64,-0.0127,0.0437,-1.3864,280.0,0.03,0.000,0.000,IDLE
2026-08-17T22:14:29.544566,37.8648907,32.4839556,1023.62,-0.0127,0.0441,-1.3839,280.0,0.02,0.000,0.000,IDLE
2026-08-17T22:14:30.544336,37.8648907,32.4839555,1023.60,-0.0128,0.0438,-1.3821,280.0,0.02,0.000,0.000,IDLE
2026-08-17T22:14:31.544362,37.8648906,32.4839555,1023.61,-0.0127,0.0438,-1.3796,280.0,0.03,0.000,0.000,IDLE
2026-08-17T22:14:32.544275,37.8648906,32.4839555,1023.62,-0.0127,0.0440,-1.3775,281.0,0.03,0.000,0.000,IDLE
2026-08-17T22:14:33.544274,37.8648907,32.4839555,1023.63,-0.0128,0.0436,-1.3750,281.0,0.02,0.000,0.000,IDLE
2026-08-17T22:14:34.544321,37.8648906,32.4839555,1023.63,-0.0128,0.0435,-1.3727,281.0,0.02,0.000,0.000,IDLE
2026-08-17T22:14:35.544266,37.8648905,32.4839555,1023.62,-0.0126,0.0434,-1.3700,281.0,0.03,0.000,0.000,IDLE
2026-08-17T22:14:36.544200,37.8648905,32.4839554,1023.61,-0.0122,0.0438,-1.3679,281.0,0.03,0.000,0.000,IDLE
2026-08-17T22:14:37.544345,37.8648905,32.4839552,1023.62,-0.0122,0.0444,-1.3649,281.0,0.03,0.000,0.000,IDLE
2026-08-17T22:14:38.544325,37.8648903,32.4839551,1023.62,-0.0122,0.0451,-1.3618,281.0,0.04,0.000,0.000,IDLE
2026-08-17T22:14:39.544342,37.8648903,32.4839552,1023.62,-0.0125,0.0455,-1.3589,282.0,0.03,0.000,0.000,IDLE
2026-08-17T22:14:40.544429,37.8648903,32.4839552,1023.63,-0.0127,0.0454,-1.3555,282.0,0.03,0.000,0.000,IDLE
2026-08-17T22:14:41.544327,37.8648902,32.4839551,1023.66,-0.0125,0.0449,-1.3524,282.0,0.03,0.000,0.000,IDLE
2026-08-17T22:14:42.544375,37.8648902,32.4839550,1023.64,-0.0124,0.0451,-1.3491,282.0,0.03,0.000,0.000,IDLE
2026-08-17T22:14:43.544409,37.8648903,32.4839549,1023.64,-0.0121,0.0445,-1.3460,282.0,0.02,0.000,0.000,IDLE
2026-08-17T22:14:44.544359,37.8648903,32.4839549,1023.62,-0.0123,0.0438,-1.3429,283.0,0.02,0.000,0.000,IDLE
2026-08-17T22:14:45.544340,37.8648903,32.4839548,1023.63,-0.0116,0.0437,-1.3401,283.0,0.02,0.000,0.000,IDLE
2026-08-17T22:14:46.544328,37.8648901,32.4839547,1023.64,-0.0123,0.0438,-1.3367,283.0,0.03,0.000,0.000,IDLE
2026-08-17T22:14:47.544400,37.8648899,32.4839546,1023.63,-0.0130,0.0443,-1.3337,283.0,0.04,0.000,0.000,IDLE
2026-08-17T22:14:48.544436,37.8648899,32.4839545,1023.62,-0.0129,0.0448,-1.3302,283.0,0.04,0.000,0.000,IDLE
2026-08-17T22:14:49.544289,37.8648900,32.4839544,1023.61,-0.0132,0.0440,-1.3269,283.0,0.03,0.000,0.000,IDLE
2026-08-17T22:14:50.544593,37.8648901,32.4839542,1023.60,-0.0126,0.0438,-1.3240,284.0,0.03,0.000,0.000,IDLE
2026-08-17T22:14:51.544322,37.8648901,32.4839541,1023.60,-0.0135,0.0435,-1.3224,284.0,0.04,0.000,0.000,IDLE
2026-08-17T22:14:52.544369,37.8648900,32.4839540,1023.61,-0.0133,0.0448,-1.3218,284.0,0.03,0.000,0.000,IDLE
2026-08-17T22:14:53.544364,37.8648901,32.4839541,1023.61,-0.0130,0.0458,-1.3212,284.0,0.03,0.000,0.000,IDLE
2026-08-17T22:14:54.544319,37.8648901,32.4839542,1023.59,-0.0132,0.0450,-1.3209,284.0,0.03,0.000,0.000,IDLE
2026-08-17T22:14:55.544325,37.8648899,32.4839542,1023.58,-0.0130,0.0447,-1.3196,284.0,0.04,0.000,0.000,IDLE
2026-08-17T22:14:56.544328,37.8648901,32.4839542,1023.58,-0.0133,0.0442,-1.3193,284.0,0.03,0.000,0.000,IDLE
2026-08-17T22:14:57.544255,37.8648901,32.4839542,1023.61,-0.0128,0.0449,-1.3184,284.0,0.03,0.000,0.000,IDLE
2026-08-17T22:14:58.544382,37.8648900,32.4839542,1023.63,-0.0126,0.0456,-1.3182,284.0,0.04,0.000,0.000,IDLE
2026-08-17T22:14:59.544386,37.8648900,32.4839541,1023.63,-0.0125,0.0450,-1.3174,284.0,0.04,0.000,0.000,IDLE
2026-08-17T22:15:00.544540,37.8648902,32.4839540,1023.62,-0.0125,0.0445,-1.3175,284.0,0.03,0.000,0.000,IDLE
2026-08-17T22:15:01.544518,37.8648902,32.4839540,1023.64,-0.0134,0.0443,-1.3168,284.0,0.03,0.000,0.000,IDLE
2026-08-17T22:15:02.544330,37.8648902,32.4839539,1023.64,-0.0137,0.0438,-1.3163,284.0,0.02,0.000,0.000,IDLE
2026-08-17T22:15:03.544339,37.8648902,32.4839539,1023.64,-0.0138,0.0439,-1.3156,284.0,0.03,0.000,0.000,IDLE
2026-08-17T22:15:04.544343,37.8648902,32.4839539,1023.62,-0.0136,0.0439,-1.3155,284.0,0.04,0.000,0.000,IDLE
2026-08-17T22:15:05.544360,37.8648901,32.4839536,1023.63,-0.0138,0.0434,-1.3152,284.0,0.04,0.000,0.000,IDLE
2026-08-17T22:15:06.544274,37.8648900,32.4839535,1023.60,-0.0143,0.0440,-1.3146,284.0,0.05,0.000,0.000,IDLE
2026-08-17T22:15:07.544356,37.8648899,32.4839534,1023.59,-0.0141,0.0437,-1.3145,284.0,0.05,0.000,0.000,IDLE
2026-08-17T22:15:08.544404,37.8648900,32.4839533,1023.59,-0.0137,0.0432,-1.3144,284.0,0.05,0.000,0.000,IDLE
2026-08-17T22:15:09.544349,37.8648902,32.4839532,1023.58,-0.0133,0.0431,-1.3142,284.0,0.04,0.000,0.000,IDLE
2026-08-17T22:15:10.544419,37.8648902,32.4839531,1023.60,-0.0122,0.0433,-1.3149,284.0,0.03,0.000,0.000,IDLE
2026-08-17T22:15:11.544276,37.8648905,32.4839530,1023.60,-0.0119,0.0433,-1.3153,284.0,0.02,0.000,0.000,IDLE
2026-08-17T22:15:12.544341,37.8648905,32.4839529,1023.60,-0.0122,0.0439,-1.3156,284.0,0.03,0.000,0.000,IDLE
2026-08-17T22:15:13.544362,37.8648905,32.4839530,1023.59,-0.0133,0.0441,-1.3159,284.0,0.03,0.000,0.000,IDLE
2026-08-17T22:15:14.544339,37.8648906,32.4839530,1023.58,-0.0130,0.0445,-1.3150,284.0,0.03,0.000,0.000,IDLE
2026-08-17T22:15:15.544321,37.8648905,32.4839529,1023.59,-0.0131,0.0452,-1.3154,284.0,0.03,0.000,0.000,IDLE
2026-08-17T22:15:16.544562,37.8648906,32.4839530,1023.58,-0.0120,0.0450,-1.3150,284.0,0.02,0.000,0.000,IDLE
2026-08-17T22:15:17.544368,37.8648906,32.4839529,1023.57,-0.0122,0.0444,-1.3147,284.0,0.02,0.000,0.000,IDLE
2026-08-17T22:15:18.544392,37.8648906,32.4839529,1023.56,-0.0128,0.0445,-1.3139,284.0,0.03,0.000,0.000,IDLE
2026-08-17T22:15:19.544432,37.8648905,32.4839529,1023.56,-0.0122,0.0450,-1.3132,284.0,0.03,0.000,0.000,IDLE
2026-08-17T22:15:20.544312,37.8648906,32.4839529,1023.58,-0.0135,0.0444,-1.3118,284.0,0.03,0.000,0.000,IDLE
2026-08-17T22:15:21.544356,37.8648907,32.4839528,1023.60,-0.0128,0.0444,-1.3113,284.0,0.02,0.000,0.000,IDLE
2026-08-17T22:15:22.544348,37.8648908,32.4839529,1023.61,-0.0130,0.0440,-1.3098,284.0,0.02,0.000,0.000,IDLE
2026-08-17T22:15:23.544530,37.8648907,32.4839530,1023.61,-0.0123,0.0441,-1.3088,285.0,0.03,0.000,0.000,IDLE
2026-08-17T22:15:24.544201,37.8648908,32.4839529,1023.60,-0.0119,0.0436,-1.3077,285.0,0.02,0.000,0.000,IDLE
2026-08-17T22:15:25.544207,37.8648908,32.4839529,1023.59,-0.0130,0.0435,-1.3065,285.0,0.02,0.000,0.000,IDLE
2026-08-17T22:15:26.544340,37.8648909,32.4839529,1023.57,-0.0126,0.0440,-1.3052,285.0,0.02,0.000,0.000,IDLE
2026-08-17T22:15:27.544331,37.8648909,32.4839530,1023.58,-0.0131,0.0437,-1.3029,285.0,0.02,0.000,0.000,IDLE
2026-08-17T22:15:28.544333,37.8648910,32.4839530,1023.55,-0.0128,0.0444,-1.3017,285.0,0.02,0.000,0.000,IDLE
2026-08-17T22:15:29.544385,37.8648909,32.4839530,1023.57,-0.0129,0.0446,-1.2993,285.0,0.02,0.000,0.000,IDLE
2026-08-17T22:15:30.544335,37.8648908,32.4839531,1023.59,-0.0129,0.0442,-1.2971,285.0,0.03,0.000,0.000,IDLE
2026-08-17T22:15:31.544510,37.8648907,32.4839533,1023.59,-0.0133,0.0443,-1.2946,285.0,0.04,0.000,0.000,IDLE
2026-08-17T22:15:32.544437,37.8648907,32.4839533,1023.60,-0.0127,0.0444,-1.2923,285.0,0.04,0.000,0.000,IDLE
2026-08-17T22:15:33.544237,37.8648906,32.4839532,1023.60,-0.0129,0.0446,-1.2893,286.0,0.04,0.000,0.000,IDLE
2026-08-17T22:15:34.544348,37.8648906,32.4839532,1023.62,-0.0138,0.0441,-1.2868,286.0,0.05,0.000,0.000,IDLE
2026-08-17T22:15:35.544421,37.8648906,32.4839532,1023.62,-0.0131,0.0444,-1.2844,286.0,0.04,0.000,0.000,IDLE
2026-08-17T22:15:36.544456,37.8648906,32.4839533,1023.61,-0.0139,0.0443,-1.2821,286.0,0.04,0.000,0.000,IDLE
2026-08-17T22:15:37.544294,37.8648906,32.4839533,1023.62,-0.0136,0.0446,-1.2800,286.0,0.04,0.000,0.000,IDLE
2026-08-17T22:15:38.544319,37.8648907,32.4839533,1023.63,-0.0135,0.0452,-1.2772,286.0,0.03,0.000,0.000,IDLE
2026-08-17T22:15:39.544436,37.8648909,32.4839534,1023.60,-0.0120,0.0449,-1.2743,287.0,0.02,0.000,0.000,IDLE
2026-08-17T22:15:40.544337,37.8648909,32.4839535,1023.62,-0.0125,0.0445,-1.2718,287.0,0.02,0.000,0.000,IDLE
2026-08-17T22:15:41.544425,37.8648909,32.4839536,1023.64,-0.0121,0.0446,-1.2690,287.0,0.01,0.000,0.000,IDLE
2026-08-17T22:15:42.544243,37.8648910,32.4839536,1023.62,-0.0104,0.0441,-1.2657,287.0,0.01,0.000,0.000,IDLE
2026-08-17T22:15:43.544283,37.8648909,32.4839535,1023.60,-0.0121,0.0407,-1.2640,287.0,0.03,0.000,0.000,IDLE
2026-08-17T22:15:44.544383,37.8648910,32.4839534,1023.61,-0.0133,0.0403,-1.2621,287.0,0.02,0.000,0.000,IDLE
2026-08-17T22:15:45.544337,37.8648910,32.4839534,1023.60,-0.0124,0.0451,-1.2608,287.0,0.02,0.000,0.000,IDLE
2026-08-17T22:15:46.544423,37.8648909,32.4839534,1023.62,-0.0131,0.0465,-1.2624,287.0,0.03,0.000,0.000,IDLE
2026-08-17T22:15:47.544378,37.8648908,32.4839534,1023.63,-0.0143,0.0458,-1.2637,287.0,0.03,0.000,0.000,IDLE
2026-08-17T22:15:48.544348,37.8648908,32.4839533,1023.64,-0.0140,0.0422,-1.2653,287.0,0.03,0.000,0.000,IDLE
2026-08-17T22:15:49.544383,37.8648907,32.4839533,1023.61,-0.0139,0.0398,-1.2658,287.0,0.02,0.000,0.000,IDLE
2026-08-17T22:15:50.544342,37.8648906,32.4839533,1023.59,-0.0144,0.0414,-1.2663,287.0,0.03,0.000,0.000,IDLE
2026-08-17T22:15:51.549204,37.8648906,32.4839533,1023.60,-0.0150,0.0407,-1.2677,287.0,0.03,0.000,0.000,IDLE
2026-08-17T22:15:52.544601,37.8648906,32.4839533,1023.59,-0.0144,0.0395,-1.2684,287.0,0.03,0.000,0.000,IDLE
2026-08-17T22:15:53.544317,37.8648907,32.4839533,1023.58,-0.0141,0.0385,-1.2710,287.0,0.03,0.000,0.000,IDLE
2026-08-17T22:15:54.544276,37.8648907,32.4839533,1023.58,-0.0139,0.0421,-1.2791,286.0,0.02,0.000,0.000,IDLE
2026-08-17T22:15:55.544462,37.8648906,32.4839536,1023.58,-0.0097,0.0419,-1.2782,286.0,0.04,0.000,0.000,IDLE
2026-08-17T22:15:56.544376,37.8648904,32.4839541,1023.57,-0.0148,0.0440,-1.2659,287.0,0.07,0.000,0.000,IDLE
2026-08-17T22:15:57.544429,37.8648901,32.4839544,1023.58,-0.0342,0.0505,-1.2635,287.0,0.11,0.000,0.000,IDLE
2026-08-17T22:15:58.544480,37.8648896,32.4839542,1023.59,-0.0368,0.0500,-1.3149,284.0,0.08,0.000,0.000,IDLE
2026-08-17T22:15:59.544546,37.8648900,32.4839541,1023.59,-0.0265,0.0563,-1.3452,282.0,0.02,0.000,0.000,IDLE
2026-08-17T22:16:00.544526,37.8648901,32.4839540,1023.59,-0.0362,0.0596,-1.3353,283.0,0.03,0.000,0.000,IDLE
2026-08-17T22:16:01.544280,37.8648904,32.4839536,1023.58,-0.0421,0.0598,-1.3490,282.0,0.03,0.000,0.000,IDLE
2026-08-17T22:16:02.544416,37.8648905,32.4839535,1023.55,-0.0460,0.0598,-1.3678,281.0,0.03,0.000,0.000,IDLE
2026-08-17T22:16:03.544378,37.8648905,32.4839534,1023.58,-0.0459,0.0588,-1.3744,281.0,0.03,0.000,0.000,IDLE
2026-08-17T22:16:04.544429,37.8648904,32.4839534,1023.61,-0.0465,0.0586,-1.3819,280.0,0.04,0.000,0.000,IDLE
2026-08-17T22:16:05.544214,37.8648904,32.4839533,1023.58,-0.0474,0.0581,-1.3826,280.0,0.04,0.000,0.000,IDLE
2026-08-17T22:16:06.544237,37.8648904,32.4839533,1023.58,-0.0461,0.0614,-1.3737,281.0,0.03,0.000,0.000,IDLE
2026-08-17T22:16:07.544356,37.8648903,32.4839534,1023.59,-0.0359,0.0598,-1.3469,282.0,0.05,0.000,0.000,IDLE
2026-08-17T22:16:08.544269,37.8648900,32.4839536,1023.60,-0.0332,0.0578,-1.2991,285.0,0.06,0.000,0.000,IDLE
2026-08-17T22:16:09.544441,37.8648898,32.4839536,1023.63,-0.0203,0.0504,-1.3037,285.0,0.06,0.000,0.000,IDLE
2026-08-17T22:16:10.544331,37.8648900,32.4839536,1023.64,-0.0167,0.0397,-1.3177,284.0,0.06,0.000,0.000,IDLE
2026-08-17T22:16:11.544328,37.8648902,32.4839544,1023.64,-0.0156,0.0497,-1.3634,281.0,0.07,0.000,0.000,IDLE
2026-08-17T22:16:12.544361,37.8648904,32.4839549,1023.61,-0.0130,0.0306,-1.3687,281.0,0.05,0.000,0.000,IDLE
2026-08-17T22:16:13.544264,37.8648906,32.4839545,1023.60,-0.0185,0.0014,-1.3157,284.0,0.09,0.000,0.000,IDLE
2026-08-17T22:16:14.544205,37.8648908,32.4839538,1023.61,-0.0181,0.0661,-1.2807,286.0,0.06,0.000,0.000,IDLE
2026-08-17T22:16:15.544329,37.8648910,32.4839528,1023.58,-0.0136,0.0514,-1.3085,285.0,0.07,0.000,0.000,IDLE
2026-08-17T22:16:16.544326,37.8648911,32.4839523,1023.57,-0.0175,0.0683,-1.3745,281.0,0.03,0.000,0.000,IDLE
2026-08-17T22:16:17.544307,37.8648916,32.4839519,1023.56,-0.0227,0.0521,-1.4829,275.0,0.06,0.000,0.000,IDLE
2026-08-17T22:16:18.544306,37.8648917,32.4839514,1023.57,-0.0144,0.0691,-1.5821,269.0,0.08,0.000,0.000,IDLE
2026-08-17T22:16:19.544328,37.8648917,32.4839509,1023.59,-0.0181,0.0761,-1.6019,268.0,0.08,0.000,0.000,IDLE
2026-08-17T22:16:20.544413,37.8648913,32.4839508,1023.59,-0.0191,0.0598,-1.6427,265.0,0.04,0.000,0.000,IDLE
2026-08-17T22:16:21.544236,37.8648918,32.4839504,1023.59,-0.0127,0.0764,-1.6089,267.0,0.05,0.000,0.000,IDLE
2026-08-17T22:16:22.544275,37.8648920,32.4839504,1023.57,-0.0228,0.0679,-1.5494,271.0,0.01,0.000,0.000,IDLE
2026-08-17T22:16:23.544328,37.8648920,32.4839501,1023.59,-0.0294,0.0780,-1.5416,271.0,0.04,0.000,0.000,IDLE
2026-08-17T22:16:24.544285,37.8648922,32.4839492,1023.60,-0.0063,0.0842,-1.5725,269.0,0.09,0.000,0.000,IDLE
2026-08-17T22:16:25.544398,37.8648924,32.4839481,1023.60,-0.0088,0.0594,-1.6296,266.0,0.08,0.000,0.000,IDLE
2026-08-17T22:16:26.544343,37.8648926,32.4839472,1023.61,-0.0106,0.0524,-1.6685,264.0,0.07,0.000,0.000,IDLE
2026-08-17T22:16:27.544249,37.8648925,32.4839463,1023.62,-0.0107,0.0662,-1.7067,262.0,0.07,0.000,0.000,IDLE
2026-08-17T22:16:28.544336,37.8648926,32.4839455,1023.62,-0.0116,0.0745,-1.7363,260.0,0.07,0.000,0.000,IDLE
2026-08-17T22:16:29.544346,37.8648927,32.4839446,1023.61,-0.0104,0.0773,-1.7620,259.0,0.06,0.000,0.000,IDLE
2026-08-17T22:16:30.544363,37.8648928,32.4839439,1023.62,-0.0126,0.0786,-1.7826,257.0,0.05,0.000,0.000,IDLE
2026-08-17T22:16:31.544336,37.8648929,32.4839431,1023.64,-0.0116,0.0738,-1.8004,256.0,0.05,0.000,0.000,IDLE
2026-08-17T22:16:32.544331,37.8648931,32.4839422,1023.61,-0.0119,0.0699,-1.8142,256.0,0.05,0.000,0.000,IDLE
2026-08-17T22:16:33.544338,37.8648933,32.4839415,1023.61,-0.0123,0.0684,-1.8268,255.0,0.05,0.000,0.000,IDLE
2026-08-17T22:16:34.544356,37.8648933,32.4839407,1023.64,-0.0103,0.0713,-1.8363,254.0,0.06,0.000,0.000,IDLE
2026-08-17T22:16:35.544348,37.8648933,32.4839401,1023.64,-0.0090,0.0724,-1.8451,254.0,0.06,0.000,0.000,IDLE
2026-08-17T22:16:36.544231,37.8648932,32.4839394,1023.64,-0.0107,0.0738,-1.8525,253.0,0.06,0.000,0.000,IDLE
2026-08-17T22:16:37.544348,37.8648930,32.4839389,1023.66,-0.0125,0.0755,-1.8575,253.0,0.06,0.000,0.000,IDLE
2026-08-17T22:16:38.544357,37.8648928,32.4839385,1023.64,-0.0119,0.0765,-1.8614,253.0,0.06,0.000,0.000,IDLE
2026-08-17T22:16:39.544281,37.8648928,32.4839381,1023.65,-0.0110,0.0713,-1.8646,253.0,0.05,0.000,0.000,IDLE
2026-08-17T22:16:40.544370,37.8648928,32.4839376,1023.68,-0.0118,0.0648,-1.8650,253.0,0.05,0.000,0.000,IDLE
2026-08-17T22:16:41.544348,37.8648928,32.4839372,1023.69,-0.0130,0.0676,-1.8648,253.0,0.04,0.000,0.000,IDLE
2026-08-17T22:16:42.544407,37.8648928,32.4839369,1023.68,-0.0090,0.0734,-1.8609,253.0,0.04,0.000,0.000,IDLE
2026-08-17T22:16:43.544331,37.8648928,32.4839365,1023.68,-0.0106,0.0791,-1.8566,253.0,0.04,0.000,0.000,IDLE
2026-08-17T22:16:44.544230,37.8648927,32.4839363,1023.66,-0.0125,0.0815,-1.8533,253.0,0.04,0.000,0.000,IDLE
2026-08-17T22:16:45.544427,37.8648927,32.4839360,1023.67,-0.0043,0.0769,-1.8449,254.0,0.03,0.000,0.000,IDLE
2026-08-17T22:16:46.544353,37.8648926,32.4839357,1023.66,-0.0088,0.0661,-1.8384,254.0,0.04,0.000,0.000,IDLE
2026-08-17T22:16:47.544364,37.8648924,32.4839355,1023.64,-0.0173,0.0634,-1.8282,255.0,0.04,0.000,0.000,IDLE
2026-08-17T22:16:48.544302,37.8648922,32.4839353,1023.63,-0.0133,0.0717,-1.8178,255.0,0.04,0.000,0.000,IDLE
2026-08-17T22:16:49.544271,37.8648922,32.4839349,1023.61,-0.0112,0.0717,-1.8065,256.0,0.03,0.000,0.000,IDLE
2026-08-17T22:16:50.544329,37.8648923,32.4839346,1023.58,-0.0133,0.0706,-1.7957,257.0,0.02,0.000,0.000,IDLE
2026-08-17T22:16:51.544393,37.8648921,32.4839344,1023.60,-0.0149,0.0754,-1.7834,257.0,0.03,0.000,0.000,IDLE
2026-08-17T22:16:52.544283,37.8648919,32.4839342,1023.61,-0.0160,0.0785,-1.7712,258.0,0.04,0.000,0.000,IDLE
2026-08-17T22:16:53.544303,37.8648918,32.4839337,1023.65,-0.0169,0.0771,-1.7598,259.0,0.04,0.000,0.000,IDLE
2026-08-17T22:16:54.544354,37.8648918,32.4839334,1023.66,-0.0143,0.0759,-1.7456,259.0,0.02,0.000,0.000,IDLE
2026-08-17T22:16:55.544351,37.8648916,32.4839332,1023.66,-0.0101,0.0712,-1.7329,260.0,0.03,0.000,0.000,IDLE
2026-08-17T22:16:56.544274,37.8648915,32.4839331,1023.64,-0.0103,0.0678,-1.7211,261.0,0.03,0.000,0.000,IDLE
2026-08-17T22:16:57.544425,37.8648913,32.4839329,1023.61,-0.0112,0.0676,-1.7080,262.0,0.03,0.000,0.000,IDLE
2026-08-17T22:16:58.544361,37.8648913,32.4839328,1023.62,-0.0104,0.0690,-1.6954,262.0,0.03,0.000,0.000,IDLE
2026-08-17T22:16:59.544346,37.8648909,32.4839326,1023.63,-0.0093,0.0723,-1.6809,263.0,0.05,0.000,0.000,IDLE
2026-08-17T22:17:00.544406,37.8648907,32.4839326,1023.62,-0.0119,0.0718,-1.6695,264.0,0.05,0.000,0.000,IDLE
2026-08-17T22:17:01.544278,37.8648906,32.4839324,1023.63,-0.0142,0.0750,-1.6543,265.0,0.05,0.000,0.000,IDLE
2026-08-17T22:17:02.544280,37.8648905,32.4839324,1023.64,-0.0117,0.0751,-1.6418,265.0,0.04,0.000,0.000,IDLE
2026-08-17T22:17:03.544348,37.8648905,32.4839322,1023.63,-0.0117,0.0721,-1.6283,266.0,0.03,0.000,0.000,IDLE
2026-08-17T22:17:04.544550,37.8648904,32.4839319,1023.63,-0.0139,0.0709,-1.6158,267.0,0.03,0.000,0.000,IDLE
2026-08-17T22:17:05.544369,37.8648905,32.4839317,1023.65,-0.0138,0.0704,-1.6038,268.0,0.03,0.000,0.000,IDLE
2026-08-17T22:17:06.544255,37.8648904,32.4839314,1023.65,-0.0153,0.0721,-1.5916,268.0,0.02,0.000,0.000,IDLE
2026-08-17T22:17:07.544373,37.8648904,32.4839313,1023.66,-0.0064,0.0741,-1.5804,269.0,0.02,0.000,0.000,IDLE
2026-08-17T22:17:08.544375,37.8648902,32.4839311,1023.64,-0.0100,0.0733,-1.5692,270.0,0.04,0.000,0.000,IDLE
2026-08-17T22:17:09.544305,37.8648901,32.4839309,1023.64,-0.0110,0.0732,-1.5581,270.0,0.04,0.000,0.000,IDLE
2026-08-17T22:17:10.544274,37.8648901,32.4839307,1023.63,-0.0120,0.0752,-1.5483,271.0,0.03,0.000,0.000,IDLE
2026-08-17T22:17:11.544331,37.8648901,32.4839307,1023.64,-0.0097,0.0726,-1.5374,271.0,0.03,0.000,0.000,IDLE
2026-08-17T22:17:12.544350,37.8648901,32.4839304,1023.64,-0.0095,0.0712,-1.5287,272.0,0.03,0.000,0.000,IDLE
2026-08-17T22:17:13.544330,37.8648899,32.4839301,1023.64,-0.0095,0.0726,-1.5185,273.0,0.04,0.000,0.000,IDLE
2026-08-17T22:17:14.544326,37.8648898,32.4839300,1023.60,-0.0111,0.0719,-1.5098,273.0,0.05,0.000,0.000,IDLE
2026-08-17T22:17:15.544395,37.8648898,32.4839297,1023.60,-0.0160,0.0723,-1.5008,274.0,0.04,0.000,0.000,IDLE
2026-08-17T22:17:16.544328,37.8648896,32.4839295,1023.62,-0.0144,0.0744,-1.4928,274.0,0.04,0.000,0.000,IDLE
2026-08-17T22:17:17.544333,37.8648894,32.4839293,1023.65,-0.0093,0.0734,-1.4832,275.0,0.03,0.000,0.000,IDLE
2026-08-17T22:17:18.544334,37.8648893,32.4839292,1023.67,-0.0059,0.0713,-1.4743,275.0,0.05,0.000,0.000,IDLE
2026-08-17T22:17:19.544205,37.8648892,32.4839289,1023.67,-0.0116,0.0703,-1.4683,275.0,0.05,0.000,0.000,IDLE
2026-08-17T22:17:20.544338,37.8648891,32.4839286,1023.69,-0.0074,0.0733,-1.4587,276.0,0.05,0.000,0.000,IDLE
2026-08-17T22:17:21.544344,37.8648891,32.4839284,1023.68,-0.0101,0.0702,-1.4529,276.0,0.05,0.000,0.000,IDLE
2026-08-17T22:17:22.544311,37.8648891,32.4839283,1023.68,-0.0091,0.0677,-1.4442,277.0,0.04,0.000,0.000,IDLE
2026-08-17T22:17:23.544330,37.8648891,32.4839281,1023.68,-0.0123,0.0694,-1.4383,277.0,0.03,0.000,0.000,IDLE
2026-08-17T22:17:24.544299,37.8648891,32.4839280,1023.69,-0.0115,0.0710,-1.4302,278.0,0.03,0.000,0.000,IDLE
2026-08-17T22:17:25.544840,37.8648890,32.4839279,1023.70,-0.0134,0.0731,-1.4237,278.0,0.03,0.000,0.000,IDLE
2026-08-17T22:17:26.544259,37.8648890,32.4839277,1023.70,-0.0115,0.0734,-1.4175,278.0,0.03,0.000,0.000,IDLE
2026-08-17T22:17:27.544944,37.8648890,32.4839276,1023.69,-0.0115,0.0730,-1.4117,279.0,0.03,0.000,0.000,IDLE
2026-08-17T22:17:28.544211,37.8648889,32.4839277,1023.70,-0.0108,0.0724,-1.4052,279.0,0.03,0.000,0.000,IDLE
2026-08-17T22:17:29.544713,37.8648888,32.4839277,1023.70,-0.0100,0.0709,-1.3997,279.0,0.03,0.000,0.000,IDLE
2026-08-17T22:17:30.544466,37.8648889,32.4839277,1023.69,-0.0096,0.0702,-1.3944,280.0,0.03,0.000,0.000,IDLE
2026-08-17T22:17:31.544251,37.8648889,32.4839276,1023.66,-0.0105,0.0716,-1.3892,280.0,0.04,0.000,0.000,IDLE
2026-08-17T22:17:32.544233,37.8648890,32.4839275,1023.65,-0.0103,0.0729,-1.3846,280.0,0.03,0.000,0.000,IDLE
2026-08-17T22:17:33.544334,37.8648890,32.4839275,1023.65,-0.0106,0.0725,-1.3800,280.0,0.03,0.000,0.000,IDLE
2026-08-17T22:17:34.544342,37.8648890,32.4839273,1023.65,-0.0100,0.0715,-1.3761,281.0,0.03,0.000,0.000,IDLE
2026-08-17T22:17:35.544338,37.8648891,32.4839271,1023.65,-0.0092,0.0713,-1.3721,281.0,0.03,0.000,0.000,IDLE
2026-08-17T22:17:36.544242,37.8648892,32.4839270,1023.64,-0.0098,0.0716,-1.3691,281.0,0.03,0.000,0.000,IDLE
2026-08-17T22:17:37.544345,37.8648892,32.4839269,1023.63,-0.0102,0.0712,-1.3657,281.0,0.03,0.000,0.000,IDLE
2026-08-17T22:17:38.544349,37.8648893,32.4839269,1023.64,-0.0110,0.0706,-1.3626,281.0,0.02,0.000,0.000,IDLE
2026-08-17T22:17:39.544747,37.8648893,32.4839268,1023.67,-0.0106,0.0707,-1.3594,282.0,0.02,0.000,0.000,IDLE
2026-08-17T22:17:40.544302,37.8648893,32.4839266,1023.67,-0.0104,0.0714,-1.3567,282.0,0.03,0.000,0.000,IDLE
2026-08-17T22:17:41.544287,37.8648894,32.4839263,1023.64,-0.0104,0.0719,-1.3541,282.0,0.03,0.000,0.000,IDLE
2026-08-17T22:17:42.544634,37.8648895,32.4839260,1023.64,-0.0096,0.0741,-1.3521,282.0,0.04,0.000,0.000,IDLE
2026-08-17T22:17:43.544310,37.8648896,32.4839257,1023.63,-0.0096,0.0746,-1.3501,282.0,0.04,0.000,0.000,IDLE
2026-08-17T22:17:44.544344,37.8648897,32.4839254,1023.66,-0.0097,0.0725,-1.3481,282.0,0.04,0.000,0.000,IDLE
2026-08-17T22:17:45.544634,37.8648897,32.4839253,1023.66,-0.0105,0.0700,-1.3461,282.0,0.03,0.000,0.000,IDLE
2026-08-17T22:17:46.544831,37.8648898,32.4839252,1023.66,-0.0101,0.0690,-1.3447,282.0,0.03,0.000,0.000,IDLE
2026-08-17T22:17:47.544331,37.8648898,32.4839251,1023.68,-0.0113,0.0700,-1.3431,283.0,0.03,0.000,0.000,IDLE
2026-08-17T22:17:48.545221,37.8648898,32.4839251,1023.70,-0.0113,0.0712,-1.3424,283.0,0.03,0.000,0.000,IDLE
2026-08-17T22:17:49.544259,37.8648899,32.4839251,1023.72,-0.0117,0.0723,-1.3406,283.0,0.03,0.000,0.000,IDLE
2026-08-17T22:17:50.544280,37.8648898,32.4839251,1023.73,-0.0114,0.0730,-1.3389,283.0,0.03,0.000,0.000,IDLE
2026-08-17T22:17:51.544264,37.8648899,32.4839249,1023.73,-0.0119,0.0730,-1.3374,283.0,0.04,0.000,0.000,IDLE
2026-08-17T22:17:52.544548,37.8648899,32.4839248,1023.72,-0.0120,0.0729,-1.3363,283.0,0.03,0.000,0.000,IDLE
2026-08-17T22:17:53.544219,37.8648899,32.4839249,1023.73,-0.0115,0.0726,-1.3350,283.0,0.04,0.000,0.000,IDLE
2026-08-17T22:17:54.544281,37.8648898,32.4839250,1023.71,-0.0110,0.0741,-1.3337,283.0,0.04,0.000,0.000,IDLE
2026-08-17T22:17:55.544524,37.8648898,32.4839249,1023.70,-0.0095,0.0751,-1.3327,283.0,0.04,0.000,0.000,IDLE
2026-08-17T22:17:56.544393,37.8648899,32.4839249,1023.70,-0.0099,0.0744,-1.3320,283.0,0.02,0.000,0.000,IDLE
2026-08-17T22:17:57.544325,37.8648900,32.4839248,1023.71,-0.0102,0.0724,-1.3314,283.0,0.02,0.000,0.000,IDLE
2026-08-17T22:17:58.544329,37.8648900,32.4839246,1023.72,-0.0117,0.0716,-1.3310,283.0,0.02,0.000,0.000,IDLE
2026-08-17T22:17:59.544509,37.8648900,32.4839243,1023.72,-0.0119,0.0727,-1.3301,283.0,0.02,0.000,0.000,IDLE
2026-08-17T22:18:00.544337,37.8648901,32.4839242,1023.74,-0.0117,0.0740,-1.3298,283.0,0.02,0.000,0.000,IDLE
2026-08-17T22:18:01.544334,37.8648901,32.4839241,1023.72,-0.0110,0.0741,-1.3295,283.0,0.03,0.000,0.000,IDLE
2026-08-17T22:18:02.545156,37.8648902,32.4839239,1023.71,-0.0098,0.0728,-1.3292,283.0,0.02,0.000,0.000,IDLE
2026-08-17T22:18:03.544290,37.8648903,32.4839238,1023.71,-0.0107,0.0718,-1.3284,283.0,0.03,0.000,0.000,IDLE
2026-08-17T22:18:04.544273,37.8648902,32.4839236,1023.68,-0.0105,0.0720,-1.3281,283.0,0.03,0.000,0.000,IDLE
2026-08-17T22:18:05.544267,37.8648902,32.4839235,1023.68,-0.0117,0.0727,-1.3282,283.0,0.04,0.000,0.000,IDLE
2026-08-17T22:18:06.544410,37.8648901,32.4839233,1023.67,-0.0115,0.0740,-1.3286,283.0,0.04,0.000,0.000,IDLE
2026-08-17T22:18:07.544217,37.8648902,32.4839231,1023.69,-0.0122,0.0746,-1.3286,283.0,0.04,0.000,0.000,IDLE
2026-08-17T22:18:08.544250,37.8648902,32.4839230,1023.73,-0.0125,0.0735,-1.3288,283.0,0.04,0.000,0.000,IDLE
2026-08-17T22:18:09.544524,37.8648903,32.4839228,1023.73,-0.0121,0.0733,-1.3289,283.0,0.04,0.000,0.000,IDLE
2026-08-17T22:18:10.544522,37.8648904,32.4839225,1023.72,-0.0117,0.0728,-1.3286,283.0,0.03,0.000,0.000,IDLE
2026-08-17T22:18:11.544383,37.8648905,32.4839224,1023.73,-0.0112,0.0719,-1.3286,283.0,0.03,0.000,0.000,IDLE
2026-08-17T22:18:12.544277,37.8648906,32.4839223,1023.73,-0.0110,0.0723,-1.3285,283.0,0.03,0.000,0.000,IDLE
2026-08-17T22:18:13.544454,37.8648907,32.4839223,1023.72,-0.0108,0.0723,-1.3283,283.0,0.03,0.000,0.000,IDLE
2026-08-17T22:18:14.544409,37.8648907,32.4839221,1023.74,-0.0117,0.0717,-1.3282,283.0,0.03,0.000,0.000,IDLE
2026-08-17T22:18:15.544299,37.8648906,32.4839222,1023.75,-0.0117,0.0719,-1.3278,283.0,0.04,0.000,0.000,IDLE
2026-08-17T22:18:16.544370,37.8648905,32.4839222,1023.74,-0.0113,0.0725,-1.3273,283.0,0.04,0.000,0.000,IDLE
2026-08-17T22:18:17.544259,37.8648906,32.4839220,1023.74,-0.0112,0.0723,-1.3266,283.0,0.04,0.000,0.000,IDLE
2026-08-17T22:18:18.544845,37.8648907,32.4839220,1023.72,-0.0104,0.0724,-1.3262,284.0,0.03,0.000,0.000,IDLE
2026-08-17T22:18:19.545115,37.8648907,32.4839220,1023.73,-0.0107,0.0729,-1.3256,284.0,0.03,0.000,0.000,IDLE
2026-08-17T22:18:20.544321,37.8648906,32.4839220,1023.72,-0.0109,0.0728,-1.3249,284.0,0.04,0.000,0.000,IDLE
2026-08-17T22:18:21.544268,37.8648905,32.4839220,1023.72,-0.0115,0.0719,-1.3244,284.0,0.04,0.000,0.000,IDLE
2026-08-17T22:18:22.544294,37.8648905,32.4839221,1023.71,-0.0113,0.0720,-1.3231,284.0,0.04,0.000,0.000,IDLE
2026-08-17T22:18:23.545388,37.8648905,32.4839221,1023.72,-0.0114,0.0725,-1.3223,284.0,0.04,0.000,0.000,IDLE
2026-08-17T22:18:24.544368,37.8648905,32.4839221,1023.74,-0.0115,0.0718,-1.3213,284.0,0.04,0.000,0.000,IDLE
2026-08-17T22:18:25.544237,37.8648906,32.4839219,1023.73,-0.0114,0.0716,-1.3200,284.0,0.04,0.000,0.000,IDLE
2026-08-17T22:18:26.544767,37.8648906,32.4839218,1023.73,-0.0110,0.0706,-1.3185,284.0,0.04,0.000,0.000,IDLE
2026-08-17T22:18:27.544497,37.8648905,32.4839218,1023.73,-0.0113,0.0704,-1.3168,284.0,0.04,0.000,0.000,IDLE
2026-08-17T22:18:28.544599,37.8648905,32.4839218,1023.75,-0.0106,0.0718,-1.3150,284.0,0.04,0.000,0.000,IDLE
2026-08-17T22:18:29.544246,37.8648905,32.4839217,1023.76,-0.0103,0.0727,-1.3131,284.0,0.04,0.000,0.000,IDLE
2026-08-17T22:18:30.544542,37.8648905,32.4839217,1023.78,-0.0101,0.0722,-1.3110,284.0,0.03,0.000,0.000,IDLE
2026-08-17T22:18:31.544667,37.8648904,32.4839218,1023.80,-0.0109,0.0727,-1.3084,285.0,0.03,0.000,0.000,IDLE
2026-08-17T22:18:32.544732,37.8648904,32.4839218,1023.79,-0.0103,0.0736,-1.3059,285.0,0.03,0.000,0.000,IDLE
2026-08-17T22:18:33.544215,37.8648905,32.4839217,1023.77,-0.0118,0.0725,-1.3029,285.0,0.03,0.000,0.000,IDLE
2026-08-17T22:18:34.544374,37.8648904,32.4839217,1023.76,-0.0125,0.0703,-1.3001,285.0,0.03,0.000,0.000,IDLE
2026-08-17T22:18:35.545043,37.8648904,32.4839218,1023.76,-0.0119,0.0711,-1.2973,285.0,0.03,0.000,0.000,IDLE
2026-08-17T22:18:36.544849,37.8648903,32.4839218,1023.77,-0.0115,0.0722,-1.2939,285.0,0.03,0.000,0.000,IDLE
2026-08-17T22:18:37.544504,37.8648903,32.4839218,1023.79,-0.0108,0.0724,-1.2902,286.0,0.03,0.000,0.000,IDLE
2026-08-17T22:18:38.544186,37.8648901,32.4839218,1023.77,-0.0099,0.0719,-1.2865,286.0,0.04,0.000,0.000,IDLE
2026-08-17T22:18:39.545054,37.8648901,32.4839218,1023.75,-0.0089,0.0708,-1.2829,286.0,0.03,0.000,0.000,IDLE
2026-08-17T22:18:40.545132,37.8648901,32.4839218,1023.78,-0.0089,0.0707,-1.2786,286.0,0.03,0.000,0.000,IDLE
2026-08-17T22:18:41.545378,37.8648902,32.4839217,1023.80,-0.0099,0.0721,-1.2744,286.0,0.03,0.000,0.000,IDLE
2026-08-17T22:18:42.545386,37.8648903,32.4839216,1023.80,-0.0101,0.0728,-1.2709,287.0,0.03,0.000,0.000,IDLE
2026-08-17T22:18:43.544896,37.8648903,32.4839213,1023.79,-0.0130,0.0728,-1.2667,287.0,0.04,0.000,0.000,IDLE
2026-08-17T22:18:44.545364,37.8648903,32.4839215,1023.81,-0.0138,0.0728,-1.2628,287.0,0.03,0.000,0.000,IDLE
2026-08-17T22:18:45.544514,37.8648903,32.4839215,1023.82,-0.0132,0.0725,-1.2583,287.0,0.02,0.000,0.000,IDLE
2026-08-17T22:18:46.544501,37.8648903,32.4839215,1023.81,-0.0109,0.0727,-1.2539,288.0,0.02,0.000,0.000,IDLE
2026-08-17T22:18:47.544216,37.8648903,32.4839217,1023.82,-0.0102,0.0728,-1.2489,288.0,0.03,0.000,0.000,IDLE
2026-08-17T22:18:48.544672,37.8648903,32.4839218,1023.79,-0.0112,0.0721,-1.2447,288.0,0.02,0.000,0.000,IDLE
2026-08-17T22:18:49.544311,37.8648901,32.4839219,1023.77,-0.0115,0.0716,-1.2404,288.0,0.04,0.000,0.000,IDLE
2026-08-17T22:18:50.544764,37.8648900,32.4839219,1023.78,-0.0109,0.0728,-1.2353,289.0,0.04,0.000,0.000,IDLE
2026-08-17T22:18:51.544240,37.8648900,32.4839219,1023.80,-0.0099,0.0732,-1.2304,289.0,0.04,0.000,0.000,IDLE
2026-08-17T22:18:52.544603,37.8648899,32.4839218,1023.80,-0.0096,0.0727,-1.2258,289.0,0.04,0.000,0.000,IDLE
2026-08-17T22:18:53.544791,37.8648899,32.4839219,1023.78,-0.0104,0.0718,-1.2207,290.0,0.04,0.000,0.000,IDLE
2026-08-17T22:18:54.544815,37.8648899,32.4839219,1023.77,-0.0111,0.0718,-1.2160,290.0,0.04,0.000,0.000,IDLE
2026-08-17T22:18:55.544480,37.8648898,32.4839219,1023.77,-0.0123,0.0711,-1.2118,290.0,0.04,0.000,0.000,IDLE
2026-08-17T22:18:56.544191,37.8648896,32.4839220,1023.78,-0.0129,0.0710,-1.2073,290.0,0.05,0.000,0.000,IDLE
2026-08-17T22:18:57.545143,37.8648896,32.4839221,1023.78,-0.0121,0.0718,-1.2025,291.0,0.05,0.000,0.000,IDLE
2026-08-17T22:18:58.545195,37.8648896,32.4839220,1023.79,-0.0124,0.0723,-1.1973,291.0,0.06,0.000,0.000,IDLE
2026-08-17T22:18:59.544667,37.8648894,32.4839221,1023.79,-0.0120,0.0734,-1.1933,291.0,0.06,0.000,0.000,IDLE
2026-08-17T22:19:00.545166,37.8648893,32.4839221,1023.77,-0.0114,0.0742,-1.1878,291.0,0.06,0.000,0.000,IDLE
2026-08-17T22:19:01.544932,37.8648896,32.4839221,1023.79,-0.0113,0.0729,-1.1833,292.0,0.04,0.000,0.000,IDLE
2026-08-17T22:19:02.545415,37.8648895,32.4839223,1023.79,-0.0119,0.0720,-1.1788,292.0,0.04,0.000,0.000,IDLE
2026-08-17T22:19:03.545538,37.8648896,32.4839223,1023.77,-0.0114,0.0719,-1.1737,292.0,0.03,0.000,0.000,IDLE
2026-08-17T22:19:04.544688,37.8648895,32.4839222,1023.77,-0.0128,0.0724,-1.1690,293.0,0.04,0.000,0.000,IDLE
2026-08-17T22:19:05.544499,37.8648894,32.4839223,1023.79,-0.0112,0.0729,-1.1640,293.0,0.04,0.000,0.000,WAYPOINT_KAMIKAZE
2026-08-17T22:19:06.544649,37.8648894,32.4839223,1023.79,-0.0112,0.0733,-1.1594,293.0,0.04,0.000,0.000,WAYPOINT_KAMIKAZE
2026-08-17T22:19:07.544647,37.8648893,32.4839225,1023.78,-0.0101,0.0730,-1.1547,293.0,0.03,0.000,0.000,WAYPOINT_KAMIKAZE
2026-08-17T22:19:08.544736,37.8648894,32.4839225,1023.78,-0.0097,0.0718,-1.1499,294.0,0.03,0.000,0.000,WAYPOINT_KAMIKAZE
2026-08-17T22:19:09.544239,37.8648894,32.4839225,1023.81,-0.0096,0.0723,-1.1454,294.0,0.02,0.000,0.000,WAYPOINT_KAMIKAZE
2026-08-17T22:19:10.544541,37.8648894,32.4839225,1023.81,-0.0103,0.0717,-1.1412,294.0,0.02,0.000,0.000,WAYPOINT_KAMIKAZE
2026-08-17T22:19:11.544708,37.8648895,32.4839225,1023.83,-0.0110,0.0711,-1.1364,294.0,0.02,0.000,0.000,WAYPOINT_KAMIKAZE
2026-08-17T22:19:12.544866,37.8648895,32.4839225,1023.82,-0.0120,0.0711,-1.1319,295.0,0.02,0.000,0.000,WAYPOINT_KAMIKAZE
2026-08-17T22:19:13.544136,37.8648894,32.4839223,1023.81,-0.0120,0.0710,-1.1282,295.0,0.03,0.000,0.000,WAYPOINT_KAMIKAZE
2026-08-17T22:19:14.544297,37.8648893,32.4839223,1023.79,-0.0126,0.0705,-1.1238,295.0,0.04,0.000,0.000,WAYPOINT_KAMIKAZE
2026-08-17T22:19:15.544941,37.8648893,32.4839221,1023.78,-0.0114,0.0702,-1.1190,295.0,0.04,0.000,0.000,WAYPOINT_KAMIKAZE
2026-08-17T22:19:16.544944,37.8648892,32.4839220,1023.80,-0.0114,0.0709,-1.1146,296.0,0.05,0.000,0.000,WAYPOINT_KAMIKAZE
2026-08-17T22:19:17.544658,37.8648892,32.4839222,1023.80,-0.0107,0.0718,-1.1105,296.0,0.03,0.000,0.000,WAYPOINT_KAMIKAZE
2026-08-17T22:19:18.544473,37.8648893,32.4839224,1023.82,-0.0100,0.0728,-1.1061,296.0,0.02,0.000,0.000,WAYPOINT_KAMIKAZE
2026-08-17T22:19:19.544467,37.8648893,32.4839224,1023.82,-0.0103,0.0717,-1.1022,296.0,0.02,0.000,0.000,WAYPOINT_KAMIKAZE
2026-08-17T22:19:20.545106,37.8648893,32.4839226,1023.83,-0.0104,0.0704,-1.0977,297.0,0.01,0.000,0.000,WAYPOINT_KAMIKAZE
2026-08-17T22:19:21.544580,37.8648893,32.4839226,1023.81,-0.0104,0.0708,-1.0935,297.0,0.02,0.000,0.000,WAYPOINT_KAMIKAZE
2026-08-17T22:19:22.544812,37.8648893,32.4839226,1023.81,-0.0096,0.0728,-1.0886,297.0,0.02,0.000,0.000,WAYPOINT_KAMIKAZE
2026-08-17T22:19:23.544851,37.8648892,32.4839228,1023.81,-0.0101,0.0738,-1.0842,297.0,0.03,0.000,0.000,WAYPOINT_KAMIKAZE
2026-08-17T22:19:24.545471,37.8648891,32.4839229,1023.83,-0.0109,0.0730,-1.0797,298.0,0.02,0.000,0.000,IDLE
2026-08-17T22:19:25.545522,37.8648891,32.4839229,1023.84,-0.0103,0.0729,-1.0756,298.0,0.03,0.000,0.000,IDLE
2026-08-17T22:19:26.545390,37.8648890,32.4839230,1023.86,-0.0107,0.0717,-1.0713,298.0,0.03,0.000,0.000,IDLE
2026-08-17T22:19:27.545528,37.8648889,32.4839229,1023.87,-0.0108,0.0713,-1.0674,298.0,0.03,0.000,0.000,IDLE
2026-08-17T22:19:28.545662,37.8648888,32.4839230,1023.87,-0.0109,0.0721,-1.0631,299.0,0.04,0.000,0.000,IDLE
2026-08-17T22:19:29.545755,37.8648887,32.4839231,1023.86,-0.0101,0.0728,-1.0592,299.0,0.03,0.000,0.000,IDLE
2026-08-17T22:19:30.545795,37.8648888,32.4839231,1023.84,-0.0098,0.0720,-1.0554,299.0,0.02,0.000,0.000,IDLE
2026-08-17T22:19:31.544670,37.8648889,32.4839231,1023.84,-0.0108,0.0716,-1.0519,299.0,0.02,0.000,0.000,IDLE
2026-08-17T22:19:32.545116,37.8648889,32.4839232,1023.81,-0.0107,0.0724,-1.0481,299.0,0.02,0.000,0.000,WAYPOINT_KAMIKAZE
2026-08-17T22:19:33.544796,37.8648889,32.4839233,1023.79,-0.0106,0.0732,-1.0444,300.0,0.02,0.000,0.000,WAYPOINT_KAMIKAZE
2026-08-17T22:19:34.545216,37.8648887,32.4839233,1023.81,-0.0099,0.0738,-1.0404,300.0,0.03,0.000,0.000,WAYPOINT_KAMIKAZE
2026-08-17T22:19:35.544911,37.8648886,32.4839233,1023.80,-0.0093,0.0734,-1.0368,300.0,0.03,0.000,0.000,WAYPOINT_KAMIKAZE
2026-08-17T22:19:36.544527,37.8648886,32.4839232,1023.80,-0.0093,0.0719,-1.0334,300.0,0.03,0.000,0.000,WAYPOINT_KAMIKAZE
2026-08-17T22:19:37.545087,37.8648884,32.4839234,1023.82,-0.0093,0.0714,-1.0296,301.0,0.03,0.000,0.000,WAYPOINT_KAMIKAZE
2026-08-17T22:19:38.544723,37.8648884,32.4839235,1023.82,-0.0099,0.0713,-1.0260,301.0,0.03,0.000,0.000,WAYPOINT_KAMIKAZE
2026-08-17T22:19:39.545125,37.8648884,32.4839235,1023.83,-0.0108,0.0718,-1.0224,301.0,0.03,0.000,0.000,WAYPOINT_KAMIKAZE
2026-08-17T22:19:40.545139,37.8648885,32.4839234,1023.82,-0.0111,0.0722,-1.0188,301.0,0.03,0.000,0.000,WAYPOINT_KAMIKAZE
2026-08-17T22:19:41.544677,37.8648885,32.4839234,1023.82,-0.0113,0.0724,-1.0156,301.0,0.03,0.000,0.000,WAYPOINT_KAMIKAZE
2026-08-17T22:19:42.544628,37.8648885,32.4839235,1023.82,-0.0101,0.0730,-1.0122,302.0,0.03,0.000,0.000,WAYPOINT_KAMIKAZE
2026-08-17T22:19:43.544613,37.8648885,32.4839236,1023.83,-0.0099,0.0734,-1.0088,302.0,0.03,0.000,0.000,WAYPOINT_KAMIKAZE
2026-08-17T22:19:44.544506,37.8648884,32.4839236,1023.85,-0.0088,0.0722,-1.0059,302.0,0.02,0.000,0.000,WAYPOINT_KAMIKAZE
2026-08-17T22:19:45.544575,37.8648885,32.4839235,1023.85,-0.0096,0.0708,-1.0028,302.0,0.03,0.000,0.000,WAYPOINT_KAMIKAZE
2026-08-17T22:19:46.544653,37.8648884,32.4839235,1023.86,-0.0118,0.0706,-0.9992,302.0,0.02,0.000,0.000,WAYPOINT_KAMIKAZE
2026-08-17T22:19:47.545692,37.8648885,32.4839235,1023.89,-0.0122,0.0715,-0.9954,302.0,0.02,0.000,0.000,WAYPOINT_KAMIKAZE
2026-08-17T22:19:48.545657,37.8648885,32.4839236,1023.89,-0.0098,0.0723,-0.9920,303.0,0.02,0.000,0.000,WAYPOINT_KAMIKAZE
2026-08-17T22:19:49.544989,37.8648885,32.4839237,1023.89,-0.0090,0.0722,-0.9879,303.0,0.02,0.000,0.000,IDLE
2026-08-17T22:19:50.545449,37.8648885,32.4839239,1023.89,-0.0093,0.0722,-0.9852,303.0,0.02,0.000,0.000,IDLE
2026-08-17T22:19:51.545516,37.8648885,32.4839240,1023.91,-0.0106,0.0725,-0.9811,303.0,0.02,0.000,0.000,IDLE
2026-08-17T22:19:52.545778,37.8648885,32.4839241,1023.90,-0.0097,0.0718,-0.9782,303.0,0.02,0.000,0.000,IDLE
2026-08-17T22:19:53.544982,37.8648884,32.4839241,1023.88,-0.0118,0.0717,-0.9742,304.0,0.03,0.000,0.000,IDLE
2026-08-17T22:19:54.545251,37.8648885,32.4839241,1023.86,-0.0113,0.0725,-0.9710,304.0,0.03,0.000,0.000,IDLE
2026-08-17T22:19:55.545640,37.8648884,32.4839243,1023.85,-0.0114,0.0732,-0.9671,304.0,0.03,0.000,0.000,IDLE
2026-08-17T22:19:56.544587,37.8648884,32.4839245,1023.84,-0.0102,0.0722,-0.9638,304.0,0.03,0.000,0.000,IDLE
2026-08-17T22:19:57.544504,37.8648886,32.4839246,1023.84,-0.0109,0.0714,-0.9598,305.0,0.03,0.000,0.000,IDLE
2026-08-17T22:19:58.544555,37.8648886,32.4839249,1023.86,-0.0115,0.0724,-0.9563,305.0,0.04,0.000,0.000,IDLE
2026-08-17T22:19:59.545437,37.8648884,32.4839250,1023.75,-0.0113,0.0734,-0.9529,305.0,0.05,0.000,0.000,IDLE
2026-08-17T22:20:00.545735,37.8648883,32.4839250,1023.62,-0.0126,0.0735,-0.9496,305.0,0.06,0.000,0.000,IDLE
2026-08-17T22:20:01.544821,37.8648884,32.4839250,1023.57,-0.0126,0.0727,-0.9467,305.0,0.05,0.000,0.000,IDLE
2026-08-17T22:20:02.544442,37.8648885,32.4839251,1023.54,-0.0133,0.0723,-0.9427,305.0,0.05,0.000,0.000,IDLE
2026-08-17T22:20:03.544993,37.8648883,32.4839251,1023.51,-0.0126,0.0716,-0.9404,306.0,0.06,0.000,0.000,IDLE
2026-08-17T22:20:04.545102,37.8648882,32.4839254,1023.48,-0.0121,0.0724,-0.9360,306.0,0.05,0.000,0.000,WAYPOINT_KAMIKAZE
2026-08-17T22:20:05.545061,37.8648883,32.4839255,1023.44,-0.0114,0.0726,-0.9327,306.0,0.05,0.000,0.000,WAYPOINT_KAMIKAZE
2026-08-17T22:20:06.544854,37.8648885,32.4839255,1023.46,-0.0103,0.0728,-0.9291,306.0,0.03,0.000,0.000,WAYPOINT_KAMIKAZE
2026-08-17T22:20:07.545006,37.8648885,32.4839256,1023.44,-0.0101,0.0728,-0.9257,306.0,0.02,0.000,0.000,WAYPOINT_KAMIKAZE
2026-08-17T22:20:08.545471,37.8648886,32.4839256,1023.44,-0.0094,0.0723,-0.9225,307.0,0.02,0.000,0.000,WAYPOINT_KAMIKAZE
2026-08-17T22:20:09.545378,37.8648886,32.4839257,1023.45,-0.0106,0.0717,-0.9191,307.0,0.02,0.000,0.000,WAYPOINT_KAMIKAZE
2026-08-17T22:20:10.544510,37.8648886,32.4839257,1023.46,-0.0105,0.0713,-0.9158,307.0,0.03,0.000,0.000,WAYPOINT_KAMIKAZE
2026-08-17T22:20:11.545026,37.8648888,32.4839256,1023.47,-0.0109,0.0722,-0.9122,307.0,0.03,0.000,0.000,WAYPOINT_KAMIKAZE
2026-08-17T22:20:12.545183,37.8648890,32.4839256,1023.48,-0.0095,0.0723,-0.9088,307.0,0.03,0.000,0.000,WAYPOINT_KAMIKAZE
2026-08-17T22:20:13.545076,37.8648890,32.4839256,1023.46,-0.0091,0.0715,-0.9062,308.0,0.03,0.000,0.000,WAYPOINT_KAMIKAZE
2026-08-17T22:20:14.545118,37.8648890,32.4839255,1023.47,-0.0095,0.0706,-0.9032,308.0,0.03,0.000,0.000,WAYPOINT_KAMIKAZE
2026-08-17T22:20:15.544390,37.8648891,32.4839254,1023.48,-0.0106,0.0704,-0.9005,308.0,0.03,0.000,0.000,WAYPOINT_KAMIKAZE
2026-08-17T22:20:16.544499,37.8648891,32.4839252,1023.45,-0.0117,0.0709,-0.8980,308.0,0.04,0.000,0.000,WAYPOINT_KAMIKAZE
2026-08-17T22:20:17.545006,37.8648891,32.4839254,1023.46,-0.0121,0.0721,-0.8957,308.0,0.03,0.000,0.000,WAYPOINT_KAMIKAZE
2026-08-17T22:20:18.545163,37.8648891,32.4839254,1023.44,-0.0118,0.0729,-0.8936,308.0,0.02,0.000,0.000,IDLE
2026-08-17T22:20:19.545233,37.8648889,32.4839255,1023.48,-0.0113,0.0732,-0.8911,308.0,0.03,0.000,0.000,IDLE
2026-08-17T22:20:20.544998,37.8648889,32.4839255,1023.47,-0.0117,0.0736,-0.8883,309.0,0.03,0.000,0.000,IDLE
2026-08-17T22:20:21.544770,37.8648888,32.4839256,1023.51,-0.0116,0.0740,-0.8863,309.0,0.03,0.000,0.000,IDLE
2026-08-17T22:20:22.545499,37.8648886,32.4839257,1023.57,-0.0133,0.0744,-0.8838,309.0,0.04,0.000,0.000,IDLE
2026-08-17T22:20:23.545424,37.8648886,32.4839258,1023.56,-0.0143,0.0743,-0.8822,309.0,0.04,0.000,0.000,IDLE
2026-08-17T22:20:24.545272,37.8648886,32.4839258,1023.57,-0.0165,0.0744,-0.8796,309.0,0.04,0.000,0.000,IDLE
2026-08-17T22:20:25.545157,37.8648884,32.4839259,1023.54,-0.0169,0.0740,-0.8774,309.0,0.05,0.000,0.000,IDLE
2026-08-17T22:20:26.545770,37.8648882,32.4839260,1023.47,-0.0158,0.0737,-0.8749,309.0,0.05,0.000,0.000,IDLE
2026-08-17T22:20:27.544570,37.8648882,32.4839260,1023.43,-0.0112,0.0741,-0.8716,310.0,0.05,0.000,0.000,IDLE
2026-08-17T22:20:28.544757,37.8648881,32.4839260,1023.39,-0.0046,0.0719,-0.8702,310.0,0.05,0.000,0.000,IDLE
2026-08-17T22:20:29.544990,37.8648881,32.4839263,1023.39,-0.0075,0.0710,-0.8675,310.0,0.05,0.000,0.000,IDLE
2026-08-17T22:20:30.544831,37.8648881,32.4839264,1023.39,-0.0116,0.0728,-0.8644,310.0,0.05,0.000,0.000,IDLE
2026-08-17T22:20:31.544540,37.8648882,32.4839265,1023.39,-0.0112,0.0741,-0.8619,310.0,0.03,0.000,0.000,IDLE
2026-08-17T22:20:32.544616,37.8648883,32.4839265,1023.40,-0.0093,0.0723,-0.8596,310.0,0.03,0.000,0.000,IDLE
2026-08-17T22:20:33.544438,37.8648882,32.4839266,1023.39,-0.0131,0.0718,-0.8560,310.0,0.05,0.000,0.000,IDLE
2026-08-17T22:20:34.544752,37.8648881,32.4839267,1023.40,-0.0136,0.0753,-0.8518,311.0,0.04,0.000,0.000,IDLE
2026-08-17T22:20:35.544680,37.8648881,32.4839269,1023.42,-0.0099,0.0735,-0.8497,311.0,0.03,0.000,0.000,IDLE
2026-08-17T22:20:36.544390,37.8648883,32.4839272,1023.42,-0.0126,0.0712,-0.8456,311.0,0.03,0.000,1.000,WAYPOINT_KAMIKAZE
2026-08-17T22:20:37.544340,37.8648883,32.4839275,1023.42,-0.0106,0.0725,-0.8430,311.0,0.03,0.000,1.000,WAYPOINT_KAMIKAZE
2026-08-17T22:20:38.544329,37.8648883,32.4839277,1023.41,-0.0115,0.0735,-0.8396,311.0,0.03,0.000,1.000,WAYPOINT_KAMIKAZE
2026-08-17T22:20:39.544466,37.8648884,32.4839280,1023.41,-0.0111,0.0748,-0.8365,312.0,0.03,0.000,1.000,WAYPOINT_KAMIKAZE
2026-08-17T22:20:40.544735,37.8648884,32.4839282,1023.45,-0.0121,0.0751,-0.8343,312.0,0.04,0.000,1.000,WAYPOINT_KAMIKAZE
2026-08-17T22:20:41.544667,37.8648883,32.4839283,1023.49,-0.0112,0.0747,-0.8327,312.0,0.04,0.000,1.000,WAYPOINT_KAMIKAZE
2026-08-17T22:20:42.544503,37.8648883,32.4839284,1023.52,-0.0108,0.0727,-0.8311,312.0,0.04,0.000,1.000,WAYPOINT_KAMIKAZE
2026-08-17T22:20:43.545017,37.8648882,32.4839286,1023.46,-0.0108,0.0601,-0.8381,311.0,0.10,0.000,1.000,WAYPOINT_KAMIKAZE
2026-08-17T22:20:44.544345,37.8648873,32.4839294,1023.44,-0.0165,0.0653,-1.0682,298.0,0.42,0.000,1.000,WAYPOINT_KAMIKAZE
2026-08-17T22:20:45.544393,37.8648851,32.4839335,1023.40,-0.0181,0.0667,-1.3758,281.0,0.55,0.000,1.000,WAYPOINT_KAMIKAZE
2026-08-17T22:20:46.544661,37.8648833,32.4839425,1023.38,-0.0186,0.0695,-1.6835,263.0,0.58,0.000,1.000,WAYPOINT_KAMIKAZE
2026-08-17T22:20:47.545334,37.8648833,32.4839473,1023.36,-0.0229,0.0725,-1.9603,247.0,0.37,0.000,0.000,WAYPOINT_KAMIKAZE
2026-08-17T22:20:48.544959,37.8648833,32.4839473,1023.38,-0.0278,0.0890,-1.9468,248.0,0.22,0.000,0.000,WAYPOINT_KAMIKAZE
2026-08-17T22:20:49.545181,37.8648827,32.4839438,1023.37,-0.0121,0.0549,-1.7150,261.0,0.39,0.000,1.000,WAYPOINT_KAMIKAZE
2026-08-17T22:20:50.545332,37.8648820,32.4839446,1023.38,-0.0179,0.0644,-1.8245,255.0,0.18,0.950,0.000,WAYPOINT_KAMIKAZE
2026-08-17T22:20:51.545606,37.8648823,32.4839461,1023.40,-0.0096,0.0948,-1.9684,247.0,0.06,0.000,0.000,WAYPOINT_KAMIKAZE
2026-08-17T22:20:52.544950,37.8648825,32.4839442,1023.40,-0.0180,0.0882,-1.7880,257.0,0.22,0.000,0.000,WAYPOINT_KAMIKAZE
2026-08-17T22:20:53.544541,37.8648825,32.4839425,1023.38,-0.0119,0.0595,-1.5830,269.0,0.29,0.000,1.000,WAYPOINT_KAMIKAZE
2026-08-17T22:20:54.544464,37.8648824,32.4839403,1023.36,-0.0125,0.0574,-1.7269,261.0,0.20,0.950,0.000,WAYPOINT_KAMIKAZE
2026-08-17T22:20:55.545104,37.8648827,32.4839421,1023.38,-0.0093,0.0839,-1.9029,250.0,0.05,0.000,0.000,WAYPOINT_KAMIKAZE
2026-08-17T22:20:56.544703,37.8648829,32.4839413,1023.37,-0.0123,0.0825,-1.7605,259.0,0.20,0.000,0.000,WAYPOINT_KAMIKAZE
2026-08-17T22:20:57.544488,37.8648833,32.4839382,1023.38,-0.0089,0.0626,-1.5704,270.0,0.35,0.000,0.000,WAYPOINT_KAMIKAZE
2026-08-17T22:20:58.544493,37.8648836,32.4839340,1023.37,-0.0095,0.0627,-1.4709,275.0,0.33,0.000,1.000,WAYPOINT_KAMIKAZE
2026-08-17T22:20:59.544592,37.8648835,32.4839313,1023.35,-0.0150,0.1351,-1.6006,268.0,0.09,0.000,0.000,WAYPOINT_KAMIKAZE
2026-08-17T22:21:00.544919,37.8648836,32.4839285,1023.37,-0.0089,0.0932,-1.6129,267.0,0.25,0.000,0.000,WAYPOINT_KAMIKAZE
2026-08-17T22:21:01.545116,37.8648840,32.4839245,1023.37,-0.0103,0.0737,-1.5065,273.0,0.34,0.000,0.000,WAYPOINT_KAMIKAZE
2026-08-17T22:21:02.545648,37.8648844,32.4839208,1023.36,-0.0084,0.0656,-1.4132,279.0,0.33,0.000,0.000,WAYPOINT_KAMIKAZE
2026-08-17T22:21:03.544643,37.8648845,32.4839192,1023.36,-0.0072,0.0548,-1.3734,281.0,0.23,0.000,0.000,WAYPOINT_KAMIKAZE
2026-08-17T22:21:04.545684,37.8648849,32.4839160,1023.37,-0.0080,0.0825,-1.4178,278.0,0.16,0.000,0.000,WAYPOINT_KAMIKAZE
2026-08-17T22:21:05.545336,37.8648851,32.4839141,1023.39,-0.0102,0.0892,-1.4574,276.0,0.14,0.000,0.000,WAYPOINT_KAMIKAZE
2026-08-17T22:21:06.544668,37.8648852,32.4839131,1023.37,-0.0082,0.0837,-1.4921,274.0,0.12,0.000,0.000,WAYPOINT_KAMIKAZE
2026-08-17T22:21:07.544576,37.8648854,32.4839114,1023.38,-0.0102,0.0729,-1.5210,272.0,0.12,0.000,0.000,WAYPOINT_KAMIKAZE
2026-08-17T22:21:08.544990,37.8648855,32.4839091,1023.40,-0.0113,0.0660,-1.5373,271.0,0.12,0.000,0.000,WAYPOINT_KAMIKAZE
2026-08-17T22:21:09.544550,37.8648855,32.4839083,1023.39,-0.0115,0.0674,-1.5544,270.0,0.13,0.000,0.000,WAYPOINT_KAMIKAZE
2026-08-17T22:21:10.545062,37.8648857,32.4839060,1023.40,-0.0122,0.0777,-1.5659,270.0,0.12,0.000,0.000,WAYPOINT_KAMIKAZE
2026-08-17T22:21:11.544495,37.8648857,32.4839052,1023.41,-0.0103,0.0806,-1.5753,269.0,0.11,0.000,0.000,WAYPOINT_KAMIKAZE
2026-08-17T22:21:12.545573,37.8648859,32.4839030,1023.42,-0.0087,0.0794,-1.5956,268.0,0.11,0.000,0.000,WAYPOINT_KAMIKAZE
2026-08-17T22:21:13.545041,37.8648860,32.4839019,1023.43,-0.0115,0.0716,-1.6097,267.0,0.10,0.000,0.000,WAYPOINT_KAMIKAZE
2026-08-17T22:21:14.545600,37.8648861,32.4839015,1023.48,-0.0105,0.0516,-1.6552,265.0,0.03,0.000,0.000,WAYPOINT_KAMIKAZE
2026-08-17T22:21:15.544653,37.8648861,32.4839016,1023.49,-0.0139,0.0668,-1.6804,263.0,0.06,0.000,0.000,WAYPOINT_KAMIKAZE
2026-08-17T22:21:16.545545,37.8648856,32.4839018,1023.50,-0.0162,0.0606,-1.6944,262.0,0.06,0.000,0.000,WAYPOINT_KAMIKAZE
2026-08-17T22:21:17.544556,37.8648856,32.4839020,1023.50,-0.0149,0.0668,-1.7309,260.0,0.04,0.000,0.000,WAYPOINT_KAMIKAZE
2026-08-17T22:21:18.545234,37.8648857,32.4839019,1023.48,-0.0047,0.0087,-1.7604,259.0,0.02,0.000,0.000,WAYPOINT_KAMIKAZE
2026-08-17T22:21:19.544653,37.8648857,32.4839023,1023.49,0.0036,-0.0843,-1.6873,263.0,0.07,0.000,0.000,WAYPOINT_KAMIKAZE
2026-08-17T22:21:20.545617,37.8648851,32.4839032,1023.41,0.0059,-0.0875,-1.6843,263.0,0.06,0.000,0.000,WAYPOINT_KAMIKAZE
2026-08-17T22:21:21.545787,37.8648850,32.4839034,1023.41,0.0056,-0.1016,-1.6478,265.0,0.07,0.000,0.000,WAYPOINT_KAMIKAZE
2026-08-17T22:21:22.545594,37.8648845,32.4839032,1023.41,0.0058,-0.0987,-1.6438,265.0,0.08,0.000,0.000,WAYPOINT_KAMIKAZE
2026-08-17T22:21:23.544889,37.8648844,32.4839030,1023.42,-0.0004,-0.0822,-1.6852,263.0,0.08,0.000,0.000,WAYPOINT_KAMIKAZE
2026-08-17T22:21:24.545700,37.8648846,32.4839048,1023.45,-0.0071,-0.0557,-1.7315,260.0,0.24,0.000,0.000,WAYPOINT_KAMIKAZE
2026-08-17T22:21:25.544664,37.8648847,32.4839062,1023.44,-0.0060,-0.0514,-1.7008,262.0,0.22,0.000,0.000,WAYPOINT_KAMIKAZE
2026-08-17T22:21:26.544887,37.8648846,32.4839097,1023.41,-0.0005,-0.0986,-1.5900,268.0,0.22,0.000,0.000,WAYPOINT_KAMIKAZE
2026-08-17T22:21:27.544824,37.8648845,32.4839102,1023.45,0.0027,-0.1191,-1.4108,279.0,0.05,0.000,0.000,WAYPOINT_KAMIKAZE
2026-08-17T22:21:28.545386,37.8648844,32.4839107,1023.46,0.0094,-0.1176,-1.3006,285.0,0.04,0.000,0.000,WAYPOINT_KAMIKAZE
2026-08-17T22:21:29.545485,37.8648846,32.4839108,1023.47,0.0018,-0.0805,-1.2669,287.0,0.04,0.000,0.000,WAYPOINT_KAMIKAZE
2026-08-17T22:21:30.545621,37.8648850,32.4839106,1023.48,-0.0013,0.0230,-1.2583,287.0,0.02,0.000,0.000,WAYPOINT_KAMIKAZE
2026-08-17T22:21:31.544999,37.8648853,32.4839108,1023.49,-0.0074,0.0269,-1.2706,287.0,0.06,0.000,0.000,WAYPOINT_KAMIKAZE
2026-08-17T22:21:32.544623,37.8648853,32.4839120,1023.50,-0.0074,0.1057,-1.3038,285.0,0.07,0.000,0.000,WAYPOINT_KAMIKAZE
2026-08-17T22:21:33.544560,37.8648853,32.4839123,1023.48,-0.0070,0.0898,-1.3174,284.0,0.06,0.000,0.000,WAYPOINT_KAMIKAZE
2026-08-17T22:21:34.545556,37.8648854,32.4839132,1023.40,-0.0086,-0.0117,-1.3168,284.0,0.07,0.000,0.000,WAYPOINT_KAMIKAZE
2026-08-17T22:21:35.544916,37.8648853,32.4839130,1023.44,-0.0042,-0.0639,-1.2590,287.0,0.06,0.000,0.000,WAYPOINT_KAMIKAZE
2026-08-17T22:21:36.544822,37.8648851,32.4839130,1023.49,-0.0025,-0.0625,-1.2833,286.0,0.06,0.000,0.000,WAYPOINT_KAMIKAZE
2026-08-17T22:21:37.545622,37.8648851,32.4839129,1023.54,-0.0043,-0.0470,-1.3517,282.0,0.04,0.000,0.000,WAYPOINT_KAMIKAZE
2026-08-17T22:21:38.545703,37.8648852,32.4839122,1023.52,-0.0070,0.0436,-1.3993,279.0,0.06,0.000,0.000,WAYPOINT_KAMIKAZE
2026-08-17T22:21:39.544564,37.8648853,32.4839117,1023.51,-0.0068,0.0364,-1.4714,275.0,0.02,0.000,0.000,WAYPOINT_KAMIKAZE
2026-08-17T22:21:40.545488,37.8648853,32.4839116,1023.50,-0.0051,0.0864,-1.5495,271.0,0.03,0.000,0.000,WAYPOINT_KAMIKAZE
2026-08-17T22:21:41.544544,37.8648853,32.4839114,1023.47,0.0025,0.0827,-1.6036,268.0,0.03,0.000,0.000,WAYPOINT_KAMIKAZE
2026-08-17T22:21:42.544472,37.8648854,32.4839112,1023.44,-0.0082,0.0772,-1.6570,265.0,0.03,0.000,0.000,WAYPOINT_KAMIKAZE
2026-08-17T22:21:43.544679,37.8648855,32.4839108,1023.40,-0.0057,0.0705,-1.6921,263.0,0.03,0.000,0.000,WAYPOINT_KAMIKAZE
2026-08-17T22:21:44.544687,37.8648856,32.4839107,1023.48,-0.0102,0.0653,-1.7229,261.0,0.03,0.000,0.000,WAYPOINT_KAMIKAZE
2026-08-17T22:21:45.544653,37.8648858,32.4839106,1023.50,-0.0096,0.0664,-1.7499,259.0,0.02,0.000,0.000,WAYPOINT_KAMIKAZE
2026-08-17T22:21:46.544509,37.8648858,32.4839105,1023.51,-0.0096,0.0718,-1.7728,258.0,0.02,0.000,0.000,WAYPOINT_KAMIKAZE
2026-08-17T22:21:47.544635,37.8648859,32.4839104,1023.46,-0.0109,0.0751,-1.7894,257.0,0.02,0.000,0.000,WAYPOINT_KAMIKAZE
2026-08-17T22:21:48.545517,37.8648861,32.4839100,1023.51,-0.0106,0.0756,-1.8042,256.0,0.03,0.000,0.000,WAYPOINT_KAMIKAZE
2026-08-17T22:21:49.545539,37.8648861,32.4839083,1023.49,-0.0138,0.0702,-1.6839,263.0,0.21,0.000,0.000,WAYPOINT_KAMIKAZE
2026-08-17T22:21:50.544563,37.8648861,32.4839069,1023.48,-0.0109,0.0745,-1.4947,274.0,0.21,0.000,0.000,WAYPOINT_KAMIKAZE
2026-08-17T22:21:51.544661,37.8648861,32.4839047,1023.44,-0.0128,0.0741,-1.3863,280.0,0.19,0.000,0.000,WAYPOINT_KAMIKAZE
2026-08-17T22:21:52.544580,37.8648863,32.4839026,1023.42,-0.0107,0.0626,-1.3741,281.0,0.10,0.000,0.000,WAYPOINT_KAMIKAZE
2026-08-17T22:21:53.545434,37.8648866,32.4839013,1023.40,-0.0107,0.0779,-1.4365,277.0,0.08,0.000,0.000,WAYPOINT_KAMIKAZE
2026-08-17T22:21:54.545240,37.8648869,32.4839006,1023.42,-0.0099,0.0848,-1.4874,274.0,0.05,0.000,0.000,WAYPOINT_KAMIKAZE
2026-08-17T22:21:55.544681,37.8648870,32.4839003,1023.42,-0.0089,0.0784,-1.5281,272.0,0.05,0.000,0.000,WAYPOINT_KAMIKAZE
2026-08-17T22:21:56.544706,37.8648872,32.4838997,1023.41,-0.0090,0.0708,-1.5518,271.0,0.05,0.000,0.000,WAYPOINT_KAMIKAZE
2026-08-17T22:21:57.544708,37.8648874,32.4838989,1023.40,-0.0098,0.0664,-1.5697,270.0,0.06,0.000,0.000,WAYPOINT_KAMIKAZE
2026-08-17T22:21:58.544505,37.8648874,32.4838983,1023.40,-0.0110,0.0671,-1.5817,269.0,0.05,0.000,0.000,WAYPOINT_KAMIKAZE
2026-08-17T22:21:59.544552,37.8648875,32.4838976,1023.40,-0.0130,0.0735,-1.5840,269.0,0.06,0.000,0.000,WAYPOINT_KAMIKAZE
2026-08-17T22:22:00.544689,37.8648875,32.4838970,1023.39,-0.0116,0.0781,-1.5856,269.0,0.05,0.000,0.000,WAYPOINT_KAMIKAZE
2026-08-17T22:22:01.544646,37.8648875,32.4838964,1023.40,-0.0116,0.0782,-1.5860,269.0,0.06,0.000,0.000,WAYPOINT_KAMIKAZE
2026-08-17T22:22:02.544710,37.8648873,32.4838958,1023.39,-0.0092,0.0781,-1.5848,269.0,0.05,0.000,0.000,WAYPOINT_KAMIKAZE
2026-08-17T22:22:03.544579,37.8648874,32.4838952,1023.39,-0.0097,0.0695,-1.5862,269.0,0.05,0.000,0.000,WAYPOINT_KAMIKAZE
2026-08-17T22:22:04.544569,37.8648874,32.4838946,1023.41,-0.0111,0.0669,-1.5900,268.0,0.05,0.000,0.000,WAYPOINT_KAMIKAZE
2026-08-17T22:22:05.544696,37.8648874,32.4838941,1023.42,-0.0124,0.0620,-1.5893,268.0,0.05,0.000,0.000,WAYPOINT_KAMIKAZE
2026-08-17T22:22:06.544610,37.8648874,32.4838937,1023.41,-0.0148,0.0607,-1.5820,269.0,0.05,0.000,0.000,WAYPOINT_KAMIKAZE
2026-08-17T22:22:07.545542,37.8648873,32.4838929,1023.44,-0.0134,0.0671,-1.5746,269.0,0.05,0.000,0.000,WAYPOINT_KAMIKAZE
2026-08-17T22:22:08.544472,37.8648873,32.4838927,1023.47,-0.0129,0.0755,-1.5677,270.0,0.05,0.000,0.000,WAYPOINT_KAMIKAZE
2026-08-17T22:22:09.545487,37.8648872,32.4838922,1023.47,-0.0123,0.0785,-1.5623,270.0,0.05,0.000,0.000,WAYPOINT_KAMIKAZE
2026-08-17T22:22:10.544625,37.8648873,32.4838920,1023.46,-0.0111,0.0795,-1.5571,270.0,0.03,0.000,0.000,WAYPOINT_KAMIKAZE
2026-08-17T22:22:11.544431,37.8648873,32.4838915,1023.47,-0.0141,0.0808,-1.5531,271.0,0.03,0.000,0.000,WAYPOINT_KAMIKAZE
2026-08-17T22:22:12.544525,37.8648874,32.4838912,1023.45,-0.0068,-0.0170,-1.5635,270.0,0.29,0.000,0.000,WAYPOINT_KAMIKAZE
2026-08-17T22:22:13.544600,37.8648873,32.4838957,1023.45,-0.0066,-0.0010,-1.5565,270.0,0.73,0.000,0.000,WAYPOINT_KAMIKAZE
2026-08-17T22:22:14.544774,37.8648866,32.4839039,1023.49,-0.0276,0.0793,-1.4258,278.0,0.56,0.000,0.000,WAYPOINT_KAMIKAZE
2026-08-17T22:22:15.544472,37.8648854,32.4839083,1023.48,-0.0202,0.0514,-1.3230,284.0,0.48,0.000,1.000,WAYPOINT_KAMIKAZE
2026-08-17T22:22:16.544526,37.8648846,32.4839128,1023.47,-0.0241,0.0267,-1.1620,293.0,0.38,0.000,0.000,WAYPOINT_KAMIKAZE
2026-08-17T22:22:17.545375,37.8648837,32.4839189,1023.51,-0.0306,0.0133,-0.9511,305.0,0.39,0.000,1.000,WAYPOINT_KAMIKAZE
2026-08-17T22:22:18.544524,37.8648834,32.4839213,1023.52,-0.0202,0.0104,-0.7264,318.0,0.32,0.000,1.000,WAYPOINT_KAMIKAZE
2026-08-17T22:22:19.544432,37.8648833,32.4839247,1023.51,-0.0234,0.0909,-0.5685,327.0,0.39,0.000,1.000,WAYPOINT_KAMIKAZE
2026-08-17T22:22:20.544847,37.8648828,32.4839300,1023.47,-0.0172,0.0212,-0.4622,333.0,0.26,0.000,1.000,WAYPOINT_KAMIKAZE
2026-08-17T22:22:21.544370,37.8648831,32.4839320,1023.47,-0.0139,0.0205,-0.3951,337.0,0.37,0.000,1.000,WAYPOINT_KAMIKAZE
2026-08-17T22:22:22.544456,37.8648828,32.4839365,1023.47,0.0034,0.0168,-0.2918,343.0,0.25,0.000,1.000,WAYPOINT_KAMIKAZE
2026-08-17T22:22:23.544399,37.8648835,32.4839396,1023.45,-0.0057,0.0244,-0.2062,348.0,0.23,0.000,1.000,WAYPOINT_KAMIKAZE
2026-08-17T22:22:24.544376,37.8648839,32.4839428,1023.44,-0.0047,0.0353,-0.1189,353.0,0.21,0.000,1.000,WAYPOINT_KAMIKAZE
2026-08-17T22:22:25.544490,37.8648844,32.4839451,1023.39,0.0181,0.0559,0.0190,1.0,0.17,0.000,1.000,WAYPOINT_KAMIKAZE
2026-08-17T22:22:26.544303,37.8648844,32.4839458,1023.45,0.0676,-0.0327,0.0074,0.0,0.15,0.000,1.000,WAYPOINT_KAMIKAZE
2026-08-17T22:22:27.544385,37.8648836,32.4839472,1023.80,-0.2408,-0.0168,0.2050,11.0,0.62,0.000,1.000,WAYPOINT_KAMIKAZE
2026-08-17T22:22:28.544448,37.8648815,32.4839542,1023.74,-0.1987,0.0144,0.6421,36.0,0.29,0.000,-1.000,WAYPOINT_KAMIKAZE
2026-08-17T22:22:29.544288,37.8648797,32.4839562,1023.63,-0.2748,-0.0160,1.2285,70.0,0.27,0.000,-1.000,WAYPOINT_KAMIKAZE
2026-08-17T22:22:30.544249,37.8648778,32.4839555,1023.41,-0.1923,0.0004,1.4237,81.0,0.19,0.000,-1.000,WAYPOINT_KAMIKAZE
2026-08-17T22:22:31.544339,37.8648798,32.4839566,1023.32,-0.2282,0.0158,1.1238,64.0,0.20,0.000,-1.000,WAYPOINT_KAMIKAZE
2026-08-17T22:22:32.544404,37.8648790,32.4839611,1023.29,-0.0489,-0.0370,1.1662,66.0,0.32,0.000,-1.000,WAYPOINT_KAMIKAZE
2026-08-17T22:22:33.544299,37.8648792,32.4839644,1023.52,-0.1295,-0.0425,0.7509,43.0,0.13,-0.650,-1.000,WAYPOINT_KAMIKAZE
2026-08-17T22:22:34.544456,37.8648801,32.4839673,1023.50,-0.1583,-0.1211,0.6103,34.0,0.31,0.000,-1.000,WAYPOINT_KAMIKAZE
2026-08-17T22:22:35.544341,37.8648796,32.4839701,1023.60,-0.1117,0.0003,0.5338,30.0,0.24,0.000,-1.000,WAYPOINT_KAMIKAZE
2026-08-17T22:22:36.544457,37.8648794,32.4839715,1023.62,-0.1487,-0.0269,0.6074,34.0,0.23,0.000,-1.000,WAYPOINT_KAMIKAZE
2026-08-17T22:22:37.544413,37.8648787,32.4839720,1023.73,-0.1936,-0.0664,0.8705,49.0,0.12,0.000,0.000,WAYPOINT_KAMIKAZE
2026-08-17T22:22:38.544364,37.8648790,32.4839706,1023.70,-0.1582,-0.0621,0.9488,54.0,0.01,0.000,0.000,WAYPOINT_KAMIKAZE
2026-08-17T22:22:39.544252,37.8648790,32.4839706,1023.71,-0.1843,-0.1656,0.9475,54.0,0.11,0.000,0.000,WAYPOINT_KAMIKAZE
2026-08-17T22:22:40.544431,37.8648790,32.4839722,1023.68,-0.1141,-0.1187,0.9798,56.0,0.23,0.000,0.000,WAYPOINT_KAMIKAZE
2026-08-17T22:22:41.544397,37.8648803,32.4839745,1023.60,-0.0159,-0.0434,1.1344,64.0,0.33,0.000,0.000,WAYPOINT_KAMIKAZE
2026-08-17T22:22:42.544328,37.8648821,32.4839773,1023.49,0.0053,-0.1169,1.2527,71.0,0.19,0.000,0.000,WAYPOINT_KAMIKAZE
2026-08-17T22:22:43.544307,37.8648819,32.4839783,1023.45,-0.0298,-0.0440,1.2866,73.0,0.10,0.000,0.000,WAYPOINT_KAMIKAZE
2026-08-17T22:22:44.544459,37.8648819,32.4839778,1023.52,-0.0364,-0.0000,1.3072,74.0,0.06,0.000,0.000,WAYPOINT_KAMIKAZE
2026-08-17T22:22:45.544359,37.8648820,32.4839779,1023.61,0.0040,0.0182,1.4322,82.0,0.36,0.000,0.000,WAYPOINT_KAMIKAZE
2026-08-17T22:22:46.544424,37.8648824,32.4839813,1023.62,-0.0196,0.0835,1.5201,87.0,0.14,0.000,0.000,WAYPOINT_KAMIKAZE
2026-08-17T22:22:47.544467,37.8648828,32.4839828,1023.59,-0.0017,-0.0241,1.6483,94.0,0.19,0.000,0.000,WAYPOINT_KAMIKAZE
2026-08-17T22:22:48.544481,37.8648827,32.4839829,1023.65,-0.0016,-0.0193,1.7210,98.0,0.22,0.000,0.000,WAYPOINT_KAMIKAZE
2026-08-17T22:22:49.544387,37.8648829,32.4839833,1023.64,-0.0020,-0.0147,1.7399,99.0,0.03,0.000,0.000,WAYPOINT_KAMIKAZE
2026-08-17T22:22:50.544449,37.8648829,32.4839831,1023.64,-0.0031,-0.0117,1.7550,100.0,0.02,0.000,0.000,WAYPOINT_KAMIKAZE
2026-08-17T22:22:51.544500,37.8648828,32.4839831,1023.64,-0.0030,-0.0117,1.7704,101.0,0.02,0.000,0.000,WAYPOINT_KAMIKAZE
2026-08-17T22:22:52.544383,37.8648828,32.4839832,1023.63,-0.0030,-0.0119,1.7858,102.0,0.02,0.000,0.000,WAYPOINT_KAMIKAZE
2026-08-17T22:22:53.544408,37.8648827,32.4839832,1023.63,-0.0033,-0.0111,1.8005,103.0,0.02,0.000,0.000,WAYPOINT_KAMIKAZE
2026-08-17T22:22:54.544422,37.8648827,32.4839833,1023.63,-0.0032,-0.0114,1.8150,103.0,0.04,0.000,0.000,WAYPOINT_KAMIKAZE
2026-08-17T22:22:55.544328,37.8648826,32.4839837,1023.62,-0.0032,-0.0120,1.8291,104.0,0.04,0.000,0.000,WAYPOINT_KAMIKAZE
2026-08-17T22:22:56.544218,37.8648826,32.4839836,1023.59,-0.0032,-0.0116,1.8423,105.0,0.03,0.000,0.000,WAYPOINT_KAMIKAZE
2026-08-17T22:22:57.544236,37.8648826,32.4839836,1023.60,-0.0034,-0.0113,1.8558,106.0,0.04,0.000,0.000,WAYPOINT_KAMIKAZE
2026-08-17T22:22:58.544453,37.8648826,32.4839841,1023.61,-0.0037,-0.0115,1.8686,107.0,0.05,0.000,0.000,WAYPOINT_KAMIKAZE
2026-08-17T22:22:59.544375,37.8648826,32.4839843,1023.61,-0.0035,-0.0115,1.8808,107.0,0.04,0.000,0.000,WAYPOINT_KAMIKAZE
2026-08-17T22:23:00.544709,37.8648827,32.4839843,1023.62,-0.0031,-0.0145,1.8922,108.0,0.05,0.000,0.000,WAYPOINT_KAMIKAZE
2026-08-17T22:23:01.544249,37.8648828,32.4839842,1023.63,-0.0034,-0.0127,1.9040,109.0,0.05,0.000,0.000,WAYPOINT_KAMIKAZE
2026-08-17T22:23:02.544403,37.8648826,32.4839847,1023.60,-0.0040,-0.0120,1.9149,109.0,0.04,0.000,0.000,WAYPOINT_KAMIKAZE
2026-08-17T22:23:03.544346,37.8648829,32.4839842,1023.61,-0.0022,-0.0162,1.9263,110.0,0.04,0.000,0.000,WAYPOINT_KAMIKAZE
2026-08-17T22:23:04.544364,37.8648830,32.4839839,1023.61,-0.0040,-0.0098,1.9364,110.0,0.04,0.000,0.000,WAYPOINT_KAMIKAZE
2026-08-17T22:23:05.544327,37.8648832,32.4839838,1023.61,-0.0042,-0.0099,1.9468,111.0,0.05,0.000,0.000,WAYPOINT_KAMIKAZE
2026-08-17T22:23:06.544484,37.8648832,32.4839838,1023.60,-0.0041,-0.0088,1.9568,112.0,0.04,0.000,0.000,WAYPOINT_KAMIKAZE
2026-08-17T22:23:07.544407,37.8648833,32.4839840,1023.62,-0.0041,-0.0084,1.9668,112.0,0.04,0.000,0.000,WAYPOINT_KAMIKAZE
2026-08-17T22:23:08.544397,37.8648833,32.4839840,1023.63,-0.0036,-0.0098,1.9768,113.0,0.04,0.000,0.000,WAYPOINT_KAMIKAZE
2026-08-17T22:23:09.544343,37.8648833,32.4839842,1023.62,-0.0034,-0.0103,1.9864,113.0,0.04,0.000,0.000,WAYPOINT_KAMIKAZE
2026-08-17T22:23:10.544284,37.8648832,32.4839841,1023.61,-0.0034,-0.0100,1.9960,114.0,0.03,0.000,0.000,WAYPOINT_KAMIKAZE
2026-08-17T22:23:11.544338,37.8648832,32.4839842,1023.58,-0.0036,-0.0096,2.0050,114.0,0.04,0.000,0.000,WAYPOINT_KAMIKAZE
2026-08-17T22:23:12.544435,37.8648833,32.4839842,1023.60,-0.0034,-0.0104,2.0134,115.0,0.04,0.000,0.000,WAYPOINT_KAMIKAZE
2026-08-17T22:23:13.544401,37.8648834,32.4839845,1023.63,-0.0034,-0.0104,2.0210,115.0,0.04,0.000,0.000,WAYPOINT_KAMIKAZE
2026-08-17T22:23:14.544359,37.8648835,32.4839846,1023.68,-0.0036,-0.0098,2.0294,116.0,0.05,0.000,0.000,WAYPOINT_KAMIKAZE
2026-08-17T22:23:15.544228,37.8648836,32.4839846,1023.67,-0.0036,-0.0097,2.0372,116.0,0.04,0.000,0.000,WAYPOINT_KAMIKAZE
2026-08-17T22:23:16.544564,37.8648835,32.4839847,1023.65,-0.0035,-0.0095,2.0441,117.0,0.04,0.000,0.000,WAYPOINT_KAMIKAZE
2026-08-17T22:23:17.544352,37.8648834,32.4839847,1023.63,-0.0037,-0.0094,2.0511,117.0,0.04,0.000,0.000,WAYPOINT_KAMIKAZE
2026-08-17T22:23:18.544344,37.8648834,32.4839847,1023.62,-0.0038,-0.0093,2.0581,117.0,0.04,0.000,0.000,WAYPOINT_KAMIKAZE
2026-08-17T22:23:19.544576,37.8648835,32.4839846,1023.61,-0.0032,-0.0101,2.0647,118.0,0.05,0.000,0.000,WAYPOINT_KAMIKAZE
2026-08-17T22:23:20.544336,37.8648834,32.4839846,1023.58,-0.0030,-0.0105,2.0714,118.0,0.03,0.000,0.000,WAYPOINT_KAMIKAZE
2026-08-17T22:23:21.544377,37.8648833,32.4839846,1023.58,-0.0036,-0.0095,2.0769,118.0,0.03,0.000,0.000,WAYPOINT_KAMIKAZE
2026-08-17T22:23:22.544354,37.8648833,32.4839845,1023.60,-0.0035,-0.0098,2.0828,119.0,0.04,0.000,0.000,WAYPOINT_KAMIKAZE
2026-08-17T22:23:23.544381,37.8648832,32.4839846,1023.60,-0.0035,-0.0098,2.0883,119.0,0.03,0.000,0.000,WAYPOINT_KAMIKAZE
2026-08-17T22:23:24.544226,37.8648833,32.4839846,1023.60,-0.0036,-0.0096,2.0934,119.0,0.04,0.000,0.000,WAYPOINT_KAMIKAZE
2026-08-17T22:23:25.544389,37.8648834,32.4839847,1023.61,-0.0032,-0.0097,2.0979,120.0,0.04,0.000,0.000,WAYPOINT_KAMIKAZE
2026-08-17T22:23:26.544354,37.8648834,32.4839847,1023.63,-0.0029,-0.0097,2.1030,120.0,0.03,0.000,0.000,WAYPOINT_KAMIKAZE
2026-08-17T22:23:27.544320,37.8648833,32.4839847,1023.63,-0.0026,-0.0099,2.1075,120.0,0.03,0.000,0.000,WAYPOINT_KAMIKAZE
2026-08-17T22:23:28.544297,37.8648833,32.4839847,1023.63,-0.0026,-0.0099,2.1121,121.0,0.01,0.000,0.000,WAYPOINT_KAMIKAZE
2026-08-17T22:23:29.544410,37.8648831,32.4839847,1023.62,-0.0026,-0.0100,2.1164,121.0,0.01,0.000,0.000,WAYPOINT_KAMIKAZE
2026-08-17T22:23:30.544342,37.8648832,32.4839847,1023.64,-0.0033,-0.0095,2.1202,121.0,0.02,0.000,0.000,WAYPOINT_KAMIKAZE
2026-08-17T22:23:31.544363,37.8648830,32.4839847,1023.65,-0.0032,-0.0095,2.1236,121.0,0.01,0.000,0.000,WAYPOINT_KAMIKAZE
2026-08-17T22:23:32.544449,37.8648829,32.4839847,1023.64,-0.0035,-0.0093,2.1273,121.0,0.02,0.000,0.000,WAYPOINT_KAMIKAZE
2026-08-17T22:23:33.544465,37.8648829,32.4839848,1023.66,-0.0039,-0.0092,2.1314,122.0,0.03,0.000,0.000,WAYPOINT_KAMIKAZE
2026-08-17T22:23:34.544365,37.8648830,32.4839849,1023.65,-0.0039,-0.0092,2.1350,122.0,0.04,0.000,0.000,WAYPOINT_KAMIKAZE
2026-08-17T22:23:35.544436,37.8648831,32.4839848,1023.64,-0.0040,-0.0092,2.1381,122.0,0.05,0.000,0.000,WAYPOINT_KAMIKAZE
2026-08-17T22:23:36.544367,37.8648830,32.4839852,1023.62,-0.0039,-0.0097,2.1412,122.0,0.04,0.000,0.000,WAYPOINT_KAMIKAZE
2026-08-17T22:23:37.544435,37.8648829,32.4839855,1023.62,-0.0039,-0.0097,2.1444,122.0,0.04,0.000,0.000,WAYPOINT_KAMIKAZE
2026-08-17T22:23:38.544695,37.8648828,32.4839854,1023.61,-0.0038,-0.0092,2.1467,122.0,0.03,0.000,0.000,WAYPOINT_KAMIKAZE
2026-08-17T22:23:39.544534,37.8648828,32.4839854,1023.60,-0.0038,-0.0091,2.1494,123.0,0.03,0.000,0.000,WAYPOINT_KAMIKAZE
2026-08-17T22:23:40.544391,37.8648827,32.4839854,1023.61,-0.0036,-0.0090,2.1520,123.0,0.03,0.000,0.000,WAYPOINT_KAMIKAZE
2026-08-17T22:23:41.544744,37.8648826,32.4839854,1023.61,-0.0037,-0.0092,2.1540,123.0,0.03,0.000,0.000,WAYPOINT_KAMIKAZE
2026-08-17T22:23:42.547589,37.8648825,32.4839855,1023.63,-0.0036,-0.0093,2.1550,123.0,0.03,0.000,0.000,WAYPOINT_KAMIKAZE
2026-08-17T22:23:43.544385,37.8648825,32.4839858,1023.63,-0.0035,-0.0097,2.1572,123.0,0.03,0.000,0.000,WAYPOINT_KAMIKAZE
2026-08-17T22:23:44.544352,37.8648824,32.4839859,1023.62,-0.0033,-0.0096,2.1594,123.0,0.03,0.000,0.000,WAYPOINT_KAMIKAZE
2026-08-17T22:23:45.544437,37.8648824,32.4839859,1023.62,-0.0036,-0.0096,2.1612,123.0,0.03,0.000,0.000,WAYPOINT_KAMIKAZE
2026-08-17T22:23:46.544697,37.8648825,32.4839860,1023.61,-0.0033,-0.0098,2.1630,123.0,0.04,0.000,0.000,WAYPOINT_KAMIKAZE
2026-08-17T22:23:47.544401,37.8648825,32.4839861,1023.61,-0.0037,-0.0101,2.1639,123.0,0.03,0.000,0.000,WAYPOINT_KAMIKAZE
2026-08-17T22:23:48.544777,37.8648824,32.4839865,1023.61,-0.0035,-0.0105,2.1656,124.0,0.04,0.000,0.000,WAYPOINT_KAMIKAZE
2026-08-17T22:23:49.545033,37.8648821,32.4839870,1023.61,-0.0034,-0.0104,2.1672,124.0,0.04,0.000,0.000,WAYPOINT_KAMIKAZE
2026-08-17T22:23:50.544423,37.8648821,32.4839870,1023.61,-0.0031,-0.0101,2.1686,124.0,0.03,0.000,0.000,WAYPOINT_KAMIKAZE
2026-08-17T22:23:51.544601,37.8648820,32.4839871,1023.62,-0.0032,-0.0100,2.1694,124.0,0.03,0.000,0.000,WAYPOINT_KAMIKAZE
2026-08-17T22:23:52.544438,37.8648820,32.4839871,1023.62,-0.0031,-0.0100,2.1705,124.0,0.03,0.000,0.000,WAYPOINT_KAMIKAZE
2026-08-17T22:23:53.544555,37.8648820,32.4839873,1023.62,-0.0032,-0.0100,2.1716,124.0,0.02,0.000,0.000,WAYPOINT_KAMIKAZE
2026-08-17T22:23:54.544529,37.8648820,32.4839872,1023.60,-0.0031,-0.0100,2.1728,124.0,0.03,0.000,0.000,WAYPOINT_KAMIKAZE
2026-08-17T22:23:55.544487,37.8648820,32.4839872,1023.61,-0.0030,-0.0100,2.1735,124.0,0.03,0.000,0.000,WAYPOINT_KAMIKAZE
2026-08-17T22:23:56.544520,37.8648821,32.4839872,1023.61,-0.0025,-0.0106,2.1734,124.0,0.03,0.000,0.000,WAYPOINT_KAMIKAZE
2026-08-17T22:23:57.544435,37.8648821,32.4839877,1023.61,-0.0032,-0.0102,2.1741,124.0,0.04,0.000,0.000,WAYPOINT_KAMIKAZE
2026-08-17T22:23:58.544423,37.8648823,32.4839882,1023.60,-0.0022,-0.0123,2.1746,124.0,0.05,0.000,0.000,WAYPOINT_KAMIKAZE
2026-08-17T22:23:59.544230,37.8648822,32.4839883,1023.60,-0.0022,-0.0116,2.1743,124.0,0.04,0.000,0.000,WAYPOINT_KAMIKAZE
2026-08-17T22:24:00.545444,37.8648822,32.4839884,1023.60,-0.0017,-0.0118,2.1747,124.0,0.03,0.000,0.000,WAYPOINT_KAMIKAZE
2026-08-17T22:24:01.544317,37.8648821,32.4839886,1023.62,-0.0018,-0.0120,2.1751,124.0,0.04,0.000,0.000,WAYPOINT_KAMIKAZE
2026-08-17T22:24:02.544286,37.8648821,32.4839887,1023.61,-0.0019,-0.0113,2.1750,124.0,0.03,0.000,0.000,WAYPOINT_KAMIKAZE
2026-08-17T22:24:03.544426,37.8648821,32.4839886,1023.62,-0.0024,-0.0114,2.1746,124.0,0.03,0.000,0.000,WAYPOINT_KAMIKAZE
2026-08-17T22:24:04.544280,37.8648823,32.4839885,1023.65,-0.0027,-0.0112,2.1749,124.0,0.04,0.000,0.000,WAYPOINT_KAMIKAZE
2026-08-17T22:24:05.544258,37.8648824,32.4839886,1023.65,-0.0025,-0.0112,2.1750,124.0,0.04,0.000,0.000,WAYPOINT_KAMIKAZE
2026-08-17T22:24:06.544510,37.8648824,32.4839886,1023.63,-0.0025,-0.0113,2.1754,124.0,0.04,0.000,0.000,WAYPOINT_KAMIKAZE
2026-08-17T22:24:07.544476,37.8648823,32.4839887,1023.63,-0.0024,-0.0115,2.1749,124.0,0.03,0.000,0.000,WAYPOINT_KAMIKAZE
2026-08-17T22:24:08.544243,37.8648823,32.4839888,1023.62,-0.0024,-0.0118,2.1745,124.0,0.04,0.000,0.000,WAYPOINT_KAMIKAZE
2026-08-17T22:24:09.544248,37.8648823,32.4839889,1023.63,-0.0020,-0.0110,2.1740,124.0,0.03,0.000,0.000,WAYPOINT_KAMIKAZE
2026-08-17T22:24:10.544241,37.8648822,32.4839888,1023.63,-0.0030,-0.0098,2.1731,124.0,0.03,0.000,0.000,WAYPOINT_KAMIKAZE
2026-08-17T22:24:11.544422,37.8648822,32.4839890,1023.61,-0.0035,-0.0099,2.1726,124.0,0.03,0.000,0.000,WAYPOINT_KAMIKAZE
2026-08-17T22:24:12.544338,37.8648822,32.4839891,1023.61,-0.0038,-0.0099,2.1725,124.0,0.03,0.000,0.000,WAYPOINT_KAMIKAZE
2026-08-17T22:24:13.544289,37.8648822,32.4839893,1023.62,-0.0036,-0.0102,2.1720,124.0,0.03,0.000,0.000,WAYPOINT_KAMIKAZE
2026-08-17T22:24:14.544299,37.8648821,32.4839894,1023.64,-0.0035,-0.0098,2.1713,124.0,0.03,0.000,0.000,WAYPOINT_KAMIKAZE
2026-08-17T22:24:15.544387,37.8648821,32.4839894,1023.63,-0.0037,-0.0098,2.1707,124.0,0.03,0.000,0.000,WAYPOINT_KAMIKAZE
2026-08-17T22:24:16.544426,37.8648820,32.4839896,1023.62,-0.0037,-0.0096,2.1704,124.0,0.03,0.000,0.000,WAYPOINT_KAMIKAZE
2026-08-17T22:24:17.544586,37.8648819,32.4839895,1023.62,-0.0036,-0.0096,2.1704,124.0,0.03,0.000,0.000,WAYPOINT_KAMIKAZE
2026-08-17T22:24:18.544394,37.8648818,32.4839897,1023.62,-0.0035,-0.0098,2.1698,124.0,0.03,0.000,0.000,WAYPOINT_KAMIKAZE
2026-08-17T22:24:19.544453,37.8648817,32.4839897,1023.62,-0.0037,-0.0096,2.1695,124.0,0.03,0.000,0.000,WAYPOINT_KAMIKAZE
2026-08-17T22:24:20.544326,37.8648818,32.4839897,1023.63,-0.0038,-0.0095,2.1687,124.0,0.04,0.000,0.000,WAYPOINT_KAMIKAZE
2026-08-17T22:24:21.544483,37.8648817,32.4839897,1023.63,-0.0036,-0.0095,2.1680,124.0,0.04,0.000,0.000,WAYPOINT_KAMIKAZE
2026-08-17T22:24:22.544420,37.8648817,32.4839897,1023.65,-0.0036,-0.0098,2.1676,124.0,0.03,0.000,0.000,WAYPOINT_KAMIKAZE
2026-08-17T22:24:23.544566,37.8648815,32.4839898,1023.66,-0.0032,-0.0101,2.1677,124.0,0.02,0.000,0.000,WAYPOINT_KAMIKAZE
2026-08-17T22:24:24.544384,37.8648814,32.4839899,1023.64,-0.0032,-0.0101,2.1669,124.0,0.02,0.000,0.000,WAYPOINT_KAMIKAZE
2026-08-17T22:24:25.544490,37.8648813,32.4839898,1023.64,-0.0030,-0.0104,2.1669,124.0,0.02,0.000,0.000,WAYPOINT_KAMIKAZE
2026-08-17T22:24:26.544606,37.8648812,32.4839898,1023.63,-0.0029,-0.0102,2.1660,124.0,0.02,0.000,0.000,WAYPOINT_KAMIKAZE
2026-08-17T22:24:27.544443,37.8648812,32.4839898,1023.61,-0.0028,-0.0103,2.1653,124.0,0.03,0.000,0.000,WAYPOINT_KAMIKAZE
2026-08-17T22:24:28.544335,37.8648812,32.4839897,1023.63,-0.0028,-0.0102,2.1647,124.0,0.03,0.000,0.000,WAYPOINT_KAMIKAZE
2026-08-17T22:24:29.544530,37.8648809,32.4839898,1023.63,-0.0026,-0.0106,2.1635,123.0,0.03,0.000,0.000,WAYPOINT_KAMIKAZE
2026-08-17T22:24:30.544403,37.8648807,32.4839899,1023.65,-0.0027,-0.0104,2.1629,123.0,0.03,0.000,0.000,WAYPOINT_KAMIKAZE
2026-08-17T22:24:31.544709,37.8648806,32.4839898,1023.68,-0.0027,-0.0101,2.1621,123.0,0.02,0.000,0.000,WAYPOINT_KAMIKAZE
2026-08-17T22:24:32.544335,37.8648806,32.4839898,1023.67,-0.0028,-0.0098,2.1616,123.0,0.02,0.000,0.000,WAYPOINT_KAMIKAZE
2026-08-17T22:24:33.544412,37.8648806,32.4839898,1023.67,-0.0027,-0.0097,2.1606,123.0,0.02,0.000,0.000,WAYPOINT_KAMIKAZE
2026-08-17T22:24:34.544411,37.8648806,32.4839898,1023.66,-0.0027,-0.0096,2.1592,123.0,0.02,0.000,0.000,WAYPOINT_KAMIKAZE
2026-08-17T22:24:35.544296,37.8648805,32.4839898,1023.67,-0.0028,-0.0098,2.1581,123.0,0.02,0.000,0.000,WAYPOINT_KAMIKAZE
2026-08-17T22:24:36.544398,37.8648807,32.4839899,1023.68,-0.0024,-0.0101,2.1569,123.0,0.03,0.000,0.000,WAYPOINT_KAMIKAZE
2026-08-17T22:24:37.544461,37.8648809,32.4839898,1023.67,-0.0020,-0.0106,2.1564,123.0,0.04,0.000,0.000,WAYPOINT_KAMIKAZE
2026-08-17T22:24:38.544402,37.8648810,32.4839899,1023.67,-0.0024,-0.0098,2.1556,123.0,0.04,0.000,0.000,WAYPOINT_KAMIKAZE
2026-08-17T22:24:39.544329,37.8648810,32.4839898,1023.67,-0.0019,-0.0101,2.1546,123.0,0.03,0.000,0.000,WAYPOINT_KAMIKAZE
2026-08-17T22:24:40.544328,37.8648810,32.4839898,1023.67,-0.0015,-0.0105,2.1540,123.0,0.03,0.000,0.000,WAYPOINT_KAMIKAZE
2026-08-17T22:24:41.544412,37.8648809,32.4839898,1023.67,-0.0016,-0.0105,2.1531,123.0,0.02,0.000,0.000,WAYPOINT_KAMIKAZE
2026-08-17T22:24:42.544338,37.8648808,32.4839898,1023.66,-0.0023,-0.0107,2.1524,123.0,0.02,0.000,0.000,WAYPOINT_KAMIKAZE
2026-08-17T22:24:43.544359,37.8648807,32.4839900,1023.64,-0.0028,-0.0098,2.1514,123.0,0.03,0.000,0.000,WAYPOINT_KAMIKAZE
2026-08-17T22:24:44.544556,37.8648806,32.4839903,1023.63,-0.0029,-0.0101,2.1505,123.0,0.02,0.000,0.000,WAYPOINT_KAMIKAZE
2026-08-17T22:24:45.544438,37.8648806,32.4839901,1023.62,-0.0031,-0.0096,2.1497,123.0,0.03,0.000,0.000,WAYPOINT_KAMIKAZE
2026-08-17T22:24:46.544487,37.8648807,32.4839901,1023.62,-0.0034,-0.0097,2.1487,123.0,0.03,0.000,0.000,WAYPOINT_KAMIKAZE
2026-08-17T22:24:47.544471,37.8648808,32.4839901,1023.61,-0.0036,-0.0099,2.1473,123.0,0.03,0.000,0.000,WAYPOINT_KAMIKAZE
2026-08-17T22:24:48.544442,37.8648807,32.4839902,1023.61,-0.0035,-0.0101,2.1457,122.0,0.03,0.000,0.000,WAYPOINT_KAMIKAZE
2026-08-17T22:24:49.545006,37.8648806,32.4839903,1023.62,-0.0036,-0.0102,2.1442,122.0,0.03,0.000,0.000,WAYPOINT_KAMIKAZE
2026-08-17T22:24:50.544293,37.8648806,32.4839904,1023.63,-0.0035,-0.0102,2.1429,122.0,0.03,0.000,0.000,WAYPOINT_KAMIKAZE
2026-08-17T22:24:51.544345,37.8648807,32.4839903,1023.62,-0.0035,-0.0101,2.1417,122.0,0.04,0.000,0.000,WAYPOINT_KAMIKAZE
2026-08-17T22:24:52.544369,37.8648806,32.4839905,1023.62,-0.0033,-0.0100,2.1403,122.0,0.03,0.000,0.000,WAYPOINT_KAMIKAZE
2026-08-17T22:24:53.544374,37.8648806,32.4839904,1023.62,-0.0032,-0.0101,2.1390,122.0,0.03,0.000,0.000,WAYPOINT_KAMIKAZE
2026-08-17T22:24:54.544354,37.8648806,32.4839904,1023.61,-0.0028,-0.0103,2.1382,122.0,0.02,0.000,0.000,WAYPOINT_KAMIKAZE
2026-08-17T22:24:55.544300,37.8648805,32.4839903,1023.61,-0.0027,-0.0102,2.1372,122.0,0.02,0.000,0.000,WAYPOINT_KAMIKAZE
2026-08-17T22:24:56.544427,37.8648804,32.4839903,1023.61,-0.0028,-0.0102,2.1363,122.0,0.01,0.000,0.000,WAYPOINT_KAMIKAZE
2026-08-17T22:24:57.544413,37.8648804,32.4839902,1023.60,-0.0027,-0.0099,2.1356,122.0,0.01,0.000,0.000,WAYPOINT_KAMIKAZE
2026-08-17T22:24:58.544428,37.8648804,32.4839902,1023.58,-0.0031,-0.0098,2.1346,122.0,0.02,0.000,0.000,WAYPOINT_KAMIKAZE
2026-08-17T22:24:59.544748,37.8648804,32.4839902,1023.59,-0.0032,-0.0096,2.1337,122.0,0.02,0.000,0.000,WAYPOINT_KAMIKAZE
2026-08-17T22:25:00.544347,37.8648804,32.4839903,1023.59,-0.0033,-0.0092,2.1334,122.0,0.02,0.000,0.000,WAYPOINT_KAMIKAZE
2026-08-17T22:25:01.544265,37.8648805,32.4839901,1023.60,-0.0033,-0.0088,2.1326,122.0,0.03,0.000,0.000,WAYPOINT_KAMIKAZE
2026-08-17T22:25:02.546802,37.8648806,32.4839900,1023.62,-0.0035,-0.0092,2.1321,122.0,0.04,0.000,0.000,WAYPOINT_KAMIKAZE
2026-08-17T22:25:03.544403,37.8648806,32.4839903,1023.62,-0.0037,-0.0096,2.1315,122.0,0.04,0.000,0.000,WAYPOINT_KAMIKAZE
2026-08-17T22:25:04.544561,37.8648806,32.4839905,1023.60,-0.0036,-0.0096,2.1306,122.0,0.04,0.000,0.000,WAYPOINT_KAMIKAZE
2026-08-17T22:25:05.544711,37.8648807,32.4839904,1023.58,-0.0035,-0.0093,2.1297,122.0,0.04,0.000,0.000,WAYPOINT_KAMIKAZE
2026-08-17T22:25:06.544345,37.8648808,32.4839903,1023.56,-0.0035,-0.0091,2.1283,121.0,0.04,0.000,0.000,WAYPOINT_KAMIKAZE
2026-08-17T22:25:07.544401,37.8648809,32.4839903,1023.56,-0.0037,-0.0091,2.1274,121.0,0.05,0.000,0.000,WAYPOINT_KAMIKAZE
2026-08-17T22:25:08.544352,37.8648809,32.4839903,1023.57,-0.0035,-0.0094,2.1265,121.0,0.04,0.000,0.000,WAYPOINT_KAMIKAZE
2026-08-17T22:25:09.544351,37.8648809,32.4839903,1023.58,-0.0034,-0.0094,2.1258,121.0,0.04,0.000,0.000,WAYPOINT_KAMIKAZE
2026-08-17T22:25:10.544347,37.8648809,32.4839902,1023.62,-0.0036,-0.0093,2.1253,121.0,0.04,0.000,0.000,WAYPOINT_KAMIKAZE
2026-08-17T22:25:11.544265,37.8648810,32.4839902,1023.64,-0.0040,-0.0095,2.1244,121.0,0.05,0.000,0.000,WAYPOINT_KAMIKAZE
2026-08-17T22:25:12.544404,37.8648811,32.4839902,1023.63,-0.0039,-0.0092,2.1236,121.0,0.05,0.000,0.000,WAYPOINT_KAMIKAZE
2026-08-17T22:25:13.544407,37.8648812,32.4839900,1023.64,-0.0040,-0.0091,2.1230,121.0,0.05,0.000,0.000,WAYPOINT_KAMIKAZE
2026-08-17T22:25:14.544539,37.8648812,32.4839899,1023.62,-0.0038,-0.0090,2.1223,121.0,0.04,0.000,0.000,WAYPOINT_KAMIKAZE
2026-08-17T22:25:15.544379,37.8648813,32.4839896,1023.61,-0.0037,-0.0088,2.1224,121.0,0.05,0.000,0.000,WAYPOINT_KAMIKAZE
2026-08-17T22:25:16.544467,37.8648813,32.4839893,1023.60,-0.0035,-0.0087,2.1220,121.0,0.05,0.000,0.000,WAYPOINT_KAMIKAZE
2026-08-17T22:25:17.544504,37.8648815,32.4839890,1023.60,-0.0037,-0.0089,2.1220,121.0,0.05,0.000,0.000,WAYPOINT_KAMIKAZE
2026-08-17T22:25:18.544410,37.8648816,32.4839890,1023.60,-0.0039,-0.0094,2.1209,121.0,0.05,0.000,0.000,WAYPOINT_KAMIKAZE
2026-08-17T22:25:19.544504,37.8648817,32.4839892,1023.62,-0.0040,-0.0097,2.1198,121.0,0.05,0.000,0.000,WAYPOINT_KAMIKAZE
2026-08-17T22:25:20.544542,37.8648817,32.4839891,1023.60,-0.0040,-0.0096,2.1189,121.0,0.05,0.000,0.000,WAYPOINT_KAMIKAZE
2026-08-17T22:25:21.544352,37.8648818,32.4839891,1023.57,-0.0038,-0.0097,2.1185,121.0,0.04,0.000,0.000,WAYPOINT_KAMIKAZE
2026-08-17T22:25:22.544333,37.8648818,32.4839891,1023.57,-0.0040,-0.0097,2.1184,121.0,0.05,0.000,0.000,WAYPOINT_KAMIKAZE
2026-08-17T22:25:23.544343,37.8648818,32.4839890,1023.58,-0.0041,-0.0100,2.1181,121.0,0.05,0.000,0.000,WAYPOINT_KAMIKAZE
2026-08-17T22:25:24.544324,37.8648818,32.4839890,1023.58,-0.0040,-0.0100,2.1172,121.0,0.05,0.000,0.000,WAYPOINT_KAMIKAZE
2026-08-17T22:25:25.544339,37.8648819,32.4839889,1023.58,-0.0040,-0.0098,2.1169,121.0,0.05,0.000,0.000,WAYPOINT_KAMIKAZE
2026-08-17T22:25:26.544348,37.8648819,32.4839888,1023.59,-0.0037,-0.0096,2.1161,121.0,0.05,0.000,0.000,WAYPOINT_KAMIKAZE
2026-08-17T22:25:27.544335,37.8648817,32.4839889,1023.60,-0.0034,-0.0097,2.1157,121.0,0.04,0.000,0.000,WAYPOINT_KAMIKAZE
2026-08-17T22:25:28.544334,37.8648817,32.4839889,1023.59,-0.0031,-0.0099,2.1150,121.0,0.04,0.000,0.000,WAYPOINT_KAMIKAZE
2026-08-17T22:25:29.544370,37.8648815,32.4839890,1023.58,-0.0029,-0.0100,2.1146,121.0,0.03,0.000,0.000,WAYPOINT_KAMIKAZE
2026-08-17T22:25:30.544412,37.8648814,32.4839889,1023.60,-0.0022,-0.0103,2.1141,121.0,0.03,0.000,0.000,WAYPOINT_KAMIKAZE
2026-08-17T22:25:31.544465,37.8648818,32.4839884,1023.61,-0.0027,-0.0104,2.1131,121.0,0.04,0.000,0.000,WAYPOINT_KAMIKAZE
2026-08-17T22:25:32.544493,37.8648820,32.4839883,1023.62,-0.0026,-0.0100,2.1123,121.0,0.04,0.000,0.000,WAYPOINT_KAMIKAZE
2026-08-17T22:25:33.544574,37.8648821,32.4839881,1023.63,-0.0043,-0.0100,2.1120,121.0,0.05,0.000,0.000,WAYPOINT_KAMIKAZE
2026-08-17T22:25:34.544337,37.8648821,32.4839878,1023.63,-0.0041,-0.0087,2.1118,120.0,0.05,0.000,0.000,WAYPOINT_KAMIKAZE
2026-08-17T22:25:35.544617,37.8648822,32.4839875,1023.62,-0.0038,-0.0083,2.1116,120.0,0.04,0.000,0.000,WAYPOINT_KAMIKAZE
2026-08-17T22:25:36.544375,37.8648821,32.4839876,1023.62,-0.0038,-0.0083,2.1110,120.0,0.04,0.000,0.000,WAYPOINT_KAMIKAZE
2026-08-17T22:25:37.544502,37.8648820,32.4839877,1023.63,-0.0040,-0.0099,2.1105,120.0,0.03,0.000,0.000,WAYPOINT_KAMIKAZE
2026-08-17T22:25:38.544760,37.8648820,32.4839877,1023.61,-0.0043,-0.0092,2.1104,120.0,0.03,0.000,0.000,WAYPOINT_KAMIKAZE
2026-08-17T22:25:39.544357,37.8648819,32.4839877,1023.61,-0.0044,-0.0094,2.1103,120.0,0.02,0.000,0.000,WAYPOINT_KAMIKAZE
2026-08-17T22:25:40.545365,37.8648818,32.4839877,1023.61,-0.0043,-0.0103,2.1104,120.0,0.02,0.000,0.000,WAYPOINT_KAMIKAZE
2026-08-17T22:25:41.544737,37.8648818,32.4839880,1023.63,-0.0050,-0.0098,2.1107,120.0,0.05,0.000,0.000,WAYPOINT_KAMIKAZE
2026-08-17T22:25:42.544335,37.8648817,32.4839884,1023.65,-0.0045,-0.0095,2.1110,120.0,0.03,0.000,0.000,WAYPOINT_KAMIKAZE
2026-08-17T22:25:43.544387,37.8648817,32.4839888,1023.62,-0.0047,-0.0107,2.1106,120.0,0.05,0.000,0.000,WAYPOINT_KAMIKAZE
2026-08-17T22:25:44.544350,37.8648820,32.4839892,1023.61,-0.0053,-0.0103,2.1103,120.0,0.06,0.000,0.000,WAYPOINT_KAMIKAZE
2026-08-17T22:25:45.544300,37.8648820,32.4839895,1023.60,-0.0044,-0.0111,2.1104,120.0,0.07,0.000,0.000,WAYPOINT_KAMIKAZE
2026-08-17T22:25:46.544510,37.8648818,32.4839905,1023.60,-0.0042,-0.0110,2.1109,120.0,0.07,0.000,0.000,WAYPOINT_KAMIKAZE
2026-08-17T22:25:47.545215,37.8648814,32.4839907,1023.59,-0.0041,-0.0101,2.1111,120.0,0.05,0.000,0.000,WAYPOINT_KAMIKAZE
2026-08-17T22:25:48.544413,37.8648814,32.4839908,1023.59,-0.0041,-0.0101,2.1111,120.0,0.05,0.000,0.000,WAYPOINT_KAMIKAZE
2026-08-17T22:25:49.544549,37.8648813,32.4839909,1023.60,-0.0039,-0.0094,2.1110,120.0,0.04,0.000,0.000,WAYPOINT_KAMIKAZE
2026-08-17T22:25:50.544624,37.8648814,32.4839907,1023.61,-0.0040,-0.0093,2.1108,120.0,0.04,0.000,0.000,WAYPOINT_KAMIKAZE
2026-08-17T22:25:51.544659,37.8648814,32.4839907,1023.59,-0.0039,-0.0094,2.1106,120.0,0.04,0.000,0.000,WAYPOINT_KAMIKAZE
2026-08-17T22:25:52.544413,37.8648813,32.4839908,1023.60,-0.0041,-0.0097,2.1103,120.0,0.04,0.000,0.000,WAYPOINT_KAMIKAZE
2026-08-17T22:25:53.544575,37.8648813,32.4839910,1023.58,-0.0041,-0.0100,2.1095,120.0,0.04,0.000,0.000,WAYPOINT_KAMIKAZE
2026-08-17T22:25:54.544557,37.8648813,32.4839909,1023.58,-0.0040,-0.0106,2.1088,120.0,0.03,0.000,0.000,WAYPOINT_KAMIKAZE
2026-08-17T22:25:55.544611,37.8648812,32.4839910,1023.57,-0.0019,-0.0107,2.1089,120.0,0.02,0.000,0.000,WAYPOINT_KAMIKAZE
2026-08-17T22:25:56.545495,37.8648807,32.4839910,1023.57,-0.0019,-0.0109,2.1082,120.0,0.01,0.000,0.000,WAYPOINT_KAMIKAZE
2026-08-17T22:25:57.545364,37.8648805,32.4839909,1023.58,-0.0022,-0.0102,2.1082,120.0,0.01,0.000,0.000,WAYPOINT_KAMIKAZE
2026-08-17T22:25:58.544478,37.8648806,32.4839909,1023.59,-0.0024,-0.0099,2.1079,120.0,0.01,0.000,0.000,WAYPOINT_KAMIKAZE
2026-08-17T22:25:59.544378,37.8648807,32.4839909,1023.60,-0.0025,-0.0098,2.1072,120.0,0.02,0.000,0.000,WAYPOINT_KAMIKAZE
2026-08-17T22:26:00.544597,37.8648807,32.4839910,1023.60,-0.0026,-0.0100,2.1073,120.0,0.02,0.000,0.000,WAYPOINT_KAMIKAZE
2026-08-17T22:26:01.544684,37.8648809,32.4839910,1023.59,-0.0025,-0.0100,2.1075,120.0,0.03,0.000,0.000,WAYPOINT_KAMIKAZE
2026-08-17T22:26:02.544553,37.8648812,32.4839910,1023.58,-0.0026,-0.0099,2.1076,120.0,0.03,0.000,0.000,WAYPOINT_KAMIKAZE
2026-08-17T22:26:03.544908,37.8648813,32.4839910,1023.59,-0.0027,-0.0099,2.1071,120.0,0.03,0.000,0.000,WAYPOINT_KAMIKAZE
2026-08-17T22:26:04.544471,37.8648814,32.4839909,1023.58,-0.0024,-0.0100,2.1065,120.0,0.02,0.000,0.000,WAYPOINT_KAMIKAZE
2026-08-17T22:26:05.544358,37.8648814,32.4839909,1023.59,-0.0025,-0.0099,2.1058,120.0,0.02,0.000,0.000,WAYPOINT_KAMIKAZE
2026-08-17T22:26:06.544410,37.8648814,32.4839907,1023.57,-0.0024,-0.0099,2.1051,120.0,0.02,0.000,0.000,WAYPOINT_KAMIKAZE
2026-08-17T22:26:07.544654,37.8648815,32.4839905,1023.58,-0.0024,-0.0102,2.1049,120.0,0.02,0.000,0.000,WAYPOINT_KAMIKAZE
2026-08-17T22:26:08.544420,37.8648815,32.4839906,1023.57,-0.0025,-0.0106,2.1051,120.0,0.02,0.000,0.000,WAYPOINT_KAMIKAZE
2026-08-17T22:26:09.544280,37.8648815,32.4839907,1023.56,-0.0025,-0.0110,2.1052,120.0,0.02,0.000,0.000,WAYPOINT_KAMIKAZE
2026-08-17T22:26:10.544604,37.8648815,32.4839909,1023.56,-0.0026,-0.0112,2.1054,120.0,0.03,0.000,0.000,WAYPOINT_KAMIKAZE
2026-08-17T22:26:11.544479,37.8648814,32.4839910,1023.55,-0.0027,-0.0113,2.1058,120.0,0.03,0.000,0.000,WAYPOINT_KAMIKAZE
2026-08-17T22:26:12.544325,37.8648814,32.4839912,1023.55,-0.0027,-0.0114,2.1059,120.0,0.04,0.000,0.000,WAYPOINT_KAMIKAZE
2026-08-17T22:26:13.544269,37.8648814,32.4839913,1023.57,-0.0027,-0.0113,2.1065,120.0,0.04,0.000,0.000,WAYPOINT_KAMIKAZE
2026-08-17T22:26:14.544519,37.8648814,32.4839914,1023.60,-0.0029,-0.0111,2.1065,120.0,0.04,0.000,0.000,WAYPOINT_KAMIKAZE
2026-08-17T22:26:15.544444,37.8648814,32.4839914,1023.60,-0.0029,-0.0111,2.1072,120.0,0.04,0.000,0.000,WAYPOINT_KAMIKAZE
2026-08-17T22:26:16.544391,37.8648814,32.4839914,1023.63,-0.0029,-0.0109,2.1070,120.0,0.03,0.000,0.000,WAYPOINT_KAMIKAZE
2026-08-17T22:26:17.544307,37.8648814,32.4839913,1023.61,-0.0028,-0.0108,2.1060,120.0,0.02,0.000,0.000,WAYPOINT_KAMIKAZE
2026-08-17T22:26:18.544360,37.8648814,32.4839913,1023.60,-0.0027,-0.0108,2.1056,120.0,0.02,0.000,0.000,WAYPOINT_KAMIKAZE
2026-08-17T22:26:19.544573,37.8648814,32.4839914,1023.59,-0.0028,-0.0109,2.1056,120.0,0.03,0.000,0.000,WAYPOINT_KAMIKAZE
2026-08-17T22:26:20.544511,37.8648814,32.4839913,1023.61,-0.0029,-0.0109,2.1051,120.0,0.02,0.000,0.000,WAYPOINT_KAMIKAZE
2026-08-17T22:26:21.544498,37.8648813,32.4839913,1023.63,-0.0029,-0.0108,2.1052,120.0,0.03,0.000,0.000,WAYPOINT_KAMIKAZE
2026-08-17T22:26:22.544346,37.8648813,32.4839913,1023.64,-0.0028,-0.0110,2.1050,120.0,0.03,0.000,0.000,WAYPOINT_KAMIKAZE
2026-08-17T22:26:23.544533,37.8648814,32.4839914,1023.63,-0.0031,-0.0108,2.1052,120.0,0.03,0.000,0.000,WAYPOINT_KAMIKAZE
2026-08-17T22:26:24.544406,37.8648814,32.4839914,1023.61,-0.0033,-0.0107,2.1056,120.0,0.03,0.000,0.000,WAYPOINT_KAMIKAZE
2026-08-17T22:26:25.544562,37.8648815,32.4839915,1023.58,-0.0033,-0.0107,2.1054,120.0,0.03,0.000,0.000,WAYPOINT_KAMIKAZE
2026-08-17T22:26:26.544450,37.8648814,32.4839915,1023.56,-0.0031,-0.0107,2.1051,120.0,0.03,0.000,0.000,WAYPOINT_KAMIKAZE
2026-08-17T22:26:27.544323,37.8648814,32.4839914,1023.54,-0.0029,-0.0106,2.1050,120.0,0.02,0.000,0.000,WAYPOINT_KAMIKAZE
2026-08-17T22:26:28.544360,37.8648814,32.4839914,1023.56,-0.0030,-0.0103,2.1048,120.0,0.03,0.000,0.000,WAYPOINT_KAMIKAZE
2026-08-17T22:26:29.544430,37.8648815,32.4839913,1023.58,-0.0031,-0.0104,2.1049,120.0,0.03,0.000,0.000,WAYPOINT_KAMIKAZE
2026-08-17T22:26:30.544241,37.8648815,32.4839915,1023.58,-0.0033,-0.0105,2.1045,120.0,0.04,0.000,0.000,WAYPOINT_KAMIKAZE
2026-08-17T22:26:31.544399,37.8648815,32.4839917,1023.58,-0.0029,-0.0104,2.1044,120.0,0.04,0.000,0.000,WAYPOINT_KAMIKAZE
2026-08-17T22:26:32.544275,37.8648814,32.4839917,1023.57,-0.0025,-0.0103,2.1039,120.0,0.03,0.000,0.000,WAYPOINT_KAMIKAZE
2026-08-17T22:26:33.544366,37.8648814,32.4839917,1023.59,-0.0026,-0.0102,2.1035,120.0,0.03,0.000,0.000,WAYPOINT_KAMIKAZE
2026-08-17T22:26:34.544356,37.8648814,32.4839917,1023.60,-0.0028,-0.0100,2.1035,120.0,0.03,0.000,0.000,WAYPOINT_KAMIKAZE
2026-08-17T22:26:35.544383,37.8648814,32.4839916,1023.60,-0.0030,-0.0097,2.1032,120.0,0.03,0.000,0.000,WAYPOINT_KAMIKAZE
2026-08-17T22:26:36.544439,37.8648815,32.4839916,1023.61,-0.0029,-0.0096,2.1036,120.0,0.03,0.000,0.000,WAYPOINT_KAMIKAZE
2026-08-17T22:26:37.544435,37.8648814,32.4839916,1023.62,-0.0029,-0.0096,2.1034,120.0,0.02,0.000,0.000,WAYPOINT_KAMIKAZE
2026-08-17T22:26:38.544550,37.8648813,32.4839915,1023.61,-0.0030,-0.0095,2.1033,120.0,0.03,0.000,0.000,WAYPOINT_KAMIKAZE
2026-08-17T22:26:39.544379,37.8648813,32.4839915,1023.61,-0.0029,-0.0095,2.1027,120.0,0.02,0.000,0.000,WAYPOINT_KAMIKAZE
2026-08-17T22:26:40.544428,37.8648812,32.4839913,1023.62,-0.0031,-0.0091,2.1021,120.0,0.03,0.000,0.000,WAYPOINT_KAMIKAZE
2026-08-17T22:26:41.544427,37.8648810,32.4839913,1023.63,-0.0028,-0.0094,2.1020,120.0,0.02,0.000,0.000,WAYPOINT_KAMIKAZE
2026-08-17T22:26:42.544436,37.8648810,32.4839914,1023.64,-0.0028,-0.0098,2.1022,120.0,0.03,0.000,0.000,WAYPOINT_KAMIKAZE
2026-08-17T22:26:43.544429,37.8648810,32.4839914,1023.65,-0.0028,-0.0097,2.1028,120.0,0.03,0.000,0.000,WAYPOINT_KAMIKAZE
2026-08-17T22:26:44.544392,37.8648810,32.4839915,1023.65,-0.0029,-0.0098,2.1028,120.0,0.02,0.000,0.000,WAYPOINT_KAMIKAZE
2026-08-17T22:26:45.544363,37.8648809,32.4839914,1023.66,-0.0029,-0.0096,2.1024,120.0,0.03,0.000,0.000,WAYPOINT_KAMIKAZE
2026-08-17T22:26:46.544397,37.8648809,32.4839914,1023.66,-0.0032,-0.0098,2.1027,120.0,0.03,0.000,0.000,WAYPOINT_KAMIKAZE
2026-08-17T22:26:47.544440,37.8648810,32.4839913,1023.65,-0.0034,-0.0095,2.1024,120.0,0.03,0.000,0.000,WAYPOINT_KAMIKAZE
2026-08-17T22:26:48.544314,37.8648810,32.4839913,1023.64,-0.0033,-0.0096,2.1030,120.0,0.03,0.000,0.000,WAYPOINT_KAMIKAZE
2026-08-17T22:26:49.544760,37.8648809,32.4839914,1023.63,-0.0033,-0.0100,2.1031,120.0,0.04,0.000,0.000,WAYPOINT_KAMIKAZE
2026-08-17T22:26:50.544194,37.8648809,32.4839914,1023.60,-0.0031,-0.0101,2.1030,120.0,0.04,0.000,0.000,WAYPOINT_KAMIKAZE
2026-08-17T22:26:51.544394,37.8648809,32.4839912,1023.60,-0.0029,-0.0098,2.1023,120.0,0.03,0.000,0.000,WAYPOINT_KAMIKAZE
2026-08-17T22:26:52.544357,37.8648809,32.4839911,1023.60,-0.0033,-0.0097,2.1027,120.0,0.02,0.000,0.000,WAYPOINT_KAMIKAZE
2026-08-17T22:26:53.544339,37.8648809,32.4839913,1023.59,-0.0034,-0.0106,2.1035,120.0,0.03,0.000,0.000,WAYPOINT_KAMIKAZE
2026-08-17T22:26:54.544310,37.8648808,32.4839913,1023.58,-0.0033,-0.0102,2.1042,120.0,0.03,0.000,0.000,WAYPOINT_KAMIKAZE
2026-08-17T22:26:55.544331,37.8648806,32.4839913,1023.57,-0.0034,-0.0097,2.1038,120.0,0.04,0.000,0.000,WAYPOINT_KAMIKAZE
2026-08-17T22:26:56.544383,37.8648808,32.4839910,1023.56,-0.0034,-0.0095,2.1038,120.0,0.04,0.000,0.000,WAYPOINT_KAMIKAZE
2026-08-17T22:26:57.544657,37.8648807,32.4839909,1023.55,-0.0034,-0.0098,2.1040,120.0,0.03,0.000,0.000,WAYPOINT_KAMIKAZE
2026-08-17T22:26:58.544637,37.8648806,32.4839910,1023.54,-0.0038,-0.0074,2.1041,120.0,0.03,0.000,0.000,WAYPOINT_KAMIKAZE
2026-08-17T22:26:59.544410,37.8648805,32.4839912,1023.54,-0.0037,-0.0076,2.1046,120.0,0.02,0.000,0.000,WAYPOINT_KAMIKAZE
2026-08-17T22:27:00.544434,37.8648803,32.4839916,1023.56,-0.0036,-0.0103,2.1047,120.0,0.05,0.000,0.000,WAYPOINT_KAMIKAZE
2026-08-17T22:27:01.544390,37.8648802,32.4839918,1023.57,-0.0037,-0.0098,2.1048,120.0,0.04,0.000,0.000,WAYPOINT_KAMIKAZE
2026-08-17T22:27:02.544238,37.8648800,32.4839917,1023.58,-0.0031,-0.0098,2.1049,120.0,0.02,0.000,0.000,WAYPOINT_KAMIKAZE
2026-08-17T22:27:03.544335,37.8648799,32.4839917,1023.56,-0.0030,-0.0096,2.1051,120.0,0.02,0.000,0.000,WAYPOINT_KAMIKAZE
2026-08-17T22:27:04.544560,37.8648798,32.4839916,1023.57,-0.0029,-0.0092,2.1055,120.0,0.02,0.000,0.000,WAYPOINT_KAMIKAZE
2026-08-17T22:27:05.544391,37.8648798,32.4839914,1023.58,-0.0030,-0.0092,2.1057,120.0,0.02,0.000,0.000,WAYPOINT_KAMIKAZE
2026-08-17T22:27:06.544461,37.8648798,32.4839914,1023.61,-0.0030,-0.0093,2.1054,120.0,0.03,0.000,0.000,WAYPOINT_KAMIKAZE
2026-08-17T22:27:07.544511,37.8648798,32.4839913,1023.62,-0.0033,-0.0093,2.1056,120.0,0.03,0.000,0.000,WAYPOINT_KAMIKAZE
2026-08-17T22:27:08.544443,37.8648798,32.4839913,1023.61,-0.0034,-0.0092,2.1053,120.0,0.04,0.000,0.000,WAYPOINT_KAMIKAZE
2026-08-17T22:27:09.544410,37.8648799,32.4839913,1023.59,-0.0034,-0.0093,2.1055,120.0,0.04,0.000,0.000,WAYPOINT_KAMIKAZE
2026-08-17T22:27:10.544572,37.8648800,32.4839911,1023.57,-0.0034,-0.0093,2.1054,120.0,0.04,0.000,0.000,WAYPOINT_KAMIKAZE
2026-08-17T22:27:11.544350,37.8648801,32.4839910,1023.58,-0.0033,-0.0096,2.1052,120.0,0.04,0.000,0.000,WAYPOINT_KAMIKAZE
2026-08-17T22:27:12.544280,37.8648801,32.4839910,1023.58,-0.0033,-0.0098,2.1045,120.0,0.04,0.000,0.000,WAYPOINT_KAMIKAZE
2026-08-17T22:27:13.544451,37.8648801,32.4839909,1023.59,-0.0033,-0.0096,2.1049,120.0,0.03,0.000,0.000,WAYPOINT_KAMIKAZE
2026-08-17T22:27:14.544453,37.8648801,32.4839907,1023.59,-0.0032,-0.0096,2.1048,120.0,0.04,0.000,0.000,WAYPOINT_KAMIKAZE
2026-08-17T22:27:15.544406,37.8648801,32.4839904,1023.59,-0.0030,-0.0100,2.1048,120.0,0.03,0.000,0.000,WAYPOINT_KAMIKAZE
2026-08-17T22:27:16.544370,37.8648800,32.4839903,1023.58,-0.0033,-0.0102,2.1043,120.0,0.02,0.000,0.000,WAYPOINT_KAMIKAZE
2026-08-17T22:27:17.547285,37.8648800,32.4839904,1023.58,-0.0034,-0.0103,2.1039,120.0,0.03,0.000,0.000,WAYPOINT_KAMIKAZE
2026-08-17T22:27:18.544394,37.8648800,32.4839904,1023.59,-0.0034,-0.0103,2.1036,120.0,0.03,0.000,0.000,WAYPOINT_KAMIKAZE
2026-08-17T22:27:19.544348,37.8648800,32.4839903,1023.60,-0.0035,-0.0102,2.1036,120.0,0.04,0.000,0.000,WAYPOINT_KAMIKAZE
2026-08-17T22:27:20.544216,37.8648800,32.4839904,1023.60,-0.0033,-0.0104,2.1035,120.0,0.04,0.000,0.000,WAYPOINT_KAMIKAZE
2026-08-17T22:27:21.544329,37.8648800,32.4839904,1023.58,-0.0035,-0.0105,2.1036,120.0,0.04,0.000,0.000,WAYPOINT_KAMIKAZE
2026-08-17T22:27:22.544382,37.8648800,32.4839905,1023.58,-0.0035,-0.0105,2.1030,120.0,0.04,0.000,0.000,WAYPOINT_KAMIKAZE
2026-08-17T22:27:23.544403,37.8648801,32.4839904,1023.56,-0.0038,-0.0104,2.1028,120.0,0.04,0.000,0.000,WAYPOINT_KAMIKAZE
2026-08-17T22:27:24.547828,37.8648802,32.4839904,1023.56,-0.0038,-0.0101,2.1031,120.0,0.05,0.000,0.000,WAYPOINT_KAMIKAZE
2026-08-17T22:27:25.544407,37.8648804,32.4839902,1023.55,-0.0036,-0.0098,2.1029,120.0,0.05,0.000,0.000,WAYPOINT_KAMIKAZE
2026-08-17T22:27:26.544335,37.8648804,32.4839899,1023.56,-0.0035,-0.0097,2.1029,120.0,0.04,0.000,0.000,WAYPOINT_KAMIKAZE
2026-08-17T22:27:27.544608,37.8648804,32.4839899,1023.57,-0.0033,-0.0094,2.1034,120.0,0.04,0.000,0.000,WAYPOINT_KAMIKAZE
2026-08-17T22:27:28.544373,37.8648804,32.4839898,1023.59,-0.0033,-0.0095,2.1037,120.0,0.04,0.000,0.000,WAYPOINT_KAMIKAZE
2026-08-17T22:27:29.544539,37.8648804,32.4839899,1023.61,-0.0034,-0.0098,2.1034,120.0,0.03,0.000,0.000,WAYPOINT_KAMIKAZE
2026-08-17T22:27:30.544345,37.8648803,32.4839899,1023.61,-0.0032,-0.0096,2.1036,120.0,0.03,0.000,0.000,WAYPOINT_KAMIKAZE
2026-08-17T22:27:31.544409,37.8648802,32.4839900,1023.60,-0.0033,-0.0094,2.1032,120.0,0.04,0.000,0.000,WAYPOINT_KAMIKAZE
2026-08-17T22:27:32.544632,37.8648803,32.4839899,1023.60,-0.0031,-0.0094,2.1033,120.0,0.03,0.000,0.000,WAYPOINT_KAMIKAZE
2026-08-17T22:27:33.545100,37.8648803,32.4839899,1023.61,-0.0032,-0.0095,2.1027,120.0,0.04,0.000,0.000,WAYPOINT_KAMIKAZE
2026-08-17T22:27:34.544325,37.8648804,32.4839900,1023.63,-0.0030,-0.0095,2.1024,120.0,0.04,0.000,0.000,WAYPOINT_KAMIKAZE
2026-08-17T22:27:35.544336,37.8648805,32.4839901,1023.63,-0.0030,-0.0097,2.1023,120.0,0.04,0.000,0.000,WAYPOINT_KAMIKAZE
2026-08-17T22:27:36.544394,37.8648805,32.4839902,1023.63,-0.0026,-0.0099,2.1020,120.0,0.04,0.000,0.000,WAYPOINT_KAMIKAZE
2026-08-17T22:27:37.544489,37.8648806,32.4839903,1023.64,-0.0027,-0.0099,2.1022,120.0,0.03,0.000,0.000,WAYPOINT_KAMIKAZE
2026-08-17T22:27:38.544219,37.8648806,32.4839904,1023.64,-0.0028,-0.0098,2.1022,120.0,0.03,0.000,0.000,WAYPOINT_KAMIKAZE
2026-08-17T22:27:39.544326,37.8648807,32.4839903,1023.63,-0.0026,-0.0097,2.1015,120.0,0.03,0.000,0.000,WAYPOINT_KAMIKAZE
2026-08-17T22:27:40.544352,37.8648807,32.4839902,1023.62,-0.0024,-0.0096,2.1016,120.0,0.03,0.000,0.000,WAYPOINT_KAMIKAZE
2026-08-17T22:27:41.544338,37.8648809,32.4839902,1023.61,-0.0025,-0.0093,2.1018,120.0,0.03,0.000,0.000,WAYPOINT_KAMIKAZE
2026-08-17T22:27:42.547842,37.8648809,32.4839901,1023.59,-0.0024,-0.0094,2.1016,120.0,0.03,0.000,0.000,WAYPOINT_KAMIKAZE
2026-08-17T22:27:43.544323,37.8648809,32.4839901,1023.59,-0.0022,-0.0096,2.1013,120.0,0.02,0.000,0.000,WAYPOINT_KAMIKAZE
2026-08-17T22:27:44.544373,37.8648808,32.4839902,1023.58,-0.0023,-0.0099,2.1011,120.0,0.02,0.000,0.000,WAYPOINT_KAMIKAZE
2026-08-17T22:27:45.544666,37.8648808,32.4839903,1023.60,-0.0023,-0.0104,2.1005,120.0,0.02,0.000,0.000,WAYPOINT_KAMIKAZE
2026-08-17T22:27:46.544394,37.8648808,32.4839907,1023.61,-0.0025,-0.0104,2.1004,120.0,0.02,0.000,0.000,WAYPOINT_KAMIKAZE
2026-08-17T22:27:47.544650,37.8648808,32.4839906,1023.62,-0.0027,-0.0102,2.1004,120.0,0.02,0.000,0.000,WAYPOINT_KAMIKAZE
2026-08-17T22:27:48.544371,37.8648809,32.4839906,1023.60,-0.0029,-0.0100,2.1001,120.0,0.03,0.000,0.000,WAYPOINT_KAMIKAZE
2026-08-17T22:27:49.544588,37.8648809,32.4839907,1023.62,-0.0029,-0.0102,2.1007,120.0,0.03,0.000,0.000,WAYPOINT_KAMIKAZE
2026-08-17T22:27:50.544398,37.8648808,32.4839908,1023.63,-0.0027,-0.0101,2.1006,120.0,0.02,0.000,0.000,WAYPOINT_KAMIKAZE
2026-08-17T22:27:51.544507,37.8648808,32.4839909,1023.63,-0.0030,-0.0100,2.1009,120.0,0.03,0.000,0.000,WAYPOINT_KAMIKAZE
2026-08-17T22:27:52.544557,37.8648808,32.4839909,1023.62,-0.0030,-0.0101,2.1017,120.0,0.03,0.000,0.000,WAYPOINT_KAMIKAZE
2026-08-17T22:27:53.544454,37.8648809,32.4839909,1023.62,-0.0031,-0.0100,2.1021,120.0,0.04,0.000,0.000,WAYPOINT_KAMIKAZE
2026-08-17T22:27:54.544340,37.8648811,32.4839909,1023.62,-0.0033,-0.0100,2.1022,120.0,0.04,0.000,0.000,WAYPOINT_KAMIKAZE
2026-08-17T22:27:55.544530,37.8648812,32.4839909,1023.63,-0.0031,-0.0098,2.1021,120.0,0.04,0.000,0.000,WAYPOINT_KAMIKAZE
2026-08-17T22:27:56.544575,37.8648814,32.4839908,1023.60,-0.0029,-0.0100,2.1017,120.0,0.04,0.000,0.000,WAYPOINT_KAMIKAZE
2026-08-17T22:27:57.544674,37.8648814,32.4839907,1023.60,-0.0028,-0.0101,2.1018,120.0,0.03,0.000,0.000,WAYPOINT_KAMIKAZE
2026-08-17T22:27:58.544378,37.8648814,32.4839907,1023.59,-0.0028,-0.0103,2.1017,120.0,0.03,0.000,0.000,WAYPOINT_KAMIKAZE
2026-08-17T22:27:59.544389,37.8648813,32.4839907,1023.58,-0.0025,-0.0105,2.1022,120.0,0.02,0.000,0.000,WAYPOINT_KAMIKAZE
2026-08-17T22:28:00.544374,37.8648812,32.4839907,1023.57,-0.0027,-0.0105,2.1029,120.0,0.02,0.000,0.000,WAYPOINT_KAMIKAZE
2026-08-17T22:28:01.544255,37.8648811,32.4839907,1023.57,-0.0028,-0.0102,2.1031,120.0,0.02,0.000,0.000,WAYPOINT_KAMIKAZE
2026-08-17T22:28:02.544536,37.8648811,32.4839907,1023.58,-0.0028,-0.0098,2.1024,120.0,0.01,0.000,0.000,WAYPOINT_KAMIKAZE
2026-08-17T22:28:03.544743,37.8648811,32.4839905,1023.58,-0.0033,-0.0097,2.1026,120.0,0.03,0.000,0.000,WAYPOINT_KAMIKAZE
                                                                                                                                                                                                                                                                                                                                                                                                                                                                                                                                                                                                                                  