timestamp,lat,lon,alt,roll,pitch,yaw,heading,groundspeed,cmd_linear_x,cmd_angular_z,mission_phase
2026-08-16T22:33:59.413326,0.0000000,0.0000000,-8.90,-0.0220,-0.0031,-0.6004,325.0,0.00,0.000,0.000,IDLE
2026-08-16T22:34:00.413260,0.0000000,0.0000000,-8.76,-0.0221,-0.0031,-0.6030,325.0,0.00,0.000,0.000,IDLE
2026-08-16T22:34:01.413386,0.0000000,0.0000000,-8.84,-0.0221,-0.0031,-0.6009,325.0,0.00,0.000,0.000,IDLE
2026-08-16T22:34:02.413285,0.0000000,0.0000000,-8.88,-0.0221,-0.0031,-0.6046,325.0,0.00,0.000,0.000,IDLE
2026-08-16T22:34:03.413385,0.0000000,0.0000000,-8.84,-0.0221,-0.0031,-0.6047,325.0,0.00,0.000,0.000,IDLE
2026-08-16T22:34:04.413288,0.0000000,0.0000000,-8.92,-0.0219,-0.0029,-0.6074,325.0,0.00,0.000,0.000,IDLE
2026-08-16T22:34:05.413395,0.0000000,0.0000000,-9.03,-0.0220,-0.0029,-0.6051,325.0,0.00,0.000,0.000,IDLE
2026-08-16T22:34:06.413306,0.0000000,0.0000000,-8.91,-0.0219,-0.0029,-0.6028,325.0,0.00,0.000,0.000,IDLE
2026-08-16T22:34:07.413786,0.0000000,0.0000000,-8.90,-0.0218,-0.0030,-0.5994,325.0,0.00,0.000,0.000,IDLE
2026-08-16T22:34:08.413869,0.0000000,0.0000000,-9.03,-0.0218,-0.0029,-0.6001,325.0,0.00,0.000,0.000,IDLE
2026-08-16T22:34:09.413318,0.0000000,0.0000000,-8.75,-0.0218,-0.0030,-0.5992,325.0,0.00,0.000,0.000,IDLE
2026-08-16T22:34:10.413338,0.0000000,0.0000000,-8.85,-0.0220,-0.0031,-0.5993,325.0,0.00,0.000,0.000,IDLE
2026-08-16T22:34:11.413309,0.0000000,0.0000000,-8.97,-0.0220,-0.0031,-0.5978,325.0,0.00,0.000,0.000,IDLE
2026-08-16T22:34:12.413332,0.0000000,0.0000000,-9.05,-0.0221,-0.0032,-0.5955,325.0,0.00,0.000,0.000,IDLE
2026-08-16T22:34:13.413417,0.0000000,0.0000000,-9.01,-0.0221,-0.0032,-0.5942,325.0,0.00,0.000,0.000,IDLE
2026-08-16T22:34:14.413290,0.0000000,0.0000000,-9.10,-0.0221,-0.0034,-0.5937,325.0,0.00,0.000,0.000,IDLE
2026-08-16T22:34:15.413310,0.0000000,0.0000000,-9.01,-0.0221,-0.0032,-0.5952,325.0,0.00,0.000,0.000,IDLE
2026-08-16T22:34:16.413362,0.0000000,0.0000000,-8.89,-0.0222,-0.0032,-0.5966,325.0,0.00,0.000,0.000,IDLE
2026-08-16T22:34:17.413319,0.0000000,0.0000000,-8.92,-0.0222,-0.0033,-0.5958,325.0,0.00,0.000,0.000,IDLE
2026-08-16T22:34:18.413568,0.0000000,0.0000000,-8.91,-0.0221,-0.0032,-0.5934,326.0,0.00,0.000,0.000,IDLE
2026-08-16T22:34:19.413437,0.0000000,0.0000000,-8.97,-0.0221,-0.0031,-0.5952,325.0,0.00,0.000,0.000,IDLE
2026-08-16T22:34:20.413410,0.0000000,0.0000000,-8.81,-0.0221,-0.0030,-0.5942,325.0,0.00,0.000,0.000,IDLE
2026-08-16T22:34:21.413292,0.0000000,0.0000000,-8.87,-0.0221,-0.0029,-0.5925,326.0,0.00,0.000,0.000,IDLE
2026-08-16T22:34:22.413904,0.0000000,0.0000000,-8.96,-0.0220,-0.0028,-0.5942,325.0,0.00,0.000,0.000,IDLE
2026-08-16T22:34:23.413293,0.0000000,0.0000000,-8.95,-0.0220,-0.0029,-0.5927,326.0,0.00,0.000,0.000,IDLE
2026-08-16T22:34:24.413329,0.0000000,0.0000000,-9.03,-0.0220,-0.0028,-0.5929,326.0,0.00,0.000,0.000,IDLE
2026-08-16T22:34:25.413364,0.0000000,0.0000000,-8.91,-0.0220,-0.0028,-0.5933,326.0,0.00,0.000,0.000,IDLE
2026-08-16T22:34:26.413441,0.0000000,0.0000000,-9.19,-0.0219,-0.0028,-0.5911,326.0,0.00,0.000,0.000,IDLE
2026-08-16T22:34:27.413285,0.0000000,0.0000000,-8.86,-0.0219,-0.0028,-0.5936,326.0,0.00,0.000,0.000,IDLE
2026-08-16T22:34:28.413337,0.0000000,0.0000000,-8.89,-0.0220,-0.0029,-0.5968,325.0,0.00,0.000,0.000,IDLE
2026-08-16T22:34:29.413312,0.0000000,0.0000000,-9.06,-0.0220,-0.0030,-0.5959,325.0,0.00,0.000,0.000,IDLE
2026-08-16T22:34:30.414307,0.0000000,0.0000000,-8.97,-0.0220,-0.0032,-0.5944,325.0,0.00,0.000,0.000,IDLE
2026-08-16T22:34:31.413884,0.0000000,0.0000000,-8.82,-0.0220,-0.0032,-0.5939,325.0,0.00,0.000,0.000,IDLE
2026-08-16T22:34:32.413349,0.0000000,0.0000000,-8.80,-0.0219,-0.0031,-0.5954,325.0,0.00,0.000,0.000,IDLE
2026-08-16T22:34:33.413401,0.0000000,0.0000000,-8.93,-0.0218,-0.0031,-0.5957,325.0,0.00,0.000,0.000,IDLE
2026-08-16T22:34:34.413661,0.0000000,0.0000000,-8.97,-0.0218,-0.0032,-0.5953,325.0,0.00,0.000,0.000,IDLE
2026-08-16T22:34:35.413350,0.0000000,0.0000000,-8.82,-0.0219,-0.0031,-0.5965,325.0,0.00,0.000,0.000,IDLE
2026-08-16T22:34:36.416448,0.0000000,0.0000000,-8.83,-0.0220,-0.0031,-0.6002,325.0,0.00,0.000,0.000,IDLE
2026-08-16T22:34:37.413460,0.0000000,0.0000000,-8.82,-0.0219,-0.0031,-0.5986,325.0,0.00,0.000,0.000,IDLE
2026-08-16T22:34:38.413369,0.0000000,0.0000000,-8.83,-0.0220,-0.0029,-0.6005,325.0,0.00,0.000,0.000,IDLE
2026-08-16T22:34:39.413314,0.0000000,0.0000000,-8.94,-0.0221,-0.0029,-0.6048,325.0,0.00,0.000,0.000,IDLE
2026-08-16T22:34:40.413320,0.0000000,0.0000000,-8.96,-0.0220,-0.0030,-0.6058,325.0,0.00,0.000,0.000,IDLE
2026-08-16T22:34:41.413285,0.0000000,0.0000000,-8.91,-0.0220,-0.0031,-0.6045,325.0,0.00,0.000,0.000,IDLE
2026-08-16T22:34:42.413344,0.0000000,0.0000000,-8.93,-0.0220,-0.0032,-0.6069,325.0,0.00,0.000,0.000,IDLE
2026-08-16T22:34:43.413358,0.0000000,0.0000000,-8.92,-0.0220,-0.0033,-0.6067,325.0,0.00,0.000,0.000,IDLE
2026-08-16T22:34:44.413530,0.0000000,0.0000000,-8.94,-0.0220,-0.0032,-0.6044,325.0,0.00,0.000,0.000,IDLE
2026-08-16T22:34:45.413403,0.0000000,0.0000000,-8.96,-0.0219,-0.0033,-0.6042,325.0,0.00,0.000,0.000,IDLE
2026-08-16T22:34:46.413324,0.0000000,0.0000000,-9.03,-0.0219,-0.0033,-0.6059,325.0,0.00,0.000,0.000,IDLE
2026-08-16T22:34:47.413270,0.0000000,0.0000000,-8.74,-0.0219,-0.0033,-0.6064,325.0,0.00,0.000,0.000,IDLE
2026-08-16T22:34:48.413492,0.0000000,0.0000000,-9.02,-0.0219,-0.0032,-0.6056,325.0,0.00,0.000,0.000,IDLE
2026-08-16T22:34:49.413336,0.0000000,0.0000000,-9.07,-0.0219,-0.0032,-0.6064,325.0,0.00,0.000,0.000,IDLE
2026-08-16T22:34:50.413426,0.0000000,0.0000000,-8.87,-0.0218,-0.0031,-0.6040,325.0,0.00,0.000,0.000,IDLE
2026-08-16T22:34:51.413507,0.0000000,0.0000000,-8.96,-0.0218,-0.0031,-0.6050,325.0,0.00,0.000,0.000,IDLE
2026-08-16T22:34:52.413285,0.0000000,0.0000000,-9.12,-0.0217,-0.0031,-0.6038,325.0,0.00,0.000,0.000,IDLE
2026-08-16T22:34:53.413387,0.0000000,0.0000000,-8.87,-0.0218,-0.0030,-0.6025,325.0,0.00,0.000,0.000,IDLE
2026-08-16T22:34:54.413325,0.0000000,0.0000000,-8.91,-0.0218,-0.0030,-0.6036,325.0,0.00,0.000,0.000,IDLE
2026-08-16T22:34:55.413544,0.0000000,0.0000000,-8.87,-0.0218,-0.0031,-0.6033,325.0,0.00,0.000,0.000,IDLE
2026-08-16T22:34:56.413277,0.0000000,0.0000000,-8.92,-0.0219,-0.0031,-0.6051,325.0,0.00,0.000,0.000,IDLE
2026-08-16T22:34:57.413337,0.0000000,0.0000000,-9.14,-0.0218,-0.0031,-0.6055,325.0,0.00,0.000,0.000,IDLE
2026-08-16T22:34:58.413270,0.0000000,0.0000000,-8.82,-0.0219,-0.0031,-0.6052,325.0,0.00,0.000,0.000,IDLE
2026-08-16T22:34:59.413300,0.0000000,0.0000000,-9.04,-0.0218,-0.0031,-0.6031,325.0,0.00,0.000,0.000,IDLE
2026-08-16T22:35:00.413362,0.0000000,0.0000000,-8.90,-0.0218,-0.0030,-0.6014,325.0,0.00,0.000,0.000,IDLE
2026-08-16T22:35:01.413313,0.0000000,0.0000000,-8.87,-0.0218,-0.0029,-0.5999,325.0,0.00,0.000,0.000,IDLE
2026-08-16T22:35:02.415134,0.0000000,0.0000000,-8.83,-0.0216,-0.0027,-0.5978,325.0,0.00,0.000,0.000,IDLE
2026-08-16T22:35:03.413362,0.0000000,0.0000000,-8.91,-0.0217,-0.0027,-0.5969,325.0,0.00,0.000,0.000,IDLE
2026-08-16T22:35:04.413428,0.0000000,0.0000000,-8.90,-0.0217,-0.0027,-0.5973,325.0,0.00,0.000,0.000,IDLE
2026-08-16T22:35:05.413476,0.0000000,0.0000000,-8.86,-0.0218,-0.0027,-0.5983,325.0,0.00,0.000,0.000,IDLE
2026-08-16T22:35:06.413367,0.0000000,0.0000000,-8.87,-0.0217,-0.0028,-0.5973,325.0,0.00,0.000,0.000,IDLE
2026-08-16T22:35:07.413877,0.0000000,0.0000000,-8.89,-0.0217,-0.0029,-0.5954,325.0,0.00,0.000,0.000,IDLE
2026-08-16T22:35:08.413319,0.0000000,0.0000000,-8.76,-0.0217,-0.0029,-0.5957,325.0,0.00,0.000,0.000,IDLE
2026-08-16T22:35:09.413336,0.0000000,0.0000000,-8.97,-0.0216,-0.0028,-0.5919,326.0,0.00,0.000,0.000,IDLE
2026-08-16T22:35:10.413757,0.0000000,0.0000000,-8.94,-0.0218,-0.0028,-0.5921,326.0,0.00,0.000,0.000,IDLE
2026-08-16T22:35:11.413358,0.0000000,0.0000000,-8.94,-0.0218,-0.0029,-0.5937,325.0,0.00,0.000,0.000,IDLE
2026-08-16T22:35:12.413594,0.0000000,0.0000000,-8.96,-0.0219,-0.0028,-0.5965,325.0,0.00,0.000,0.000,IDLE
2026-08-16T22:35:13.413592,0.0000000,0.0000000,-8.78,-0.0219,-0.0029,-0.5979,325.0,0.00,0.000,0.000,IDLE
2026-08-16T22:35:14.413635,0.0000000,0.0000000,-9.14,-0.0219,-0.0028,-0.5954,325.0,0.00,0.000,0.000,IDLE
2026-08-16T22:35:15.413441,0.0000000,0.0000000,-8.90,-0.0220,-0.0029,-0.5938,325.0,0.00,0.000,0.000,IDLE
2026-08-16T22:35:16.413351,0.0000000,0.0000000,-8.79,-0.0218,-0.0029,-0.5920,326.0,0.00,0.000,0.000,IDLE
2026-08-16T22:35:17.413820,0.0000000,0.0000000,-8.97,-0.0218,-0.0030,-0.5889,326.0,0.00,0.000,0.000,IDLE
2026-08-16T22:35:18.414262,0.0000000,0.0000000,-9.02,-0.0217,-0.0029,-0.5868,326.0,0.00,0.000,0.000,IDLE
2026-08-16T22:35:19.413918,0.0000000,0.0000000,-9.00,-0.0217,-0.0030,-0.5879,326.0,0.00,0.000,0.000,IDLE
2026-08-16T22:35:20.413351,0.0000000,0.0000000,-8.90,-0.0217,-0.0029,-0.5878,326.0,0.00,0.000,0.000,IDLE
2026-08-16T22:35:21.413359,0.0000000,0.0000000,-8.97,-0.0217,-0.0028,-0.5858,326.0,0.00,0.000,0.000,IDLE
2026-08-16T22:35:22.413320,0.0000000,0.0000000,-9.01,-0.0216,-0.0029,-0.5871,326.0,0.00,0.000,0.000,IDLE
2026-08-16T22:35:23.413322,0.0000000,0.0000000,-8.80,-0.0218,-0.0029,-0.5897,326.0,0.00,0.000,0.000,IDLE
2026-08-16T22:35:24.413619,0.0000000,0.0000000,-9.03,-0.0218,-0.0031,-0.5896,326.0,0.00,0.000,0.000,IDLE
2026-08-16T22:35:25.413335,0.0000000,0.0000000,-8.90,-0.0219,-0.0031,-0.5925,326.0,0.00,0.000,0.000,IDLE
2026-08-16T22:35:26.413474,0.0000000,0.0000000,-8.74,-0.0220,-0.0030,-0.5954,325.0,0.00,0.000,0.000,IDLE
2026-08-16T22:35:27.413325,0.0000000,0.0000000,-9.12,-0.0220,-0.0031,-0.5977,325.0,0.00,0.000,0.000,IDLE
2026-08-16T22:35:28.413475,0.0000000,0.0000000,-8.70,-0.0219,-0.0029,-0.5998,325.0,0.00,0.000,0.000,IDLE
2026-08-16T22:35:29.413399,0.0000000,0.0000000,-8.97,-0.0218,-0.0028,-0.5956,325.0,0.00,0.000,0.000,IDLE
2026-08-16T22:35:30.413288,0.0000000,0.0000000,-8.82,-0.0219,-0.0028,-0.5946,325.0,0.00,0.000,0.000,IDLE
2026-08-16T22:35:31.413380,0.0000000,0.0000000,-8.86,-0.0219,-0.0028,-0.5924,326.0,0.00,0.000,0.000,IDLE
2026-08-16T22:35:32.413247,0.0000000,0.0000000,-9.02,-0.0220,-0.0028,-0.5974,325.0,0.00,0.000,0.000,IDLE
2026-08-16T22:35:33.413276,0.0000000,0.0000000,-8.76,-0.0219,-0.0028,-0.5972,325.0,0.00,0.000,0.000,IDLE
2026-08-16T22:35:34.413652,0.0000000,0.0000000,-9.08,-0.0218,-0.0029,-0.5977,325.0,0.00,0.000,0.000,IDLE
2026-08-16T22:35:35.413921,0.0000000,0.0000000,-9.00,-0.0217,-0.0029,-0.5998,325.0,0.00,0.000,0.000,IDLE
2026-08-16T22:35:36.413286,0.0000000,0.0000000,-8.96,-0.0217,-0.0027,-0.5997,325.0,0.00,0.000,0.000,IDLE
2026-08-16T22:35:37.413387,0.0000000,0.0000000,-9.03,-0.0217,-0.0027,-0.5987,325.0,0.00,0.000,0.000,IDLE
2026-08-16T22:35:38.413462,0.0000000,0.0000000,-8.97,-0.0218,-0.0026,-0.6011,325.0,0.00,0.000,0.000,IDLE
2026-08-16T22:35:39.413340,0.0000000,0.0000000,-9.13,-0.0219,-0.0025,-0.6015,325.0,0.00,0.000,0.000,IDLE
2026-08-16T22:35:40.413390,0.0000000,0.0000000,-8.98,-0.0220,-0.0025,-0.6019,325.0,0.00,0.000,0.000,IDLE
2026-08-16T22:35:41.413348,0.0000000,0.0000000,-8.92,-0.0219,-0.0025,-0.5999,325.0,0.00,0.000,0.000,IDLE
2026-08-16T22:35:42.413339,0.0000000,0.0000000,-8.89,-0.0219,-0.0024,-0.6002,325.0,0.00,0.000,0.000,IDLE
2026-08-16T22:35:43.413401,0.0000000,0.0000000,-9.01,-0.0220,-0.0025,-0.5963,325.0,0.00,0.000,0.000,IDLE
2026-08-16T22:35:44.413388,0.0000000,0.0000000,-8.95,-0.0220,-0.0027,-0.5956,325.0,0.00,0.000,0.000,IDLE
2026-08-16T22:35:45.413331,0.0000000,0.0000000,-8.90,-0.0220,-0.0029,-0.5947,325.0,0.00,0.000,0.000,IDLE
2026-08-16T22:35:46.413366,0.0000000,0.0000000,-8.83,-0.0220,-0.0029,-0.5950,325.0,0.00,0.000,0.000,IDLE
2026-08-16T22:35:47.413569,0.0000000,0.0000000,-8.90,-0.0220,-0.0028,-0.5965,325.0,0.00,0.000,0.000,IDLE
2026-08-16T22:35:48.413284,0.0000000,0.0000000,-8.85,-0.0222,-0.0028,-0.5966,325.0,0.00,0.000,0.000,IDLE
2026-08-16T22:35:49.413278,0.0000000,0.0000000,-8.96,-0.0220,-0.0029,-0.5969,325.0,0.00,0.000,0.000,IDLE
2026-08-16T22:35:50.413271,0.0000000,0.0000000,-8.89,-0.0219,-0.0029,-0.5992,325.0,0.00,0.000,0.000,IDLE
2026-08-16T22:35:51.413361,0.0000000,0.0000000,-8.90,-0.0219,-0.0030,-0.5961,325.0,0.00,0.000,0.000,IDLE
2026-08-16T22:35:52.413404,0.0000000,0.0000000,-8.99,-0.0220,-0.0029,-0.5937,325.0,0.00,0.000,0.000,IDLE
2026-08-16T22:35:53.413353,0.0000000,0.0000000,-9.07,-0.0221,-0.0030,-0.5915,326.0,0.00,0.000,0.000,IDLE
2026-08-16T22:35:54.413418,0.0000000,0.0000000,-8.82,-0.0221,-0.0029,-0.5914,326.0,0.00,0.000,0.000,IDLE
2026-08-16T22:35:55.413325,0.0000000,0.0000000,-8.97,-0.0222,-0.0028,-0.5931,326.0,0.00,0.000,0.000,IDLE
2026-08-16T22:35:56.413316,0.0000000,0.0000000,-9.26,-0.0222,-0.0029,-0.5932,326.0,0.00,0.000,0.000,IDLE
2026-08-16T22:35:57.413322,0.0000000,0.0000000,-9.05,-0.0221,-0.0028,-0.5918,326.0,0.00,0.000,0.000,IDLE
2026-08-16T22:35:58.413331,0.0000000,0.0000000,-9.01,-0.0220,-0.0027,-0.5926,326.0,0.00,0.000,0.000,IDLE
2026-08-16T22:35:59.414545,0.0000000,0.0000000,-8.93,-0.0220,-0.0027,-0.5942,325.0,0.00,0.000,0.000,IDLE
2026-08-16T22:36:00.413278,0.0000000,0.0000000,-8.97,-0.0219,-0.0028,-0.5952,325.0,0.00,0.000,0.000,IDLE
2026-08-16T22:36:01.413252,0.0000000,0.0000000,-8.94,-0.0219,-0.0029,-0.5926,326.0,0.00,0.000,0.000,IDLE
2026-08-16T22:36:02.413361,0.0000000,0.0000000,-8.87,-0.0218,-0.0029,-0.5910,326.0,0.00,0.000,0.000,IDLE
2026-08-16T22:36:03.413436,0.0000000,0.0000000,-8.97,-0.0217,-0.0029,-0.5930,326.0,0.00,0.000,0.000,IDLE
2026-08-16T22:36:04.413580,0.0000000,0.0000000,-9.07,-0.0218,-0.0030,-0.5902,326.0,0.00,0.000,0.000,IDLE
2026-08-16T22:36:05.413373,0.0000000,0.0000000,-8.97,-0.0218,-0.0031,-0.5918,326.0,0.00,0.000,0.000,IDLE
2026-08-16T22:36:06.413405,0.0000000,0.0000000,-8.96,-0.0217,-0.0032,-0.5878,326.0,0.00,0.000,0.000,IDLE
2026-08-16T22:36:07.413428,0.0000000,0.0000000,-9.14,-0.0216,-0.0032,-0.5850,326.0,0.00,0.000,0.000,IDLE
2026-08-16T22:36:08.413227,0.0000000,0.0000000,-8.91,-0.0215,-0.0032,-0.5845,326.0,0.00,0.000,0.000,IDLE
2026-08-16T22:36:09.413471,0.0000000,0.0000000,-8.94,-0.0216,-0.0032,-0.5863,326.0,0.00,0.000,0.000,IDLE
2026-08-16T22:36:10.414057,0.0000000,0.0000000,-8.93,-0.0218,-0.0031,-0.5891,326.0,0.00,0.000,0.000,IDLE
2026-08-16T22:36:11.413408,0.0000000,0.0000000,-9.10,-0.0219,-0.0032,-0.5886,326.0,0.00,0.000,0.000,IDLE
2026-08-16T22:36:12.413307,0.0000000,0.0000000,-9.01,-0.0219,-0.0031,-0.5894,326.0,0.00,0.000,0.000,IDLE
2026-08-16T22:36:13.413357,0.0000000,0.0000000,-8.99,-0.0218,-0.0031,-0.5901,326.0,0.00,0.000,0.000,IDLE
2026-08-16T22:36:14.413598,0.0000000,0.0000000,-9.07,-0.0219,-0.0031,-0.5932,326.0,0.00,0.000,0.000,IDLE
2026-08-16T22:36:15.413249,0.0000000,0.0000000,-8.90,-0.0220,-0.0030,-0.5997,325.0,0.00,0.000,0.000,IDLE
2026-08-16T22:36:16.413261,0.0000000,0.0000000,-8.94,-0.0221,-0.0030,-0.6021,325.0,0.00,0.000,0.000,IDLE
2026-08-16T22:36:17.413545,0.0000000,0.0000000,-9.27,-0.0221,-0.0030,-0.6029,325.0,0.00,0.000,0.000,IDLE
2026-08-16T22:36:18.413311,0.0000000,0.0000000,-8.98,-0.0222,-0.0030,-0.6023,325.0,0.00,0.000,0.000,IDLE
2026-08-16T22:36:19.413289,0.0000000,0.0000000,-9.00,-0.0221,-0.0030,-0.6006,325.0,0.00,0.000,0.000,IDLE
2026-08-16T22:36:20.413421,0.0000000,0.0000000,-8.95,-0.0221,-0.0029,-0.6010,325.0,0.00,0.000,0.000,IDLE
2026-08-16T22:36:21.413464,0.0000000,0.0000000,-9.02,-0.0222,-0.0029,-0.6036,325.0,0.00,0.000,0.000,IDLE
2026-08-16T22:36:22.413242,0.0000000,0.0000000,-9.03,-0.0222,-0.0031,-0.6017,325.0,0.00,0.000,0.000,IDLE
2026-08-16T22:36:23.413327,0.0000000,0.0000000,-8.99,-0.0222,-0.0032,-0.5994,325.0,0.00,0.000,0.000,IDLE
2026-08-16T22:36:24.413372,0.0000000,0.0000000,-8.80,-0.0222,-0.0031,-0.6006,325.0,0.00,0.000,0.000,IDLE
2026-08-16T22:36:25.413448,0.0000000,0.0000000,-9.01,-0.0221,-0.0032,-0.5998,325.0,0.00,0.000,0.000,IDLE
2026-08-16T22:36:26.413340,0.0000000,0.0000000,-9.01,-0.0221,-0.0033,-0.5992,325.0,0.00,0.000,0.000,IDLE
2026-08-16T22:36:27.413342,0.0000000,0.0000000,-8.90,-0.0221,-0.0032,-0.5996,325.0,0.00,0.000,0.000,IDLE
2026-08-16T22:36:28.413275,0.0000000,0.0000000,-8.95,-0.0222,-0.0032,-0.6003,325.0,0.00,0.000,0.000,IDLE
2026-08-16T22:36:29.413685,0.0000000,0.0000000,-9.07,-0.0222,-0.0034,-0.5998,325.0,0.00,0.000,0.000,IDLE
2026-08-16T22:36:30.413303,0.0000000,0.0000000,-8.95,-0.0222,-0.0034,-0.5993,325.0,0.00,0.000,0.000,IDLE
2026-08-16T22:36:31.413517,0.0000000,0.0000000,-8.93,-0.0221,-0.0033,-0.5966,325.0,0.00,0.000,0.000,IDLE
2026-08-16T22:36:32.413293,0.0000000,0.0000000,-8.97,-0.0221,-0.0034,-0.5934,326.0,0.00,0.000,0.000,IDLE
2026-08-16T22:36:33.413312,0.0000000,0.0000000,-9.07,-0.0221,-0.0033,-0.5923,326.0,0.00,0.000,0.000,IDLE
2026-08-16T22:36:34.413382,0.0000000,0.0000000,-9.22,-0.0221,-0.0033,-0.5949,325.0,0.00,0.000,0.000,IDLE
2026-08-16T22:36:35.413582,0.0000000,0.0000000,-8.85,-0.0221,-0.0032,-0.5951,325.0,0.00,0.000,0.000,IDLE
2026-08-16T22:36:36.413336,0.0000000,0.0000000,-9.02,-0.0220,-0.0034,-0.5937,325.0,0.00,0.000,0.000,IDLE
2026-08-16T22:36:37.413352,0.0000000,0.0000000,-9.05,-0.0219,-0.0030,-0.5896,326.0,0.00,0.000,0.000,IDLE
2026-08-16T22:36:38.413386,0.0000000,0.0000000,-9.13,-0.0215,-0.0028,-0.5895,326.0,0.00,0.000,0.000,IDLE
2026-08-16T22:36:39.413342,0.0000000,0.0000000,-8.84,-0.0216,-0.0030,-0.5894,326.0,0.00,0.000,0.000,IDLE
2026-08-16T22:36:40.413285,0.0000000,0.0000000,-9.15,-0.0216,-0.0029,-0.5885,326.0,0.00,0.000,0.000,IDLE
2026-08-16T22:36:41.413292,0.0000000,0.0000000,-9.10,-0.0218,-0.0030,-0.5911,326.0,0.00,0.000,0.000,IDLE
2026-08-16T22:36:42.413267,0.0000000,0.0000000,-9.18,-0.0217,-0.0029,-0.5904,326.0,0.00,0.000,0.000,IDLE
2026-08-16T22:36:43.413274,0.0000000,0.0000000,-9.08,-0.0217,-0.0029,-0.5911,326.0,0.00,0.000,0.000,IDLE
2026-08-16T22:36:44.413458,0.0000000,0.0000000,-9.12,-0.0218,-0.0027,-0.5939,325.0,0.00,0.000,0.000,IDLE
2026-08-16T22:36:45.413314,0.0000000,0.0000000,-9.11,-0.0217,-0.0025,-0.5923,326.0,0.00,0.000,0.000,IDLE
2026-08-16T22:36:46.413289,0.0000000,0.0000000,-9.07,-0.0217,-0.0027,-0.5875,326.0,0.00,0.000,0.000,IDLE
2026-08-16T22:36:47.413352,0.0000000,0.0000000,-8.92,-0.0218,-0.0028,-0.5902,326.0,0.00,0.000,0.000,IDLE
2026-08-16T22:36:48.413381,0.0000000,0.0000000,-8.95,-0.0219,-0.0028,-0.5892,326.0,0.00,0.000,0.000,IDLE
2026-08-16T22:36:49.413332,0.0000000,0.0000000,-9.00,-0.0220,-0.0027,-0.5882,326.0,0.00,0.000,0.000,IDLE
2026-08-16T22:36:50.413531,0.0000000,0.0000000,-9.04,-0.0220,-0.0027,-0.5912,326.0,0.00,0.000,0.000,IDLE
2026-08-16T22:36:51.413345,0.0000000,0.0000000,-9.12,-0.0219,-0.0027,-0.5918,326.0,0.00,0.000,0.000,IDLE
2026-08-16T22:36:52.413433,0.0000000,0.0000000,-9.05,-0.0219,-0.0026,-0.5949,325.0,0.00,0.000,0.000,IDLE
2026-08-16T22:36:53.413447,0.0000000,0.0000000,-9.09,-0.0219,-0.0026,-0.5931,326.0,0.00,0.000,0.000,IDLE
2026-08-16T22:36:54.413402,0.0000000,0.0000000,-8.92,-0.0219,-0.0026,-0.5952,325.0,0.00,0.000,0.000,IDLE
2026-08-16T22:36:55.413454,0.0000000,0.0000000,-9.04,-0.0218,-0.0026,-0.5951,325.0,0.00,0.000,0.000,IDLE
2026-08-16T22:36:56.413330,0.0000000,0.0000000,-8.94,-0.0218,-0.0025,-0.5964,325.0,0.00,0.000,0.000,IDLE
2026-08-16T22:36:57.413339,0.0000000,0.0000000,-9.04,-0.0217,-0.0025,-0.5963,325.0,0.00,0.000,0.000,IDLE
2026-08-16T22:36:58.413361,0.0000000,0.0000000,-9.16,-0.0217,-0.0025,-0.6002,325.0,0.00,0.000,0.000,IDLE
2026-08-16T22:36:59.413649,0.0000000,0.0000000,-9.00,-0.0216,-0.0025,-0.5984,325.0,0.00,0.000,0.000,IDLE
2026-08-16T22:37:00.414095,0.0000000,0.0000000,-9.06,-0.0216,-0.0024,-0.5979,325.0,0.00,0.000,0.000,IDLE
2026-08-16T22:37:01.413546,0.0000000,0.0000000,-8.94,-0.0216,-0.0024,-0.5976,325.0,0.00,0.000,0.000,IDLE
2026-08-16T22:37:02.413385,0.0000000,0.0000000,-9.10,-0.0217,-0.0024,-0.5989,325.0,0.00,0.000,0.000,IDLE
2026-08-16T22:37:03.413678,0.0000000,0.0000000,-9.16,-0.0217,-0.0022,-0.6006,325.0,0.00,0.000,0.000,IDLE
2026-08-16T22:37:04.413435,0.0000000,0.0000000,-9.19,-0.0216,-0.0022,-0.5998,325.0,0.00,0.000,0.000,IDLE
2026-08-16T22:37:05.413354,0.0000000,0.0000000,-9.15,-0.0216,-0.0024,-0.5979,325.0,0.00,0.000,0.000,IDLE
2026-08-16T22:37:06.413444,0.0000000,0.0000000,-9.14,-0.0218,-0.0024,-0.6006,325.0,0.00,0.000,0.000,IDLE
2026-08-16T22:37:07.413640,0.0000000,0.0000000,-9.15,-0.0218,-0.0025,-0.5979,325.0,0.00,0.000,0.000,IDLE
2026-08-16T22:37:08.413374,0.0000000,0.0000000,-9.11,-0.0218,-0.0025,-0.5997,325.0,0.00,0.000,0.000,IDLE
2026-08-16T22:37:09.413285,0.0000000,0.0000000,-9.11,-0.0217,-0.0026,-0.5971,325.0,0.00,0.000,0.000,IDLE
2026-08-16T22:37:10.413359,0.0000000,0.0000000,-9.09,-0.0218,-0.0026,-0.5940,325.0,0.00,0.000,0.000,IDLE
2026-08-16T22:37:11.413336,0.0000000,0.0000000,-8.96,-0.0218,-0.0026,-0.5912,326.0,0.00,0.000,0.000,IDLE
2026-08-16T22:37:12.413312,0.0000000,0.0000000,-9.02,-0.0218,-0.0024,-0.5899,326.0,0.00,0.000,0.000,IDLE
2026-08-16T22:37:13.421119,0.0000000,0.0000000,-9.10,-0.0218,-0.0025,-0.5904,326.0,0.00,0.000,0.000,IDLE
2026-08-16T22:37:14.413371,0.0000000,0.0000000,-9.00,-0.0219,-0.0026,-0.5935,326.0,0.00,0.000,0.000,IDLE
2026-08-16T22:37:15.413352,0.0000000,0.0000000,-9.07,-0.0219,-0.0025,-0.5921,326.0,0.00,0.000,0.000,IDLE
2026-08-16T22:37:16.413408,0.0000000,0.0000000,-9.05,-0.0219,-0.0025,-0.5959,325.0,0.00,0.000,0.000,IDLE
2026-08-16T22:37:17.413348,0.0000000,0.0000000,-8.96,-0.0219,-0.0025,-0.5936,326.0,0.00,0.000,0.000,IDLE
2026-08-16T22:37:18.413458,0.0000000,0.0000000,-8.83,-0.0219,-0.0025,-0.5948,325.0,0.00,0.000,0.000,IDLE
2026-08-16T22:37:19.413402,0.0000000,0.0000000,-9.08,-0.0219,-0.0026,-0.5920,326.0,0.00,0.000,0.000,IDLE
2026-08-16T22:37:20.413359,0.0000000,0.0000000,-9.06,-0.0219,-0.0026,-0.5937,325.0,0.00,0.000,0.000,IDLE
2026-08-16T22:37:21.413326,0.0000000,0.0000000,-8.95,-0.0219,-0.0025,-0.5942,325.0,0.00,0.000,0.000,IDLE
2026-08-16T22:37:22.413832,0.0000000,0.0000000,-8.95,-0.0219,-0.0026,-0.5954,325.0,0.00,0.000,0.000,IDLE
2026-08-16T22:37:23.413409,0.0000000,0.0000000,-9.00,-0.0219,-0.0025,-0.5981,325.0,0.00,0.000,0.000,IDLE
2026-08-16T22:37:24.413410,0.0000000,0.0000000,-9.01,-0.0219,-0.0026,-0.5977,325.0,0.00,0.000,0.000,IDLE
2026-08-16T22:37:25.413419,0.0000000,0.0000000,-8.96,-0.0219,-0.0025,-0.5972,325.0,0.00,0.000,0.000,IDLE
2026-08-16T22:37:26.414065,0.0000000,0.0000000,-9.10,-0.0219,-0.0025,-0.5965,325.0,0.00,0.000,0.000,IDLE
2026-08-16T22:37:27.413406,0.0000000,0.0000000,-9.02,-0.0219,-0.0025,-0.5961,325.0,0.00,0.000,0.000,IDLE
2026-08-16T22:37:28.413339,0.0000000,0.0000000,-9.22,-0.0218,-0.0025,-0.5937,325.0,0.00,0.000,0.000,IDLE
2026-08-16T22:37:29.413351,0.0000000,0.0000000,-9.05,-0.0219,-0.0025,-0.5962,325.0,0.00,0.000,0.000,IDLE
2026-08-16T22:37:30.413609,0.0000000,0.0000000,-9.10,-0.0219,-0.0025,-0.5995,325.0,0.00,0.000,0.000,IDLE
2026-08-16T22:37:31.413389,0.0000000,0.0000000,-9.00,-0.0219,-0.0025,-0.6012,325.0,0.00,0.000,0.000,IDLE
2026-08-16T22:37:32.413416,0.0000000,0.0000000,-8.91,-0.0218,-0.0025,-0.6020,325.0,0.00,0.000,0.000,IDLE
2026-08-16T22:37:33.413305,0.0000000,0.0000000,-9.01,-0.0218,-0.0025,-0.6029,325.0,0.00,0.000,0.000,IDLE
2026-08-16T22:37:34.413892,0.0000000,0.0000000,-9.09,-0.0218,-0.0025,-0.6038,325.0,0.00,0.000,0.000,IDLE
2026-08-16T22:37:35.413369,0.0000000,0.0000000,-9.13,-0.0218,-0.0025,-0.6013,325.0,0.00,0.000,0.000,IDLE
2026-08-16T22:37:36.414065,0.0000000,0.0000000,-9.02,-0.0218,-0.0026,-0.6011,325.0,0.00,0.000,0.000,IDLE
2026-08-16T22:37:37.413322,0.0000000,0.0000000,-9.01,-0.0217,-0.0027,-0.5974,325.0,0.00,0.000,0.000,IDLE
2026-08-16T22:37:38.413423,0.0000000,0.0000000,-9.03,-0.0217,-0.0028,-0.5966,325.0,0.00,0.000,0.000,IDLE
2026-08-16T22:37:39.413384,0.0000000,0.0000000,-9.00,-0.0215,-0.0028,-0.5966,325.0,0.00,0.000,0.000,IDLE
2026-08-16T22:37:40.413515,0.0000000,0.0000000,-9.14,-0.0214,-0.0029,-0.5977,325.0,0.00,0.000,0.000,IDLE
2026-08-16T22:37:41.413428,0.0000000,0.0000000,-8.94,-0.0214,-0.0030,-0.5990,325.0,0.00,0.000,0.000,IDLE
2026-08-16T22:37:42.413361,0.0000000,0.0000000,-9.11,-0.0215,-0.0031,-0.6009,325.0,0.00,0.000,0.000,IDLE
2026-08-16T22:37:43.414367,0.0000000,0.0000000,-9.08,-0.0215,-0.0031,-0.6002,325.0,0.00,0.000,0.000,IDLE
2026-08-16T22:37:44.413640,0.0000000,0.0000000,-8.85,-0.0215,-0.0030,-0.6010,325.0,0.00,0.000,0.000,IDLE
2026-08-16T22:37:45.414131,0.0000000,0.0000000,-9.12,-0.0217,-0.0031,-0.6027,325.0,0.00,0.000,0.000,IDLE
2026-08-16T22:37:46.413466,0.0000000,0.0000000,-9.25,-0.0217,-0.0030,-0.6025,325.0,0.00,0.000,0.000,IDLE
2026-08-16T22:37:47.413414,0.0000000,0.0000000,-9.00,-0.0216,-0.0029,-0.6019,325.0,0.00,0.000,0.000,IDLE
2026-08-16T22:37:48.413375,0.0000000,0.0000000,-8.98,-0.0217,-0.0028,-0.6009,325.0,0.00,0.000,0.000,IDLE
2026-08-16T22:37:49.413422,0.0000000,0.0000000,-9.14,-0.0218,-0.0028,-0.5985,325.0,0.00,0.000,0.000,IDLE
2026-08-16T22:37:50.413608,0.0000000,0.0000000,-9.03,-0.0219,-0.0028,-0.6000,325.0,0.00,0.000,0.000,IDLE
2026-08-16T22:37:51.413946,0.0000000,0.0000000,-9.12,-0.0219,-0.0028,-0.6032,325.0,0.00,0.000,0.000,IDLE
2026-08-16T22:37:52.413302,0.0000000,0.0000000,-9.22,-0.0218,-0.0028,-0.6044,325.0,0.00,0.000,0.000,IDLE
2026-08-16T22:37:53.413326,0.0000000,0.0000000,-9.13,-0.0219,-0.0029,-0.6042,325.0,0.00,0.000,0.000,IDLE
2026-08-16T22:37:54.413427,0.0000000,0.0000000,-9.10,-0.0218,-0.0029,-0.6039,325.0,0.00,0.000,0.000,IDLE
2026-08-16T22:37:55.413837,0.0000000,0.0000000,-9.05,-0.0219,-0.0029,-0.6034,325.0,0.00,0.000,0.000,IDLE
2026-08-16T22:37:56.413391,0.0000000,0.0000000,-9.01,-0.0220,-0.0030,-0.6032,325.0,0.00,0.000,0.000,IDLE
2026-08-16T22:37:57.418613,0.0000000,0.0000000,-9.01,-0.0220,-0.0032,-0.6054,325.0,0.00,0.000,0.000,IDLE
2026-08-16T22:37:58.414441,0.0000000,0.0000000,-8.96,-0.0219,-0.0033,-0.6061,325.0,0.00,0.000,0.000,IDLE
2026-08-16T22:37:59.420565,0.0000000,0.0000000,-9.09,-0.0219,-0.0032,-0.6045,325.0,0.00,0.000,0.000,IDLE
2026-08-16T22:38:00.413378,0.0000000,0.0000000,-9.19,-0.0219,-0.0032,-0.6043,325.0,0.00,0.000,0.000,IDLE
2026-08-16T22:38:01.413371,0.0000000,0.0000000,-9.03,-0.0219,-0.0033,-0.6045,325.0,0.00,0.000,0.000,IDLE
2026-08-16T22:38:02.413292,0.0000000,0.0000000,-8.97,-0.0220,-0.0032,-0.6061,325.0,0.00,0.000,0.000,IDLE
2026-08-16T22:38:03.413441,0.0000000,0.0000000,-9.03,-0.0219,-0.0032,-0.6031,325.0,0.00,0.000,0.000,IDLE
2026-08-16T22:38:04.413571,0.0000000,0.0000000,-9.13,-0.0219,-0.0032,-0.6030,325.0,0.00,0.000,0.000,IDLE
2026-08-16T22:38:05.413335,0.0000000,0.0000000,-9.22,-0.0219,-0.0031,-0.6002,325.0,0.00,0.000,0.000,IDLE
2026-08-16T22:38:06.413269,0.0000000,0.0000000,-9.07,-0.0219,-0.0032,-0.5961,325.0,0.00,0.000,0.000,IDLE
2026-08-16T22:38:07.415670,0.0000000,0.0000000,-9.08,-0.0219,-0.0033,-0.5936,326.0,0.00,0.000,0.000,IDLE
2026-08-16T22:38:08.413391,0.0000000,0.0000000,-9.12,-0.0219,-0.0033,-0.5972,325.0,0.00,0.000,0.000,IDLE
2026-08-16T22:38:09.417117,0.0000000,0.0000000,-9.20,-0.0220,-0.0034,-0.5967,325.0,0.00,0.000,0.000,IDLE
2026-08-16T22:38:10.413355,0.0000000,0.0000000,-9.14,-0.0221,-0.0033,-0.5963,325.0,0.00,0.000,0.000,IDLE
2026-08-16T22:38:11.413335,0.0000000,0.0000000,-9.08,-0.0219,-0.0033,-0.5940,325.0,0.00,0.000,0.000,IDLE
2026-08-16T22:38:12.413535,0.0000000,0.0000000,-9.19,-0.0219,-0.0032,-0.5997,325.0,0.00,0.000,0.000,IDLE
2026-08-16T22:38:13.413301,0.0000000,0.0000000,-9.01,-0.0219,-0.0031,-0.6009,325.0,0.00,0.000,0.000,IDLE
2026-08-16T22:38:14.413338,0.0000000,0.0000000,-9.23,-0.0219,-0.0031,-0.5982,325.0,0.00,0.000,0.000,IDLE
2026-08-16T22:38:15.413314,0.0000000,0.0000000,-9.00,-0.0219,-0.0031,-0.5997,325.0,0.00,0.000,0.000,IDLE
2026-08-16T22:38:16.413515,0.0000000,0.0000000,-9.33,-0.0220,-0.0031,-0.6010,325.0,0.00,0.000,0.000,IDLE
2026-08-16T22:38:17.413850,0.0000000,0.0000000,-8.79,-0.0220,-0.0031,-0.6014,325.0,0.00,0.000,0.000,IDLE
2026-08-16T22:38:18.413305,0.0000000,0.0000000,-9.05,-0.0219,-0.0031,-0.6014,325.0,0.00,0.000,0.000,IDLE
2026-08-16T22:38:19.413329,0.0000000,0.0000000,-9.00,-0.0220,-0.0030,-0.6032,325.0,0.00,0.000,0.000,IDLE
2026-08-16T22:38:20.413300,0.0000000,0.0000000,-8.99,-0.0220,-0.0031,-0.6022,325.0,0.00,0.000,0.000,IDLE
2026-08-16T22:38:21.413342,0.0000000,0.0000000,-9.07,-0.0219,-0.0030,-0.5999,325.0,0.00,0.000,0.000,IDLE
2026-08-16T22:38:22.413287,0.0000000,0.0000000,-9.06,-0.0219,-0.0029,-0.5994,325.0,0.00,0.000,0.000,IDLE
2026-08-16T22:38:23.413368,0.0000000,0.0000000,-9.10,-0.0219,-0.0031,-0.5985,325.0,0.00,0.000,0.000,IDLE
2026-08-16T22:38:24.414770,0.0000000,0.0000000,-9.25,-0.0218,-0.0030,-0.5933,326.0,0.00,0.000,0.000,IDLE
2026-08-16T22:38:25.413412,0.0000000,0.0000000,-9.03,-0.0219,-0.0030,-0.5954,325.0,0.00,0.000,0.000,IDLE
2026-08-16T22:38:26.413390,0.0000000,0.0000000,-9.07,-0.0219,-0.0031,-0.5964,325.0,0.00,0.000,0.000,IDLE
2026-08-16T22:38:27.413353,0.0000000,0.0000000,-9.08,-0.0220,-0.0028,-0.5988,325.0,0.00,0.000,0.000,IDLE
2026-08-16T22:38:28.413592,0.0000000,0.0000000,-9.03,-0.0219,-0.0029,-0.5993,325.0,0.00,0.000,0.000,IDLE
2026-08-16T22:38:29.413317,0.0000000,0.0000000,-8.89,-0.0219,-0.0028,-0.5991,325.0,0.00,0.000,0.000,IDLE
2026-08-16T22:38:30.413556,0.0000000,0.0000000,-9.06,-0.0218,-0.0028,-0.6002,325.0,0.00,0.000,0.000,IDLE
2026-08-16T22:38:31.413319,0.0000000,0.0000000,-9.04,-0.0218,-0.0031,-0.5993,325.0,0.00,0.000,0.000,IDLE
2026-08-16T22:38:32.413315,0.0000000,0.0000000,-9.11,-0.0219,-0.0030,-0.5993,325.0,0.00,0.000,0.000,IDLE
2026-08-16T22:38:33.413342,0.0000000,0.0000000,-9.10,-0.0220,-0.0030,-0.6043,325.0,0.00,0.000,0.000,IDLE
2026-08-16T22:38:34.413326,0.0000000,0.0000000,-8.96,-0.0219,-0.0030,-0.6090,325.0,0.00,0.000,0.000,IDLE
2026-08-16T22:38:35.413309,0.0000000,0.0000000,-9.02,-0.0220,-0.0030,-0.6116,324.0,0.00,0.000,0.000,IDLE
2026-08-16T22:38:36.413546,0.0000000,0.0000000,-9.20,-0.0219,-0.0031,-0.6115,324.0,0.00,0.000,0.000,IDLE
2026-08-16T22:38:37.413337,0.0000000,0.0000000,-9.00,-0.0220,-0.0030,-0.6106,325.0,0.00,0.000,0.000,IDLE
2026-08-16T22:38:38.413404,0.0000000,0.0000000,-9.08,-0.0220,-0.0029,-0.6095,325.0,0.00,0.000,0.000,IDLE
2026-08-16T22:38:39.413381,0.0000000,0.0000000,-9.18,-0.0219,-0.0029,-0.6053,325.0,0.00,0.000,0.000,IDLE
2026-08-16T22:38:40.413679,0.0000000,0.0000000,-9.26,-0.0219,-0.0031,-0.6038,325.0,0.00,0.000,0.000,IDLE
2026-08-16T22:38:41.413379,0.0000000,0.0000000,-9.09,-0.0219,-0.0031,-0.6048,325.0,0.00,0.000,0.000,IDLE
2026-08-16T22:38:42.413382,0.0000000,0.0000000,-9.24,-0.0220,-0.0028,-0.6058,325.0,0.00,0.000,0.000,IDLE
2026-08-16T22:38:43.413603,0.0000000,0.0000000,-8.83,-0.0220,-0.0027,-0.6054,325.0,0.00,0.000,0.000,IDLE
2026-08-16T22:38:44.413401,0.0000000,0.0000000,-8.84,-0.0221,-0.0027,-0.6060,325.0,0.00,0.000,0.000,IDLE
2026-08-16T22:38:45.413356,0.0000000,0.0000000,-9.02,-0.0221,-0.0027,-0.6060,325.0,0.00,0.000,0.000,IDLE
2026-08-16T22:38:46.413372,0.0000000,0.0000000,-8.91,-0.0221,-0.0027,-0.6033,325.0,0.00,0.000,0.000,IDLE
2026-08-16T22:38:47.413284,0.0000000,0.0000000,-9.16,-0.0220,-0.0029,-0.6036,325.0,0.00,0.000,0.000,IDLE
2026-08-16T22:38:48.413529,0.0000000,0.0000000,-9.09,-0.0221,-0.0026,-0.6063,325.0,0.00,0.000,0.000,IDLE
2026-08-16T22:38:49.413724,0.0000000,0.0000000,-8.96,-0.0220,-0.0026,-0.6062,325.0,0.00,0.000,0.000,IDLE
2026-08-16T22:38:50.413428,0.0000000,0.0000000,-8.96,-0.0220,-0.0026,-0.6087,325.0,0.00,0.000,0.000,IDLE
2026-08-16T22:38:51.413384,0.0000000,0.0000000,-9.20,-0.0220,-0.0025,-0.6052,325.0,0.00,0.000,0.000,IDLE
2026-08-16T22:38:52.413328,0.0000000,0.0000000,-8.89,-0.0220,-0.0024,-0.6019,325.0,0.00,0.000,0.000,IDLE
2026-08-16T22:38:53.413343,0.0000000,0.0000000,-9.05,-0.0221,-0.0026,-0.6012,325.0,0.00,0.000,0.000,IDLE
2026-08-16T22:38:54.413700,0.0000000,0.0000000,-9.07,-0.0221,-0.0026,-0.5999,325.0,0.00,0.000,0.000,IDLE
2026-08-16T22:38:55.413375,0.0000000,0.0000000,-9.06,-0.0221,-0.0026,-0.5985,325.0,0.00,0.000,0.000,IDLE
2026-08-16T22:38:56.413363,0.0000000,0.0000000,-9.15,-0.0221,-0.0027,-0.5959,325.0,0.00,0.000,0.000,IDLE
2026-08-16T22:38:57.413887,0.0000000,0.0000000,-9.15,-0.0220,-0.0028,-0.5964,325.0,0.00,0.000,0.000,IDLE
2026-08-16T22:38:58.413954,0.0000000,0.0000000,-9.10,-0.0221,-0.0027,-0.5973,325.0,0.00,0.000,0.000,IDLE
2026-08-16T22:38:59.413338,0.0000000,0.0000000,-9.20,-0.0220,-0.0028,-0.5962,325.0,0.00,0.000,0.000,IDLE
2026-08-16T22:39:00.414081,0.0000000,0.0000000,-8.92,-0.0220,-0.0029,-0.5973,325.0,0.00,0.000,0.000,IDLE
2026-08-16T22:39:01.413381,0.0000000,0.0000000,-8.94,-0.0222,-0.0030,-0.5992,325.0,0.00,0.000,0.000,IDLE
2026-08-16T22:39:02.413299,0.0000000,0.0000000,-9.20,-0.0222,-0.0031,-0.6008,325.0,0.00,0.000,0.000,IDLE
2026-08-16T22:39:03.413423,0.0000000,0.0000000,-9.15,-0.0221,-0.0030,-0.6000,325.0,0.00,0.000,0.000,IDLE
2026-08-16T22:39:04.413269,0.0000000,0.0000000,-9.03,-0.0220,-0.0031,-0.5990,325.0,0.00,0.000,0.000,IDLE
2026-08-16T22:39:05.413450,0.0000000,0.0000000,-9.14,-0.0219,-0.0032,-0.5975,325.0,0.00,0.000,0.000,IDLE
2026-08-16T22:39:06.413426,0.0000000,0.0000000,-8.85,-0.0218,-0.0032,-0.5985,325.0,0.00,0.000,0.000,IDLE
2026-08-16T22:39:07.413424,0.0000000,0.0000000,-9.14,-0.0218,-0.0032,-0.5973,325.0,0.00,0.000,0.000,IDLE
2026-08-16T22:39:08.413298,0.0000000,0.0000000,-9.07,-0.0218,-0.0030,-0.5982,325.0,0.00,0.000,0.000,IDLE
2026-08-16T22:39:09.413503,0.0000000,0.0000000,-8.96,-0.0217,-0.0029,-0.5991,325.0,0.00,0.000,0.000,IDLE
2026-08-16T22:39:10.413341,0.0000000,0.0000000,-9.10,-0.0217,-0.0029,-0.5981,325.0,0.00,0.000,0.000,IDLE
2026-08-16T22:39:11.413327,0.0000000,0.0000000,-8.90,-0.0215,-0.0029,-0.5983,325.0,0.00,0.000,0.000,IDLE
2026-08-16T22:39:12.413582,0.0000000,0.0000000,-8.90,-0.0215,-0.0029,-0.5990,325.0,0.00,0.000,0.000,IDLE
2026-08-16T22:39:13.413474,0.0000000,0.0000000,-8.98,-0.0216,-0.0029,-0.6032,325.0,0.00,0.000,0.000,IDLE
2026-08-16T22:39:14.413340,0.0000000,0.0000000,-9.20,-0.0216,-0.0030,-0.6014,325.0,0.00,0.000,0.000,IDLE
2026-08-16T22:39:15.413349,0.0000000,0.0000000,-8.95,-0.0215,-0.0030,-0.6028,325.0,0.00,0.000,0.000,IDLE
2026-08-16T22:39:16.414214,0.0000000,0.0000000,-8.97,-0.0215,-0.0030,-0.6050,325.0,0.00,0.000,0.000,IDLE
2026-08-16T22:39:17.413309,0.0000000,0.0000000,-9.12,-0.0216,-0.0030,-0.6042,325.0,0.00,0.000,0.000,IDLE
2026-08-16T22:39:18.413273,0.0000000,0.0000000,-9.03,-0.0215,-0.0031,-0.6023,325.0,0.00,0.000,0.000,IDLE
2026-08-16T22:39:19.413290,0.0000000,0.0000000,-9.09,-0.0216,-0.0030,-0.6005,325.0,0.00,0.000,0.000,IDLE
2026-08-16T22:39:20.413338,0.0000000,0.0000000,-9.01,-0.0216,-0.0031,-0.6007,325.0,0.00,0.000,0.000,IDLE
2026-08-16T22:39:21.413721,0.0000000,0.0000000,-9.16,-0.0216,-0.0032,-0.5994,325.0,0.00,0.000,0.000,IDLE
2026-08-16T22:39:22.413510,0.0000000,0.0000000,-9.17,-0.0216,-0.0033,-0.5951,325.0,0.00,0.000,0.000,IDLE
2026-08-16T22:39:23.413447,0.0000000,0.0000000,-9.02,-0.0217,-0.0032,-0.5988,325.0,0.00,0.000,0.000,IDLE
2026-08-16T22:39:24.413517,0.0000000,0.0000000,-8.98,-0.0217,-0.0030,-0.5984,325.0,0.00,0.000,0.000,IDLE
2026-08-16T22:39:25.413292,0.0000000,0.0000000,-8.98,-0.0218,-0.0030,-0.5984,325.0,0.00,0.000,0.000,IDLE
2026-08-16T22:39:26.413783,0.0000000,0.0000000,-9.16,-0.0219,-0.0030,-0.5966,325.0,0.00,0.000,0.000,IDLE
2026-08-16T22:39:27.413446,0.0000000,0.0000000,-9.13,-0.0219,-0.0030,-0.5946,325.0,0.00,0.000,0.000,IDLE
2026-08-16T22:39:28.413327,0.0000000,0.0000000,-9.15,-0.0217,-0.0030,-0.5955,325.0,0.00,0.000,0.000,IDLE
2026-08-16T22:39:29.413339,0.0000000,0.0000000,-9.15,-0.0217,-0.0029,-0.5937,325.0,0.00,0.000,0.000,IDLE
2026-08-16T22:39:30.413289,0.0000000,0.0000000,-9.05,-0.0217,-0.0029,-0.5954,325.0,0.00,0.000,0.000,IDLE
2026-08-16T22:39:31.413526,0.0000000,0.0000000,-9.27,-0.0216,-0.0030,-0.5960,325.0,0.00,0.000,0.000,IDLE
2026-08-16T22:39:32.413310,0.0000000,0.0000000,-9.13,-0.0216,-0.0031,-0.5957,325.0,0.00,0.000,0.000,IDLE
2026-08-16T22:39:33.413292,0.0000000,0.0000000,-9.01,-0.0215,-0.0031,-0.5945,325.0,0.00,0.000,0.000,IDLE
2026-08-16T22:39:34.413444,0.0000000,0.0000000,-9.16,-0.0215,-0.0031,-0.5955,325.0,0.00,0.000,0.000,IDLE
2026-08-16T22:39:35.414004,0.0000000,0.0000000,-9.14,-0.0215,-0.0030,-0.5929,326.0,0.00,0.000,0.000,IDLE
2026-08-16T22:39:36.413543,0.0000000,0.0000000,-9.06,-0.0217,-0.0031,-0.5941,325.0,0.00,0.000,0.000,IDLE
2026-08-16T22:39:37.413363,0.0000000,0.0000000,-9.22,-0.0218,-0.0031,-0.5950,325.0,0.00,0.000,0.000,IDLE
2026-08-16T22:39:38.413321,0.0000000,0.0000000,-9.13,-0.0219,-0.0031,-0.5946,325.0,0.00,0.000,0.000,IDLE
2026-08-16T22:39:39.413340,0.0000000,0.0000000,-9.32,-0.0220,-0.0029,-0.5925,326.0,0.00,0.000,0.000,IDLE
2026-08-16T22:39:40.413398,0.0000000,0.0000000,-9.27,-0.0218,-0.0029,-0.5926,326.0,0.00,0.000,0.000,IDLE
2026-08-16T22:39:41.413308,0.0000000,0.0000000,-9.17,-0.0217,-0.0027,-0.5918,326.0,0.00,0.000,0.000,IDLE
2026-08-16T22:39:42.413533,0.0000000,0.0000000,-9.15,-0.0218,-0.0027,-0.5911,326.0,0.00,0.000,0.000,IDLE
2026-08-16T22:39:43.413525,0.0000000,0.0000000,-9.50,-0.0219,-0.0026,-0.5931,326.0,0.00,0.000,0.000,IDLE
2026-08-16T22:39:44.413394,0.0000000,0.0000000,-9.18,-0.0218,-0.0026,-0.5941,325.0,0.00,0.000,0.000,IDLE
2026-08-16T22:39:45.413405,0.0000000,0.0000000,-9.18,-0.0218,-0.0026,-0.5951,325.0,0.00,0.000,0.000,IDLE
2026-08-16T22:39:46.413301,0.0000000,0.0000000,-9.16,-0.0218,-0.0026,-0.5931,326.0,0.00,0.000,0.000,IDLE
2026-08-16T22:39:47.413548,0.0000000,0.0000000,-9.11,-0.0218,-0.0028,-0.5928,326.0,0.00,0.000,0.000,IDLE
2026-08-16T22:39:48.414018,0.0000000,0.0000000,-9.05,-0.0219,-0.0028,-0.5914,326.0,0.00,0.000,0.000,IDLE
2026-08-16T22:39:49.413297,0.0000000,0.0000000,-9.22,-0.0218,-0.0027,-0.5920,326.0,0.00,0.000,0.000,IDLE
2026-08-16T22:39:50.413296,0.0000000,0.0000000,-9.11,-0.0220,-0.0027,-0.5950,325.0,0.00,0.000,0.000,IDLE
2026-08-16T22:39:51.413455,0.0000000,0.0000000,-9.12,-0.0219,-0.0026,-0.5958,325.0,0.00,0.000,0.000,IDLE
2026-08-16T22:39:52.413313,0.0000000,0.0000000,-9.37,-0.0219,-0.0026,-0.5942,325.0,0.00,0.000,0.000,IDLE
2026-08-16T22:39:53.413376,0.0000000,0.0000000,-9.17,-0.0219,-0.0026,-0.5982,325.0,0.00,0.000,0.000,IDLE
2026-08-16T22:39:54.413913,0.0000000,0.0000000,-9.08,-0.0218,-0.0027,-0.5981,325.0,0.00,0.000,0.000,IDLE
2026-08-16T22:39:55.413280,0.0000000,0.0000000,-8.94,-0.0219,-0.0026,-0.5990,325.0,0.00,0.000,0.000,IDLE
2026-08-16T22:39:56.413278,0.0000000,0.0000000,-9.12,-0.0218,-0.0026,-0.5983,325.0,0.00,0.000,0.000,IDLE
2026-08-16T22:39:57.413317,0.0000000,0.0000000,-9.18,-0.0219,-0.0027,-0.5997,325.0,0.00,0.000,0.000,IDLE
2026-08-16T22:39:58.413388,0.0000000,0.0000000,-9.24,-0.0220,-0.0028,-0.6035,325.0,0.00,0.000,0.000,IDLE
2026-08-16T22:39:59.413327,0.0000000,0.0000000,-9.08,-0.0220,-0.0028,-0.6069,325.0,0.00,0.000,0.000,IDLE
2026-08-16T22:40:00.413261,0.0000000,0.0000000,-9.15,-0.0220,-0.0028,-0.6091,325.0,0.00,0.000,0.000,IDLE
2026-08-16T22:40:01.413432,0.0000000,0.0000000,-9.10,-0.0220,-0.0029,-0.6083,325.0,0.00,0.000,0.000,IDLE
2026-08-16T22:40:02.413358,0.0000000,0.0000000,-9.04,-0.0220,-0.0029,-0.6053,325.0,0.00,0.000,0.000,IDLE
2026-08-16T22:40:03.413412,0.0000000,0.0000000,-9.25,-0.0219,-0.0029,-0.6044,325.0,0.00,0.000,0.000,IDLE
2026-08-16T22:40:04.413336,0.0000000,0.0000000,-9.02,-0.0219,-0.0029,-0.6038,325.0,0.00,0.000,0.000,IDLE
2026-08-16T22:40:05.413342,0.0000000,0.0000000,-9.22,-0.0219,-0.0028,-0.6053,325.0,0.00,0.000,0.000,IDLE
2026-08-16T22:40:06.413321,0.0000000,0.0000000,-9.22,-0.0219,-0.0029,-0.6058,325.0,0.00,0.000,0.000,IDLE
2026-08-16T22:40:07.413648,0.0000000,0.0000000,-9.30,-0.0220,-0.0029,-0.6061,325.0,0.00,0.000,0.000,IDLE
2026-08-16T22:40:08.413360,0.0000000,0.0000000,-9.37,-0.0219,-0.0030,-0.6049,325.0,0.00,0.000,0.000,IDLE
2026-08-16T22:40:09.413368,0.0000000,0.0000000,-9.20,-0.0219,-0.0031,-0.6048,325.0,0.00,0.000,0.000,IDLE
2026-08-16T22:40:10.413305,0.0000000,0.0000000,-9.08,-0.0219,-0.0031,-0.6013,325.0,0.00,0.000,0.000,IDLE
2026-08-16T22:40:11.415295,0.0000000,0.0000000,-9.07,-0.0220,-0.0030,-0.6053,325.0,0.00,0.000,0.000,IDLE
2026-08-16T22:40:12.413439,0.0000000,0.0000000,-9.27,-0.0219,-0.0031,-0.6098,325.0,0.00,0.000,0.000,IDLE
2026-08-16T22:40:13.413272,0.0000000,0.0000000,-9.16,-0.0219,-0.0030,-0.6026,325.0,0.00,0.000,0.000,IDLE
2026-08-16T22:40:14.413345,0.0000000,0.0000000,-9.05,-0.0219,-0.0030,-0.6010,325.0,0.00,0.000,0.000,IDLE
2026-08-16T22:40:15.413261,0.0000000,0.0000000,-9.28,-0.0220,-0.0029,-0.6025,325.0,0.00,0.000,0.000,IDLE
2026-08-16T22:40:16.413519,0.0000000,0.0000000,-9.29,-0.0219,-0.0030,-0.5997,325.0,0.00,0.000,0.000,IDLE
2026-08-16T22:40:17.413361,0.0000000,0.0000000,-9.12,-0.0217,-0.0030,-0.5984,325.0,0.00,0.000,0.000,IDLE
2026-08-16T22:40:18.413457,0.0000000,0.0000000,-9.14,-0.0217,-0.0030,-0.6001,325.0,0.00,0.000,0.000,IDLE
2026-08-16T22:40:19.414696,0.0000000,0.0000000,-9.18,-0.0218,-0.0030,-0.5997,325.0,0.00,0.000,0.000,IDLE
2026-08-16T22:40:20.413403,0.0000000,0.0000000,-9.17,-0.0219,-0.0031,-0.6016,325.0,0.00,0.000,0.000,IDLE
2026-08-16T22:40:21.413364,0.0000000,0.0000000,-9.05,-0.0218,-0.0029,-0.6010,325.0,0.00,0.000,0.000,IDLE
2026-08-16T22:40:22.413291,0.0000000,0.0000000,-9.15,-0.0218,-0.0030,-0.6025,325.0,0.00,0.000,0.000,IDLE
2026-08-16T22:40:23.413384,0.0000000,0.0000000,-9.07,-0.0209,-0.0023,-0.6503,322.0,0.00,0.000,0.000,IDLE
2026-08-16T22:40:24.413309,0.0000000,0.0000000,-9.29,-0.0219,-0.0022,-0.6660,321.0,0.00,0.000,0.000,IDLE
2026-08-16T22:40:25.413332,0.0000000,0.0000000,-9.21,-0.0221,-0.0022,-0.6648,321.0,0.00,0.000,0.000,IDLE
2026-08-16T22:40:26.413300,0.0000000,0.0000000,-9.20,-0.0220,-0.0023,-0.6692,321.0,0.00,0.000,0.000,IDLE
2026-08-16T22:40:27.413464,0.0000000,0.0000000,-9.21,-0.0219,-0.0023,-0.6684,321.0,0.00,0.000,0.000,IDLE
2026-08-16T22:40:28.413403,0.0000000,0.0000000,-9.07,-0.0220,-0.0022,-0.6690,321.0,0.00,0.000,0.000,IDLE
2026-08-16T22:40:29.413714,0.0000000,0.0000000,-9.20,-0.0218,-0.0022,-0.6727,321.0,0.00,0.000,0.000,IDLE
2026-08-16T22:40:30.413714,0.0000000,0.0000000,-9.10,-0.0219,-0.0022,-0.6749,321.0,0.00,0.000,0.000,IDLE
2026-08-16T22:40:31.413687,0.0000000,0.0000000,-9.25,-0.0219,-0.0021,-0.6775,321.0,0.00,0.000,0.000,IDLE
2026-08-16T22:40:32.413590,0.0000000,0.0000000,-9.28,-0.0218,-0.0020,-0.6789,321.0,0.00,0.000,0.000,IDLE
2026-08-16T22:40:33.413278,0.0000000,0.0000000,-9.18,-0.0217,-0.0022,-0.6826,320.0,0.00,0.000,0.000,IDLE
2026-08-16T22:40:34.413474,0.0000000,0.0000000,-9.06,-0.0217,-0.0022,-0.6830,320.0,0.00,0.000,0.000,IDLE
2026-08-16T22:40:35.413423,0.0000000,0.0000000,-9.04,-0.0217,-0.0022,-0.6844,320.0,0.00,0.000,0.000,IDLE
2026-08-16T22:40:36.413401,0.0000000,0.0000000,-9.27,-0.0217,-0.0022,-0.6835,320.0,0.00,0.000,0.000,IDLE
2026-08-16T22:40:37.413386,0.0000000,0.0000000,-9.22,-0.0217,-0.0024,-0.6854,320.0,0.00,0.000,0.000,IDLE
2026-08-16T22:40:38.413304,0.0000000,0.0000000,-9.12,-0.0217,-0.0025,-0.6842,320.0,0.00,0.000,0.000,IDLE
2026-08-16T22:40:39.413358,0.0000000,0.0000000,-9.11,-0.0218,-0.0025,-0.6874,320.0,0.00,0.000,0.000,IDLE
2026-08-16T22:40:40.413276,0.0000000,0.0000000,-9.04,-0.0217,-0.0026,-0.6859,320.0,0.00,0.000,0.000,IDLE
2026-08-16T22:40:41.413488,0.0000000,0.0000000,-9.04,-0.0217,-0.0027,-0.6860,320.0,0.00,0.000,0.000,IDLE
2026-08-16T22:40:42.413425,0.0000000,0.0000000,-9.13,-0.0216,-0.0027,-0.6847,320.0,0.00,0.000,0.000,IDLE
2026-08-16T22:40:43.413398,0.0000000,0.0000000,-8.96,-0.0216,-0.0026,-0.6862,320.0,0.00,0.000,0.000,IDLE
2026-08-16T22:40:44.413375,0.0000000,0.0000000,-9.29,-0.0218,-0.0024,-0.6895,320.0,0.00,0.000,0.000,IDLE
2026-08-16T22:40:45.413272,0.0000000,0.0000000,-9.17,-0.0216,-0.0023,-0.6879,320.0,0.00,0.000,0.000,IDLE
2026-08-16T22:40:46.413551,0.0000000,0.0000000,-9.27,-0.0216,-0.0023,-0.6884,320.0,0.00,0.000,0.000,IDLE
2026-08-16T22:40:47.413344,0.0000000,0.0000000,-9.34,-0.0215,-0.0023,-0.6874,320.0,0.00,0.000,0.000,IDLE
2026-08-16T22:40:48.413346,0.0000000,0.0000000,-9.17,-0.0215,-0.0022,-0.6878,320.0,0.00,0.000,0.000,IDLE
2026-08-16T22:40:49.414624,0.0000000,0.0000000,-9.03,-0.0215,-0.0023,-0.6869,320.0,0.00,0.000,0.000,IDLE
2026-08-16T22:40:50.413560,0.0000000,0.0000000,-9.20,-0.0216,-0.0023,-0.6876,320.0,0.00,0.000,0.000,IDLE
2026-08-16T22:40:51.413346,0.0000000,0.0000000,-9.24,-0.0216,-0.0023,-0.6857,320.0,0.00,0.000,0.000,IDLE
2026-08-16T22:40:52.413356,0.0000000,0.0000000,-9.02,-0.0217,-0.0023,-0.6878,320.0,0.00,0.000,0.000,IDLE
2026-08-16T22:40:53.413480,0.0000000,0.0000000,-9.09,-0.0217,-0.0023,-0.6901,320.0,0.00,0.000,0.000,IDLE
2026-08-16T22:40:54.413398,0.0000000,0.0000000,-9.21,-0.0217,-0.0021,-0.6906,320.0,0.00,0.000,0.000,IDLE
2026-08-16T22:40:55.413458,0.0000000,0.0000000,-9.12,-0.0217,-0.0019,-0.6895,320.0,0.00,0.000,0.000,IDLE
2026-08-16T22:40:56.413444,0.0000000,0.0000000,-9.19,-0.0217,-0.0019,-0.6924,320.0,0.00,0.000,0.000,IDLE
2026-08-16T22:40:57.413459,0.0000000,0.0000000,-9.19,-0.0218,-0.0018,-0.6922,320.0,0.00,0.000,0.000,IDLE
2026-08-16T22:40:58.413435,0.0000000,0.0000000,-9.12,-0.0218,-0.0019,-0.6921,320.0,0.00,0.000,0.000,IDLE
2026-08-16T22:40:59.413742,0.0000000,0.0000000,-9.07,-0.0217,-0.0019,-0.6909,320.0,0.00,0.000,0.000,IDLE
2026-08-16T22:41:00.413444,0.0000000,0.0000000,-9.17,-0.0217,-0.0019,-0.6905,320.0,0.00,0.000,0.000,IDLE
2026-08-16T22:41:01.413355,0.0000000,0.0000000,-9.26,-0.0215,-0.0019,-0.6886,320.0,0.00,0.000,0.000,IDLE
2026-08-16T22:41:02.413394,0.0000000,0.0000000,-9.40,-0.0214,-0.0019,-0.6887,320.0,0.00,0.000,0.000,IDLE
2026-08-16T22:41:03.413359,0.0000000,0.0000000,-9.20,-0.0214,-0.0019,-0.6932,320.0,0.00,0.000,0.000,IDLE
2026-08-16T22:41:04.413385,0.0000000,0.0000000,-9.21,-0.0214,-0.0021,-0.6903,320.0,0.00,0.000,0.000,IDLE
2026-08-16T22:41:05.413382,0.0000000,0.0000000,-9.25,-0.0215,-0.0022,-0.6886,320.0,0.00,0.000,0.000,IDLE
2026-08-16T22:41:06.413469,0.0000000,0.0000000,-9.10,-0.0216,-0.0022,-0.6861,320.0,0.00,0.000,0.000,IDLE
2026-08-16T22:41:07.413428,0.0000000,0.0000000,-9.08,-0.0218,-0.0023,-0.6842,320.0,0.00,0.000,0.000,IDLE
2026-08-16T22:41:08.413360,0.0000000,0.0000000,-9.14,-0.0217,-0.0024,-0.6867,320.0,0.00,0.000,0.000,IDLE
2026-08-16T22:41:09.413299,0.0000000,0.0000000,-9.11,-0.0216,-0.0025,-0.6839,320.0,0.00,0.000,0.000,IDLE
2026-08-16T22:41:10.413324,0.0000000,0.0000000,-9.20,-0.0217,-0.0027,-0.6836,320.0,0.00,0.000,0.000,IDLE
2026-08-16T22:41:11.413445,0.0000000,0.0000000,-8.98,-0.0218,-0.0028,-0.6814,320.0,0.00,0.000,0.000,IDLE
2026-08-16T22:41:12.413389,0.0000000,0.0000000,-9.06,-0.0218,-0.0029,-0.6818,320.0,0.00,0.000,0.000,IDLE
2026-08-16T22:41:13.413320,0.0000000,0.0000000,-9.25,-0.0218,-0.0030,-0.6803,321.0,0.00,0.000,0.000,IDLE
2026-08-16T22:41:14.414017,0.0000000,0.0000000,-9.20,-0.0218,-0.0029,-0.6781,321.0,0.00,0.000,0.000,IDLE
2026-08-16T22:41:15.413397,0.0000000,0.0000000,-9.22,-0.0218,-0.0028,-0.6810,320.0,0.00,0.000,0.000,IDLE
2026-08-16T22:41:16.414193,0.0000000,0.0000000,-8.96,-0.0217,-0.0029,-0.6822,320.0,0.00,0.000,0.000,IDLE
2026-08-16T22:41:17.413362,0.0000000,0.0000000,-9.18,-0.0217,-0.0031,-0.6832,320.0,0.00,0.000,0.000,IDLE
2026-08-16T22:41:18.413307,0.0000000,0.0000000,-9.06,-0.0218,-0.0032,-0.6846,320.0,0.00,0.000,0.000,IDLE
2026-08-16T22:41:19.413298,0.0000000,0.0000000,-9.20,-0.0219,-0.0032,-0.6843,320.0,0.00,0.000,0.000,IDLE
2026-08-16T22:41:20.413394,0.0000000,0.0000000,-9.12,-0.0218,-0.0031,-0.6830,320.0,0.00,0.000,0.000,IDLE
2026-08-16T22:41:21.413735,0.0000000,0.0000000,-9.18,-0.0219,-0.0031,-0.6811,320.0,0.00,0.000,0.000,IDLE
2026-08-16T22:41:22.413333,0.0000000,0.0000000,-9.09,-0.0220,-0.0032,-0.6827,320.0,0.00,0.000,0.000,IDLE
2026-08-16T22:41:23.414990,0.0000000,0.0000000,-9.07,-0.0220,-0.0033,-0.6807,321.0,0.00,0.000,0.000,IDLE
2026-08-16T22:41:24.413619,0.0000000,0.0000000,-9.05,-0.0219,-0.0032,-0.6826,320.0,0.00,0.000,0.000,IDLE
2026-08-16T22:41:25.413840,0.0000000,0.0000000,-9.21,-0.0219,-0.0031,-0.6808,321.0,0.00,0.000,0.000,IDLE
2026-08-16T22:41:26.413294,0.0000000,0.0000000,-8.96,-0.0220,-0.0031,-0.6850,320.0,0.00,0.000,0.000,IDLE
2026-08-16T22:41:27.413910,0.0000000,0.0000000,-9.30,-0.0219,-0.0031,-0.6851,320.0,0.00,0.000,0.000,IDLE
2026-08-16T22:41:28.413383,0.0000000,0.0000000,-9.30,-0.0219,-0.0030,-0.6863,320.0,0.00,0.000,0.000,IDLE
2026-08-16T22:41:29.413440,0.0000000,0.0000000,-9.14,-0.0219,-0.0029,-0.6850,320.0,0.00,0.000,0.000,IDLE
2026-08-16T22:41:30.413474,0.0000000,0.0000000,-9.31,-0.0219,-0.0030,-0.6860,320.0,0.00,0.000,0.000,IDLE
2026-08-16T22:41:31.413377,0.0000000,0.0000000,-9.13,-0.0219,-0.0030,-0.6842,320.0,0.00,0.000,0.000,IDLE
2026-08-16T22:41:32.413238,0.0000000,0.0000000,-9.09,-0.0218,-0.0029,-0.6822,320.0,0.00,0.000,0.000,IDLE
2026-08-16T22:41:33.413636,0.0000000,0.0000000,-9.29,-0.0217,-0.0028,-0.6801,321.0,0.00,0.000,0.000,IDLE
2026-08-16T22:41:34.413375,0.0000000,0.0000000,-9.25,-0.0216,-0.0027,-0.6790,321.0,0.00,0.000,0.000,IDLE
2026-08-16T22:41:35.413297,0.0000000,0.0000000,-9.11,-0.0216,-0.0027,-0.6766,321.0,0.00,0.000,0.000,IDLE
2026-08-16T22:41:36.413386,0.0000000,0.0000000,-9.12,-0.0216,-0.0025,-0.6760,321.0,0.00,0.000,0.000,IDLE
2026-08-16T22:41:37.413641,0.0000000,0.0000000,-9.24,-0.0216,-0.0025,-0.6727,321.0,0.00,0.000,0.000,IDLE
2026-08-16T22:41:38.413274,0.0000000,0.0000000,-9.23,-0.0217,-0.0023,-0.6752,321.0,0.00,0.000,0.000,IDLE
2026-08-16T22:41:39.413883,0.0000000,0.0000000,-9.30,-0.0217,-0.0024,-0.6768,321.0,0.00,0.000,0.000,IDLE
2026-08-16T22:41:40.415191,0.0000000,0.0000000,-9.07,-0.0217,-0.0023,-0.6762,321.0,0.00,0.000,0.000,IDLE
2026-08-16T22:41:41.413274,0.0000000,0.0000000,-9.10,-0.0217,-0.0025,-0.6781,321.0,0.00,0.000,0.000,IDLE
2026-08-16T22:41:42.413337,0.0000000,0.0000000,-9.08,-0.0216,-0.0025,-0.6756,321.0,0.00,0.000,0.000,IDLE
2026-08-16T22:41:43.413317,0.0000000,0.0000000,-9.20,-0.0217,-0.0026,-0.6754,321.0,0.00,0.000,0.000,IDLE
2026-08-16T22:41:44.413347,0.0000000,0.0000000,-9.26,-0.0217,-0.0025,-0.6747,321.0,0.00,0.000,0.000,IDLE
2026-08-16T22:41:45.413720,0.0000000,0.0000000,-9.08,-0.0216,-0.0023,-0.6728,321.0,0.00,0.000,0.000,IDLE
2026-08-16T22:41:46.413278,0.0000000,0.0000000,-9.11,-0.0215,-0.0024,-0.6700,321.0,0.00,0.000,0.000,IDLE
2026-08-16T22:41:47.413262,0.0000000,0.0000000,-9.12,-0.0216,-0.0024,-0.6713,321.0,0.00,0.000,0.000,IDLE
2026-08-16T22:41:48.413314,0.0000000,0.0000000,-9.12,-0.0216,-0.0024,-0.6694,321.0,0.00,0.000,0.000,IDLE
2026-08-16T22:41:49.413305,0.0000000,0.0000000,-9.10,-0.0217,-0.0025,-0.6723,321.0,0.00,0.000,0.000,IDLE
2026-08-16T22:41:50.413402,0.0000000,0.0000000,-9.27,-0.0217,-0.0025,-0.6741,321.0,0.00,0.000,0.000,IDLE
2026-08-16T22:41:51.413631,0.0000000,0.0000000,-9.14,-0.0216,-0.0025,-0.6756,321.0,0.00,0.000,0.000,IDLE
2026-08-16T22:41:52.413289,0.0000000,0.0000000,-9.09,-0.0216,-0.0024,-0.6737,321.0,0.00,0.000,0.000,IDLE
2026-08-16T22:41:53.413364,0.0000000,0.0000000,-9.15,-0.0216,-0.0026,-0.6777,321.0,0.00,0.000,0.000,IDLE
2026-08-16T22:41:54.413269,0.0000000,0.0000000,-9.07,-0.0216,-0.0027,-0.6756,321.0,0.00,0.000,0.000,IDLE
2026-08-16T22:41:55.413381,0.0000000,0.0000000,-8.97,-0.0217,-0.0027,-0.6755,321.0,0.00,0.000,0.000,IDLE
2026-08-16T22:41:56.413312,0.0000000,0.0000000,-9.02,-0.0218,-0.0028,-0.6772,321.0,0.00,0.000,0.000,IDLE
2026-08-16T22:41:57.413454,0.0000000,0.0000000,-9.01,-0.0217,-0.0027,-0.6774,321.0,0.00,0.000,0.000,IDLE
2026-08-16T22:41:58.413372,0.0000000,0.0000000,-9.08,-0.0215,-0.0025,-0.6784,321.0,0.00,0.000,0.000,IDLE
2026-08-16T22:41:59.413377,0.0000000,0.0000000,-9.02,-0.0218,-0.0026,-0.6790,321.0,0.00,0.000,0.000,IDLE
2026-08-16T22:42:00.413336,0.0000000,0.0000000,-9.07,-0.0217,-0.0026,-0.6774,321.0,0.00,0.000,0.000,IDLE
2026-08-16T22:42:01.413431,0.0000000,0.0000000,-9.11,-0.0217,-0.0025,-0.6759,321.0,0.00,0.000,0.000,IDLE
2026-08-16T22:42:02.413386,0.0000000,0.0000000,-9.05,-0.0216,-0.0024,-0.6744,321.0,0.00,0.000,0.000,IDLE
2026-08-16T22:42:03.413332,0.0000000,0.0000000,-9.28,-0.0218,-0.0025,-0.6731,321.0,0.00,0.000,0.000,IDLE
2026-08-16T22:42:04.413602,0.0000000,0.0000000,-9.05,-0.0218,-0.0024,-0.6757,321.0,0.00,0.000,0.000,IDLE
2026-08-16T22:42:05.413830,0.0000000,0.0000000,-9.21,-0.0218,-0.0025,-0.6754,321.0,0.00,0.000,0.000,IDLE
2026-08-16T22:42:06.414391,0.0000000,0.0000000,-9.06,-0.0218,-0.0025,-0.6734,321.0,0.00,0.000,0.000,IDLE
2026-08-16T22:42:07.413342,0.0000000,0.0000000,-9.05,-0.0218,-0.0025,-0.6733,321.0,0.00,0.000,0.000,IDLE
2026-08-16T22:42:08.413371,0.0000000,0.0000000,-8.98,-0.0219,-0.0025,-0.6749,321.0,0.00,0.000,0.000,IDLE
2026-08-16T22:42:09.413562,0.0000000,0.0000000,-9.00,-0.0218,-0.0026,-0.6729,321.0,0.00,0.000,0.000,IDLE
2026-08-16T22:42:10.413361,0.0000000,0.0000000,-9.19,-0.0216,-0.0026,-0.6731,321.0,0.00,0.000,0.000,IDLE
2026-08-16T22:42:11.413345,0.0000000,0.0000000,-8.99,-0.0216,-0.0027,-0.6710,321.0,0.00,0.000,0.000,IDLE
2026-08-16T22:42:12.413668,0.0000000,0.0000000,-9.15,-0.0217,-0.0026,-0.6707,321.0,0.00,0.000,0.000,IDLE
2026-08-16T22:42:13.413327,0.0000000,0.0000000,-9.09,-0.0217,-0.0026,-0.6715,321.0,0.00,0.000,0.000,IDLE
2026-08-16T22:42:14.413316,0.0000000,0.0000000,-9.04,-0.0219,-0.0026,-0.6715,321.0,0.00,0.000,0.000,IDLE
2026-08-16T22:42:15.413305,0.0000000,0.0000000,-9.17,-0.0219,-0.0027,-0.6693,321.0,0.00,0.000,0.000,IDLE
2026-08-16T22:42:16.413425,0.0000000,0.0000000,-9.10,-0.0220,-0.0027,-0.6697,321.0,0.00,0.000,0.000,IDLE
2026-08-16T22:42:17.413388,0.0000000,0.0000000,-9.24,-0.0220,-0.0026,-0.6707,321.0,0.00,0.000,0.000,IDLE
2026-08-16T22:42:18.413728,0.0000000,0.0000000,-9.10,-0.0218,-0.0027,-0.6715,321.0,0.00,0.000,0.000,IDLE
2026-08-16T22:42:19.413577,0.0000000,0.0000000,-9.18,-0.0217,-0.0028,-0.6695,321.0,0.00,0.000,0.000,IDLE
2026-08-16T22:42:20.413365,0.0000000,0.0000000,-9.17,-0.0217,-0.0028,-0.6685,321.0,0.00,0.000,0.000,IDLE
2026-08-16T22:42:21.413340,0.0000000,0.0000000,-9.35,-0.0217,-0.0028,-0.6697,321.0,0.00,0.000,0.000,IDLE
2026-08-16T22:42:22.413304,0.0000000,0.0000000,-9.14,-0.0217,-0.0029,-0.6667,321.0,0.00,0.000,0.000,IDLE
2026-08-16T22:42:23.413328,0.0000000,0.0000000,-9.15,-0.0217,-0.0028,-0.6669,321.0,0.00,0.000,0.000,IDLE
2026-08-16T22:42:24.413361,0.0000000,0.0000000,-9.15,-0.0216,-0.0029,-0.6650,321.0,0.00,0.000,0.000,IDLE
2026-08-16T22:42:25.413819,0.0000000,0.0000000,-9.03,-0.0217,-0.0029,-0.6648,321.0,0.00,0.000,0.000,IDLE
2026-08-16T22:42:26.413653,0.0000000,0.0000000,-9.09,-0.0217,-0.0028,-0.6673,321.0,0.00,0.000,0.000,IDLE
2026-08-16T22:42:27.413340,0.0000000,0.0000000,-9.15,-0.0217,-0.0029,-0.6688,321.0,0.00,0.000,0.000,IDLE
2026-08-16T22:42:28.413491,0.0000000,0.0000000,-9.30,-0.0218,-0.0029,-0.6671,321.0,0.00,0.000,0.000,IDLE
2026-08-16T22:42:29.415316,0.0000000,0.0000000,-9.27,-0.0219,-0.0030,-0.6652,321.0,0.00,0.000,0.000,IDLE
2026-08-16T22:42:30.413378,0.0000000,0.0000000,-9.18,-0.0218,-0.0029,-0.6677,321.0,0.00,0.000,0.000,IDLE
2026-08-16T22:42:31.413493,0.0000000,0.0000000,-9.19,-0.0219,-0.0029,-0.6696,321.0,0.00,0.000,0.000,IDLE
2026-08-16T22:42:32.413320,0.0000000,0.0000000,-9.18,-0.0220,-0.0028,-0.6694,321.0,0.00,0.000,0.000,IDLE
2026-08-16T22:42:33.413579,0.0000000,0.0000000,-9.31,-0.0221,-0.0028,-0.6719,321.0,0.00,0.000,0.000,IDLE
2026-08-16T22:42:34.413526,0.0000000,0.0000000,-9.19,-0.0221,-0.0028,-0.6757,321.0,0.00,0.000,0.000,IDLE
2026-08-16T22:42:35.413318,0.0000000,0.0000000,-9.13,-0.0221,-0.0027,-0.6788,321.0,0.00,0.000,0.000,IDLE
2026-08-16T22:42:36.413665,0.0000000,0.0000000,-9.30,-0.0220,-0.0026,-0.6769,321.0,0.00,0.000,0.000,IDLE
2026-08-16T22:42:37.413318,0.0000000,0.0000000,-9.04,-0.0219,-0.0026,-0.6723,321.0,0.00,0.000,0.000,IDLE
2026-08-16T22:42:38.413728,0.0000000,0.0000000,-9.12,-0.0219,-0.0024,-0.6717,321.0,0.00,0.000,0.000,IDLE
2026-08-16T22:42:39.413576,0.0000000,0.0000000,-9.10,-0.0218,-0.0025,-0.6715,321.0,0.00,0.000,0.000,IDLE
2026-08-16T22:42:40.413459,0.0000000,0.0000000,-9.12,-0.0218,-0.0024,-0.6745,321.0,0.00,0.000,0.000,IDLE
2026-08-16T22:42:41.413755,0.0000000,0.0000000,-8.89,-0.0218,-0.0025,-0.6762,321.0,0.00,0.000,0.000,IDLE
2026-08-16T22:42:42.413435,0.0000000,0.0000000,-9.14,-0.0219,-0.0024,-0.6752,321.0,0.00,0.000,0.000,IDLE
2026-08-16T22:42:43.413315,0.0000000,0.0000000,-9.16,-0.0218,-0.0026,-0.6726,321.0,0.00,0.000,0.000,IDLE
2026-08-16T22:42:44.413310,0.0000000,0.0000000,-9.27,-0.0218,-0.0027,-0.6748,321.0,0.00,0.000,0.000,IDLE
2026-08-16T22:42:45.413267,0.0000000,0.0000000,-9.27,-0.0217,-0.0026,-0.6732,321.0,0.00,0.000,0.000,IDLE
2026-08-16T22:42:46.413332,0.0000000,0.0000000,-9.15,-0.0216,-0.0026,-0.6729,321.0,0.00,0.000,0.000,IDLE
2026-08-16T22:42:47.413351,0.0000000,0.0000000,-9.18,-0.0217,-0.0028,-0.6731,321.0,0.00,0.000,0.000,IDLE
2026-08-16T22:42:48.413284,0.0000000,0.0000000,-9.05,-0.0217,-0.0029,-0.6742,321.0,0.00,0.000,0.000,IDLE
2026-08-16T22:42:49.413344,0.0000000,0.0000000,-9.16,-0.0217,-0.0028,-0.6740,321.0,0.00,0.000,0.000,IDLE
2026-08-16T22:42:50.413429,0.0000000,0.0000000,-9.18,-0.0218,-0.0028,-0.6749,321.0,0.00,0.000,0.000,IDLE
2026-08-16T22:42:51.413421,0.0000000,0.0000000,-9.16,-0.0217,-0.0028,-0.6721,321.0,0.00,0.000,0.000,IDLE
2026-08-16T22:42:52.413340,0.0000000,0.0000000,-9.15,-0.0218,-0.0027,-0.6738,321.0,0.00,0.000,0.000,IDLE
2026-08-16T22:42:53.413495,0.0000000,0.0000000,-9.17,-0.0218,-0.0027,-0.6726,321.0,0.00,0.000,0.000,IDLE
2026-08-16T22:42:54.414195,0.0000000,0.0000000,-9.20,-0.0219,-0.0028,-0.6778,321.0,0.00,0.000,0.000,IDLE
2026-08-16T22:42:55.413510,0.0000000,0.0000000,-9.16,-0.0218,-0.0026,-0.6770,321.0,0.00,0.000,0.000,IDLE
2026-08-16T22:42:56.413318,0.0000000,0.0000000,-9.27,-0.0218,-0.0026,-0.6777,321.0,0.00,0.000,0.000,IDLE
2026-08-16T22:42:57.416524,0.0000000,0.0000000,-9.26,-0.0218,-0.0026,-0.6807,321.0,0.00,0.000,0.000,IDLE
2026-08-16T22:42:58.413287,0.0000000,0.0000000,-9.30,-0.0218,-0.0027,-0.6825,320.0,0.00,0.000,0.000,IDLE
2026-08-16T22:42:59.413627,0.0000000,0.0000000,-9.07,-0.0219,-0.0029,-0.6845,320.0,0.00,0.000,0.000,IDLE
2026-08-16T22:43:00.413341,0.0000000,0.0000000,-9.11,-0.0218,-0.0040,-0.6841,320.0,0.00,0.000,0.000,IDLE
2026-08-16T22:43:01.413526,0.0000000,0.0000000,-9.17,-0.0218,-0.0030,-0.6859,320.0,0.00,0.000,0.000,IDLE
2026-08-16T22:43:02.413969,0.0000000,0.0000000,-9.22,-0.0220,-0.0030,-0.6847,320.0,0.00,0.000,0.000,IDLE
2026-08-16T22:43:03.413367,0.0000000,0.0000000,-9.01,-0.0220,-0.0029,-0.6819,320.0,0.00,0.000,0.000,IDLE
2026-08-16T22:43:04.413391,0.0000000,0.0000000,-9.10,-0.0219,-0.0029,-0.6827,320.0,0.00,0.000,0.000,IDLE
2026-08-16T22:43:05.413345,0.0000000,0.0000000,-9.10,-0.0218,-0.0029,-0.6792,321.0,0.00,0.000,0.000,IDLE
2026-08-16T22:43:06.413509,0.0000000,0.0000000,-9.02,-0.0218,-0.0028,-0.6787,321.0,0.00,0.000,0.000,IDLE
2026-08-16T22:43:07.413285,0.0000000,0.0000000,-9.15,-0.0218,-0.0029,-0.6801,321.0,0.00,0.000,0.000,IDLE
2026-08-16T22:43:08.413420,0.0000000,0.0000000,-9.12,-0.0218,-0.0031,-0.6807,321.0,0.00,0.000,0.000,IDLE
2026-08-16T22:43:09.413455,0.0000000,0.0000000,-9.04,-0.0219,-0.0030,-0.6820,320.0,0.00,0.000,0.000,IDLE
2026-08-16T22:43:10.413520,0.0000000,0.0000000,-9.08,-0.0218,-0.0028,-0.6811,320.0,0.00,0.000,0.000,IDLE
2026-08-16T22:43:11.413444,0.0000000,0.0000000,-9.08,-0.0218,-0.0029,-0.6804,321.0,0.00,0.000,0.000,IDLE
2026-08-16T22:43:12.413569,0.0000000,0.0000000,-9.22,-0.0218,-0.0030,-0.6795,321.0,0.00,0.000,0.000,IDLE
2026-08-16T22:43:13.413448,0.0000000,0.0000000,-9.20,-0.0218,-0.0030,-0.6792,321.0,0.00,0.000,0.000,IDLE
2026-08-16T22:43:14.413367,0.0000000,0.0000000,-9.09,-0.0218,-0.0029,-0.6818,320.0,0.00,0.000,0.000,IDLE
2026-08-16T22:43:15.413723,0.0000000,0.0000000,-9.18,-0.0218,-0.0030,-0.6773,321.0,0.00,0.000,0.000,IDLE
2026-08-16T22:43:16.413509,0.0000000,0.0000000,-9.17,-0.0220,-0.0026,-0.6788,321.0,0.00,0.000,0.000,IDLE
2026-08-16T22:43:17.413482,0.0000000,0.0000000,-9.06,-0.0220,-0.0027,-0.6799,321.0,0.00,0.000,0.000,IDLE
2026-08-16T22:43:18.413532,0.0000000,0.0000000,-9.18,-0.0221,-0.0027,-0.6807,321.0,0.00,0.000,0.000,IDLE
2026-08-16T22:43:19.413710,0.0000000,0.0000000,-9.02,-0.0221,-0.0027,-0.6805,321.0,0.00,0.000,0.000,IDLE
2026-08-16T22:43:20.413469,0.0000000,0.0000000,-9.20,-0.0220,-0.0027,-0.6796,321.0,0.00,0.000,0.000,IDLE
2026-08-16T22:43:21.413799,0.0000000,0.0000000,-9.16,-0.0219,-0.0026,-0.6811,320.0,0.00,0.000,0.000,IDLE
2026-08-16T22:43:22.413327,0.0000000,0.0000000,-9.12,-0.0218,-0.0027,-0.6800,321.0,0.00,0.000,0.000,IDLE
2026-08-16T22:43:23.413392,0.0000000,0.0000000,-9.15,-0.0219,-0.0026,-0.6821,320.0,0.00,0.000,0.000,IDLE
2026-08-16T22:43:24.413345,0.0000000,0.0000000,-9.08,-0.0220,-0.0027,-0.6848,320.0,0.00,0.000,0.000,IDLE
2026-08-16T22:43:25.413433,0.0000000,0.0000000,-9.19,-0.0219,-0.0027,-0.6850,320.0,0.00,0.000,0.000,IDLE
2026-08-16T22:43:26.413630,0.0000000,0.0000000,-9.10,-0.0220,-0.0026,-0.6885,320.0,0.00,0.000,0.000,IDLE
2026-08-16T22:43:27.413380,0.0000000,0.0000000,-9.17,-0.0220,-0.0025,-0.6897,320.0,0.00,0.000,0.000,IDLE
2026-08-16T22:43:28.413391,0.0000000,0.0000000,-9.08,-0.0218,-0.0026,-0.6904,320.0,0.00,0.000,0.000,IDLE
2026-08-16T22:43:29.413301,0.0000000,0.0000000,-9.26,-0.0218,-0.0025,-0.6878,320.0,0.00,0.000,0.000,IDLE
2026-08-16T22:43:30.413342,0.0000000,0.0000000,-9.20,-0.0219,-0.0023,-0.6873,320.0,0.00,0.000,0.000,IDLE
2026-08-16T22:43:31.413401,0.0000000,0.0000000,-9.25,-0.0219,-0.0025,-0.6869,320.0,0.00,0.000,0.000,IDLE
2026-08-16T22:43:32.413336,0.0000000,0.0000000,-8.96,-0.0220,-0.0023,-0.6850,320.0,0.00,0.000,0.000,IDLE
2026-08-16T22:43:33.413416,0.0000000,0.0000000,-9.11,-0.0219,-0.0025,-0.6844,320.0,0.00,0.000,0.000,IDLE
2026-08-16T22:43:34.413388,0.0000000,0.0000000,-9.11,-0.0219,-0.0027,-0.6845,320.0,0.00,0.000,0.000,IDLE
2026-08-16T22:43:35.413424,0.0000000,0.0000000,-9.29,-0.0219,-0.0027,-0.6823,320.0,0.00,0.000,0.000,IDLE
2026-08-16T22:43:36.414293,0.0000000,0.0000000,-9.32,-0.0218,-0.0028,-0.6798,321.0,0.00,0.000,0.000,IDLE
2026-08-16T22:43:37.413437,0.0000000,0.0000000,-9.26,-0.0217,-0.0028,-0.6778,321.0,0.00,0.000,0.000,IDLE
2026-08-16T22:43:38.413428,0.0000000,0.0000000,-9.10,-0.0217,-0.0026,-0.6802,321.0,0.00,0.000,0.000,IDLE
2026-08-16T22:43:39.413354,0.0000000,0.0000000,-9.11,-0.0217,-0.0026,-0.6807,321.0,0.00,0.000,0.000,IDLE
2026-08-16T22:43:40.413323,0.0000000,0.0000000,-9.18,-0.0218,-0.0027,-0.6810,320.0,0.00,0.000,0.000,IDLE
2026-08-16T22:43:41.413270,0.0000000,0.0000000,-9.18,-0.0218,-0.0024,-0.6796,321.0,0.00,0.000,0.000,IDLE
2026-08-16T22:43:42.413243,0.0000000,0.0000000,-9.11,-0.0218,-0.0025,-0.6801,321.0,0.00,0.000,0.000,IDLE
2026-08-16T22:43:43.417518,0.0000000,0.0000000,-9.05,-0.0218,-0.0025,-0.6822,320.0,0.00,0.000,0.000,IDLE
2026-08-16T22:43:44.413324,0.0000000,0.0000000,-9.10,-0.0218,-0.0024,-0.6822,320.0,0.00,0.000,0.000,IDLE
2026-08-16T22:43:45.413298,0.0000000,0.0000000,-9.06,-0.0220,-0.0025,-0.6854,320.0,0.00,0.000,0.000,IDLE
2026-08-16T22:43:46.413262,0.0000000,0.0000000,-9.20,-0.0220,-0.0024,-0.6859,320.0,0.00,0.000,0.000,IDLE
2026-08-16T22:43:47.413520,0.0000000,0.0000000,-9.05,-0.0219,-0.0024,-0.6879,320.0,0.00,0.000,0.000,IDLE
2026-08-16T22:43:48.413278,0.0000000,0.0000000,-9.17,-0.0219,-0.0024,-0.6835,320.0,0.00,0.000,0.000,IDLE
2026-08-16T22:43:49.413290,0.0000000,0.0000000,-8.88,-0.0220,-0.0023,-0.6828,320.0,0.00,0.000,0.000,IDLE
2026-08-16T22:43:50.413364,0.0000000,0.0000000,-8.97,-0.0220,-0.0023,-0.6857,320.0,0.00,0.000,0.000,IDLE
2026-08-16T22:43:51.413306,0.0000000,0.0000000,-8.96,-0.0219,-0.0022,-0.6857,320.0,0.00,0.000,0.000,IDLE
2026-08-16T22:43:52.413365,0.0000000,0.0000000,-9.04,-0.0219,-0.0023,-0.6847,320.0,0.00,0.000,0.000,IDLE
2026-08-16T22:43:53.413773,0.0000000,0.0000000,-9.04,-0.0217,-0.0024,-0.6855,320.0,0.00,0.000,0.000,IDLE
2026-08-16T22:43:54.413385,0.0000000,0.0000000,-8.96,-0.0215,-0.0021,-0.6855,320.0,0.00,0.000,0.000,IDLE
2026-08-16T22:43:55.413283,0.0000000,0.0000000,-9.05,-0.0215,-0.0022,-0.6845,320.0,0.00,0.000,0.000,IDLE
2026-08-16T22:43:56.413348,0.0000000,0.0000000,-9.07,-0.0216,-0.0023,-0.6867,320.0,0.00,0.000,0.000,IDLE
2026-08-16T22:43:57.413316,0.0000000,0.0000000,-9.25,-0.0215,-0.0024,-0.6849,320.0,0.00,0.000,0.000,IDLE
2026-08-16T22:43:58.413768,0.0000000,0.0000000,-9.22,-0.0216,-0.0025,-0.6830,320.0,0.00,0.000,0.000,IDLE
2026-08-16T22:43:59.413333,0.0000000,0.0000000,-9.11,-0.0217,-0.0026,-0.6848,320.0,0.00,0.000,0.000,IDLE
2026-08-16T22:44:00.414795,0.0000000,0.0000000,-9.30,-0.0218,-0.0026,-0.6819,320.0,0.00,0.000,0.000,IDLE
2026-08-16T22:44:01.413401,0.0000000,0.0000000,-9.09,-0.0218,-0.0027,-0.6818,320.0,0.00,0.000,0.000,IDLE
2026-08-16T22:44:02.413347,0.0000000,0.0000000,-9.15,-0.0217,-0.0027,-0.6818,320.0,0.00,0.000,0.000,IDLE
2026-08-16T22:44:03.413549,0.0000000,0.0000000,-9.21,-0.0218,-0.0026,-0.6832,320.0,0.00,0.000,0.000,IDLE
2026-08-16T22:44:04.413755,0.0000000,0.0000000,-9.01,-0.0217,-0.0024,-0.6819,320.0,0.00,0.000,0.000,IDLE
2026-08-16T22:44:05.413319,0.0000000,0.0000000,-9.21,-0.0217,-0.0023,-0.6816,320.0,0.00,0.000,0.000,IDLE
2026-08-16T22:44:06.413311,0.0000000,0.0000000,-9.21,-0.0218,-0.0023,-0.6826,320.0,0.00,0.000,0.000,IDLE
2026-08-16T22:44:07.413295,0.0000000,0.0000000,-9.11,-0.0218,-0.0023,-0.6846,320.0,0.00,0.000,0.000,IDLE
2026-08-16T22:44:08.413441,0.0000000,0.0000000,-9.21,-0.0218,-0.0022,-0.6873,320.0,0.00,0.000,0.000,IDLE
2026-08-16T22:44:09.413303,0.0000000,0.0000000,-9.18,-0.0217,-0.0024,-0.6866,320.0,0.00,0.000,0.000,IDLE
2026-08-16T22:44:10.413293,0.0000000,0.0000000,-9.03,-0.0218,-0.0023,-0.6893,320.0,0.00,0.000,0.000,IDLE
2026-08-16T22:44:11.413269,0.0000000,0.0000000,-9.28,-0.0218,-0.0023,-0.6918,320.0,0.00,0.000,0.000,IDLE
2026-08-16T22:44:12.413447,0.0000000,0.0000000,-9.13,-0.0218,-0.0024,-0.6942,320.0,0.00,0.000,0.000,IDLE
2026-08-16T22:44:13.417443,0.0000000,0.0000000,-9.15,-0.0219,-0.0023,-0.6926,320.0,0.00,0.000,0.000,IDLE
2026-08-16T22:44:14.413394,0.0000000,0.0000000,-9.32,-0.0218,-0.0024,-0.6917,320.0,0.00,0.000,0.000,IDLE
2026-08-16T22:44:15.413343,0.0000000,0.0000000,-9.21,-0.0217,-0.0024,-0.6896,320.0,0.00,0.000,0.000,IDLE
2026-08-16T22:44:16.413371,0.0000000,0.0000000,-9.08,-0.0218,-0.0026,-0.6878,320.0,0.00,0.000,0.000,IDLE
2026-08-16T22:44:17.413548,0.0000000,0.0000000,-9.22,-0.0219,-0.0026,-0.6872,320.0,0.00,0.000,0.000,IDLE
2026-08-16T22:44:18.413365,0.0000000,0.0000000,-9.13,-0.0219,-0.0027,-0.6884,320.0,0.00,0.000,0.000,IDLE
2026-08-16T22:44:19.413269,0.0000000,0.0000000,-9.32,-0.0218,-0.0027,-0.6886,320.0,0.00,0.000,0.000,IDLE
2026-08-16T22:44:20.413372,0.0000000,0.0000000,-9.15,-0.0217,-0.0028,-0.6860,320.0,0.00,0.000,0.000,IDLE
2026-08-16T22:44:21.413593,0.0000000,0.0000000,-9.19,-0.0219,-0.0027,-0.6863,320.0,0.00,0.000,0.000,IDLE
2026-08-16T22:44:22.413421,0.0000000,0.0000000,-9.11,-0.0218,-0.0025,-0.6844,320.0,0.00,0.000,0.000,IDLE
2026-08-16T22:44:23.413647,0.0000000,0.0000000,-9.21,-0.0218,-0.0025,-0.6824,320.0,0.00,0.000,0.000,IDLE
2026-08-16T22:44:24.413370,0.0000000,0.0000000,-9.04,-0.0220,-0.0025,-0.6843,320.0,0.00,0.000,0.000,IDLE
2026-08-16T22:44:25.413314,0.0000000,0.0000000,-9.19,-0.0219,-0.0026,-0.6849,320.0,0.00,0.000,0.000,IDLE
2026-08-16T22:44:26.413387,0.0000000,0.0000000,-9.25,-0.0219,-0.0026,-0.6827,320.0,0.00,0.000,0.000,IDLE
2026-08-16T22:44:27.413369,0.0000000,0.0000000,-9.00,-0.0219,-0.0027,-0.6835,320.0,0.00,0.000,0.000,IDLE
2026-08-16T22:44:28.413338,0.0000000,0.0000000,-9.34,-0.0219,-0.0027,-0.6847,320.0,0.00,0.000,0.000,IDLE
2026-08-16T22:44:29.413348,0.0000000,0.0000000,-9.20,-0.0219,-0.0026,-0.6847,320.0,0.00,0.000,0.000,IDLE
2026-08-16T22:44:30.413703,0.0000000,0.0000000,-9.20,-0.0219,-0.0026,-0.6814,320.0,0.00,0.000,0.000,IDLE
2026-08-16T22:44:31.413618,0.0000000,0.0000000,-8.93,-0.0218,-0.0026,-0.6772,321.0,0.00,0.000,0.000,IDLE
2026-08-16T22:44:32.414048,0.0000000,0.0000000,-9.19,-0.0219,-0.0025,-0.6777,321.0,0.00,0.000,0.000,IDLE
2026-08-16T22:44:33.413334,0.0000000,0.0000000,-9.37,-0.0219,-0.0025,-0.6755,321.0,0.00,0.000,0.000,IDLE
2026-08-16T22:44:34.413273,0.0000000,0.0000000,-9.13,-0.0218,-0.0026,-0.6735,321.0,0.00,0.000,0.000,IDLE
2026-08-16T22:44:35.414022,0.0000000,0.0000000,-9.00,-0.0218,-0.0024,-0.6727,321.0,0.00,0.000,0.000,IDLE
2026-08-16T22:44:36.413591,0.0000000,0.0000000,-9.05,-0.0218,-0.0025,-0.6731,321.0,0.00,0.000,0.000,IDLE
2026-08-16T22:44:37.413760,0.0000000,0.0000000,-9.28,-0.0219,-0.0025,-0.6758,321.0,0.00,0.000,0.000,IDLE
2026-08-16T22:44:38.413386,0.0000000,0.0000000,-9.15,-0.0219,-0.0025,-0.6759,321.0,0.00,0.000,0.000,IDLE
2026-08-16T22:44:39.413335,0.0000000,0.0000000,-9.18,-0.0218,-0.0024,-0.6772,321.0,0.00,0.000,0.000,IDLE
2026-08-16T22:44:40.413356,0.0000000,0.0000000,-9.02,-0.0218,-0.0023,-0.6766,321.0,0.00,0.000,0.000,IDLE
2026-08-16T22:44:41.413301,0.0000000,0.0000000,-9.19,-0.0217,-0.0025,-0.6790,321.0,0.00,0.000,0.000,IDLE
2026-08-16T22:44:42.413419,0.0000000,0.0000000,-9.21,-0.0216,-0.0025,-0.6806,321.0,0.00,0.000,0.000,IDLE
2026-08-16T22:44:43.413571,0.0000000,0.0000000,-9.15,-0.0216,-0.0026,-0.6782,321.0,0.00,0.000,0.000,IDLE
2026-08-16T22:44:44.413431,0.0000000,0.0000000,-9.20,-0.0217,-0.0026,-0.6799,321.0,0.00,0.000,0.000,IDLE
2026-08-16T22:44:45.413337,0.0000000,0.0000000,-9.23,-0.0217,-0.0027,-0.6776,321.0,0.00,0.000,0.000,IDLE
2026-08-16T22:44:46.413334,0.0000000,0.0000000,-9.04,-0.0216,-0.0026,-0.6773,321.0,0.00,0.000,0.000,IDLE
2026-08-16T22:44:47.413513,0.0000000,0.0000000,-9.37,-0.0217,-0.0027,-0.6778,321.0,0.00,0.000,0.000,IDLE
2026-08-16T22:44:48.413334,0.0000000,0.0000000,-9.12,-0.0218,-0.0028,-0.6808,321.0,0.00,0.000,0.000,IDLE
2026-08-16T22:44:49.414510,0.0000000,0.0000000,-8.93,-0.0218,-0.0029,-0.6814,320.0,0.00,0.000,0.000,IDLE
2026-08-16T22:44:50.413577,0.0000000,0.0000000,-9.23,-0.0217,-0.0029,-0.6819,320.0,0.00,0.000,0.000,IDLE
2026-08-16T22:44:51.413311,0.0000000,0.0000000,-9.38,-0.0217,-0.0028,-0.6810,320.0,0.00,0.000,0.000,IDLE
2026-08-16T22:44:52.413392,0.0000000,0.0000000,-9.20,-0.0217,-0.0027,-0.6823,320.0,0.00,0.000,0.000,IDLE
2026-08-16T22:44:53.413367,0.0000000,0.0000000,-9.18,-0.0217,-0.0026,-0.6831,320.0,0.00,0.000,0.000,IDLE
2026-08-16T22:44:54.413451,0.0000000,0.0000000,-9.15,-0.0218,-0.0028,-0.6836,320.0,0.00,0.000,0.000,IDLE
2026-08-16T22:44:55.413402,0.0000000,0.0000000,-9.00,-0.0218,-0.0029,-0.6827,320.0,0.00,0.000,0.000,IDLE
2026-08-16T22:44:56.413280,0.0000000,0.0000000,-9.14,-0.0219,-0.0029,-0.6811,320.0,0.00,0.000,0.000,IDLE
2026-08-16T22:44:57.413360,0.0000000,0.0000000,-9.22,-0.0219,-0.0029,-0.6785,321.0,0.00,0.000,0.000,IDLE
2026-08-16T22:44:58.413294,0.0000000,0.0000000,-9.10,-0.0219,-0.0028,-0.6823,320.0,0.00,0.000,0.000,IDLE
2026-08-16T22:44:59.413357,0.0000000,0.0000000,-9.09,-0.0220,-0.0029,-0.6833,320.0,0.00,0.000,0.000,IDLE
2026-08-16T22:45:00.413342,0.0000000,0.0000000,-8.97,-0.0219,-0.0029,-0.6843,320.0,0.00,0.000,0.000,IDLE
2026-08-16T22:45:01.413330,0.0000000,0.0000000,-9.19,-0.0216,-0.0030,-0.6815,320.0,0.00,0.000,0.000,IDLE
2026-08-16T22:45:02.413729,0.0000000,0.0000000,-9.26,-0.0218,-0.0030,-0.6814,320.0,0.00,0.000,0.000,IDLE
2026-08-16T22:45:03.413387,0.0000000,0.0000000,-9.14,-0.0217,-0.0028,-0.6792,321.0,0.00,0.000,0.000,IDLE
2026-08-16T22:45:04.413846,0.0000000,0.0000000,-9.12,-0.0217,-0.0028,-0.6794,321.0,0.00,0.000,0.000,IDLE
2026-08-16T22:45:05.413377,0.0000000,0.0000000,-9.11,-0.0216,-0.0029,-0.6793,321.0,0.00,0.000,0.000,IDLE
2026-08-16T22:45:06.413394,0.0000000,0.0000000,-9.18,-0.0216,-0.0030,-0.6812,320.0,0.00,0.000,0.000,IDLE
2026-08-16T22:45:07.413307,0.0000000,0.0000000,-9.10,-0.0216,-0.0029,-0.6796,321.0,0.00,0.000,0.000,IDLE
2026-08-16T22:45:08.413655,0.0000000,0.0000000,-9.25,-0.0216,-0.0029,-0.6786,321.0,0.00,0.000,0.000,IDLE
2026-08-16T22:45:09.413896,0.0000000,0.0000000,-9.15,-0.0217,-0.0028,-0.6783,321.0,0.00,0.000,0.000,IDLE
2026-08-16T22:45:10.413422,0.0000000,0.0000000,-9.19,-0.0217,-0.0028,-0.6767,321.0,0.00,0.000,0.000,IDLE
2026-08-16T22:45:11.413368,0.0000000,0.0000000,-9.02,-0.0218,-0.0027,-0.6764,321.0,0.00,0.000,0.000,IDLE
2026-08-16T22:45:12.413328,0.0000000,0.0000000,-9.05,-0.0219,-0.0027,-0.6767,321.0,0.00,0.000,0.000,IDLE
2026-08-16T22:45:13.413904,0.0000000,0.0000000,-9.25,-0.0220,-0.0027,-0.6789,321.0,0.00,0.000,0.000,IDLE
2026-08-16T22:45:14.413287,0.0000000,0.0000000,-9.07,-0.0219,-0.0028,-0.6754,321.0,0.00,0.000,0.000,IDLE
2026-08-16T22:45:15.413617,0.0000000,0.0000000,-9.15,-0.0220,-0.0027,-0.6752,321.0,0.00,0.000,0.000,IDLE
2026-08-16T22:45:16.413579,0.0000000,0.0000000,-9.16,-0.0220,-0.0027,-0.6762,321.0,0.00,0.000,0.000,IDLE
2026-08-16T22:45:17.413390,0.0000000,0.0000000,-9.25,-0.0220,-0.0027,-0.6777,321.0,0.00,0.000,0.000,IDLE
2026-08-16T22:45:18.413259,0.0000000,0.0000000,-9.21,-0.0220,-0.0027,-0.6807,321.0,0.00,0.000,0.000,IDLE
2026-08-16T22:45:19.413521,0.0000000,0.0000000,-9.08,-0.0221,-0.0027,-0.6792,321.0,0.00,0.000,0.000,IDLE
2026-08-16T22:45:20.413332,0.0000000,0.0000000,-9.07,-0.0220,-0.0027,-0.6788,321.0,0.00,0.000,0.000,IDLE
2026-08-16T22:45:21.413481,0.0000000,0.0000000,-9.18,-0.0220,-0.0027,-0.6745,321.0,0.00,0.000,0.000,IDLE
2026-08-16T22:45:22.414822,0.0000000,0.0000000,-9.21,-0.0220,-0.0025,-0.6759,321.0,0.00,0.000,0.000,IDLE
2026-08-16T22:45:23.413306,0.0000000,0.0000000,-9.11,-0.0219,-0.0025,-0.6764,321.0,0.00,0.000,0.000,IDLE
2026-08-16T22:45:24.413374,0.0000000,0.0000000,-9.28,-0.0221,-0.0026,-0.6751,321.0,0.00,0.000,0.000,IDLE
2026-08-16T22:45:25.413476,0.0000000,0.0000000,-9.20,-0.0220,-0.0026,-0.6732,321.0,0.00,0.000,0.000,IDLE
2026-08-16T22:45:26.413457,0.0000000,0.0000000,-9.14,-0.0220,-0.0025,-0.6720,321.0,0.00,0.000,0.000,IDLE
2026-08-16T22:45:27.413857,0.0000000,0.0000000,-9.22,-0.0220,-0.0025,-0.6739,321.0,0.00,0.000,0.000,IDLE
2026-08-16T22:45:28.413415,0.0000000,0.0000000,-9.20,-0.0219,-0.0025,-0.6734,321.0,0.00,0.000,0.000,IDLE
2026-08-16T22:45:29.413263,0.0000000,0.0000000,-9.19,-0.0220,-0.0025,-0.6741,321.0,0.00,0.000,0.000,IDLE
2026-08-16T22:45:30.413660,0.0000000,0.0000000,-9.09,-0.0220,-0.0024,-0.6729,321.0,0.00,0.000,0.000,IDLE
2026-08-16T22:45:31.413344,0.0000000,0.0000000,-9.09,-0.0219,-0.0023,-0.6759,321.0,0.00,0.000,0.000,IDLE
2026-08-16T22:45:32.413345,0.0000000,0.0000000,-9.01,-0.0218,-0.0022,-0.6751,321.0,0.00,0.000,0.000,IDLE
2026-08-16T22:45:33.413416,0.0000000,0.0000000,-9.13,-0.0219,-0.0024,-0.6751,321.0,0.00,0.000,0.000,IDLE
2026-08-16T22:45:34.413329,0.0000000,0.0000000,-9.16,-0.0218,-0.0024,-0.6735,321.0,0.00,0.000,0.000,IDLE
2026-08-16T22:45:35.413771,0.0000000,0.0000000,-9.12,-0.0219,-0.0025,-0.6754,321.0,0.00,0.000,0.000,IDLE
2026-08-16T22:45:36.413680,0.0000000,0.0000000,-9.21,-0.0218,-0.0025,-0.6777,321.0,0.00,0.000,0.000,IDLE
2026-08-16T22:45:37.413754,0.0000000,0.0000000,-9.09,-0.0218,-0.0026,-0.6759,321.0,0.00,0.000,0.000,IDLE
2026-08-16T22:45:38.413392,0.0000000,0.0000000,-9.18,-0.0219,-0.0028,-0.6784,321.0,0.00,0.000,0.000,IDLE
2026-08-16T22:45:39.413392,0.0000000,0.0000000,-9.26,-0.0218,-0.0027,-0.6775,321.0,0.00,0.000,0.000,IDLE
2026-08-16T22:45:40.413454,0.0000000,0.0000000,-9.11,-0.0218,-0.0026,-0.6777,321.0,0.00,0.000,0.000,IDLE
2026-08-16T22:45:41.413290,0.0000000,0.0000000,-9.00,-0.0219,-0.0027,-0.6807,321.0,0.00,0.000,0.000,IDLE
2026-08-16T22:45:42.413351,0.0000000,0.0000000,-8.91,-0.0218,-0.0027,-0.6799,321.0,0.00,0.000,0.000,IDLE
2026-08-16T22:45:43.415930,0.0000000,0.0000000,-9.15,-0.0218,-0.0027,-0.6771,321.0,0.00,0.000,0.000,IDLE
2026-08-16T22:45:44.413314,0.0000000,0.0000000,-8.97,-0.0218,-0.0028,-0.6768,321.0,0.00,0.000,0.000,IDLE
2026-08-16T22:45:45.413280,0.0000000,0.0000000,-9.11,-0.0218,-0.0027,-0.6796,321.0,0.00,0.000,0.000,IDLE
2026-08-16T22:45:46.413293,0.0000000,0.0000000,-9.20,-0.0218,-0.0028,-0.6798,321.0,0.00,0.000,0.000,IDLE
2026-08-16T22:45:47.413625,0.0000000,0.0000000,-9.19,-0.0219,-0.0028,-0.6794,321.0,0.00,0.000,0.000,IDLE
2026-08-16T22:45:48.413278,0.0000000,0.0000000,-9.02,-0.0219,-0.0028,-0.6762,321.0,0.00,0.000,0.000,IDLE
2026-08-16T22:45:49.413363,0.0000000,0.0000000,-9.04,-0.0218,-0.0029,-0.6779,321.0,0.00,0.000,0.000,IDLE
2026-08-16T22:45:50.413256,0.0000000,0.0000000,-9.14,-0.0220,-0.0028,-0.6772,321.0,0.00,0.000,0.000,IDLE
2026-08-16T22:45:51.413331,0.0000000,0.0000000,-9.00,-0.0220,-0.0027,-0.6804,321.0,0.00,0.000,0.000,IDLE
2026-08-16T22:45:52.413376,0.0000000,0.0000000,-8.85,-0.0220,-0.0026,-0.6787,321.0,0.00,0.000,0.000,IDLE
2026-08-16T22:45:53.414020,0.0000000,0.0000000,-9.13,-0.0220,-0.0025,-0.6787,321.0,0.00,0.000,0.000,IDLE
2026-08-16T22:45:54.414522,0.0000000,0.0000000,-9.08,-0.0219,-0.0024,-0.6785,321.0,0.00,0.000,0.000,IDLE
2026-08-16T22:45:55.413311,0.0000000,0.0000000,-9.16,-0.0219,-0.0024,-0.6776,321.0,0.00,0.000,0.000,IDLE
2026-08-16T22:45:56.413363,0.0000000,0.0000000,-8.95,-0.0220,-0.0024,-0.6798,321.0,0.00,0.000,0.000,IDLE
2026-08-16T22:45:57.413325,0.0000000,0.0000000,-9.09,-0.0219,-0.0025,-0.6797,321.0,0.00,0.000,0.000,IDLE
2026-08-16T22:45:58.413298,0.0000000,0.0000000,-9.11,-0.0219,-0.0026,-0.6799,321.0,0.00,0.000,0.000,IDLE
2026-08-16T22:45:59.413459,0.0000000,0.0000000,-8.92,-0.0217,-0.0025,-0.6784,321.0,0.00,0.000,0.000,IDLE
2026-08-16T22:46:00.413350,0.0000000,0.0000000,-9.04,-0.0219,-0.0026,-0.6784,321.0,0.00,0.000,0.000,IDLE
2026-08-16T22:46:01.413308,0.0000000,0.0000000,-9.00,-0.0219,-0.0027,-0.6761,321.0,0.00,0.000,0.000,IDLE
2026-08-16T22:46:02.413509,0.0000000,0.0000000,-9.08,-0.0218,-0.0026,-0.6765,321.0,0.00,0.000,0.000,IDLE
2026-08-16T22:46:03.413363,0.0000000,0.0000000,-9.15,-0.0218,-0.0026,-0.6763,321.0,0.00,0.000,0.000,IDLE
2026-08-16T22:46:04.413325,0.0000000,0.0000000,-9.09,-0.0218,-0.0026,-0.6768,321.0,0.00,0.000,0.000,IDLE
2026-08-16T22:46:05.413374,0.0000000,0.0000000,-9.06,-0.0218,-0.0025,-0.6785,321.0,0.00,0.000,0.000,IDLE
2026-08-16T22:46:06.414447,0.0000000,0.0000000,-9.21,-0.0218,-0.0026,-0.6797,321.0,0.00,0.000,0.000,IDLE
2026-08-16T22:46:07.413301,0.0000000,0.0000000,-9.15,-0.0217,-0.0026,-0.6757,321.0,0.00,0.000,0.000,IDLE
2026-08-16T22:46:08.413683,0.0000000,0.0000000,-8.89,-0.0217,-0.0026,-0.6773,321.0,0.00,0.000,0.000,IDLE
2026-08-16T22:46:09.413260,0.0000000,0.0000000,-9.00,-0.0218,-0.0025,-0.6780,321.0,0.00,0.000,0.000,IDLE
2026-08-16T22:46:10.413317,0.0000000,0.0000000,-9.02,-0.0217,-0.0026,-0.6755,321.0,0.00,0.000,0.000,IDLE
2026-08-16T22:46:11.413304,0.0000000,0.0000000,-9.20,-0.0217,-0.0027,-0.6805,321.0,0.00,0.000,0.000,IDLE
2026-08-16T22:46:12.413315,0.0000000,0.0000000,-9.09,-0.0218,-0.0026,-0.6813,320.0,0.00,0.000,0.000,IDLE
2026-08-16T22:46:13.413325,0.0000000,0.0000000,-9.07,-0.0218,-0.0026,-0.6814,320.0,0.00,0.000,0.000,IDLE
2026-08-16T22:46:14.413273,0.0000000,0.0000000,-9.10,-0.0217,-0.0026,-0.6822,320.0,0.00,0.000,0.000,IDLE
2026-08-16T22:46:15.413407,0.0000000,0.0000000,-9.19,-0.0218,-0.0025,-0.6840,320.0,0.00,0.000,0.000,IDLE
2026-08-16T22:46:16.413294,0.0000000,0.0000000,-9.06,-0.0217,-0.0025,-0.6867,320.0,0.00,0.000,0.000,IDLE
2026-08-16T22:46:17.413347,0.0000000,0.0000000,-9.04,-0.0218,-0.0025,-0.6852,320.0,0.00,0.000,0.000,IDLE
2026-08-16T22:46:18.413314,0.0000000,0.0000000,-9.04,-0.0218,-0.0025,-0.6840,320.0,0.00,0.000,0.000,IDLE
2026-08-16T22:46:19.414129,0.0000000,0.0000000,-9.12,-0.0217,-0.0025,-0.6859,320.0,0.00,0.000,0.000,IDLE
2026-08-16T22:46:20.413361,0.0000000,0.0000000,-9.06,-0.0216,-0.0025,-0.6852,320.0,0.00,0.000,0.000,IDLE
2026-08-16T22:46:21.414057,0.0000000,0.0000000,-8.96,-0.0215,-0.0025,-0.6824,320.0,0.00,0.000,0.000,IDLE
2026-08-16T22:46:22.413340,0.0000000,0.0000000,-9.17,-0.0215,-0.0026,-0.6802,321.0,0.00,0.000,0.000,IDLE
2026-08-16T22:46:23.413448,0.0000000,0.0000000,-9.11,-0.0215,-0.0025,-0.6789,321.0,0.00,0.000,0.000,IDLE
2026-08-16T22:46:24.413355,0.0000000,0.0000000,-8.94,-0.0214,-0.0026,-0.6811,320.0,0.00,0.000,0.000,IDLE
2026-08-16T22:46:25.413347,0.0000000,0.0000000,-9.07,-0.0214,-0.0026,-0.6791,321.0,0.00,0.000,0.000,IDLE
2026-08-16T22:46:26.413705,0.0000000,0.0000000,-9.12,-0.0214,-0.0025,-0.6787,321.0,0.00,0.000,0.000,IDLE
2026-08-16T22:46:27.413309,0.0000000,0.0000000,-9.02,-0.0215,-0.0024,-0.6789,321.0,0.00,0.000,0.000,IDLE
2026-08-16T22:46:28.413691,0.0000000,0.0000000,-9.17,-0.0216,-0.0024,-0.6781,321.0,0.00,0.000,0.000,IDLE
2026-08-16T22:46:29.413375,0.0000000,0.0000000,-9.07,-0.0216,-0.0024,-0.6781,321.0,0.00,0.000,0.000,IDLE
2026-08-16T22:46:30.413398,0.0000000,0.0000000,-9.04,-0.0217,-0.0024,-0.6798,321.0,0.00,0.000,0.000,IDLE
2026-08-16T22:46:31.413418,0.0000000,0.0000000,-9.01,-0.0218,-0.0024,-0.6777,321.0,0.00,0.000,0.000,IDLE
2026-08-16T22:46:32.413315,0.0000000,0.0000000,-9.00,-0.0219,-0.0023,-0.6778,321.0,0.00,0.000,0.000,IDLE
2026-08-16T22:46:33.413309,0.0000000,0.0000000,-9.04,-0.0219,-0.0022,-0.6769,321.0,0.00,0.000,0.000,IDLE
2026-08-16T22:46:34.413461,0.0000000,0.0000000,-8.92,-0.0220,-0.0023,-0.6770,321.0,0.00,0.000,0.000,IDLE
2026-08-16T22:46:35.413372,0.0000000,0.0000000,-8.94,-0.0220,-0.0023,-0.6800,321.0,0.00,0.000,0.000,IDLE
2026-08-16T22:46:36.413344,0.0000000,0.0000000,-8.87,-0.0219,-0.0023,-0.6798,321.0,0.00,0.000,0.000,IDLE
2026-08-16T22:46:37.413321,0.0000000,0.0000000,-9.14,-0.0219,-0.0024,-0.6801,321.0,0.00,0.000,0.000,IDLE
2026-08-16T22:46:38.413337,0.0000000,0.0000000,-9.09,-0.0220,-0.0026,-0.6783,321.0,0.00,0.000,0.000,IDLE
2026-08-16T22:46:39.413323,0.0000000,0.0000000,-9.09,-0.0220,-0.0025,-0.6792,321.0,0.00,0.000,0.000,IDLE
2026-08-16T22:46:40.413445,0.0000000,0.0000000,-9.10,-0.0221,-0.0025,-0.6829,320.0,0.00,0.000,0.000,IDLE
2026-08-16T22:46:41.413413,0.0000000,0.0000000,-8.89,-0.0220,-0.0025,-0.6801,321.0,0.00,0.000,0.000,IDLE
2026-08-16T22:46:42.413302,0.0000000,0.0000000,-9.00,-0.0220,-0.0024,-0.6783,321.0,0.00,0.000,0.000,IDLE
2026-08-16T22:46:43.413343,0.0000000,0.0000000,-8.97,-0.0220,-0.0024,-0.6755,321.0,0.00,0.000,0.000,IDLE
2026-08-16T22:46:44.413345,0.0000000,0.0000000,-9.12,-0.0221,-0.0024,-0.6754,321.0,0.00,0.000,0.000,IDLE
2026-08-16T22:46:45.413317,0.0000000,0.0000000,-9.13,-0.0220,-0.0023,-0.6737,321.0,0.00,0.000,0.000,IDLE
2026-08-16T22:46:46.413927,0.0000000,0.0000000,-8.96,-0.0219,-0.0024,-0.6749,321.0,0.00,0.000,0.000,IDLE
2026-08-16T22:46:47.413378,0.0000000,0.0000000,-9.02,-0.0219,-0.0024,-0.6760,321.0,0.00,0.000,0.000,IDLE
2026-08-16T22:46:48.413307,0.0000000,0.0000000,-9.12,-0.0218,-0.0024,-0.6775,321.0,0.00,0.000,0.000,IDLE
2026-08-16T22:46:49.413336,0.0000000,0.0000000,-8.92,-0.0217,-0.0023,-0.6786,321.0,0.00,0.000,0.000,IDLE
2026-08-16T22:46:50.413400,0.0000000,0.0000000,-9.10,-0.0218,-0.0025,-0.6806,321.0,0.00,0.000,0.000,IDLE
2026-08-16T22:46:51.413348,0.0000000,0.0000000,-8.90,-0.0216,-0.0026,-0.6792,321.0,0.00,0.000,0.000,IDLE
2026-08-16T22:46:52.413529,0.0000000,0.0000000,-9.06,-0.0217,-0.0026,-0.6804,321.0,0.00,0.000,0.000,IDLE
2026-08-16T22:46:53.413381,0.0000000,0.0000000,-8.89,-0.0215,-0.0027,-0.6814,320.0,0.00,0.000,0.000,IDLE
2026-08-16T22:46:54.413568,0.0000000,0.0000000,-9.18,-0.0216,-0.0027,-0.6841,320.0,0.00,0.000,0.000,IDLE
2026-08-16T22:46:55.413382,0.0000000,0.0000000,-9.01,-0.0216,-0.0026,-0.6857,320.0,0.00,0.000,0.000,IDLE
2026-08-16T22:46:56.413419,0.0000000,0.0000000,-8.95,-0.0217,-0.0026,-0.6874,320.0,0.00,0.000,0.000,IDLE
2026-08-16T22:46:57.413386,0.0000000,0.0000000,-9.21,-0.0217,-0.0025,-0.6868,320.0,0.00,0.000,0.000,IDLE
2026-08-16T22:46:58.414006,0.0000000,0.0000000,-8.96,-0.0218,-0.0024,-0.6879,320.0,0.00,0.000,0.000,IDLE
2026-08-16T22:46:59.413358,0.0000000,0.0000000,-9.08,-0.0217,-0.0024,-0.6871,320.0,0.00,0.000,0.000,IDLE
2026-08-16T22:47:00.413452,0.0000000,0.0000000,-9.05,-0.0218,-0.0025,-0.6860,320.0,0.00,0.000,0.000,IDLE
2026-08-16T22:47:01.413560,0.0000000,0.0000000,-9.25,-0.0218,-0.0024,-0.6838,320.0,0.00,0.000,0.000,IDLE
2026-08-16T22:47:02.413552,0.0000000,0.0000000,-9.06,-0.0217,-0.0024,-0.6808,321.0,0.00,0.000,0.000,IDLE
2026-08-16T22:47:03.413659,0.0000000,0.0000000,-8.85,-0.0217,-0.0024,-0.6786,321.0,0.00,0.000,0.000,IDLE
2026-08-16T22:47:04.413585,0.0000000,0.0000000,-8.99,-0.0217,-0.0026,-0.6756,321.0,0.00,0.000,0.000,IDLE
2026-08-16T22:47:05.414774,0.0000000,0.0000000,-9.03,-0.0217,-0.0027,-0.6781,321.0,0.00,0.000,0.000,IDLE
2026-08-16T22:47:06.413870,0.0000000,0.0000000,-8.92,-0.0216,-0.0028,-0.6747,321.0,0.00,0.000,0.000,IDLE
2026-08-16T22:47:07.413334,0.0000000,0.0000000,-9.11,-0.0215,-0.0029,-0.6744,321.0,0.00,0.000,0.000,IDLE
2026-08-16T22:47:08.413311,0.0000000,0.0000000,-8.93,-0.0218,-0.0029,-0.6781,321.0,0.00,0.000,0.000,IDLE
2026-08-16T22:47:09.413335,0.0000000,0.0000000,-8.87,-0.0218,-0.0030,-0.6776,321.0,0.00,0.000,0.000,IDLE
2026-08-16T22:47:10.413361,0.0000000,0.0000000,-9.14,-0.0219,-0.0029,-0.6778,321.0,0.00,0.000,0.000,IDLE
2026-08-16T22:47:11.413540,0.0000000,0.0000000,-8.96,-0.0218,-0.0028,-0.6747,321.0,0.00,0.000,0.000,IDLE
2026-08-16T22:47:12.413322,0.0000000,0.0000000,-8.75,-0.0218,-0.0027,-0.6743,321.0,0.00,0.000,0.000,IDLE
2026-08-16T22:47:13.413440,0.0000000,0.0000000,-8.86,-0.0220,-0.0028,-0.6772,321.0,0.00,0.000,0.000,IDLE
2026-08-16T22:47:14.413386,0.0000000,0.0000000,-9.03,-0.0220,-0.0029,-0.6772,321.0,0.00,0.000,0.000,IDLE
2026-08-16T22:47:15.413362,0.0000000,0.0000000,-9.03,-0.0221,-0.0029,-0.6751,321.0,0.00,0.000,0.000,IDLE
2026-08-16T22:47:16.413445,0.0000000,0.0000000,-9.00,-0.0221,-0.0030,-0.6741,321.0,0.00,0.000,0.000,IDLE
2026-08-16T22:47:17.413371,0.0000000,0.0000000,-8.89,-0.0221,-0.0029,-0.6751,321.0,0.00,0.000,0.000,IDLE
2026-08-16T22:47:18.413491,0.0000000,0.0000000,-8.89,-0.0221,-0.0028,-0.6729,321.0,0.00,0.000,0.000,IDLE
2026-08-16T22:47:19.413649,0.0000000,0.0000000,-9.00,-0.0221,-0.0028,-0.6768,321.0,0.00,0.000,0.000,IDLE
2026-08-16T22:47:20.413886,0.0000000,0.0000000,-8.80,-0.0220,-0.0027,-0.6767,321.0,0.00,0.000,0.000,IDLE
2026-08-16T22:47:21.413360,0.0000000,0.0000000,-8.75,-0.0220,-0.0027,-0.6766,321.0,0.00,0.000,0.000,IDLE
2026-08-16T22:47:22.413377,0.0000000,0.0000000,-8.95,-0.0221,-0.0027,-0.6760,321.0,0.00,0.000,0.000,IDLE
2026-08-16T22:47:23.413441,0.0000000,0.0000000,-9.06,-0.0220,-0.0025,-0.6780,321.0,0.00,0.000,0.000,IDLE
2026-08-16T22:47:24.413426,0.0000000,0.0000000,-8.94,-0.0220,-0.0024,-0.6785,321.0,0.00,0.000,0.000,IDLE
2026-08-16T22:47:25.413341,0.0000000,0.0000000,-9.05,-0.0219,-0.0023,-0.6776,321.0,0.00,0.000,0.000,IDLE
2026-08-16T22:47:26.413818,0.0000000,0.0000000,-9.09,-0.0219,-0.0023,-0.6809,320.0,0.00,0.000,0.000,IDLE
2026-08-16T22:47:27.413396,0.0000000,0.0000000,-9.01,-0.0218,-0.0023,-0.6796,321.0,0.00,0.000,0.000,IDLE
2026-08-16T22:47:28.413274,0.0000000,0.0000000,-8.99,-0.0217,-0.0023,-0.6787,321.0,0.00,0.000,0.000,IDLE
2026-08-16T22:47:29.413486,0.0000000,0.0000000,-8.82,-0.0218,-0.0024,-0.6780,321.0,0.00,0.000,0.000,IDLE
2026-08-16T22:47:30.413434,0.0000000,0.0000000,-8.82,-0.0218,-0.0023,-0.6776,321.0,0.00,0.000,0.000,IDLE
2026-08-16T22:47:31.413318,0.0000000,0.0000000,-8.82,-0.0218,-0.0024,-0.6780,321.0,0.00,0.000,0.000,IDLE
2026-08-16T22:47:32.413333,0.0000000,0.0000000,-8.93,-0.0218,-0.0024,-0.6769,321.0,0.00,0.000,0.000,IDLE
2026-08-16T22:47:33.413282,0.0000000,0.0000000,-8.84,-0.0218,-0.0025,-0.6809,320.0,0.00,0.000,0.000,IDLE
2026-08-16T22:47:34.413297,0.0000000,0.0000000,-8.99,-0.0220,-0.0026,-0.6812,320.0,0.00,0.000,0.000,IDLE
2026-08-16T22:47:35.413485,0.0000000,0.0000000,-8.86,-0.0220,-0.0026,-0.6833,320.0,0.00,0.000,0.000,IDLE
2026-08-16T22:47:36.413348,0.0000000,0.0000000,-8.95,-0.0220,-0.0027,-0.6820,320.0,0.00,0.000,0.000,IDLE
2026-08-16T22:47:37.413365,0.0000000,0.0000000,-9.00,-0.0219,-0.0029,-0.6804,321.0,0.00,0.000,0.000,IDLE
2026-08-16T22:47:38.413322,0.0000000,0.0000000,-9.05,-0.0219,-0.0032,-0.6822,320.0,0.00,0.000,0.000,IDLE
2026-08-16T22:47:39.413270,0.0000000,0.0000000,-9.00,-0.0219,-0.0030,-0.6823,320.0,0.00,0.000,0.000,IDLE
2026-08-16T22:47:40.413284,0.0000000,0.0000000,-8.89,-0.0217,-0.0030,-0.6813,320.0,0.00,0.000,0.000,IDLE
2026-08-16T22:47:41.415760,0.0000000,0.0000000,-8.95,-0.0218,-0.0029,-0.6798,321.0,0.00,0.000,0.000,IDLE
2026-08-16T22:47:42.413829,0.0000000,0.0000000,-8.91,-0.0218,-0.0028,-0.6802,321.0,0.00,0.000,0.000,IDLE
2026-08-16T22:47:43.413366,0.0000000,0.0000000,-8.80,-0.0218,-0.0027,-0.6825,320.0,0.00,0.000,0.000,IDLE
2026-08-16T22:47:44.413590,0.0000000,0.0000000,-8.97,-0.0217,-0.0026,-0.6825,320.0,0.00,0.000,0.000,IDLE
2026-08-16T22:47:45.417375,0.0000000,0.0000000,-8.94,-0.0219,-0.0025,-0.6803,321.0,0.00,0.000,0.000,IDLE
2026-08-16T22:47:46.413283,0.0000000,0.0000000,-8.93,-0.0218,-0.0026,-0.6813,320.0,0.00,0.000,0.000,IDLE
2026-08-16T22:47:47.413370,0.0000000,0.0000000,-9.02,-0.0218,-0.0025,-0.6810,320.0,0.00,0.000,0.000,IDLE
2026-08-16T22:47:48.413263,0.0000000,0.0000000,-9.03,-0.0219,-0.0026,-0.6803,321.0,0.00,0.000,0.000,IDLE
2026-08-16T22:47:49.413445,0.0000000,0.0000000,-9.10,-0.0219,-0.0025,-0.6806,321.0,0.00,0.000,0.000,IDLE
2026-08-16T22:47:50.413467,0.0000000,0.0000000,-9.06,-0.0219,-0.0025,-0.6815,320.0,0.00,0.000,0.000,IDLE
2026-08-16T22:47:51.413261,0.0000000,0.0000000,-9.04,-0.0219,-0.0025,-0.6811,320.0,0.00,0.000,0.000,IDLE
2026-08-16T22:47:52.413372,0.0000000,0.0000000,-8.85,-0.0218,-0.0025,-0.6755,321.0,0.00,0.000,0.000,IDLE
2026-08-16T22:47:53.413316,0.0000000,0.0000000,-8.86,-0.0219,-0.0026,-0.6754,321.0,0.00,0.000,0.000,IDLE
2026-08-16T22:47:54.414008,0.0000000,0.0000000,-8.77,-0.0220,-0.0025,-0.6780,321.0,0.00,0.000,0.000,IDLE
2026-08-16T22:47:55.413322,0.0000000,0.0000000,-8.87,-0.0221,-0.0024,-0.6792,321.0,0.00,0.000,0.000,IDLE
2026-08-16T22:47:56.413347,0.0000000,0.0000000,-8.90,-0.0220,-0.0024,-0.6777,321.0,0.00,0.000,0.000,IDLE
2026-08-16T22:47:57.413566,0.0000000,0.0000000,-8.95,-0.0220,-0.0023,-0.6799,321.0,0.00,0.000,0.000,IDLE
2026-08-16T22:47:58.413350,0.0000000,0.0000000,-9.00,-0.0219,-0.0022,-0.6805,321.0,0.00,0.000,0.000,IDLE
2026-08-16T22:47:59.413520,0.0000000,0.0000000,-8.93,-0.0219,-0.0022,-0.6798,321.0,0.00,0.000,0.000,IDLE
2026-08-16T22:48:00.413483,0.0000000,0.0000000,-8.99,-0.0218,-0.0023,-0.6790,321.0,0.00,0.000,0.000,IDLE
2026-08-16T22:48:01.413386,0.0000000,0.0000000,-9.21,-0.0217,-0.0025,-0.6805,321.0,0.00,0.000,0.000,IDLE
2026-08-16T22:48:02.413922,0.0000000,0.0000000,-9.05,-0.0218,-0.0027,-0.6807,321.0,0.00,0.000,0.000,IDLE
2026-08-16T22:48:03.413468,0.0000000,0.0000000,-8.73,-0.0218,-0.0029,-0.6785,321.0,0.00,0.000,0.000,IDLE
2026-08-16T22:48:04.413424,0.0000000,0.0000000,-8.74,-0.0219,-0.0031,-0.6758,321.0,0.00,0.000,0.000,IDLE
2026-08-16T22:48:05.413297,0.0000000,0.0000000,-8.91,-0.0220,-0.0032,-0.6757,321.0,0.00,0.000,0.000,IDLE
2026-08-16T22:48:06.413294,0.0000000,0.0000000,-9.02,-0.0219,-0.0032,-0.6761,321.0,0.00,0.000,0.000,IDLE
2026-08-16T22:48:07.413352,0.0000000,0.0000000,-8.86,-0.0219,-0.0032,-0.6735,321.0,0.00,0.000,0.000,IDLE
2026-08-16T22:48:08.413292,0.0000000,0.0000000,-8.85,-0.0219,-0.0033,-0.6740,321.0,0.00,0.000,0.000,IDLE
2026-08-16T22:48:09.413414,0.0000000,0.0000000,-9.03,-0.0219,-0.0035,-0.6748,321.0,0.00,0.000,0.000,IDLE
2026-08-16T22:48:10.413287,0.0000000,0.0000000,-8.87,-0.0218,-0.0036,-0.6756,321.0,0.00,0.000,0.000,IDLE
2026-08-16T22:48:11.413337,0.0000000,0.0000000,-9.05,-0.0218,-0.0035,-0.6747,321.0,0.00,0.000,0.000,IDLE
2026-08-16T22:48:12.413842,0.0000000,0.0000000,-9.00,-0.0218,-0.0035,-0.6771,321.0,0.00,0.000,0.000,IDLE
2026-08-16T22:48:13.413392,0.0000000,0.0000000,-8.69,-0.0218,-0.0035,-0.6773,321.0,0.00,0.000,0.000,IDLE
2026-08-16T22:48:14.413302,0.0000000,0.0000000,-8.89,-0.0218,-0.0035,-0.6797,321.0,0.00,0.000,0.000,IDLE
2026-08-16T22:48:15.413634,0.0000000,0.0000000,-8.84,-0.0218,-0.0034,-0.6768,321.0,0.00,0.000,0.000,IDLE
2026-08-16T22:48:16.413303,0.0000000,0.0000000,-9.01,-0.0218,-0.0035,-0.6767,321.0,0.00,0.000,0.000,IDLE
2026-08-16T22:48:17.413633,0.0000000,0.0000000,-8.83,-0.0217,-0.0035,-0.6777,321.0,0.00,0.000,0.000,IDLE
2026-08-16T22:48:18.413387,0.0000000,0.0000000,-8.99,-0.0217,-0.0034,-0.6785,321.0,0.00,0.000,0.000,IDLE
2026-08-16T22:48:19.413356,0.0000000,0.0000000,-8.80,-0.0217,-0.0034,-0.6787,321.0,0.00,0.000,0.000,IDLE
2026-08-16T22:48:20.413373,0.0000000,0.0000000,-8.79,-0.0217,-0.0034,-0.6780,321.0,0.00,0.000,0.000,IDLE
2026-08-16T22:48:21.413270,0.0000000,0.0000000,-9.02,-0.0217,-0.0034,-0.6792,321.0,0.00,0.000,0.000,IDLE
2026-08-16T22:48:22.413288,0.0000000,0.0000000,-8.87,-0.0217,-0.0033,-0.6774,321.0,0.00,0.000,0.000,IDLE
2026-08-16T22:48:23.413339,0.0000000,0.0000000,-8.98,-0.0218,-0.0032,-0.6776,321.0,0.00,0.000,0.000,IDLE
2026-08-16T22:48:24.413307,0.0000000,0.0000000,-8.90,-0.0218,-0.0033,-0.6771,321.0,0.00,0.000,0.000,IDLE
2026-08-16T22:48:25.413466,0.0000000,0.0000000,-9.01,-0.0219,-0.0033,-0.6778,321.0,0.00,0.000,0.000,IDLE
2026-08-16T22:48:26.415653,0.0000000,0.0000000,-8.81,-0.0219,-0.0033,-0.6780,321.0,0.00,0.000,0.000,IDLE
2026-08-16T22:48:27.413404,0.0000000,0.0000000,-8.84,-0.0218,-0.0033,-0.6778,321.0,0.00,0.000,0.000,IDLE
2026-08-16T22:48:28.413300,0.0000000,0.0000000,-8.75,-0.0220,-0.0033,-0.6803,321.0,0.00,0.000,0.000,IDLE
2026-08-16T22:48:29.413769,0.0000000,0.0000000,-9.03,-0.0220,-0.0034,-0.6828,320.0,0.00,0.000,0.000,IDLE
2026-08-16T22:48:30.413368,0.0000000,0.0000000,-8.87,-0.0220,-0.0034,-0.6882,320.0,0.00,0.000,0.000,IDLE
2026-08-16T22:48:31.413661,0.0000000,0.0000000,-8.95,-0.0220,-0.0033,-0.6893,320.0,0.00,0.000,0.000,IDLE
2026-08-16T22:48:32.413415,0.0000000,0.0000000,-8.81,-0.0219,-0.0032,-0.6897,320.0,0.00,0.000,0.000,IDLE
2026-08-16T22:48:33.413275,0.0000000,0.0000000,-8.85,-0.0219,-0.0031,-0.6909,320.0,0.00,0.000,0.000,IDLE
2026-08-16T22:48:34.413268,0.0000000,0.0000000,-8.80,-0.0219,-0.0032,-0.6881,320.0,0.00,0.000,0.000,IDLE
2026-08-16T22:48:35.413347,0.0000000,0.0000000,-8.95,-0.0219,-0.0032,-0.6871,320.0,0.00,0.000,0.000,IDLE
2026-08-16T22:48:36.413352,0.0000000,0.0000000,-8.82,-0.0219,-0.0032,-0.6864,320.0,0.00,0.000,0.000,IDLE
2026-08-16T22:48:37.413504,0.0000000,0.0000000,-8.89,-0.0220,-0.0032,-0.6846,320.0,0.00,0.000,0.000,IDLE
2026-08-16T22:48:38.413296,0.0000000,0.0000000,-8.77,-0.0219,-0.0033,-0.6822,320.0,0.00,0.000,0.000,IDLE
2026-08-16T22:48:39.413400,0.0000000,0.0000000,-8.73,-0.0219,-0.0033,-0.6844,320.0,0.00,0.000,0.000,IDLE
2026-08-16T22:48:40.413316,0.0000000,0.0000000,-8.75,-0.0220,-0.0031,-0.6873,320.0,0.00,0.000,0.000,IDLE
2026-08-16T22:48:41.413426,0.0000000,0.0000000,-8.79,-0.0220,-0.0031,-0.6890,320.0,0.00,0.000,0.000,IDLE
2026-08-16T22:48:42.413312,0.0000000,0.0000000,-8.86,-0.0220,-0.0030,-0.6894,320.0,0.00,0.000,0.000,IDLE
2026-08-16T22:48:43.413739,0.0000000,0.0000000,-8.67,-0.0219,-0.0029,-0.6881,320.0,0.00,0.000,0.000,IDLE
2026-08-16T22:48:44.413376,0.0000000,0.0000000,-8.82,-0.0219,-0.0027,-0.6880,320.0,0.00,0.000,0.000,IDLE
2026-08-16T22:48:45.413476,0.0000000,0.0000000,-9.00,-0.0219,-0.0028,-0.6874,320.0,0.00,0.000,0.000,IDLE
2026-08-16T22:48:46.413446,0.0000000,0.0000000,-8.77,-0.0218,-0.0027,-0.6843,320.0,0.00,0.000,0.000,IDLE
2026-08-16T22:48:47.413391,0.0000000,0.0000000,-8.82,-0.0218,-0.0027,-0.6842,320.0,0.00,0.000,0.000,IDLE
2026-08-16T22:48:48.413274,0.0000000,0.0000000,-8.97,-0.0219,-0.0027,-0.6833,320.0,0.00,0.000,0.000,IDLE
2026-08-16T22:48:49.413305,0.0000000,0.0000000,-8.97,-0.0219,-0.0028,-0.6854,320.0,0.00,0.000,0.000,IDLE
2026-08-16T22:48:50.413796,0.0000000,0.0000000,-8.81,-0.0217,-0.0028,-0.6858,320.0,0.00,0.000,0.000,IDLE
2026-08-16T22:48:51.413350,0.0000000,0.0000000,-8.86,-0.0216,-0.0029,-0.6866,320.0,0.00,0.000,0.000,IDLE
2026-08-16T22:48:52.413330,0.0000000,0.0000000,-8.91,-0.0215,-0.0029,-0.6843,320.0,0.00,0.000,0.000,IDLE
2026-08-16T22:48:53.413297,0.0000000,0.0000000,-8.84,-0.0215,-0.0030,-0.6815,320.0,0.00,0.000,0.000,IDLE
2026-08-16T22:48:54.413408,0.0000000,0.0000000,-8.72,-0.0216,-0.0030,-0.6811,320.0,0.00,0.000,0.000,IDLE
2026-08-16T22:48:55.413374,0.0000000,0.0000000,-9.04,-0.0218,-0.0029,-0.6786,321.0,0.00,0.000,0.000,IDLE
2026-08-16T22:48:56.415013,0.0000000,0.0000000,-8.97,-0.0218,-0.0028,-0.6775,321.0,0.00,0.000,0.000,IDLE
2026-08-16T22:48:57.413342,0.0000000,0.0000000,-8.64,-0.0218,-0.0027,-0.6794,321.0,0.00,0.000,0.000,IDLE
2026-08-16T22:48:58.413320,0.0000000,0.0000000,-9.08,-0.0217,-0.0027,-0.6748,321.0,0.00,0.000,0.000,IDLE
2026-08-16T22:48:59.413306,0.0000000,0.0000000,-8.95,-0.0217,-0.0029,-0.6755,321.0,0.00,0.000,0.000,IDLE
2026-08-16T22:49:00.413653,0.0000000,0.0000000,-8.69,-0.0216,-0.0028,-0.6719,321.0,0.00,0.000,0.000,IDLE
2026-08-16T22:49:01.413355,0.0000000,0.0000000,-8.88,-0.0217,-0.0029,-0.6716,321.0,0.00,0.000,0.000,IDLE
2026-08-16T22:49:02.413342,0.0000000,0.0000000,-8.75,-0.0217,-0.0028,-0.6714,321.0,0.00,0.000,0.000,IDLE
2026-08-16T22:49:03.413338,0.0000000,0.0000000,-8.84,-0.0218,-0.0028,-0.6730,321.0,0.00,0.000,0.000,IDLE
2026-08-16T22:49:04.413558,0.0000000,0.0000000,-8.81,-0.0218,-0.0026,-0.6761,321.0,0.00,0.000,0.000,IDLE
2026-08-16T22:49:05.413475,0.0000000,0.0000000,-8.91,-0.0217,-0.0026,-0.6753,321.0,0.00,0.000,0.000,IDLE
2026-08-16T22:49:06.413293,0.0000000,0.0000000,-8.78,-0.0217,-0.0026,-0.6759,321.0,0.00,0.000,0.000,IDLE
2026-08-16T22:49:07.413307,0.0000000,0.0000000,-8.82,-0.0217,-0.0026,-0.6757,321.0,0.00,0.000,0.000,IDLE
2026-08-16T22:49:08.413314,0.0000000,0.0000000,-8.86,-0.0218,-0.0026,-0.6754,321.0,0.00,0.000,0.000,IDLE
2026-08-16T22:49:09.413649,0.0000000,0.0000000,-8.97,-0.0218,-0.0026,-0.6762,321.0,0.00,0.000,0.000,IDLE
2026-08-16T22:49:10.413361,0.0000000,0.0000000,-8.83,-0.0219,-0.0025,-0.6797,321.0,0.00,0.000,0.000,IDLE
2026-08-16T22:49:11.413326,0.0000000,0.0000000,-8.86,-0.0218,-0.0025,-0.6817,320.0,0.00,0.000,0.000,IDLE
2026-08-16T22:49:12.413343,0.0000000,0.0000000,-8.78,-0.0218,-0.0023,-0.6806,321.0,0.00,0.000,0.000,IDLE
2026-08-16T22:49:13.413340,0.0000000,0.0000000,-8.79,-0.0219,-0.0022,-0.6806,321.0,0.00,0.000,0.000,IDLE
2026-08-16T22:49:14.413342,0.0000000,0.0000000,-8.68,-0.0218,-0.0022,-0.6796,321.0,0.00,0.000,0.000,IDLE
2026-08-16T22:49:15.413258,0.0000000,0.0000000,-8.81,-0.0217,-0.0022,-0.6811,320.0,0.00,0.000,0.000,IDLE
2026-08-16T22:49:16.414343,0.0000000,0.0000000,-8.80,-0.0217,-0.0022,-0.6771,321.0,0.00,0.000,0.000,IDLE
2026-08-16T22:49:17.413432,0.0000000,0.0000000,-8.75,-0.0218,-0.0023,-0.6781,321.0,0.00,0.000,0.000,IDLE
2026-08-16T22:49:18.413466,0.0000000,0.0000000,-8.90,-0.0218,-0.0022,-0.6777,321.0,0.00,0.000,0.000,IDLE
2026-08-16T22:49:19.413375,0.0000000,0.0000000,-8.71,-0.0218,-0.0022,-0.6773,321.0,0.00,0.000,0.000,IDLE
2026-08-16T22:49:20.413293,0.0000000,0.0000000,-9.03,-0.0216,-0.0024,-0.6768,321.0,0.00,0.000,0.000,IDLE
2026-08-16T22:49:21.413345,0.0000000,0.0000000,-8.76,-0.0217,-0.0022,-0.6765,321.0,0.00,0.000,0.000,IDLE
2026-08-16T22:49:22.413355,0.0000000,0.0000000,-8.75,-0.0218,-0.0024,-0.6777,321.0,0.00,0.000,0.000,IDLE
2026-08-16T22:49:23.413356,0.0000000,0.0000000,-8.84,-0.0217,-0.0024,-0.6793,321.0,0.00,0.000,0.000,IDLE
2026-08-16T22:49:24.413269,0.0000000,0.0000000,-8.66,-0.0218,-0.0025,-0.6807,321.0,0.00,0.000,0.000,IDLE
2026-08-16T22:49:25.413379,0.0000000,0.0000000,-8.63,-0.0218,-0.0025,-0.6814,320.0,0.00,0.000,0.000,IDLE
2026-08-16T22:49:26.413524,0.0000000,0.0000000,-8.83,-0.0218,-0.0025,-0.6824,320.0,0.00,0.000,0.000,IDLE
2026-08-16T22:49:27.413612,0.0000000,0.0000000,-8.76,-0.0218,-0.0024,-0.6802,321.0,0.00,0.000,0.000,IDLE
2026-08-16T22:49:28.413318,0.0000000,0.0000000,-8.73,-0.0219,-0.0025,-0.6804,321.0,0.00,0.000,0.000,IDLE
2026-08-16T22:49:29.413372,0.0000000,0.0000000,-8.74,-0.0219,-0.0026,-0.6854,320.0,0.00,0.000,0.000,IDLE
2026-08-16T22:49:30.413333,0.0000000,0.0000000,-8.79,-0.0218,-0.0026,-0.6838,320.0,0.00,0.000,0.000,IDLE
2026-08-16T22:49:31.413418,0.0000000,0.0000000,-8.87,-0.0219,-0.0024,-0.6842,320.0,0.00,0.000,0.000,IDLE
2026-08-16T22:49:32.413628,0.0000000,0.0000000,-8.82,-0.0219,-0.0024,-0.6838,320.0,0.00,0.000,0.000,IDLE
2026-08-16T22:49:33.413357,0.0000000,0.0000000,-8.84,-0.0219,-0.0024,-0.6832,320.0,0.00,0.000,0.000,IDLE
2026-08-16T22:49:34.413465,0.0000000,0.0000000,-8.83,-0.0220,-0.0024,-0.6855,320.0,0.00,0.000,0.000,IDLE
2026-08-16T22:49:35.413709,0.0000000,0.0000000,-8.82,-0.0220,-0.0025,-0.6852,320.0,0.00,0.000,0.000,IDLE
2026-08-16T22:49:36.413346,0.0000000,0.0000000,-9.02,-0.0219,-0.0025,-0.6855,320.0,0.00,0.000,0.000,IDLE
2026-08-16T22:49:37.413862,0.0000000,0.0000000,-8.89,-0.0218,-0.0027,-0.6843,320.0,0.00,0.000,0.000,IDLE
2026-08-16T22:49:38.413310,0.0000000,0.0000000,-8.86,-0.0218,-0.0027,-0.6808,321.0,0.00,0.000,0.000,IDLE
2026-08-16T22:49:39.413295,0.0000000,0.0000000,-8.95,-0.0217,-0.0026,-0.6794,321.0,0.00,0.000,0.000,IDLE
2026-08-16T22:49:40.413513,0.0000000,0.0000000,-9.01,-0.0216,-0.0026,-0.6809,320.0,0.00,0.000,0.000,IDLE
2026-08-16T22:49:41.413269,0.0000000,0.0000000,-8.88,-0.0215,-0.0028,-0.6806,321.0,0.00,0.000,0.000,IDLE
2026-08-16T22:49:42.413373,0.0000000,0.0000000,-8.85,-0.0215,-0.0030,-0.6823,320.0,0.00,0.000,0.000,IDLE
2026-08-16T22:49:43.415222,0.0000000,0.0000000,-8.88,-0.0216,-0.0030,-0.6827,320.0,0.00,0.000,0.000,IDLE
2026-08-16T22:49:44.414996,0.0000000,0.0000000,-8.77,-0.0218,-0.0031,-0.6835,320.0,0.00,0.000,0.000,IDLE
2026-08-16T22:49:45.413448,0.0000000,0.0000000,-8.72,-0.0217,-0.0032,-0.6825,320.0,0.00,0.000,0.000,IDLE
2026-08-16T22:49:46.413711,0.0000000,0.0000000,-8.76,-0.0217,-0.0030,-0.6822,320.0,0.00,0.000,0.000,IDLE
2026-08-16T22:49:47.414109,0.0000000,0.0000000,-8.74,-0.0218,-0.0031,-0.6820,320.0,0.00,0.000,0.000,IDLE
2026-08-16T22:49:48.413253,0.0000000,0.0000000,-8.82,-0.0218,-0.0029,-0.6853,320.0,0.00,0.000,0.000,IDLE
2026-08-16T22:49:49.413309,0.0000000,0.0000000,-8.70,-0.0218,-0.0029,-0.6833,320.0,0.00,0.000,0.000,IDLE
2026-08-16T22:49:50.413358,0.0000000,0.0000000,-8.91,-0.0219,-0.0029,-0.6864,320.0,0.00,0.000,0.000,IDLE
2026-08-16T22:49:51.413299,0.0000000,0.0000000,-8.57,-0.0220,-0.0029,-0.6873,320.0,0.00,0.000,0.000,IDLE
2026-08-16T22:49:52.413392,0.0000000,0.0000000,-8.97,-0.0221,-0.0029,-0.6871,320.0,0.00,0.000,0.000,IDLE
2026-08-16T22:49:53.413262,0.0000000,0.0000000,-8.45,-0.0221,-0.0028,-0.6854,320.0,0.00,0.000,0.000,IDLE
2026-08-16T22:49:54.415607,0.0000000,0.0000000,-8.72,-0.0220,-0.0028,-0.6831,320.0,0.00,0.000,0.000,IDLE
2026-08-16T22:49:55.413401,0.0000000,0.0000000,-8.79,-0.0219,-0.0027,-0.6843,320.0,0.00,0.000,0.000,IDLE
2026-08-16T22:49:56.413283,0.0000000,0.0000000,-8.73,-0.0218,-0.0029,-0.6863,320.0,0.00,0.000,0.000,IDLE
2026-08-16T22:49:57.413286,0.0000000,0.0000000,-8.81,-0.0218,-0.0028,-0.6852,320.0,0.00,0.000,0.000,IDLE
2026-08-16T22:49:58.413372,0.0000000,0.0000000,-8.71,-0.0217,-0.0026,-0.6832,320.0,0.00,0.000,0.000,IDLE
2026-08-16T22:49:59.413332,0.0000000,0.0000000,-8.80,-0.0216,-0.0026,-0.6812,320.0,0.00,0.000,0.000,IDLE
2026-08-16T22:50:00.413633,0.0000000,0.0000000,-8.85,-0.0215,-0.0026,-0.6790,321.0,0.00,0.000,0.000,IDLE
2026-08-16T22:50:01.413459,0.0000000,0.0000000,-8.86,-0.0216,-0.0026,-0.6806,321.0,0.00,0.000,0.000,IDLE
2026-08-16T22:50:02.413273,0.0000000,0.0000000,-8.76,-0.0216,-0.0025,-0.6823,320.0,0.00,0.000,0.000,IDLE
2026-08-16T22:50:03.413347,0.0000000,0.0000000,-8.71,-0.0216,-0.0026,-0.6818,320.0,0.00,0.000,0.000,IDLE
2026-08-16T22:50:04.413797,0.0000000,0.0000000,-8.57,-0.0217,-0.0026,-0.6840,320.0,0.00,0.000,0.000,IDLE
2026-08-16T22:50:05.413269,0.0000000,0.0000000,-8.75,-0.0217,-0.0026,-0.6813,320.0,0.00,0.000,0.000,IDLE
2026-08-16T22:50:06.413324,0.0000000,0.0000000,-8.63,-0.0217,-0.0026,-0.6796,321.0,0.00,0.000,0.000,IDLE
2026-08-16T22:50:07.413329,0.0000000,0.0000000,-8.62,-0.0217,-0.0027,-0.6786,321.0,0.00,0.000,0.000,IDLE
2026-08-16T22:50:08.413347,0.0000000,0.0000000,-8.77,-0.0217,-0.0028,-0.6735,321.0,0.00,0.000,0.000,IDLE
2026-08-16T22:50:09.413256,0.0000000,0.0000000,-8.71,-0.0217,-0.0026,-0.6729,321.0,0.00,0.000,0.000,IDLE
2026-08-16T22:50:10.413345,0.0000000,0.0000000,-8.82,-0.0218,-0.0026,-0.6755,321.0,0.00,0.000,0.000,IDLE
2026-08-16T22:50:11.413269,0.0000000,0.0000000,-8.62,-0.0217,-0.0024,-0.6748,321.0,0.00,0.000,0.000,IDLE
2026-08-16T22:50:12.413308,0.0000000,0.0000000,-8.71,-0.0216,-0.0024,-0.6739,321.0,0.00,0.000,0.000,IDLE
2026-08-16T22:50:13.413328,0.0000000,0.0000000,-8.87,-0.0216,-0.0021,-0.6752,321.0,0.00,0.000,0.000,IDLE
2026-08-16T22:50:14.413436,0.0000000,0.0000000,-8.65,-0.0217,-0.0020,-0.6757,321.0,0.00,0.000,0.000,IDLE
2026-08-16T22:50:15.413390,0.0000000,0.0000000,-8.55,-0.0217,-0.0020,-0.6753,321.0,0.00,0.000,0.000,IDLE
2026-08-16T22:50:16.413350,0.0000000,0.0000000,-8.56,-0.0216,-0.0020,-0.6757,321.0,0.00,0.000,0.000,IDLE
2026-08-16T22:50:17.413567,0.0000000,0.0000000,-8.70,-0.0216,-0.0020,-0.6740,321.0,0.00,0.000,0.000,IDLE
2026-08-16T22:50:18.413493,0.0000000,0.0000000,-8.67,-0.0217,-0.0020,-0.6735,321.0,0.00,0.000,0.000,IDLE
2026-08-16T22:50:19.413544,0.0000000,0.0000000,-8.68,-0.0219,-0.0021,-0.6794,321.0,0.00,0.000,0.000,IDLE
2026-08-16T22:50:20.413295,0.0000000,0.0000000,-8.65,-0.0219,-0.0020,-0.6790,321.0,0.00,0.000,0.000,IDLE
2026-08-16T22:50:21.413370,0.0000000,0.0000000,-8.64,-0.0219,-0.0020,-0.6795,321.0,0.00,0.000,0.000,IDLE
2026-08-16T22:50:22.413336,0.0000000,0.0000000,-8.69,-0.0219,-0.0020,-0.6810,320.0,0.00,0.000,0.000,IDLE
2026-08-16T22:50:23.413346,0.0000000,0.0000000,-8.79,-0.0219,-0.0020,-0.6803,321.0,0.00,0.000,0.000,IDLE
2026-08-16T22:50:24.413408,0.0000000,0.0000000,-8.65,-0.0220,-0.0021,-0.6825,320.0,0.00,0.000,0.000,IDLE
2026-08-16T22:50:25.413370,0.0000000,0.0000000,-8.78,-0.0219,-0.0021,-0.6811,320.0,0.00,0.000,0.000,IDLE
2026-08-16T22:50:26.413412,0.0000000,0.0000000,-8.61,-0.0219,-0.0021,-0.6818,320.0,0.00,0.000,0.000,IDLE
2026-08-16T22:50:27.413377,0.0000000,0.0000000,-8.40,-0.0220,-0.0021,-0.6836,320.0,0.00,0.000,0.000,IDLE
2026-08-16T22:50:28.413405,0.0000000,0.0000000,-8.36,-0.0219,-0.0022,-0.6833,320.0,0.00,0.000,0.000,IDLE
2026-08-16T22:50:29.413674,0.0000000,0.0000000,-8.59,-0.0218,-0.0022,-0.6826,320.0,0.00,0.000,0.000,IDLE
2026-08-16T22:50:30.413303,0.0000000,0.0000000,-8.55,-0.0219,-0.0021,-0.6846,320.0,0.00,0.000,0.000,IDLE
2026-08-16T22:50:31.413408,0.0000000,0.0000000,-8.81,-0.0219,-0.0021,-0.6873,320.0,0.00,0.000,0.000,IDLE
2026-08-16T22:50:32.413366,0.0000000,0.0000000,-8.67,-0.0219,-0.0021,-0.6869,320.0,0.00,0.000,0.000,IDLE
2026-08-16T22:50:33.413570,0.0000000,0.0000000,-8.72,-0.0218,-0.0024,-0.6871,320.0,0.00,0.000,0.000,IDLE
2026-08-16T22:50:34.413616,0.0000000,0.0000000,-8.46,-0.0217,-0.0026,-0.6835,320.0,0.00,0.000,0.000,IDLE
2026-08-16T22:50:35.413879,0.0000000,0.0000000,-8.69,-0.0219,-0.0027,-0.6820,320.0,0.00,0.000,0.000,IDLE
2026-08-16T22:50:36.413730,0.0000000,0.0000000,-8.78,-0.0218,-0.0027,-0.6808,321.0,0.00,0.000,0.000,IDLE
2026-08-16T22:50:37.413519,0.0000000,0.0000000,-8.59,-0.0218,-0.0028,-0.6839,320.0,0.00,0.000,0.000,IDLE
2026-08-16T22:50:38.413356,0.0000000,0.0000000,-8.61,-0.0219,-0.0028,-0.6846,320.0,0.00,0.000,0.000,IDLE
2026-08-16T22:50:39.413300,0.0000000,0.0000000,-8.65,-0.0218,-0.0027,-0.6860,320.0,0.00,0.000,0.000,IDLE
2026-08-16T22:50:40.413413,0.0000000,0.0000000,-8.67,-0.0219,-0.0029,-0.6842,320.0,0.00,0.000,0.000,IDLE
2026-08-16T22:50:41.413725,0.0000000,0.0000000,-8.71,-0.0219,-0.0030,-0.6839,320.0,0.00,0.000,0.000,IDLE
2026-08-16T22:50:42.413410,0.0000000,0.0000000,-8.65,-0.0220,-0.0030,-0.6859,320.0,0.00,0.000,0.000,IDLE
2026-08-16T22:50:43.413330,0.0000000,0.0000000,-8.64,-0.0219,-0.0031,-0.6882,320.0,0.00,0.000,0.000,IDLE
2026-08-16T22:50:44.413313,0.0000000,0.0000000,-8.64,-0.0219,-0.0032,-0.6859,320.0,0.00,0.000,0.000,IDLE
2026-08-16T22:50:45.413349,0.0000000,0.0000000,-8.56,-0.0218,-0.0031,-0.6831,320.0,0.00,0.000,0.000,IDLE
2026-08-16T22:50:46.413305,0.0000000,0.0000000,-8.49,-0.0217,-0.0030,-0.6809,320.0,0.00,0.000,0.000,IDLE
2026-08-16T22:50:47.413365,0.0000000,0.0000000,-8.48,-0.0217,-0.0030,-0.6801,321.0,0.00,0.000,0.000,IDLE
2026-08-16T22:50:48.413611,0.0000000,0.0000000,-8.77,-0.0217,-0.0031,-0.6805,321.0,0.00,0.000,0.000,IDLE
2026-08-16T22:50:49.414247,0.0000000,0.0000000,-8.58,-0.0218,-0.0032,-0.6832,320.0,0.00,0.000,0.000,IDLE
2026-08-16T22:50:50.413359,0.0000000,0.0000000,-8.60,-0.0217,-0.0033,-0.6838,320.0,0.00,0.000,0.000,IDLE
2026-08-16T22:50:51.413306,0.0000000,0.0000000,-8.58,-0.0217,-0.0032,-0.6829,320.0,0.00,0.000,0.000,IDLE
2026-08-16T22:50:52.413607,0.0000000,0.0000000,-8.65,-0.0217,-0.0033,-0.6851,320.0,0.00,0.000,0.000,IDLE
2026-08-16T22:50:53.413377,0.0000000,0.0000000,-8.63,-0.0217,-0.0034,-0.6852,320.0,0.00,0.000,0.000,IDLE
2026-08-16T22:50:54.413411,0.0000000,0.0000000,-8.51,-0.0216,-0.0034,-0.6854,320.0,0.00,0.000,0.000,IDLE
2026-08-16T22:50:55.413598,0.0000000,0.0000000,-8.57,-0.0216,-0.0035,-0.6860,320.0,0.00,0.000,0.000,IDLE
2026-08-16T22:50:56.413508,0.0000000,0.0000000,-8.61,-0.0215,-0.0034,-0.6839,320.0,0.00,0.000,0.000,IDLE
2026-08-16T22:50:57.414446,0.0000000,0.0000000,-8.62,-0.0216,-0.0035,-0.6828,320.0,0.00,0.000,0.000,IDLE
2026-08-16T22:50:58.413319,0.0000000,0.0000000,-8.69,-0.0218,-0.0036,-0.6867,320.0,0.00,0.000,0.000,IDLE
2026-08-16T22:50:59.413580,0.0000000,0.0000000,-8.59,-0.0220,-0.0038,-0.6886,320.0,0.00,0.000,0.000,IDLE
2026-08-16T22:51:00.413375,0.0000000,0.0000000,-8.67,-0.0219,-0.0038,-0.6828,320.0,0.00,0.000,0.000,IDLE
2026-08-16T22:51:01.413289,0.0000000,0.0000000,-8.73,-0.0219,-0.0038,-0.6849,320.0,0.00,0.000,0.000,IDLE
2026-08-16T22:51:02.413438,0.0000000,0.0000000,-8.59,-0.0218,-0.0038,-0.6829,320.0,0.00,0.000,0.000,IDLE
2026-08-16T22:51:03.413396,0.0000000,0.0000000,-8.63,-0.0219,-0.0037,-0.6841,320.0,0.00,0.000,0.000,IDLE
2026-08-16T22:51:04.413368,0.0000000,0.0000000,-8.52,-0.0220,-0.0037,-0.6846,320.0,0.00,0.000,0.000,IDLE
2026-08-16T22:51:05.413703,0.0000000,0.0000000,-8.52,-0.0220,-0.0035,-0.6845,320.0,0.00,0.000,0.000,IDLE
2026-08-16T22:51:06.413427,0.0000000,0.0000000,-8.80,-0.0219,-0.0034,-0.6839,320.0,0.00,0.000,0.000,IDLE
2026-08-16T22:51:07.413660,0.0000000,0.0000000,-8.67,-0.0219,-0.0034,-0.6811,320.0,0.00,0.000,0.000,IDLE
2026-08-16T22:51:08.413417,0.0000000,0.0000000,-8.67,-0.0220,-0.0035,-0.6820,320.0,0.00,0.000,0.000,IDLE
2026-08-16T22:51:09.413455,0.0000000,0.0000000,-8.58,-0.0220,-0.0034,-0.6860,320.0,0.00,0.000,0.000,IDLE
2026-08-16T22:51:10.413883,0.0000000,0.0000000,-8.74,-0.0220,-0.0033,-0.6879,320.0,0.00,0.000,0.000,IDLE
2026-08-16T22:51:11.413293,0.0000000,0.0000000,-8.57,-0.0221,-0.0031,-0.6913,320.0,0.00,0.000,0.000,IDLE
2026-08-16T22:51:12.413265,0.0000000,0.0000000,-8.57,-0.0221,-0.0032,-0.6922,320.0,0.00,0.000,0.000,IDLE
2026-08-16T22:51:13.413316,0.0000000,0.0000000,-8.70,-0.0220,-0.0032,-0.6922,320.0,0.00,0.000,0.000,IDLE
2026-08-16T22:51:14.414405,0.0000000,0.0000000,-8.60,-0.0220,-0.0032,-0.6910,320.0,0.00,0.000,0.000,IDLE
2026-08-16T22:51:15.413371,0.0000000,0.0000000,-8.75,-0.0221,-0.0032,-0.6898,320.0,0.00,0.000,0.000,IDLE
2026-08-16T22:51:16.413718,0.0000000,0.0000000,-8.61,-0.0220,-0.0032,-0.6891,320.0,0.00,0.000,0.000,IDLE
2026-08-16T22:51:17.413464,0.0000000,0.0000000,-8.57,-0.0220,-0.0031,-0.6859,320.0,0.00,0.000,0.000,IDLE
2026-08-16T22:51:18.413411,0.0000000,0.0000000,-8.86,-0.0221,-0.0031,-0.6831,320.0,0.00,0.000,0.000,IDLE
2026-08-16T22:51:19.413380,0.0000000,0.0000000,-8.77,-0.0221,-0.0030,-0.6797,321.0,0.00,0.000,0.000,IDLE
2026-08-16T22:51:20.413365,0.0000000,0.0000000,-8.88,-0.0222,-0.0031,-0.6808,321.0,0.00,0.000,0.000,IDLE
2026-08-16T22:51:21.413284,0.0000000,0.0000000,-8.54,-0.0222,-0.0030,-0.6826,320.0,0.00,0.000,0.000,IDLE
2026-08-16T22:51:22.413336,0.0000000,0.0000000,-8.87,-0.0220,-0.0031,-0.6787,321.0,0.00,0.000,0.000,IDLE
2026-08-16T22:51:23.413348,0.0000000,0.0000000,-8.66,-0.0221,-0.0032,-0.6797,321.0,0.00,0.000,0.000,IDLE
2026-08-16T22:51:24.413340,0.0000000,0.0000000,-8.49,-0.0220,-0.0031,-0.6784,321.0,0.00,0.000,0.000,IDLE
2026-08-16T22:51:25.413525,0.0000000,0.0000000,-8.77,-0.0221,-0.0031,-0.6790,321.0,0.00,0.000,0.000,IDLE
2026-08-16T22:51:26.413552,0.0000000,0.0000000,-8.68,-0.0221,-0.0030,-0.6793,321.0,0.00,0.000,0.000,IDLE
2026-08-16T22:51:27.413347,0.0000000,0.0000000,-8.60,-0.0221,-0.0031,-0.6780,321.0,0.00,0.000,0.000,IDLE
2026-08-16T22:51:28.413296,0.0000000,0.0000000,-8.53,-0.0221,-0.0031,-0.6793,321.0,0.00,0.000,0.000,IDLE
2026-08-16T22:51:29.413245,0.0000000,0.0000000,-8.73,-0.0221,-0.0030,-0.6791,321.0,0.00,0.000,0.000,IDLE
2026-08-16T22:51:30.416124,0.0000000,0.0000000,-8.70,-0.0220,-0.0030,-0.6773,321.0,0.00,0.000,0.000,IDLE
2026-08-16T22:51:31.418030,0.0000000,0.0000000,-8.61,-0.0219,-0.0030,-0.6760,321.0,0.00,0.000,0.000,IDLE
2026-08-16T22:51:32.415555,0.0000000,0.0000000,-8.76,-0.0217,-0.0029,-0.6774,321.0,0.00,0.000,0.000,IDLE
2026-08-16T22:51:33.413410,0.0000000,0.0000000,-8.80,-0.0217,-0.0028,-0.6762,321.0,0.00,0.000,0.000,IDLE
2026-08-16T22:51:34.413694,0.0000000,0.0000000,-8.66,-0.0216,-0.0029,-0.6726,321.0,0.00,0.000,0.000,IDLE
2026-08-16T22:51:35.413447,0.0000000,0.0000000,-8.68,-0.0217,-0.0028,-0.6713,321.0,0.00,0.000,0.000,IDLE
2026-08-16T22:51:36.413382,0.0000000,0.0000000,-8.71,-0.0217,-0.0029,-0.6711,321.0,0.00,0.000,0.000,IDLE
2026-08-16T22:51:37.413274,0.0000000,0.0000000,-8.73,-0.0217,-0.0028,-0.6712,321.0,0.00,0.000,0.000,IDLE
2026-08-16T22:51:38.413252,0.0000000,0.0000000,-8.85,-0.0217,-0.0027,-0.6710,321.0,0.00,0.000,0.000,IDLE
2026-08-16T22:51:39.413421,0.0000000,0.0000000,-8.65,-0.0216,-0.0028,-0.6700,321.0,0.00,0.000,0.000,IDLE
2026-08-16T22:51:40.413343,0.0000000,0.0000000,-8.55,-0.0216,-0.0028,-0.6737,321.0,0.00,0.000,0.000,IDLE
2026-08-16T22:51:41.413360,0.0000000,0.0000000,-8.80,-0.0216,-0.0027,-0.6749,321.0,0.00,0.000,0.000,IDLE
2026-08-16T22:51:42.413316,0.0000000,0.0000000,-8.73,-0.0216,-0.0028,-0.6735,321.0,0.00,0.000,0.000,IDLE
2026-08-16T22:51:43.413617,0.0000000,0.0000000,-8.56,-0.0215,-0.0028,-0.6731,321.0,0.00,0.000,0.000,IDLE
2026-08-16T22:51:44.413446,0.0000000,0.0000000,-8.63,-0.0215,-0.0027,-0.6755,321.0,0.00,0.000,0.000,IDLE
2026-08-16T22:51:45.413427,0.0000000,0.0000000,-8.60,-0.0214,-0.0027,-0.6733,321.0,0.00,0.000,0.000,IDLE
2026-08-16T22:51:46.413273,0.0000000,0.0000000,-8.67,-0.0215,-0.0026,-0.6707,321.0,0.00,0.000,0.000,IDLE
2026-08-16T22:51:47.413286,0.0000000,0.0000000,-8.71,-0.0216,-0.0027,-0.6730,321.0,0.00,0.000,0.000,IDLE
2026-08-16T22:51:48.413243,0.0000000,0.0000000,-8.51,-0.0218,-0.0026,-0.6731,321.0,0.00,0.000,0.000,IDLE
2026-08-16T22:51:49.413539,0.0000000,0.0000000,-8.65,-0.0218,-0.0027,-0.6738,321.0,0.00,0.000,0.000,IDLE
2026-08-16T22:51:50.413324,0.0000000,0.0000000,-8.62,-0.0217,-0.0025,-0.6716,321.0,0.00,0.000,0.000,IDLE
2026-08-16T22:51:51.417793,0.0000000,0.0000000,-8.47,-0.0217,-0.0024,-0.6741,321.0,0.00,0.000,0.000,IDLE
2026-08-16T22:51:52.413472,0.0000000,0.0000000,-8.55,-0.0218,-0.0025,-0.6736,321.0,0.00,0.000,0.000,IDLE
2026-08-16T22:51:53.413283,0.0000000,0.0000000,-8.56,-0.0216,-0.0025,-0.6707,321.0,0.00,0.000,0.000,IDLE
2026-08-16T22:51:54.414576,0.0000000,0.0000000,-8.55,-0.0215,-0.0024,-0.6734,321.0,0.00,0.000,0.000,IDLE
2026-08-16T22:51:55.413499,0.0000000,0.0000000,-8.62,-0.0215,-0.0025,-0.6734,321.0,0.00,0.000,0.000,IDLE
2026-08-16T22:51:56.413371,0.0000000,0.0000000,-8.55,-0.0216,-0.0025,-0.6719,321.0,0.00,0.000,0.000,IDLE
2026-08-16T22:51:57.413333,0.0000000,0.0000000,-8.73,-0.0217,-0.0025,-0.6720,321.0,0.00,0.000,0.000,IDLE
2026-08-16T22:51:58.413312,0.0000000,0.0000000,-8.55,-0.0217,-0.0026,-0.6716,321.0,0.00,0.000,0.000,IDLE
2026-08-16T22:51:59.413308,0.0000000,0.0000000,-8.69,-0.0218,-0.0027,-0.6713,321.0,0.00,0.000,0.000,IDLE
2026-08-16T22:52:00.413301,0.0000000,0.0000000,-8.54,-0.0218,-0.0028,-0.6735,321.0,0.00,0.000,0.000,IDLE
2026-08-16T22:52:01.413380,0.0000000,0.0000000,-8.80,-0.0219,-0.0028,-0.6738,321.0,0.00,0.000,0.000,IDLE
2026-08-16T22:52:02.413345,0.0000000,0.0000000,-8.60,-0.0218,-0.0028,-0.6727,321.0,0.00,0.000,0.000,IDLE
2026-08-16T22:52:03.413275,0.0000000,0.0000000,-8.72,-0.0219,-0.0027,-0.6728,321.0,0.00,0.000,0.000,IDLE
2026-08-16T22:52:04.413285,0.0000000,0.0000000,-8.63,-0.0218,-0.0027,-0.6733,321.0,0.00,0.000,0.000,IDLE
2026-08-16T22:52:05.413513,0.0000000,0.0000000,-8.45,-0.0218,-0.0027,-0.6770,321.0,0.00,0.000,0.000,IDLE
2026-08-16T22:52:06.413394,0.0000000,0.0000000,-8.49,-0.0217,-0.0029,-0.6788,321.0,0.00,0.000,0.000,IDLE
2026-08-16T22:52:07.413361,0.0000000,0.0000000,-8.57,-0.0218,-0.0029,-0.6791,321.0,0.00,0.000,0.000,IDLE
2026-08-16T22:52:08.413372,0.0000000,0.0000000,-8.73,-0.0218,-0.0031,-0.6804,321.0,0.00,0.000,0.000,IDLE
2026-08-16T22:52:09.413314,0.0000000,0.0000000,-8.65,-0.0219,-0.0030,-0.6800,321.0,0.00,0.000,0.000,IDLE
2026-08-16T22:52:10.413384,0.0000000,0.0000000,-8.74,-0.0219,-0.0029,-0.6823,320.0,0.00,0.000,0.000,IDLE
2026-08-16T22:52:11.413252,0.0000000,0.0000000,-8.55,-0.0219,-0.0030,-0.6803,321.0,0.00,0.000,0.000,IDLE
2026-08-16T22:52:12.413351,0.0000000,0.0000000,-8.58,-0.0219,-0.0028,-0.6820,320.0,0.00,0.000,0.000,IDLE
2026-08-16T22:52:13.413355,0.0000000,0.0000000,-8.58,-0.0220,-0.0027,-0.6824,320.0,0.00,0.000,0.000,IDLE
2026-08-16T22:52:14.413364,0.0000000,0.0000000,-8.47,-0.0220,-0.0028,-0.6804,321.0,0.00,0.000,0.000,IDLE
2026-08-16T22:52:15.413994,0.0000000,0.0000000,-8.63,-0.0219,-0.0027,-0.6803,321.0,0.00,0.000,0.000,IDLE
2026-08-16T22:52:16.413319,0.0000000,0.0000000,-8.62,-0.0220,-0.0027,-0.6859,320.0,0.00,0.000,0.000,IDLE
2026-08-16T22:52:17.413319,0.0000000,0.0000000,-8.54,-0.0221,-0.0026,-0.6899,320.0,0.00,0.000,0.000,IDLE
2026-08-16T22:52:18.413416,0.0000000,0.0000000,-8.65,-0.0220,-0.0025,-0.6858,320.0,0.00,0.000,0.000,IDLE
2026-08-16T22:52:19.415975,0.0000000,0.0000000,-8.49,-0.0220,-0.0025,-0.6845,320.0,0.00,0.000,0.000,IDLE
2026-08-16T22:52:20.413835,0.0000000,0.0000000,-8.81,-0.0221,-0.0026,-0.6830,320.0,0.00,0.000,0.000,IDLE
2026-08-16T22:52:21.413583,0.0000000,0.0000000,-8.57,-0.0221,-0.0026,-0.6865,320.0,0.00,0.000,0.000,IDLE
2026-08-16T22:52:22.413380,0.0000000,0.0000000,-8.74,-0.0221,-0.0027,-0.6856,320.0,0.00,0.000,0.000,IDLE
2026-08-16T22:52:23.413350,0.0000000,0.0000000,-8.38,-0.0221,-0.0027,-0.6855,320.0,0.00,0.000,0.000,IDLE
2026-08-16T22:52:24.413382,0.0000000,0.0000000,-8.56,-0.0221,-0.0027,-0.6844,320.0,0.00,0.000,0.000,IDLE
2026-08-16T22:52:25.413338,0.0000000,0.0000000,-8.61,-0.0222,-0.0027,-0.6846,320.0,0.00,0.000,0.000,IDLE
2026-08-16T22:52:26.413334,0.0000000,0.0000000,-8.65,-0.0222,-0.0026,-0.6823,320.0,0.00,0.000,0.000,IDLE
2026-08-16T22:52:27.413360,0.0000000,0.0000000,-8.63,-0.0221,-0.0025,-0.6816,320.0,0.00,0.000,0.000,IDLE
2026-08-16T22:52:28.413401,0.0000000,0.0000000,-8.64,-0.0221,-0.0024,-0.6833,320.0,0.00,0.000,0.000,IDLE
2026-08-16T22:52:29.413323,0.0000000,0.0000000,-8.60,-0.0220,-0.0026,-0.6827,320.0,0.00,0.000,0.000,IDLE
2026-08-16T22:52:30.413429,0.0000000,0.0000000,-8.59,-0.0219,-0.0025,-0.6818,320.0,0.00,0.000,0.000,IDLE
2026-08-16T22:52:31.413409,0.0000000,0.0000000,-8.68,-0.0219,-0.0025,-0.6829,320.0,0.00,0.000,0.000,IDLE
2026-08-16T22:52:32.413353,0.0000000,0.0000000,-8.52,-0.0219,-0.0024,-0.6813,320.0,0.00,0.000,0.000,IDLE
2026-08-16T22:52:33.413304,0.0000000,0.0000000,-8.58,-0.0219,-0.0026,-0.6801,321.0,0.00,0.000,0.000,IDLE
2026-08-16T22:52:34.413393,0.0000000,0.0000000,-8.63,-0.0218,-0.0026,-0.6807,321.0,0.00,0.000,0.000,IDLE
2026-08-16T22:52:35.413433,0.0000000,0.0000000,-8.66,-0.0219,-0.0027,-0.6814,320.0,0.00,0.000,0.000,IDLE
2026-08-16T22:52:36.413314,0.0000000,0.0000000,-8.58,-0.0219,-0.0028,-0.6815,320.0,0.00,0.000,0.000,IDLE
2026-08-16T22:52:37.413344,0.0000000,0.0000000,-8.52,-0.0218,-0.0028,-0.6812,320.0,0.00,0.000,0.000,IDLE
2026-08-16T22:52:38.419200,0.0000000,0.0000000,-8.57,-0.0217,-0.0029,-0.6843,320.0,0.00,0.000,0.000,IDLE
2026-08-16T22:52:39.413364,0.0000000,0.0000000,-8.51,-0.0218,-0.0029,-0.6874,320.0,0.00,0.000,0.000,IDLE
2026-08-16T22:52:40.413643,0.0000000,0.0000000,-8.62,-0.0218,-0.0029,-0.6860,320.0,0.00,0.000,0.000,IDLE
2026-08-16T22:52:41.413385,0.0000000,0.0000000,-8.57,-0.0219,-0.0029,-0.6867,320.0,0.00,0.000,0.000,IDLE
2026-08-16T22:52:42.413344,0.0000000,0.0000000,-8.70,-0.0219,-0.0030,-0.6837,320.0,0.00,0.000,0.000,IDLE
2026-08-16T22:52:43.413544,0.0000000,0.0000000,-8.57,-0.0220,-0.0030,-0.6849,320.0,0.00,0.000,0.000,IDLE
2026-08-16T22:52:44.413336,0.0000000,0.0000000,-8.68,-0.0222,-0.0030,-0.6857,320.0,0.00,0.000,0.000,IDLE
2026-08-16T22:52:45.413311,0.0000000,0.0000000,-8.62,-0.0223,-0.0031,-0.6862,320.0,0.00,0.000,0.000,IDLE
2026-08-16T22:52:46.413759,0.0000000,0.0000000,-8.66,-0.0222,-0.0031,-0.6854,320.0,0.00,0.000,0.000,IDLE
2026-08-16T22:52:47.413295,0.0000000,0.0000000,-8.63,-0.0222,-0.0031,-0.6914,320.0,0.00,0.000,0.000,IDLE
2026-08-16T22:52:48.413453,0.0000000,0.0000000,-8.71,-0.0222,-0.0030,-0.6883,320.0,0.00,0.000,0.000,IDLE
2026-08-16T22:52:49.413345,0.0000000,0.0000000,-8.61,-0.0222,-0.0029,-0.6875,320.0,0.00,0.000,0.000,IDLE
2026-08-16T22:52:50.413534,0.0000000,0.0000000,-8.70,-0.0222,-0.0030,-0.6845,320.0,0.00,0.000,0.000,IDLE
2026-08-16T22:52:51.413638,0.0000000,0.0000000,-8.53,-0.0222,-0.0030,-0.6848,320.0,0.00,0.000,0.000,IDLE
2026-08-16T22:52:52.413295,0.0000000,0.0000000,-8.59,-0.0222,-0.0029,-0.6852,320.0,0.00,0.000,0.000,IDLE
2026-08-16T22:52:53.413318,0.0000000,0.0000000,-8.62,-0.0222,-0.0028,-0.6878,320.0,0.00,0.000,0.000,IDLE
2026-08-16T22:52:54.413365,0.0000000,0.0000000,-8.60,-0.0221,-0.0028,-0.6847,320.0,0.00,0.000,0.000,IDLE
2026-08-16T22:52:55.413281,0.0000000,0.0000000,-8.59,-0.0221,-0.0029,-0.6865,320.0,0.00,0.000,0.000,IDLE
2026-08-16T22:52:56.413434,0.0000000,0.0000000,-8.66,-0.0221,-0.0029,-0.6838,320.0,0.00,0.000,0.000,IDLE
2026-08-16T22:52:57.413414,0.0000000,0.0000000,-8.54,-0.0220,-0.0028,-0.6838,320.0,0.00,0.000,0.000,IDLE
2026-08-16T22:52:58.413398,0.0000000,0.0000000,-8.62,-0.0220,-0.0028,-0.6861,320.0,0.00,0.000,0.000,IDLE
2026-08-16T22:52:59.413616,0.0000000,0.0000000,-8.70,-0.0219,-0.0027,-0.6848,320.0,0.00,0.000,0.000,IDLE
2026-08-16T22:53:00.413385,0.0000000,0.0000000,-8.74,-0.0217,-0.0027,-0.6843,320.0,0.00,0.000,0.000,IDLE
2026-08-16T22:53:01.413370,0.0000000,0.0000000,-8.65,-0.0218,-0.0026,-0.6820,320.0,0.00,0.000,0.000,IDLE
2026-08-16T22:53:02.413416,0.0000000,0.0000000,-8.73,-0.0218,-0.0024,-0.6838,320.0,0.00,0.000,0.000,IDLE
2026-08-16T22:53:03.413313,0.0000000,0.0000000,-8.79,-0.0217,-0.0021,-0.6807,321.0,0.00,0.000,0.000,IDLE
2026-08-16T22:53:04.413358,0.0000000,0.0000000,-8.74,-0.0217,-0.0019,-0.6804,321.0,0.00,0.000,0.000,IDLE
2026-08-16T22:53:05.413441,0.0000000,0.0000000,-8.76,-0.0219,-0.0019,-0.6800,321.0,0.00,0.000,0.000,IDLE
2026-08-16T22:53:06.413370,0.0000000,0.0000000,-8.53,-0.0217,-0.0019,-0.6835,320.0,0.00,0.000,0.000,IDLE
2026-08-16T22:53:07.413347,0.0000000,0.0000000,-8.47,-0.0217,-0.0021,-0.6843,320.0,0.00,0.000,0.000,IDLE
2026-08-16T22:53:08.413401,0.0000000,0.0000000,-8.59,-0.0218,-0.0021,-0.6851,320.0,0.00,0.000,0.000,IDLE
2026-08-16T22:53:09.413293,0.0000000,0.0000000,-8.43,-0.0219,-0.0023,-0.6879,320.0,0.00,0.000,0.000,IDLE
2026-08-16T22:53:10.413331,0.0000000,0.0000000,-8.57,-0.0218,-0.0022,-0.6897,320.0,0.00,0.000,0.000,IDLE
2026-08-16T22:53:11.413601,0.0000000,0.0000000,-8.44,-0.0218,-0.0022,-0.6898,320.0,0.00,0.000,0.000,IDLE
2026-08-16T22:53:12.416998,0.0000000,0.0000000,-8.66,-0.0218,-0.0021,-0.6887,320.0,0.00,0.000,0.000,IDLE
2026-08-16T22:53:13.413329,0.0000000,0.0000000,-8.67,-0.0217,-0.0022,-0.6863,320.0,0.00,0.000,0.000,IDLE
2026-08-16T22:53:14.413328,0.0000000,0.0000000,-8.50,-0.0218,-0.0019,-0.6852,320.0,0.00,0.000,0.000,IDLE
2026-08-16T22:53:15.413361,0.0000000,0.0000000,-8.66,-0.0217,-0.0015,-0.6847,320.0,0.00,0.000,0.000,IDLE
2026-08-16T22:53:16.413722,0.0000000,0.0000000,-8.64,-0.0217,-0.0020,-0.6833,320.0,0.00,0.000,0.000,IDLE
2026-08-16T22:53:17.413271,0.0000000,0.0000000,-8.59,-0.0217,-0.0023,-0.6819,320.0,0.00,0.000,0.000,IDLE
2026-08-16T22:53:18.413338,0.0000000,0.0000000,-8.47,-0.0216,-0.0025,-0.6799,321.0,0.00,0.000,0.000,IDLE
2026-08-16T22:53:19.413294,0.0000000,0.0000000,-8.45,-0.0216,-0.0024,-0.6827,320.0,0.00,0.000,0.000,IDLE
2026-08-16T22:53:20.414123,0.0000000,0.0000000,-8.33,-0.0214,-0.0026,-0.6818,320.0,0.00,0.000,0.000,IDLE
2026-08-16T22:53:21.413286,0.0000000,0.0000000,-8.45,-0.0215,-0.0026,-0.6771,321.0,0.00,0.000,0.000,IDLE
2026-08-16T22:53:22.413870,0.0000000,0.0000000,-8.67,-0.0214,-0.0026,-0.6755,321.0,0.00,0.000,0.000,IDLE
2026-08-16T22:53:23.413334,0.0000000,0.0000000,-8.54,-0.0215,-0.0027,-0.6754,321.0,0.00,0.000,0.000,IDLE
2026-08-16T22:53:24.413318,0.0000000,0.0000000,-8.45,-0.0214,-0.0028,-0.6743,321.0,0.00,0.000,0.000,IDLE
2026-08-16T22:53:25.413302,0.0000000,0.0000000,-8.67,-0.0215,-0.0029,-0.6753,321.0,0.00,0.000,0.000,IDLE
2026-08-16T22:53:26.413608,0.0000000,0.0000000,-8.62,-0.0216,-0.0028,-0.6732,321.0,0.00,0.000,0.000,IDLE
2026-08-16T22:53:27.413246,0.0000000,0.0000000,-8.57,-0.0218,-0.0029,-0.6739,321.0,0.00,0.000,0.000,IDLE
2026-08-16T22:53:28.413428,0.0000000,0.0000000,-8.34,-0.0218,-0.0030,-0.6747,321.0,0.00,0.000,0.000,IDLE
2026-08-16T22:53:29.413384,0.0000000,0.0000000,-8.68,-0.0217,-0.0030,-0.6733,321.0,0.00,0.000,0.000,IDLE
2026-08-16T22:53:30.413283,0.0000000,0.0000000,-8.65,-0.0218,-0.0029,-0.6759,321.0,0.00,0.000,0.000,IDLE
2026-08-16T22:53:31.413814,0.0000000,0.0000000,-8.42,-0.0217,-0.0030,-0.6749,321.0,0.00,0.000,0.000,IDLE
2026-08-16T22:53:32.413876,0.0000000,0.0000000,-8.52,-0.0216,-0.0031,-0.6806,321.0,0.00,0.000,0.000,IDLE
2026-08-16T22:53:33.413359,0.0000000,0.0000000,-8.43,-0.0216,-0.0030,-0.6826,320.0,0.00,0.000,0.000,IDLE
2026-08-16T22:53:34.413322,0.0000000,0.0000000,-8.65,-0.0216,-0.0030,-0.6839,320.0,0.00,0.000,0.000,IDLE
2026-08-16T22:53:35.413334,0.0000000,0.0000000,-8.59,-0.0215,-0.0027,-0.6841,320.0,0.00,0.000,0.000,IDLE
2026-08-16T22:53:36.413315,0.0000000,0.0000000,-8.40,-0.0215,-0.0028,-0.6801,321.0,0.00,0.000,0.000,IDLE
2026-08-16T22:53:37.413366,0.0000000,0.0000000,-8.63,-0.0215,-0.0027,-0.6781,321.0,0.00,0.000,0.000,IDLE
2026-08-16T22:53:38.413292,0.0000000,0.0000000,-8.55,-0.0216,-0.0028,-0.6811,320.0,0.00,0.000,0.000,IDLE
2026-08-16T22:53:39.413917,0.0000000,0.0000000,-8.63,-0.0217,-0.0028,-0.6824,320.0,0.00,0.000,0.000,IDLE
2026-08-16T22:53:40.413443,0.0000000,0.0000000,-8.50,-0.0216,-0.0027,-0.6843,320.0,0.00,0.000,0.000,IDLE
2026-08-16T22:53:41.413367,0.0000000,0.0000000,-8.52,-0.0215,-0.0026,-0.6814,320.0,0.00,0.000,0.000,IDLE
2026-08-16T22:53:42.413335,0.0000000,0.0000000,-8.59,-0.0215,-0.0027,-0.6811,320.0,0.00,0.000,0.000,IDLE
2026-08-16T22:53:43.413248,0.0000000,0.0000000,-8.63,-0.0215,-0.0028,-0.6818,320.0,0.00,0.000,0.000,IDLE
2026-08-16T22:53:44.413418,0.0000000,0.0000000,-8.60,-0.0216,-0.0028,-0.6798,321.0,0.00,0.000,0.000,IDLE
2026-08-16T22:53:45.413348,0.0000000,0.0000000,-8.58,-0.0215,-0.0028,-0.6792,321.0,0.00,0.000,0.000,IDLE
2026-08-16T22:53:46.413351,0.0000000,0.0000000,-8.64,-0.0215,-0.0027,-0.6776,321.0,0.00,0.000,0.000,IDLE
2026-08-16T22:53:47.413339,0.0000000,0.0000000,-8.67,-0.0215,-0.0030,-0.6764,321.0,0.00,0.000,0.000,IDLE
2026-08-16T22:53:48.413430,0.0000000,0.0000000,-8.55,-0.0216,-0.0030,-0.6775,321.0,0.00,0.000,0.000,IDLE
2026-08-16T22:53:49.413334,0.0000000,0.0000000,-8.51,-0.0217,-0.0030,-0.6793,321.0,0.00,0.000,0.000,IDLE
2026-08-16T22:53:50.413387,0.0000000,0.0000000,-8.43,-0.0216,-0.0030,-0.6815,320.0,0.00,0.000,0.000,IDLE
2026-08-16T22:53:51.413326,0.0000000,0.0000000,-8.64,-0.0216,-0.0029,-0.6847,320.0,0.00,0.000,0.000,IDLE
2026-08-16T22:53:52.413407,0.0000000,0.0000000,-8.61,-0.0215,-0.0029,-0.6826,320.0,0.00,0.000,0.000,IDLE
2026-08-16T22:53:53.413284,0.0000000,0.0000000,-8.63,-0.0217,-0.0029,-0.6834,320.0,0.00,0.000,0.000,IDLE
2026-08-16T22:53:54.413325,0.0000000,0.0000000,-8.45,-0.0218,-0.0028,-0.6843,320.0,0.00,0.000,0.000,IDLE
2026-08-16T22:53:55.413332,0.0000000,0.0000000,-8.80,-0.0218,-0.0029,-0.6847,320.0,0.00,0.000,0.000,IDLE
2026-08-16T22:53:56.413728,0.0000000,0.0000000,-8.51,-0.0219,-0.0030,-0.6853,320.0,0.00,0.000,0.000,IDLE
2026-08-16T22:53:57.413334,0.0000000,0.0000000,-8.58,-0.0219,-0.0027,-0.6873,320.0,0.00,0.000,0.000,IDLE
2026-08-16T22:53:58.413271,0.0000000,0.0000000,-8.52,-0.0218,-0.0028,-0.6869,320.0,0.00,0.000,0.000,IDLE
2026-08-16T22:53:59.413357,0.0000000,0.0000000,-8.60,-0.0218,-0.0027,-0.6877,320.0,0.00,0.000,0.000,IDLE
2026-08-16T22:54:00.413378,0.0000000,0.0000000,-8.55,-0.0218,-0.0027,-0.6867,320.0,0.00,0.000,0.000,IDLE
2026-08-16T22:54:01.413350,0.0000000,0.0000000,-8.53,-0.0218,-0.0027,-0.6881,320.0,0.00,0.000,0.000,IDLE
2026-08-16T22:54:02.413406,0.0000000,0.0000000,-8.62,-0.0217,-0.0026,-0.6864,320.0,0.00,0.000,0.000,IDLE
2026-08-16T22:54:03.413404,0.0000000,0.0000000,-8.64,-0.0218,-0.0028,-0.6877,320.0,0.00,0.000,0.000,IDLE
2026-08-16T22:54:04.413353,0.0000000,0.0000000,-8.35,-0.0218,-0.0029,-0.6870,320.0,0.00,0.000,0.000,IDLE
2026-08-16T22:54:05.413308,0.0000000,0.0000000,-8.55,-0.0218,-0.0029,-0.6839,320.0,0.00,0.000,0.000,IDLE
2026-08-16T22:54:06.414106,0.0000000,0.0000000,-8.42,-0.0219,-0.0029,-0.6861,320.0,0.00,0.000,0.000,IDLE
2026-08-16T22:54:07.413349,0.0000000,0.0000000,-8.52,-0.0218,-0.0029,-0.6849,320.0,0.00,0.000,0.000,IDLE
2026-08-16T22:54:08.417578,0.0000000,0.0000000,-8.56,-0.0219,-0.0029,-0.6840,320.0,0.00,0.000,0.000,IDLE
2026-08-16T22:54:09.413263,0.0000000,0.0000000,-8.60,-0.0220,-0.0028,-0.6851,320.0,0.00,0.000,0.000,IDLE
2026-08-16T22:54:10.413401,0.0000000,0.0000000,-8.58,-0.0220,-0.0027,-0.6838,320.0,0.00,0.000,0.000,IDLE
2026-08-16T22:54:11.413776,0.0000000,0.0000000,-8.48,-0.0221,-0.0027,-0.6871,320.0,0.00,0.000,0.000,IDLE
2026-08-16T22:54:12.413571,0.0000000,0.0000000,-8.57,-0.0222,-0.0027,-0.6895,320.0,0.00,0.000,0.000,IDLE
2026-08-16T22:54:13.413375,0.0000000,0.0000000,-8.55,-0.0222,-0.0027,-0.6887,320.0,0.00,0.000,0.000,IDLE
2026-08-16T22:54:14.414402,0.0000000,0.0000000,-8.59,-0.0221,-0.0026,-0.6877,320.0,0.00,0.000,0.000,IDLE
2026-08-16T22:54:15.413358,0.0000000,0.0000000,-8.49,-0.0221,-0.0027,-0.6875,320.0,0.00,0.000,0.000,IDLE
2026-08-16T22:54:16.413367,0.0000000,0.0000000,-8.69,-0.0217,-0.0025,-0.6864,320.0,0.00,0.000,0.000,IDLE
2026-08-16T22:54:17.413792,0.0000000,0.0000000,-8.54,-0.0218,-0.0028,-0.6840,320.0,0.00,0.000,0.000,IDLE
2026-08-16T22:54:18.413299,0.0000000,0.0000000,-8.64,-0.0218,-0.0027,-0.6851,320.0,0.00,0.000,0.000,IDLE
2026-08-16T22:54:19.413563,0.0000000,0.0000000,-8.59,-0.0217,-0.0028,-0.6847,320.0,0.00,0.000,0.000,IDLE
2026-08-16T22:54:20.413355,0.0000000,0.0000000,-8.65,-0.0218,-0.0029,-0.6838,320.0,0.00,0.000,0.000,IDLE
2026-08-16T22:54:21.413746,0.0000000,0.0000000,-8.49,-0.0218,-0.0029,-0.6834,320.0,0.00,0.000,0.000,IDLE
2026-08-16T22:54:22.413403,0.0000000,0.0000000,-8.45,-0.0219,-0.0029,-0.6848,320.0,0.00,0.000,0.000,IDLE
2026-08-16T22:54:23.413361,0.0000000,0.0000000,-8.60,-0.0219,-0.0029,-0.6844,320.0,0.00,0.000,0.000,IDLE
2026-08-16T22:54:24.413369,0.0000000,0.0000000,-8.71,-0.0219,-0.0030,-0.6810,320.0,0.00,0.000,0.000,IDLE
2026-08-16T22:54:25.413361,0.0000000,0.0000000,-8.62,-0.0219,-0.0034,-0.6834,320.0,0.00,0.000,0.000,IDLE
2026-08-16T22:54:26.413397,0.0000000,0.0000000,-8.73,-0.0220,-0.0031,-0.6863,320.0,0.00,0.000,0.000,IDLE
2026-08-16T22:54:27.413297,0.0000000,0.0000000,-8.53,-0.0226,-0.0026,-0.6844,320.0,0.00,0.000,0.000,IDLE
2026-08-16T22:54:28.413299,0.0000000,0.0000000,-8.55,-0.0218,-0.0028,-0.6851,320.0,0.00,0.000,0.000,IDLE
2026-08-16T22:54:29.413366,0.0000000,0.0000000,-8.55,-0.0215,-0.0030,-0.6842,320.0,0.00,0.000,0.000,IDLE
2026-08-16T22:54:30.413307,0.0000000,0.0000000,-8.65,-0.0215,-0.0026,-0.6836,320.0,0.00,0.000,0.000,IDLE
2026-08-16T22:54:31.413287,0.0000000,0.0000000,-8.52,-0.0216,-0.0026,-0.6809,320.0,0.00,0.000,0.000,IDLE
2026-08-16T22:54:32.413376,0.0000000,0.0000000,-8.58,-0.0215,-0.0027,-0.6798,321.0,0.00,0.000,0.000,IDLE
2026-08-16T22:54:33.414068,0.0000000,0.0000000,-8.55,-0.0215,-0.0028,-0.6826,320.0,0.00,0.000,0.000,IDLE
2026-08-16T22:54:34.413348,0.0000000,0.0000000,-8.69,-0.0214,-0.0027,-0.6811,320.0,0.00,0.000,0.000,IDLE
2026-08-16T22:54:35.413374,0.0000000,0.0000000,-8.41,-0.0215,-0.0026,-0.6844,320.0,0.00,0.000,0.000,IDLE
2026-08-16T22:54:36.413303,0.0000000,0.0000000,-8.55,-0.0215,-0.0024,-0.6845,320.0,0.00,0.000,0.000,IDLE
2026-08-16T22:54:37.413352,0.0000000,0.0000000,-8.76,-0.0216,-0.0024,-0.6841,320.0,0.00,0.000,0.000,IDLE
2026-08-16T22:54:38.413479,0.0000000,0.0000000,-8.59,-0.0214,-0.0023,-0.6826,320.0,0.00,0.000,0.000,IDLE
2026-08-16T22:54:39.413372,0.0000000,0.0000000,-8.46,-0.0213,-0.0024,-0.6852,320.0,0.00,0.000,0.000,IDLE
2026-08-16T22:54:40.413298,0.0000000,0.0000000,-8.51,-0.0213,-0.0025,-0.6818,320.0,0.00,0.000,0.000,IDLE
2026-08-16T22:54:41.413368,0.0000000,0.0000000,-8.64,-0.0213,-0.0025,-0.6825,320.0,0.00,0.000,0.000,IDLE
2026-08-16T22:54:42.413314,0.0000000,0.0000000,-8.56,-0.0213,-0.0026,-0.6794,321.0,0.00,0.000,0.000,IDLE
2026-08-16T22:54:43.413326,0.0000000,0.0000000,-8.52,-0.0213,-0.0028,-0.6779,321.0,0.00,0.000,0.000,IDLE
2026-08-16T22:54:44.413372,0.0000000,0.0000000,-8.73,-0.0213,-0.0027,-0.6783,321.0,0.00,0.000,0.000,IDLE
2026-08-16T22:54:45.413381,0.0000000,0.0000000,-8.65,-0.0213,-0.0028,-0.6784,321.0,0.00,0.000,0.000,IDLE
2026-08-16T22:54:46.413262,0.0000000,0.0000000,-8.66,-0.0214,-0.0027,-0.6753,321.0,0.00,0.000,0.000,IDLE
2026-08-16T22:54:47.413376,0.0000000,0.0000000,-8.51,-0.0214,-0.0027,-0.6763,321.0,0.00,0.000,0.000,IDLE
2026-08-16T22:54:48.413315,0.0000000,0.0000000,-8.62,-0.0214,-0.0027,-0.6790,321.0,0.00,0.000,0.000,IDLE
2026-08-16T22:54:49.414149,0.0000000,0.0000000,-8.37,-0.0214,-0.0026,-0.6789,321.0,0.00,0.000,0.000,IDLE
2026-08-16T22:54:50.413273,0.0000000,0.0000000,-8.50,-0.0214,-0.0025,-0.6812,320.0,0.00,0.000,0.000,IDLE
2026-08-16T22:54:51.413365,0.0000000,0.0000000,-8.47,-0.0213,-0.0027,-0.6799,321.0,0.00,0.000,0.000,IDLE
2026-08-16T22:54:52.413305,0.0000000,0.0000000,-8.53,-0.0213,-0.0028,-0.6783,321.0,0.00,0.000,0.000,IDLE
2026-08-16T22:54:53.413362,0.0000000,0.0000000,-8.48,-0.0213,-0.0028,-0.6769,321.0,0.00,0.000,0.000,IDLE
2026-08-16T22:54:54.414145,0.0000000,0.0000000,-8.45,-0.0214,-0.0028,-0.6748,321.0,0.00,0.000,0.000,IDLE
2026-08-16T22:54:55.413496,0.0000000,0.0000000,-8.54,-0.0214,-0.0026,-0.6728,321.0,0.00,0.000,0.000,IDLE
2026-08-16T22:54:56.414042,0.0000000,0.0000000,-8.41,-0.0215,-0.0026,-0.6751,321.0,0.00,0.000,0.000,IDLE
2026-08-16T22:54:57.413607,0.0000000,0.0000000,-8.46,-0.0216,-0.0026,-0.6769,321.0,0.00,0.000,0.000,IDLE
2026-08-16T22:54:58.413270,0.0000000,0.0000000,-8.66,-0.0216,-0.0027,-0.6745,321.0,0.00,0.000,0.000,IDLE
2026-08-16T22:54:59.413565,0.0000000,0.0000000,-8.46,-0.0216,-0.0028,-0.6736,321.0,0.00,0.000,0.000,IDLE
2026-08-16T22:55:00.413806,0.0000000,0.0000000,-8.46,-0.0217,-0.0028,-0.6757,321.0,0.00,0.000,0.000,IDLE
2026-08-16T22:55:01.413428,0.0000000,0.0000000,-8.62,-0.0216,-0.0026,-0.6747,321.0,0.00,0.000,0.000,IDLE
2026-08-16T22:55:02.413913,0.0000000,0.0000000,-8.57,-0.0216,-0.0025,-0.6732,321.0,0.00,0.000,0.000,IDLE
2026-08-16T22:55:03.413371,0.0000000,0.0000000,-8.71,-0.0217,-0.0026,-0.6738,321.0,0.00,0.000,0.000,IDLE
2026-08-16T22:55:04.413395,0.0000000,0.0000000,-8.69,-0.0217,-0.0022,-0.6690,321.0,0.00,0.000,0.000,IDLE
2026-08-16T22:55:05.413485,0.0000000,0.0000000,-8.56,-0.0218,-0.0022,-0.6722,321.0,0.00,0.000,0.000,IDLE
2026-08-16T22:55:06.413250,0.0000000,0.0000000,-8.54,-0.0217,-0.0023,-0.6733,321.0,0.00,0.000,0.000,IDLE
2026-08-16T22:55:07.413334,0.0000000,0.0000000,-8.66,-0.0219,-0.0025,-0.6719,321.0,0.00,0.000,0.000,IDLE
2026-08-16T22:55:08.416029,0.0000000,0.0000000,-8.56,-0.0219,-0.0023,-0.6723,321.0,0.00,0.000,0.000,IDLE
2026-08-16T22:55:09.413334,0.0000000,0.0000000,-8.69,-0.0220,-0.0023,-0.6728,321.0,0.00,0.000,0.000,IDLE
2026-08-16T22:55:10.414124,0.0000000,0.0000000,-8.72,-0.0219,-0.0023,-0.6706,321.0,0.00,0.000,0.000,IDLE
2026-08-16T22:55:11.413357,0.0000000,0.0000000,-8.50,-0.0217,-0.0023,-0.6710,321.0,0.00,0.000,0.000,IDLE
2026-08-16T22:55:12.413445,0.0000000,0.0000000,-8.49,-0.0216,-0.0026,-0.6724,321.0,0.00,0.000,0.000,IDLE
2026-08-16T22:55:13.413428,0.0000000,0.0000000,-8.59,-0.0217,-0.0025,-0.6739,321.0,0.00,0.000,0.000,IDLE
2026-08-16T22:55:14.413451,0.0000000,0.0000000,-8.40,-0.0217,-0.0026,-0.6733,321.0,0.00,0.000,0.000,IDLE
2026-08-16T22:55:15.413403,0.0000000,0.0000000,-8.38,-0.0217,-0.0030,-0.6738,321.0,0.00,0.000,0.000,IDLE
2026-08-16T22:55:16.413480,0.0000000,0.0000000,-8.52,-0.0219,-0.0026,-0.6755,321.0,0.00,0.000,0.000,IDLE
2026-08-16T22:55:17.413288,0.0000000,0.0000000,-8.38,-0.0218,-0.0028,-0.6763,321.0,0.00,0.000,0.000,IDLE
2026-08-16T22:55:18.413276,0.0000000,0.0000000,-8.59,-0.0220,-0.0028,-0.6775,321.0,0.00,0.000,0.000,IDLE
2026-08-16T22:55:19.413322,0.0000000,0.0000000,-8.45,-0.0220,-0.0026,-0.6804,321.0,0.00,0.000,0.000,IDLE
2026-08-16T22:55:20.413506,0.0000000,0.0000000,-8.45,-0.0219,-0.0026,-0.6807,321.0,0.00,0.000,0.000,IDLE
2026-08-16T22:55:21.413358,0.0000000,0.0000000,-8.70,-0.0218,-0.0025,-0.6845,320.0,0.00,0.000,0.000,IDLE
2026-08-16T22:55:22.413402,0.0000000,0.0000000,-8.41,-0.0219,-0.0024,-0.6871,320.0,0.00,0.000,0.000,IDLE
2026-08-16T22:55:23.413526,0.0000000,0.0000000,-8.75,-0.0219,-0.0023,-0.6872,320.0,0.00,0.000,0.000,IDLE
2026-08-16T22:55:24.413368,0.0000000,0.0000000,-8.67,-0.0219,-0.0022,-0.6867,320.0,0.00,0.000,0.000,IDLE
2026-08-16T22:55:25.413380,0.0000000,0.0000000,-8.56,-0.0218,-0.0023,-0.6868,320.0,0.00,0.000,0.000,IDLE
2026-08-16T22:55:26.413369,0.0000000,0.0000000,-8.53,-0.0219,-0.0023,-0.6874,320.0,0.00,0.000,0.000,IDLE
2026-08-16T22:55:27.417687,0.0000000,0.0000000,-8.59,-0.0218,-0.0024,-0.6860,320.0,0.00,0.000,0.000,IDLE
2026-08-16T22:55:28.413565,0.0000000,0.0000000,-8.42,-0.0218,-0.0025,-0.6840,320.0,0.00,0.000,0.000,IDLE
2026-08-16T22:55:29.413483,0.0000000,0.0000000,-8.40,-0.0218,-0.0025,-0.6810,320.0,0.00,0.000,0.000,IDLE
2026-08-16T22:55:30.413431,0.0000000,0.0000000,-8.52,-0.0218,-0.0026,-0.6827,320.0,0.00,0.000,0.000,IDLE
2026-08-16T22:55:31.413345,0.0000000,0.0000000,-8.60,-0.0217,-0.0028,-0.6837,320.0,0.00,0.000,0.000,IDLE
2026-08-16T22:55:32.413338,0.0000000,0.0000000,-8.65,-0.0217,-0.0028,-0.6820,320.0,0.00,0.000,0.000,IDLE
2026-08-16T22:55:33.413346,0.0000000,0.0000000,-8.54,-0.0216,-0.0029,-0.6806,321.0,0.00,0.000,0.000,IDLE
2026-08-16T22:55:34.413394,0.0000000,0.0000000,-8.52,-0.0217,-0.0030,-0.6812,320.0,0.00,0.000,0.000,IDLE
2026-08-16T22:55:35.413368,0.0000000,0.0000000,-8.44,-0.0218,-0.0030,-0.6805,321.0,0.00,0.000,0.000,IDLE
2026-08-16T22:55:36.414444,0.0000000,0.0000000,-8.60,-0.0218,-0.0030,-0.6793,321.0,0.00,0.000,0.000,IDLE
2026-08-16T22:55:37.413313,0.0000000,0.0000000,-8.58,-0.0219,-0.0029,-0.6790,321.0,0.00,0.000,0.000,IDLE
2026-08-16T22:55:38.413395,0.0000000,0.0000000,-8.55,-0.0219,-0.0030,-0.6818,320.0,0.00,0.000,0.000,IDLE
2026-08-16T22:55:39.413401,0.0000000,0.0000000,-8.37,-0.0219,-0.0031,-0.6828,320.0,0.00,0.000,0.000,IDLE
2026-08-16T22:55:40.413686,0.0000000,0.0000000,-8.36,-0.0219,-0.0032,-0.6811,320.0,0.00,0.000,0.000,IDLE
2026-08-16T22:55:41.413376,0.0000000,0.0000000,-8.64,-0.0219,-0.0031,-0.6797,321.0,0.00,0.000,0.000,IDLE
2026-08-16T22:55:42.413337,0.0000000,0.0000000,-8.42,-0.0220,-0.0028,-0.6818,320.0,0.00,0.000,0.000,IDLE
2026-08-16T22:55:43.413311,0.0000000,0.0000000,-8.62,-0.0220,-0.0026,-0.6800,321.0,0.00,0.000,0.000,IDLE
2026-08-16T22:55:44.413423,0.0000000,0.0000000,-8.55,-0.0220,-0.0025,-0.6792,321.0,0.00,0.000,0.000,IDLE
2026-08-16T22:55:45.413853,0.0000000,0.0000000,-8.64,-0.0220,-0.0030,-0.6813,320.0,0.00,0.000,0.000,IDLE
2026-08-16T22:55:46.413301,0.0000000,0.0000000,-8.43,-0.0219,-0.0027,-0.6843,320.0,0.00,0.000,0.000,IDLE
2026-08-16T22:55:47.413346,0.0000000,0.0000000,-8.64,-0.0218,-0.0029,-0.6845,320.0,0.00,0.000,0.000,IDLE
2026-08-16T22:55:48.413355,0.0000000,0.0000000,-8.47,-0.0218,-0.0029,-0.6830,320.0,0.00,0.000,0.000,IDLE
2026-08-16T22:55:49.413317,0.0000000,0.0000000,-8.43,-0.0218,-0.0028,-0.6831,320.0,0.00,0.000,0.000,IDLE
2026-08-16T22:55:50.413386,0.0000000,0.0000000,-8.50,-0.0218,-0.0028,-0.6820,320.0,0.00,0.000,0.000,IDLE
2026-08-16T22:55:51.413463,0.0000000,0.0000000,-8.47,-0.0217,-0.0028,-0.6792,321.0,0.00,0.000,0.000,IDLE
2026-08-16T22:55:52.413470,0.0000000,0.0000000,-8.58,-0.0216,-0.0027,-0.6771,321.0,0.00,0.000,0.000,IDLE
2026-08-16T22:55:53.413362,0.0000000,0.0000000,-8.65,-0.0215,-0.0027,-0.6738,321.0,0.00,0.000,0.000,IDLE
2026-08-16T22:55:54.413520,0.0000000,0.0000000,-8.38,-0.0217,-0.0027,-0.6766,321.0,0.00,0.000,0.000,IDLE
2026-08-16T22:55:55.413375,0.0000000,0.0000000,-8.49,-0.0218,-0.0027,-0.6795,321.0,0.00,0.000,0.000,IDLE
2026-08-16T22:55:56.413351,0.0000000,0.0000000,-8.36,-0.0217,-0.0028,-0.6832,320.0,0.00,0.000,0.000,IDLE
2026-08-16T22:55:57.413362,0.0000000,0.0000000,-8.60,-0.0217,-0.0028,-0.6810,320.0,0.00,0.000,0.000,IDLE
2026-08-16T22:55:58.413352,0.0000000,0.0000000,-8.47,-0.0216,-0.0028,-0.6815,320.0,0.00,0.000,0.000,IDLE
2026-08-16T22:55:59.413458,0.0000000,0.0000000,-8.53,-0.0217,-0.0028,-0.6804,321.0,0.00,0.000,0.000,IDLE
2026-08-16T22:56:00.413343,0.0000000,0.0000000,-8.50,-0.0216,-0.0027,-0.6805,321.0,0.00,0.000,0.000,IDLE
2026-08-16T22:56:01.414086,0.0000000,0.0000000,-8.35,-0.0217,-0.0027,-0.6818,320.0,0.00,0.000,0.000,IDLE
2026-08-16T22:56:02.413432,0.0000000,0.0000000,-8.47,-0.0217,-0.0028,-0.6812,320.0,0.00,0.000,0.000,IDLE
2026-08-16T22:56:03.413345,0.0000000,0.0000000,-8.47,-0.0217,-0.0029,-0.6810,320.0,0.00,0.000,0.000,IDLE
2026-08-16T22:56:04.413455,0.0000000,0.0000000,-8.46,-0.0217,-0.0030,-0.6819,320.0,0.00,0.000,0.000,IDLE
2026-08-16T22:56:05.413364,0.0000000,0.0000000,-8.46,-0.0217,-0.0031,-0.6828,320.0,0.00,0.000,0.000,IDLE
2026-08-16T22:56:06.413315,0.0000000,0.0000000,-8.42,-0.0217,-0.0032,-0.6839,320.0,0.00,0.000,0.000,IDLE
2026-08-16T22:56:07.413350,0.0000000,0.0000000,-8.53,-0.0217,-0.0033,-0.6814,320.0,0.00,0.000,0.000,IDLE
2026-08-16T22:56:08.413306,0.0000000,0.0000000,-8.35,-0.0217,-0.0030,-0.6793,321.0,0.00,0.000,0.000,IDLE
2026-08-16T22:56:09.413378,0.0000000,0.0000000,-8.42,-0.0219,-0.0029,-0.6810,320.0,0.00,0.000,0.000,IDLE
2026-08-16T22:56:10.413321,0.0000000,0.0000000,-8.58,-0.0218,-0.0031,-0.6825,320.0,0.00,0.000,0.000,IDLE
2026-08-16T22:56:11.413510,0.0000000,0.0000000,-8.53,-0.0218,-0.0032,-0.6817,320.0,0.00,0.000,0.000,IDLE
2026-08-16T22:56:12.413357,0.0000000,0.0000000,-8.33,-0.0217,-0.0029,-0.6825,320.0,0.00,0.000,0.000,IDLE
2026-08-16T22:56:13.413477,0.0000000,0.0000000,-8.50,-0.0218,-0.0029,-0.6810,320.0,0.00,0.000,0.000,IDLE
2026-08-16T22:56:14.413320,0.0000000,0.0000000,-8.42,-0.0218,-0.0031,-0.6804,321.0,0.00,0.000,0.000,IDLE
2026-08-16T22:56:15.413337,0.0000000,0.0000000,-8.40,-0.0218,-0.0030,-0.6814,320.0,0.00,0.000,0.000,IDLE
2026-08-16T22:56:16.413310,0.0000000,0.0000000,-8.36,-0.0217,-0.0038,-0.6796,321.0,0.00,0.000,0.000,IDLE
2026-08-16T22:56:17.413990,0.0000000,0.0000000,-8.58,-0.0217,-0.0028,-0.6814,320.0,0.00,0.000,0.000,IDLE
2026-08-16T22:56:18.413354,0.0000000,0.0000000,-8.42,-0.0216,-0.0027,-0.6778,321.0,0.00,0.000,0.000,IDLE
2026-08-16T22:56:19.413326,0.0000000,0.0000000,-8.51,-0.0215,-0.0029,-0.6790,321.0,0.00,0.000,0.000,IDLE
2026-08-16T22:56:20.413423,0.0000000,0.0000000,-8.40,-0.0214,-0.0029,-0.6808,321.0,0.00,0.000,0.000,IDLE
2026-08-16T22:56:21.413244,0.0000000,0.0000000,-8.57,-0.0214,-0.0029,-0.6802,321.0,0.00,0.000,0.000,IDLE
2026-08-16T22:56:22.413513,0.0000000,0.0000000,-8.40,-0.0214,-0.0029,-0.6800,321.0,0.00,0.000,0.000,IDLE
2026-08-16T22:56:23.413315,0.0000000,0.0000000,-8.67,-0.0214,-0.0029,-0.6774,321.0,0.00,0.000,0.000,IDLE
2026-08-16T22:56:24.413275,0.0000000,0.0000000,-8.56,-0.0214,-0.0030,-0.6764,321.0,0.00,0.000,0.000,IDLE
2026-08-16T22:56:25.413414,0.0000000,0.0000000,-8.63,-0.0215,-0.0027,-0.6777,321.0,0.00,0.000,0.000,IDLE
2026-08-16T22:56:26.416768,0.0000000,0.0000000,-8.39,-0.0213,-0.0027,-0.6792,321.0,0.00,0.000,0.000,IDLE
2026-08-16T22:56:27.414042,0.0000000,0.0000000,-8.32,-0.0214,-0.0025,-0.6798,321.0,0.00,0.000,0.000,IDLE
2026-08-16T22:56:28.413393,0.0000000,0.0000000,-8.56,-0.0215,-0.0025,-0.6789,321.0,0.00,0.000,0.000,IDLE
2026-08-16T22:56:29.413448,0.0000000,0.0000000,-8.42,-0.0213,-0.0025,-0.6797,321.0,0.00,0.000,0.000,IDLE
2026-08-16T22:56:30.413421,0.0000000,0.0000000,-8.46,-0.0214,-0.0027,-0.6788,321.0,0.00,0.000,0.000,IDLE
2026-08-16T22:56:31.413275,0.0000000,0.0000000,-8.41,-0.0216,-0.0027,-0.6817,320.0,0.00,0.000,0.000,IDLE
2026-08-16T22:56:32.413310,0.0000000,0.0000000,-8.43,-0.0217,-0.0029,-0.6796,321.0,0.00,0.000,0.000,IDLE
2026-08-16T22:56:33.413316,0.0000000,0.0000000,-8.53,-0.0216,-0.0029,-0.6811,320.0,0.00,0.000,0.000,IDLE
2026-08-16T22:56:34.413372,0.0000000,0.0000000,-8.54,-0.0218,-0.0024,-0.6818,320.0,0.00,0.000,0.000,IDLE
2026-08-16T22:56:35.413834,0.0000000,0.0000000,-8.41,-0.0217,-0.0026,-0.6810,320.0,0.00,0.000,0.000,IDLE
2026-08-16T22:56:36.413289,0.0000000,0.0000000,-8.50,-0.0218,-0.0025,-0.6821,320.0,0.00,0.000,0.000,IDLE
2026-08-16T22:56:37.413637,0.0000000,0.0000000,-8.50,-0.0218,-0.0026,-0.6825,320.0,0.00,0.000,0.000,IDLE
2026-08-16T22:56:38.413332,0.0000000,0.0000000,-8.46,-0.0218,-0.0025,-0.6828,320.0,0.00,0.000,0.000,IDLE
2026-08-16T22:56:39.413297,0.0000000,0.0000000,-8.34,-0.0219,-0.0025,-0.6843,320.0,0.00,0.000,0.000,IDLE
2026-08-16T22:56:40.413389,0.0000000,0.0000000,-8.47,-0.0218,-0.0027,-0.6841,320.0,0.00,0.000,0.000,IDLE
2026-08-16T22:56:41.413335,0.0000000,0.0000000,-8.50,-0.0217,-0.0027,-0.6825,320.0,0.00,0.000,0.000,IDLE
2026-08-16T22:56:42.413839,0.0000000,0.0000000,-8.39,-0.0218,-0.0027,-0.6839,320.0,0.00,0.000,0.000,IDLE
2026-08-16T22:56:43.413588,0.0000000,0.0000000,-8.54,-0.0218,-0.0027,-0.6825,320.0,0.00,0.000,0.000,IDLE
2026-08-16T22:56:44.413328,0.0000000,0.0000000,-8.39,-0.0217,-0.0028,-0.6830,320.0,0.00,0.000,0.000,IDLE
2026-08-16T22:56:45.413357,0.0000000,0.0000000,-8.51,-0.0217,-0.0029,-0.6810,320.0,0.00,0.000,0.000,IDLE
2026-08-16T22:56:46.413373,0.0000000,0.0000000,-8.29,-0.0216,-0.0030,-0.6800,321.0,0.00,0.000,0.000,IDLE
2026-08-16T22:56:47.413416,0.0000000,0.0000000,-8.36,-0.0218,-0.0030,-0.6837,320.0,0.00,0.000,0.000,IDLE
2026-08-16T22:56:48.413327,0.0000000,0.0000000,-8.65,-0.0217,-0.0029,-0.6819,320.0,0.00,0.000,0.000,IDLE
2026-08-16T22:56:49.413399,0.0000000,0.0000000,-8.64,-0.0219,-0.0029,-0.6836,320.0,0.00,0.000,0.000,IDLE
2026-08-16T22:56:50.413293,0.0000000,0.0000000,-8.49,-0.0219,-0.0029,-0.6868,320.0,0.00,0.000,0.000,IDLE
2026-08-16T22:56:51.413428,0.0000000,0.0000000,-8.43,-0.0219,-0.0030,-0.6874,320.0,0.00,0.000,0.000,IDLE
2026-08-16T22:56:52.413299,0.0000000,0.0000000,-8.56,-0.0219,-0.0030,-0.6872,320.0,0.00,0.000,0.000,IDLE
2026-08-16T22:56:53.413300,0.0000000,0.0000000,-8.55,-0.0219,-0.0030,-0.6874,320.0,0.00,0.000,0.000,IDLE
2026-08-16T22:56:54.413414,0.0000000,0.0000000,-8.31,-0.0219,-0.0030,-0.6824,320.0,0.00,0.000,0.000,IDLE
2026-08-16T22:56:55.413414,0.0000000,0.0000000,-8.54,-0.0218,-0.0030,-0.6840,320.0,0.00,0.000,0.000,IDLE
2026-08-16T22:56:56.413386,0.0000000,0.0000000,-8.33,-0.0217,-0.0030,-0.6806,321.0,0.00,0.000,0.000,IDLE
2026-08-16T22:56:57.413497,0.0000000,0.0000000,-8.48,-0.0217,-0.0029,-0.6785,321.0,0.00,0.000,0.000,IDLE
2026-08-16T22:56:58.413583,0.0000000,0.0000000,-8.41,-0.0217,-0.0028,-0.6767,321.0,0.00,0.000,0.000,IDLE
2026-08-16T22:56:59.413654,0.0000000,0.0000000,-8.22,-0.0218,-0.0028,-0.6789,321.0,0.00,0.000,0.000,IDLE
2026-08-16T22:57:00.413295,0.0000000,0.0000000,-8.17,-0.0218,-0.0027,-0.6810,320.0,0.00,0.000,0.000,IDLE
2026-08-16T22:57:01.413388,0.0000000,0.0000000,-8.55,-0.0218,-0.0024,-0.6809,320.0,0.00,0.000,0.000,IDLE
2026-08-16T22:57:02.413378,0.0000000,0.0000000,-8.38,-0.0219,-0.0024,-0.6828,320.0,0.00,0.000,0.000,IDLE
2026-08-16T22:57:03.413352,0.0000000,0.0000000,-8.31,-0.0221,-0.0024,-0.6833,320.0,0.00,0.000,0.000,IDLE
2026-08-16T22:57:04.413367,0.0000000,0.0000000,-8.48,-0.0220,-0.0025,-0.6823,320.0,0.00,0.000,0.000,IDLE
2026-08-16T22:57:05.413593,0.0000000,0.0000000,-8.30,-0.0221,-0.0025,-0.6853,320.0,0.00,0.000,0.000,IDLE
2026-08-16T22:57:06.413324,0.0000000,0.0000000,-8.34,-0.0219,-0.0024,-0.6831,320.0,0.00,0.000,0.000,IDLE
2026-08-16T22:57:07.413911,0.0000000,0.0000000,-8.43,-0.0220,-0.0023,-0.6819,320.0,0.00,0.000,0.000,IDLE
2026-08-16T22:57:08.413391,0.0000000,0.0000000,-8.55,-0.0219,-0.0025,-0.6846,320.0,0.00,0.000,0.000,IDLE
2026-08-16T22:57:09.413396,0.0000000,0.0000000,-8.47,-0.0220,-0.0026,-0.6825,320.0,0.00,0.000,0.000,IDLE
2026-08-16T22:57:10.413633,0.0000000,0.0000000,-8.39,-0.0221,-0.0026,-0.6819,320.0,0.00,0.000,0.000,IDLE
2026-08-16T22:57:11.413524,0.0000000,0.0000000,-8.55,-0.0220,-0.0026,-0.6808,321.0,0.00,0.000,0.000,IDLE
2026-08-16T22:57:12.413392,0.0000000,0.0000000,-8.42,-0.0221,-0.0026,-0.6827,320.0,0.00,0.000,0.000,IDLE
2026-08-16T22:57:13.413388,0.0000000,0.0000000,-8.34,-0.0221,-0.0026,-0.6827,320.0,0.00,0.000,0.000,IDLE
2026-08-16T22:57:14.413590,0.0000000,0.0000000,-8.51,-0.0220,-0.0026,-0.6830,320.0,0.00,0.000,0.000,IDLE
2026-08-16T22:57:15.413351,0.0000000,0.0000000,-8.30,-0.0219,-0.0026,-0.6805,321.0,0.00,0.000,0.000,IDLE
2026-08-16T22:57:16.414247,0.0000000,0.0000000,-8.31,-0.0218,-0.0027,-0.6809,320.0,0.00,0.000,0.000,IDLE
2026-08-16T22:57:17.413403,0.0000000,0.0000000,-8.31,-0.0217,-0.0027,-0.6804,321.0,0.00,0.000,0.000,IDLE
2026-08-16T22:57:18.413393,0.0000000,0.0000000,-8.41,-0.0217,-0.0027,-0.6789,321.0,0.00,0.000,0.000,IDLE
2026-08-16T22:57:19.413418,0.0000000,0.0000000,-8.40,-0.0217,-0.0027,-0.6760,321.0,0.00,0.000,0.000,IDLE
2026-08-16T22:57:20.413338,0.0000000,0.0000000,-8.52,-0.0217,-0.0027,-0.6764,321.0,0.00,0.000,0.000,IDLE
2026-08-16T22:57:21.413563,0.0000000,0.0000000,-8.38,-0.0217,-0.0028,-0.6736,321.0,0.00,0.000,0.000,IDLE
2026-08-16T22:57:22.413394,0.0000000,0.0000000,-8.22,-0.0217,-0.0028,-0.6723,321.0,0.00,0.000,0.000,IDLE
2026-08-16T22:57:23.413373,0.0000000,0.0000000,-8.35,-0.0216,-0.0028,-0.6719,321.0,0.00,0.000,0.000,IDLE
2026-08-16T22:57:24.413365,0.0000000,0.0000000,-8.52,-0.0217,-0.0028,-0.6733,321.0,0.00,0.000,0.000,IDLE
2026-08-16T22:57:25.413394,0.0000000,0.0000000,-8.22,-0.0217,-0.0027,-0.6749,321.0,0.00,0.000,0.000,IDLE
2026-08-16T22:57:26.413385,0.0000000,0.0000000,-8.43,-0.0217,-0.0028,-0.6744,321.0,0.00,0.000,0.000,IDLE
2026-08-16T22:57:27.413424,0.0000000,0.0000000,-8.22,-0.0217,-0.0029,-0.6763,321.0,0.00,0.000,0.000,IDLE
2026-08-16T22:57:28.413425,0.0000000,0.0000000,-8.41,-0.0218,-0.0027,-0.6788,321.0,0.00,0.000,0.000,IDLE
2026-08-16T22:57:29.413443,0.0000000,0.0000000,-8.38,-0.0218,-0.0027,-0.6808,321.0,0.00,0.000,0.000,IDLE
2026-08-16T22:57:30.413304,0.0000000,0.0000000,-8.30,-0.0219,-0.0027,-0.6830,320.0,0.00,0.000,0.000,IDLE
2026-08-16T22:57:31.413601,0.0000000,0.0000000,-8.43,-0.0219,-0.0027,-0.6841,320.0,0.00,0.000,0.000,IDLE
2026-08-16T22:57:32.413340,0.0000000,0.0000000,-8.47,-0.0219,-0.0027,-0.6866,320.0,0.00,0.000,0.000,IDLE
2026-08-16T22:57:33.413375,0.0000000,0.0000000,-8.36,-0.0219,-0.0027,-0.6884,320.0,0.00,0.000,0.000,IDLE
2026-08-16T22:57:34.413385,0.0000000,0.0000000,-8.37,-0.0220,-0.0028,-0.6935,320.0,0.00,0.000,0.000,IDLE
2026-08-16T22:57:35.413271,0.0000000,0.0000000,-8.40,-0.0220,-0.0027,-0.6915,320.0,0.00,0.000,0.000,IDLE
2026-08-16T22:57:36.413337,0.0000000,0.0000000,-8.43,-0.0220,-0.0026,-0.6923,320.0,0.00,0.000,0.000,IDLE
2026-08-16T22:57:37.413299,0.0000000,0.0000000,-8.61,-0.0220,-0.0027,-0.6928,320.0,0.00,0.000,0.000,IDLE
2026-08-16T22:57:38.413378,0.0000000,0.0000000,-8.50,-0.0220,-0.0028,-0.6925,320.0,0.00,0.000,0.000,IDLE
2026-08-16T22:57:39.413797,0.0000000,0.0000000,-8.42,-0.0219,-0.0028,-0.6911,320.0,0.00,0.000,0.000,IDLE
2026-08-16T22:57:40.413366,0.0000000,0.0000000,-8.30,-0.0219,-0.0029,-0.6915,320.0,0.00,0.000,0.000,IDLE
2026-08-16T22:57:41.413381,0.0000000,0.0000000,-8.42,-0.0218,-0.0029,-0.6900,320.0,0.00,0.000,0.000,IDLE
2026-08-16T22:57:42.413368,0.0000000,0.0000000,-8.39,-0.0218,-0.0030,-0.6912,320.0,0.00,0.000,0.000,IDLE
2026-08-16T22:57:43.413358,0.0000000,0.0000000,-8.33,-0.0218,-0.0030,-0.6908,320.0,0.00,0.000,0.000,IDLE
2026-08-16T22:57:44.413694,0.0000000,0.0000000,-8.36,-0.0219,-0.0030,-0.6898,320.0,0.00,0.000,0.000,IDLE
2026-08-16T22:57:45.414057,0.0000000,0.0000000,-8.33,-0.0219,-0.0031,-0.6872,320.0,0.00,0.000,0.000,IDLE
2026-08-16T22:57:46.413304,0.0000000,0.0000000,-8.34,-0.0219,-0.0032,-0.6861,320.0,0.00,0.000,0.000,IDLE
2026-08-16T22:57:47.413422,0.0000000,0.0000000,-8.42,-0.0218,-0.0032,-0.6868,320.0,0.00,0.000,0.000,IDLE
2026-08-16T22:57:48.413303,0.0000000,0.0000000,-8.31,-0.0218,-0.0033,-0.6834,320.0,0.00,0.000,0.000,IDLE
2026-08-16T22:57:49.413368,0.0000000,0.0000000,-8.42,-0.0219,-0.0033,-0.6829,320.0,0.00,0.000,0.000,IDLE
2026-08-16T22:57:50.413339,0.0000000,0.0000000,-8.15,-0.0218,-0.0035,-0.6811,320.0,0.00,0.000,0.000,IDLE
2026-08-16T22:57:51.413396,0.0000000,0.0000000,-8.40,-0.0218,-0.0036,-0.6786,321.0,0.00,0.000,0.000,IDLE
2026-08-16T22:57:52.413361,0.0000000,0.0000000,-8.31,-0.0218,-0.0035,-0.6778,321.0,0.00,0.000,0.000,IDLE
2026-08-16T22:57:53.413441,0.0000000,0.0000000,-8.32,-0.0219,-0.0034,-0.6782,321.0,0.00,0.000,0.000,IDLE
2026-08-16T22:57:54.413328,0.0000000,0.0000000,-8.20,-0.0219,-0.0033,-0.6758,321.0,0.00,0.000,0.000,IDLE
2026-08-16T22:57:55.413338,0.0000000,0.0000000,-8.47,-0.0220,-0.0032,-0.6749,321.0,0.00,0.000,0.000,IDLE
2026-08-16T22:57:56.413710,0.0000000,0.0000000,-8.24,-0.0220,-0.0031,-0.6745,321.0,0.00,0.000,0.000,IDLE
2026-08-16T22:57:57.413416,0.0000000,0.0000000,-8.29,-0.0220,-0.0031,-0.6730,321.0,0.00,0.000,0.000,IDLE
2026-08-16T22:57:58.413366,0.0000000,0.0000000,-8.37,-0.0220,-0.0031,-0.6747,321.0,0.00,0.000,0.000,IDLE
2026-08-16T22:57:59.413311,0.0000000,0.0000000,-8.11,-0.0220,-0.0030,-0.6745,321.0,0.00,0.000,0.000,IDLE
2026-08-16T22:58:00.413280,0.0000000,0.0000000,-8.32,-0.0220,-0.0029,-0.6711,321.0,0.00,0.000,0.000,IDLE
2026-08-16T22:58:01.413295,0.0000000,0.0000000,-8.28,-0.0220,-0.0028,-0.6729,321.0,0.00,0.000,0.000,IDLE
2026-08-16T22:58:02.417495,0.0000000,0.0000000,-8.48,-0.0218,-0.0027,-0.6731,321.0,0.00,0.000,0.000,IDLE
2026-08-16T22:58:03.413968,0.0000000,0.0000000,-8.19,-0.0218,-0.0026,-0.6737,321.0,0.00,0.000,0.000,IDLE
2026-08-16T22:58:04.413383,0.0000000,0.0000000,-8.35,-0.0219,-0.0026,-0.6735,321.0,0.00,0.000,0.000,IDLE
2026-08-16T22:58:05.413292,0.0000000,0.0000000,-8.32,-0.0218,-0.0027,-0.6732,321.0,0.00,0.000,0.000,IDLE
2026-08-16T22:58:06.413339,0.0000000,0.0000000,-8.31,-0.0218,-0.0027,-0.6720,321.0,0.00,0.000,0.000,IDLE
2026-08-16T22:58:07.413288,0.0000000,0.0000000,-8.26,-0.0217,-0.0027,-0.6735,321.0,0.00,0.000,0.000,IDLE
2026-08-16T22:58:08.413304,0.0000000,0.0000000,-8.09,-0.0216,-0.0027,-0.6715,321.0,0.00,0.000,0.000,IDLE
2026-08-16T22:58:09.413263,0.0000000,0.0000000,-8.41,-0.0217,-0.0028,-0.6752,321.0,0.00,0.000,0.000,IDLE
2026-08-16T22:58:10.413341,0.0000000,0.0000000,-8.25,-0.0217,-0.0029,-0.6764,321.0,0.00,0.000,0.000,IDLE
2026-08-16T22:58:11.413334,0.0000000,0.0000000,-8.24,-0.0216,-0.0028,-0.6766,321.0,0.00,0.000,0.000,IDLE
2026-08-16T22:58:12.413479,0.0000000,0.0000000,-8.37,-0.0217,-0.0029,-0.6749,321.0,0.00,0.000,0.000,IDLE
2026-08-16T22:58:13.413282,0.0000000,0.0000000,-8.13,-0.0218,-0.0029,-0.6723,321.0,0.00,0.000,0.000,IDLE
2026-08-16T22:58:14.413395,0.0000000,0.0000000,-8.21,-0.0218,-0.0028,-0.6698,321.0,0.00,0.000,0.000,IDLE
2026-08-16T22:58:15.413377,0.0000000,0.0000000,-8.49,-0.0217,-0.0028,-0.6690,321.0,0.00,0.000,0.000,IDLE
2026-08-16T22:58:16.413341,0.0000000,0.0000000,-8.27,-0.0218,-0.0029,-0.6681,321.0,0.00,0.000,0.000,IDLE
2026-08-16T22:58:17.413323,0.0000000,0.0000000,-8.15,-0.0218,-0.0028,-0.6663,321.0,0.00,0.000,0.000,IDLE
2026-08-16T22:58:18.413327,0.0000000,0.0000000,-8.15,-0.0218,-0.0028,-0.6676,321.0,0.00,0.000,0.000,IDLE
2026-08-16T22:58:19.413296,0.0000000,0.0000000,-8.11,-0.0217,-0.0029,-0.6691,321.0,0.00,0.000,0.000,IDLE
2026-08-16T22:58:20.413307,0.0000000,0.0000000,-8.20,-0.0218,-0.0028,-0.6707,321.0,0.00,0.000,0.000,IDLE
2026-08-16T22:58:21.413275,0.0000000,0.0000000,-8.23,-0.0217,-0.0028,-0.6711,321.0,0.00,0.000,0.000,IDLE
2026-08-16T22:58:22.413481,0.0000000,0.0000000,-8.30,-0.0218,-0.0027,-0.6726,321.0,0.00,0.000,0.000,IDLE
2026-08-16T22:58:23.413321,0.0000000,0.0000000,-8.32,-0.0218,-0.0026,-0.6697,321.0,0.00,0.000,0.000,IDLE
2026-08-16T22:58:24.413536,0.0000000,0.0000000,-8.30,-0.0218,-0.0026,-0.6704,321.0,0.00,0.000,0.000,IDLE
2026-08-16T22:58:25.413356,0.0000000,0.0000000,-8.24,-0.0218,-0.0025,-0.6731,321.0,0.00,0.000,0.000,IDLE
2026-08-16T22:58:26.413256,0.0000000,0.0000000,-8.35,-0.0219,-0.0024,-0.6732,321.0,0.00,0.000,0.000,IDLE
2026-08-16T22:58:27.413443,0.0000000,0.0000000,-8.16,-0.0219,-0.0022,-0.6751,321.0,0.00,0.000,0.000,IDLE
2026-08-16T22:58:28.413413,0.0000000,0.0000000,-8.26,-0.0218,-0.0021,-0.6723,321.0,0.00,0.000,0.000,IDLE
2026-08-16T22:58:29.413615,0.0000000,0.0000000,-8.28,-0.0216,-0.0021,-0.6732,321.0,0.00,0.000,0.000,IDLE
2026-08-16T22:58:30.413391,0.0000000,0.0000000,-8.21,-0.0216,-0.0023,-0.6735,321.0,0.00,0.000,0.000,IDLE
2026-08-16T22:58:31.413382,0.0000000,0.0000000,-8.19,-0.0216,-0.0023,-0.6727,321.0,0.00,0.000,0.000,IDLE
2026-08-16T22:58:32.413317,0.0000000,0.0000000,-8.26,-0.0217,-0.0023,-0.6748,321.0,0.00,0.000,0.000,IDLE
2026-08-16T22:58:33.413691,0.0000000,0.0000000,-8.34,-0.0217,-0.0023,-0.6774,321.0,0.00,0.000,0.000,IDLE
2026-08-16T22:58:34.413941,0.0000000,0.0000000,-8.22,-0.0217,-0.0024,-0.6779,321.0,0.00,0.000,0.000,IDLE
2026-08-16T22:58:35.413325,0.0000000,0.0000000,-8.20,-0.0216,-0.0025,-0.6799,321.0,0.00,0.000,0.000,IDLE
2026-08-16T22:58:36.413464,0.0000000,0.0000000,-8.29,-0.0216,-0.0023,-0.6803,321.0,0.00,0.000,0.000,IDLE
2026-08-16T22:58:37.413911,0.0000000,0.0000000,-8.17,-0.0219,-0.0019,-0.6804,321.0,0.00,0.000,0.000,IDLE
2026-08-16T22:58:38.413445,0.0000000,0.0000000,-8.29,-0.0212,-0.0024,-0.6826,320.0,0.00,0.000,0.000,IDLE
2026-08-16T22:58:39.413345,0.0000000,0.0000000,-8.21,-0.0212,-0.0024,-0.6806,321.0,0.00,0.000,0.000,IDLE
2026-08-16T22:58:40.413385,0.0000000,0.0000000,-8.27,-0.0212,-0.0025,-0.6795,321.0,0.00,0.000,0.000,IDLE
2026-08-16T22:58:41.413849,0.0000000,0.0000000,-8.19,-0.0214,-0.0026,-0.6801,321.0,0.00,0.000,0.000,IDLE
2026-08-16T22:58:42.413784,0.0000000,0.0000000,-8.20,-0.0214,-0.0027,-0.6815,320.0,0.00,0.000,0.000,IDLE
2026-08-16T22:58:43.413334,0.0000000,0.0000000,-8.22,-0.0215,-0.0024,-0.6820,320.0,0.00,0.000,0.000,IDLE
2026-08-16T22:58:44.413361,0.0000000,0.0000000,-8.17,-0.0215,-0.0028,-0.6791,321.0,0.00,0.000,0.000,IDLE
2026-08-16T22:58:45.413384,0.0000000,0.0000000,-8.26,-0.0216,-0.0029,-0.6802,321.0,0.00,0.000,0.000,IDLE
2026-08-16T22:58:46.413390,0.0000000,0.0000000,-8.29,-0.0217,-0.0029,-0.6812,320.0,0.00,0.000,0.000,IDLE
2026-08-16T22:58:47.413303,0.0000000,0.0000000,-8.27,-0.0216,-0.0027,-0.6831,320.0,0.00,0.000,0.000,IDLE
2026-08-16T22:58:48.413551,0.0000000,0.0000000,-8.19,-0.0216,-0.0027,-0.6843,320.0,0.00,0.000,0.000,IDLE
2026-08-16T22:58:49.413403,0.0000000,0.0000000,-8.44,-0.0217,-0.0026,-0.6842,320.0,0.00,0.000,0.000,IDLE
2026-08-16T22:58:50.413269,0.0000000,0.0000000,-8.05,-0.0217,-0.0027,-0.6859,320.0,0.00,0.000,0.000,IDLE
2026-08-16T22:58:51.413404,0.0000000,0.0000000,-8.18,-0.0218,-0.0028,-0.6862,320.0,0.00,0.000,0.000,IDLE
2026-08-16T22:58:52.413300,0.0000000,0.0000000,-8.09,-0.0219,-0.0028,-0.6886,320.0,0.00,0.000,0.000,IDLE
2026-08-16T22:58:53.413260,0.0000000,0.0000000,-8.30,-0.0220,-0.0027,-0.6919,320.0,0.00,0.000,0.000,IDLE
2026-08-16T22:58:54.413333,0.0000000,0.0000000,-8.26,-0.0218,-0.0027,-0.6878,320.0,0.00,0.000,0.000,IDLE
2026-08-16T22:58:55.413356,0.0000000,0.0000000,-8.18,-0.0218,-0.0026,-0.6901,320.0,0.00,0.000,0.000,IDLE
2026-08-16T22:58:56.413378,0.0000000,0.0000000,-8.12,-0.0218,-0.0026,-0.6877,320.0,0.00,0.000,0.000,IDLE
2026-08-16T22:58:57.413368,0.0000000,0.0000000,-8.21,-0.0218,-0.0027,-0.6908,320.0,0.00,0.000,0.000,IDLE
2026-08-16T22:58:58.413290,0.0000000,0.0000000,-8.17,-0.0217,-0.0028,-0.6877,320.0,0.00,0.000,0.000,IDLE
2026-08-16T22:58:59.413385,0.0000000,0.0000000,-7.97,-0.0217,-0.0027,-0.6845,320.0,0.00,0.000,0.000,IDLE
2026-08-16T22:59:00.413307,0.0000000,0.0000000,-8.18,-0.0217,-0.0027,-0.6836,320.0,0.00,0.000,0.000,IDLE
2026-08-16T22:59:01.413262,0.0000000,0.0000000,-8.40,-0.0217,-0.0028,-0.6854,320.0,0.00,0.000,0.000,IDLE
2026-08-16T22:59:02.413542,0.0000000,0.0000000,-7.97,-0.0216,-0.0029,-0.6843,320.0,0.00,0.000,0.000,IDLE
2026-08-16T22:59:03.413410,0.0000000,0.0000000,-8.30,-0.0215,-0.0029,-0.6883,320.0,0.00,0.000,0.000,IDLE
2026-08-16T22:59:04.413999,0.0000000,0.0000000,-8.17,-0.0216,-0.0030,-0.6891,320.0,0.00,0.000,0.000,IDLE
2026-08-16T22:59:05.413493,0.0000000,0.0000000,-8.27,-0.0215,-0.0030,-0.6863,320.0,0.00,0.000,0.000,IDLE
2026-08-16T22:59:06.413667,0.0000000,0.0000000,-8.22,-0.0215,-0.0029,-0.6871,320.0,0.00,0.000,0.000,IDLE
2026-08-16T22:59:07.413610,0.0000000,0.0000000,-8.14,-0.0215,-0.0029,-0.6872,320.0,0.00,0.000,0.000,IDLE
2026-08-16T22:59:08.413359,0.0000000,0.0000000,-8.04,-0.0214,-0.0030,-0.6889,320.0,0.00,0.000,0.000,IDLE
2026-08-16T22:59:09.413674,0.0000000,0.0000000,-8.28,-0.0214,-0.0030,-0.6890,320.0,0.00,0.000,0.000,IDLE
2026-08-16T22:59:10.413325,0.0000000,0.0000000,-8.06,-0.0215,-0.0031,-0.6892,320.0,0.00,0.000,0.000,IDLE
2026-08-16T22:59:11.413310,0.0000000,0.0000000,-8.16,-0.0215,-0.0030,-0.6911,320.0,0.00,0.000,0.000,IDLE
2026-08-16T22:59:12.413775,0.0000000,0.0000000,-8.35,-0.0215,-0.0029,-0.6933,320.0,0.00,0.000,0.000,IDLE
2026-08-16T22:59:13.413422,0.0000000,0.0000000,-8.13,-0.0215,-0.0029,-0.6925,320.0,0.00,0.000,0.000,IDLE
2026-08-16T22:59:14.413658,0.0000000,0.0000000,-8.17,-0.0214,-0.0028,-0.6871,320.0,0.00,0.000,0.000,IDLE
2026-08-16T22:59:15.413464,0.0000000,0.0000000,-8.13,-0.0215,-0.0027,-0.6839,320.0,0.00,0.000,0.000,IDLE
2026-08-16T22:59:16.413356,0.0000000,0.0000000,-7.97,-0.0215,-0.0026,-0.6829,320.0,0.00,0.000,0.000,IDLE
2026-08-16T22:59:17.413362,0.0000000,0.0000000,-8.12,-0.0215,-0.0025,-0.6833,320.0,0.00,0.000,0.000,IDLE
2026-08-16T22:59:18.413612,0.0000000,0.0000000,-8.10,-0.0217,-0.0025,-0.6835,320.0,0.00,0.000,0.000,IDLE
2026-08-16T22:59:19.413590,0.0000000,0.0000000,-8.21,-0.0216,-0.0025,-0.6838,320.0,0.00,0.000,0.000,IDLE
2026-08-16T22:59:20.413333,0.0000000,0.0000000,-7.97,-0.0216,-0.0024,-0.6846,320.0,0.00,0.000,0.000,IDLE
2026-08-16T22:59:21.413286,0.0000000,0.0000000,-8.04,-0.0217,-0.0025,-0.6821,320.0,0.00,0.000,0.000,IDLE
2026-08-16T22:59:22.413295,0.0000000,0.0000000,-7.99,-0.0217,-0.0025,-0.6805,321.0,0.00,0.000,0.000,IDLE
2026-08-16T22:59:23.413467,0.0000000,0.0000000,-8.17,-0.0217,-0.0025,-0.6798,321.0,0.00,0.000,0.000,IDLE
2026-08-16T22:59:24.413419,0.0000000,0.0000000,-8.01,-0.0218,-0.0024,-0.6810,320.0,0.00,0.000,0.000,IDLE
2026-08-16T22:59:25.413297,0.0000000,0.0000000,-8.08,-0.0218,-0.0024,-0.6793,321.0,0.00,0.000,0.000,IDLE
2026-08-16T22:59:26.413303,0.0000000,0.0000000,-8.25,-0.0218,-0.0024,-0.6775,321.0,0.00,0.000,0.000,IDLE
2026-08-16T22:59:27.413316,0.0000000,0.0000000,-8.26,-0.0218,-0.0025,-0.6782,321.0,0.00,0.000,0.000,IDLE
2026-08-16T22:59:28.413292,0.0000000,0.0000000,-8.03,-0.0217,-0.0025,-0.6808,321.0,0.00,0.000,0.000,IDLE
2026-08-16T22:59:29.413390,0.0000000,0.0000000,-7.89,-0.0218,-0.0025,-0.6830,320.0,0.00,0.000,0.000,IDLE
2026-08-16T22:59:30.413299,0.0000000,0.0000000,-8.13,-0.0218,-0.0026,-0.6820,320.0,0.00,0.000,0.000,IDLE
2026-08-16T22:59:31.413356,0.0000000,0.0000000,-7.83,-0.0217,-0.0026,-0.6802,321.0,0.00,0.000,0.000,IDLE
2026-08-16T22:59:32.415428,0.0000000,0.0000000,-7.97,-0.0218,-0.0027,-0.6766,321.0,0.00,0.000,0.000,IDLE
2026-08-16T22:59:33.413240,0.0000000,0.0000000,-8.10,-0.0217,-0.0026,-0.6779,321.0,0.00,0.000,0.000,IDLE
2026-08-16T22:59:34.413305,0.0000000,0.0000000,-8.15,-0.0219,-0.0027,-0.6776,321.0,0.00,0.000,0.000,IDLE
2026-08-16T22:59:35.413912,0.0000000,0.0000000,-7.96,-0.0217,-0.0028,-0.6780,321.0,0.00,0.000,0.000,IDLE
2026-08-16T22:59:36.413652,0.0000000,0.0000000,-8.07,-0.0217,-0.0028,-0.6803,321.0,0.00,0.000,0.000,IDLE
2026-08-16T22:59:37.413274,0.0000000,0.0000000,-7.94,-0.0217,-0.0028,-0.6794,321.0,0.00,0.000,0.000,IDLE
2026-08-16T22:59:38.413260,0.0000000,0.0000000,-8.17,-0.0218,-0.0028,-0.6820,320.0,0.00,0.000,0.000,IDLE
2026-08-16T22:59:39.413371,0.0000000,0.0000000,-7.98,-0.0216,-0.0028,-0.6810,320.0,0.00,0.000,0.000,IDLE
2026-08-16T22:59:40.413307,0.0000000,0.0000000,-8.06,-0.0217,-0.0027,-0.6812,320.0,0.00,0.000,0.000,IDLE
2026-08-16T22:59:41.413291,0.0000000,0.0000000,-8.09,-0.0217,-0.0027,-0.6797,321.0,0.00,0.000,0.000,IDLE
2026-08-16T22:59:42.413358,0.0000000,0.0000000,-7.94,-0.0217,-0.0026,-0.6797,321.0,0.00,0.000,0.000,IDLE
2026-08-16T22:59:43.413445,0.0000000,0.0000000,-8.01,-0.0217,-0.0026,-0.6799,321.0,0.00,0.000,0.000,IDLE
2026-08-16T22:59:44.413322,0.0000000,0.0000000,-8.03,-0.0217,-0.0028,-0.6800,321.0,0.00,0.000,0.000,IDLE
2026-08-16T22:59:45.413382,0.0000000,0.0000000,-7.84,-0.0218,-0.0027,-0.6839,320.0,0.00,0.000,0.000,IDLE
2026-08-16T22:59:46.413376,0.0000000,0.0000000,-8.17,-0.0217,-0.0027,-0.6819,320.0,0.00,0.000,0.000,IDLE
2026-08-16T22:59:47.413375,0.0000000,0.0000000,-8.09,-0.0216,-0.0027,-0.6805,321.0,0.00,0.000,0.000,IDLE
2026-08-16T22:59:48.413360,0.0000000,0.0000000,-8.08,-0.0217,-0.0026,-0.6829,320.0,0.00,0.000,0.000,IDLE
2026-08-16T22:59:49.413491,0.0000000,0.0000000,-7.94,-0.0218,-0.0026,-0.6826,320.0,0.00,0.000,0.000,IDLE
2026-08-16T22:59:50.413450,0.0000000,0.0000000,-8.12,-0.0216,-0.0027,-0.6808,321.0,0.00,0.000,0.000,IDLE
2026-08-16T22:59:51.413570,0.0000000,0.0000000,-8.27,-0.0217,-0.0027,-0.6815,320.0,0.00,0.000,0.000,IDLE
2026-08-16T22:59:52.413332,0.0000000,0.0000000,-8.03,-0.0216,-0.0027,-0.6795,321.0,0.00,0.000,0.000,IDLE
2026-08-16T22:59:53.413432,0.0000000,0.0000000,-8.18,-0.0216,-0.0027,-0.6825,320.0,0.00,0.000,0.000,IDLE
2026-08-16T22:59:54.413380,0.0000000,0.0000000,-7.97,-0.0216,-0.0028,-0.6809,320.0,0.00,0.000,0.000,IDLE
2026-08-16T22:59:55.413420,0.0000000,0.0000000,-8.01,-0.0215,-0.0028,-0.6805,321.0,0.00,0.000,0.000,IDLE
2026-08-16T22:59:56.413495,0.0000000,0.0000000,-8.09,-0.0215,-0.0026,-0.6798,321.0,0.00,0.000,0.000,IDLE
2026-08-16T22:59:57.413342,0.0000000,0.0000000,-7.99,-0.0213,-0.0025,-0.6794,321.0,0.00,0.000,0.000,IDLE
2026-08-16T22:59:58.413322,0.0000000,0.0000000,-7.91,-0.0214,-0.0024,-0.6811,320.0,0.00,0.000,0.000,IDLE
2026-08-16T22:59:59.413880,0.0000000,0.0000000,-8.02,-0.0212,-0.0023,-0.6795,321.0,0.00,0.000,0.000,IDLE
2026-08-16T23:00:00.413465,0.0000000,0.0000000,-8.04,-0.0213,-0.0023,-0.6784,321.0,0.00,0.000,0.000,IDLE
2026-08-16T23:00:01.413411,0.0000000,0.0000000,-7.84,-0.0213,-0.0023,-0.6787,321.0,0.00,0.000,0.000,IDLE
2026-08-16T23:00:02.413331,0.0000000,0.0000000,-8.00,-0.0213,-0.0023,-0.6805,321.0,0.00,0.000,0.000,IDLE
2026-08-16T23:00:03.413885,0.0000000,0.0000000,-8.00,-0.0213,-0.0024,-0.6796,321.0,0.00,0.000,0.000,IDLE
2026-08-16T23:00:04.413563,0.0000000,0.0000000,-8.09,-0.0214,-0.0025,-0.6818,320.0,0.00,0.000,0.000,IDLE
2026-08-16T23:00:05.414057,0.0000000,0.0000000,-7.90,-0.0214,-0.0026,-0.6803,321.0,0.00,0.000,0.000,IDLE
2026-08-16T23:00:06.413380,0.0000000,0.0000000,-8.12,-0.0215,-0.0027,-0.6778,321.0,0.00,0.000,0.000,IDLE
2026-08-16T23:00:07.413405,0.0000000,0.0000000,-7.93,-0.0215,-0.0028,-0.6765,321.0,0.00,0.000,0.000,IDLE
2026-08-16T23:00:08.413768,0.0000000,0.0000000,-8.06,-0.0216,-0.0027,-0.6746,321.0,0.00,0.000,0.000,IDLE
2026-08-16T23:00:09.413406,0.0000000,0.0000000,-8.22,-0.0217,-0.0028,-0.6754,321.0,0.00,0.000,0.000,IDLE
2026-08-16T23:00:10.413608,0.0000000,0.0000000,-7.99,-0.0216,-0.0029,-0.6746,321.0,0.00,0.000,0.000,IDLE
2026-08-16T23:00:11.413301,0.0000000,0.0000000,-7.98,-0.0217,-0.0029,-0.6733,321.0,0.00,0.000,0.000,IDLE
2026-08-16T23:00:12.413828,0.0000000,0.0000000,-8.11,-0.0217,-0.0029,-0.6743,321.0,0.00,0.000,0.000,IDLE
2026-08-16T23:00:13.413366,0.0000000,0.0000000,-8.13,-0.0217,-0.0030,-0.6775,321.0,0.00,0.000,0.000,IDLE
2026-08-16T23:00:14.413357,0.0000000,0.0000000,-7.97,-0.0217,-0.0030,-0.6780,321.0,0.00,0.000,0.000,IDLE
2026-08-16T23:00:15.413434,0.0000000,0.0000000,-8.13,-0.0217,-0.0031,-0.6796,321.0,0.00,0.000,0.000,IDLE
2026-08-16T23:00:16.413348,0.0000000,0.0000000,-8.10,-0.0218,-0.0030,-0.6818,320.0,0.00,0.000,0.000,IDLE
2026-08-16T23:00:17.413403,0.0000000,0.0000000,-7.96,-0.0219,-0.0030,-0.6847,320.0,0.00,0.000,0.000,IDLE
2026-08-16T23:00:18.413275,0.0000000,0.0000000,-7.95,-0.0219,-0.0030,-0.6855,320.0,0.00,0.000,0.000,IDLE
2026-08-16T23:00:19.413396,0.0000000,0.0000000,-7.85,-0.0220,-0.0029,-0.6846,320.0,0.00,0.000,0.000,IDLE
2026-08-16T23:00:20.413429,0.0000000,0.0000000,-7.86,-0.0221,-0.0028,-0.6844,320.0,0.00,0.000,0.000,IDLE
2026-08-16T23:00:21.413323,0.0000000,0.0000000,-8.04,-0.0221,-0.0029,-0.6839,320.0,0.00,0.000,0.000,IDLE
2026-08-16T23:00:22.413449,0.0000000,0.0000000,-8.04,-0.0222,-0.0030,-0.6878,320.0,0.00,0.000,0.000,IDLE
2026-08-16T23:00:23.413487,0.0000000,0.0000000,-7.95,-0.0220,-0.0030,-0.6894,320.0,0.00,0.000,0.000,IDLE
2026-08-16T23:00:24.413385,0.0000000,0.0000000,-8.18,-0.0220,-0.0029,-0.6891,320.0,0.00,0.000,0.000,IDLE
2026-08-16T23:00:25.413461,0.0000000,0.0000000,-7.98,-0.0218,-0.0027,-0.6886,320.0,0.00,0.000,0.000,IDLE
2026-08-16T23:00:26.413729,0.0000000,0.0000000,-8.11,-0.0217,-0.0027,-0.6864,320.0,0.00,0.000,0.000,IDLE
2026-08-16T23:00:27.413445,0.0000000,0.0000000,-8.01,-0.0216,-0.0027,-0.6853,320.0,0.00,0.000,0.000,IDLE
2026-08-16T23:00:28.413340,0.0000000,0.0000000,-7.90,-0.0215,-0.0027,-0.6842,320.0,0.00,0.000,0.000,IDLE
2026-08-16T23:00:29.413526,0.0000000,0.0000000,-8.25,-0.0215,-0.0028,-0.6832,320.0,0.00,0.000,0.000,IDLE
2026-08-16T23:00:30.413434,0.0000000,0.0000000,-8.15,-0.0215,-0.0027,-0.6809,320.0,0.00,0.000,0.000,IDLE
2026-08-16T23:00:31.413366,0.0000000,0.0000000,-7.85,-0.0215,-0.0027,-0.6803,321.0,0.00,0.000,0.000,IDLE
2026-08-16T23:00:32.413316,0.0000000,0.0000000,-8.12,-0.0217,-0.0028,-0.6800,321.0,0.00,0.000,0.000,IDLE
2026-08-16T23:00:33.413937,0.0000000,0.0000000,-8.07,-0.0217,-0.0028,-0.6794,321.0,0.00,0.000,0.000,IDLE
2026-08-16T23:00:34.413404,0.0000000,0.0000000,-7.77,-0.0217,-0.0027,-0.6802,321.0,0.00,0.000,0.000,IDLE
2026-08-16T23:00:35.413653,0.0000000,0.0000000,-7.91,-0.0216,-0.0027,-0.6792,321.0,0.00,0.000,0.000,IDLE
2026-08-16T23:00:36.413368,0.0000000,0.0000000,-8.02,-0.0216,-0.0026,-0.6767,321.0,0.00,0.000,0.000,IDLE
2026-08-16T23:00:37.413315,0.0000000,0.0000000,-8.10,-0.0216,-0.0027,-0.6768,321.0,0.00,0.000,0.000,IDLE
2026-08-16T23:00:38.413416,0.0000000,0.0000000,-8.01,-0.0217,-0.0026,-0.6784,321.0,0.00,0.000,0.000,IDLE
2026-08-16T23:00:39.413784,0.0000000,0.0000000,-8.04,-0.0218,-0.0026,-0.6786,321.0,0.00,0.000,0.000,IDLE
2026-08-16T23:00:40.413403,0.0000000,0.0000000,-7.92,-0.0218,-0.0027,-0.6777,321.0,0.00,0.000,0.000,IDLE
2026-08-16T23:00:41.413625,0.0000000,0.0000000,-8.06,-0.0217,-0.0027,-0.6782,321.0,0.00,0.000,0.000,IDLE
2026-08-16T23:00:42.413382,0.0000000,0.0000000,-7.95,-0.0217,-0.0028,-0.6813,320.0,0.00,0.000,0.000,IDLE
2026-08-16T23:00:43.413563,0.0000000,0.0000000,-7.95,-0.0217,-0.0029,-0.6811,320.0,0.00,0.000,0.000,IDLE
2026-08-16T23:00:44.413884,0.0000000,0.0000000,-8.01,-0.0217,-0.0029,-0.6828,320.0,0.00,0.000,0.000,IDLE
2026-08-16T23:00:45.413614,0.0000000,0.0000000,-8.10,-0.0217,-0.0027,-0.6809,320.0,0.00,0.000,0.000,IDLE
2026-08-16T23:00:46.413334,0.0000000,0.0000000,-7.87,-0.0215,-0.0026,-0.6803,321.0,0.00,0.000,0.000,IDLE
2026-08-16T23:00:47.413752,0.0000000,0.0000000,-7.86,-0.0214,-0.0025,-0.6825,320.0,0.00,0.000,0.000,IDLE
2026-08-16T23:00:48.413368,0.0000000,0.0000000,-8.27,-0.0214,-0.0025,-0.6834,320.0,0.00,0.000,0.000,IDLE
2026-08-16T23:00:49.413330,0.0000000,0.0000000,-8.00,-0.0214,-0.0024,-0.6834,320.0,0.00,0.000,0.000,IDLE
2026-08-16T23:00:50.413313,0.0000000,0.0000000,-8.02,-0.0213,-0.0025,-0.6841,320.0,0.00,0.000,0.000,IDLE
2026-08-16T23:00:51.413534,0.0000000,0.0000000,-8.06,-0.0214,-0.0024,-0.6881,320.0,0.00,0.000,0.000,IDLE
2026-08-16T23:00:52.414010,0.0000000,0.0000000,-8.07,-0.0214,-0.0024,-0.6886,320.0,0.00,0.000,0.000,IDLE
2026-08-16T23:00:53.413430,0.0000000,0.0000000,-7.94,-0.0214,-0.0025,-0.6867,320.0,0.00,0.000,0.000,IDLE
2026-08-16T23:00:54.413291,0.0000000,0.0000000,-8.02,-0.0213,-0.0024,-0.6897,320.0,0.00,0.000,0.000,IDLE
2026-08-16T23:00:55.413317,0.0000000,0.0000000,-7.77,-0.0213,-0.0023,-0.6888,320.0,0.00,0.000,0.000,IDLE
2026-08-16T23:00:56.413950,0.0000000,0.0000000,-8.12,-0.0213,-0.0023,-0.6874,320.0,0.00,0.000,0.000,IDLE
2026-08-16T23:00:57.413594,0.0000000,0.0000000,-7.83,-0.0213,-0.0023,-0.6891,320.0,0.00,0.000,0.000,IDLE
2026-08-16T23:00:58.413295,0.0000000,0.0000000,-8.14,-0.0214,-0.0023,-0.6866,320.0,0.00,0.000,0.000,IDLE
2026-08-16T23:00:59.413302,0.0000000,0.0000000,-8.03,-0.0215,-0.0025,-0.6852,320.0,0.00,0.000,0.000,IDLE
2026-08-16T23:01:00.413404,0.0000000,0.0000000,-8.03,-0.0215,-0.0025,-0.6854,320.0,0.00,0.000,0.000,IDLE
2026-08-16T23:01:01.413250,0.0000000,0.0000000,-7.94,-0.0215,-0.0025,-0.6854,320.0,0.00,0.000,0.000,IDLE
2026-08-16T23:01:02.413289,0.0000000,0.0000000,-8.12,-0.0215,-0.0024,-0.6838,320.0,0.00,0.000,0.000,IDLE
2026-08-16T23:01:03.413249,0.0000000,0.0000000,-8.12,-0.0215,-0.0025,-0.6806,321.0,0.00,0.000,0.000,IDLE
2026-08-16T23:01:04.413444,0.0000000,0.0000000,-8.07,-0.0215,-0.0026,-0.6787,321.0,0.00,0.000,0.000,IDLE
2026-08-16T23:01:05.413381,0.0000000,0.0000000,-7.97,-0.0216,-0.0026,-0.6774,321.0,0.00,0.000,0.000,IDLE
2026-08-16T23:01:06.413337,0.0000000,0.0000000,-7.93,-0.0217,-0.0025,-0.6761,321.0,0.00,0.000,0.000,IDLE
2026-08-16T23:01:07.416199,0.0000000,0.0000000,-8.11,-0.0217,-0.0027,-0.6768,321.0,0.00,0.000,0.000,IDLE
2026-08-16T23:01:08.413300,0.0000000,0.0000000,-8.00,-0.0218,-0.0028,-0.6773,321.0,0.00,0.000,0.000,IDLE
2026-08-16T23:01:09.413339,0.0000000,0.0000000,-8.02,-0.0218,-0.0028,-0.6751,321.0,0.00,0.000,0.000,IDLE
2026-08-16T23:01:10.413357,0.0000000,0.0000000,-7.93,-0.0219,-0.0029,-0.6769,321.0,0.00,0.000,0.000,IDLE
2026-08-16T23:01:11.413401,0.0000000,0.0000000,-8.05,-0.0218,-0.0028,-0.6787,321.0,0.00,0.000,0.000,IDLE
2026-08-16T23:01:12.413297,0.0000000,0.0000000,-8.02,-0.0218,-0.0028,-0.6777,321.0,0.00,0.000,0.000,IDLE
2026-08-16T23:01:13.414042,0.0000000,0.0000000,-8.02,-0.0216,-0.0025,-0.6793,321.0,0.00,0.000,0.000,IDLE
2026-08-16T23:01:14.413382,0.0000000,0.0000000,-7.95,-0.0216,-0.0022,-0.6789,321.0,0.00,0.000,0.000,IDLE
2026-08-16T23:01:15.413363,0.0000000,0.0000000,-7.90,-0.0215,-0.0024,-0.6783,321.0,0.00,0.000,0.000,IDLE
2026-08-16T23:01:16.413295,0.0000000,0.0000000,-7.94,-0.0216,-0.0023,-0.6782,321.0,0.00,0.000,0.000,IDLE
2026-08-16T23:01:17.413357,0.0000000,0.0000000,-8.00,-0.0217,-0.0024,-0.6774,321.0,0.00,0.000,0.000,IDLE
2026-08-16T23:01:18.413311,0.0000000,0.0000000,-8.00,-0.0217,-0.0024,-0.6767,321.0,0.00,0.000,0.000,IDLE
2026-08-16T23:01:19.413290,0.0000000,0.0000000,-8.01,-0.0219,-0.0026,-0.6779,321.0,0.00,0.000,0.000,IDLE
2026-08-16T23:01:20.413316,0.0000000,0.0000000,-7.91,-0.0219,-0.0026,-0.6776,321.0,0.00,0.000,0.000,IDLE
2026-08-16T23:01:21.413335,0.0000000,0.0000000,-8.12,-0.0219,-0.0027,-0.6791,321.0,0.00,0.000,0.000,IDLE
2026-08-16T23:01:22.413377,0.0000000,0.0000000,-7.87,-0.0219,-0.0028,-0.6782,321.0,0.00,0.000,0.000,IDLE
2026-08-16T23:01:23.414073,0.0000000,0.0000000,-7.95,-0.0220,-0.0028,-0.6770,321.0,0.00,0.000,0.000,IDLE
2026-08-16T23:01:24.413633,0.0000000,0.0000000,-8.05,-0.0219,-0.0027,-0.6782,321.0,0.00,0.000,0.000,IDLE
2026-08-16T23:01:25.413593,0.0000000,0.0000000,-7.89,-0.0220,-0.0026,-0.6805,321.0,0.00,0.000,0.000,IDLE
2026-08-16T23:01:26.413583,0.0000000,0.0000000,-7.87,-0.0221,-0.0026,-0.6787,321.0,0.00,0.000,0.000,IDLE
2026-08-16T23:01:27.413311,0.0000000,0.0000000,-8.00,-0.0220,-0.0025,-0.6804,321.0,0.00,0.000,0.000,IDLE
2026-08-16T23:01:28.413575,0.0000000,0.0000000,-8.05,-0.0219,-0.0024,-0.6782,321.0,0.00,0.000,0.000,IDLE
2026-08-16T23:01:29.413260,0.0000000,0.0000000,-8.15,-0.0217,-0.0023,-0.6798,321.0,0.00,0.000,0.000,IDLE
2026-08-16T23:01:30.413340,0.0000000,0.0000000,-8.09,-0.0218,-0.0025,-0.6790,321.0,0.00,0.000,0.000,IDLE
2026-08-16T23:01:31.413753,0.0000000,0.0000000,-8.08,-0.0217,-0.0025,-0.6794,321.0,0.00,0.000,0.000,IDLE
2026-08-16T23:01:32.413320,0.0000000,0.0000000,-7.98,-0.0216,-0.0026,-0.6810,320.0,0.00,0.000,0.000,IDLE
2026-08-16T23:01:33.413321,0.0000000,0.0000000,-7.86,-0.0216,-0.0028,-0.6809,320.0,0.00,0.000,0.000,IDLE
2026-08-16T23:01:34.413728,0.0000000,0.0000000,-7.83,-0.0217,-0.0029,-0.6774,321.0,0.00,0.000,0.000,IDLE
2026-08-16T23:01:35.413696,0.0000000,0.0000000,-8.16,-0.0217,-0.0029,-0.6767,321.0,0.00,0.000,0.000,IDLE
2026-08-16T23:01:36.413404,0.0000000,0.0000000,-7.79,-0.0215,-0.0030,-0.6748,321.0,0.00,0.000,0.000,IDLE
2026-08-16T23:01:37.413359,0.0000000,0.0000000,-7.91,-0.0215,-0.0030,-0.6698,321.0,0.00,0.000,0.000,IDLE
2026-08-16T23:01:38.413486,0.0000000,0.0000000,-7.95,-0.0217,-0.0031,-0.6709,321.0,0.00,0.000,0.000,IDLE
2026-08-16T23:01:39.413487,0.0000000,0.0000000,-7.90,-0.0217,-0.0033,-0.6737,321.0,0.00,0.000,0.000,IDLE
2026-08-16T23:01:40.413370,0.0000000,0.0000000,-8.03,-0.0216,-0.0032,-0.6719,321.0,0.00,0.000,0.000,IDLE
2026-08-16T23:01:41.413995,0.0000000,0.0000000,-8.10,-0.0217,-0.0032,-0.6669,321.0,0.00,0.000,0.000,IDLE
2026-08-16T23:01:42.413391,0.0000000,0.0000000,-7.93,-0.0218,-0.0033,-0.6667,321.0,0.00,0.000,0.000,IDLE
2026-08-16T23:01:43.413343,0.0000000,0.0000000,-7.90,-0.0219,-0.0034,-0.6709,321.0,0.00,0.000,0.000,IDLE
2026-08-16T23:01:44.413351,0.0000000,0.0000000,-7.92,-0.0218,-0.0032,-0.6717,321.0,0.00,0.000,0.000,IDLE
2026-08-16T23:01:45.413456,0.0000000,0.0000000,-8.04,-0.0218,-0.0031,-0.6718,321.0,0.00,0.000,0.000,IDLE
2026-08-16T23:01:46.413310,0.0000000,0.0000000,-7.80,-0.0217,-0.0031,-0.6728,321.0,0.00,0.000,0.000,IDLE
2026-08-16T23:01:47.413428,0.0000000,0.0000000,-8.01,-0.0217,-0.0031,-0.6742,321.0,0.00,0.000,0.000,IDLE
2026-08-16T23:01:48.413523,0.0000000,0.0000000,-7.96,-0.0216,-0.0030,-0.6755,321.0,0.00,0.000,0.000,IDLE
2026-08-16T23:01:49.413331,0.0000000,0.0000000,-7.99,-0.0216,-0.0029,-0.6771,321.0,0.00,0.000,0.000,IDLE
2026-08-16T23:01:50.413323,0.0000000,0.0000000,-8.07,-0.0215,-0.0029,-0.6810,320.0,0.00,0.000,0.000,IDLE
2026-08-16T23:01:51.413362,0.0000000,0.0000000,-7.94,-0.0215,-0.0028,-0.6821,320.0,0.00,0.000,0.000,IDLE
2026-08-16T23:01:52.413412,0.0000000,0.0000000,-8.05,-0.0215,-0.0027,-0.6831,320.0,0.00,0.000,0.000,IDLE
2026-08-16T23:01:53.413618,0.0000000,0.0000000,-8.02,-0.0215,-0.0028,-0.6819,320.0,0.00,0.000,0.000,IDLE
2026-08-16T23:01:54.413336,0.0000000,0.0000000,-8.06,-0.0216,-0.0026,-0.6820,320.0,0.00,0.000,0.000,IDLE
2026-08-16T23:01:55.413304,0.0000000,0.0000000,-8.05,-0.0215,-0.0026,-0.6807,321.0,0.00,0.000,0.000,IDLE
2026-08-16T23:01:56.413339,0.0000000,0.0000000,-7.82,-0.0214,-0.0026,-0.6778,321.0,0.00,0.000,0.000,IDLE
2026-08-16T23:01:57.413346,0.0000000,0.0000000,-8.08,-0.0214,-0.0026,-0.6766,321.0,0.00,0.000,0.000,IDLE
2026-08-16T23:01:58.413369,0.0000000,0.0000000,-8.02,-0.0213,-0.0027,-0.6739,321.0,0.00,0.000,0.000,IDLE
