timestamp,lat,lon,alt,roll,pitch,yaw,heading,groundspeed,cmd_linear_x,cmd_angular_z,mission_phase
2026-08-17T07:13:34.800202,0.0000000,0.0000000,0.00,0.0000,0.0000,0.0000,0.0,0.00,0.000,0.000,IDLE
2026-08-17T07:13:35.804782,0.0000000,0.0000000,0.00,0.0000,0.0000,0.0000,0.0,0.00,0.000,0.000,IDLE
2026-08-17T07:13:36.795523,0.0000000,0.0000000,0.00,0.0000,0.0000,0.0000,0.0,0.00,0.000,0.000,IDLE
2026-08-17T07:13:37.794876,37.8648830,32.4839906,1026.04,-0.0100,0.0713,-2.5528,213.0,0.02,0.000,0.000,IDLE
2026-08-17T07:13:38.794800,37.8648828,32.4839909,1025.98,-0.0105,0.0705,-2.5535,213.0,0.02,0.000,0.000,IDLE
2026-08-17T07:13:39.794845,37.8648821,32.4839907,1025.95,-0.0104,0.0706,-2.5542,213.0,0.04,0.000,0.000,IDLE
2026-08-17T07:13:40.794837,37.8648820,32.4839903,1025.91,-0.0103,0.0709,-2.5547,213.0,0.04,0.000,0.000,IDLE
2026-08-17T07:13:41.794829,37.8648819,32.4839902,1025.96,-0.0104,0.0710,-2.5547,213.0,0.02,0.000,0.000,IDLE
2026-08-17T07:13:42.794779,37.8648822,32.4839904,1026.00,-0.0103,0.0717,-2.5549,213.0,0.02,0.000,0.000,IDLE
2026-08-17T07:13:43.794755,37.8648829,32.4839910,1026.03,-0.0102,0.0724,-2.5553,213.0,0.06,0.000,0.000,IDLE
2026-08-17T07:13:44.794673,37.8648836,32.4839916,1026.03,-0.0103,0.0727,-2.5560,213.0,0.08,0.000,0.000,IDLE
2026-08-17T07:13:45.794899,37.8648838,32.4839917,1026.00,-0.0103,0.0723,-2.5563,213.0,0.07,0.000,0.000,IDLE
2026-08-17T07:13:46.794794,37.8648834,32.4839914,1025.98,-0.0103,0.0713,-2.5566,213.0,0.02,0.000,0.000,IDLE
2026-08-17T07:13:47.794975,37.8648834,32.4839917,1025.99,-0.0103,0.0716,-2.5568,213.0,0.04,0.000,0.000,IDLE
2026-08-17T07:13:48.794767,37.8648843,32.4839929,1026.01,-0.0104,0.0719,-2.5571,213.0,0.07,0.000,0.000,IDLE
2026-08-17T07:13:49.794786,37.8648843,32.4839935,1025.99,-0.0106,0.0715,-2.5576,213.0,0.07,0.000,0.000,IDLE
2026-08-17T07:13:50.794811,37.8648852,32.4839943,1026.00,-0.0101,0.0719,-2.5583,213.0,0.08,0.000,0.000,IDLE
2026-08-17T07:13:51.794797,37.8648849,32.4839938,1025.93,-0.0100,0.0707,-2.5580,213.0,0.02,0.000,0.000,IDLE
2026-08-17T07:13:52.794934,37.8648840,32.4839935,1025.88,-0.0098,0.0698,-2.5583,213.0,0.04,0.000,0.000,IDLE
2026-08-17T07:13:53.794590,37.8648835,32.4839925,1025.88,-0.0092,0.0693,-2.5592,213.0,0.07,0.000,-0.800,DRIVETEST
2026-08-17T07:13:54.794699,37.8648831,32.4839917,1025.90,-0.0090,0.0692,-2.5594,213.0,0.08,0.000,-0.800,DRIVETEST
2026-08-17T07:13:55.794621,37.8648831,32.4839918,1025.96,-0.0092,0.0694,-2.5603,213.0,0.08,0.000,-0.800,DRIVETEST
2026-08-17T07:13:56.794700,37.8648825,32.4839915,1026.04,-0.0095,0.0695,-2.5604,213.0,0.08,0.000,-0.800,DRIVETEST
2026-08-17T07:13:57.794656,37.8648819,32.4839921,1026.07,-0.0100,0.0700,-2.5609,213.0,0.06,0.000,-0.800,DRIVETEST
2026-08-17T07:13:58.794544,37.8648816,32.4839920,1026.07,-0.0096,0.0701,-2.5609,213.0,0.05,0.000,-0.800,DRIVETEST
2026-08-17T07:13:59.794719,37.8648813,32.4839915,1026.08,-0.0096,0.0698,-2.5608,213.0,0.06,0.000,-0.800,DRIVETEST
2026-08-17T07:14:00.794624,37.8648807,32.4839906,1026.10,-0.0092,0.0698,-2.5617,213.0,0.09,0.000,-0.800,DRIVETEST
2026-08-17T07:14:01.794696,37.8648810,32.4839904,1026.09,-0.0094,0.0698,-2.5621,213.0,0.03,0.000,-0.800,DRIVETEST
2026-08-17T07:14:02.794803,37.8648807,32.4839905,1026.08,-0.0092,0.0702,-2.5620,213.0,0.04,0.000,-0.800,DRIVETEST
2026-08-17T07:14:03.794729,37.8648809,32.4839904,1026.08,-0.0093,0.0701,-2.5624,213.0,0.03,0.000,-0.800,DRIVETEST
2026-08-17T07:14:04.794825,37.8648809,32.4839900,1026.11,-0.0093,0.0712,-2.5629,213.0,0.05,0.000,-0.800,DRIVETEST
2026-08-17T07:14:05.794674,37.8648810,32.4839899,1026.08,-0.0097,0.0719,-2.5631,213.0,0.04,0.000,-0.800,DRIVETEST
2026-08-17T07:14:06.794829,37.8648815,32.4839900,1026.08,-0.0098,0.0720,-2.5632,213.0,0.05,0.000,-0.800,DRIVETEST
2026-08-17T07:14:07.794774,37.8648822,32.4839902,1026.07,-0.0093,0.0704,-2.5638,213.0,0.07,0.000,-0.800,DRIVETEST
2026-08-17T07:14:08.794890,37.8648824,32.4839906,1026.11,-0.0101,0.0693,-2.5641,213.0,0.04,0.000,-0.800,DRIVETEST
2026-08-17T07:14:09.794815,37.8648822,32.4839912,1026.11,-0.0103,0.0687,-2.5642,213.0,0.02,0.000,-0.800,DRIVETEST
2026-08-17T07:14:10.795009,37.8648820,32.4839908,1026.11,-0.0098,0.0681,-2.5638,213.0,0.03,0.000,-0.800,DRIVETEST
2026-08-17T07:14:11.794859,37.8648820,32.4839904,1026.06,-0.0098,0.0682,-2.5645,213.0,0.03,0.000,-0.800,DRIVETEST
2026-08-17T07:14:12.794934,37.8648820,32.4839909,1026.06,-0.0104,0.0684,-2.5646,213.0,0.02,0.000,-0.800,DRIVETEST
2026-08-17T07:14:13.794881,37.8648819,32.4839918,1026.05,-0.0108,0.0685,-2.5648,213.0,0.02,0.000,-0.800,DRIVETEST
2026-08-17T07:14:14.794790,37.8648820,32.4839921,1025.98,-0.0108,0.0687,-2.5643,213.0,0.03,0.000,-0.800,DRIVETEST
2026-08-17T07:14:15.794776,37.8648819,32.4839919,1025.95,-0.0102,0.0683,-2.5644,213.0,0.02,0.000,-0.800,DRIVETEST
2026-08-17T07:14:16.794846,37.8648822,32.4839920,1025.99,-0.0097,0.0686,-2.5649,213.0,0.00,0.000,-0.800,DRIVETEST
2026-08-17T07:14:17.794812,37.8648817,32.4839916,1026.00,-0.0094,0.0676,-2.5650,213.0,0.06,0.000,-0.800,DRIVETEST
2026-08-17T07:14:18.794829,37.8648811,32.4839909,1026.04,-0.0088,0.0673,-2.5652,213.0,0.07,0.000,-0.800,DRIVETEST
2026-08-17T07:14:19.794963,37.8648810,32.4839909,1026.02,-0.0088,0.0676,-2.5657,213.0,0.07,0.000,-0.800,DRIVETEST
2026-08-17T07:14:20.794700,37.8648809,32.4839911,1026.05,-0.0090,0.0679,-2.5660,212.0,0.05,0.000,-0.800,DRIVETEST
2026-08-17T07:14:21.794952,37.8648807,32.4839912,1026.10,-0.0088,0.0677,-2.5656,213.0,0.06,0.000,-0.800,DRIVETEST
2026-08-17T07:14:22.794865,37.8648805,32.4839915,1026.18,-0.0090,0.0681,-2.5656,213.0,0.07,0.000,-0.800,DRIVETEST
2026-08-17T07:14:23.794906,37.8648802,32.4839906,1026.19,-0.0086,0.0682,-2.5658,213.0,0.07,0.000,-0.800,DRIVETEST
2026-08-17T07:14:24.795090,37.8648808,32.4839908,1026.19,-0.0084,0.0693,-2.5662,212.0,0.03,0.000,-0.800,DRIVETEST
2026-08-17T07:14:25.794804,37.8648813,32.4839916,1026.17,-0.0087,0.0701,-2.5668,212.0,0.02,0.000,-0.800,DRIVETEST
2026-08-17T07:14:26.794856,37.8648812,32.4839914,1026.13,-0.0084,0.0696,-2.5671,212.0,0.04,0.000,-0.800,DRIVETEST
2026-08-17T07:14:27.794766,37.8648807,32.4839901,1026.10,-0.0080,0.0691,-2.5669,212.0,0.06,0.000,-0.800,DRIVETEST
2026-08-17T07:14:28.794830,37.8648804,32.4839904,1026.08,-0.0087,0.0694,-2.5678,212.0,0.04,0.000,-0.800,DRIVETEST
2026-08-17T07:14:29.794879,37.8648799,32.4839904,1026.06,-0.0090,0.0695,-2.5688,212.0,0.04,0.000,-0.800,DRIVETEST
2026-08-17T07:14:30.794799,37.8648799,32.4839903,1026.05,-0.0091,0.0697,-2.5691,212.0,0.06,0.000,-0.800,DRIVETEST
2026-08-17T07:14:31.795164,37.8648793,32.4839895,1026.10,-0.0090,0.0695,-2.5690,212.0,0.06,0.000,-0.800,DRIVETEST
2026-08-17T07:14:32.794862,37.8648791,32.4839894,1026.14,-0.0092,0.0697,-2.5693,212.0,0.06,0.000,-0.800,DRIVETEST
2026-08-17T07:14:33.794779,37.8648781,32.4839885,1026.12,-0.0095,0.0690,-2.5697,212.0,0.08,0.000,-0.800,DRIVETEST
2026-08-17T07:14:34.794779,37.8648773,32.4839883,1026.15,-0.0099,0.0690,-2.5697,212.0,0.09,0.000,-0.800,DRIVETEST
2026-08-17T07:14:35.794865,37.8648769,32.4839885,1026.19,-0.0102,0.0698,-2.5694,212.0,0.05,0.000,-0.800,DRIVETEST
2026-08-17T07:14:36.794942,37.8648771,32.4839885,1026.15,-0.0103,0.0703,-2.5693,212.0,0.03,0.000,-0.800,DRIVETEST
2026-08-17T07:14:37.794832,37.8648768,32.4839887,1026.12,-0.0109,0.0705,-2.5690,212.0,0.04,0.000,-0.800,DRIVETEST
2026-08-17T07:14:38.794790,37.8648762,32.4839893,1026.12,-0.0110,0.0704,-2.5692,212.0,0.05,0.000,-0.800,DRIVETEST
2026-08-17T07:14:39.794977,37.8648763,32.4839889,1026.12,-0.0106,0.0704,-2.5691,212.0,0.03,0.000,-0.800,DRIVETEST
2026-08-17T07:14:40.794851,37.8648764,32.4839894,1026.06,-0.0106,0.0707,-2.5689,212.0,0.03,0.000,-0.800,DRIVETEST
2026-08-17T07:14:41.795054,37.8648766,32.4839892,1026.04,-0.0101,0.0703,-2.5684,212.0,0.02,0.000,-0.800,DRIVETEST
2026-08-17T07:14:42.794953,37.8648762,32.4839892,1026.08,-0.0101,0.0700,-2.5682,212.0,0.02,0.000,-0.800,DRIVETEST
2026-08-17T07:14:43.794803,37.8648763,32.4839889,1026.09,-0.0094,0.0699,-2.5683,212.0,0.01,0.000,-0.800,DRIVETEST
2026-08-17T07:14:44.794800,37.8648766,32.4839885,1026.09,-0.0091,0.0698,-2.5683,212.0,0.03,0.000,-0.800,DRIVETEST
2026-08-17T07:14:45.795047,37.8648769,32.4839885,1026.04,-0.0091,0.0700,-2.5683,212.0,0.03,0.000,-0.800,DRIVETEST
2026-08-17T07:14:46.794776,37.8648766,32.4839884,1026.03,-0.0093,0.0694,-2.5685,212.0,0.03,0.000,-0.800,DRIVETEST
2026-08-17T07:14:47.794828,37.8648759,32.4839878,1026.09,-0.0094,0.0688,-2.5685,212.0,0.05,0.000,-0.800,DRIVETEST
2026-08-17T07:14:48.795129,37.8648763,32.4839877,1026.11,-0.0093,0.0695,-2.5683,212.0,0.03,0.000,-0.800,DRIVETEST
2026-08-17T07:14:49.794714,37.8648765,32.4839876,1026.12,-0.0095,0.0696,-2.5680,212.0,0.03,0.000,-0.800,DRIVETEST
2026-08-17T07:14:50.795164,37.8648760,32.4839875,1026.05,-0.0099,0.0694,-2.5680,212.0,0.03,0.000,-0.800,DRIVETEST
2026-08-17T07:14:51.795158,37.8648764,32.4839876,1026.03,-0.0100,0.0698,-2.5679,212.0,0.02,0.000,-0.800,DRIVETEST
2026-08-17T07:14:52.794726,37.8648763,32.4839876,1026.01,-0.0100,0.0699,-2.5682,212.0,0.02,0.000,-0.800,DRIVETEST
2026-08-17T07:14:53.795005,37.8648761,32.4839873,1026.02,-0.0099,0.0698,-2.5678,212.0,0.02,0.000,-0.800,DRIVETEST
2026-08-17T07:14:54.794763,37.8648766,32.4839875,1026.11,-0.0098,0.0704,-2.5675,212.0,0.03,0.000,-0.800,DRIVETEST
2026-08-17T07:14:55.794567,37.8648769,32.4839877,1026.16,-0.0098,0.0700,-2.5675,212.0,0.03,0.000,-0.800,DRIVETEST
2026-08-17T07:14:56.794986,37.8648767,32.4839865,1026.19,-0.0099,0.0695,-2.5673,212.0,0.03,0.000,-0.800,DRIVETEST
2026-08-17T07:14:57.794829,37.8648766,32.4839869,1026.13,-0.0103,0.0696,-2.5674,212.0,0.02,0.000,-0.800,DRIVETEST
2026-08-17T07:14:58.794873,37.8648768,32.4839871,1026.05,-0.0105,0.0696,-2.5672,212.0,0.01,0.000,-0.800,DRIVETEST
2026-08-17T07:14:59.795348,37.8648768,32.4839866,1026.06,-0.0103,0.0692,-2.5671,212.0,0.03,0.000,-0.800,DRIVETEST
2026-08-17T07:15:00.794873,37.8648765,32.4839862,1026.09,-0.0103,0.0689,-2.5671,212.0,0.03,0.000,-0.800,DRIVETEST
2026-08-17T07:15:01.795171,37.8648764,32.4839863,1026.12,-0.0105,0.0691,-2.5676,212.0,0.02,0.000,-0.800,DRIVETEST
2026-08-17T07:15:02.794784,37.8648772,32.4839867,1026.11,-0.0103,0.0698,-2.5674,212.0,0.01,0.000,-0.800,DRIVETEST
2026-08-17T07:15:03.794827,37.8648774,32.4839871,1026.07,-0.0106,0.0700,-2.5671,212.0,0.02,0.000,-0.800,DRIVETEST
2026-08-17T07:15:04.794832,37.8648778,32.4839881,1026.13,-0.0109,0.0701,-2.5672,212.0,0.04,0.000,-0.800,DRIVETEST
2026-08-17T07:15:05.795288,37.8648776,32.4839880,1026.18,-0.0109,0.0694,-2.5674,212.0,0.03,0.000,0.000,IDLE
2026-08-17T07:15:06.794851,37.8648776,32.4839886,1026.19,-0.0110,0.0697,-2.5673,212.0,0.03,0.000,0.000,IDLE
2026-08-17T07:15:07.794817,37.8648775,32.4839887,1026.21,-0.0109,0.0694,-2.5681,212.0,0.03,0.000,0.000,IDLE
2026-08-17T07:15:08.794755,37.8648779,32.4839891,1026.22,-0.0107,0.0695,-2.5679,212.0,0.02,0.000,0.000,IDLE
2026-08-17T07:15:09.794781,37.8648777,32.4839889,1026.21,-0.0105,0.0690,-2.5680,212.0,0.02,0.000,0.000,IDLE
2026-08-17T07:15:10.794818,37.8648780,32.4839890,1026.22,-0.0102,0.0694,-2.5681,212.0,0.01,0.000,0.000,IDLE
2026-08-17T07:15:11.794886,37.8648783,32.4839890,1026.23,-0.0102,0.0693,-2.5682,212.0,0.02,0.000,0.000,IDLE
2026-08-17T07:15:12.794795,37.8648787,32.4839890,1026.20,-0.0106,0.0691,-2.5685,212.0,0.02,0.000,0.000,IDLE
2026-08-17T07:15:13.795241,37.8648787,32.4839890,1026.23,-0.0105,0.0689,-2.5683,212.0,0.03,0.000,0.000,IDLE
2026-08-17T07:15:14.794842,37.8648789,32.4839894,1026.20,-0.0106,0.0689,-2.5681,212.0,0.02,0.000,0.000,IDLE
2026-08-17T07:15:15.794807,37.8648787,32.4839894,1026.24,-0.0109,0.0689,-2.5680,212.0,0.03,0.000,0.000,IDLE
2026-08-17T07:15:16.794875,37.8648783,32.4839895,1026.27,-0.0107,0.0685,-2.5683,212.0,0.05,0.000,0.000,IDLE
2026-08-17T07:15:17.794822,37.8648780,32.4839896,1026.27,-0.0105,0.0686,-2.5680,212.0,0.04,0.000,0.000,IDLE
2026-08-17T07:15:18.794764,37.8648784,32.4839895,1026.25,-0.0097,0.0691,-2.5675,212.0,0.04,0.000,0.000,IDLE
2026-08-17T07:15:19.798362,37.8648787,32.4839893,1026.21,-0.0095,0.0693,-2.5672,212.0,0.04,0.000,0.000,IDLE
2026-08-17T07:15:20.795011,37.8648788,32.4839892,1026.20,-0.0094,0.0693,-2.5667,212.0,0.06,0.000,0.000,IDLE
2026-08-17T07:15:21.794835,37.8648782,32.4839884,1026.19,-0.0093,0.0687,-2.5667,212.0,0.08,0.000,0.000,IDLE
2026-08-17T07:15:22.795078,37.8648782,32.4839878,1026.18,-0.0092,0.0690,-2.5665,212.0,0.08,0.000,0.000,IDLE
2026-08-17T07:15:23.794790,37.8648784,32.4839881,1026.16,-0.0095,0.0697,-2.5661,212.0,0.07,0.000,0.000,IDLE
2026-08-17T07:15:24.794999,37.8648783,32.4839880,1026.13,-0.0101,0.0694,-2.5660,212.0,0.05,0.000,0.000,IDLE
2026-08-17T07:15:25.794841,37.8648781,32.4839886,1026.11,-0.0110,0.0698,-2.5662,212.0,0.02,0.000,0.000,IDLE
2026-08-17T07:15:26.794994,37.8648783,32.4839890,1026.11,-0.0111,0.0706,-2.5659,212.0,0.01,0.000,0.000,IDLE
2026-08-17T07:15:27.795081,37.8648784,32.4839896,1026.11,-0.0116,0.0705,-2.5652,213.0,0.02,0.000,0.000,IDLE
2026-08-17T07:15:28.794886,37.8648788,32.4839894,1026.13,-0.0109,0.0708,-2.5650,213.0,0.02,0.000,0.000,IDLE
2026-08-17T07:15:29.794815,37.8648787,32.4839904,1026.11,-0.0117,0.0707,-2.5646,213.0,0.04,0.000,0.000,IDLE
2026-08-17T07:15:30.794894,37.8648783,32.4839909,1026.10,-0.0118,0.0701,-2.5646,213.0,0.04,0.000,0.000,IDLE
2026-08-17T07:15:31.794881,37.8648785,32.4839909,1026.12,-0.0112,0.0697,-2.5646,213.0,0.01,0.000,0.000,IDLE
2026-08-17T07:15:32.794815,37.8648789,32.4839908,1026.12,-0.0109,0.0696,-2.5645,213.0,0.01,0.000,0.000,IDLE
2026-08-17T07:15:33.794765,37.8648788,32.4839909,1026.10,-0.0111,0.0689,-2.5640,213.0,0.02,0.000,0.000,IDLE
2026-08-17T07:15:34.795425,37.8648785,32.4839907,1026.11,-0.0110,0.0685,-2.5636,213.0,0.04,0.000,0.000,IDLE
2026-08-17T07:15:35.794944,37.8648787,32.4839903,1026.12,-0.0104,0.0687,-2.5631,213.0,0.04,0.000,0.000,IDLE
2026-08-17T07:15:36.794836,37.8648790,32.4839900,1026.13,-0.0101,0.0686,-2.5633,213.0,0.06,0.000,0.000,IDLE
2026-08-17T07:15:37.794781,37.8648788,32.4839897,1026.14,-0.0102,0.0685,-2.5636,213.0,0.06,0.000,0.000,IDLE
2026-08-17T07:15:38.794806,37.8648784,32.4839897,1026.16,-0.0105,0.0685,-2.5641,213.0,0.08,0.000,0.000,IDLE
2026-08-17T07:15:39.795005,37.8648776,32.4839889,1026.19,-0.0102,0.0679,-2.5643,213.0,0.12,0.000,0.000,IDLE
2026-08-17T07:15:40.794988,37.8648773,32.4839882,1026.24,-0.0099,0.0683,-2.5641,213.0,0.11,0.000,0.000,IDLE
2026-08-17T07:15:41.794817,37.8648778,32.4839879,1026.24,-0.0098,0.0692,-2.5637,213.0,0.07,0.000,0.000,IDLE
2026-08-17T07:15:42.794768,37.8648786,32.4839889,1026.19,-0.0102,0.0705,-2.5637,213.0,0.03,0.000,0.000,IDLE
2026-08-17T07:15:43.794844,37.8648791,32.4839900,1026.14,-0.0105,0.0709,-2.5640,213.0,0.03,0.000,0.000,IDLE
2026-08-17T07:15:44.794945,37.8648790,32.4839901,1026.08,-0.0103,0.0705,-2.5642,213.0,0.02,0.000,0.000,IDLE
2026-08-17T07:15:45.795329,37.8648795,32.4839903,1026.03,-0.0101,0.0706,-2.5641,213.0,0.04,0.000,0.000,IDLE
2026-08-17T07:15:46.794974,37.8648798,32.4839902,1025.99,-0.0099,0.0700,-2.5642,213.0,0.03,0.000,0.000,IDLE
2026-08-17T07:15:47.795030,37.8648794,32.4839902,1025.97,-0.0102,0.0694,-2.5641,213.0,0.03,0.000,0.000,IDLE
2026-08-17T07:15:48.794793,37.8648796,32.4839904,1026.00,-0.0102,0.0698,-2.5639,213.0,0.02,0.000,0.000,IDLE
2026-08-17T07:15:49.795069,37.8648801,32.4839903,1026.01,-0.0102,0.0698,-2.5636,213.0,0.03,0.000,0.000,IDLE
2026-08-17T07:15:50.794894,37.8648800,32.4839904,1026.01,-0.0103,0.0698,-2.5635,213.0,0.03,0.000,0.000,IDLE
2026-08-17T07:15:51.794804,37.8648799,32.4839897,1026.05,-0.0103,0.0689,-2.5638,213.0,0.06,0.000,0.000,IDLE
2026-08-17T07:15:52.794864,37.8648794,32.4839891,1026.10,-0.0104,0.0687,-2.5636,213.0,0.07,0.000,0.000,IDLE
2026-08-17T07:15:53.794909,37.8648796,32.4839888,1026.12,-0.0103,0.0693,-2.5634,213.0,0.07,0.000,0.000,IDLE
2026-08-17T07:15:54.794997,37.8648796,32.4839890,1026.12,-0.0108,0.0696,-2.5634,213.0,0.05,0.000,0.000,IDLE
2026-08-17T07:15:55.795117,37.8648793,32.4839892,1026.12,-0.0110,0.0697,-2.5637,213.0,0.03,0.000,0.000,IDLE
2026-08-17T07:15:56.794866,37.8648796,32.4839901,1026.14,-0.0111,0.0704,-2.5639,213.0,0.02,0.000,0.000,IDLE
2026-08-17T07:15:57.795540,37.8648798,32.4839909,1026.19,-0.0112,0.0707,-2.5636,213.0,0.03,0.000,0.000,IDLE
2026-08-17T07:15:58.794958,37.8648802,32.4839909,1026.21,-0.0107,0.0706,-2.5637,213.0,0.02,0.000,0.000,IDLE
2026-08-17T07:15:59.794789,37.8648801,32.4839913,1026.22,-0.0106,0.0706,-2.5639,213.0,0.02,0.000,0.000,IDLE
2026-08-17T07:16:00.794990,37.8648804,32.4839914,1026.24,-0.0104,0.0704,-2.5640,213.0,0.02,0.000,0.000,IDLE
2026-08-17T07:16:01.794784,37.8648803,32.4839913,1026.22,-0.0102,0.0701,-2.5640,213.0,0.02,0.000,0.000,IDLE
2026-08-17T07:16:02.795123,37.8648809,32.4839915,1026.22,-0.0102,0.0707,-2.5637,213.0,0.04,0.000,0.000,IDLE
2026-08-17T07:16:03.794800,37.8648813,32.4839920,1026.22,-0.0104,0.0703,-2.5638,213.0,0.03,0.000,0.000,IDLE
2026-08-17T07:16:04.794981,37.8648813,32.4839925,1026.21,-0.0106,0.0699,-2.5639,213.0,0.04,0.000,0.000,IDLE
2026-08-17T07:16:05.794892,37.8648814,32.4839929,1026.19,-0.0109,0.0697,-2.5635,213.0,0.03,0.000,0.000,IDLE
2026-08-17T07:16:06.794929,37.8648819,32.4839933,1026.15,-0.0105,0.0695,-2.5635,213.0,0.03,0.000,0.000,IDLE
2026-08-17T07:16:07.794916,37.8648818,32.4839933,1026.12,-0.0108,0.0690,-2.5635,213.0,0.01,0.000,0.000,IDLE
2026-08-17T07:16:08.794833,37.8648815,32.4839936,1026.10,-0.0113,0.0687,-2.5635,213.0,0.03,0.000,0.000,IDLE
2026-08-17T07:16:09.795112,37.8648810,32.4839937,1026.06,-0.0111,0.0684,-2.5640,213.0,0.05,0.000,0.000,IDLE
2026-08-17T07:16:10.794986,37.8648810,32.4839939,1026.04,-0.0109,0.0684,-2.5636,213.0,0.04,0.000,0.000,IDLE
2026-08-17T07:16:11.795030,37.8648811,32.4839939,1026.03,-0.0105,0.0683,-2.5637,213.0,0.05,0.000,0.000,IDLE
2026-08-17T07:16:12.794849,37.8648808,32.4839940,1026.00,-0.0106,0.0680,-2.5640,213.0,0.07,0.000,0.000,IDLE
2026-08-17T07:16:13.794821,37.8648804,32.4839946,1026.00,-0.0109,0.0684,-2.5646,213.0,0.06,0.000,0.000,IDLE
2026-08-17T07:16:14.794932,37.8648800,32.4839945,1026.03,-0.0107,0.0680,-2.5648,213.0,0.08,0.000,0.000,IDLE
2026-08-17T07:16:15.794918,37.8648790,32.4839941,1026.05,-0.0108,0.0679,-2.5655,213.0,0.10,0.000,0.000,IDLE
2026-08-17T07:16:16.794872,37.8648787,32.4839939,1026.09,-0.0108,0.0684,-2.5658,213.0,0.10,0.000,0.000,IDLE
2026-08-17T07:16:17.794836,37.8648787,32.4839939,1026.08,-0.0109,0.0688,-2.5655,213.0,0.08,0.000,0.000,IDLE
2026-08-17T07:16:18.795051,37.8648786,32.4839938,1026.09,-0.0108,0.0691,-2.5656,213.0,0.07,0.000,0.000,IDLE
2026-08-17T07:16:19.795353,37.8648785,32.4839937,1026.09,-0.0108,0.0696,-2.5655,213.0,0.05,0.000,0.000,IDLE
2026-08-17T07:16:20.794966,37.8648787,32.4839946,1026.08,-0.0112,0.0705,-2.5647,213.0,0.04,0.000,0.000,IDLE
2026-08-17T07:16:21.797042,37.8648787,32.4839958,1026.06,-0.0113,0.0708,-2.5641,213.0,0.04,0.000,0.000,IDLE
2026-08-17T07:16:22.794896,37.8648789,32.4839955,1026.04,-0.0107,0.0707,-2.5644,213.0,0.03,0.000,0.000,IDLE
2026-08-17T07:16:23.794759,37.8648791,32.4839959,1026.04,-0.0105,0.0711,-2.5638,213.0,0.03,0.000,0.000,IDLE
2026-08-17T07:16:24.794934,37.8648794,32.4839960,1026.06,-0.0099,0.0709,-2.5637,213.0,0.02,0.000,0.000,IDLE
2026-08-17T07:16:25.794759,37.8648797,32.4839955,1026.09,-0.0090,0.0704,-2.5642,213.0,0.04,0.000,0.000,IDLE
2026-08-17T07:16:26.794812,37.8648796,32.4839951,1026.15,-0.0092,0.0700,-2.5646,213.0,0.04,0.000,0.000,IDLE
2026-08-17T07:16:27.794758,37.8648790,32.4839951,1026.16,-0.0097,0.0697,-2.5644,213.0,0.04,0.000,0.000,IDLE
2026-08-17T07:16:28.794896,37.8648787,32.4839949,1026.14,-0.0094,0.0697,-2.5641,213.0,0.06,0.000,0.000,IDLE
2026-08-17T07:16:29.794762,37.8648786,32.4839949,1026.13,-0.0095,0.0699,-2.5647,213.0,0.05,0.000,0.000,IDLE
2026-08-17T07:16:30.794963,37.8648787,32.4839953,1026.10,-0.0098,0.0703,-2.5657,213.0,0.02,0.000,0.000,IDLE
2026-08-17T07:16:31.794758,37.8648790,32.4839953,1026.08,-0.0100,0.0706,-2.5654,213.0,0.02,0.000,0.000,IDLE
2026-08-17T07:16:32.795342,37.8648794,32.4839955,1026.08,-0.0100,0.0709,-2.5655,213.0,0.03,0.000,0.000,IDLE
2026-08-17T07:16:33.794942,37.8648794,32.4839955,1026.07,-0.0103,0.0707,-2.5655,213.0,0.01,0.000,0.000,IDLE
2026-08-17T07:16:34.794770,37.8648796,32.4839961,1026.06,-0.0106,0.0711,-2.5660,212.0,0.03,0.000,0.000,IDLE
2026-08-17T07:16:35.795004,37.8648795,32.4839966,1026.08,-0.0110,0.0708,-2.5654,213.0,0.02,0.000,0.000,IDLE
2026-08-17T07:16:36.794793,37.8648789,32.4839964,1026.06,-0.0109,0.0703,-2.5659,212.0,0.02,0.000,0.000,IDLE
2026-08-17T07:16:37.795277,37.8648791,32.4839966,1026.08,-0.0106,0.0706,-2.5661,212.0,0.01,0.000,0.000,IDLE
2026-08-17T07:16:38.794906,37.8648792,32.4839965,1026.10,-0.0106,0.0704,-2.5664,212.0,0.01,0.000,0.000,IDLE
2026-08-17T07:16:39.794811,37.8648792,32.4839962,1026.11,-0.0103,0.0701,-2.5665,212.0,0.02,0.000,0.000,IDLE
2026-08-17T07:16:40.794797,37.8648789,32.4839963,1026.12,-0.0104,0.0701,-2.5671,212.0,0.03,0.000,0.000,IDLE
2026-08-17T07:16:41.794843,37.8648786,32.4839963,1026.08,-0.0104,0.0698,-2.5672,212.0,0.03,0.000,0.000,IDLE
2026-08-17T07:16:42.794843,37.8648782,32.4839963,1026.06,-0.0106,0.0696,-2.5672,212.0,0.04,0.000,0.000,IDLE
2026-08-17T07:16:43.795262,37.8648778,32.4839970,1026.06,-0.0108,0.0694,-2.5677,212.0,0.06,0.000,0.000,IDLE
2026-08-17T07:16:44.794848,37.8648771,32.4839970,1026.06,-0.0110,0.0690,-2.5676,212.0,0.08,0.000,0.000,IDLE
2026-08-17T07:16:45.794955,37.8648768,32.4839970,1026.07,-0.0110,0.0692,-2.5674,212.0,0.07,0.000,0.000,IDLE
2026-08-17T07:16:46.794850,37.8648764,32.4839962,1026.07,-0.0105,0.0689,-2.5671,212.0,0.08,0.000,0.000,IDLE
2026-08-17T07:16:47.794815,37.8648763,32.4839956,1026.13,-0.0103,0.0690,-2.5671,212.0,0.08,0.000,0.000,IDLE
2026-08-17T07:16:48.794903,37.8648766,32.4839954,1026.17,-0.0102,0.0695,-2.5673,212.0,0.05,0.000,0.000,IDLE
2026-08-17T07:16:49.794810,37.8648768,32.4839962,1026.16,-0.0103,0.0700,-2.5677,212.0,0.04,0.000,0.000,IDLE
2026-08-17T07:16:50.794834,37.8648764,32.4839958,1026.16,-0.0100,0.0695,-2.5677,212.0,0.05,0.000,0.000,IDLE
2026-08-17T07:16:51.794777,37.8648767,32.4839955,1026.15,-0.0095,0.0697,-2.5675,212.0,0.05,0.000,0.000,IDLE
2026-08-17T07:16:52.795047,37.8648767,32.4839955,1026.12,-0.0094,0.0696,-2.5678,212.0,0.05,0.000,0.000,IDLE
2026-08-17T07:16:53.794858,37.8648763,32.4839957,1026.12,-0.0097,0.0692,-2.5679,212.0,0.05,0.000,0.000,IDLE
2026-08-17T07:16:54.794812,37.8648754,32.4839958,1026.08,-0.0101,0.0686,-2.5683,212.0,0.07,0.000,0.000,IDLE
2026-08-17T07:16:55.794950,37.8648754,32.4839959,1026.10,-0.0099,0.0689,-2.5682,212.0,0.06,0.000,0.000,IDLE
2026-08-17T07:16:56.794756,37.8648752,32.4839956,1026.12,-0.0100,0.0688,-2.5680,212.0,0.07,0.000,0.000,IDLE
2026-08-17T07:16:57.795685,37.8648749,32.4839957,1026.15,-0.0103,0.0689,-2.5683,212.0,0.07,0.000,0.000,IDLE
2026-08-17T07:16:58.794785,37.8648747,32.4839956,1026.13,-0.0103,0.0690,-2.5683,212.0,0.06,0.000,0.000,IDLE
2026-08-17T07:16:59.794837,37.8648748,32.4839956,1026.14,-0.0099,0.0696,-2.5679,212.0,0.05,0.000,0.000,IDLE
2026-08-17T07:17:00.794918,37.8648744,32.4839945,1026.14,-0.0098,0.0690,-2.5681,212.0,0.10,0.000,0.000,IDLE
2026-08-17T07:17:01.794868,37.8648742,32.4839938,1026.13,-0.0101,0.0695,-2.5680,212.0,0.08,0.000,0.000,IDLE
2026-08-17T07:17:02.794873,37.8648746,32.4839944,1026.13,-0.0102,0.0701,-2.5677,212.0,0.05,0.000,0.000,IDLE
2026-08-17T07:17:03.794809,37.8648741,32.4839943,1026.14,-0.0106,0.0700,-2.5676,212.0,0.05,0.000,0.000,IDLE
2026-08-17T07:17:04.794829,37.8648740,32.4839945,1026.14,-0.0107,0.0700,-2.5675,212.0,0.03,0.000,0.000,IDLE
2026-08-17T07:17:05.795376,37.8648737,32.4839945,1026.15,-0.0109,0.0698,-2.5676,212.0,0.04,0.000,0.000,IDLE
2026-08-17T07:17:06.794787,37.8648737,32.4839950,1026.16,-0.0113,0.0705,-2.5680,212.0,0.03,0.000,0.000,IDLE
2026-08-17T07:17:07.795218,37.8648739,32.4839955,1026.14,-0.0113,0.0707,-2.5678,212.0,0.02,0.000,0.000,IDLE
2026-08-17T07:17:08.794870,37.8648741,32.4839960,1026.14,-0.0114,0.0707,-2.5674,212.0,0.03,0.000,0.000,IDLE
2026-08-17T07:17:09.794880,37.8648742,32.4839961,1026.13,-0.0110,0.0705,-2.5678,212.0,0.02,0.000,0.000,IDLE
2026-08-17T07:17:10.794951,37.8648744,32.4839963,1026.12,-0.0111,0.0705,-2.5677,212.0,0.02,0.000,0.000,IDLE
2026-08-17T07:17:11.794958,37.8648743,32.4839962,1026.14,-0.0109,0.0699,-2.5675,212.0,0.02,0.000,0.000,IDLE
2026-08-17T07:17:12.794943,37.8648741,32.4839963,1026.16,-0.0111,0.0698,-2.5679,212.0,0.04,0.000,0.000,IDLE
2026-08-17T07:17:13.794774,37.8648738,32.4839964,1026.16,-0.0113,0.0697,-2.5679,212.0,0.04,0.000,0.000,IDLE
2026-08-17T07:17:14.794767,37.8648736,32.4839963,1026.17,-0.0109,0.0695,-2.5675,212.0,0.05,0.000,0.000,IDLE
2026-08-17T07:17:15.794895,37.8648734,32.4839963,1026.16,-0.0107,0.0696,-2.5673,212.0,0.05,0.000,0.000,IDLE
2026-08-17T07:17:16.794813,37.8648733,32.4839969,1026.18,-0.0109,0.0698,-2.5675,212.0,0.05,0.000,0.000,IDLE
2026-08-17T07:17:17.794857,37.8648728,32.4839970,1026.21,-0.0106,0.0696,-2.5674,212.0,0.06,0.000,0.000,IDLE
2026-08-17T07:17:18.794923,37.8648731,32.4839963,1026.21,-0.0096,0.0703,-2.5676,212.0,0.04,0.000,0.000,IDLE
2026-08-17T07:17:19.794752,37.8648736,32.4839965,1026.18,-0.0098,0.0703,-2.5673,212.0,0.03,0.000,0.000,IDLE
2026-08-17T07:17:20.795133,37.8648737,32.4839965,1026.18,-0.0099,0.0700,-2.5680,212.0,0.03,0.000,0.000,IDLE
2026-08-17T07:17:21.794961,37.8648738,32.4839963,1026.19,-0.0099,0.0698,-2.5680,212.0,0.05,0.000,0.000,IDLE
2026-08-17T07:17:22.794913,37.8648739,32.4839965,1026.18,-0.0102,0.0695,-2.5681,212.0,0.04,0.000,0.000,IDLE
2026-08-17T07:17:23.794927,37.8648742,32.4839958,1026.17,-0.0096,0.0696,-2.5682,212.0,0.06,0.000,0.000,IDLE
2026-08-17T07:17:24.794812,37.8648746,32.4839964,1026.16,-0.0098,0.0698,-2.5684,212.0,0.04,0.000,0.000,IDLE
2026-08-17T07:17:25.794791,37.8648747,32.4839966,1026.11,-0.0097,0.0694,-2.5687,212.0,0.05,0.000,0.000,IDLE
2026-08-17T07:17:26.794966,37.8648748,32.4839959,1026.10,-0.0095,0.0694,-2.5688,212.0,0.07,0.000,0.000,IDLE
2026-08-17T07:17:27.794819,37.8648750,32.4839957,1026.08,-0.0095,0.0697,-2.5692,212.0,0.07,0.000,0.000,IDLE
2026-08-17T07:17:28.794908,37.8648755,32.4839964,1026.06,-0.0101,0.0699,-2.5692,212.0,0.04,0.000,0.000,IDLE
2026-08-17T07:17:29.794891,37.8648754,32.4839969,1026.07,-0.0110,0.0699,-2.5687,212.0,0.01,0.000,0.000,IDLE
2026-08-17T07:17:30.795887,37.8648754,32.4839972,1026.09,-0.0111,0.0695,-2.5685,212.0,0.02,0.000,0.000,IDLE
2026-08-17T07:17:31.794770,37.8648756,32.4839976,1026.11,-0.0109,0.0699,-2.5684,212.0,0.01,0.000,0.000,IDLE
2026-08-17T07:17:32.794785,37.8648759,32.4839974,1026.10,-0.0107,0.0698,-2.5685,212.0,0.02,0.000,0.000,IDLE
2026-08-17T07:17:33.794995,37.8648760,32.4839976,1026.12,-0.0106,0.0697,-2.5689,212.0,0.02,0.000,0.000,IDLE
2026-08-17T07:17:34.794814,37.8648760,32.4839976,1026.15,-0.0104,0.0696,-2.5688,212.0,0.02,0.000,0.000,IDLE
2026-08-17T07:17:35.794762,37.8648763,32.4839979,1026.17,-0.0103,0.0698,-2.5687,212.0,0.01,0.000,0.000,IDLE
2026-08-17T07:17:36.795069,37.8648766,32.4839980,1026.19,-0.0102,0.0698,-2.5688,212.0,0.02,0.000,0.000,IDLE
2026-08-17T07:17:37.794788,37.8648767,32.4839976,1026.20,-0.0101,0.0692,-2.5686,212.0,0.04,0.000,0.000,IDLE
2026-08-17T07:17:38.794803,37.8648768,32.4839978,1026.21,-0.0102,0.0694,-2.5687,212.0,0.03,0.000,0.000,IDLE
2026-08-17T07:17:39.794850,37.8648773,32.4839983,1026.20,-0.0107,0.0700,-2.5687,212.0,0.02,0.000,0.000,IDLE
2026-08-17T07:17:40.794863,37.8648774,32.4839992,1026.22,-0.0111,0.0700,-2.5685,212.0,0.01,0.000,0.000,IDLE
2026-08-17T07:17:41.794893,37.8648775,32.4839990,1026.23,-0.0108,0.0696,-2.5689,212.0,0.01,0.000,0.000,IDLE
2026-08-17T07:17:42.794898,37.8648778,32.4839987,1026.23,-0.0105,0.0693,-2.5687,212.0,0.03,0.000,0.000,IDLE
2026-08-17T07:17:43.794800,37.8648778,32.4839987,1026.24,-0.0107,0.0691,-2.5685,212.0,0.03,0.000,0.000,IDLE
2026-08-17T07:17:44.794822,37.8648771,32.4839984,1026.23,-0.0107,0.0683,-2.5689,212.0,0.07,0.000,0.000,IDLE
2026-08-17T07:17:45.794802,37.8648770,32.4839983,1026.22,-0.0105,0.0684,-2.5689,212.0,0.08,0.000,0.000,IDLE
2026-08-17T07:17:46.794840,37.8648766,32.4839979,1026.21,-0.0101,0.0683,-2.5691,212.0,0.08,0.000,0.000,IDLE
2026-08-17T07:17:47.794850,37.8648769,32.4839976,1026.17,-0.0097,0.0689,-2.5689,212.0,0.08,0.000,0.000,IDLE
2026-08-17T07:17:48.794789,37.8648773,32.4839977,1026.18,-0.0095,0.0695,-2.5688,212.0,0.06,0.000,0.000,IDLE
2026-08-17T07:17:49.794787,37.8648777,32.4839970,1026.18,-0.0093,0.0696,-2.5688,212.0,0.07,0.000,0.000,IDLE
2026-08-17T07:17:50.794786,37.8648778,32.4839965,1026.20,-0.0094,0.0698,-2.5689,212.0,0.08,0.000,0.000,IDLE
2026-08-17T07:17:51.794855,37.8648779,32.4839957,1026.23,-0.0096,0.0697,-2.5685,212.0,0.08,0.000,0.000,IDLE
2026-08-17T07:17:52.794955,37.8648777,32.4839959,1026.28,-0.0098,0.0691,-2.5685,212.0,0.06,0.000,0.000,IDLE
2026-08-17T07:17:53.794838,37.8648778,32.4839960,1026.35,-0.0101,0.0702,-2.5683,212.0,0.05,0.000,0.000,IDLE
2026-08-17T07:17:54.795060,37.8648778,32.4839956,1026.39,-0.0102,0.0701,-2.5687,212.0,0.04,0.000,0.000,IDLE
2026-08-17T07:17:55.794803,37.8648781,32.4839963,1026.40,-0.0102,0.0698,-2.5684,212.0,0.02,0.000,0.000,IDLE
2026-08-17T07:17:56.796061,37.8648785,32.4839960,1026.37,-0.0104,0.0705,-2.5685,212.0,0.03,0.000,0.000,IDLE
2026-08-17T07:17:57.795139,37.8648784,32.4839960,1026.31,-0.0103,0.0658,-2.5679,212.0,0.02,0.000,0.000,IDLE
2026-08-17T07:17:58.795084,37.8648781,32.4839960,1026.25,-0.0147,0.0662,-2.5686,212.0,0.03,0.000,0.000,IDLE
2026-08-17T07:17:59.794825,37.8648778,32.4839960,1026.22,-0.0109,0.0605,-2.5671,212.0,0.10,0.000,0.000,IDLE
2026-08-17T07:18:00.794777,37.8648780,32.4839965,1026.43,-0.0069,0.1455,-2.3480,225.0,0.20,0.000,0.000,IDLE
2026-08-17T07:18:01.795028,37.8648755,32.4839937,1026.74,0.0345,0.1229,-2.0830,240.0,0.29,0.000,0.000,IDLE
2026-08-17T07:18:02.794879,37.8648731,32.4839943,1026.78,0.0861,0.1555,-2.0286,243.0,0.22,0.000,0.000,IDLE
2026-08-17T07:18:03.794902,37.8648717,32.4839915,1026.71,0.0956,0.1221,-2.1225,238.0,0.32,0.000,0.000,IDLE
2026-08-17T07:18:04.794889,37.8648702,32.4839894,1026.66,0.0485,0.1017,-2.1508,236.0,0.19,0.000,0.000,IDLE
2026-08-17T07:18:05.795062,37.8648709,32.4839878,1026.68,0.0455,0.1354,-1.8719,252.0,0.08,0.000,0.000,IDLE
2026-08-17T07:18:06.794787,37.8648705,32.4839880,1026.61,0.1245,0.1590,-1.7905,257.0,0.25,0.000,0.000,IDLE
2026-08-17T07:18:07.794832,37.8648701,32.4839898,1026.60,0.1583,0.0899,-1.6458,265.0,0.07,0.000,0.000,IDLE
2026-08-17T07:18:08.794779,37.8648705,32.4839872,1026.55,0.0769,0.0940,-1.5228,272.0,0.02,0.000,0.000,IDLE
2026-08-17T07:18:09.794866,37.8648692,32.4839854,1026.49,0.1719,0.0939,-1.2533,288.0,0.04,0.000,0.000,IDLE
2026-08-17T07:18:10.795140,37.8648695,32.4839851,1026.44,0.1488,0.0965,-1.1536,293.0,0.02,0.000,0.000,IDLE
2026-08-17T07:18:11.794909,37.8648693,32.4839835,1026.42,0.1247,0.1741,-1.2052,290.0,0.24,0.000,0.000,IDLE
2026-08-17T07:18:12.794772,37.8648692,32.4839817,1026.31,-0.1247,0.0931,-1.3402,283.0,0.26,0.000,0.000,IDLE
2026-08-17T07:18:13.794836,37.8648700,32.4839802,1026.27,-0.2619,-0.0250,-1.5116,273.0,0.20,0.000,0.000,IDLE
2026-08-17T07:18:14.794847,37.8648714,32.4839757,1026.33,-0.1036,0.1241,-1.6329,266.0,0.29,0.000,0.000,IDLE
2026-08-17T07:18:15.794833,37.8648729,32.4839727,1026.33,0.0207,0.0118,-1.5522,271.0,0.24,0.000,0.000,IDLE
2026-08-17T07:18:16.794830,37.8648737,32.4839714,1026.42,0.1302,-0.0054,-1.2458,288.0,0.28,0.000,0.000,IDLE
2026-08-17T07:18:17.794821,37.8648723,32.4839701,1026.46,0.1462,0.0548,-1.0091,302.0,0.30,0.000,0.000,IDLE
2026-08-17T07:18:18.794863,37.8648732,32.4839673,1026.44,0.1405,0.0687,-0.3828,338.0,0.12,0.000,0.000,IDLE
2026-08-17T07:18:19.794887,37.8648725,32.4839643,1026.45,0.1197,0.1035,-0.1994,348.0,0.33,0.000,0.000,IDLE
2026-08-17T07:18:20.795098,37.8648714,32.4839628,1026.47,0.1054,0.1038,-0.5892,326.0,0.23,0.000,0.000,IDLE
2026-08-17T07:18:21.794884,37.8648718,32.4839647,1026.47,0.1707,0.0888,-0.5088,330.0,0.44,0.000,0.000,IDLE
2026-08-17T07:18:22.794892,37.8648761,32.4839652,1026.47,0.1681,0.0715,0.3165,18.0,0.09,0.000,0.000,IDLE
2026-08-17T07:18:23.794830,37.8648749,32.4839640,1026.54,0.1491,0.1066,0.6043,34.0,0.01,0.000,0.000,IDLE
2026-08-17T07:18:24.795085,37.8648761,32.4839640,1026.52,0.1256,0.0975,0.7023,40.0,0.30,0.000,0.000,IDLE
2026-08-17T07:18:25.794792,37.8648769,32.4839624,1026.53,0.1255,0.0981,0.6330,36.0,0.24,0.000,0.000,IDLE
2026-08-17T07:18:26.794835,37.8648755,32.4839613,1026.49,0.1249,0.2161,0.4033,23.0,0.18,0.000,0.000,IDLE
2026-08-17T07:18:27.794920,37.8648764,32.4839629,1026.53,0.1180,0.1593,0.2751,15.0,0.33,0.000,0.000,IDLE
2026-08-17T07:18:28.795177,37.8648747,32.4839609,1026.62,0.1801,0.2350,0.0055,0.0,0.16,0.000,0.000,IDLE
2026-08-17T07:18:29.794904,37.8648755,32.4839610,1026.62,0.1799,0.1550,0.0576,3.0,0.58,0.000,0.000,IDLE
2026-08-17T07:18:30.794788,37.8648786,32.4839656,1026.63,0.1695,0.0923,0.9459,54.0,0.20,0.000,0.000,IDLE
2026-08-17T07:18:31.794797,37.8648795,32.4839612,1026.51,0.1961,-0.0637,1.0080,57.0,0.89,0.000,0.000,IDLE
2026-08-17T07:18:32.794793,37.8648758,32.4839532,1026.56,0.3273,0.1089,0.4861,27.0,0.73,0.000,0.000,IDLE
2026-08-17T07:18:33.795023,37.8648790,32.4839493,1026.35,0.0937,0.1026,0.1877,10.0,0.62,0.000,0.000,IDLE
2026-08-17T07:18:34.794859,37.8648792,32.4839460,1026.37,0.0831,0.1201,0.0947,5.0,0.69,0.000,0.000,IDLE
2026-08-17T07:18:35.794901,37.8648828,32.4839428,1026.18,-0.0127,0.1220,-0.1817,349.0,0.45,0.000,0.000,IDLE
2026-08-17T07:18:36.794864,37.8648832,32.4839415,1025.86,-0.2217,0.0514,-0.0897,354.0,0.33,0.000,0.000,IDLE
2026-08-17T07:18:37.795294,37.8648841,32.4839428,1025.70,-0.0756,0.0691,-0.1925,348.0,0.19,0.000,0.000,IDLE
2026-08-17T07:18:38.794861,37.8648850,32.4839429,1025.64,-0.0153,0.1367,-0.3330,340.0,0.25,0.000,0.000,IDLE
2026-08-17T07:18:39.794888,37.8648852,32.4839426,1025.60,-0.0368,0.1259,-0.4533,334.0,0.11,0.000,0.000,IDLE
2026-08-17T07:18:40.794888,37.8648843,32.4839433,1025.58,-0.0301,0.1658,-0.5085,330.0,0.12,0.000,0.000,IDLE
2026-08-17T07:18:41.794862,37.8648829,32.4839427,1025.54,-0.0271,0.1517,-0.5133,330.0,0.03,0.000,0.000,IDLE
2026-08-17T07:18:42.794799,37.8648825,32.4839416,1025.52,-0.0277,0.1551,-0.6631,322.0,0.14,0.000,0.000,IDLE
2026-08-17T07:18:43.794796,37.8648813,32.4839399,1025.54,-0.0252,0.1382,-0.9942,303.0,0.15,0.000,0.000,IDLE
2026-08-17T07:18:44.794981,37.8648797,32.4839397,1025.58,-0.0137,0.1427,-1.3501,282.0,0.16,0.000,0.000,IDLE
2026-08-17T07:18:45.794914,37.8648799,32.4839389,1025.63,-0.0130,0.1479,-1.5303,272.0,0.14,0.000,0.000,IDLE
2026-08-17T07:18:46.795019,37.8648797,32.4839378,1025.66,-0.0235,0.1538,-1.6318,266.0,0.20,0.000,0.000,IDLE
2026-08-17T07:18:47.794873,37.8648787,32.4839361,1025.66,-0.0261,0.1044,-1.7251,261.0,0.16,0.000,0.000,IDLE
2026-08-17T07:18:48.794825,37.8648773,32.4839368,1025.68,-0.0395,0.1303,-1.8406,254.0,0.20,0.000,0.000,IDLE
2026-08-17T07:18:49.794787,37.8648762,32.4839361,1025.67,-0.0518,0.1413,-1.8885,251.0,0.22,0.000,0.000,IDLE
2026-08-17T07:18:50.795130,37.8648762,32.4839359,1025.64,-0.0461,0.1487,-1.9165,250.0,0.23,0.000,0.000,IDLE
2026-08-17T07:18:51.794775,37.8648760,32.4839354,1025.57,-0.0805,0.1693,-1.8973,251.0,0.24,0.000,0.000,IDLE
2026-08-17T07:18:52.795075,37.8648753,32.4839344,1025.51,-0.0610,0.1458,-1.8761,252.0,0.21,0.000,0.000,IDLE
2026-08-17T07:18:53.794759,37.8648753,32.4839343,1025.48,-0.0608,0.1564,-1.8644,253.0,0.22,0.000,0.000,IDLE
2026-08-17T07:18:54.794853,37.8648754,32.4839339,1025.46,-0.0543,0.1505,-1.8394,254.0,0.23,0.000,0.000,IDLE
2026-08-17T07:18:55.794899,37.8648754,32.4839317,1025.42,-0.0497,0.1341,-1.8461,254.0,0.26,0.000,0.000,IDLE
2026-08-17T07:18:56.794863,37.8648752,32.4839308,1025.42,-0.0469,0.1560,-1.8223,255.0,0.28,0.000,0.000,IDLE
2026-08-17T07:18:57.794897,37.8648761,32.4839308,1025.39,-0.0438,0.1382,-1.7339,260.0,0.23,0.000,0.000,IDLE
2026-08-17T07:18:58.794788,37.8648760,32.4839319,1025.40,-0.0437,0.1229,-1.6960,262.0,0.17,0.000,0.000,IDLE
2026-08-17T07:18:59.794956,37.8648767,32.4839322,1025.42,-0.0277,0.1437,-1.7151,261.0,0.13,0.000,0.000,IDLE
2026-08-17T07:19:00.796404,37.8648767,32.4839328,1025.42,-0.0565,0.1495,-1.7304,260.0,0.11,0.000,0.000,IDLE
2026-08-17T07:19:01.795058,37.8648765,32.4839335,1025.43,-0.0165,0.1081,-1.7218,261.0,0.06,0.000,0.000,IDLE
2026-08-17T07:19:02.794811,37.8648760,32.4839346,1025.45,-0.0010,0.1014,-1.6813,263.0,0.04,0.000,0.000,IDLE
2026-08-17T07:19:03.795556,37.8648757,32.4839362,1025.50,-0.0078,0.1147,-1.6286,266.0,0.03,0.000,0.000,IDLE
2026-08-17T07:19:04.794896,37.8648753,32.4839366,1025.51,-0.0793,0.1581,-1.6067,267.0,0.06,0.000,0.000,IDLE
2026-08-17T07:19:05.794858,37.8648754,32.4839370,1025.52,-0.0459,0.1505,-1.5649,270.0,0.01,0.000,0.000,IDLE
2026-08-17T07:19:06.794923,37.8648758,32.4839371,1025.49,-0.0460,0.1500,-1.5380,271.0,0.05,0.000,0.000,IDLE
2026-08-17T07:19:07.794824,37.8648761,32.4839373,1025.47,-0.0373,0.1481,-1.5316,272.0,0.07,0.000,0.000,IDLE
2026-08-17T07:19:08.794882,37.8648760,32.4839380,1025.47,-0.0353,0.1375,-1.5062,273.0,0.05,0.000,0.000,IDLE
2026-08-17T07:19:09.795344,37.8648760,32.4839387,1025.44,-0.0330,0.1393,-1.5298,272.0,0.04,0.000,0.000,IDLE
2026-08-17T07:19:10.795033,37.8648760,32.4839391,1025.41,-0.0315,0.1376,-1.5517,271.0,0.05,0.000,0.000,IDLE
2026-08-17T07:19:11.794902,37.8648762,32.4839397,1025.38,-0.0290,0.1328,-1.5382,271.0,0.05,0.000,0.000,IDLE
2026-08-17T07:19:12.794845,37.8648761,32.4839399,1025.36,-0.0290,0.1309,-1.5169,273.0,0.05,0.000,0.000,IDLE
2026-08-17T07:19:13.795134,37.8648757,32.4839406,1025.37,-0.0264,0.1277,-1.5057,273.0,0.03,0.000,0.000,IDLE
2026-08-17T07:19:14.795065,37.8648753,32.4839403,1025.37,-0.0274,0.1278,-1.4971,274.0,0.01,0.000,0.000,IDLE
2026-08-17T07:19:15.795331,37.8648753,32.4839400,1025.35,-0.0250,0.1224,-1.4975,274.0,0.01,0.000,0.000,IDLE
2026-08-17T07:19:16.794901,37.8648756,32.4839399,1025.35,-0.0232,0.1294,-1.4880,274.0,0.07,0.000,0.000,IDLE
2026-08-17T07:19:17.794781,37.8648764,32.4839395,1025.34,-0.0401,0.1456,-1.4273,278.0,0.11,0.000,0.000,IDLE
2026-08-17T07:19:18.794816,37.8648766,32.4839401,1025.32,-0.0309,0.1421,-1.3717,281.0,0.05,0.000,0.000,IDLE
2026-08-17T07:19:19.794981,37.8648770,32.4839408,1025.29,-0.0286,0.1470,-1.3748,281.0,0.02,0.000,0.000,IDLE
2026-08-17T07:19:20.794777,37.8648767,32.4839408,1025.29,-0.0282,0.1619,-1.3877,280.0,0.05,0.000,0.000,IDLE
2026-08-17T07:19:21.794801,37.8648770,32.4839399,1025.29,-0.0308,0.1572,-1.3370,283.0,0.05,0.000,0.000,IDLE
2026-08-17T07:19:22.794799,37.8648774,32.4839393,1025.29,-0.0388,0.1274,-1.3024,285.0,0.10,0.000,0.000,IDLE
2026-08-17T07:19:23.795067,37.8648786,32.4839397,1025.27,-0.0247,0.1195,-1.1857,292.0,0.10,0.000,0.000,IDLE
2026-08-17T07:19:24.794992,37.8648776,32.4839402,1025.24,-0.0256,0.1527,-1.0987,297.0,0.06,0.000,0.000,IDLE
2026-08-17T07:19:25.794790,37.8648772,32.4839410,1025.24,-0.0449,0.1561,-1.1469,294.0,0.07,0.000,0.000,IDLE
2026-08-17T07:19:26.794813,37.8648769,32.4839413,1025.23,-0.0492,0.1526,-1.1795,292.0,0.06,0.000,0.000,IDLE
2026-08-17T07:19:27.794960,37.8648768,32.4839414,1025.22,-0.0455,0.1531,-1.2332,289.0,0.05,0.000,0.000,IDLE
2026-08-17T07:19:28.794789,37.8648763,32.4839413,1025.23,-0.0482,0.1477,-1.3004,285.0,0.03,0.000,0.000,IDLE
2026-08-17T07:19:29.794792,37.8648758,32.4839409,1025.25,-0.0339,0.1452,-1.3385,283.0,0.01,0.000,0.000,IDLE
2026-08-17T07:19:30.798364,37.8648760,32.4839398,1025.26,-0.0365,0.1821,-1.3353,283.0,0.03,0.000,0.000,IDLE
2026-08-17T07:19:31.794846,37.8648750,32.4839395,1025.28,-0.0309,0.1562,-1.4249,278.0,0.11,0.000,0.000,IDLE
2026-08-17T07:19:32.794763,37.8648743,32.4839391,1025.29,-0.0285,0.1756,-1.5152,273.0,0.08,0.000,0.000,IDLE
2026-08-17T07:19:33.794838,37.8648724,32.4839382,1025.30,-0.0414,0.1643,-1.4992,274.0,0.07,0.000,0.000,IDLE
2026-08-17T07:19:34.795100,37.8648719,32.4839377,1025.30,-0.0351,0.1658,-1.4629,276.0,0.05,0.000,0.000,IDLE
2026-08-17T07:19:35.794858,37.8648726,32.4839382,1025.28,-0.0327,0.1750,-1.4575,276.0,0.07,0.000,0.000,IDLE
2026-08-17T07:19:36.795017,37.8648743,32.4839385,1025.30,-0.0320,0.1853,-1.4828,275.0,0.03,0.000,0.000,IDLE
2026-08-17T07:19:37.794849,37.8648736,32.4839389,1025.31,-0.0256,0.1670,-1.5607,270.0,0.02,0.000,0.000,IDLE
2026-08-17T07:19:38.794886,37.8648730,32.4839409,1025.33,-0.0326,0.1673,-1.5037,273.0,0.03,0.000,0.000,IDLE
2026-08-17T07:19:39.794844,37.8648739,32.4839429,1025.34,-0.0394,0.1701,-1.4846,274.0,0.07,0.000,0.000,IDLE
2026-08-17T07:19:40.794907,37.8648748,32.4839443,1025.29,-0.0537,0.1221,-1.4382,277.0,0.24,0.000,0.000,IDLE
2026-08-17T07:19:41.794766,37.8648749,32.4839461,1025.29,-0.0285,0.1729,-1.3693,281.0,0.15,0.000,0.000,IDLE
2026-08-17T07:19:42.794771,37.8648753,32.4839453,1025.27,-0.0393,0.1688,-1.3719,281.0,0.08,0.000,0.000,IDLE
2026-08-17T07:19:43.794896,37.8648751,32.4839447,1025.29,-0.0330,0.1586,-1.4406,277.0,0.07,0.000,0.000,IDLE
2026-08-17T07:19:44.794787,37.8648745,32.4839448,1025.30,-0.0376,0.1700,-1.4840,274.0,0.09,0.000,0.000,IDLE
2026-08-17T07:19:45.798344,37.8648744,32.4839446,1025.27,-0.0263,0.1704,-1.5478,271.0,0.04,0.000,0.000,IDLE
2026-08-17T07:19:46.795054,37.8648743,32.4839441,1025.23,-0.0238,0.1220,-1.5890,268.0,0.02,0.000,0.000,IDLE
2026-08-17T07:19:47.795045,37.8648737,32.4839449,1025.23,-0.0344,0.1572,-1.5598,270.0,0.04,0.000,0.000,IDLE
2026-08-17T07:19:48.794802,37.8648733,32.4839443,1025.24,-0.0464,0.1666,-1.5712,269.0,0.04,0.000,0.000,IDLE
2026-08-17T07:19:49.794799,37.8648732,32.4839450,1025.21,-0.0400,0.1754,-1.5797,269.0,0.03,0.000,0.000,IDLE
2026-08-17T07:19:50.794800,37.8648734,32.4839456,1025.20,-0.0322,0.1732,-1.5903,268.0,0.04,0.000,0.000,IDLE
2026-08-17T07:19:51.795008,37.8648734,32.4839452,1025.18,-0.0262,0.1681,-1.5997,268.0,0.03,0.000,0.000,IDLE
2026-08-17T07:19:52.794866,37.8648740,32.4839446,1025.16,-0.0269,0.1642,-1.6063,267.0,0.04,0.000,0.000,IDLE
2026-08-17T07:19:53.796701,37.8648737,32.4839454,1025.17,-0.0296,0.1631,-1.5854,269.0,0.03,0.000,0.000,IDLE
2026-08-17T07:19:54.794948,37.8648735,32.4839463,1025.16,-0.0313,0.1605,-1.5597,270.0,0.05,0.000,0.000,IDLE
2026-08-17T07:19:55.794818,37.8648733,32.4839480,1025.16,-0.0292,0.1537,-1.5258,272.0,0.08,0.000,0.000,IDLE
2026-08-17T07:19:56.794858,37.8648728,32.4839491,1025.15,-0.0312,0.1495,-1.4844,274.0,0.05,0.000,0.000,IDLE
2026-08-17T07:19:57.796522,37.8648731,32.4839487,1025.17,-0.0308,0.1531,-1.5045,273.0,0.03,0.000,0.000,IDLE
2026-08-17T07:19:58.794930,37.8648728,32.4839488,1025.20,-0.0322,0.1678,-1.5422,271.0,0.04,0.000,0.000,IDLE
2026-08-17T07:19:59.794855,37.8648715,32.4839484,1025.22,-0.0316,0.1699,-1.5876,269.0,0.04,0.000,0.000,IDLE
2026-08-17T07:20:00.794906,37.8648707,32.4839481,1025.26,-0.0291,0.1666,-1.6307,266.0,0.05,0.000,0.000,IDLE
2026-08-17T07:20:01.794886,37.8648703,32.4839477,1025.27,-0.0278,0.1638,-1.6752,264.0,0.03,0.000,0.000,IDLE
2026-08-17T07:20:02.794831,37.8648699,32.4839474,1025.28,-0.0271,0.1625,-1.7197,261.0,0.04,0.000,0.000,IDLE
2026-08-17T07:20:03.794786,37.8648699,32.4839478,1025.27,-0.0300,0.1626,-1.7651,258.0,0.02,0.000,0.000,IDLE
2026-08-17T07:20:04.794937,37.8648700,32.4839487,1025.25,-0.0249,0.1649,-1.8110,256.0,0.03,0.000,0.000,IDLE
2026-08-17T07:20:05.794929,37.8648706,32.4839493,1025.22,-0.0236,0.1567,-1.7764,258.0,0.14,0.000,0.000,IDLE
2026-08-17T07:20:06.795052,37.8648713,32.4839488,1025.19,-0.0345,0.1630,-1.6240,266.0,0.18,0.000,0.000,IDLE
2026-08-17T07:20:07.794820,37.8648713,32.4839474,1025.17,-0.0342,0.1603,-1.5494,271.0,0.13,0.000,0.000,IDLE
2026-08-17T07:20:08.794933,37.8648719,32.4839462,1025.14,-0.0361,0.1654,-1.5094,273.0,0.12,0.000,0.000,IDLE
2026-08-17T07:20:09.795050,37.8648726,32.4839453,1025.11,-0.0292,0.1457,-1.4623,276.0,0.09,0.000,0.000,IDLE
2026-08-17T07:20:10.794952,37.8648736,32.4839440,1025.09,-0.0343,0.1391,-1.4033,279.0,0.09,0.000,0.000,IDLE
2026-08-17T07:20:11.794812,37.8648746,32.4839445,1025.07,-0.0331,0.1833,-1.3279,283.0,0.09,0.000,0.000,IDLE
2026-08-17T07:20:12.794854,37.8648744,32.4839448,1025.04,-0.0272,0.1876,-1.2693,287.0,0.08,0.000,0.000,IDLE
2026-08-17T07:20:13.794829,37.8648747,32.4839454,1025.04,-0.0283,0.1837,-1.2207,290.0,0.08,0.000,0.000,IDLE
2026-08-17T07:20:14.794913,37.8648748,32.4839450,1025.01,-0.0387,0.1630,-1.1982,291.0,0.03,0.000,0.000,IDLE
2026-08-17T07:20:15.798400,37.8648750,32.4839451,1025.04,-0.0442,0.1522,-1.1857,292.0,0.05,0.000,0.000,IDLE
2026-08-17T07:20:16.794804,37.8648753,32.4839452,1025.08,-0.0510,0.1615,-1.1718,292.0,0.05,0.000,0.000,IDLE
2026-08-17T07:20:17.794843,37.8648752,32.4839446,1025.12,-0.0441,0.1887,-1.2602,287.0,0.13,0.650,0.000,DRIVETEST
2026-08-17T07:20:18.794647,37.8648763,32.4839427,1025.13,-0.0434,0.1610,-1.3081,285.0,0.41,0.650,0.000,DRIVETEST
2026-08-17T07:20:19.794609,37.8648785,32.4839375,1025.13,-0.0398,0.1590,-1.3482,282.0,0.52,0.650,0.000,DRIVETEST
2026-08-17T07:20:20.794861,37.8648801,32.4839325,1025.15,-0.0350,0.1567,-1.3669,281.0,0.55,0.650,0.000,DRIVETEST
2026-08-17T07:20:21.794800,37.8648830,32.4839261,1025.14,-0.0303,0.1550,-1.3644,281.0,0.61,0.650,0.000,DRIVETEST
2026-08-17T07:20:22.794855,37.8648855,32.4839187,1025.15,-0.0265,0.1468,-1.3851,280.0,0.63,0.650,0.000,DRIVETEST
2026-08-17T07:20:23.794966,37.8648878,32.4839108,1025.17,-0.0318,0.1493,-1.4003,279.0,0.67,0.650,0.000,DRIVETEST
2026-08-17T07:20:24.794772,37.8648889,32.4839031,1025.18,-0.0304,0.1518,-1.4040,279.0,0.67,0.650,0.000,DRIVETEST
2026-08-17T07:20:25.795138,37.8648906,32.4838967,1025.17,-0.0307,0.1508,-1.4127,279.0,0.63,0.650,0.000,DRIVETEST
2026-08-17T07:20:26.795073,37.8648918,32.4838895,1025.17,-0.0308,0.1525,-1.4198,278.0,0.62,0.650,0.000,DRIVETEST
2026-08-17T07:20:27.794647,37.8648945,32.4838825,1025.15,-0.0414,0.1103,-1.3313,283.0,0.51,0.000,-0.800,DRIVETEST
2026-08-17T07:20:28.794794,37.8648976,32.4838786,1025.11,-0.0257,0.2069,-1.1126,296.0,0.46,0.650,0.000,DRIVETEST
2026-08-17T07:20:29.794810,37.8648993,32.4838733,1025.09,-0.0312,0.1614,-1.1379,294.0,0.58,0.650,0.000,DRIVETEST
2026-08-17T07:20:30.794760,37.8649028,32.4838673,1025.12,-0.0336,0.1467,-1.1231,295.0,0.60,0.650,0.000,DRIVETEST
2026-08-17T07:20:31.794892,37.8649058,32.4838629,1025.14,-0.0356,0.1490,-1.1101,296.0,0.55,0.650,0.000,DRIVETEST
2026-08-17T07:20:32.794842,37.8649088,32.4838582,1025.15,-0.0347,0.1440,-1.0832,297.0,0.53,0.000,0.800,DRIVETEST
2026-08-17T07:20:33.794946,37.8649117,32.4838537,1025.13,-0.0224,0.1300,-1.2343,289.0,0.27,0.650,0.000,DRIVETEST
2026-08-17T07:20:34.794806,37.8649136,32.4838496,1025.15,-0.0390,0.1142,-1.2641,287.0,0.29,0.000,-0.800,DRIVETEST
2026-08-17T07:20:35.794818,37.8649154,32.4838456,1025.12,-0.0400,0.1405,-1.0973,297.0,0.40,0.000,-0.800,DRIVETEST
2026-08-17T07:20:36.794839,37.8649176,32.4838432,1025.09,-0.0325,0.1966,-0.8508,311.0,0.34,0.650,0.000,DRIVETEST
2026-08-17T07:20:37.794725,37.8649211,32.4838407,1025.10,-0.0364,0.1489,-0.7696,315.0,0.52,0.650,0.000,DRIVETEST
2026-08-17T07:20:38.794815,37.8649254,32.4838374,1025.12,-0.0394,0.1414,-0.7020,319.0,0.55,0.000,-0.800,DRIVETEST
2026-08-17T07:20:39.794855,37.8649294,32.4838359,1025.12,-0.0244,0.1845,-0.4566,333.0,0.37,0.650,0.000,DRIVETEST
2026-08-17T07:20:40.794789,37.8649326,32.4838354,1025.12,-0.0329,0.1523,-0.4111,336.0,0.54,0.650,0.000,DRIVETEST
2026-08-17T07:20:41.794967,37.8649380,32.4838343,1025.12,-0.0289,0.1579,-0.4079,336.0,0.60,0.650,0.000,DRIVETEST
2026-08-17T07:20:42.794841,37.8649441,32.4838328,1025.12,-0.0304,0.1510,-0.3929,337.0,0.63,0.650,0.000,DRIVETEST
2026-08-17T07:20:43.795231,37.8649488,32.4838312,1025.14,-0.0322,0.1529,-0.3850,337.0,0.61,0.650,0.000,DRIVETEST
2026-08-17T07:20:44.794916,37.8649538,32.4838297,1025.14,-0.0310,0.1533,-0.3795,338.0,0.60,0.650,0.000,DRIVETEST
2026-08-17T07:20:45.794553,37.8649596,32.4838290,1025.12,-0.0303,0.1506,-0.3735,338.0,0.62,0.650,0.000,DRIVETEST
2026-08-17T07:20:46.794906,37.8649667,32.4838288,1025.10,-0.0302,0.1511,-0.3728,338.0,0.67,0.650,0.000,DRIVETEST
2026-08-17T07:20:47.795122,37.8649724,32.4838283,1025.11,-0.0298,0.1517,-0.3713,338.0,0.65,0.650,0.000,DRIVETEST
2026-08-17T07:20:48.795022,37.8649789,32.4838279,1025.13,-0.0282,0.1503,-0.3700,338.0,0.66,0.650,0.000,DRIVETEST
2026-08-17T07:20:49.795094,37.8649857,32.4838274,1025.14,-0.0180,0.1231,-0.4569,333.0,0.56,0.650,0.000,DRIVETEST
2026-08-17T07:20:50.794628,37.8649907,32.4838260,1025.16,-0.0324,0.1509,-0.4868,332.0,0.64,0.650,0.000,DRIVETEST
2026-08-17T07:20:51.794844,37.8649971,32.4838242,1025.13,-0.0183,0.1272,-0.5305,329.0,0.60,0.000,0.800,DRIVETEST
2026-08-17T07:20:52.795299,37.8650022,32.4838217,1025.11,-0.0167,0.1362,-0.6196,324.0,0.50,0.650,0.000,DRIVETEST
2026-08-17T07:20:53.794851,37.8650059,32.4838184,1025.14,-0.0266,0.1605,-0.7412,317.0,0.56,0.000,0.800,DRIVETEST
2026-08-17T07:20:54.794874,37.8650084,32.4838145,1025.14,-0.0404,0.1956,-0.8646,310.0,0.53,0.000,0.800,DRIVETEST
2026-08-17T07:20:55.795204,37.8650129,32.4838108,1025.13,-0.0421,0.1734,-1.0322,300.0,0.45,0.000,0.800,DRIVETEST
2026-08-17T07:20:56.794829,37.8650151,32.4838069,1025.13,-0.0443,0.2039,-1.1998,291.0,0.52,0.000,0.800,DRIVETEST
2026-08-17T07:20:57.794831,37.8650171,32.4838015,1025.11,-0.0410,0.1782,-1.3966,279.0,0.39,0.650,0.000,DRIVETEST
2026-08-17T07:20:58.794789,37.8650197,32.4837967,1025.09,-0.0332,0.1518,-1.5142,273.0,0.48,0.650,0.000,DRIVETEST
2026-08-17T07:20:59.794931,37.8650218,32.4837912,1025.05,-0.0305,0.1402,-1.5434,271.0,0.51,0.000,0.000,IDLE
2026-08-17T07:21:00.795003,37.8650222,32.4837859,1025.05,-0.0310,0.1581,-1.5416,271.0,0.43,0.000,0.000,IDLE
2026-08-17T07:21:01.794943,37.8650232,32.4837826,1025.03,-0.0316,0.1571,-1.5348,272.0,0.35,0.000,0.000,IDLE
2026-08-17T07:21:02.794816,37.8650236,32.4837793,1025.00,-0.0329,0.1573,-1.5251,272.0,0.31,0.000,0.000,IDLE
2026-08-17T07:21:03.794757,37.8650234,32.4837761,1025.02,-0.0328,0.1575,-1.5188,272.0,0.25,0.000,0.000,IDLE
2026-08-17T07:21:04.794811,37.8650233,32.4837737,1025.02,-0.0353,0.1914,-1.5181,273.0,0.18,0.000,0.000,IDLE
2026-08-17T07:21:05.794824,37.8650241,32.4837732,1024.97,-0.0321,0.1715,-1.5456,271.0,0.11,0.000,0.000,IDLE
2026-08-17T07:21:06.795009,37.8650235,32.4837741,1024.99,-0.0353,0.1445,-1.6868,263.0,0.26,0.000,0.000,IDLE
2026-08-17T07:21:07.794902,37.8650232,32.4837781,1025.02,-0.0362,0.1348,-1.8494,254.0,0.42,0.000,0.000,IDLE
2026-08-17T07:21:08.794864,37.8650242,32.4837835,1025.03,-0.0350,0.1673,-1.8983,251.0,0.56,0.000,0.000,IDLE
2026-08-17T07:21:09.795145,37.8650251,32.4837904,1025.02,-0.0255,0.2207,-1.8872,251.0,0.53,0.000,0.000,IDLE
2026-08-17T07:21:10.794774,37.8650244,32.4837937,1025.04,-0.0162,0.1459,-2.2717,229.0,0.36,0.000,0.000,IDLE
2026-08-17T07:21:11.794939,37.8650214,32.4837912,1025.05,-0.0251,0.1588,-2.5624,213.0,0.33,0.000,0.000,IDLE
2026-08-17T07:21:12.794909,37.8650204,32.4837894,1025.04,-0.0269,0.1644,-2.6299,209.0,0.24,0.000,0.000,IDLE
2026-08-17T07:21:13.794770,37.8650188,32.4837878,1025.05,-0.0312,0.1662,-2.6707,206.0,0.25,0.000,0.000,IDLE
2026-08-17T07:21:14.794999,37.8650168,32.4837857,1025.02,-0.0318,0.1665,-2.6961,205.0,0.25,0.000,0.000,IDLE
2026-08-17T07:21:15.796036,37.8650155,32.4837838,1025.03,-0.0322,0.1648,-2.7087,204.0,0.24,0.000,0.000,IDLE
2026-08-17T07:21:16.794776,37.8650145,32.4837823,1025.04,-0.0225,0.1839,-2.8091,199.0,0.39,0.000,0.000,IDLE
2026-08-17T07:21:17.794811,37.8650107,32.4837819,1025.01,-0.0210,0.1420,3.1106,178.0,0.62,0.000,0.000,IDLE
2026-08-17T07:21:18.794798,37.8650050,32.4837810,1025.04,-0.0299,0.1272,3.0923,177.0,0.58,0.000,0.000,IDLE
2026-08-17T07:21:19.794778,37.8650017,32.4837811,1025.08,-0.0323,0.1504,3.1165,178.0,0.44,0.000,0.000,IDLE
2026-08-17T07:21:20.794784,37.8649983,32.4837820,1025.13,-0.0313,0.1644,3.1251,179.0,0.32,0.000,0.000,IDLE
2026-08-17T07:21:21.794879,37.8649959,32.4837816,1025.16,-0.0314,0.1628,3.1382,179.0,0.26,0.000,0.000,IDLE
2026-08-17T07:21:22.794864,37.8649926,32.4837810,1025.16,-0.0299,0.1624,-3.1344,180.0,0.26,0.000,0.000,IDLE
2026-08-17T07:21:23.794976,37.8649890,32.4837802,1025.15,-0.0309,0.1631,-3.1204,181.0,0.28,0.000,0.000,IDLE
2026-08-17T07:21:24.794827,37.8649875,32.4837809,1025.17,-0.0320,0.1650,-3.1074,181.0,0.21,0.000,0.000,IDLE
2026-08-17T07:21:25.794927,37.8649862,32.4837803,1025.19,-0.0304,0.1656,-3.0965,182.0,0.18,0.000,0.000,IDLE
2026-08-17T07:21:26.794954,37.8649842,32.4837791,1025.18,-0.0300,0.1644,-3.0840,183.0,0.20,0.000,0.000,IDLE
2026-08-17T07:21:27.794853,37.8649826,32.4837789,1025.14,-0.0304,0.1648,-3.0674,184.0,0.14,0.000,0.000,IDLE
2026-08-17T07:21:28.795222,37.8649820,32.4837797,1025.13,-0.0292,0.1649,-3.0548,184.0,0.12,0.000,0.000,IDLE
2026-08-17T07:21:29.794792,37.8649796,32.4837801,1025.12,-0.0292,0.1644,-3.0392,185.0,0.17,0.000,0.000,IDLE
2026-08-17T07:21:30.795121,37.8649779,32.4837797,1025.09,-0.0319,0.1653,-3.0148,187.0,0.14,0.000,0.000,IDLE
2026-08-17T07:21:31.794823,37.8649778,32.4837800,1025.10,-0.0318,0.1666,-2.9857,188.0,0.08,0.000,0.000,IDLE
2026-08-17T07:21:32.795073,37.8649783,32.4837806,1025.13,-0.0310,0.1665,-2.9518,190.0,0.03,0.000,0.000,IDLE
2026-08-17T07:21:33.794976,37.8649782,32.4837806,1025.18,-0.0288,0.1668,-2.9140,193.0,0.01,0.000,0.000,IDLE
2026-08-17T07:21:34.795355,37.8649783,32.4837802,1025.21,-0.0287,0.1662,-2.8744,195.0,0.03,0.000,0.000,IDLE
2026-08-17T07:21:35.794957,37.8649771,32.4837793,1025.21,-0.0297,0.1656,-2.8375,197.0,0.05,0.000,0.000,IDLE
2026-08-17T07:21:36.794763,37.8649761,32.4837787,1025.22,-0.0299,0.1643,-2.8047,199.0,0.07,0.000,0.000,IDLE
2026-08-17T07:21:37.794827,37.8649762,32.4837789,1025.22,-0.0304,0.1627,-2.7728,201.0,0.05,0.000,0.000,IDLE
2026-08-17T07:21:38.794868,37.8649751,32.4837789,1025.22,-0.0316,0.1637,-2.7377,203.0,0.07,0.000,0.000,IDLE
2026-08-17T07:21:39.794790,37.8649740,32.4837781,1025.21,-0.0302,0.1651,-2.7015,205.0,0.10,0.000,0.000,IDLE
2026-08-17T07:21:40.794901,37.8649727,32.4837770,1025.24,-0.0294,0.1645,-2.6668,207.0,0.14,0.000,0.000,IDLE
2026-08-17T07:21:41.795146,37.8649720,32.4837762,1025.25,-0.0309,0.1649,-2.6326,209.0,0.12,0.000,0.000,IDLE
2026-08-17T07:21:42.794792,37.8649717,32.4837764,1025.27,-0.0288,0.1651,-2.5998,211.0,0.10,0.000,0.000,IDLE
2026-08-17T07:21:43.795237,37.8649712,32.4837759,1025.25,-0.0287,0.1643,-2.5700,212.0,0.09,0.000,0.000,IDLE
2026-08-17T07:21:44.794833,37.8649711,32.4837755,1025.22,-0.0290,0.1656,-2.5428,214.0,0.07,0.000,0.000,IDLE
2026-08-17T07:21:45.795131,37.8649705,32.4837752,1025.22,-0.0304,0.1654,-2.5185,215.0,0.08,0.000,0.000,IDLE
2026-08-17T07:21:46.794798,37.8649703,32.4837744,1025.21,-0.0310,0.1638,-2.4968,216.0,0.07,0.000,0.000,IDLE
2026-08-17T07:21:47.795159,37.8649698,32.4837738,1025.19,-0.0265,0.1578,-2.5019,216.0,0.05,0.000,0.350,KAMIKAZE
2026-08-17T07:21:48.794779,37.8649702,32.4837743,1025.19,-0.0282,0.1640,-2.6270,209.0,0.05,0.000,0.350,KAMIKAZE
2026-08-17T07:21:49.794848,37.8649690,32.4837736,1025.19,-0.0307,0.1631,-2.8221,198.0,0.07,0.000,0.350,KAMIKAZE
2026-08-17T07:21:50.798350,37.8649691,32.4837736,1025.16,-0.0317,0.1628,-3.0570,184.0,0.06,0.000,0.350,KAMIKAZE
2026-08-17T07:21:51.794785,37.8649695,32.4837740,1025.18,-0.0315,0.1620,2.9946,171.0,0.06,0.000,0.350,KAMIKAZE
2026-08-17T07:21:52.795131,37.8649696,32.4837737,1025.19,-0.0315,0.1618,2.7768,159.0,0.08,0.000,0.350,KAMIKAZE
2026-08-17T07:21:53.794819,37.8649705,32.4837738,1025.17,-0.0304,0.1598,2.5746,147.0,0.11,0.000,0.350,KAMIKAZE
2026-08-17T07:21:54.794811,37.8649720,32.4837739,1025.17,-0.0309,0.1604,2.3848,136.0,0.15,0.000,0.350,KAMIKAZE
2026-08-17T07:21:55.795224,37.8649721,32.4837751,1025.14,-0.0431,0.1967,2.2897,131.0,0.08,0.900,0.000,KAMIKAZE
2026-08-17T07:21:56.794803,37.8649700,32.4837754,1025.15,-0.0429,0.1552,2.5116,143.0,0.47,0.900,-0.900,KAMIKAZE
2026-08-17T07:21:57.794936,37.8649655,32.4837771,1025.14,-0.0294,0.1512,2.7104,155.0,0.46,0.000,0.350,KAMIKAZE
2026-08-17T07:21:58.794912,37.8649623,32.4837796,1025.14,-0.0352,0.1942,2.7017,154.0,0.48,0.900,0.136,KAMIKAZE
2026-08-17T07:21:59.794860,37.8649589,32.4837821,1025.15,-0.0318,0.1659,2.7261,156.0,0.57,0.000,0.350,KAMIKAZE
2026-08-17T07:22:00.795196,37.8649558,32.4837854,1025.14,-0.0295,0.1571,2.6971,154.0,0.38,0.000,0.350,KAMIKAZE
2026-08-17T07:22:01.794881,37.8649545,32.4837862,1025.15,-0.0311,0.1632,2.6266,150.0,0.26,0.000,0.350,KAMIKAZE
2026-08-17T07:22:02.794866,37.8649526,32.4837881,1025.15,-0.0286,0.1602,2.5292,144.0,0.22,0.000,0.000,KAMIKAZE
2026-08-17T07:22:03.796486,37.8649512,32.4837889,1025.14,-0.0305,0.1686,2.4507,140.0,0.17,0.000,0.000,KAMIKAZE
2026-08-17T07:22:04.795109,37.8649502,32.4837915,1025.13,-0.0312,0.1699,2.4425,139.0,0.19,0.000,0.000,KAMIKAZE
2026-08-17T07:22:05.795073,37.8649492,32.4837938,1025.12,-0.0323,0.1698,2.4599,140.0,0.20,0.000,0.000,KAMIKAZE
2026-08-17T07:22:06.795024,37.8649486,32.4837967,1025.13,-0.0322,0.1670,2.4860,142.0,0.19,0.000,0.000,KAMIKAZE
2026-08-17T07:22:07.795055,37.8649485,32.4837978,1025.13,-0.0318,0.1636,2.5082,143.0,0.17,0.000,0.000,KAMIKAZE
2026-08-17T07:22:08.795096,37.8649478,32.4837989,1025.15,-0.0311,0.1622,2.5236,144.0,0.14,0.000,0.000,KAMIKAZE
2026-08-17T07:22:09.794825,37.8649468,32.4837993,1025.16,-0.0291,0.1681,2.5346,145.0,0.09,0.000,0.000,KAMIKAZE
2026-08-17T07:22:10.794861,37.8649463,32.4837992,1025.17,-0.0294,0.1708,2.5433,145.0,0.06,0.000,0.000,KAMIKAZE
2026-08-17T07:22:11.794896,37.8649451,32.4838013,1025.17,-0.0287,0.1634,2.5507,146.0,0.10,0.000,0.000,KAMIKAZE
2026-08-17T07:22:12.794792,37.8649445,32.4838031,1025.18,-0.0280,0.1554,2.5571,146.0,0.11,0.000,0.000,KAMIKAZE
2026-08-17T07:22:13.794898,37.8649441,32.4838039,1025.15,-0.0273,0.1516,2.5584,146.0,0.08,0.000,0.000,KAMIKAZE
2026-08-17T07:22:14.794799,37.8649437,32.4838041,1025.13,-0.0280,0.1545,2.5589,146.0,0.06,0.000,0.000,KAMIKAZE
2026-08-17T07:22:15.794988,37.8649442,32.4838047,1025.12,-0.0290,0.1618,2.5641,146.0,0.03,0.000,0.000,KAMIKAZE
2026-08-17T07:22:16.794911,37.8649434,32.4838048,1025.09,-0.0358,0.1775,2.5886,148.0,0.03,0.000,0.000,KAMIKAZE
2026-08-17T07:22:17.794834,37.8649435,32.4838046,1025.06,-0.0302,0.0960,2.6063,149.0,0.37,0.000,0.000,KAMIKAZE
2026-08-17T07:22:18.795043,37.8649484,32.4838023,1025.05,-0.0291,0.1379,2.8152,161.0,0.56,0.000,0.000,KAMIKAZE
2026-08-17T07:22:19.794938,37.8649538,32.4838013,1025.01,0.0053,0.1221,-3.0001,188.0,0.82,0.000,0.000,KAMIKAZE
2026-08-17T07:22:20.794792,37.8649587,32.4838020,1024.97,-0.0324,0.1531,-2.6227,209.0,0.44,0.000,0.000,KAMIKAZE
2026-08-17T07:22:21.794804,37.8649614,32.4838041,1025.00,-0.0421,0.1924,-2.7432,202.0,0.32,0.000,0.000,KAMIKAZE
2026-08-17T07:22:22.794808,37.8649636,32.4838037,1025.00,-0.0325,0.1712,-2.8100,199.0,0.23,0.000,0.000,KAMIKAZE
2026-08-17T07:22:23.794817,37.8649663,32.4838030,1025.01,-0.0285,0.1618,-2.8481,196.0,0.22,0.000,0.000,KAMIKAZE
2026-08-17T07:22:24.794926,37.8649691,32.4838024,1025.01,-0.0278,0.1628,-2.8775,195.0,0.23,0.000,0.000,KAMIKAZE
2026-08-17T07:22:25.794885,37.8649710,32.4838025,1025.01,-0.0262,0.1680,-2.9062,193.0,0.19,0.000,0.000,KAMIKAZE
2026-08-17T07:22:26.794800,37.8649728,32.4838021,1025.04,-0.0295,0.1682,-2.9394,191.0,0.18,0.000,0.000,KAMIKAZE
2026-08-17T07:22:27.795094,37.8649749,32.4838022,1025.03,-0.0295,0.1683,-2.9684,189.0,0.18,0.000,0.000,KAMIKAZE
2026-08-17T07:22:28.795036,37.8649759,32.4838021,1025.05,-0.0297,0.1666,-3.0032,187.0,0.13,0.000,0.000,KAMIKAZE
2026-08-17T07:22:29.795001,37.8649761,32.4838015,1025.07,-0.0314,0.1660,-3.0365,186.0,0.12,0.000,0.000,IDLE
2026-08-17T07:22:30.794818,37.8649770,32.4838014,1025.07,-0.0336,0.1667,-3.0723,183.0,0.09,0.000,0.000,IDLE
2026-08-17T07:22:31.794858,37.8649783,32.4838020,1025.03,-0.0302,0.1688,-3.1097,181.0,0.08,0.000,0.000,IDLE
2026-08-17T07:22:32.795064,37.8649799,32.4838024,1024.99,-0.0321,0.1662,3.1333,179.0,0.10,0.000,0.000,IDLE
2026-08-17T07:22:33.794950,37.8649809,32.4838023,1024.97,-0.0334,0.1650,3.0926,177.0,0.08,0.000,0.000,IDLE
2026-08-17T07:22:34.794955,37.8649818,32.4838029,1024.98,-0.0332,0.1645,3.0567,175.0,0.10,0.000,0.000,IDLE
2026-08-17T07:22:35.796397,37.8649829,32.4838031,1024.97,-0.0327,0.1653,3.0269,173.0,0.09,0.000,0.000,IDLE
2026-08-17T07:22:36.795126,37.8649841,32.4838022,1024.98,-0.0330,0.1681,3.0043,172.0,0.13,0.000,0.000,IDLE
2026-08-17T07:22:37.794767,37.8649865,32.4838017,1024.98,-0.0318,0.1690,2.9859,171.0,0.17,0.000,0.000,IDLE
2026-08-17T07:22:38.794969,37.8649875,32.4838021,1024.98,-0.0329,0.1683,2.9686,170.0,0.14,0.000,0.000,IDLE
2026-08-17T07:22:39.794896,37.8649888,32.4838022,1024.96,-0.0348,0.1660,2.9505,169.0,0.13,0.000,0.000,IDLE
2026-08-17T07:22:40.795517,37.8649896,32.4838009,1024.95,-0.0351,0.1615,2.9329,168.0,0.13,0.000,0.000,IDLE
2026-08-17T07:22:41.794919,37.8649901,32.4838009,1024.95,-0.0326,0.1624,2.9155,167.0,0.09,0.000,0.000,IDLE
2026-08-17T07:22:42.794772,37.8649902,32.4838002,1024.93,-0.0302,0.1662,2.9028,166.0,0.06,0.000,0.000,IDLE
2026-08-17T07:22:43.794957,37.8649906,32.4838007,1024.96,-0.0292,0.1679,2.8952,165.0,0.04,0.000,0.000,IDLE
2026-08-17T07:22:44.794878,37.8649919,32.4837994,1024.95,-0.0349,0.1672,2.8873,165.0,0.10,0.000,0.000,IDLE
2026-08-17T07:22:45.795180,37.8649929,32.4837988,1024.97,-0.0267,0.1673,2.8818,165.0,0.08,0.000,0.000,IDLE
2026-08-17T07:22:46.794761,37.8649929,32.4837992,1024.96,-0.0298,0.1635,2.8796,164.0,0.06,0.000,0.000,IDLE
2026-08-17T07:22:47.794791,37.8649946,32.4837977,1024.99,-0.0270,0.1637,2.8788,164.0,0.12,0.000,0.000,IDLE
2026-08-17T07:22:48.794798,37.8649963,32.4837973,1025.00,-0.0319,0.1636,2.8820,165.0,0.12,0.000,0.000,IDLE
2026-08-17T07:22:49.794768,37.8649962,32.4837969,1024.99,-0.0282,0.1634,2.8889,165.0,0.07,0.000,0.000,IDLE
2026-08-17T07:22:50.794968,37.8649964,32.4837973,1024.99,-0.0294,0.1638,2.9009,166.0,0.04,0.000,0.000,IDLE
2026-08-17T07:22:51.795182,37.8649968,32.4837972,1025.01,-0.0293,0.1626,2.9169,167.0,0.03,0.000,0.000,IDLE
2026-08-17T07:22:52.794844,37.8649977,32.4837964,1025.04,-0.0300,0.1637,2.9439,168.0,0.06,0.000,0.000,IDLE
2026-08-17T07:22:53.794768,37.8649982,32.4837965,1025.05,-0.0310,0.1631,2.9781,170.0,0.03,0.000,0.000,IDLE
2026-08-17T07:22:54.794951,37.8649984,32.4837958,1025.03,-0.0294,0.1562,3.0148,172.0,0.04,0.000,0.000,IDLE
2026-08-17T07:22:55.794799,37.8649977,32.4837968,1025.04,-0.0393,0.1597,3.0245,173.0,0.31,0.000,0.000,IDLE
2026-08-17T07:22:56.794912,37.8649958,32.4837987,1025.03,-0.0337,0.1591,2.9452,168.0,0.42,0.000,0.000,IDLE
2026-08-17T07:22:57.795000,37.8649940,32.4838005,1025.05,-0.0286,0.1852,2.8084,160.0,0.44,0.000,0.000,IDLE
2026-08-17T07:22:58.795078,37.8649916,32.4838031,1025.02,-0.0357,0.1717,2.8059,160.0,0.42,0.000,0.000,IDLE
2026-08-17T07:22:59.794926,37.8649891,32.4838068,1025.01,-0.0366,0.1712,2.7612,158.0,0.49,0.000,0.000,IDLE
2026-08-17T07:23:00.794812,37.8649845,32.4838103,1024.96,-0.0413,0.1718,2.8061,160.0,0.55,0.000,0.000,IDLE
2026-08-17T07:23:01.795072,37.8649802,32.4838162,1024.92,-0.0375,0.1764,2.7707,158.0,0.62,0.000,0.000,IDLE
2026-08-17T07:23:02.794876,37.8649765,32.4838201,1024.95,-0.0383,0.1614,2.7637,158.0,0.60,0.000,0.000,IDLE
2026-08-17T07:23:03.794769,37.8649717,32.4838242,1024.96,-0.0243,0.1645,2.7400,156.0,0.61,0.000,0.000,IDLE
2026-08-17T07:23:04.794861,37.8649674,32.4838280,1024.99,-0.0230,0.1683,2.7529,157.0,0.63,0.000,0.000,IDLE
2026-08-17T07:23:05.795345,37.8649636,32.4838321,1024.98,-0.0182,0.1717,2.7193,155.0,0.54,0.000,0.000,IDLE
2026-08-17T07:23:06.794788,37.8649597,32.4838360,1024.99,-0.0198,0.1846,2.7391,156.0,0.56,0.000,0.000,IDLE
2026-08-17T07:23:07.794792,37.8649547,32.4838403,1024.99,-0.0273,0.1688,2.7457,157.0,0.59,0.000,0.000,IDLE
2026-08-17T07:23:08.795059,37.8649494,32.4838434,1025.04,-0.0208,0.1763,2.7206,155.0,0.61,0.000,0.000,IDLE
2026-08-17T07:23:09.795074,37.8649468,32.4838476,1025.10,-0.0197,0.1792,2.6560,152.0,0.55,0.000,0.000,IDLE
2026-08-17T07:23:10.794805,37.8649429,32.4838504,1025.13,-0.0169,0.1765,2.6653,152.0,0.51,0.000,0.000,IDLE
2026-08-17T07:23:11.794855,37.8649385,32.4838545,1025.17,-0.0247,0.1786,2.7349,156.0,0.48,0.000,0.000,IDLE
2026-08-17T07:23:12.794818,37.8649349,32.4838574,1025.20,-0.0318,0.1719,2.8112,161.0,0.45,0.000,0.000,IDLE
2026-08-17T07:23:13.794776,37.8649317,32.4838613,1025.19,-0.0270,0.1811,2.8984,166.0,0.46,0.000,0.000,IDLE
2026-08-17T07:23:14.794961,37.8649274,32.4838646,1025.17,-0.0247,0.1835,2.9297,167.0,0.53,0.000,0.000,IDLE
2026-08-17T07:23:15.794775,37.8649231,32.4838683,1025.13,-0.0248,0.1835,2.9317,167.0,0.60,0.000,0.000,IDLE
2026-08-17T07:23:16.794813,37.8649179,32.4838712,1025.08,-0.0247,0.1756,2.9471,168.0,0.59,0.000,0.000,IDLE
2026-08-17T07:23:17.794868,37.8649137,32.4838734,1025.06,-0.0204,0.1875,2.9804,170.0,0.53,0.000,0.000,IDLE
2026-08-17T07:23:18.794897,37.8649091,32.4838767,1025.06,-0.0197,0.1853,2.9408,168.0,0.62,0.000,0.000,IDLE
2026-08-17T07:23:19.794795,37.8649047,32.4838802,1025.06,-0.0257,0.1847,2.8371,162.0,0.67,0.000,0.000,IDLE
2026-08-17T07:23:20.794991,37.8649013,32.4838831,1025.06,-0.0291,0.1847,2.6850,153.0,0.61,0.000,0.000,IDLE
2026-08-17T07:23:21.795225,37.8648987,32.4838863,1025.09,-0.0280,0.1976,2.6064,149.0,0.50,0.000,0.000,IDLE
2026-08-17T07:23:22.794794,37.8648951,32.4838895,1025.12,-0.0279,0.1862,2.6712,153.0,0.44,0.000,0.000,IDLE
2026-08-17T07:23:23.794840,37.8648913,32.4838932,1025.11,-0.0293,0.1534,2.5759,147.0,0.39,0.000,0.000,IDLE
2026-08-17T07:23:24.794808,37.8648882,32.4838961,1025.12,-0.0210,0.1836,2.5045,143.0,0.38,0.000,0.000,IDLE
2026-08-17T07:23:25.794781,37.8648863,32.4838998,1025.11,-0.0181,0.1630,2.3567,135.0,0.36,0.000,0.000,IDLE
2026-08-17T07:23:26.794949,37.8648837,32.4839025,1025.11,-0.0263,0.1777,2.2634,129.0,0.27,0.000,0.000,IDLE
2026-08-17T07:23:27.794842,37.8648821,32.4839042,1025.08,-0.0275,0.1759,2.1796,124.0,0.19,0.000,0.000,IDLE
2026-08-17T07:23:28.794786,37.8648812,32.4839055,1025.02,-0.0280,0.1667,2.1301,122.0,0.16,0.000,0.350,KAMIKAZE
2026-08-17T07:23:29.794852,37.8648809,32.4839064,1024.99,-0.0293,0.1624,2.2356,128.0,0.13,0.000,0.350,KAMIKAZE
2026-08-17T07:23:30.794876,37.8648805,32.4839059,1024.95,-0.0298,0.1656,2.2699,130.0,0.06,0.000,0.350,KAMIKAZE
2026-08-17T07:23:31.794818,37.8648802,32.4839061,1024.92,-0.0281,0.1665,2.1843,125.0,0.04,0.000,0.350,KAMIKAZE
2026-08-17T07:23:32.794780,37.8648799,32.4839064,1024.91,-0.0331,0.1640,2.0274,116.0,0.06,0.000,0.350,KAMIKAZE
2026-08-17T07:23:33.794793,37.8648796,32.4839063,1024.91,-0.0309,0.1645,1.8509,106.0,0.06,0.000,0.350,KAMIKAZE
2026-08-17T07:23:34.795202,37.8648788,32.4839063,1024.93,-0.0295,0.1618,1.6653,95.0,0.07,0.000,0.350,KAMIKAZE
2026-08-17T07:23:35.794924,37.8648787,32.4839059,1024.95,-0.0303,0.1621,1.4707,84.0,0.08,0.000,0.350,KAMIKAZE
2026-08-17T07:23:36.794906,37.8648792,32.4839055,1024.97,-0.0326,0.1643,1.2557,71.0,0.08,0.900,0.000,KAMIKAZE
2026-08-17T07:23:37.794771,37.8648803,32.4839064,1025.01,-0.0335,0.1801,1.1002,63.0,0.28,0.900,0.000,KAMIKAZE
2026-08-17T07:23:38.795144,37.8648818,32.4839113,1025.01,-0.0325,0.1491,1.0565,60.0,0.42,0.000,0.000,KAMIKAZE
2026-08-17T07:23:39.795025,37.8648842,32.4839144,1025.02,-0.0353,0.1731,1.0395,59.0,0.34,0.000,0.000,KAMIKAZE
2026-08-17T07:23:40.794779,37.8648851,32.4839177,1024.98,-0.0341,0.1794,1.0294,58.0,0.31,0.000,0.000,KAMIKAZE
2026-08-17T07:23:41.794766,37.8648869,32.4839207,1024.96,-0.0413,0.1531,0.9431,54.0,0.27,0.000,0.000,KAMIKAZE
2026-08-17T07:23:42.794801,37.8648885,32.4839187,1024.95,-0.0470,0.1537,0.3273,18.0,0.33,0.000,0.000,KAMIKAZE
2026-08-17T07:23:43.794788,37.8648896,32.4839174,1024.93,-0.0297,0.1458,-0.3078,342.0,0.12,0.000,0.000,KAMIKAZE
2026-08-17T07:23:44.794780,37.8648898,32.4839172,1024.90,-0.0326,0.1571,-0.6185,324.0,0.10,0.000,0.000,KAMIKAZE
2026-08-17T07:23:45.794931,37.8648914,32.4839170,1024.87,-0.0336,0.1603,-0.8129,313.0,0.13,0.000,0.000,KAMIKAZE
2026-08-17T07:23:46.795057,37.8648925,32.4839169,1024.86,-0.0314,0.1651,-0.9677,304.0,0.13,0.000,0.000,KAMIKAZE
2026-08-17T07:23:47.794793,37.8648935,32.4839160,1024.85,-0.0308,0.1658,-1.1079,296.0,0.15,0.000,0.000,KAMIKAZE
2026-08-17T07:23:48.795090,37.8648952,32.4839151,1024.85,-0.0409,0.1744,-1.2348,289.0,0.10,0.000,0.000,KAMIKAZE
2026-08-17T07:23:49.795102,37.8648944,32.4839157,1024.85,-0.0377,0.1731,-1.4867,274.0,0.07,0.000,0.000,KAMIKAZE
2026-08-17T07:23:50.795051,37.8648934,32.4839154,1024.86,-0.0359,0.1689,-1.7452,260.0,0.13,0.000,0.000,KAMIKAZE
2026-08-17T07:23:51.794825,37.8648918,32.4839155,1024.91,-0.0329,0.1761,-1.9712,247.0,0.16,0.000,0.000,KAMIKAZE
2026-08-17T07:23:52.794797,37.8648893,32.4839158,1024.94,-0.0368,0.1733,-2.2441,231.0,0.22,0.000,0.000,KAMIKAZE
2026-08-17T07:23:53.794863,37.8648870,32.4839155,1024.97,-0.0418,0.1746,-2.4090,221.0,0.19,0.000,0.000,KAMIKAZE
2026-08-17T07:23:54.794809,37.8648856,32.4839151,1024.98,-0.0338,0.1607,-2.4388,220.0,0.18,0.000,0.000,KAMIKAZE
2026-08-17T07:23:55.794862,37.8648839,32.4839138,1024.99,-0.0334,0.1649,-2.4945,217.0,0.20,0.000,0.000,KAMIKAZE
2026-08-17T07:23:56.795089,37.8648830,32.4839134,1024.99,-0.0324,0.1466,-2.4892,217.0,0.20,0.000,0.000,KAMIKAZE
2026-08-17T07:23:57.794818,37.8648827,32.4839134,1024.98,-0.0303,0.1688,-2.5036,216.0,0.17,0.000,0.000,KAMIKAZE
2026-08-17T07:23:58.794846,37.8648825,32.4839140,1024.97,-0.0325,0.1745,-2.5476,214.0,0.13,0.000,0.000,KAMIKAZE
2026-08-17T07:23:59.794832,37.8648822,32.4839153,1024.96,-0.0299,0.1733,-2.5949,211.0,0.12,0.000,0.000,KAMIKAZE
2026-08-17T07:24:00.794800,37.8648820,32.4839161,1024.96,-0.0326,0.1686,-2.6418,208.0,0.10,0.000,0.000,KAMIKAZE
2026-08-17T07:24:01.794795,37.8648808,32.4839151,1024.95,-0.0300,0.1658,-2.6825,206.0,0.11,0.000,0.000,KAMIKAZE
2026-08-17T07:24:02.794795,37.8648809,32.4839154,1024.95,-0.0326,0.1656,-2.7195,204.0,0.07,0.000,0.000,KAMIKAZE
2026-08-17T07:24:03.794957,37.8648804,32.4839147,1024.96,-0.0310,0.1649,-2.7477,202.0,0.08,0.000,0.000,KAMIKAZE
2026-08-17T07:24:04.794791,37.8648801,32.4839143,1025.00,-0.0285,0.1637,-2.7718,201.0,0.06,0.000,0.000,KAMIKAZE
2026-08-17T07:24:05.794869,37.8648800,32.4839151,1025.00,-0.0218,0.1633,-2.7972,199.0,0.04,0.000,0.000,KAMIKAZE
2026-08-17T07:24:06.794772,37.8648803,32.4839165,1025.02,-0.0276,0.1679,-2.8958,194.0,0.06,0.000,0.000,KAMIKAZE
2026-08-17T07:24:07.794970,37.8648813,32.4839152,1025.04,-0.0360,0.1875,-2.9678,189.0,0.09,0.000,0.000,KAMIKAZE
2026-08-17T07:24:08.794966,37.8648815,32.4839142,1025.05,-0.0322,0.1772,-2.8905,194.0,0.14,0.000,0.000,KAMIKAZE
2026-08-17T07:24:09.795265,37.8648813,32.4839136,1025.02,-0.0325,0.1718,-2.8045,199.0,0.08,0.000,0.000,KAMIKAZE
2026-08-17T07:24:10.794770,37.8648812,32.4839134,1025.03,-0.0295,0.1779,-2.7421,202.0,0.04,0.000,0.000,KAMIKAZE
2026-08-17T07:24:11.794864,37.8648816,32.4839142,1025.03,-0.0302,0.1726,-2.6855,206.0,0.03,0.000,0.000,KAMIKAZE
2026-08-17T07:24:12.794905,37.8648820,32.4839142,1025.03,-0.0264,0.1737,-2.6611,207.0,0.02,0.000,0.000,KAMIKAZE
2026-08-17T07:24:13.795254,37.8648826,32.4839144,1025.06,-0.0258,0.1791,-2.6765,206.0,0.04,0.000,0.000,KAMIKAZE
2026-08-17T07:24:14.794733,37.8648840,32.4839149,1025.06,-0.0267,0.1764,-2.6942,205.0,0.11,0.000,0.000,KAMIKAZE
2026-08-17T07:24:15.794777,37.8648845,32.4839149,1025.07,-0.0296,0.1664,-2.6937,205.0,0.08,0.000,0.000,KAMIKAZE
2026-08-17T07:24:16.794826,37.8648843,32.4839141,1025.08,-0.0290,0.1660,-2.6933,205.0,0.06,0.000,0.000,KAMIKAZE
2026-08-17T07:24:17.794820,37.8648843,32.4839137,1025.08,-0.0295,0.1642,-2.6932,205.0,0.05,0.000,0.000,KAMIKAZE
2026-08-17T07:24:18.794924,37.8648846,32.4839136,1025.07,-0.0289,0.1642,-2.6919,205.0,0.06,0.000,0.000,KAMIKAZE
2026-08-17T07:24:19.794830,37.8648850,32.4839142,1025.09,-0.0294,0.1664,-2.6888,205.0,0.05,0.000,0.000,KAMIKAZE
2026-08-17T07:24:20.794951,37.8648858,32.4839147,1025.09,-0.0242,0.1913,-2.6736,206.0,0.10,0.000,0.000,KAMIKAZE
2026-08-17T07:24:21.794906,37.8648845,32.4839134,1025.11,-0.0294,0.1541,-2.6758,206.0,0.13,0.000,0.000,KAMIKAZE
2026-08-17T07:24:22.794860,37.8648847,32.4839129,1025.13,-0.0272,0.1703,-2.5733,212.0,0.14,0.000,0.000,KAMIKAZE
2026-08-17T07:24:23.794907,37.8648851,32.4839138,1025.12,-0.0267,0.1827,-2.2997,228.0,0.10,0.000,0.000,KAMIKAZE
2026-08-17T07:24:24.794807,37.8648839,32.4839129,1025.12,-0.0253,0.1766,-2.0293,243.0,0.07,0.000,0.000,KAMIKAZE
2026-08-17T07:24:25.795699,37.8648836,32.4839119,1025.10,-0.0294,0.1619,-1.8858,251.0,0.09,0.000,0.000,KAMIKAZE
2026-08-17T07:24:26.795241,37.8648833,32.4839112,1025.10,-0.0318,0.1698,-1.8251,255.0,0.11,0.000,0.000,KAMIKAZE
2026-08-17T07:24:27.798488,37.8648828,32.4839107,1025.11,-0.0299,0.1849,-1.7543,259.0,0.12,0.000,0.000,KAMIKAZE
2026-08-17T07:24:28.794784,37.8648835,32.4839099,1025.12,-0.0314,0.1720,-1.6804,263.0,0.09,0.000,0.000,KAMIKAZE
2026-08-17T07:24:29.794904,37.8648838,32.4839099,1025.12,-0.0314,0.1659,-1.6114,267.0,0.07,0.000,0.000,KAMIKAZE
2026-08-17T07:24:30.794956,37.8648841,32.4839108,1025.10,-0.0305,0.1618,-1.5575,270.0,0.05,0.000,0.000,KAMIKAZE
2026-08-17T07:24:31.795079,37.8648839,32.4839091,1025.07,-0.0308,0.1608,-1.5131,273.0,0.09,0.000,0.000,KAMIKAZE
2026-08-17T07:24:32.794827,37.8648843,32.4839080,1025.10,-0.0291,0.1619,-1.4773,275.0,0.12,0.000,0.000,KAMIKAZE
2026-08-17T07:24:33.794915,37.8648848,32.4839066,1025.13,-0.0296,0.1619,-1.4513,276.0,0.13,0.000,0.000,KAMIKAZE
2026-08-17T07:24:34.794812,37.8648849,32.4839064,1025.15,-0.0304,0.1625,-1.4320,277.0,0.10,0.000,0.000,KAMIKAZE
2026-08-17T07:24:35.794940,37.8648849,32.4839062,1025.16,-0.0289,0.1624,-1.4135,279.0,0.09,0.000,0.000,KAMIKAZE
2026-08-17T07:24:36.794802,37.8648858,32.4839058,1025.17,-0.0297,0.1636,-1.3876,280.0,0.08,0.000,0.000,KAMIKAZE
2026-08-17T07:24:37.794817,37.8648852,32.4839064,1025.20,-0.0484,0.1245,-1.3723,281.0,0.06,0.000,0.000,KAMIKAZE
2026-08-17T07:24:38.794907,37.8648850,32.4839065,1025.21,-0.0419,0.1332,-1.3937,280.0,0.02,0.000,0.000,KAMIKAZE
2026-08-17T07:24:39.794922,37.8648853,32.4839073,1025.17,-0.0487,0.1361,-1.3969,279.0,0.03,0.000,0.000,KAMIKAZE
2026-08-17T07:24:40.794818,37.8648856,32.4839081,1025.13,-0.0422,0.1451,-1.4062,279.0,0.06,0.000,0.000,KAMIKAZE
2026-08-17T07:24:41.794843,37.8648862,32.4839082,1025.11,-0.0296,0.1369,-1.4977,274.0,0.02,0.000,0.000,KAMIKAZE
2026-08-17T07:24:42.794771,37.8648861,32.4839080,1025.10,-0.0326,0.1374,-1.5929,268.0,0.02,0.000,0.000,KAMIKAZE
2026-08-17T07:24:43.795207,37.8648858,32.4839081,1025.10,-0.0252,0.1512,-1.6490,265.0,0.03,0.000,0.000,KAMIKAZE
2026-08-17T07:24:44.794874,37.8648853,32.4839089,1025.10,-0.0250,0.1285,-1.7266,261.0,0.01,0.000,0.000,KAMIKAZE
2026-08-17T07:24:45.796814,37.8648857,32.4839090,1025.09,-0.0299,0.1113,-1.7492,259.0,0.04,0.000,0.000,KAMIKAZE
2026-08-17T07:24:46.794803,37.8648858,32.4839089,1025.08,-0.0317,0.0937,-1.7615,259.0,0.02,0.000,0.000,KAMIKAZE
2026-08-17T07:24:47.794865,37.8648856,32.4839097,1025.10,-0.0345,0.0982,-1.7906,257.0,0.03,0.000,0.000,KAMIKAZE
2026-08-17T07:24:48.794826,37.8648849,32.4839110,1025.10,-0.0419,0.1122,-1.8400,254.0,0.03,0.000,0.000,KAMIKAZE
2026-08-17T07:24:49.794803,37.8648850,32.4839110,1025.08,-0.0447,0.1186,-1.8939,251.0,0.01,0.000,0.000,KAMIKAZE
2026-08-17T07:24:50.795050,37.8648850,32.4839110,1025.06,-0.0430,0.1219,-1.9157,250.0,0.03,0.000,0.000,KAMIKAZE
2026-08-17T07:24:51.794854,37.8648847,32.4839111,1025.04,-0.0489,0.1200,-1.9111,250.0,0.01,0.000,0.000,KAMIKAZE
2026-08-17T07:24:52.794893,37.8648847,32.4839111,1025.04,-0.0489,0.1200,-1.9111,250.0,0.01,0.000,0.000,KAMIKAZE
2026-08-17T07:24:53.794806,37.8648847,32.4839111,1025.04,-0.0489,0.1200,-1.9111,250.0,0.01,0.000,0.000,KAMIKAZE
2026-08-17T07:24:54.798376,37.8648847,32.4839111,1025.04,-0.0489,0.1200,-1.9111,250.0,0.01,0.000,0.000,KAMIKAZE
2026-08-17T07:24:55.794839,37.8648847,32.4839111,1025.04,-0.0489,0.1200,-1.9111,250.0,0.01,0.000,0.000,KAMIKAZE
2026-08-17T07:24:56.794772,37.8648847,32.4839111,1025.04,-0.0489,0.1200,-1.9111,250.0,0.01,0.000,0.000,KAMIKAZE
2026-08-17T07:24:57.795164,37.8648847,32.4839111,1025.04,-0.0489,0.1200,-1.9111,250.0,0.01,0.000,0.000,KAMIKAZE
2026-08-17T07:24:58.794992,37.8648847,32.4839111,1025.04,-0.0489,0.1200,-1.9111,250.0,0.01,0.000,0.000,KAMIKAZE
2026-08-17T07:24:59.794789,37.8648847,32.4839111,1025.04,-0.0489,0.1200,-1.9111,250.0,0.01,0.000,0.000,KAMIKAZE
2026-08-17T07:25:00.794934,37.8648847,32.4839111,1025.04,-0.0489,0.1200,-1.9111,250.0,0.01,0.000,0.000,KAMIKAZE
2026-08-17T07:25:01.794875,37.8648847,32.4839111,1025.04,-0.0489,0.1200,-1.9111,250.0,0.01,0.000,0.000,KAMIKAZE
2026-08-17T07:25:02.794959,37.8648847,32.4839111,1025.04,-0.0489,0.1200,-1.9111,250.0,0.01,0.000,0.000,KAMIKAZE
2026-08-17T07:25:03.794912,37.8648847,32.4839111,1025.04,-0.0489,0.1200,-1.9111,250.0,0.01,0.000,0.000,KAMIKAZE
2026-08-17T07:25:04.795169,37.8648847,32.4839111,1025.04,-0.0489,0.1200,-1.9111,250.0,0.01,0.000,0.000,KAMIKAZE
2026-08-17T07:25:05.794761,37.8648847,32.4839111,1025.04,-0.0489,0.1200,-1.9111,250.0,0.01,0.000,0.000,KAMIKAZE
2026-08-17T07:25:06.794812,37.8648847,32.4839111,1025.04,-0.0489,0.1200,-1.9111,250.0,0.01,0.000,0.000,KAMIKAZE
2026-08-17T07:25:07.794794,37.8648847,32.4839111,1025.04,-0.0489,0.1200,-1.9111,250.0,0.01,0.000,0.000,KAMIKAZE
2026-08-17T07:25:08.794820,37.8648847,32.4839111,1025.04,-0.0489,0.1200,-1.9111,250.0,0.01,0.000,0.000,KAMIKAZE
2026-08-17T07:25:09.794765,37.8648847,32.4839111,1025.04,-0.0489,0.1200,-1.9111,250.0,0.01,0.000,0.000,KAMIKAZE
2026-08-17T07:25:10.795220,37.8648847,32.4839111,1025.04,-0.0489,0.1200,-1.9111,250.0,0.01,0.000,0.000,KAMIKAZE
2026-08-17T07:25:11.795084,37.8648847,32.4839111,1025.04,-0.0489,0.1200,-1.9111,250.0,0.01,0.000,0.000,KAMIKAZE
2026-08-17T07:25:12.794791,37.8648847,32.4839111,1025.04,-0.0489,0.1200,-1.9111,250.0,0.01,0.000,0.000,KAMIKAZE
2026-08-17T07:25:13.794820,37.8648847,32.4839111,1025.04,-0.0489,0.1200,-1.9111,250.0,0.01,0.000,0.000,KAMIKAZE
2026-08-17T07:25:14.794933,37.8648847,32.4839111,1025.04,-0.0489,0.1200,-1.9111,250.0,0.01,0.000,0.000,KAMIKAZE
2026-08-17T07:25:15.794848,37.8648847,32.4839111,1025.04,-0.0489,0.1200,-1.9111,250.0,0.01,0.000,0.000,KAMIKAZE
2026-08-17T07:25:16.794914,37.8648847,32.4839111,1025.04,-0.0489,0.1200,-1.9111,250.0,0.01,0.000,0.000,KAMIKAZE
2026-08-17T07:25:17.794826,37.8648847,32.4839111,1025.04,-0.0489,0.1200,-1.9111,250.0,0.01,0.000,0.000,KAMIKAZE
2026-08-17T07:25:18.795019,37.8648847,32.4839111,1025.04,-0.0489,0.1200,-1.9111,250.0,0.01,0.000,0.000,KAMIKAZE
2026-08-17T07:25:19.794937,37.8648847,32.4839111,1025.04,-0.0489,0.1200,-1.9111,250.0,0.01,0.000,0.000,KAMIKAZE
2026-08-17T07:25:20.795010,37.8648847,32.4839111,1025.04,-0.0489,0.1200,-1.9111,250.0,0.01,0.000,0.000,KAMIKAZE
2026-08-17T07:25:21.795074,37.8648847,32.4839111,1025.04,-0.0489,0.1200,-1.9111,250.0,0.01,0.000,0.000,KAMIKAZE
2026-08-17T07:25:22.794769,37.8648847,32.4839111,1025.04,-0.0489,0.1200,-1.9111,250.0,0.01,0.000,0.000,KAMIKAZE
2026-08-17T07:25:23.794833,37.8648847,32.4839111,1025.04,-0.0489,0.1200,-1.9111,250.0,0.01,0.000,0.000,KAMIKAZE
2026-08-17T07:25:24.794811,37.8648847,32.4839111,1025.04,-0.0489,0.1200,-1.9111,250.0,0.01,0.000,0.000,KAMIKAZE
2026-08-17T07:25:25.794790,37.8648847,32.4839111,1025.04,-0.0489,0.1200,-1.9111,250.0,0.01,0.000,0.000,KAMIKAZE
2026-08-17T07:25:26.794863,37.8648847,32.4839111,1025.04,-0.0489,0.1200,-1.9111,250.0,0.01,0.000,0.000,KAMIKAZE
2026-08-17T07:25:27.794846,37.8648847,32.4839111,1025.04,-0.0489,0.1200,-1.9111,250.0,0.01,0.000,0.000,KAMIKAZE
2026-08-17T07:25:28.794863,37.8648847,32.4839111,1025.04,-0.0489,0.1200,-1.9111,250.0,0.01,0.000,0.000,KAMIKAZE
2026-08-17T07:25:29.794863,37.8648847,32.4839111,1025.04,-0.0489,0.1200,-1.9111,250.0,0.01,0.000,0.000,KAMIKAZE
2026-08-17T07:25:30.794810,37.8648847,32.4839111,1025.04,-0.0489,0.1200,-1.9111,250.0,0.01,0.000,0.000,KAMIKAZE
2026-08-17T07:25:31.794849,37.8648847,32.4839111,1025.04,-0.0489,0.1200,-1.9111,250.0,0.01,0.000,0.000,KAMIKAZE
2026-08-17T07:25:32.795425,37.8648847,32.4839111,1025.04,-0.0489,0.1200,-1.9111,250.0,0.01,0.000,0.000,KAMIKAZE
2026-08-17T07:25:33.794942,37.8648847,32.4839111,1025.04,-0.0489,0.1200,-1.9111,250.0,0.01,0.000,0.000,KAMIKAZE
2026-08-17T07:25:34.795815,37.8648847,32.4839111,1025.04,-0.0489,0.1200,-1.9111,250.0,0.01,0.000,0.000,KAMIKAZE
2026-08-17T07:25:35.794831,37.8648847,32.4839111,1025.04,-0.0489,0.1200,-1.9111,250.0,0.01,0.000,0.000,KAMIKAZE
2026-08-17T07:25:36.794825,37.8648847,32.4839111,1025.04,-0.0489,0.1200,-1.9111,250.0,0.01,0.000,0.000,KAMIKAZE
2026-08-17T07:25:37.794805,37.8648847,32.4839111,1025.04,-0.0489,0.1200,-1.9111,250.0,0.01,0.000,0.000,KAMIKAZE
2026-08-17T07:25:38.794830,37.8648847,32.4839111,1025.04,-0.0489,0.1200,-1.9111,250.0,0.01,0.000,0.000,KAMIKAZE
2026-08-17T07:25:39.795209,37.8648847,32.4839111,1025.04,-0.0489,0.1200,-1.9111,250.0,0.01,0.000,0.000,KAMIKAZE
2026-08-17T07:25:40.795170,37.8648847,32.4839111,1025.04,-0.0489,0.1200,-1.9111,250.0,0.01,0.000,0.000,KAMIKAZE
2026-08-17T07:25:41.795416,37.8648847,32.4839111,1025.04,-0.0489,0.1200,-1.9111,250.0,0.01,0.000,0.000,KAMIKAZE
2026-08-17T07:25:42.794777,37.8648847,32.4839111,1025.04,-0.0489,0.1200,-1.9111,250.0,0.01,0.000,0.000,KAMIKAZE
2026-08-17T07:25:43.794795,37.8648847,32.4839111,1025.04,-0.0489,0.1200,-1.9111,250.0,0.01,0.000,0.000,KAMIKAZE
2026-08-17T07:25:44.794806,37.8648847,32.4839111,1025.04,-0.0489,0.1200,-1.9111,250.0,0.01,0.000,0.000,KAMIKAZE
2026-08-17T07:25:45.794928,37.8648847,32.4839111,1025.04,-0.0489,0.1200,-1.9111,250.0,0.01,0.000,0.000,KAMIKAZE
2026-08-17T07:25:46.794883,37.8648847,32.4839111,1025.04,-0.0489,0.1200,-1.9111,250.0,0.01,0.000,0.000,KAMIKAZE
2026-08-17T07:25:47.794892,37.8648847,32.4839111,1025.04,-0.0489,0.1200,-1.9111,250.0,0.01,0.000,0.000,KAMIKAZE
2026-08-17T07:25:48.794789,37.8648847,32.4839111,1025.04,-0.0489,0.1200,-1.9111,250.0,0.01,0.000,0.000,KAMIKAZE
2026-08-17T07:25:49.794885,37.8648847,32.4839111,1025.04,-0.0489,0.1200,-1.9111,250.0,0.01,0.000,0.000,KAMIKAZE
2026-08-17T07:25:50.795135,37.8648847,32.4839111,1025.04,-0.0489,0.1200,-1.9111,250.0,0.01,0.000,0.000,KAMIKAZE
2026-08-17T07:25:51.794797,37.8648847,32.4839111,1025.04,-0.0489,0.1200,-1.9111,250.0,0.01,0.000,0.000,KAMIKAZE
2026-08-17T07:25:52.794868,37.8648847,32.4839111,1025.04,-0.0489,0.1200,-1.9111,250.0,0.01,0.000,0.000,KAMIKAZE
2026-08-17T07:25:53.794812,37.8648847,32.4839111,1025.04,-0.0489,0.1200,-1.9111,250.0,0.01,0.000,0.000,KAMIKAZE
2026-08-17T07:25:54.794830,37.8648847,32.4839111,1025.04,-0.0489,0.1200,-1.9111,250.0,0.01,0.000,0.000,KAMIKAZE
2026-08-17T07:25:55.794796,37.8648847,32.4839111,1025.04,-0.0489,0.1200,-1.9111,250.0,0.01,0.000,0.000,KAMIKAZE
2026-08-17T07:25:56.794867,37.8648847,32.4839111,1025.04,-0.0489,0.1200,-1.9111,250.0,0.01,0.000,0.000,KAMIKAZE
2026-08-17T07:25:57.794886,37.8648847,32.4839111,1025.04,-0.0489,0.1200,-1.9111,250.0,0.01,0.000,0.000,KAMIKAZE
2026-08-17T07:25:58.794758,37.8648847,32.4839111,1025.04,-0.0489,0.1200,-1.9111,250.0,0.01,0.000,0.000,KAMIKAZE
2026-08-17T07:25:59.794904,37.8648847,32.4839111,1025.04,-0.0489,0.1200,-1.9111,250.0,0.01,0.000,0.000,KAMIKAZE
2026-08-17T07:26:00.795035,37.8648847,32.4839111,1025.04,-0.0489,0.1200,-1.9111,250.0,0.01,0.000,0.000,KAMIKAZE
2026-08-17T07:26:01.794901,37.8648847,32.4839111,1025.04,-0.0489,0.1200,-1.9111,250.0,0.01,0.000,0.000,KAMIKAZE
2026-08-17T07:26:02.794971,37.8648847,32.4839111,1025.04,-0.0489,0.1200,-1.9111,250.0,0.01,0.000,0.000,KAMIKAZE
2026-08-17T07:26:03.795115,37.8648847,32.4839111,1025.04,-0.0489,0.1200,-1.9111,250.0,0.01,0.000,0.000,KAMIKAZE
2026-08-17T07:26:04.794776,37.8648847,32.4839111,1025.04,-0.0489,0.1200,-1.9111,250.0,0.01,0.000,0.000,KAMIKAZE
2026-08-17T07:26:05.794758,37.8648847,32.4839111,1025.04,-0.0489,0.1200,-1.9111,250.0,0.01,0.000,0.000,KAMIKAZE
2026-08-17T07:26:06.797793,37.8648847,32.4839111,1025.04,-0.0489,0.1200,-1.9111,250.0,0.01,0.000,0.000,KAMIKAZE
2026-08-17T07:26:07.794822,37.8648847,32.4839111,1025.04,-0.0489,0.1200,-1.9111,250.0,0.01,0.000,0.000,KAMIKAZE
2026-08-17T07:26:08.794791,37.8648847,32.4839111,1025.04,-0.0489,0.1200,-1.9111,250.0,0.01,0.000,0.000,KAMIKAZE
2026-08-17T07:26:09.794932,37.8648847,32.4839111,1025.04,-0.0489,0.1200,-1.9111,250.0,0.01,0.000,0.000,KAMIKAZE
2026-08-17T07:26:10.798086,37.8648847,32.4839111,1025.04,-0.0489,0.1200,-1.9111,250.0,0.01,0.000,0.000,KAMIKAZE
2026-08-17T07:26:11.794794,37.8648847,32.4839111,1025.04,-0.0489,0.1200,-1.9111,250.0,0.01,0.000,0.000,KAMIKAZE
2026-08-17T07:26:12.794806,37.8648847,32.4839111,1025.04,-0.0489,0.1200,-1.9111,250.0,0.01,0.000,0.000,KAMIKAZE
2026-08-17T07:26:13.795030,37.8648847,32.4839111,1025.04,-0.0489,0.1200,-1.9111,250.0,0.01,0.000,0.000,KAMIKAZE
2026-08-17T07:26:14.794805,37.8648847,32.4839111,1025.04,-0.0489,0.1200,-1.9111,250.0,0.01,0.000,0.000,KAMIKAZE
2026-08-17T07:26:15.795300,37.8648847,32.4839111,1025.04,-0.0489,0.1200,-1.9111,250.0,0.01,0.000,0.000,KAMIKAZE
2026-08-17T07:26:16.794766,37.8648847,32.4839111,1025.04,-0.0489,0.1200,-1.9111,250.0,0.01,0.000,0.000,KAMIKAZE
2026-08-17T07:26:17.794816,37.8648847,32.4839111,1025.04,-0.0489,0.1200,-1.9111,250.0,0.01,0.000,0.000,KAMIKAZE
2026-08-17T07:26:18.794882,37.8648847,32.4839111,1025.04,-0.0489,0.1200,-1.9111,250.0,0.01,0.000,0.000,KAMIKAZE
2026-08-17T07:26:19.794904,37.8648847,32.4839111,1025.04,-0.0489,0.1200,-1.9111,250.0,0.01,0.000,0.000,KAMIKAZE
2026-08-17T07:26:20.794845,37.8648847,32.4839111,1025.04,-0.0489,0.1200,-1.9111,250.0,0.01,0.000,0.000,KAMIKAZE
2026-08-17T07:26:21.795023,37.8648847,32.4839111,1025.04,-0.0489,0.1200,-1.9111,250.0,0.01,0.000,0.000,KAMIKAZE
2026-08-17T07:26:22.794890,37.8648847,32.4839111,1025.04,-0.0489,0.1200,-1.9111,250.0,0.01,0.000,0.000,KAMIKAZE
2026-08-17T07:26:23.794902,37.8648847,32.4839111,1025.04,-0.0489,0.1200,-1.9111,250.0,0.01,0.000,0.000,KAMIKAZE
2026-08-17T07:26:24.794806,37.8648847,32.4839111,1025.04,-0.0489,0.1200,-1.9111,250.0,0.01,0.000,0.000,KAMIKAZE
2026-08-17T07:26:25.794889,37.8648847,32.4839111,1025.04,-0.0489,0.1200,-1.9111,250.0,0.01,0.000,0.000,KAMIKAZE
2026-08-17T07:26:26.794861,37.8648847,32.4839111,1025.04,-0.0489,0.1200,-1.9111,250.0,0.01,0.000,0.000,KAMIKAZE
2026-08-17T07:26:27.794863,37.8648847,32.4839111,1025.04,-0.0489,0.1200,-1.9111,250.0,0.01,0.000,0.000,KAMIKAZE
2026-08-17T07:26:28.794800,37.8648847,32.4839111,1025.04,-0.0489,0.1200,-1.9111,250.0,0.01,0.000,0.000,KAMIKAZE
2026-08-17T07:26:29.794873,37.8648847,32.4839111,1025.04,-0.0489,0.1200,-1.9111,250.0,0.01,0.000,0.000,KAMIKAZE
2026-08-17T07:26:30.795154,37.8648847,32.4839111,1025.04,-0.0489,0.1200,-1.9111,250.0,0.01,0.000,0.000,KAMIKAZE
2026-08-17T07:26:31.794877,37.8648847,32.4839111,1025.04,-0.0489,0.1200,-1.9111,250.0,0.01,0.000,0.000,KAMIKAZE
2026-08-17T07:26:32.795042,37.8648847,32.4839111,1025.04,-0.0489,0.1200,-1.9111,250.0,0.01,0.000,0.000,KAMIKAZE
2026-08-17T07:26:33.795205,37.8648847,32.4839111,1025.04,-0.0489,0.1200,-1.9111,250.0,0.01,0.000,0.000,KAMIKAZE
2026-08-17T07:26:34.794830,37.8648847,32.4839111,1025.04,-0.0489,0.1200,-1.9111,250.0,0.01,0.000,0.000,KAMIKAZE
2026-08-17T07:26:35.794766,37.8648847,32.4839111,1025.04,-0.0489,0.1200,-1.9111,250.0,0.01,0.000,0.000,KAMIKAZE
2026-08-17T07:26:36.794860,37.8648847,32.4839111,1025.04,-0.0489,0.1200,-1.9111,250.0,0.01,0.000,0.000,KAMIKAZE
2026-08-17T07:26:37.794799,37.8648847,32.4839111,1025.04,-0.0489,0.1200,-1.9111,250.0,0.01,0.000,0.000,KAMIKAZE
2026-08-17T07:26:38.794930,37.8648847,32.4839111,1025.04,-0.0489,0.1200,-1.9111,250.0,0.01,0.000,0.000,KAMIKAZE
2026-08-17T07:26:39.794806,37.8648847,32.4839111,1025.04,-0.0489,0.1200,-1.9111,250.0,0.01,0.000,0.000,KAMIKAZE
2026-08-17T07:26:40.794892,37.8648847,32.4839111,1025.04,-0.0489,0.1200,-1.9111,250.0,0.01,0.000,0.000,KAMIKAZE
2026-08-17T07:26:41.794830,37.8648847,32.4839111,1025.04,-0.0489,0.1200,-1.9111,250.0,0.01,0.000,0.000,KAMIKAZE
2026-08-17T07:26:42.794838,37.8648847,32.4839111,1025.04,-0.0489,0.1200,-1.9111,250.0,0.01,0.000,0.000,KAMIKAZE
2026-08-17T07:26:43.794794,37.8648847,32.4839111,1025.04,-0.0489,0.1200,-1.9111,250.0,0.01,0.000,0.000,KAMIKAZE
2026-08-17T07:26:44.794787,37.8648847,32.4839111,1025.04,-0.0489,0.1200,-1.9111,250.0,0.01,0.000,0.000,KAMIKAZE
2026-08-17T07:26:45.794854,37.8648847,32.4839111,1025.04,-0.0489,0.1200,-1.9111,250.0,0.01,0.000,0.000,KAMIKAZE
2026-08-17T07:26:46.794847,37.8648847,32.4839111,1025.04,-0.0489,0.1200,-1.9111,250.0,0.01,0.000,0.000,KAMIKAZE
2026-08-17T07:26:47.794995,37.8648847,32.4839111,1025.04,-0.0489,0.1200,-1.9111,250.0,0.01,0.000,0.000,KAMIKAZE
2026-08-17T07:26:48.794836,37.8648847,32.4839111,1025.04,-0.0489,0.1200,-1.9111,250.0,0.01,0.000,0.000,KAMIKAZE
2026-08-17T07:26:49.794890,37.8648847,32.4839111,1025.04,-0.0489,0.1200,-1.9111,250.0,0.01,0.000,0.000,KAMIKAZE
2026-08-17T07:26:50.794801,37.8648847,32.4839111,1025.04,-0.0489,0.1200,-1.9111,250.0,0.01,0.000,0.000,KAMIKAZE
2026-08-17T07:26:51.794790,37.8648847,32.4839111,1025.04,-0.0489,0.1200,-1.9111,250.0,0.01,0.000,0.000,KAMIKAZE
2026-08-17T07:26:52.794891,37.8648847,32.4839111,1025.04,-0.0489,0.1200,-1.9111,250.0,0.01,0.000,0.000,KAMIKAZE
2026-08-17T07:26:53.794810,37.8648847,32.4839111,1025.04,-0.0489,0.1200,-1.9111,250.0,0.01,0.000,0.000,KAMIKAZE
2026-08-17T07:26:54.794789,37.8648847,32.4839111,1025.04,-0.0489,0.1200,-1.9111,250.0,0.01,0.000,0.000,KAMIKAZE
2026-08-17T07:26:55.794794,37.8648847,32.4839111,1025.04,-0.0489,0.1200,-1.9111,250.0,0.01,0.000,0.000,KAMIKAZE
2026-08-17T07:26:56.795022,37.8648847,32.4839111,1025.04,-0.0489,0.1200,-1.9111,250.0,0.01,0.000,0.000,KAMIKAZE
2026-08-17T07:26:57.794786,37.8648847,32.4839111,1025.04,-0.0489,0.1200,-1.9111,250.0,0.01,0.000,0.000,KAMIKAZE
2026-08-17T07:26:58.794836,37.8648847,32.4839111,1025.04,-0.0489,0.1200,-1.9111,250.0,0.01,0.000,0.000,KAMIKAZE
2026-08-17T07:26:59.795101,37.8648847,32.4839111,1025.04,-0.0489,0.1200,-1.9111,250.0,0.01,0.000,0.000,KAMIKAZE
2026-08-17T07:27:00.795030,37.8648847,32.4839111,1025.04,-0.0489,0.1200,-1.9111,250.0,0.01,0.000,0.000,KAMIKAZE
2026-08-17T07:27:01.794952,37.8648847,32.4839111,1025.04,-0.0489,0.1200,-1.9111,250.0,0.01,0.000,0.000,KAMIKAZE
2026-08-17T07:27:02.794818,37.8648847,32.4839111,1025.04,-0.0489,0.1200,-1.9111,250.0,0.01,0.000,0.000,KAMIKAZE
2026-08-17T07:27:03.795121,37.8648847,32.4839111,1025.04,-0.0489,0.1200,-1.9111,250.0,0.01,0.000,0.000,KAMIKAZE
2026-08-17T07:27:04.795109,37.8648847,32.4839111,1025.04,-0.0489,0.1200,-1.9111,250.0,0.01,0.000,0.000,KAMIKAZE
2026-08-17T07:27:05.794800,37.8648847,32.4839111,1025.04,-0.0489,0.1200,-1.9111,250.0,0.01,0.000,0.000,KAMIKAZE
2026-08-17T07:27:06.794800,37.8648847,32.4839111,1025.04,-0.0489,0.1200,-1.9111,250.0,0.01,0.000,0.000,KAMIKAZE
2026-08-17T07:27:07.794774,37.8648847,32.4839111,1025.04,-0.0489,0.1200,-1.9111,250.0,0.01,0.000,0.000,KAMIKAZE
2026-08-17T07:27:08.794974,37.8648847,32.4839111,1025.04,-0.0489,0.1200,-1.9111,250.0,0.01,0.000,0.000,KAMIKAZE
2026-08-17T07:27:09.794838,37.8648847,32.4839111,1025.04,-0.0489,0.1200,-1.9111,250.0,0.01,0.000,0.000,KAMIKAZE
2026-08-17T07:27:10.794804,37.8648847,32.4839111,1025.04,-0.0489,0.1200,-1.9111,250.0,0.01,0.000,0.000,KAMIKAZE
2026-08-17T07:27:11.794915,37.8648847,32.4839111,1025.04,-0.0489,0.1200,-1.9111,250.0,0.01,0.000,0.000,KAMIKAZE
2026-08-17T07:27:12.794909,37.8648847,32.4839111,1025.04,-0.0489,0.1200,-1.9111,250.0,0.01,0.000,0.000,KAMIKAZE
2026-08-17T07:27:13.794864,37.8648847,32.4839111,1025.04,-0.0489,0.1200,-1.9111,250.0,0.01,0.000,0.000,KAMIKAZE
2026-08-17T07:27:14.794897,37.8648847,32.4839111,1025.04,-0.0489,0.1200,-1.9111,250.0,0.01,0.000,0.000,KAMIKAZE
2026-08-17T07:27:15.794801,37.8648847,32.4839111,1025.04,-0.0489,0.1200,-1.9111,250.0,0.01,0.000,0.000,KAMIKAZE
2026-08-17T07:27:16.794914,37.8648847,32.4839111,1025.04,-0.0489,0.1200,-1.9111,250.0,0.01,0.000,0.000,KAMIKAZE
2026-08-17T07:27:17.794811,37.8648847,32.4839111,1025.04,-0.0489,0.1200,-1.9111,250.0,0.01,0.000,0.000,KAMIKAZE
2026-08-17T07:27:18.794806,37.8648847,32.4839111,1025.04,-0.0489,0.1200,-1.9111,250.0,0.01,0.000,0.000,KAMIKAZE
2026-08-17T07:27:19.795011,37.8648847,32.4839111,1025.04,-0.0489,0.1200,-1.9111,250.0,0.01,0.000,0.000,KAMIKAZE
2026-08-17T07:27:20.794829,37.8648847,32.4839111,1025.04,-0.0489,0.1200,-1.9111,250.0,0.01,0.000,0.000,KAMIKAZE
2026-08-17T07:27:21.794956,37.8648847,32.4839111,1025.04,-0.0489,0.1200,-1.9111,250.0,0.01,0.000,0.000,KAMIKAZE
2026-08-17T07:27:22.795194,37.8648847,32.4839111,1025.04,-0.0489,0.1200,-1.9111,250.0,0.01,0.000,0.000,KAMIKAZE
2026-08-17T07:27:23.794838,37.8648847,32.4839111,1025.04,-0.0489,0.1200,-1.9111,250.0,0.01,0.000,0.000,KAMIKAZE
2026-08-17T07:27:24.794753,37.8648847,32.4839111,1025.04,-0.0489,0.1200,-1.9111,250.0,0.01,0.000,0.000,KAMIKAZE
2026-08-17T07:27:25.794771,37.8648847,32.4839111,1025.04,-0.0489,0.1200,-1.9111,250.0,0.01,0.000,0.000,KAMIKAZE
2026-08-17T07:27:26.794823,37.8648847,32.4839111,1025.04,-0.0489,0.1200,-1.9111,250.0,0.01,0.000,0.000,KAMIKAZE
2026-08-17T07:27:27.794810,37.8648847,32.4839111,1025.04,-0.0489,0.1200,-1.9111,250.0,0.01,0.000,0.000,KAMIKAZE
2026-08-17T07:27:28.794804,37.8648847,32.4839111,1025.04,-0.0489,0.1200,-1.9111,250.0,0.01,0.000,0.000,KAMIKAZE
2026-08-17T07:27:29.795161,37.8648847,32.4839111,1025.04,-0.0489,0.1200,-1.9111,250.0,0.01,0.000,0.000,KAMIKAZE
2026-08-17T07:27:30.795095,37.8648847,32.4839111,1025.04,-0.0489,0.1200,-1.9111,250.0,0.01,0.000,0.000,KAMIKAZE
2026-08-17T07:27:31.794817,37.8648847,32.4839111,1025.04,-0.0489,0.1200,-1.9111,250.0,0.01,0.000,0.000,KAMIKAZE
2026-08-17T07:27:32.794844,37.8648847,32.4839111,1025.04,-0.0489,0.1200,-1.9111,250.0,0.01,0.000,0.000,KAMIKAZE
2026-08-17T07:27:33.794801,37.8648847,32.4839111,1025.04,-0.0489,0.1200,-1.9111,250.0,0.01,0.000,0.000,KAMIKAZE
2026-08-17T07:27:34.794761,37.8648847,32.4839111,1025.04,-0.0489,0.1200,-1.9111,250.0,0.01,0.000,0.000,KAMIKAZE
2026-08-17T07:27:35.794900,37.8648847,32.4839111,1025.04,-0.0489,0.1200,-1.9111,250.0,0.01,0.000,0.000,KAMIKAZE
2026-08-17T07:27:36.794857,37.8648847,32.4839111,1025.04,-0.0489,0.1200,-1.9111,250.0,0.01,0.000,0.000,KAMIKAZE
2026-08-17T07:27:37.794939,37.8648847,32.4839111,1025.04,-0.0489,0.1200,-1.9111,250.0,0.01,0.000,0.000,KAMIKAZE
2026-08-17T07:27:38.794924,37.8648847,32.4839111,1025.04,-0.0489,0.1200,-1.9111,250.0,0.01,0.000,0.000,KAMIKAZE
2026-08-17T07:27:39.796816,37.8648847,32.4839111,1025.04,-0.0489,0.1200,-1.9111,250.0,0.01,0.000,0.000,KAMIKAZE
2026-08-17T07:27:40.794822,37.8648847,32.4839111,1025.04,-0.0489,0.1200,-1.9111,250.0,0.01,0.000,0.000,KAMIKAZE
2026-08-17T07:27:41.794942,37.8648847,32.4839111,1025.04,-0.0489,0.1200,-1.9111,250.0,0.01,0.000,0.000,KAMIKAZE
2026-08-17T07:27:42.794896,37.8648847,32.4839111,1025.04,-0.0489,0.1200,-1.9111,250.0,0.01,0.000,0.000,KAMIKAZE
2026-08-17T07:27:43.794795,37.8648847,32.4839111,1025.04,-0.0489,0.1200,-1.9111,250.0,0.01,0.000,0.000,KAMIKAZE
2026-08-17T07:27:44.794976,37.8648847,32.4839111,1025.04,-0.0489,0.1200,-1.9111,250.0,0.01,0.000,0.000,KAMIKAZE
2026-08-17T07:27:45.795179,37.8648847,32.4839111,1025.04,-0.0489,0.1200,-1.9111,250.0,0.01,0.000,0.000,KAMIKAZE
2026-08-17T07:27:46.794984,37.8648847,32.4839111,1025.04,-0.0489,0.1200,-1.9111,250.0,0.01,0.000,0.000,KAMIKAZE
2026-08-17T07:27:47.794942,37.8648847,32.4839111,1025.04,-0.0489,0.1200,-1.9111,250.0,0.01,0.000,0.000,KAMIKAZE
2026-08-17T07:27:48.794894,37.8648847,32.4839111,1025.04,-0.0489,0.1200,-1.9111,250.0,0.01,0.000,0.000,KAMIKAZE
2026-08-17T07:27:49.794842,37.8648847,32.4839111,1025.04,-0.0489,0.1200,-1.9111,250.0,0.01,0.000,0.000,KAMIKAZE
2026-08-17T07:27:50.794779,37.8648847,32.4839111,1025.04,-0.0489,0.1200,-1.9111,250.0,0.01,0.000,0.000,KAMIKAZE
2026-08-17T07:27:51.794787,37.8648847,32.4839111,1025.04,-0.0489,0.1200,-1.9111,250.0,0.01,0.000,0.000,KAMIKAZE
2026-08-17T07:27:52.794825,37.8648847,32.4839111,1025.04,-0.0489,0.1200,-1.9111,250.0,0.01,0.000,0.000,KAMIKAZE
2026-08-17T07:27:53.794826,37.8648847,32.4839111,1025.04,-0.0489,0.1200,-1.9111,250.0,0.01,0.000,0.000,KAMIKAZE
2026-08-17T07:27:54.795050,37.8648847,32.4839111,1025.04,-0.0489,0.1200,-1.9111,250.0,0.01,0.000,0.000,KAMIKAZE
2026-08-17T07:27:55.794783,37.8648847,32.4839111,1025.04,-0.0489,0.1200,-1.9111,250.0,0.01,0.000,0.000,KAMIKAZE
2026-08-17T07:27:56.794942,37.8648847,32.4839111,1025.04,-0.0489,0.1200,-1.9111,250.0,0.01,0.000,0.000,KAMIKAZE
2026-08-17T07:27:57.794886,37.8648847,32.4839111,1025.04,-0.0489,0.1200,-1.9111,250.0,0.01,0.000,0.000,KAMIKAZE
2026-08-17T07:27:58.794857,37.8648847,32.4839111,1025.04,-0.0489,0.1200,-1.9111,250.0,0.01,0.000,0.000,KAMIKAZE
2026-08-17T07:27:59.796754,37.8648847,32.4839111,1025.04,-0.0489,0.1200,-1.9111,250.0,0.01,0.000,0.000,KAMIKAZE
2026-08-17T07:28:00.794885,37.8648847,32.4839111,1025.04,-0.0489,0.1200,-1.9111,250.0,0.01,0.000,0.000,KAMIKAZE
2026-08-17T07:28:01.795879,37.8648847,32.4839111,1025.04,-0.0489,0.1200,-1.9111,250.0,0.01,0.000,0.000,KAMIKAZE
2026-08-17T07:28:02.794808,37.8648847,32.4839111,1025.04,-0.0489,0.1200,-1.9111,250.0,0.01,0.000,0.000,KAMIKAZE
2026-08-17T07:28:03.794889,37.8648847,32.4839111,1025.04,-0.0489,0.1200,-1.9111,250.0,0.01,0.000,0.000,KAMIKAZE
2026-08-17T07:28:04.794890,37.8648847,32.4839111,1025.04,-0.0489,0.1200,-1.9111,250.0,0.01,0.000,0.000,KAMIKAZE
2026-08-17T07:28:05.794913,37.8648847,32.4839111,1025.04,-0.0489,0.1200,-1.9111,250.0,0.01,0.000,0.000,KAMIKAZE
2026-08-17T07:28:06.795012,37.8648847,32.4839111,1025.04,-0.0489,0.1200,-1.9111,250.0,0.01,0.000,0.000,KAMIKAZE
2026-08-17T07:28:07.798365,37.8648847,32.4839111,1025.04,-0.0489,0.1200,-1.9111,250.0,0.01,0.000,0.000,KAMIKAZE
2026-08-17T07:28:08.794932,37.8648847,32.4839111,1025.04,-0.0489,0.1200,-1.9111,250.0,0.01,0.000,0.000,KAMIKAZE
2026-08-17T07:28:09.794772,37.8648847,32.4839111,1025.04,-0.0489,0.1200,-1.9111,250.0,0.01,0.000,0.000,KAMIKAZE
2026-08-17T07:28:10.794818,37.8648847,32.4839111,1025.04,-0.0489,0.1200,-1.9111,250.0,0.01,0.000,0.000,KAMIKAZE
2026-08-17T07:28:11.794855,37.8648847,32.4839111,1025.04,-0.0489,0.1200,-1.9111,250.0,0.01,0.000,0.000,KAMIKAZE
2026-08-17T07:28:12.796774,37.8648847,32.4839111,1025.04,-0.0489,0.1200,-1.9111,250.0,0.01,0.000,0.000,KAMIKAZE
2026-08-17T07:28:13.794821,37.8648847,32.4839111,1025.04,-0.0489,0.1200,-1.9111,250.0,0.01,0.000,0.000,KAMIKAZE
2026-08-17T07:28:14.795280,37.8648847,32.4839111,1025.04,-0.0489,0.1200,-1.9111,250.0,0.01,0.000,0.000,KAMIKAZE
2026-08-17T07:28:15.794821,37.8648847,32.4839111,1025.04,-0.0489,0.1200,-1.9111,250.0,0.01,0.000,0.000,KAMIKAZE
2026-08-17T07:28:16.794817,37.8648847,32.4839111,1025.04,-0.0489,0.1200,-1.9111,250.0,0.01,0.000,0.000,KAMIKAZE
2026-08-17T07:28:17.794761,37.8648847,32.4839111,1025.04,-0.0489,0.1200,-1.9111,250.0,0.01,0.000,0.000,KAMIKAZE
2026-08-17T07:28:18.794767,37.8648847,32.4839111,1025.04,-0.0489,0.1200,-1.9111,250.0,0.01,0.000,0.000,KAMIKAZE
2026-08-17T07:28:19.794992,37.8648847,32.4839111,1025.04,-0.0489,0.1200,-1.9111,250.0,0.01,0.000,0.000,KAMIKAZE
2026-08-17T07:28:20.794776,37.8648847,32.4839111,1025.04,-0.0489,0.1200,-1.9111,250.0,0.01,0.000,0.000,KAMIKAZE
2026-08-17T07:28:21.794783,37.8648847,32.4839111,1025.04,-0.0489,0.1200,-1.9111,250.0,0.01,0.000,0.000,KAMIKAZE
2026-08-17T07:28:22.794844,37.8648847,32.4839111,1025.04,-0.0489,0.1200,-1.9111,250.0,0.01,0.000,0.000,KAMIKAZE
2026-08-17T07:28:23.794775,37.8648847,32.4839111,1025.04,-0.0489,0.1200,-1.9111,250.0,0.01,0.000,0.000,KAMIKAZE
2026-08-17T07:28:24.794849,37.8648847,32.4839111,1025.04,-0.0489,0.1200,-1.9111,250.0,0.01,0.000,0.000,KAMIKAZE
2026-08-17T07:28:25.794884,37.8648847,32.4839111,1025.04,-0.0489,0.1200,-1.9111,250.0,0.01,0.000,0.000,KAMIKAZE
2026-08-17T07:28:26.794781,37.8648847,32.4839111,1025.04,-0.0489,0.1200,-1.9111,250.0,0.01,0.000,0.000,KAMIKAZE
2026-08-17T07:28:27.795056,37.8648847,32.4839111,1025.04,-0.0489,0.1200,-1.9111,250.0,0.01,0.000,0.000,KAMIKAZE
2026-08-17T07:28:28.794847,37.8648847,32.4839111,1025.04,-0.0489,0.1200,-1.9111,250.0,0.01,0.000,0.000,KAMIKAZE
2026-08-17T07:28:29.795700,37.8648847,32.4839111,1025.04,-0.0489,0.1200,-1.9111,250.0,0.01,0.000,0.000,KAMIKAZE
2026-08-17T07:28:30.795304,37.8648847,32.4839111,1025.04,-0.0489,0.1200,-1.9111,250.0,0.01,0.000,0.000,KAMIKAZE
2026-08-17T07:28:31.795546,37.8648847,32.4839111,1025.04,-0.0489,0.1200,-1.9111,250.0,0.01,0.000,0.000,KAMIKAZE
2026-08-17T07:28:32.794888,37.8648847,32.4839111,1025.04,-0.0489,0.1200,-1.9111,250.0,0.01,0.000,0.000,KAMIKAZE
2026-08-17T07:28:33.794843,37.8648847,32.4839111,1025.04,-0.0489,0.1200,-1.9111,250.0,0.01,0.000,0.000,KAMIKAZE
2026-08-17T07:28:34.794879,37.8648847,32.4839111,1025.04,-0.0489,0.1200,-1.9111,250.0,0.01,0.000,0.000,KAMIKAZE
2026-08-17T07:28:35.794945,37.8648847,32.4839111,1025.04,-0.0489,0.1200,-1.9111,250.0,0.01,0.000,0.000,KAMIKAZE
2026-08-17T07:28:36.794786,37.8648847,32.4839111,1025.04,-0.0489,0.1200,-1.9111,250.0,0.01,0.000,0.000,KAMIKAZE
2026-08-17T07:28:37.794902,37.8648847,32.4839111,1025.04,-0.0489,0.1200,-1.9111,250.0,0.01,0.000,0.000,KAMIKAZE
2026-08-17T07:28:38.794836,37.8648847,32.4839111,1025.04,-0.0489,0.1200,-1.9111,250.0,0.01,0.000,0.000,KAMIKAZE
2026-08-17T07:28:39.795061,37.8648847,32.4839111,1025.04,-0.0489,0.1200,-1.9111,250.0,0.01,0.000,0.000,KAMIKAZE
2026-08-17T07:28:40.794869,37.8648847,32.4839111,1025.04,-0.0489,0.1200,-1.9111,250.0,0.01,0.000,0.000,KAMIKAZE
2026-08-17T07:28:41.794861,37.8648847,32.4839111,1025.04,-0.0489,0.1200,-1.9111,250.0,0.01,0.000,0.000,KAMIKAZE
2026-08-17T07:28:42.794858,37.8648847,32.4839111,1025.04,-0.0489,0.1200,-1.9111,250.0,0.01,0.000,0.000,KAMIKAZE
2026-08-17T07:28:43.794811,37.8648847,32.4839111,1025.04,-0.0489,0.1200,-1.9111,250.0,0.01,0.000,0.000,KAMIKAZE
2026-08-17T07:28:44.794959,37.8648847,32.4839111,1025.04,-0.0489,0.1200,-1.9111,250.0,0.01,0.000,0.000,KAMIKAZE
2026-08-17T07:28:45.794784,37.8648847,32.4839111,1025.04,-0.0489,0.1200,-1.9111,250.0,0.01,0.000,0.000,KAMIKAZE
2026-08-17T07:28:46.794862,37.8648847,32.4839111,1025.04,-0.0489,0.1200,-1.9111,250.0,0.01,0.000,0.000,KAMIKAZE
2026-08-17T07:28:47.794850,37.8648847,32.4839111,1025.04,-0.0489,0.1200,-1.9111,250.0,0.01,0.000,0.000,KAMIKAZE
2026-08-17T07:28:48.794884,37.8648847,32.4839111,1025.04,-0.0489,0.1200,-1.9111,250.0,0.01,0.000,0.000,KAMIKAZE
2026-08-17T07:28:49.795092,37.8648847,32.4839111,1025.04,-0.0489,0.1200,-1.9111,250.0,0.01,0.000,0.000,KAMIKAZE
2026-08-17T07:28:50.794802,37.8648847,32.4839111,1025.04,-0.0489,0.1200,-1.9111,250.0,0.01,0.000,0.000,KAMIKAZE
2026-08-17T07:28:51.794804,37.8648847,32.4839111,1025.04,-0.0489,0.1200,-1.9111,250.0,0.01,0.000,0.000,KAMIKAZE
2026-08-17T07:28:52.795107,37.8648847,32.4839111,1025.04,-0.0489,0.1200,-1.9111,250.0,0.01,0.000,0.000,KAMIKAZE
2026-08-17T07:28:53.794796,37.8648847,32.4839111,1025.04,-0.0489,0.1200,-1.9111,250.0,0.01,0.000,0.000,KAMIKAZE
2026-08-17T07:28:54.794837,37.8648847,32.4839111,1025.04,-0.0489,0.1200,-1.9111,250.0,0.01,0.000,0.000,KAMIKAZE
2026-08-17T07:28:55.794943,37.8648847,32.4839111,1025.04,-0.0489,0.1200,-1.9111,250.0,0.01,0.000,0.000,KAMIKAZE
2026-08-17T07:28:56.794792,37.8648847,32.4839111,1025.04,-0.0489,0.1200,-1.9111,250.0,0.01,0.000,0.000,KAMIKAZE
2026-08-17T07:28:57.795321,37.8648847,32.4839111,1025.04,-0.0489,0.1200,-1.9111,250.0,0.01,0.000,0.000,KAMIKAZE
2026-08-17T07:28:58.794997,37.8648847,32.4839111,1025.04,-0.0489,0.1200,-1.9111,250.0,0.01,0.000,0.000,KAMIKAZE
2026-08-17T07:28:59.794837,37.8648847,32.4839111,1025.04,-0.0489,0.1200,-1.9111,250.0,0.01,0.000,0.000,KAMIKAZE
2026-08-17T07:29:00.795171,37.8648847,32.4839111,1025.04,-0.0489,0.1200,-1.9111,250.0,0.01,0.000,0.000,KAMIKAZE
2026-08-17T07:29:01.794810,37.8648847,32.4839111,1025.04,-0.0489,0.1200,-1.9111,250.0,0.01,0.000,0.000,KAMIKAZE
2026-08-17T07:29:02.794820,37.8648847,32.4839111,1025.04,-0.0489,0.1200,-1.9111,250.0,0.01,0.000,0.000,KAMIKAZE
2026-08-17T07:29:03.795463,37.8648847,32.4839111,1025.04,-0.0489,0.1200,-1.9111,250.0,0.01,0.000,0.000,KAMIKAZE
2026-08-17T07:29:04.794805,37.8648847,32.4839111,1025.04,-0.0489,0.1200,-1.9111,250.0,0.01,0.000,0.000,KAMIKAZE
2026-08-17T07:29:05.794785,37.8648847,32.4839111,1025.04,-0.0489,0.1200,-1.9111,250.0,0.01,0.000,0.000,KAMIKAZE
2026-08-17T07:29:06.794945,37.8648847,32.4839111,1025.04,-0.0489,0.1200,-1.9111,250.0,0.01,0.000,0.000,KAMIKAZE
2026-08-17T07:29:07.794790,37.8648847,32.4839111,1025.04,-0.0489,0.1200,-1.9111,250.0,0.01,0.000,0.000,KAMIKAZE
2026-08-17T07:29:08.795227,37.8648847,32.4839111,1025.04,-0.0489,0.1200,-1.9111,250.0,0.01,0.000,0.000,KAMIKAZE
2026-08-17T07:29:09.795142,37.8648847,32.4839111,1025.04,-0.0489,0.1200,-1.9111,250.0,0.01,0.000,0.000,KAMIKAZE
2026-08-17T07:29:10.794933,37.8648847,32.4839111,1025.04,-0.0489,0.1200,-1.9111,250.0,0.01,0.000,0.000,KAMIKAZE
2026-08-17T07:29:11.794876,37.8648847,32.4839111,1025.04,-0.0489,0.1200,-1.9111,250.0,0.01,0.000,0.000,KAMIKAZE
2026-08-17T07:29:12.794942,37.8648847,32.4839111,1025.04,-0.0489,0.1200,-1.9111,250.0,0.01,0.000,0.000,KAMIKAZE
2026-08-17T07:29:13.794796,37.8648847,32.4839111,1025.04,-0.0489,0.1200,-1.9111,250.0,0.01,0.000,0.000,KAMIKAZE
2026-08-17T07:29:14.795105,37.8648847,32.4839111,1025.04,-0.0489,0.1200,-1.9111,250.0,0.01,0.000,0.000,KAMIKAZE
2026-08-17T07:29:15.794798,37.8648847,32.4839111,1025.04,-0.0489,0.1200,-1.9111,250.0,0.01,0.000,0.000,KAMIKAZE
2026-08-17T07:29:16.794935,37.8648847,32.4839111,1025.04,-0.0489,0.1200,-1.9111,250.0,0.01,0.000,0.000,KAMIKAZE
2026-08-17T07:29:17.794851,37.8648847,32.4839111,1025.04,-0.0489,0.1200,-1.9111,250.0,0.01,0.000,0.000,KAMIKAZE
2026-08-17T07:29:18.794959,37.8648847,32.4839111,1025.04,-0.0489,0.1200,-1.9111,250.0,0.01,0.000,0.000,KAMIKAZE
2026-08-17T07:29:19.794808,37.8648847,32.4839111,1025.04,-0.0489,0.1200,-1.9111,250.0,0.01,0.000,0.000,KAMIKAZE
2026-08-17T07:29:20.794952,37.8648847,32.4839111,1025.04,-0.0489,0.1200,-1.9111,250.0,0.01,0.000,0.000,KAMIKAZE
2026-08-17T07:29:21.794888,37.8648847,32.4839111,1025.04,-0.0489,0.1200,-1.9111,250.0,0.01,0.000,0.000,KAMIKAZE
2026-08-17T07:29:22.794885,37.8648847,32.4839111,1025.04,-0.0489,0.1200,-1.9111,250.0,0.01,0.000,0.000,KAMIKAZE
2026-08-17T07:29:23.794796,37.8648847,32.4839111,1025.04,-0.0489,0.1200,-1.9111,250.0,0.01,0.000,0.000,KAMIKAZE
2026-08-17T07:29:24.794804,37.8648847,32.4839111,1025.04,-0.0489,0.1200,-1.9111,250.0,0.01,0.000,0.000,KAMIKAZE
2026-08-17T07:29:25.794922,37.8648847,32.4839111,1025.04,-0.0489,0.1200,-1.9111,250.0,0.01,0.000,0.000,KAMIKAZE
2026-08-17T07:29:26.794801,37.8648847,32.4839111,1025.04,-0.0489,0.1200,-1.9111,250.0,0.01,0.000,0.000,KAMIKAZE
2026-08-17T07:29:27.794871,37.8648847,32.4839111,1025.04,-0.0489,0.1200,-1.9111,250.0,0.01,0.000,0.000,KAMIKAZE
2026-08-17T07:29:28.795032,37.8648847,32.4839111,1025.04,-0.0489,0.1200,-1.9111,250.0,0.01,0.000,0.000,KAMIKAZE
2026-08-17T07:29:29.794964,37.8648847,32.4839111,1025.04,-0.0489,0.1200,-1.9111,250.0,0.01,0.000,0.000,KAMIKAZE
2026-08-17T07:29:30.794802,37.8648847,32.4839111,1025.04,-0.0489,0.1200,-1.9111,250.0,0.01,0.000,0.000,KAMIKAZE
2026-08-17T07:29:31.794925,37.8648847,32.4839111,1025.04,-0.0489,0.1200,-1.9111,250.0,0.01,0.000,0.000,KAMIKAZE
2026-08-17T07:29:32.794899,37.8648847,32.4839111,1025.04,-0.0489,0.1200,-1.9111,250.0,0.01,0.000,0.000,KAMIKAZE
2026-08-17T07:29:33.794747,37.8648847,32.4839111,1025.04,-0.0489,0.1200,-1.9111,250.0,0.01,0.000,0.000,KAMIKAZE
2026-08-17T07:29:34.794933,37.8648847,32.4839111,1025.04,-0.0489,0.1200,-1.9111,250.0,0.01,0.000,0.000,KAMIKAZE
2026-08-17T07:29:35.794939,37.8648847,32.4839111,1025.04,-0.0489,0.1200,-1.9111,250.0,0.01,0.000,0.000,KAMIKAZE
2026-08-17T07:29:36.794872,37.8648847,32.4839111,1025.04,-0.0489,0.1200,-1.9111,250.0,0.01,0.000,0.000,KAMIKAZE
2026-08-17T07:29:37.794804,37.8648847,32.4839111,1025.04,-0.0489,0.1200,-1.9111,250.0,0.01,0.000,0.000,KAMIKAZE
2026-08-17T07:29:38.794876,37.8648847,32.4839111,1025.04,-0.0489,0.1200,-1.9111,250.0,0.01,0.000,0.000,KAMIKAZE
2026-08-17T07:29:39.795230,37.8648847,32.4839111,1025.04,-0.0489,0.1200,-1.9111,250.0,0.01,0.000,0.000,KAMIKAZE
2026-08-17T07:29:40.794885,37.8648847,32.4839111,1025.04,-0.0489,0.1200,-1.9111,250.0,0.01,0.000,0.000,KAMIKAZE
2026-08-17T07:29:41.794818,37.8648847,32.4839111,1025.04,-0.0489,0.1200,-1.9111,250.0,0.01,0.000,0.000,KAMIKAZE
2026-08-17T07:29:42.795215,37.8648847,32.4839111,1025.04,-0.0489,0.1200,-1.9111,250.0,0.01,0.000,0.000,KAMIKAZE
2026-08-17T07:29:43.794818,37.8648847,32.4839111,1025.04,-0.0489,0.1200,-1.9111,250.0,0.01,0.000,0.000,KAMIKAZE
2026-08-17T07:29:44.794989,37.8648847,32.4839111,1025.04,-0.0489,0.1200,-1.9111,250.0,0.01,0.000,0.000,KAMIKAZE
2026-08-17T07:29:45.795128,37.8648847,32.4839111,1025.04,-0.0489,0.1200,-1.9111,250.0,0.01,0.000,0.000,KAMIKAZE
2026-08-17T07:29:46.795133,37.8648847,32.4839111,1025.04,-0.0489,0.1200,-1.9111,250.0,0.01,0.000,0.000,KAMIKAZE
2026-08-17T07:29:47.794788,37.8648847,32.4839111,1025.04,-0.0489,0.1200,-1.9111,250.0,0.01,0.000,0.000,KAMIKAZE
2026-08-17T07:29:48.794845,37.8648847,32.4839111,1025.04,-0.0489,0.1200,-1.9111,250.0,0.01,0.000,0.000,KAMIKAZE
2026-08-17T07:29:49.794879,37.8648847,32.4839111,1025.04,-0.0489,0.1200,-1.9111,250.0,0.01,0.000,0.000,KAMIKAZE
2026-08-17T07:29:50.794826,37.8648847,32.4839111,1025.04,-0.0489,0.1200,-1.9111,250.0,0.01,0.000,0.000,KAMIKAZE
2026-08-17T07:29:51.794887,37.8648847,32.4839111,1025.04,-0.0489,0.1200,-1.9111,250.0,0.01,0.000,0.000,KAMIKAZE
2026-08-17T07:29:52.794830,37.8648847,32.4839111,1025.04,-0.0489,0.1200,-1.9111,250.0,0.01,0.000,0.000,KAMIKAZE
2026-08-17T07:29:53.796700,37.8648847,32.4839111,1025.04,-0.0489,0.1200,-1.9111,250.0,0.01,0.000,0.000,KAMIKAZE
2026-08-17T07:29:54.794906,37.8648847,32.4839111,1025.04,-0.0489,0.1200,-1.9111,250.0,0.01,0.000,0.000,KAMIKAZE
2026-08-17T07:29:55.796667,37.8648847,32.4839111,1025.04,-0.0489,0.1200,-1.9111,250.0,0.01,0.000,0.000,KAMIKAZE
2026-08-17T07:29:56.794895,37.8648847,32.4839111,1025.04,-0.0489,0.1200,-1.9111,250.0,0.01,0.000,0.000,KAMIKAZE
2026-08-17T07:29:57.795030,37.8648847,32.4839111,1025.04,-0.0489,0.1200,-1.9111,250.0,0.01,0.000,0.000,KAMIKAZE
2026-08-17T07:29:58.795212,37.8648847,32.4839111,1025.04,-0.0489,0.1200,-1.9111,250.0,0.01,0.000,0.000,KAMIKAZE
2026-08-17T07:29:59.794874,37.8648847,32.4839111,1025.04,-0.0489,0.1200,-1.9111,250.0,0.01,0.000,0.000,KAMIKAZE
2026-08-17T07:30:00.795170,37.8648847,32.4839111,1025.04,-0.0489,0.1200,-1.9111,250.0,0.01,0.000,0.000,KAMIKAZE
2026-08-17T07:30:01.794859,37.8648847,32.4839111,1025.04,-0.0489,0.1200,-1.9111,250.0,0.01,0.000,0.000,KAMIKAZE
2026-08-17T07:30:02.794828,37.8648847,32.4839111,1025.04,-0.0489,0.1200,-1.9111,250.0,0.01,0.000,0.000,KAMIKAZE
2026-08-17T07:30:03.794875,37.8648847,32.4839111,1025.04,-0.0489,0.1200,-1.9111,250.0,0.01,0.000,0.000,KAMIKAZE
2026-08-17T07:30:04.794983,37.8648847,32.4839111,1025.04,-0.0489,0.1200,-1.9111,250.0,0.01,0.000,0.000,KAMIKAZE
2026-08-17T07:30:05.794759,37.8648847,32.4839111,1025.04,-0.0489,0.1200,-1.9111,250.0,0.01,0.000,0.000,KAMIKAZE
2026-08-17T07:30:06.794913,37.8648847,32.4839111,1025.04,-0.0489,0.1200,-1.9111,250.0,0.01,0.000,0.000,KAMIKAZE
2026-08-17T07:30:07.795457,37.8648847,32.4839111,1025.04,-0.0489,0.1200,-1.9111,250.0,0.01,0.000,0.000,KAMIKAZE
2026-08-17T07:30:08.794919,37.8648847,32.4839111,1025.04,-0.0489,0.1200,-1.9111,250.0,0.01,0.000,0.000,KAMIKAZE
2026-08-17T07:30:09.795257,37.8648847,32.4839111,1025.04,-0.0489,0.1200,-1.9111,250.0,0.01,0.000,0.000,KAMIKAZE
2026-08-17T07:30:10.794816,37.8648847,32.4839111,1025.04,-0.0489,0.1200,-1.9111,250.0,0.01,0.000,0.000,KAMIKAZE
2026-08-17T07:30:11.794792,37.8648847,32.4839111,1025.04,-0.0489,0.1200,-1.9111,250.0,0.01,0.000,0.000,KAMIKAZE
2026-08-17T07:30:12.794792,37.8648847,32.4839111,1025.04,-0.0489,0.1200,-1.9111,250.0,0.01,0.000,0.000,KAMIKAZE
2026-08-17T07:30:13.795207,37.8648847,32.4839111,1025.04,-0.0489,0.1200,-1.9111,250.0,0.01,0.000,0.000,KAMIKAZE
2026-08-17T07:30:14.795236,37.8648847,32.4839111,1025.04,-0.0489,0.1200,-1.9111,250.0,0.01,0.000,0.000,KAMIKAZE
2026-08-17T07:30:15.794777,37.8648847,32.4839111,1025.04,-0.0489,0.1200,-1.9111,250.0,0.01,0.000,0.000,KAMIKAZE
2026-08-17T07:30:16.795116,37.8648847,32.4839111,1025.04,-0.0489,0.1200,-1.9111,250.0,0.01,0.000,0.000,KAMIKAZE
2026-08-17T07:30:17.795232,37.8648847,32.4839111,1025.04,-0.0489,0.1200,-1.9111,250.0,0.01,0.000,0.000,KAMIKAZE
2026-08-17T07:30:18.794833,37.8648847,32.4839111,1025.04,-0.0489,0.1200,-1.9111,250.0,0.01,0.000,0.000,KAMIKAZE
2026-08-17T07:30:19.794852,37.8648847,32.4839111,1025.04,-0.0489,0.1200,-1.9111,250.0,0.01,0.000,0.000,KAMIKAZE
2026-08-17T07:30:20.794745,37.8648847,32.4839111,1025.04,-0.0489,0.1200,-1.9111,250.0,0.01,0.000,0.000,KAMIKAZE
2026-08-17T07:30:21.794768,37.8648847,32.4839111,1025.04,-0.0489,0.1200,-1.9111,250.0,0.01,0.000,0.000,KAMIKAZE
2026-08-17T07:30:22.794770,37.8648847,32.4839111,1025.04,-0.0489,0.1200,-1.9111,250.0,0.01,0.000,0.000,KAMIKAZE
2026-08-17T07:30:23.794764,37.8648847,32.4839111,1025.04,-0.0489,0.1200,-1.9111,250.0,0.01,0.000,0.000,KAMIKAZE
2026-08-17T07:30:24.794862,37.8648847,32.4839111,1025.04,-0.0489,0.1200,-1.9111,250.0,0.01,0.000,0.000,KAMIKAZE
2026-08-17T07:30:25.794832,37.8648847,32.4839111,1025.04,-0.0489,0.1200,-1.9111,250.0,0.01,0.000,0.000,KAMIKAZE
2026-08-17T07:30:26.795098,37.8648847,32.4839111,1025.04,-0.0489,0.1200,-1.9111,250.0,0.01,0.000,0.000,KAMIKAZE
2026-08-17T07:30:27.794830,37.8648847,32.4839111,1025.04,-0.0489,0.1200,-1.9111,250.0,0.01,0.000,0.000,KAMIKAZE
2026-08-17T07:30:28.794856,37.8648847,32.4839111,1025.04,-0.0489,0.1200,-1.9111,250.0,0.01,0.000,0.000,KAMIKAZE
2026-08-17T07:30:29.794827,37.8648847,32.4839111,1025.04,-0.0489,0.1200,-1.9111,250.0,0.01,0.000,0.000,KAMIKAZE
2026-08-17T07:30:30.794804,37.8648847,32.4839111,1025.04,-0.0489,0.1200,-1.9111,250.0,0.01,0.000,0.000,KAMIKAZE
2026-08-17T07:30:31.795169,37.8648847,32.4839111,1025.04,-0.0489,0.1200,-1.9111,250.0,0.01,0.000,0.000,KAMIKAZE
2026-08-17T07:30:32.794817,37.8648847,32.4839111,1025.04,-0.0489,0.1200,-1.9111,250.0,0.01,0.000,0.000,KAMIKAZE
2026-08-17T07:30:33.795153,37.8648847,32.4839111,1025.04,-0.0489,0.1200,-1.9111,250.0,0.01,0.000,0.000,KAMIKAZE
2026-08-17T07:30:34.794815,37.8648847,32.4839111,1025.04,-0.0489,0.1200,-1.9111,250.0,0.01,0.000,0.000,KAMIKAZE
2026-08-17T07:30:35.795582,37.8648847,32.4839111,1025.04,-0.0489,0.1200,-1.9111,250.0,0.01,0.000,0.000,KAMIKAZE
2026-08-17T07:30:36.794914,37.8648847,32.4839111,1025.04,-0.0489,0.1200,-1.9111,250.0,0.01,0.000,0.000,KAMIKAZE
2026-08-17T07:30:37.794898,37.8648847,32.4839111,1025.04,-0.0489,0.1200,-1.9111,250.0,0.01,0.000,0.000,KAMIKAZE
2026-08-17T07:30:38.794983,37.8648847,32.4839111,1025.04,-0.0489,0.1200,-1.9111,250.0,0.01,0.000,0.000,KAMIKAZE
2026-08-17T07:30:39.794862,37.8648847,32.4839111,1025.04,-0.0489,0.1200,-1.9111,250.0,0.01,0.000,0.000,KAMIKAZE
2026-08-17T07:30:40.794861,37.8648847,32.4839111,1025.04,-0.0489,0.1200,-1.9111,250.0,0.01,0.000,0.000,KAMIKAZE
2026-08-17T07:30:41.794862,37.8648847,32.4839111,1025.04,-0.0489,0.1200,-1.9111,250.0,0.01,0.000,0.000,KAMIKAZE
2026-08-17T07:30:42.794821,37.8648847,32.4839111,1025.04,-0.0489,0.1200,-1.9111,250.0,0.01,0.000,0.000,KAMIKAZE
2026-08-17T07:30:43.794978,37.8648847,32.4839111,1025.04,-0.0489,0.1200,-1.9111,250.0,0.01,0.000,0.000,KAMIKAZE
2026-08-17T07:30:44.794882,37.8648847,32.4839111,1025.04,-0.0489,0.1200,-1.9111,250.0,0.01,0.000,0.000,KAMIKAZE
2026-08-17T07:30:45.794848,37.8648847,32.4839111,1025.04,-0.0489,0.1200,-1.9111,250.0,0.01,0.000,0.000,KAMIKAZE
2026-08-17T07:30:46.794778,37.8648847,32.4839111,1025.04,-0.0489,0.1200,-1.9111,250.0,0.01,0.000,0.000,KAMIKAZE
2026-08-17T07:30:47.794811,37.8648847,32.4839111,1025.04,-0.0489,0.1200,-1.9111,250.0,0.01,0.000,0.000,KAMIKAZE
2026-08-17T07:30:48.794851,37.8648847,32.4839111,1025.04,-0.0489,0.1200,-1.9111,250.0,0.01,0.000,0.000,KAMIKAZE
2026-08-17T07:30:49.798429,37.8648847,32.4839111,1025.04,-0.0489,0.1200,-1.9111,250.0,0.01,0.000,0.000,KAMIKAZE
2026-08-17T07:30:50.795100,37.8648847,32.4839111,1025.04,-0.0489,0.1200,-1.9111,250.0,0.01,0.000,0.000,KAMIKAZE
2026-08-17T07:30:51.794854,37.8648847,32.4839111,1025.04,-0.0489,0.1200,-1.9111,250.0,0.01,0.000,0.000,KAMIKAZE
2026-08-17T07:30:52.794903,37.8648847,32.4839111,1025.04,-0.0489,0.1200,-1.9111,250.0,0.01,0.000,0.000,KAMIKAZE
2026-08-17T07:30:53.794820,37.8648847,32.4839111,1025.04,-0.0489,0.1200,-1.9111,250.0,0.01,0.000,0.000,KAMIKAZE
2026-08-17T07:30:54.794951,37.8648847,32.4839111,1025.04,-0.0489,0.1200,-1.9111,250.0,0.01,0.000,0.000,KAMIKAZE
2026-08-17T07:30:55.794877,37.8648847,32.4839111,1025.04,-0.0489,0.1200,-1.9111,250.0,0.01,0.000,0.000,KAMIKAZE
2026-08-17T07:30:56.794794,37.8648847,32.4839111,1025.04,-0.0489,0.1200,-1.9111,250.0,0.01,0.000,0.000,KAMIKAZE
2026-08-17T07:30:57.794799,37.8648847,32.4839111,1025.04,-0.0489,0.1200,-1.9111,250.0,0.01,0.000,0.000,KAMIKAZE
2026-08-17T07:30:58.794805,37.8648847,32.4839111,1025.04,-0.0489,0.1200,-1.9111,250.0,0.01,0.000,0.000,KAMIKAZE
2026-08-17T07:30:59.794807,37.8648847,32.4839111,1025.04,-0.0489,0.1200,-1.9111,250.0,0.01,0.000,0.000,KAMIKAZE
2026-08-17T07:31:00.794758,37.8648847,32.4839111,1025.04,-0.0489,0.1200,-1.9111,250.0,0.01,0.000,0.000,KAMIKAZE
2026-08-17T07:31:01.794788,37.8648847,32.4839111,1025.04,-0.0489,0.1200,-1.9111,250.0,0.01,0.000,0.000,KAMIKAZE
2026-08-17T07:31:02.796750,37.8648847,32.4839111,1025.04,-0.0489,0.1200,-1.9111,250.0,0.01,0.000,0.000,KAMIKAZE
2026-08-17T07:31:03.794833,37.8648847,32.4839111,1025.04,-0.0489,0.1200,-1.9111,250.0,0.01,0.000,0.000,KAMIKAZE
2026-08-17T07:31:04.794807,37.8648847,32.4839111,1025.04,-0.0489,0.1200,-1.9111,250.0,0.01,0.000,0.000,KAMIKAZE
2026-08-17T07:31:05.794828,37.8648847,32.4839111,1025.04,-0.0489,0.1200,-1.9111,250.0,0.01,0.000,0.000,KAMIKAZE
2026-08-17T07:31:06.794769,37.8648847,32.4839111,1025.04,-0.0489,0.1200,-1.9111,250.0,0.01,0.000,0.000,KAMIKAZE
2026-08-17T07:31:07.795021,37.8648847,32.4839111,1025.04,-0.0489,0.1200,-1.9111,250.0,0.01,0.000,0.000,KAMIKAZE
2026-08-17T07:31:08.794866,37.8648847,32.4839111,1025.04,-0.0489,0.1200,-1.9111,250.0,0.01,0.000,0.000,KAMIKAZE
2026-08-17T07:31:09.794744,37.8648847,32.4839111,1025.04,-0.0489,0.1200,-1.9111,250.0,0.01,0.000,0.000,KAMIKAZE
2026-08-17T07:31:10.794831,37.8648847,32.4839111,1025.04,-0.0489,0.1200,-1.9111,250.0,0.01,0.000,0.000,KAMIKAZE
2026-08-17T07:31:11.794942,37.8648847,32.4839111,1025.04,-0.0489,0.1200,-1.9111,250.0,0.01,0.000,0.000,KAMIKAZE
2026-08-17T07:31:12.794952,37.8648847,32.4839111,1025.04,-0.0489,0.1200,-1.9111,250.0,0.01,0.000,0.000,KAMIKAZE
2026-08-17T07:31:13.794866,37.8648847,32.4839111,1025.04,-0.0489,0.1200,-1.9111,250.0,0.01,0.000,0.000,KAMIKAZE
2026-08-17T07:31:14.794877,37.8648847,32.4839111,1025.04,-0.0489,0.1200,-1.9111,250.0,0.01,0.000,0.000,KAMIKAZE
2026-08-17T07:31:15.794812,37.8648847,32.4839111,1025.04,-0.0489,0.1200,-1.9111,250.0,0.01,0.000,0.000,KAMIKAZE
2026-08-17T07:31:16.794833,37.8648847,32.4839111,1025.04,-0.0489,0.1200,-1.9111,250.0,0.01,0.000,0.000,KAMIKAZE
2026-08-17T07:31:17.794781,37.8648847,32.4839111,1025.04,-0.0489,0.1200,-1.9111,250.0,0.01,0.000,0.000,KAMIKAZE
2026-08-17T07:31:18.794763,37.8648847,32.4839111,1025.04,-0.0489,0.1200,-1.9111,250.0,0.01,0.000,0.000,KAMIKAZE
2026-08-17T07:31:19.794873,37.8648847,32.4839111,1025.04,-0.0489,0.1200,-1.9111,250.0,0.01,0.000,0.000,KAMIKAZE
2026-08-17T07:31:20.794853,37.8648847,32.4839111,1025.04,-0.0489,0.1200,-1.9111,250.0,0.01,0.000,0.000,KAMIKAZE
2026-08-17T07:31:21.794780,37.8648847,32.4839111,1025.04,-0.0489,0.1200,-1.9111,250.0,0.01,0.000,0.000,KAMIKAZE
2026-08-17T07:31:22.794909,37.8648847,32.4839111,1025.04,-0.0489,0.1200,-1.9111,250.0,0.01,0.000,0.000,KAMIKAZE
2026-08-17T07:31:23.794848,37.8648847,32.4839111,1025.04,-0.0489,0.1200,-1.9111,250.0,0.01,0.000,0.000,KAMIKAZE
2026-08-17T07:31:24.795078,37.8648847,32.4839111,1025.04,-0.0489,0.1200,-1.9111,250.0,0.01,0.000,0.000,KAMIKAZE
2026-08-17T07:31:25.794788,37.8648847,32.4839111,1025.04,-0.0489,0.1200,-1.9111,250.0,0.01,0.000,0.000,KAMIKAZE
2026-08-17T07:31:26.794772,37.8648847,32.4839111,1025.04,-0.0489,0.1200,-1.9111,250.0,0.01,0.000,0.000,KAMIKAZE
2026-08-17T07:31:27.795096,37.8648847,32.4839111,1025.04,-0.0489,0.1200,-1.9111,250.0,0.01,0.000,0.000,KAMIKAZE
2026-08-17T07:31:28.794910,37.8648847,32.4839111,1025.04,-0.0489,0.1200,-1.9111,250.0,0.01,0.000,0.000,KAMIKAZE
2026-08-17T07:31:29.794862,37.8648847,32.4839111,1025.04,-0.0489,0.1200,-1.9111,250.0,0.01,0.000,0.000,KAMIKAZE
2026-08-17T07:31:30.794899,37.8648847,32.4839111,1025.04,-0.0489,0.1200,-1.9111,250.0,0.01,0.000,0.000,KAMIKAZE
2026-08-17T07:31:31.794843,37.8648847,32.4839111,1025.04,-0.0489,0.1200,-1.9111,250.0,0.01,0.000,0.000,KAMIKAZE
2026-08-17T07:31:32.794949,37.8648847,32.4839111,1025.04,-0.0489,0.1200,-1.9111,250.0,0.01,0.000,0.000,KAMIKAZE
2026-08-17T07:31:33.794862,37.8648847,32.4839111,1025.04,-0.0489,0.1200,-1.9111,250.0,0.01,0.000,0.000,KAMIKAZE
2026-08-17T07:31:34.794813,37.8648847,32.4839111,1025.04,-0.0489,0.1200,-1.9111,250.0,0.01,0.000,0.000,KAMIKAZE
2026-08-17T07:31:35.794759,37.8648847,32.4839111,1025.04,-0.0489,0.1200,-1.9111,250.0,0.01,0.000,0.000,KAMIKAZE
2026-08-17T07:31:36.794850,37.8648847,32.4839111,1025.04,-0.0489,0.1200,-1.9111,250.0,0.01,0.000,0.000,KAMIKAZE
2026-08-17T07:31:37.794841,37.8648847,32.4839111,1025.04,-0.0489,0.1200,-1.9111,250.0,0.01,0.000,0.000,KAMIKAZE
2026-08-17T07:31:38.796216,37.8648847,32.4839111,1025.04,-0.0489,0.1200,-1.9111,250.0,0.01,0.000,0.000,KAMIKAZE
2026-08-17T07:31:39.795012,37.8648847,32.4839111,1025.04,-0.0489,0.1200,-1.9111,250.0,0.01,0.000,0.000,KAMIKAZE
2026-08-17T07:31:40.794756,37.8648847,32.4839111,1025.04,-0.0489,0.1200,-1.9111,250.0,0.01,0.000,0.000,KAMIKAZE
2026-08-17T07:31:41.795068,37.8648847,32.4839111,1025.04,-0.0489,0.1200,-1.9111,250.0,0.01,0.000,0.000,KAMIKAZE
2026-08-17T07:31:42.794783,37.8648847,32.4839111,1025.04,-0.0489,0.1200,-1.9111,250.0,0.01,0.000,0.000,KAMIKAZE
2026-08-17T07:31:43.794850,37.8648847,32.4839111,1025.04,-0.0489,0.1200,-1.9111,250.0,0.01,0.000,0.000,KAMIKAZE
2026-08-17T07:31:44.794842,37.8648847,32.4839111,1025.04,-0.0489,0.1200,-1.9111,250.0,0.01,0.000,0.000,KAMIKAZE
2026-08-17T07:31:45.794836,37.8648847,32.4839111,1025.04,-0.0489,0.1200,-1.9111,250.0,0.01,0.000,0.000,KAMIKAZE
2026-08-17T07:31:46.794845,37.8648847,32.4839111,1025.04,-0.0489,0.1200,-1.9111,250.0,0.01,0.000,0.000,KAMIKAZE
2026-08-17T07:31:47.794971,37.8648847,32.4839111,1025.04,-0.0489,0.1200,-1.9111,250.0,0.01,0.000,0.000,KAMIKAZE
2026-08-17T07:31:48.794856,37.8648847,32.4839111,1025.04,-0.0489,0.1200,-1.9111,250.0,0.01,0.000,0.000,KAMIKAZE
2026-08-17T07:31:49.794808,37.8648847,32.4839111,1025.04,-0.0489,0.1200,-1.9111,250.0,0.01,0.000,0.000,KAMIKAZE
2026-08-17T07:31:50.794758,37.8648847,32.4839111,1025.04,-0.0489,0.1200,-1.9111,250.0,0.01,0.000,0.000,KAMIKAZE
2026-08-17T07:31:51.794901,37.8648847,32.4839111,1025.04,-0.0489,0.1200,-1.9111,250.0,0.01,0.000,0.000,KAMIKAZE
2026-08-17T07:31:52.794830,37.8648847,32.4839111,1025.04,-0.0489,0.1200,-1.9111,250.0,0.01,0.000,0.000,KAMIKAZE
2026-08-17T07:31:53.795087,37.8648847,32.4839111,1025.04,-0.0489,0.1200,-1.9111,250.0,0.01,0.000,0.000,KAMIKAZE
2026-08-17T07:31:54.794805,37.8648847,32.4839111,1025.04,-0.0489,0.1200,-1.9111,250.0,0.01,0.000,0.000,KAMIKAZE
2026-08-17T07:31:55.794894,37.8648847,32.4839111,1025.04,-0.0489,0.1200,-1.9111,250.0,0.01,0.000,0.000,KAMIKAZE
2026-08-17T07:31:56.794807,37.8648847,32.4839111,1025.04,-0.0489,0.1200,-1.9111,250.0,0.01,0.000,0.000,KAMIKAZE
2026-08-17T07:31:57.794838,37.8648847,32.4839111,1025.04,-0.0489,0.1200,-1.9111,250.0,0.01,0.000,0.000,KAMIKAZE
2026-08-17T07:31:58.794864,37.8648847,32.4839111,1025.04,-0.0489,0.1200,-1.9111,250.0,0.01,0.000,0.000,KAMIKAZE
2026-08-17T07:31:59.795466,37.8648847,32.4839111,1025.04,-0.0489,0.1200,-1.9111,250.0,0.01,0.000,0.000,KAMIKAZE
2026-08-17T07:32:00.794776,37.8648847,32.4839111,1025.04,-0.0489,0.1200,-1.9111,250.0,0.01,0.000,0.000,KAMIKAZE
2026-08-17T07:32:01.795423,37.8648847,32.4839111,1025.04,-0.0489,0.1200,-1.9111,250.0,0.01,0.000,0.000,KAMIKAZE
2026-08-17T07:32:02.794774,37.8648847,32.4839111,1025.04,-0.0489,0.1200,-1.9111,250.0,0.01,0.000,0.000,KAMIKAZE
2026-08-17T07:32:03.795169,37.8648847,32.4839111,1025.04,-0.0489,0.1200,-1.9111,250.0,0.01,0.000,0.000,KAMIKAZE
2026-08-17T07:32:04.794778,37.8648847,32.4839111,1025.04,-0.0489,0.1200,-1.9111,250.0,0.01,0.000,0.000,KAMIKAZE
2026-08-17T07:32:05.794842,37.8648847,32.4839111,1025.04,-0.0489,0.1200,-1.9111,250.0,0.01,0.000,0.000,KAMIKAZE
2026-08-17T07:32:06.794806,37.8648847,32.4839111,1025.04,-0.0489,0.1200,-1.9111,250.0,0.01,0.000,0.000,KAMIKAZE
2026-08-17T07:32:07.794937,37.8648847,32.4839111,1025.04,-0.0489,0.1200,-1.9111,250.0,0.01,0.000,0.000,KAMIKAZE
2026-08-17T07:32:08.795296,37.8648847,32.4839111,1025.04,-0.0489,0.1200,-1.9111,250.0,0.01,0.000,0.000,KAMIKAZE
2026-08-17T07:32:09.794790,37.8648847,32.4839111,1025.04,-0.0489,0.1200,-1.9111,250.0,0.01,0.000,0.000,KAMIKAZE
2026-08-17T07:32:10.796020,37.8648847,32.4839111,1025.04,-0.0489,0.1200,-1.9111,250.0,0.01,0.000,0.000,KAMIKAZE
2026-08-17T07:32:11.794932,37.8648847,32.4839111,1025.04,-0.0489,0.1200,-1.9111,250.0,0.01,0.000,0.000,KAMIKAZE
2026-08-17T07:32:12.795069,37.8648847,32.4839111,1025.04,-0.0489,0.1200,-1.9111,250.0,0.01,0.000,0.000,KAMIKAZE
2026-08-17T07:32:13.802798,37.8648847,32.4839111,1025.04,-0.0489,0.1200,-1.9111,250.0,0.01,0.000,0.000,KAMIKAZE
2026-08-17T07:32:14.794793,37.8648847,32.4839111,1025.04,-0.0489,0.1200,-1.9111,250.0,0.01,0.000,0.000,KAMIKAZE
2026-08-17T07:32:15.794747,37.8648847,32.4839111,1025.04,-0.0489,0.1200,-1.9111,250.0,0.01,0.000,0.000,KAMIKAZE
2026-08-17T07:32:16.794771,37.8648847,32.4839111,1025.04,-0.0489,0.1200,-1.9111,250.0,0.01,0.000,0.000,KAMIKAZE
2026-08-17T07:32:17.794832,37.8648847,32.4839111,1025.04,-0.0489,0.1200,-1.9111,250.0,0.01,0.000,0.000,KAMIKAZE
2026-08-17T07:32:18.795826,37.8648847,32.4839111,1025.04,-0.0489,0.1200,-1.9111,250.0,0.01,0.000,0.000,KAMIKAZE
                                                                                                                                                                                                                                                                                                                                                   