timestamp,lat,lon,alt,roll,pitch,yaw,heading,groundspeed,cmd_linear_x,cmd_angular_z,mission_phase
2026-08-17T10:00:46.892810,0.0000000,0.0000000,0.00,0.0000,0.0000,0.0000,0.0,0.00,0.000,0.000,IDLE
2026-08-17T10:00:47.892951,0.0000000,0.0000000,0.00,0.0000,0.0000,0.0000,0.0,0.00,0.000,0.000,IDLE
2026-08-17T10:00:48.892815,0.0000000,0.0000000,0.00,0.0000,0.0000,0.0000,0.0,0.00,0.000,0.000,IDLE
2026-08-17T10:00:49.892821,0.0000000,0.0000000,0.00,0.0000,0.0000,0.0000,0.0,0.00,0.000,0.000,IDLE
2026-08-17T10:00:50.892700,0.0000000,0.0000000,0.00,0.0000,0.0000,0.0000,0.0,0.00,0.000,0.000,IDLE
2026-08-17T10:00:51.892743,0.0000000,0.0000000,0.00,0.0000,0.0000,0.0000,0.0,0.00,0.000,0.000,IDLE
2026-08-17T10:00:52.892703,0.0000000,0.0000000,0.00,0.0000,0.0000,0.0000,0.0,0.00,0.000,0.000,IDLE
2026-08-17T10:00:53.892574,0.0000000,0.0000000,0.00,0.0000,0.0000,0.0000,0.0,0.00,0.000,0.000,IDLE
2026-08-17T10:00:54.892866,0.0000000,0.0000000,0.00,0.0000,0.0000,0.0000,0.0,0.00,0.000,0.000,IDLE
2026-08-17T10:00:55.892860,0.0000000,0.0000000,0.00,0.0000,0.0000,0.0000,0.0,0.00,0.000,0.000,IDLE
2026-08-17T10:00:56.894994,0.0000000,0.0000000,0.00,0.0000,0.0000,0.0000,0.0,0.00,0.000,0.000,IDLE
2026-08-17T10:00:57.893015,0.0000000,0.0000000,0.00,0.0000,0.0000,0.0000,0.0,0.00,0.000,0.000,IDLE
2026-08-17T10:00:58.892840,0.0000000,0.0000000,0.00,0.0000,0.0000,0.0000,0.0,0.00,0.000,0.000,IDLE
2026-08-17T10:00:59.892886,0.0000000,0.0000000,0.00,0.0000,0.0000,0.0000,0.0,0.00,0.000,0.000,IDLE
2026-08-17T10:01:00.892844,0.0000000,0.0000000,0.00,0.0000,0.0000,0.0000,0.0,0.00,0.000,0.000,IDLE
2026-08-17T10:01:01.892976,0.0000000,0.0000000,0.00,0.0000,0.0000,0.0000,0.0,0.00,0.000,0.000,IDLE
2026-08-17T10:01:02.892688,0.0000000,0.0000000,0.00,0.0000,0.0000,0.0000,0.0,0.00,0.000,0.000,IDLE
2026-08-17T10:01:03.893199,0.0000000,0.0000000,0.00,0.0000,0.0000,0.0000,0.0,0.00,0.000,0.000,IDLE
2026-08-17T10:01:04.892675,0.0000000,0.0000000,0.00,0.0000,0.0000,0.0000,0.0,0.00,0.000,0.000,IDLE
2026-08-17T10:01:05.892891,0.0000000,0.0000000,0.00,0.0000,0.0000,0.0000,0.0,0.00,0.000,0.000,IDLE
2026-08-17T10:01:06.892880,0.0000000,0.0000000,0.00,0.0000,0.0000,0.0000,0.0,0.00,0.000,0.000,IDLE
2026-08-17T10:01:07.892935,0.0000000,0.0000000,0.00,0.0000,0.0000,0.0000,0.0,0.00,0.000,0.000,IDLE
2026-08-17T10:01:08.892891,0.0000000,0.0000000,0.00,0.0000,0.0000,0.0000,0.0,0.00,0.000,0.000,IDLE
2026-08-17T10:01:09.893098,0.0000000,0.0000000,0.00,0.0000,0.0000,0.0000,0.0,0.00,0.000,0.000,IDLE
2026-08-17T10:01:10.892854,0.0000000,0.0000000,0.00,0.0000,0.0000,0.0000,0.0,0.00,0.000,0.000,IDLE
2026-08-17T10:01:11.892760,0.0000000,0.0000000,0.00,0.0000,0.0000,0.0000,0.0,0.00,0.000,0.000,IDLE
2026-08-17T10:01:12.892924,0.0000000,0.0000000,0.00,0.0000,0.0000,0.0000,0.0,0.00,0.000,0.000,IDLE
2026-08-17T10:01:13.892717,0.0000000,0.0000000,0.00,0.0000,0.0000,0.0000,0.0,0.00,0.000,0.000,IDLE
2026-08-17T10:01:14.892868,0.0000000,0.0000000,0.00,0.0000,0.0000,0.0000,0.0,0.00,0.000,0.000,IDLE
2026-08-17T10:01:15.893014,0.0000000,0.0000000,0.00,0.0000,0.0000,0.0000,0.0,0.00,0.000,0.000,IDLE
2026-08-17T10:01:16.892716,0.0000000,0.0000000,0.00,0.0000,0.0000,0.0000,0.0,0.00,0.000,0.000,IDLE
2026-08-17T10:01:17.892790,0.0000000,0.0000000,0.00,0.0000,0.0000,0.0000,0.0,0.00,0.000,0.000,IDLE
2026-08-17T10:01:18.892677,0.0000000,0.0000000,0.00,0.0000,0.0000,0.0000,0.0,0.00,0.000,0.000,IDLE
2026-08-17T10:01:19.892933,0.0000000,0.0000000,0.00,0.0000,0.0000,0.0000,0.0,0.00,0.000,0.000,IDLE
2026-08-17T10:01:20.893271,0.0000000,0.0000000,0.00,0.0000,0.0000,0.0000,0.0,0.00,0.000,0.000,IDLE
2026-08-17T10:01:21.892834,0.0000000,0.0000000,0.00,0.0000,0.0000,0.0000,0.0,0.00,0.000,0.000,IDLE
2026-08-17T10:01:22.892809,0.0000000,0.0000000,0.00,0.0000,0.0000,0.0000,0.0,0.00,0.000,0.000,IDLE
2026-08-17T10:01:23.892715,0.0000000,0.0000000,0.00,0.0000,0.0000,0.0000,0.0,0.00,0.000,0.000,IDLE
2026-08-17T10:01:24.892825,0.0000000,0.0000000,0.00,0.0000,0.0000,0.0000,0.0,0.00,0.000,0.000,IDLE
2026-08-17T10:01:25.892844,0.0000000,0.0000000,0.00,0.0000,0.0000,0.0000,0.0,0.00,0.000,0.000,IDLE
2026-08-17T10:01:26.892691,0.0000000,0.0000000,0.00,0.0000,0.0000,0.0000,0.0,0.00,0.000,0.000,IDLE
2026-08-17T10:01:27.892880,0.0000000,0.0000000,0.00,0.0000,0.0000,0.0000,0.0,0.00,0.000,0.000,IDLE
2026-08-17T10:01:28.892737,0.0000000,0.0000000,0.00,0.0000,0.0000,0.0000,0.0,0.00,0.000,0.000,IDLE
2026-08-17T10:01:29.892920,0.0000000,0.0000000,0.00,0.0000,0.0000,0.0000,0.0,0.00,0.000,0.000,IDLE
2026-08-17T10:01:30.892692,0.0000000,0.0000000,0.00,0.0000,0.0000,0.0000,0.0,0.00,0.000,0.000,IDLE
2026-08-17T10:01:31.893051,0.0000000,0.0000000,0.00,0.0000,0.0000,0.0000,0.0,0.00,0.000,0.000,IDLE
2026-08-17T10:01:32.892990,0.0000000,0.0000000,0.00,0.0000,0.0000,0.0000,0.0,0.00,0.000,0.000,IDLE
2026-08-17T10:01:33.892695,0.0000000,0.0000000,0.00,0.0000,0.0000,0.0000,0.0,0.00,0.000,0.000,IDLE
2026-08-17T10:01:34.892747,0.0000000,0.0000000,0.00,0.0000,0.0000,0.0000,0.0,0.00,0.000,0.000,IDLE
2026-08-17T10:01:35.892784,0.0000000,0.0000000,0.00,0.0000,0.0000,0.0000,0.0,0.00,0.000,0.000,IDLE
2026-08-17T10:01:36.892758,0.0000000,0.0000000,0.00,0.0000,0.0000,0.0000,0.0,0.00,0.000,0.000,IDLE
2026-08-17T10:01:37.892743,0.0000000,0.0000000,0.00,0.0000,0.0000,0.0000,0.0,0.00,0.000,0.000,IDLE
2026-08-17T10:01:38.892878,0.0000000,0.0000000,0.00,0.0000,0.0000,0.0000,0.0,0.00,0.000,0.000,IDLE
2026-08-17T10:01:39.892953,0.0000000,0.0000000,0.00,0.0000,0.0000,0.0000,0.0,0.00,0.000,0.000,IDLE
2026-08-17T10:01:40.892713,0.0000000,0.0000000,0.00,0.0000,0.0000,0.0000,0.0,0.00,0.000,0.000,IDLE
2026-08-17T10:01:41.892753,0.0000000,0.0000000,0.00,0.0000,0.0000,0.0000,0.0,0.00,0.000,0.000,IDLE
2026-08-17T10:01:42.893074,0.0000000,0.0000000,0.00,0.0000,0.0000,0.0000,0.0,0.00,0.000,0.000,IDLE
2026-08-17T10:01:43.893057,0.0000000,0.0000000,0.00,0.0000,0.0000,0.0000,0.0,0.00,0.000,0.000,IDLE
2026-08-17T10:01:44.892818,0.0000000,0.0000000,0.00,0.0000,0.0000,0.0000,0.0,0.00,0.000,0.000,IDLE
2026-08-17T10:01:45.900300,0.0000000,0.0000000,0.00,0.0000,0.0000,0.0000,0.0,0.00,0.000,0.000,IDLE
2026-08-17T10:01:46.919453,0.0000000,0.0000000,0.00,0.0000,0.0000,0.0000,0.0,0.00,0.000,0.000,IDLE
2026-08-17T10:01:47.894211,0.0000000,0.0000000,0.00,0.0000,0.0000,0.0000,0.0,0.00,0.000,0.000,IDLE
2026-08-17T10:01:48.893089,0.0000000,0.0000000,0.00,0.0000,0.0000,0.0000,0.0,0.00,0.000,0.000,IDLE
2026-08-17T10:01:49.892766,0.0000000,0.0000000,0.00,0.0000,0.0000,0.0000,0.0,0.00,0.000,0.000,IDLE
2026-08-17T10:01:50.892802,0.0000000,0.0000000,0.00,0.0000,0.0000,0.0000,0.0,0.00,0.000,0.000,IDLE
2026-08-17T10:01:51.892719,0.0000000,0.0000000,0.00,0.0000,0.0000,0.0000,0.0,0.00,0.000,0.000,IDLE
2026-08-17T10:01:52.892719,0.0000000,0.0000000,0.00,0.0000,0.0000,0.0000,0.0,0.00,0.000,0.000,IDLE
2026-08-17T10:01:53.892700,0.0000000,0.0000000,0.00,0.0000,0.0000,0.0000,0.0,0.00,0.000,0.000,IDLE
2026-08-17T10:01:54.892716,0.0000000,0.0000000,0.00,0.0000,0.0000,0.0000,0.0,0.00,0.000,0.000,IDLE
2026-08-17T10:01:55.892709,0.0000000,0.0000000,0.00,0.0000,0.0000,0.0000,0.0,0.00,0.000,0.000,IDLE
2026-08-17T10:01:56.892774,0.0000000,0.0000000,0.00,0.0000,0.0000,0.0000,0.0,0.00,0.000,0.000,IDLE
2026-08-17T10:01:57.892726,0.0000000,0.0000000,0.00,0.0000,0.0000,0.0000,0.0,0.00,0.000,0.000,IDLE
2026-08-17T10:01:58.892829,0.0000000,0.0000000,0.00,0.0000,0.0000,0.0000,0.0,0.00,0.000,0.000,IDLE
2026-08-17T10:01:59.892825,0.0000000,0.0000000,0.00,0.0000,0.0000,0.0000,0.0,0.00,0.000,0.000,IDLE
2026-08-17T10:02:00.892739,0.0000000,0.0000000,0.00,0.0000,0.0000,0.0000,0.0,0.00,0.000,0.000,IDLE
2026-08-17T10:02:01.892758,0.0000000,0.0000000,0.00,0.0000,0.0000,0.0000,0.0,0.00,0.000,0.000,IDLE
2026-08-17T10:02:02.892902,0.0000000,0.0000000,0.00,0.0000,0.0000,0.0000,0.0,0.00,0.000,0.000,IDLE
2026-08-17T10:02:03.892813,0.0000000,0.0000000,0.00,0.0000,0.0000,0.0000,0.0,0.00,0.000,0.000,IDLE
2026-08-17T10:02:04.892865,0.0000000,0.0000000,0.00,0.0000,0.0000,0.0000,0.0,0.00,0.000,0.000,IDLE
2026-08-17T10:02:05.892731,0.0000000,0.0000000,0.00,0.0000,0.0000,0.0000,0.0,0.00,0.000,0.000,IDLE
2026-08-17T10:02:06.893000,0.0000000,0.0000000,0.00,0.0000,0.0000,0.0000,0.0,0.00,0.000,0.000,IDLE
2026-08-17T10:02:07.892904,0.0000000,0.0000000,0.00,0.0000,0.0000,0.0000,0.0,0.00,0.000,0.000,IDLE
2026-08-17T10:02:08.892756,0.0000000,0.0000000,0.00,0.0000,0.0000,0.0000,0.0,0.00,0.000,0.000,IDLE
2026-08-17T10:02:09.892709,0.0000000,0.0000000,0.00,0.0000,0.0000,0.0000,0.0,0.00,0.000,0.000,IDLE
2026-08-17T10:02:10.892734,0.0000000,0.0000000,0.00,0.0000,0.0000,0.0000,0.0,0.00,0.000,0.000,IDLE
2026-08-17T10:02:11.892731,0.0000000,0.0000000,0.00,0.0000,0.0000,0.0000,0.0,0.00,0.000,0.000,IDLE
2026-08-17T10:02:12.892719,0.0000000,0.0000000,0.00,0.0000,0.0000,0.0000,0.0,0.00,0.000,0.000,IDLE
2026-08-17T10:02:13.892728,0.0000000,0.0000000,0.00,0.0000,0.0000,0.0000,0.0,0.00,0.000,0.000,IDLE
2026-08-17T10:02:14.892732,0.0000000,0.0000000,0.00,0.0000,0.0000,0.0000,0.0,0.00,0.000,0.000,IDLE
2026-08-17T10:02:15.893021,0.0000000,0.0000000,0.00,0.0000,0.0000,0.0000,0.0,0.00,0.000,0.000,IDLE
2026-08-17T10:02:16.892963,0.0000000,0.0000000,0.00,0.0000,0.0000,0.0000,0.0,0.00,0.000,0.000,IDLE
2026-08-17T10:02:17.892693,0.0000000,0.0000000,0.00,0.0000,0.0000,0.0000,0.0,0.00,0.000,0.000,IDLE
2026-08-17T10:02:18.892734,0.0000000,0.0000000,0.00,0.0000,0.0000,0.0000,0.0,0.00,0.000,0.000,IDLE
2026-08-17T10:02:19.892727,0.0000000,0.0000000,0.00,0.0000,0.0000,0.0000,0.0,0.00,0.000,0.000,IDLE
2026-08-17T10:02:20.892777,0.0000000,0.0000000,0.00,0.0000,0.0000,0.0000,0.0,0.00,0.000,0.000,IDLE
2026-08-17T10:02:21.892717,0.0000000,0.0000000,0.00,0.0000,0.0000,0.0000,0.0,0.00,0.000,0.000,IDLE
2026-08-17T10:02:22.892709,0.0000000,0.0000000,0.00,0.0000,0.0000,0.0000,0.0,0.00,0.000,0.000,IDLE
2026-08-17T10:02:23.892721,0.0000000,0.0000000,0.00,0.0000,0.0000,0.0000,0.0,0.00,0.000,0.000,IDLE
2026-08-17T10:02:24.892749,0.0000000,0.0000000,0.00,0.0000,0.0000,0.0000,0.0,0.00,0.000,0.000,IDLE
2026-08-17T10:02:25.892839,0.0000000,0.0000000,0.00,0.0000,0.0000,0.0000,0.0,0.00,0.000,0.000,IDLE
2026-08-17T10:02:26.892729,0.0000000,0.0000000,0.00,0.0000,0.0000,0.0000,0.0,0.00,0.000,0.000,IDLE
2026-08-17T10:02:27.892690,0.0000000,0.0000000,0.00,0.0000,0.0000,0.0000,0.0,0.00,0.000,0.000,IDLE
2026-08-17T10:02:28.892752,0.0000000,0.0000000,0.00,0.0000,0.0000,0.0000,0.0,0.00,0.000,0.000,IDLE
2026-08-17T10:02:29.892815,0.0000000,0.0000000,0.00,0.0000,0.0000,0.0000,0.0,0.00,0.000,0.000,IDLE
2026-08-17T10:02:30.892787,0.0000000,0.0000000,0.00,0.0000,0.0000,0.0000,0.0,0.00,0.000,0.000,IDLE
2026-08-17T10:02:31.892755,0.0000000,0.0000000,0.00,0.0000,0.0000,0.0000,0.0,0.00,0.000,0.000,IDLE
2026-08-17T10:02:32.892704,0.0000000,0.0000000,0.00,0.0000,0.0000,0.0000,0.0,0.00,0.000,0.000,IDLE
2026-08-17T10:02:33.892731,0.0000000,0.0000000,0.00,0.0000,0.0000,0.0000,0.0,0.00,0.000,0.000,IDLE
2026-08-17T10:02:34.893292,0.0000000,0.0000000,0.00,0.0000,0.0000,0.0000,0.0,0.00,0.000,0.000,IDLE
2026-08-17T10:02:35.892743,0.0000000,0.0000000,0.00,0.0000,0.0000,0.0000,0.0,0.00,0.000,0.000,IDLE
2026-08-17T10:02:36.892724,0.0000000,0.0000000,0.00,0.0000,0.0000,0.0000,0.0,0.00,0.000,0.000,IDLE
2026-08-17T10:02:37.892694,0.0000000,0.0000000,0.00,0.0000,0.0000,0.0000,0.0,0.00,0.000,0.000,IDLE
2026-08-17T10:02:38.893076,0.0000000,0.0000000,0.00,0.0000,0.0000,0.0000,0.0,0.00,0.000,0.000,IDLE
2026-08-17T10:02:39.893251,0.0000000,0.0000000,0.00,0.0000,0.0000,0.0000,0.0,0.00,0.000,0.000,IDLE
2026-08-17T10:02:40.892707,0.0000000,0.0000000,0.00,0.0000,0.0000,0.0000,0.0,0.00,0.000,0.000,IDLE
2026-08-17T10:02:41.893001,0.0000000,0.0000000,0.00,0.0000,0.0000,0.0000,0.0,0.00,0.000,0.000,IDLE
2026-08-17T10:02:42.894994,0.0000000,0.0000000,0.00,0.0000,0.0000,0.0000,0.0,0.00,0.000,0.000,IDLE
2026-08-17T10:02:43.893150,0.0000000,0.0000000,0.00,0.0000,0.0000,0.0000,0.0,0.00,0.000,0.000,IDLE
2026-08-17T10:02:44.892943,0.0000000,0.0000000,0.00,0.0000,0.0000,0.0000,0.0,0.00,0.000,0.000,IDLE
2026-08-17T10:05:43.715994,0.0000000,0.0000000,0.00,0.0000,0.0000,0.0000,0.0,0.00,0.000,0.000,IDLE
2026-08-17T10:05:43.892861,0.0000000,0.0000000,0.00,0.0000,0.0000,0.0000,0.0,0.00,0.000,0.000,IDLE
2026-08-17T10:05:44.892699,0.0000000,0.0000000,0.00,0.0000,0.0000,0.0000,0.0,0.00,0.000,0.000,IDLE
2026-08-17T10:05:45.892721,0.0000000,0.0000000,0.00,0.0000,0.0000,0.0000,0.0,0.00,0.000,0.000,IDLE
2026-08-17T10:05:46.893023,0.0000000,0.0000000,0.00,0.0000,0.0000,0.0000,0.0,0.00,0.000,0.000,IDLE
2026-08-17T10:05:47.892756,0.0000000,0.0000000,0.00,0.0000,0.0000,0.0000,0.0,0.00,0.000,0.000,IDLE
2026-08-17T10:05:48.898945,0.0000000,0.0000000,0.00,0.0000,0.0000,0.0000,0.0,0.00,0.000,0.000,IDLE
2026-08-17T10:05:49.893128,0.0000000,0.0000000,0.00,0.0000,0.0000,0.0000,0.0,0.00,0.000,0.000,IDLE
2026-08-17T10:05:50.892957,0.0000000,0.0000000,0.00,0.0000,0.0000,0.0000,0.0,0.00,0.000,0.000,IDLE
2026-08-17T10:05:51.893045,0.0000000,0.0000000,0.00,0.0000,0.0000,0.0000,0.0,0.00,0.000,0.000,IDLE
2026-08-17T10:05:52.892770,0.0000000,0.0000000,0.00,0.0000,0.0000,0.0000,0.0,0.00,0.000,0.000,IDLE
2026-08-17T10:05:53.893045,0.0000000,0.0000000,0.00,0.0000,0.0000,0.0000,0.0,0.00,0.000,0.000,IDLE
2026-08-17T10:05:54.892833,0.0000000,0.0000000,0.00,0.0000,0.0000,0.0000,0.0,0.00,0.000,0.000,IDLE
2026-08-17T10:05:55.892706,0.0000000,0.0000000,0.00,0.0000,0.0000,0.0000,0.0,0.00,0.000,0.000,IDLE
2026-08-17T10:05:56.892748,0.0000000,0.0000000,0.00,0.0000,0.0000,0.0000,0.0,0.00,0.000,0.000,IDLE
2026-08-17T10:05:57.892813,0.0000000,0.0000000,0.00,0.0000,0.0000,0.0000,0.0,0.00,0.000,0.000,IDLE
2026-08-17T10:05:58.892709,0.0000000,0.0000000,0.00,0.0000,0.0000,0.0000,0.0,0.00,0.000,0.000,IDLE
2026-08-17T10:05:59.892723,0.0000000,0.0000000,0.00,0.0000,0.0000,0.0000,0.0,0.00,0.000,0.000,IDLE
2026-08-17T10:06:00.892900,0.0000000,0.0000000,0.00,0.0000,0.0000,0.0000,0.0,0.00,0.000,0.000,IDLE
2026-08-17T10:06:01.892705,0.0000000,0.0000000,0.00,0.0000,0.0000,0.0000,0.0,0.00,0.000,0.000,IDLE
2026-08-17T10:06:02.892929,0.0000000,0.0000000,0.00,0.0000,0.0000,0.0000,0.0,0.00,0.000,0.000,IDLE
2026-08-17T10:06:03.892706,0.0000000,0.0000000,0.00,0.0000,0.0000,0.0000,0.0,0.00,0.000,0.000,IDLE
2026-08-17T10:06:04.892696,0.0000000,0.0000000,0.00,0.0000,0.0000,0.0000,0.0,0.00,0.000,0.000,IDLE
2026-08-17T10:06:05.892729,0.0000000,0.0000000,0.00,0.0000,0.0000,0.0000,0.0,0.00,0.000,0.000,IDLE
2026-08-17T10:06:06.892955,0.0000000,0.0000000,0.00,0.0000,0.0000,0.0000,0.0,0.00,0.000,0.000,IDLE
2026-08-17T10:06:07.892794,0.0000000,0.0000000,0.00,0.0000,0.0000,0.0000,0.0,0.00,0.000,0.000,IDLE
2026-08-17T10:06:08.892725,0.0000000,0.0000000,0.00,0.0000,0.0000,0.0000,0.0,0.00,0.000,0.000,IDLE
2026-08-17T10:06:09.892792,0.0000000,0.0000000,0.00,0.0000,0.0000,0.0000,0.0,0.00,0.000,0.000,IDLE
2026-08-17T10:06:10.892698,0.0000000,0.0000000,0.00,0.0000,0.0000,0.0000,0.0,0.00,0.000,0.000,IDLE
2026-08-17T10:06:11.892719,0.0000000,0.0000000,0.00,0.0000,0.0000,0.0000,0.0,0.00,0.000,0.000,IDLE
2026-08-17T10:06:12.892704,0.0000000,0.0000000,0.00,0.0000,0.0000,0.0000,0.0,0.00,0.000,0.000,IDLE
2026-08-17T10:06:13.892710,0.0000000,0.0000000,0.00,0.0000,0.0000,0.0000,0.0,0.00,0.000,0.000,IDLE
2026-08-17T10:06:14.892703,0.0000000,0.0000000,0.00,0.0000,0.0000,0.0000,0.0,0.00,0.000,0.000,IDLE
2026-08-17T10:06:15.892748,0.0000000,0.0000000,0.00,0.0000,0.0000,0.0000,0.0,0.00,0.000,0.000,IDLE
2026-08-17T10:06:16.892721,0.0000000,0.0000000,0.00,0.0000,0.0000,0.0000,0.0,0.00,0.000,0.000,IDLE
2026-08-17T10:06:17.892731,0.0000000,0.0000000,0.00,0.0000,0.0000,0.0000,0.0,0.00,0.000,0.000,IDLE
2026-08-17T10:06:18.892677,0.0000000,0.0000000,0.00,0.0000,0.0000,0.0000,0.0,0.00,0.000,0.000,IDLE
2026-08-17T10:06:19.892714,0.0000000,0.0000000,0.00,0.0000,0.0000,0.0000,0.0,0.00,0.000,0.000,IDLE
2026-08-17T10:06:20.892738,0.0000000,0.0000000,0.00,0.0000,0.0000,0.0000,0.0,0.00,0.000,0.000,IDLE
2026-08-17T10:06:21.892720,0.0000000,0.0000000,0.00,0.0000,0.0000,0.0000,0.0,0.00,0.000,0.000,IDLE
2026-08-17T10:06:22.892706,0.0000000,0.0000000,0.00,0.0000,0.0000,0.0000,0.0,0.00,0.000,0.000,IDLE
2026-08-17T10:06:23.893032,0.0000000,0.0000000,0.00,0.0000,0.0000,0.0000,0.0,0.00,0.000,0.000,IDLE
2026-08-17T10:06:24.892713,0.0000000,0.0000000,0.00,0.0000,0.0000,0.0000,0.0,0.00,0.000,0.000,IDLE
2026-08-17T10:06:25.892731,0.0000000,0.0000000,0.00,0.0000,0.0000,0.0000,0.0,0.00,0.000,0.000,IDLE
2026-08-17T10:06:26.892860,0.0000000,0.0000000,0.00,0.0000,0.0000,0.0000,0.0,0.00,0.000,0.000,IDLE
2026-08-17T10:06:27.892970,0.0000000,0.0000000,0.00,0.0000,0.0000,0.0000,0.0,0.00,0.000,0.000,IDLE
2026-08-17T10:06:28.892909,0.0000000,0.0000000,0.00,0.0000,0.0000,0.0000,0.0,0.00,0.000,0.000,IDLE
2026-08-17T10:06:29.892728,0.0000000,0.0000000,0.00,0.0000,0.0000,0.0000,0.0,0.00,0.000,0.000,IDLE
2026-08-17T10:06:30.892927,0.0000000,0.0000000,0.00,0.0000,0.0000,0.0000,0.0,0.00,0.000,0.000,IDLE
2026-08-17T10:06:31.892899,0.0000000,0.0000000,0.00,0.0000,0.0000,0.0000,0.0,0.00,0.000,0.000,IDLE
2026-08-17T10:06:32.892886,0.0000000,0.0000000,0.00,0.0000,0.0000,0.0000,0.0,0.00,0.000,0.000,IDLE
2026-08-17T10:06:33.892712,0.0000000,0.0000000,0.00,0.0000,0.0000,0.0000,0.0,0.00,0.000,0.000,IDLE
2026-08-17T10:06:34.892835,0.0000000,0.0000000,0.00,0.0000,0.0000,0.0000,0.0,0.00,0.000,0.000,IDLE
2026-08-17T10:06:35.892708,0.0000000,0.0000000,0.00,0.0000,0.0000,0.0000,0.0,0.00,0.000,0.000,IDLE
2026-08-17T10:06:36.892795,0.0000000,0.0000000,0.00,0.0000,0.0000,0.0000,0.0,0.00,0.000,0.000,IDLE
2026-08-17T10:06:37.892727,0.0000000,0.0000000,0.00,0.0000,0.0000,0.0000,0.0,0.00,0.000,0.000,IDLE
2026-08-17T10:06:38.892728,0.0000000,0.0000000,0.00,0.0000,0.0000,0.0000,0.0,0.00,0.000,0.000,IDLE
2026-08-17T10:06:39.892828,0.0000000,0.0000000,0.00,0.0000,0.0000,0.0000,0.0,0.00,0.000,0.000,IDLE
2026-08-17T10:06:40.893056,0.0000000,0.0000000,0.00,0.0000,0.0000,0.0000,0.0,0.00,0.000,0.000,IDLE
2026-08-17T10:06:41.894948,0.0000000,0.0000000,0.00,0.0000,0.0000,0.0000,0.0,0.00,0.000,0.000,IDLE
2026-08-17T10:06:42.892706,0.0000000,0.0000000,0.00,0.0000,0.0000,0.0000,0.0,0.00,0.000,0.000,IDLE
2026-08-17T10:06:43.892744,0.0000000,0.0000000,0.00,0.0000,0.0000,0.0000,0.0,0.00,0.000,0.000,IDLE
2026-08-17T10:06:44.892732,0.0000000,0.0000000,0.00,0.0000,0.0000,0.0000,0.0,0.00,0.000,0.000,IDLE
2026-08-17T10:06:45.892725,0.0000000,0.0000000,0.00,0.0000,0.0000,0.0000,0.0,0.00,0.000,0.000,IDLE
2026-08-17T10:06:46.892718,0.0000000,0.0000000,0.00,0.0000,0.0000,0.0000,0.0,0.00,0.000,0.000,IDLE
2026-08-17T10:06:47.892757,0.0000000,0.0000000,0.00,0.0000,0.0000,0.0000,0.0,0.00,0.000,0.000,IDLE
2026-08-17T10:06:48.892733,0.0000000,0.0000000,0.00,0.0000,0.0000,0.0000,0.0,0.00,0.000,0.000,IDLE
2026-08-17T10:06:49.892828,0.0000000,0.0000000,0.00,0.0000,0.0000,0.0000,0.0,0.00,0.000,0.000,IDLE
2026-08-17T10:06:50.892840,0.0000000,0.0000000,0.00,0.0000,0.0000,0.0000,0.0,0.00,0.000,0.000,IDLE
2026-08-17T10:06:51.892979,0.0000000,0.0000000,0.00,0.0000,0.0000,0.0000,0.0,0.00,0.000,0.000,IDLE
2026-08-17T10:06:52.892770,0.0000000,0.0000000,0.00,0.0000,0.0000,0.0000,0.0,0.00,0.000,0.000,IDLE
2026-08-17T10:06:53.892937,0.0000000,0.0000000,0.00,0.0000,0.0000,0.0000,0.0,0.00,0.000,0.000,IDLE
2026-08-17T10:06:54.892758,0.0000000,0.0000000,0.00,0.0000,0.0000,0.0000,0.0,0.00,0.000,0.000,IDLE
2026-08-17T10:06:55.892704,0.0000000,0.0000000,0.00,0.0000,0.0000,0.0000,0.0,0.00,0.000,0.000,IDLE
2026-08-17T10:06:56.892854,0.0000000,0.0000000,0.00,0.0000,0.0000,0.0000,0.0,0.00,0.000,0.000,IDLE
2026-08-17T10:06:57.892761,0.0000000,0.0000000,0.00,0.0000,0.0000,0.0000,0.0,0.00,0.000,0.000,IDLE
2026-08-17T10:06:58.892774,0.0000000,0.0000000,0.00,0.0000,0.0000,0.0000,0.0,0.00,0.000,0.000,IDLE
2026-08-17T10:06:59.893029,0.0000000,0.0000000,0.00,0.0000,0.0000,0.0000,0.0,0.00,0.000,0.000,IDLE
2026-08-17T10:07:00.892724,0.0000000,0.0000000,0.00,0.0000,0.0000,0.0000,0.0,0.00,0.000,0.000,IDLE
2026-08-17T10:07:01.892805,0.0000000,0.0000000,0.00,0.0000,0.0000,0.0000,0.0,0.00,0.000,0.000,IDLE
2026-08-17T10:07:02.892863,0.0000000,0.0000000,0.00,0.0000,0.0000,0.0000,0.0,0.00,0.000,0.000,IDLE
2026-08-17T10:07:03.892673,0.0000000,0.0000000,0.00,0.0000,0.0000,0.0000,0.0,0.00,0.000,0.000,IDLE
2026-08-17T10:07:04.892711,0.0000000,0.0000000,0.00,0.0000,0.0000,0.0000,0.0,0.00,0.000,0.000,IDLE
2026-08-17T10:07:05.892716,0.0000000,0.0000000,0.00,0.0000,0.0000,0.0000,0.0,0.00,0.000,0.000,IDLE
2026-08-17T10:07:06.892797,0.0000000,0.0000000,0.00,0.0000,0.0000,0.0000,0.0,0.00,0.000,0.000,IDLE
2026-08-17T10:07:07.892712,0.0000000,0.0000000,0.00,0.0000,0.0000,0.0000,0.0,0.00,0.000,0.000,IDLE
2026-08-17T10:07:08.892734,0.0000000,0.0000000,0.00,0.0000,0.0000,0.0000,0.0,0.00,0.000,0.000,IDLE
2026-08-17T10:07:09.892734,0.0000000,0.0000000,0.00,0.0000,0.0000,0.0000,0.0,0.00,0.000,0.000,IDLE
2026-08-17T10:07:10.892780,0.0000000,0.0000000,0.00,0.0000,0.0000,0.0000,0.0,0.00,0.000,0.000,IDLE
2026-08-17T10:07:11.893398,0.0000000,0.0000000,0.00,0.0000,0.0000,0.0000,0.0,0.00,0.000,0.000,IDLE
2026-08-17T10:07:12.892724,0.0000000,0.0000000,0.00,0.0000,0.0000,0.0000,0.0,0.00,0.000,0.000,IDLE
2026-08-17T10:07:13.892962,0.0000000,0.0000000,0.00,0.0000,0.0000,0.0000,0.0,0.00,0.000,0.000,IDLE
2026-08-17T10:07:14.893004,0.0000000,0.0000000,0.00,0.0000,0.0000,0.0000,0.0,0.00,0.000,0.000,IDLE
2026-08-17T10:07:15.892719,0.0000000,0.0000000,0.00,0.0000,0.0000,0.0000,0.0,0.00,0.000,0.000,IDLE
2026-08-17T10:07:16.892717,0.0000000,0.0000000,0.00,0.0000,0.0000,0.0000,0.0,0.00,0.000,0.000,IDLE
2026-08-17T10:07:17.892702,0.0000000,0.0000000,0.00,0.0000,0.0000,0.0000,0.0,0.00,0.000,0.000,IDLE
2026-08-17T10:07:18.892751,0.0000000,0.0000000,0.00,0.0000,0.0000,0.0000,0.0,0.00,0.000,0.000,IDLE
2026-08-17T10:07:19.892689,0.0000000,0.0000000,0.00,0.0000,0.0000,0.0000,0.0,0.00,0.000,0.000,IDLE
2026-08-17T10:07:20.892906,0.0000000,0.0000000,0.00,0.0000,0.0000,0.0000,0.0,0.00,0.000,0.000,IDLE
2026-08-17T10:07:21.892708,0.0000000,0.0000000,0.00,0.0000,0.0000,0.0000,0.0,0.00,0.000,0.000,IDLE
2026-08-17T10:07:22.892719,0.0000000,0.0000000,0.00,0.0000,0.0000,0.0000,0.0,0.00,0.000,0.000,IDLE
2026-08-17T10:07:23.892700,0.0000000,0.0000000,0.00,0.0000,0.0000,0.0000,0.0,0.00,0.000,0.000,IDLE
2026-08-17T10:07:24.892946,0.0000000,0.0000000,0.00,0.0000,0.0000,0.0000,0.0,0.00,0.000,0.000,IDLE
2026-08-17T10:07:25.893092,0.0000000,0.0000000,0.00,0.0000,0.0000,0.0000,0.0,0.00,0.000,0.000,IDLE
2026-08-17T10:07:26.892871,0.0000000,0.0000000,0.00,0.0000,0.0000,0.0000,0.0,0.00,0.000,0.000,IDLE
2026-08-17T10:07:27.892673,0.0000000,0.0000000,0.00,0.0000,0.0000,0.0000,0.0,0.00,0.000,0.000,IDLE
2026-08-17T10:07:28.892824,0.0000000,0.0000000,0.00,0.0000,0.0000,0.0000,0.0,0.00,0.000,0.000,IDLE
2026-08-17T10:07:29.894496,0.0000000,0.0000000,0.00,0.0000,0.0000,0.0000,0.0,0.00,0.000,0.000,IDLE
2026-08-17T10:07:30.892759,0.0000000,0.0000000,0.00,0.0000,0.0000,0.0000,0.0,0.00,0.000,0.000,IDLE
2026-08-17T10:07:31.892831,0.0000000,0.0000000,0.00,0.0000,0.0000,0.0000,0.0,0.00,0.000,0.000,IDLE
2026-08-17T10:07:32.892762,0.0000000,0.0000000,0.00,0.0000,0.0000,0.0000,0.0,0.00,0.000,0.000,IDLE
2026-08-17T10:07:33.892721,0.0000000,0.0000000,0.00,0.0000,0.0000,0.0000,0.0,0.00,0.000,0.000,IDLE
2026-08-17T10:07:34.892687,0.0000000,0.0000000,0.00,0.0000,0.0000,0.0000,0.0,0.00,0.000,0.000,IDLE
2026-08-17T10:07:35.892709,0.0000000,0.0000000,0.00,0.0000,0.0000,0.0000,0.0,0.00,0.000,0.000,IDLE
2026-08-17T10:07:36.892813,0.0000000,0.0000000,0.00,0.0000,0.0000,0.0000,0.0,0.00,0.000,0.000,IDLE
2026-08-17T10:07:37.893070,0.0000000,0.0000000,0.00,0.0000,0.0000,0.0000,0.0,0.00,0.000,0.000,IDLE
2026-08-17T10:07:38.892891,0.0000000,0.0000000,0.00,0.0000,0.0000,0.0000,0.0,0.00,0.000,0.000,IDLE
2026-08-17T10:07:39.892696,0.0000000,0.0000000,0.00,0.0000,0.0000,0.0000,0.0,0.00,0.000,0.000,IDLE
2026-08-17T10:07:40.894196,0.0000000,0.0000000,0.00,0.0000,0.0000,0.0000,0.0,0.00,0.000,0.000,IDLE
2026-08-17T10:07:41.892913,0.0000000,0.0000000,0.00,0.0000,0.0000,0.0000,0.0,0.00,0.000,0.000,IDLE
2026-08-17T10:07:42.892739,0.0000000,0.0000000,0.00,0.0000,0.0000,0.0000,0.0,0.00,0.000,0.000,IDLE
2026-08-17T10:07:43.898935,0.0000000,0.0000000,0.00,0.0000,0.0000,0.0000,0.0,0.00,0.000,0.000,IDLE
2026-08-17T10:07:44.892969,0.0000000,0.0000000,0.00,0.0000,0.0000,0.0000,0.0,0.00,0.000,0.000,IDLE
2026-08-17T10:07:45.892829,0.0000000,0.0000000,0.00,0.0000,0.0000,0.0000,0.0,0.00,0.000,0.000,IDLE
2026-08-17T10:07:46.894038,0.0000000,0.0000000,0.00,0.0000,0.0000,0.0000,0.0,0.00,0.000,0.000,IDLE
2026-08-17T10:07:47.892730,0.0000000,0.0000000,0.00,0.0000,0.0000,0.0000,0.0,0.00,0.000,0.000,IDLE
2026-08-17T10:07:48.892678,0.0000000,0.0000000,0.00,0.0000,0.0000,0.0000,0.0,0.00,0.000,0.000,IDLE
2026-08-17T10:07:49.892953,0.0000000,0.0000000,0.00,0.0000,0.0000,0.0000,0.0,0.00,0.000,0.000,IDLE
2026-08-17T10:07:50.892790,0.0000000,0.0000000,0.00,0.0000,0.0000,0.0000,0.0,0.00,0.000,0.000,IDLE
2026-08-17T10:07:51.893094,0.0000000,0.0000000,0.00,0.0000,0.0000,0.0000,0.0,0.00,0.000,0.000,IDLE
2026-08-17T10:07:52.892731,0.0000000,0.0000000,0.00,0.0000,0.0000,0.0000,0.0,0.00,0.000,0.000,IDLE
2026-08-17T10:07:53.892528,37.8648642,32.4839626,1026.39,-0.0475,0.1321,-1.4255,278.0,0.05,0.000,0.000,IDLE
2026-08-17T10:07:54.892456,37.8648636,32.4839622,1026.36,-0.0500,0.1341,-1.4035,279.0,0.06,0.000,0.000,IDLE
2026-08-17T10:07:55.892669,37.8648636,32.4839623,1026.33,-0.0463,0.1340,-1.3810,280.0,0.05,0.000,0.000,IDLE
2026-08-17T10:07:56.892477,37.8648633,32.4839617,1026.42,-0.0452,0.1362,-1.3585,282.0,0.06,0.000,0.000,IDLE
2026-08-17T10:07:57.892568,37.8648632,32.4839614,1026.51,-0.0450,0.1415,-1.3370,283.0,0.06,0.000,0.000,IDLE
2026-08-17T10:07:58.892558,37.8648629,32.4839610,1026.58,-0.0461,0.1402,-1.3177,284.0,0.08,0.000,0.000,IDLE
2026-08-17T10:07:59.892511,37.8648626,32.4839613,1026.53,-0.0475,0.1346,-1.3031,285.0,0.08,0.000,0.000,IDLE
2026-08-17T10:08:00.892599,37.8648627,32.4839616,1026.51,-0.0476,0.1308,-1.3021,285.0,0.06,0.000,0.000,IDLE
2026-08-17T10:08:01.892593,37.8648626,32.4839624,1026.54,-0.0457,0.1287,-1.3209,284.0,0.07,0.000,0.000,IDLE
2026-08-17T10:08:02.892627,37.8648623,32.4839626,1026.55,-0.0492,0.1255,-1.3555,282.0,0.07,0.000,0.000,IDLE
2026-08-17T10:08:03.892572,37.8648623,32.4839629,1026.63,-0.0452,0.1275,-1.3825,280.0,0.05,0.000,0.000,IDLE
2026-08-17T10:08:04.892596,37.8648626,32.4839633,1026.69,-0.0463,0.1307,-1.4090,279.0,0.03,0.000,0.000,IDLE
2026-08-17T10:08:05.892508,37.8648627,32.4839634,1026.68,-0.0452,0.1333,-1.4390,277.0,0.02,0.000,0.000,IDLE
2026-08-17T10:08:06.892571,37.8648631,32.4839633,1026.62,-0.0440,0.1463,-1.4584,276.0,0.03,0.000,0.000,IDLE
2026-08-17T10:08:07.892681,37.8648630,32.4839630,1026.51,-0.0406,0.1830,-1.4493,276.0,0.08,0.000,0.000,IDLE
2026-08-17T10:08:08.892404,37.8648633,32.4839626,1026.46,-0.0411,0.1686,-1.4230,278.0,0.04,0.000,0.000,IDLE
2026-08-17T10:08:09.892408,37.8648631,32.4839622,1026.51,-0.0657,0.1450,-1.3829,280.0,0.06,0.000,0.000,IDLE
2026-08-17T10:08:10.892477,37.8648626,32.4839620,1026.52,-0.0571,0.1619,-1.3817,280.0,0.09,0.000,0.000,IDLE
2026-08-17T10:08:11.892559,37.8648627,32.4839620,1026.55,-0.0610,0.1596,-1.4005,279.0,0.05,0.000,0.000,IDLE
2026-08-17T10:08:12.892459,37.8648631,32.4839627,1026.53,-0.0422,0.1493,-1.4063,279.0,0.01,0.000,0.000,IDLE
2026-08-17T10:08:13.892456,37.8648630,32.4839634,1026.49,-0.0429,0.1999,-1.3897,280.0,0.05,0.000,0.000,IDLE
2026-08-17T10:08:14.892520,37.8648629,32.4839633,1026.45,-0.0356,0.1988,-1.3917,280.0,0.08,0.000,0.000,IDLE
2026-08-17T10:08:15.892546,37.8648629,32.4839624,1026.42,-0.0516,0.1706,-1.3808,280.0,0.06,0.000,0.000,IDLE
2026-08-17T10:08:16.892487,37.8648630,32.4839626,1026.48,-0.0591,0.1882,-1.2206,290.0,0.16,0.000,0.000,IDLE
2026-08-17T10:08:17.892483,37.8648634,32.4839633,1026.47,-0.0383,0.1693,-0.9937,303.0,0.07,0.000,0.000,IDLE
2026-08-17T10:08:18.892465,37.8648641,32.4839629,1026.42,-0.0571,0.1365,-0.9397,306.0,0.01,0.000,0.000,IDLE
2026-08-17T10:08:19.892499,37.8648649,32.4839635,1026.37,-0.0852,0.0849,-0.9039,308.0,0.12,0.000,0.000,IDLE
2026-08-17T10:08:20.892510,37.8648648,32.4839638,1026.42,-0.0591,0.1133,-0.9828,303.0,0.16,0.000,0.000,IDLE
2026-08-17T10:08:21.892496,37.8648652,32.4839640,1026.43,-0.0606,0.1198,-1.0423,300.0,0.11,0.000,0.000,IDLE
2026-08-17T10:08:22.892497,37.8648653,32.4839641,1026.48,-0.0674,0.1134,-1.0788,298.0,0.04,0.000,0.000,IDLE
2026-08-17T10:08:23.892511,37.8648656,32.4839644,1026.56,-0.0777,0.1011,-1.0595,299.0,0.05,0.000,0.000,IDLE
2026-08-17T10:08:24.892530,37.8648658,32.4839649,1026.65,-0.0660,0.0947,-1.0010,302.0,0.02,0.000,0.000,IDLE
2026-08-17T10:08:25.892538,37.8648659,32.4839649,1026.70,-0.0551,0.0951,-1.0261,301.0,0.08,0.000,0.000,IDLE
2026-08-17T10:08:26.892484,37.8648658,32.4839650,1026.68,-0.0525,0.0773,-1.1221,295.0,0.07,0.000,0.000,IDLE
2026-08-17T10:08:27.892508,37.8648657,32.4839651,1026.65,-0.0745,0.0626,-1.2121,290.0,0.14,0.000,0.000,IDLE
2026-08-17T10:08:28.892491,37.8648659,32.4839636,1026.62,-0.0703,0.0860,-1.3665,281.0,0.09,0.000,0.000,IDLE
2026-08-17T10:08:29.892518,37.8648662,32.4839635,1026.53,-0.0618,0.1249,-1.4169,278.0,0.02,0.000,0.000,IDLE
2026-08-17T10:08:30.892477,37.8648658,32.4839630,1026.48,-0.0453,0.0959,-1.4315,277.0,0.03,0.000,0.000,IDLE
2026-08-17T10:08:31.892394,37.8648654,32.4839630,1026.46,-0.0480,0.1586,-1.5225,272.0,0.02,0.000,0.000,IDLE
2026-08-17T10:08:32.892511,37.8648654,32.4839626,1026.40,-0.0384,0.1511,-1.6032,268.0,0.05,0.000,0.000,IDLE
2026-08-17T10:08:33.892509,37.8648657,32.4839629,1026.49,-0.0467,0.1962,-1.6246,266.0,0.09,0.000,0.000,IDLE
2026-08-17T10:08:34.892412,37.8648659,32.4839639,1026.49,-0.0490,0.1714,-1.5949,268.0,0.10,0.000,0.000,IDLE
2026-08-17T10:08:35.892484,37.8648657,32.4839653,1026.47,-0.0345,0.1622,-1.5590,270.0,0.09,0.000,0.000,IDLE
2026-08-17T10:08:36.892469,37.8648657,32.4839659,1026.46,-0.0819,0.0832,-1.5447,271.0,0.07,0.000,0.000,IDLE
2026-08-17T10:08:37.892521,37.8648658,32.4839645,1026.40,-0.0672,0.1033,-1.5702,270.0,0.19,0.000,0.000,IDLE
2026-08-17T10:08:38.892651,37.8648663,32.4839627,1026.37,-0.0664,0.1432,-1.5034,273.0,0.05,0.000,0.000,IDLE
2026-08-17T10:08:39.892569,37.8648664,32.4839619,1026.46,-0.0494,0.1421,-1.5338,272.0,0.06,0.000,0.000,IDLE
2026-08-17T10:08:40.892491,37.8648666,32.4839609,1026.51,-0.0447,0.1646,-1.5643,270.0,0.06,0.000,0.000,IDLE
2026-08-17T10:08:41.892664,37.8648671,32.4839601,1026.51,-0.0455,0.1796,-1.5913,268.0,0.05,0.000,0.000,IDLE
2026-08-17T10:08:42.892523,37.8648673,32.4839591,1026.51,-0.0402,0.1758,-1.6158,267.0,0.05,0.000,0.000,IDLE
2026-08-17T10:08:43.892383,37.8648676,32.4839579,1026.51,-0.0422,0.1678,-1.6382,266.0,0.06,0.000,0.000,IDLE
2026-08-17T10:08:44.892405,37.8648680,32.4839569,1026.51,-0.0425,0.1647,-1.6545,265.0,0.07,0.000,0.000,IDLE
2026-08-17T10:08:45.892480,37.8648683,32.4839559,1026.51,-0.0411,0.1634,-1.6659,264.0,0.07,0.000,0.000,IDLE
2026-08-17T10:08:46.892504,37.8648687,32.4839548,1026.54,-0.0422,0.1656,-1.6729,264.0,0.08,0.000,0.000,IDLE
2026-08-17T10:08:47.892479,37.8648690,32.4839538,1026.54,-0.0414,0.1689,-1.6763,263.0,0.07,0.000,0.000,IDLE
2026-08-17T10:08:48.892459,37.8648693,32.4839529,1026.46,-0.0424,0.1702,-1.6780,263.0,0.06,0.000,0.000,IDLE
2026-08-17T10:08:49.892570,37.8648696,32.4839522,1026.44,-0.0406,0.1680,-1.6769,263.0,0.05,0.000,0.000,IDLE
2026-08-17T10:08:50.892594,37.8648695,32.4839513,1026.43,-0.0432,0.1667,-1.6762,263.0,0.06,0.000,0.000,IDLE
2026-08-17T10:08:51.892534,37.8648697,32.4839503,1026.45,-0.0438,0.1678,-1.6705,264.0,0.05,0.000,0.000,IDLE
2026-08-17T10:08:52.892492,37.8648698,32.4839496,1026.47,-0.0431,0.1686,-1.6614,264.0,0.04,0.000,0.000,IDLE
2026-08-17T10:08:53.892401,37.8648701,32.4839485,1026.42,-0.0421,0.1669,-1.6486,265.0,0.05,0.000,0.000,IDLE
2026-08-17T10:08:54.892493,37.8648705,32.4839475,1026.43,-0.0419,0.1652,-1.6370,266.0,0.05,0.000,0.000,IDLE
2026-08-17T10:08:55.892497,37.8648708,32.4839465,1026.43,-0.0436,0.1644,-1.6268,266.0,0.05,0.000,0.000,IDLE
2026-08-17T10:08:56.892428,37.8648711,32.4839458,1026.40,-0.0428,0.1654,-1.6218,267.0,0.03,0.000,0.000,IDLE
2026-08-17T10:08:57.892529,37.8648714,32.4839455,1026.42,-0.0425,0.1667,-1.6206,267.0,0.02,0.000,0.000,IDLE
2026-08-17T10:08:58.892491,37.8648716,32.4839447,1026.50,-0.0436,0.1702,-1.6262,266.0,0.03,0.000,0.000,IDLE
2026-08-17T10:08:59.892513,37.8648719,32.4839439,1026.55,-0.0439,0.1743,-1.6361,266.0,0.02,0.000,0.000,IDLE
2026-08-17T10:09:00.892432,37.8648722,32.4839436,1026.56,-0.0426,0.1736,-1.6502,265.0,0.02,0.000,0.000,IDLE
2026-08-17T10:09:01.892561,37.8648725,32.4839430,1026.57,-0.0428,0.1681,-1.6694,264.0,0.02,0.000,0.000,IDLE
2026-08-17T10:09:02.892571,37.8648727,32.4839424,1026.56,-0.0428,0.1631,-1.6988,262.0,0.03,0.000,0.000,IDLE
2026-08-17T10:09:03.892501,37.8648729,32.4839416,1026.51,-0.0428,0.1680,-1.7305,260.0,0.04,0.000,0.000,IDLE
2026-08-17T10:09:04.892522,37.8648733,32.4839408,1026.50,-0.0423,0.1691,-1.7562,259.0,0.04,0.000,0.000,IDLE
2026-08-17T10:09:05.892443,37.8648735,32.4839403,1026.52,-0.0427,0.1706,-1.7772,258.0,0.03,0.000,0.000,IDLE
2026-08-17T10:09:06.892487,37.8648739,32.4839395,1026.51,-0.0431,0.1700,-1.7934,257.0,0.03,0.000,0.000,IDLE
2026-08-17T10:09:07.892553,37.8648742,32.4839389,1026.43,-0.0419,0.1661,-1.8019,256.0,0.03,0.000,0.000,IDLE
2026-08-17T10:09:08.892488,37.8648742,32.4839380,1026.41,-0.0426,0.1657,-1.8070,256.0,0.04,0.000,0.000,IDLE
2026-08-17T10:09:09.892501,37.8648744,32.4839369,1026.39,-0.0415,0.1707,-1.8137,256.0,0.06,0.000,0.000,IDLE
2026-08-17T10:09:10.892622,37.8648745,32.4839358,1026.37,-0.0429,0.1737,-1.8200,255.0,0.06,0.000,0.000,IDLE
2026-08-17T10:09:11.892489,37.8648747,32.4839348,1026.42,-0.0422,0.1751,-1.8261,255.0,0.06,0.000,0.000,IDLE
2026-08-17T10:09:12.892465,37.8648748,32.4839347,1026.54,-0.0390,0.1983,-1.7851,257.0,0.12,0.000,0.000,IDLE
2026-08-17T10:09:13.892498,37.8648750,32.4839367,1026.59,-0.0396,0.2071,-1.7377,260.0,0.21,0.000,0.000,IDLE
2026-08-17T10:09:14.892499,37.8648753,32.4839382,1026.57,-0.0433,0.1815,-1.6988,262.0,0.18,0.000,0.000,IDLE
2026-08-17T10:09:15.892553,37.8648752,32.4839396,1026.58,-0.0572,0.1916,-1.7367,260.0,0.23,0.000,0.000,IDLE
2026-08-17T10:09:16.894831,37.8648748,32.4839418,1026.59,-0.0503,0.1846,-1.7829,257.0,0.30,0.000,0.000,IDLE
2026-08-17T10:09:17.892972,37.8648741,32.4839442,1026.64,-0.0416,0.1561,-1.8521,253.0,0.22,0.000,0.000,IDLE
2026-08-17T10:09:18.894333,37.8648741,32.4839449,1026.58,-0.0477,0.1677,-1.8811,252.0,0.10,0.000,0.000,IDLE
2026-08-17T10:09:19.892455,37.8648745,32.4839451,1026.48,-0.0467,0.1742,-1.8944,251.0,0.07,0.000,0.000,IDLE
2026-08-17T10:09:20.892544,37.8648747,32.4839455,1026.48,-0.0427,0.1739,-1.9046,250.0,0.06,0.000,0.000,IDLE
2026-08-17T10:09:21.892557,37.8648750,32.4839463,1026.47,-0.0371,0.1626,-1.9008,250.0,0.07,0.000,0.000,IDLE
2026-08-17T10:09:22.893021,37.8648752,32.4839468,1026.48,-0.0353,0.1683,-1.8886,251.0,0.08,0.000,0.000,IDLE
2026-08-17T10:09:23.892469,37.8648756,32.4839471,1026.47,-0.0387,0.1700,-1.8683,252.0,0.08,0.000,0.000,IDLE
2026-08-17T10:09:24.893105,37.8648760,32.4839474,1026.45,-0.0413,0.1684,-1.8465,253.0,0.08,0.000,0.000,IDLE
2026-08-17T10:09:25.892556,37.8648763,32.4839475,1026.40,-0.0438,0.1691,-1.8229,255.0,0.07,0.000,0.000,IDLE
2026-08-17T10:09:26.893270,37.8648764,32.4839478,1026.42,-0.0448,0.1712,-1.7983,256.0,0.08,0.000,0.000,IDLE
2026-08-17T10:09:27.892827,37.8648766,32.4839480,1026.43,-0.0442,0.1698,-1.7802,258.0,0.08,0.000,0.000,IDLE
2026-08-17T10:09:28.892652,37.8648767,32.4839483,1026.48,-0.0423,0.1692,-1.7492,259.0,0.08,0.000,0.000,IDLE
2026-08-17T10:09:29.893008,37.8648771,32.4839483,1026.60,-0.0428,0.1686,-1.7245,260.0,0.07,0.000,0.000,IDLE
2026-08-17T10:09:30.892838,37.8648773,32.4839485,1026.60,-0.0435,0.1679,-1.7011,262.0,0.07,0.000,0.000,IDLE
2026-08-17T10:09:31.892627,37.8648774,32.4839490,1026.57,-0.0444,0.1683,-1.6801,263.0,0.08,0.000,0.000,IDLE
2026-08-17T10:09:32.892405,37.8648774,32.4839497,1026.52,-0.0452,0.1704,-1.6603,264.0,0.11,0.000,0.000,IDLE
2026-08-17T10:09:33.892517,37.8648772,32.4839504,1026.55,-0.0465,0.1644,-1.6352,266.0,0.10,0.000,0.000,IDLE
2026-08-17T10:09:34.892486,37.8648771,32.4839510,1026.55,-0.0452,0.1535,-1.6110,267.0,0.10,0.000,0.000,IDLE
2026-08-17T10:09:35.892470,37.8648770,32.4839516,1026.49,-0.0398,0.1263,-1.6118,267.0,0.11,0.000,0.000,IDLE
2026-08-17T10:09:36.892459,37.8648765,32.4839513,1026.52,-0.0410,0.1520,-1.6981,262.0,0.12,0.000,0.000,IDLE
2026-08-17T10:09:37.892501,37.8648764,32.4839506,1026.46,-0.0417,0.1449,-1.8322,255.0,0.12,0.000,0.000,IDLE
2026-08-17T10:09:38.892564,37.8648761,32.4839500,1026.45,-0.0419,0.1721,-2.0285,243.0,0.09,0.000,0.000,IDLE
2026-08-17T10:09:39.892425,37.8648759,32.4839490,1026.45,-0.0437,0.1798,-2.1628,236.0,0.10,0.000,0.000,IDLE
2026-08-17T10:09:40.892403,37.8648759,32.4839480,1026.49,-0.0394,0.1710,-2.2500,231.0,0.12,0.000,0.000,IDLE
2026-08-17T10:09:41.892525,37.8648758,32.4839473,1026.50,-0.0357,0.1633,-2.3025,228.0,0.13,0.000,0.000,IDLE
2026-08-17T10:09:42.892516,37.8648759,32.4839468,1026.52,-0.0383,0.1642,-2.3294,226.0,0.11,0.000,0.000,IDLE
2026-08-17T10:09:43.892516,37.8648757,32.4839466,1026.51,-0.0388,0.1661,-2.3443,225.0,0.09,0.000,0.000,IDLE
2026-08-17T10:09:44.892528,37.8648757,32.4839466,1026.47,-0.0399,0.1677,-2.3506,225.0,0.06,0.000,0.000,IDLE
2026-08-17T10:09:45.892427,37.8648758,32.4839461,1026.48,-0.0398,0.1677,-2.3477,225.0,0.05,0.000,0.000,IDLE
2026-08-17T10:09:46.892566,37.8648757,32.4839459,1026.49,-0.0416,0.1704,-2.3409,225.0,0.02,0.000,0.000,IDLE
2026-08-17T10:09:47.892518,37.8648758,32.4839457,1026.52,-0.0425,0.1712,-2.3323,226.0,0.01,0.000,0.000,IDLE
2026-08-17T10:09:48.892440,37.8648756,32.4839456,1026.60,-0.0429,0.1683,-2.3240,226.0,0.04,0.000,0.000,IDLE
2026-08-17T10:09:49.892419,37.8648756,32.4839453,1026.65,-0.0442,0.1670,-2.3128,227.0,0.03,0.000,0.000,IDLE
2026-08-17T10:09:50.892527,37.8648756,32.4839449,1026.64,-0.0421,0.1692,-2.2979,228.0,0.03,0.000,0.000,IDLE
2026-08-17T10:09:51.892563,37.8648756,32.4839448,1026.61,-0.0437,0.1704,-2.2789,229.0,0.05,0.000,0.000,IDLE
2026-08-17T10:09:52.893840,37.8648758,32.4839448,1026.59,-0.0440,0.1702,-2.2631,230.0,0.04,0.000,0.000,IDLE
2026-08-17T10:09:53.892544,37.8648759,32.4839445,1026.52,-0.0449,0.1692,-2.2413,231.0,0.04,0.000,0.000,IDLE
2026-08-17T10:09:54.892539,37.8648759,32.4839444,1026.49,-0.0436,0.1685,-2.2188,232.0,0.04,0.000,0.000,IDLE
2026-08-17T10:09:55.892592,37.8648757,32.4839442,1026.50,-0.0446,0.1684,-2.1941,234.0,0.05,0.000,0.000,IDLE
2026-08-17T10:09:56.892555,37.8648754,32.4839440,1026.55,-0.0441,0.1685,-2.1703,235.0,0.05,0.000,0.000,IDLE
2026-08-17T10:09:57.892616,37.8648754,32.4839440,1026.52,-0.0446,0.1679,-2.1503,236.0,0.04,0.000,0.000,IDLE
2026-08-17T10:09:58.892501,37.8648755,32.4839439,1026.48,-0.0424,0.1683,-2.1326,237.0,0.03,0.000,0.000,IDLE
2026-08-17T10:09:59.892549,37.8648753,32.4839436,1026.47,-0.0398,0.1676,-2.1175,238.0,0.04,0.000,0.000,IDLE
2026-08-17T10:10:00.892515,37.8648752,32.4839433,1026.47,-0.0415,0.1666,-2.1005,239.0,0.04,0.000,0.000,IDLE
2026-08-17T10:10:01.892630,37.8648751,32.4839430,1026.47,-0.0431,0.1692,-2.0794,240.0,0.03,0.000,0.000,IDLE
2026-08-17T10:10:02.892488,37.8648750,32.4839431,1026.50,-0.0416,0.1686,-2.0513,242.0,0.02,0.000,0.000,IDLE
2026-08-17T10:10:03.892422,37.8648749,32.4839429,1026.55,-0.0439,0.1679,-2.0150,244.0,0.03,0.000,0.000,IDLE
2026-08-17T10:10:04.892510,37.8648748,32.4839425,1026.51,-0.0448,0.1701,-1.9748,246.0,0.02,0.000,0.000,IDLE
2026-08-17T10:10:05.892584,37.8648749,32.4839424,1026.42,-0.0425,0.1700,-1.9330,249.0,0.01,0.000,0.000,IDLE
2026-08-17T10:10:06.892580,37.8648748,32.4839422,1026.41,-0.0421,0.1696,-1.8897,251.0,0.01,0.000,0.000,IDLE
2026-08-17T10:10:07.892533,37.8648749,32.4839418,1026.56,-0.0402,0.1673,-1.8405,254.0,0.01,0.000,0.000,IDLE
2026-08-17T10:10:08.892517,37.8648749,32.4839417,1026.64,-0.0437,0.1682,-1.7835,257.0,0.01,0.000,0.000,IDLE
2026-08-17T10:10:09.892501,37.8648749,32.4839414,1026.59,-0.0411,0.1689,-1.7227,261.0,0.01,0.000,0.000,IDLE
2026-08-17T10:10:10.892475,37.8648750,32.4839412,1026.52,-0.0422,0.1700,-1.6708,264.0,0.02,0.000,0.000,IDLE
2026-08-17T10:10:11.892486,37.8648750,32.4839408,1026.47,-0.0443,0.1724,-1.6270,266.0,0.03,0.000,0.000,IDLE
2026-08-17T10:10:12.892516,37.8648748,32.4839406,1026.44,-0.0385,0.1658,-1.6240,266.0,0.13,0.000,0.000,IDLE
2026-08-17T10:10:13.892543,37.8648743,32.4839409,1026.39,-0.0424,0.1654,-1.6321,266.0,0.10,0.000,0.000,IDLE
2026-08-17T10:10:14.892520,37.8648739,32.4839409,1026.40,-0.0458,0.1670,-1.6454,265.0,0.06,0.000,0.000,IDLE
2026-08-17T10:10:15.892639,37.8648735,32.4839406,1026.45,-0.0436,0.1719,-1.6557,265.0,0.05,0.000,0.000,IDLE
2026-08-17T10:10:16.892514,37.8648733,32.4839402,1026.46,-0.0441,0.1711,-1.6579,265.0,0.04,0.000,0.000,IDLE
2026-08-17T10:10:17.892642,37.8648730,32.4839399,1026.51,-0.0417,0.1692,-1.6531,265.0,0.04,0.000,0.000,IDLE
2026-08-17T10:10:18.892533,37.8648729,32.4839398,1026.51,-0.0422,0.1675,-1.6455,265.0,0.02,0.000,0.000,IDLE
2026-08-17T10:10:19.892516,37.8648727,32.4839399,1026.51,-0.0415,0.1680,-1.6332,266.0,0.03,0.000,0.000,IDLE
2026-08-17T10:10:20.892491,37.8648725,32.4839396,1026.52,-0.0409,0.1663,-1.6205,267.0,0.03,0.000,0.000,IDLE
2026-08-17T10:10:21.892501,37.8648723,32.4839393,1026.50,-0.0427,0.1668,-1.6063,267.0,0.04,0.000,0.000,WAYPOINT
2026-08-17T10:10:22.892586,37.8648722,32.4839389,1026.54,-0.0456,0.1687,-1.5908,268.0,0.04,0.000,0.000,WAYPOINT
2026-08-17T10:10:23.892594,37.8648719,32.4839385,1026.59,-0.0453,0.1700,-1.5726,269.0,0.05,0.000,0.000,WAYPOINT
2026-08-17T10:10:24.892575,37.8648717,32.4839381,1026.57,-0.0447,0.1683,-1.5546,270.0,0.04,0.000,0.000,WAYPOINT
2026-08-17T10:10:25.892584,37.8648717,32.4839380,1026.54,-0.0402,0.1660,-1.5376,271.0,0.03,0.000,0.000,WAYPOINT
2026-08-17T10:10:26.892531,37.8648718,32.4839376,1026.48,-0.0401,0.1681,-1.5190,272.0,0.03,0.000,0.000,WAYPOINT
2026-08-17T10:10:27.892894,37.8648719,32.4839372,1026.51,-0.0404,0.1694,-1.4997,274.0,0.03,0.000,0.000,WAYPOINT
2026-08-17T10:10:28.892690,37.8648721,32.4839368,1026.50,-0.0426,0.1688,-1.4819,275.0,0.02,0.000,0.000,WAYPOINT
2026-08-17T10:10:29.892488,37.8648721,32.4839365,1026.48,-0.0425,0.1678,-1.4636,276.0,0.03,0.000,0.000,WAYPOINT
2026-08-17T10:10:30.892646,37.8648722,32.4839361,1026.48,-0.0436,0.1671,-1.4468,277.0,0.03,0.000,0.000,WAYPOINT
2026-08-17T10:10:31.892546,37.8648722,32.4839358,1026.50,-0.0415,0.1674,-1.4314,277.0,0.03,0.000,0.000,WAYPOINT
2026-08-17T10:10:32.892733,37.8648722,32.4839354,1026.51,-0.0407,0.1706,-1.4137,279.0,0.04,0.000,0.000,WAYPOINT
2026-08-17T10:10:33.892469,37.8648722,32.4839349,1026.51,-0.0426,0.1691,-1.3920,280.0,0.05,0.000,0.000,WAYPOINT
2026-08-17T10:10:34.892731,37.8648723,32.4839346,1026.54,-0.0430,0.1681,-1.3741,281.0,0.04,0.000,0.000,WAYPOINT
2026-08-17T10:10:35.892500,37.8648725,32.4839345,1026.57,-0.0428,0.1690,-1.3592,282.0,0.03,0.000,0.000,WAYPOINT
2026-08-17T10:10:36.892606,37.8648728,32.4839340,1026.58,-0.0440,0.1680,-1.3506,282.0,0.03,0.000,0.000,WAYPOINT
2026-08-17T10:10:37.892653,37.8648729,32.4839337,1026.59,-0.0438,0.1673,-1.3445,282.0,0.03,0.000,0.000,WAYPOINT
2026-08-17T10:10:38.892534,37.8648730,32.4839334,1026.62,-0.0437,0.1676,-1.3401,283.0,0.04,0.000,0.000,WAYPOINT
2026-08-17T10:10:39.892505,37.8648731,32.4839327,1026.59,-0.0441,0.1662,-1.3349,283.0,0.06,0.000,0.000,WAYPOINT
2026-08-17T10:10:40.892814,37.8648731,32.4839323,1026.56,-0.0439,0.1660,-1.3321,283.0,0.05,0.000,0.000,WAYPOINT
2026-08-17T10:10:41.892490,37.8648735,32.4839321,1026.51,-0.0417,0.1656,-1.3250,284.0,0.05,0.000,0.000,WAYPOINT
2026-08-17T10:10:42.892548,37.8648740,32.4839317,1026.48,-0.0416,0.1666,-1.3167,284.0,0.06,0.000,0.000,WAYPOINT
2026-08-17T10:10:43.892645,37.8648744,32.4839311,1026.47,-0.0418,0.1684,-1.3062,285.0,0.07,0.000,0.000,WAYPOINT
2026-08-17T10:10:44.892521,37.8648744,32.4839308,1026.51,-0.0424,0.1693,-1.2989,285.0,0.07,0.000,0.000,WAYPOINT
2026-08-17T10:10:45.892590,37.8648746,32.4839302,1026.54,-0.0426,0.1662,-1.2921,285.0,0.09,0.000,0.000,WAYPOINT
2026-08-17T10:10:46.892514,37.8648750,32.4839295,1026.55,-0.0425,0.1664,-1.2860,286.0,0.09,0.000,0.000,WAYPOINT
2026-08-17T10:10:47.892599,37.8648753,32.4839289,1026.54,-0.0427,0.1667,-1.2816,286.0,0.08,0.000,0.000,WAYPOINT
2026-08-17T10:10:48.892638,37.8648757,32.4839284,1026.55,-0.0425,0.1679,-1.2832,286.0,0.07,0.000,0.000,WAYPOINT
2026-08-17T10:10:49.892643,37.8648759,32.4839279,1026.57,-0.0416,0.1697,-1.2893,286.0,0.07,0.000,0.000,WAYPOINT
2026-08-17T10:10:50.893508,37.8648765,32.4839275,1026.55,-0.0414,0.1678,-1.3023,285.0,0.06,0.000,0.000,WAYPOINT
2026-08-17T10:10:51.892643,37.8648772,32.4839272,1026.52,-0.0410,0.0910,-1.3264,284.0,0.02,0.000,0.000,WAYPOINT
2026-08-17T10:10:52.892650,37.8648772,32.4839289,1026.53,-0.0423,0.0940,-1.4342,277.0,0.37,0.000,0.000,WAYPOINT
2026-08-17T10:10:53.892702,37.8648770,32.4839338,1026.56,-0.0461,0.0999,-1.4468,277.0,0.38,0.000,0.000,WAYPOINT
2026-08-17T10:10:54.892703,37.8648768,32.4839378,1026.58,-0.0408,0.0385,-1.3635,281.0,0.38,0.000,0.000,WAYPOINT
2026-08-17T10:10:55.892813,37.8648757,32.4839415,1026.56,-0.0293,0.0322,-1.3196,284.0,0.21,0.000,0.000,WAYPOINT
2026-08-17T10:10:56.892809,37.8648749,32.4839436,1026.51,-0.0365,0.0232,-1.2661,287.0,0.24,0.000,0.000,WAYPOINT
2026-08-17T10:10:57.892708,37.8648739,32.4839458,1026.52,-0.0458,0.0371,-0.9597,305.0,0.30,0.000,0.000,WAYPOINT
2026-08-17T10:10:58.892736,37.8648714,32.4839481,1026.58,-0.0419,0.0586,-0.5654,327.0,0.31,0.000,0.000,WAYPOINT
2026-08-17T10:10:59.892552,37.8648686,32.4839488,1026.59,-0.0458,0.0131,-0.1529,351.0,0.53,0.000,0.000,WAYPOINT
2026-08-17T10:11:00.892499,37.8648644,32.4839476,1026.64,-0.0539,0.1069,0.0917,5.0,0.50,0.000,0.000,WAYPOINT
2026-08-17T10:11:01.892574,37.8648630,32.4839454,1026.64,-0.0488,0.0949,-0.1054,353.0,0.39,0.000,0.000,WAYPOINT
2026-08-17T10:11:02.892558,37.8648634,32.4839457,1026.62,-0.0337,0.0811,-0.5069,330.0,0.15,0.000,0.000,WAYPOINT
2026-08-17T10:11:03.892649,37.8648649,32.4839474,1026.57,-0.0395,0.1923,-0.7299,318.0,0.04,0.000,0.000,WAYPOINT
2026-08-17T10:11:04.892498,37.8648660,32.4839482,1026.52,-0.0361,0.1937,-0.8233,312.0,0.11,0.000,0.000,WAYPOINT
2026-08-17T10:11:05.892528,37.8648668,32.4839484,1026.53,-0.0377,0.1735,-0.8620,310.0,0.15,0.000,0.000,WAYPOINT
2026-08-17T10:11:06.892519,37.8648671,32.4839488,1026.54,-0.0374,0.1566,-0.8707,310.0,0.15,0.000,0.000,WAYPOINT
2026-08-17T10:11:07.892434,37.8648669,32.4839495,1026.55,-0.0397,0.1556,-0.8606,310.0,0.11,0.000,0.000,WAYPOINT
2026-08-17T10:11:08.892550,37.8648665,32.4839496,1026.56,-0.0416,0.1599,-0.8447,311.0,0.07,0.000,0.000,WAYPOINT
2026-08-17T10:11:09.892685,37.8648660,32.4839500,1026.58,-0.0415,0.1682,-0.8307,312.0,0.03,0.000,0.000,WAYPOINT
2026-08-17T10:11:10.892739,37.8648656,32.4839505,1026.60,-0.0417,0.1792,-0.8115,313.0,0.04,0.000,0.000,WAYPOINT
2026-08-17T10:11:11.892726,37.8648651,32.4839507,1026.60,-0.0435,0.1824,-0.7837,315.0,0.05,0.000,0.000,WAYPOINT
2026-08-17T10:11:12.892553,37.8648648,32.4839509,1026.61,-0.0543,0.1467,-0.7708,315.0,0.05,0.000,0.000,WAYPOINT
2026-08-17T10:11:13.892524,37.8648644,32.4839514,1026.59,-0.0557,0.1125,-0.8260,312.0,0.17,0.000,0.000,WAYPOINT
2026-08-17T10:11:14.892637,37.8648633,32.4839529,1026.53,-0.0606,0.0705,-0.9328,306.0,0.14,0.000,0.000,WAYPOINT
2026-08-17T10:11:15.892528,37.8648627,32.4839541,1026.50,-0.0608,0.0836,-1.1063,296.0,0.07,0.000,0.000,WAYPOINT
2026-08-17T10:11:16.892739,37.8648626,32.4839552,1026.49,-0.0612,0.0852,-1.2152,290.0,0.04,0.000,0.000,WAYPOINT
2026-08-17T10:11:17.892687,37.8648625,32.4839551,1026.53,-0.0322,0.0635,-1.2778,286.0,0.01,0.000,0.000,WAYPOINT
2026-08-17T10:11:18.892571,37.8648621,32.4839548,1026.54,-0.0301,0.0656,-1.3571,282.0,0.07,0.000,0.000,WAYPOINT
2026-08-17T10:11:19.892477,37.8648617,32.4839544,1026.52,-0.0372,0.0740,-1.4281,278.0,0.07,0.000,0.000,WAYPOINT
2026-08-17T10:11:20.892685,37.8648617,32.4839544,1026.51,-0.0386,0.0790,-1.4296,278.0,0.10,0.000,0.000,WAYPOINT
2026-08-17T10:11:21.892731,37.8648620,32.4839550,1026.54,-0.0377,0.0800,-1.4274,278.0,0.07,0.000,0.000,WAYPOINT
2026-08-17T10:11:22.892634,37.8648617,32.4839553,1026.58,-0.0414,0.0980,-1.4504,276.0,0.01,0.000,0.000,WAYPOINT
2026-08-17T10:11:23.892660,37.8648613,32.4839551,1026.51,-0.0363,0.1131,-1.4793,275.0,0.03,0.000,0.000,WAYPOINT
2026-08-17T10:11:24.892574,37.8648611,32.4839549,1026.45,-0.0366,0.1125,-1.5585,270.0,0.02,0.000,0.000,WAYPOINT
2026-08-17T10:11:25.892724,37.8648611,32.4839549,1026.44,-0.0335,0.1011,-1.6374,266.0,0.01,0.000,0.000,WAYPOINT
2026-08-17T10:11:26.892587,37.8648609,32.4839555,1026.48,-0.0316,0.0785,-1.6839,263.0,0.05,0.000,0.000,WAYPOINT
2026-08-17T10:11:27.892552,37.8648615,32.4839552,1026.51,-0.0388,0.1053,-1.5296,272.0,0.09,0.000,0.000,WAYPOINT
2026-08-17T10:11:28.892587,37.8648612,32.4839553,1026.51,-0.0389,0.0996,-1.4624,276.0,0.03,0.000,0.000,WAYPOINT
2026-08-17T10:11:29.892656,37.8648607,32.4839555,1026.53,-0.0443,0.1113,-1.4766,275.0,0.06,0.000,0.000,WAYPOINT
2026-08-17T10:11:30.892671,37.8648604,32.4839556,1026.56,-0.0417,0.1392,-1.4421,277.0,0.07,0.000,0.000,WAYPOINT
2026-08-17T10:11:31.892579,37.8648601,32.4839558,1026.52,-0.0402,0.1186,-1.4455,277.0,0.08,0.000,0.000,WAYPOINT
2026-08-17T10:11:32.892555,37.8648600,32.4839559,1026.51,-0.0396,0.1088,-1.4643,276.0,0.06,0.000,0.000,WAYPOINT
2026-08-17T10:11:33.892497,37.8648602,32.4839558,1026.52,-0.0439,0.1665,-1.4427,277.0,0.03,0.000,0.000,WAYPOINT
2026-08-17T10:11:34.892548,37.8648603,32.4839556,1026.49,-0.0411,0.1595,-1.4258,278.0,0.02,0.000,0.000,WAYPOINT
2026-08-17T10:11:35.892601,37.8648603,32.4839554,1026.47,-0.0426,0.1630,-1.4294,278.0,0.03,0.000,0.000,WAYPOINT
2026-08-17T10:11:36.892533,37.8648603,32.4839555,1026.46,-0.0413,0.1660,-1.4404,277.0,0.03,0.000,0.000,WAYPOINT
2026-08-17T10:11:37.892554,37.8648603,32.4839555,1026.44,-0.0423,0.1685,-1.4492,276.0,0.03,0.000,0.000,WAYPOINT
2026-08-17T10:11:38.892646,37.8648601,32.4839554,1026.51,-0.0425,0.1633,-1.4612,276.0,0.03,0.000,0.000,WAYPOINT
2026-08-17T10:11:39.892846,37.8648602,32.4839553,1026.54,-0.0424,0.1594,-1.4696,275.0,0.01,0.000,0.000,WAYPOINT
2026-08-17T10:11:40.892602,37.8648602,32.4839550,1026.55,-0.0428,0.0931,-1.4887,274.0,0.04,0.000,0.000,WAYPOINT
2026-08-17T10:11:41.892652,37.8648602,32.4839549,1026.58,-0.0417,0.1069,-1.5044,273.0,0.03,0.000,0.000,WAYPOINT
2026-08-17T10:11:42.892697,37.8648602,32.4839550,1026.58,-0.0424,0.1565,-1.5067,273.0,0.03,0.000,0.000,WAYPOINT
2026-08-17T10:11:43.892697,37.8648601,32.4839548,1026.53,-0.0432,0.1519,-1.5119,273.0,0.02,0.000,0.000,WAYPOINT
2026-08-17T10:11:44.892719,37.8648602,32.4839545,1026.50,-0.0420,0.1585,-1.4851,274.0,0.03,0.000,0.000,WAYPOINT
2026-08-17T10:11:45.892773,37.8648600,32.4839545,1026.51,-0.0432,0.1657,-1.4844,274.0,0.04,0.000,0.000,WAYPOINT
2026-08-17T10:11:46.892574,37.8648599,32.4839543,1026.52,-0.0427,0.1648,-1.4978,274.0,0.03,0.000,0.000,WAYPOINT
2026-08-17T10:11:47.892562,37.8648601,32.4839542,1026.51,-0.0434,0.1672,-1.4977,274.0,0.02,0.000,0.000,WAYPOINT
2026-08-17T10:11:48.892513,37.8648602,32.4839541,1026.53,-0.0397,0.1306,-1.4762,275.0,0.04,0.000,0.000,WAYPOINT
2026-08-17T10:11:49.892557,37.8648600,32.4839542,1026.57,-0.0395,0.1157,-1.4921,274.0,0.05,0.000,0.000,WAYPOINT
2026-08-17T10:11:50.892644,37.8648599,32.4839542,1026.61,-0.0387,0.1131,-1.4959,274.0,0.03,0.000,0.000,WAYPOINT
2026-08-17T10:11:51.892618,37.8648598,32.4839544,1026.58,-0.0380,0.1117,-1.4822,275.0,0.03,0.000,0.000,WAYPOINT
2026-08-17T10:11:52.892550,37.8648599,32.4839545,1026.50,-0.0370,0.1025,-1.4646,276.0,0.01,0.000,0.000,WAYPOINT
2026-08-17T10:11:53.892551,37.8648601,32.4839544,1026.49,-0.0374,0.1043,-1.4357,277.0,0.02,0.000,0.000,WAYPOINT
2026-08-17T10:11:54.892630,37.8648601,32.4839544,1026.53,-0.0387,0.1035,-1.4288,278.0,0.02,0.000,0.000,WAYPOINT
2026-08-17T10:11:55.892656,37.8648601,32.4839544,1026.55,-0.0376,0.1010,-1.4520,276.0,0.05,0.000,0.000,WAYPOINT
2026-08-17T10:11:56.892627,37.8648597,32.4839545,1026.59,-0.0367,0.0986,-1.4934,274.0,0.06,0.000,0.800,WAYPOINT
2026-08-17T10:11:57.892511,37.8648598,32.4839543,1026.58,-0.0406,0.1006,-1.5245,272.0,0.04,0.000,0.800,WAYPOINT
2026-08-17T10:11:58.892847,37.8648598,32.4839543,1026.58,-0.0401,0.0978,-1.5433,271.0,0.03,0.000,0.800,WAYPOINT
2026-08-17T10:11:59.892726,37.8648599,32.4839545,1026.62,-0.0363,0.0949,-1.5198,272.0,0.01,0.000,0.800,WAYPOINT
2026-08-17T10:12:00.892488,37.8648598,32.4839543,1026.63,-0.0387,0.0921,-1.5035,273.0,0.02,0.000,0.800,WAYPOINT
2026-08-17T10:12:01.892503,37.8648599,32.4839544,1026.61,-0.0404,0.0940,-1.4781,275.0,0.03,0.000,0.800,WAYPOINT
2026-08-17T10:12:02.892700,37.8648597,32.4839544,1026.56,-0.0400,0.0911,-1.4660,276.0,0.06,0.000,0.800,WAYPOINT
2026-08-17T10:12:03.892534,37.8648592,32.4839546,1026.56,-0.0393,0.0881,-1.4960,274.0,0.08,0.000,0.800,WAYPOINT
2026-08-17T10:12:04.892534,37.8648591,32.4839546,1026.55,-0.0388,0.0877,-1.4771,275.0,0.06,0.000,0.800,WAYPOINT
2026-08-17T10:12:05.892506,37.8648589,32.4839545,1026.54,-0.0414,0.0917,-1.4824,275.0,0.06,0.000,0.800,WAYPOINT
2026-08-17T10:12:06.892710,37.8648587,32.4839544,1026.58,-0.0395,0.0924,-1.4589,276.0,0.05,0.000,0.800,WAYPOINT
2026-08-17T10:12:07.892591,37.8648588,32.4839544,1026.61,-0.0388,0.0898,-1.4464,277.0,0.03,0.000,0.800,WAYPOINT
2026-08-17T10:12:08.892549,37.8648590,32.4839544,1026.61,-0.0385,0.0867,-1.4272,278.0,0.03,0.000,0.800,WAYPOINT
2026-08-17T10:12:09.892803,37.8648591,32.4839545,1026.56,-0.0394,0.0847,-1.4132,279.0,0.03,0.000,0.800,WAYPOINT
2026-08-17T10:12:10.892675,37.8648591,32.4839545,1026.52,-0.0385,0.0850,-1.4103,279.0,0.04,0.000,0.800,WAYPOINT
2026-08-17T10:12:11.892518,37.8648591,32.4839544,1026.50,-0.0422,0.0694,-1.4900,274.0,0.04,0.000,0.800,WAYPOINT
2026-08-17T10:12:12.892531,37.8648593,32.4839548,1026.48,-0.0441,0.0479,-1.4807,275.0,0.05,0.000,0.800,WAYPOINT
2026-08-17T10:12:13.892424,37.8648602,32.4839550,1026.45,-0.0379,0.0481,-1.4122,279.0,0.06,0.000,0.800,WAYPOINT
2026-08-17T10:12:14.892501,37.8648605,32.4839553,1026.44,-0.0223,0.0494,-1.3507,282.0,0.04,0.000,0.800,WAYPOINT
2026-08-17T10:12:15.892525,37.8648599,32.4839552,1026.43,-0.0357,0.0632,-1.4202,278.0,0.07,0.000,0.800,WAYPOINT
2026-08-17T10:12:16.892554,37.8648597,32.4839548,1026.47,-0.0299,0.0667,-1.4081,279.0,0.04,0.000,0.000,WAYPOINT
2026-08-17T10:12:17.892588,37.8648597,32.4839549,1026.50,-0.0309,0.0719,-1.4301,278.0,0.01,0.000,0.000,WAYPOINT
2026-08-17T10:12:18.892543,37.8648600,32.4839551,1026.54,-0.0307,0.0706,-1.3985,279.0,0.02,0.000,0.000,WAYPOINT
2026-08-17T10:12:19.892567,37.8648600,32.4839556,1026.59,-0.0301,0.0742,-1.3493,282.0,0.02,0.000,0.000,WAYPOINT
2026-08-17T10:12:20.892633,37.8648601,32.4839556,1026.62,-0.0386,0.1068,-1.3124,284.0,0.05,0.000,0.000,WAYPOINT
2026-08-17T10:12:21.892621,37.8648603,32.4839555,1026.62,-0.0464,0.1788,-1.2929,285.0,0.03,0.000,0.000,WAYPOINT
2026-08-17T10:12:22.892530,37.8648604,32.4839556,1026.59,-0.0448,0.1662,-1.2474,288.0,0.04,0.000,0.000,WAYPOINT
2026-08-17T10:12:23.892486,37.8648604,32.4839559,1026.54,-0.0432,0.1620,-1.2039,291.0,0.05,0.000,0.000,WAYPOINT
2026-08-17T10:12:24.892693,37.8648604,32.4839564,1026.52,-0.0439,0.1504,-1.1863,292.0,0.06,0.000,0.000,WAYPOINT
2026-08-17T10:12:25.892576,37.8648602,32.4839567,1026.52,-0.0445,0.1607,-1.1786,292.0,0.07,0.000,0.000,WAYPOINT
2026-08-17T10:12:26.892632,37.8648601,32.4839569,1026.50,-0.0430,0.1550,-1.1653,293.0,0.06,0.000,0.000,WAYPOINT
2026-08-17T10:12:27.892574,37.8648602,32.4839569,1026.52,-0.0422,0.1539,-1.1602,293.0,0.04,0.000,0.000,WAYPOINT
2026-08-17T10:12:28.892473,37.8648603,32.4839571,1026.56,-0.0411,0.1508,-1.1709,292.0,0.05,0.000,0.000,WAYPOINT
2026-08-17T10:12:29.892611,37.8648601,32.4839574,1026.59,-0.0434,0.1539,-1.2258,289.0,0.05,0.000,0.000,WAYPOINT
2026-08-17T10:12:30.892584,37.8648601,32.4839576,1026.63,-0.0423,0.1594,-1.2478,288.0,0.02,0.000,0.000,WAYPOINT
2026-08-17T10:12:31.892636,37.8648602,32.4839575,1026.62,-0.0417,0.1556,-1.2270,289.0,0.02,0.000,0.000,WAYPOINT
2026-08-17T10:12:32.892517,37.8648602,32.4839575,1026.56,-0.0409,0.1596,-1.2011,291.0,0.01,0.000,0.000,WAYPOINT
2026-08-17T10:12:33.892589,37.8648600,32.4839574,1026.53,-0.0419,0.1577,-1.1793,292.0,0.02,0.000,0.000,WAYPOINT
2026-08-17T10:12:34.892527,37.8648601,32.4839574,1026.49,-0.0405,0.1628,-1.1473,294.0,0.02,0.000,0.000,WAYPOINT
2026-08-17T10:12:35.892779,37.8648599,32.4839573,1026.47,-0.0426,0.1592,-1.1864,292.0,0.04,0.000,0.000,WAYPOINT
2026-08-17T10:12:36.892662,37.8648599,32.4839571,1026.50,-0.0435,0.1643,-1.3067,285.0,0.03,0.000,0.000,WAYPOINT
2026-08-17T10:12:37.892720,37.8648599,32.4839571,1026.50,-0.0438,0.1595,-1.3782,281.0,0.02,0.000,0.000,WAYPOINT
2026-08-17T10:12:38.892621,37.8648599,32.4839571,1026.52,-0.0425,0.1644,-1.2226,289.0,0.02,0.000,0.000,WAYPOINT
2026-08-17T10:12:39.892747,37.8648594,32.4839567,1026.50,-0.0413,0.1525,-1.0924,297.0,0.06,0.000,0.000,WAYPOINT
2026-08-17T10:12:40.892624,37.8648584,32.4839568,1026.46,-0.0405,0.1647,-1.1981,291.0,0.14,0.000,0.000,WAYPOINT
2026-08-17T10:12:41.892629,37.8648581,32.4839574,1026.49,-0.0407,0.1660,-1.3657,281.0,0.08,0.000,0.000,WAYPOINT
2026-08-17T10:12:42.892733,37.8648584,32.4839566,1026.51,-0.0429,0.1518,-1.4664,275.0,0.02,0.000,0.000,WAYPOINT
2026-08-17T10:12:43.892826,37.8648586,32.4839565,1026.50,-0.0438,0.1516,-1.4868,274.0,0.03,0.000,0.000,WAYPOINT
2026-08-17T10:12:44.892715,37.8648588,32.4839565,1026.49,-0.0426,0.1517,-1.5258,272.0,0.02,0.000,0.000,WAYPOINT
2026-08-17T10:12:45.892725,37.8648586,32.4839565,1026.54,-0.0416,0.1475,-1.5435,271.0,0.03,0.000,0.000,WAYPOINT
2026-08-17T10:12:46.892677,37.8648586,32.4839569,1026.57,-0.0585,0.1180,-1.4867,274.0,0.04,0.000,0.000,WAYPOINT
2026-08-17T10:12:47.892718,37.8648590,32.4839578,1026.59,-0.0438,0.1486,-1.3915,280.0,0.06,0.000,0.000,WAYPOINT
2026-08-17T10:12:48.892713,37.8648593,32.4839581,1026.55,-0.0463,0.1388,-1.3301,283.0,0.07,0.000,0.000,WAYPOINT
2026-08-17T10:12:49.892930,37.8648594,32.4839585,1026.50,-0.0509,0.1559,-1.3067,285.0,0.04,0.000,0.000,WAYPOINT
2026-08-17T10:12:50.892668,37.8648597,32.4839576,1026.45,-0.0409,0.1384,-1.3094,284.0,0.04,0.000,0.000,WAYPOINT
2026-08-17T10:12:51.892640,37.8648595,32.4839586,1026.49,-0.0249,0.0954,-1.3537,282.0,0.10,0.000,0.000,WAYPOINT
2026-08-17T10:12:52.892552,37.8648591,32.4839583,1026.57,-0.0272,0.0834,-1.3864,280.0,0.09,0.000,0.000,WAYPOINT
2026-08-17T10:12:53.892586,37.8648590,32.4839582,1026.60,-0.0301,0.0801,-1.4155,278.0,0.05,0.000,0.000,WAYPOINT
2026-08-17T10:12:54.892773,37.8648591,32.4839583,1026.62,-0.0312,0.0844,-1.4120,279.0,0.04,0.000,0.000,WAYPOINT
2026-08-17T10:12:55.892789,37.8648593,32.4839585,1026.61,-0.0344,0.0877,-1.4086,279.0,0.04,0.000,0.000,WAYPOINT
2026-08-17T10:12:56.892740,37.8648596,32.4839584,1026.60,-0.0311,0.0850,-1.3958,280.0,0.03,0.000,0.000,WAYPOINT
2026-08-17T10:12:57.892657,37.8648595,32.4839582,1026.59,-0.0282,0.0750,-1.4206,278.0,0.05,0.000,0.000,WAYPOINT
2026-08-17T10:12:58.892620,37.8648594,32.4839579,1026.55,-0.0104,-0.0078,-1.4671,275.0,0.05,0.000,0.000,WAYPOINT
2026-08-17T10:12:59.892660,37.8648593,32.4839581,1026.47,-0.0166,0.0027,-1.4974,274.0,0.03,0.000,0.000,WAYPOINT
2026-08-17T10:13:00.892650,37.8648594,32.4839580,1026.49,-0.0272,0.0579,-1.4745,275.0,0.02,0.000,0.000,WAYPOINT
2026-08-17T10:13:01.892790,37.8648595,32.4839579,1026.53,-0.0279,0.0781,-1.4798,275.0,0.03,0.000,0.000,WAYPOINT
2026-08-17T10:13:02.892490,37.8648595,32.4839578,1026.58,-0.0306,0.0822,-1.4742,275.0,0.03,0.000,0.000,WAYPOINT
2026-08-17T10:13:03.892564,37.8648596,32.4839576,1026.58,-0.0268,0.0800,-1.4610,276.0,0.01,0.000,0.000,WAYPOINT
2026-08-17T10:13:04.892591,37.8648598,32.4839574,1026.62,-0.0226,0.0717,-1.4259,278.0,0.04,0.000,0.000,WAYPOINT
2026-08-17T10:13:05.892660,37.8648599,32.4839573,1026.66,-0.0233,0.0673,-1.3888,280.0,0.06,0.000,0.000,WAYPOINT
2026-08-17T10:13:06.892542,37.8648595,32.4839572,1026.63,-0.0242,0.0686,-1.4452,277.0,0.08,0.000,0.000,WAYPOINT
2026-08-17T10:13:07.892628,37.8648592,32.4839569,1026.58,-0.0270,0.0751,-1.4811,275.0,0.06,0.000,0.000,WAYPOINT
2026-08-17T10:13:08.892551,37.8648589,32.4839569,1026.58,-0.0285,0.0744,-1.5083,273.0,0.04,0.000,0.000,WAYPOINT
2026-08-17T10:13:09.892742,37.8648590,32.4839569,1026.58,-0.0272,0.0747,-1.5173,273.0,0.02,0.000,0.000,WAYPOINT
2026-08-17T10:13:10.892697,37.8648589,32.4839569,1026.51,-0.0258,0.0806,-1.5190,272.0,0.01,0.000,0.000,WAYPOINT
2026-08-17T10:13:11.892506,37.8648591,32.4839568,1026.50,-0.0270,0.0802,-1.5217,272.0,0.01,0.000,0.000,WAYPOINT
2026-08-17T10:13:12.892590,37.8648592,32.4839566,1026.51,-0.0262,0.0794,-1.5295,272.0,0.02,0.000,0.000,WAYPOINT
2026-08-17T10:13:13.892568,37.8648593,32.4839565,1026.54,-0.0330,0.1322,-1.4885,274.0,0.16,0.000,0.000,WAYPOINT
2026-08-17T10:13:14.892677,37.8648597,32.4839536,1026.59,-0.0426,0.1821,-1.4198,278.0,0.42,0.000,0.000,WAYPOINT
2026-08-17T10:13:15.892547,37.8648609,32.4839484,1026.58,-0.0423,0.1629,-1.3778,281.0,0.54,0.000,0.000,WAYPOINT
2026-08-17T10:13:16.892575,37.8648626,32.4839430,1026.56,-0.0414,0.1585,-1.3558,282.0,0.55,0.000,0.000,WAYPOINT
2026-08-17T10:13:17.892552,37.8648644,32.4839374,1026.55,-0.0406,0.1567,-1.3565,282.0,0.55,0.000,0.000,WAYPOINT
2026-08-17T10:13:18.892670,37.8648661,32.4839317,1026.49,-0.0405,0.1570,-1.3658,281.0,0.54,0.000,0.000,WAYPOINT
2026-08-17T10:13:19.892698,37.8648680,32.4839257,1026.48,-0.0400,0.1577,-1.3855,280.0,0.54,0.000,0.000,WAYPOINT
2026-08-17T10:13:20.892538,37.8648696,32.4839199,1026.45,-0.0395,0.1563,-1.4124,279.0,0.53,0.000,0.000,WAYPOINT
2026-08-17T10:13:21.892553,37.8648709,32.4839143,1026.45,-0.0407,0.1596,-1.4433,277.0,0.50,0.000,0.000,WAYPOINT
2026-08-17T10:13:22.892644,37.8648721,32.4839088,1026.45,-0.0404,0.1603,-1.4745,275.0,0.50,0.000,0.000,WAYPOINT
2026-08-17T10:13:23.892641,37.8648730,32.4839031,1026.49,-0.0404,0.1586,-1.5058,273.0,0.50,0.000,0.000,WAYPOINT
2026-08-17T10:13:24.892620,37.8648739,32.4838975,1026.53,-0.0405,0.1594,-1.5497,271.0,0.48,0.000,0.000,WAYPOINT
2026-08-17T10:13:25.892505,37.8648744,32.4838922,1026.58,-0.0426,0.1618,-1.5835,269.0,0.47,0.000,0.000,WAYPOINT
2026-08-17T10:13:26.892572,37.8648750,32.4838871,1026.62,-0.0422,0.1599,-1.5933,268.0,0.48,0.000,0.000,WAYPOINT
2026-08-17T10:13:27.892847,37.8648755,32.4838817,1026.67,-0.0422,0.1647,-1.5919,268.0,0.48,0.000,0.000,WAYPOINT
2026-08-17T10:13:28.892563,37.8648760,32.4838766,1026.75,-0.0415,0.1624,-1.5808,269.0,0.47,0.000,0.000,WAYPOINT
2026-08-17T10:13:29.892706,37.8648768,32.4838715,1026.78,-0.0425,0.1617,-1.5644,270.0,0.47,0.000,0.000,WAYPOINT
2026-08-17T10:13:30.892504,37.8648776,32.4838660,1026.82,-0.0430,0.1611,-1.5483,271.0,0.49,0.000,0.000,WAYPOINT
2026-08-17T10:13:31.892565,37.8648782,32.4838608,1026.82,-0.0435,0.1629,-1.5229,272.0,0.48,0.000,0.000,WAYPOINT
2026-08-17T10:13:32.892807,37.8648792,32.4838556,1026.83,-0.0429,0.1662,-1.4967,274.0,0.47,0.000,0.000,WAYPOINT
2026-08-17T10:13:33.892799,37.8648802,32.4838503,1026.82,-0.0450,0.1599,-1.4726,275.0,0.49,0.000,0.000,WAYPOINT
2026-08-17T10:13:34.892548,37.8648813,32.4838450,1026.82,-0.0439,0.1684,-1.4511,276.0,0.47,0.000,0.000,WAYPOINT
2026-08-17T10:13:35.892510,37.8648824,32.4838395,1026.82,-0.0444,0.1637,-1.4383,277.0,0.47,0.000,0.000,WAYPOINT
2026-08-17T10:13:36.892568,37.8648837,32.4838340,1026.81,-0.0456,0.1591,-1.4269,278.0,0.49,0.000,0.000,WAYPOINT
2026-08-17T10:13:37.892794,37.8648848,32.4838283,1026.79,-0.0447,0.1607,-1.4142,278.0,0.50,0.000,0.000,WAYPOINT
2026-08-17T10:13:38.892545,37.8648859,32.4838228,1026.75,-0.0459,0.1615,-1.3954,280.0,0.49,0.000,0.000,WAYPOINT
2026-08-17T10:13:39.892494,37.8648873,32.4838170,1026.69,-0.0452,0.1636,-1.3758,281.0,0.48,0.000,0.000,WAYPOINT
2026-08-17T10:13:40.892520,37.8648886,32.4838114,1026.67,-0.0429,0.1573,-1.3601,282.0,0.51,0.000,0.000,WAYPOINT
2026-08-17T10:13:41.892678,37.8648903,32.4838058,1026.66,-0.0420,0.1630,-1.3537,282.0,0.49,0.000,0.000,WAYPOINT
2026-08-17T10:13:42.892549,37.8648918,32.4838005,1026.65,-0.0415,0.1626,-1.3541,282.0,0.50,0.000,0.000,WAYPOINT
2026-08-17T10:13:43.892708,37.8648936,32.4837949,1026.65,-0.0398,0.1609,-1.3657,281.0,0.49,0.000,0.000,WAYPOINT
2026-08-17T10:13:44.892732,37.8648953,32.4837896,1026.65,-0.0387,0.1626,-1.3954,280.0,0.47,0.000,0.000,WAYPOINT
2026-08-17T10:13:45.892572,37.8648968,32.4837845,1026.69,-0.0450,0.1690,-1.4233,278.0,0.44,0.000,0.000,WAYPOINT
2026-08-17T10:13:46.892563,37.8648980,32.4837798,1026.70,-0.0469,0.1665,-1.4297,278.0,0.46,0.000,0.000,WAYPOINT
2026-08-17T10:13:47.892541,37.8648994,32.4837746,1026.73,-0.0497,0.1616,-1.4311,278.0,0.48,0.000,0.000,WAYPOINT
2026-08-17T10:13:48.892535,37.8649005,32.4837694,1026.74,-0.0502,0.1583,-1.4179,278.0,0.49,0.000,0.000,WAYPOINT
2026-08-17T10:13:49.892819,37.8649025,32.4837654,1026.73,-0.0454,0.1749,-1.3317,283.0,0.46,0.000,0.000,WAYPOINT
2026-08-17T10:13:50.892583,37.8649053,32.4837629,1026.70,-0.0459,0.1750,-1.2299,289.0,0.31,0.000,0.000,WAYPOINT
2026-08-17T10:13:51.892401,37.8649071,32.4837597,1026.76,-0.0424,0.1642,-1.3123,284.0,0.48,0.000,0.000,WAYPOINT
2026-08-17T10:13:52.892545,37.8649090,32.4837539,1026.78,-0.0363,0.1605,-1.4094,279.0,0.55,0.000,0.000,WAYPOINT
2026-08-17T10:13:53.892559,37.8649102,32.4837475,1026.83,-0.0375,0.1511,-1.5134,273.0,0.60,0.000,0.000,WAYPOINT
2026-08-17T10:13:54.892776,37.8649114,32.4837400,1026.86,-0.0377,0.1529,-1.6000,268.0,0.62,0.000,0.000,WAYPOINT
2026-08-17T10:13:55.892522,37.8649118,32.4837330,1026.86,-0.0398,0.1545,-1.6696,264.0,0.59,0.000,0.000,WAYPOINT
2026-08-17T10:13:56.892546,37.8649119,32.4837267,1026.83,-0.0400,0.1568,-1.7232,261.0,0.55,0.000,0.000,WAYPOINT
2026-08-17T10:13:57.892551,37.8649116,32.4837209,1026.80,-0.0405,0.1576,-1.7659,258.0,0.51,0.000,0.000,WAYPOINT
2026-08-17T10:13:58.892543,37.8649112,32.4837157,1026.78,-0.0421,0.1612,-1.7922,257.0,0.46,0.000,0.000,WAYPOINT
2026-08-17T10:13:59.892588,37.8649107,32.4837110,1026.77,-0.0441,0.1596,-1.7950,257.0,0.44,0.000,0.000,WAYPOINT
2026-08-17T10:14:00.892555,37.8649104,32.4837066,1026.77,-0.0435,0.1585,-1.7716,258.0,0.44,0.000,0.000,WAYPOINT
2026-08-17T10:14:01.892541,37.8649102,32.4837021,1026.76,-0.0438,0.1688,-1.7365,260.0,0.43,0.000,0.000,WAYPOINT
2026-08-17T10:14:02.892550,37.8649102,32.4836974,1026.72,-0.0429,0.1732,-1.6885,263.0,0.43,0.000,0.000,WAYPOINT
2026-08-17T10:14:03.892698,37.8649101,32.4836926,1026.65,-0.0427,0.1687,-1.6259,266.0,0.44,0.000,0.000,WAYPOINT
2026-08-17T10:14:04.892636,37.8649104,32.4836876,1026.62,-0.0437,0.1600,-1.5578,270.0,0.45,0.000,0.000,WAYPOINT
2026-08-17T10:14:05.892845,37.8649110,32.4836827,1026.61,-0.0446,0.1602,-1.4937,274.0,0.45,0.000,0.000,WAYPOINT
2026-08-17T10:14:06.892653,37.8649117,32.4836776,1026.60,-0.0444,0.1636,-1.4295,278.0,0.46,0.000,0.000,WAYPOINT
2026-08-17T10:14:07.892654,37.8649132,32.4836719,1026.59,-0.0437,0.1642,-1.3689,281.0,0.48,0.000,0.000,WAYPOINT
2026-08-17T10:14:08.892500,37.8649148,32.4836664,1026.55,-0.0439,0.1651,-1.3162,284.0,0.48,0.000,0.000,WAYPOINT
2026-08-17T10:14:09.892630,37.8649164,32.4836611,1026.57,-0.0437,0.1621,-1.2768,286.0,0.48,0.000,0.000,WAYPOINT
2026-08-17T10:14:10.892543,37.8649184,32.4836558,1026.60,-0.0435,0.1624,-1.2478,288.0,0.49,0.000,0.000,WAYPOINT
2026-08-17T10:14:11.892679,37.8649206,32.4836503,1026.70,-0.0425,0.1626,-1.2274,289.0,0.50,0.000,0.000,WAYPOINT
2026-08-17T10:14:12.892666,37.8649229,32.4836451,1026.81,-0.0414,0.1616,-1.2248,289.0,0.51,0.000,0.000,WAYPOINT
2026-08-17T10:14:13.892400,37.8649251,32.4836397,1026.91,-0.0414,0.1613,-1.2350,289.0,0.51,0.000,0.000,WAYPOINT
2026-08-17T10:14:14.892558,37.8649269,32.4836345,1027.00,-0.0410,0.1622,-1.2497,288.0,0.50,0.000,0.000,WAYPOINT
2026-08-17T10:14:15.892516,37.8649287,32.4836294,1027.07,-0.0409,0.1622,-1.2704,287.0,0.50,0.000,0.000,WAYPOINT
2026-08-17T10:14:16.892686,37.8649305,32.4836242,1027.09,-0.0406,0.1602,-1.3017,285.0,0.51,0.000,0.000,WAYPOINT
2026-08-17T10:14:17.892626,37.8649324,32.4836185,1027.09,-0.0401,0.1646,-1.3337,283.0,0.51,0.000,0.000,WAYPOINT
2026-08-17T10:14:18.892727,37.8649340,32.4836130,1027.09,-0.0405,0.1609,-1.3718,281.0,0.52,0.000,0.000,WAYPOINT
2026-08-17T10:14:19.892739,37.8649355,32.4836071,1027.08,-0.0409,0.1597,-1.4083,279.0,0.53,0.000,0.000,WAYPOINT
2026-08-17T10:14:20.892711,37.8649366,32.4836015,1027.05,-0.0411,0.1614,-1.4361,277.0,0.51,0.000,0.000,WAYPOINT
2026-08-17T10:14:21.892717,37.8649376,32.4835961,1027.03,-0.0399,0.1658,-1.4605,276.0,0.50,0.000,0.000,WAYPOINT
2026-08-17T10:14:22.892495,37.8649382,32.4835909,1027.04,-0.0404,0.1462,-1.4884,274.0,0.43,0.000,0.000,WAYPOINT
2026-08-17T10:14:23.892589,37.8649386,32.4835874,1027.02,-0.0542,0.1572,-1.5255,272.0,0.08,0.000,0.000,WAYPOINT
2026-08-17T10:14:24.892757,37.8649400,32.4835873,1026.95,-0.0443,0.1405,-1.0121,302.0,0.31,0.000,0.000,WAYPOINT
2026-08-17T10:14:25.892868,37.8649403,32.4835896,1026.85,-0.0574,0.1354,-0.3727,338.0,0.25,0.000,0.000,WAYPOINT
2026-08-17T10:14:26.892537,37.8649384,32.4835907,1026.82,-0.0651,0.1222,0.2304,13.0,0.37,0.000,0.000,WAYPOINT
2026-08-17T10:14:27.892716,37.8649356,32.4835890,1026.76,-0.0605,0.1539,0.8343,47.0,0.47,0.000,0.000,WAYPOINT
2026-08-17T10:14:28.892550,37.8649347,32.4835860,1026.68,-0.0513,0.1871,1.2033,68.0,0.27,0.000,0.000,WAYPOINT
2026-08-17T10:14:29.892495,37.8649363,32.4835860,1026.65,-0.0422,0.1671,1.3679,78.0,0.17,0.000,0.000,WAYPOINT
2026-08-17T10:14:30.892521,37.8649373,32.4835908,1026.60,-0.0437,0.1672,1.4690,84.0,0.41,0.000,0.000,WAYPOINT
2026-08-17T10:14:31.892520,37.8649371,32.4835973,1026.58,-0.0356,0.1693,1.5698,89.0,0.57,0.000,0.000,WAYPOINT
2026-08-17T10:14:32.892500,37.8649366,32.4836039,1026.57,-0.0331,0.1596,1.5981,91.0,0.59,0.000,0.000,WAYPOINT
2026-08-17T10:14:33.892606,37.8649362,32.4836098,1026.52,-0.0388,0.1652,1.5624,89.0,0.55,0.000,0.000,WAYPOINT
2026-08-17T10:14:34.892664,37.8649363,32.4836152,1026.51,-0.0346,0.1559,1.5145,86.0,0.54,0.000,0.000,WAYPOINT
2026-08-17T10:14:35.892697,37.8649370,32.4836202,1026.50,-0.0401,0.1645,1.4275,81.0,0.51,0.000,0.000,WAYPOINT
2026-08-17T10:14:36.892503,37.8649383,32.4836252,1026.49,-0.0452,0.1696,1.3734,78.0,0.52,0.000,0.000,WAYPOINT
2026-08-17T10:14:37.892560,37.8649397,32.4836302,1026.49,-0.0473,0.1697,1.3206,75.0,0.48,0.000,0.000,WAYPOINT
2026-08-17T10:14:38.892552,37.8649411,32.4836346,1026.46,-0.0368,0.1694,1.2468,71.0,0.48,0.000,0.000,WAYPOINT
2026-08-17T10:14:39.892663,37.8649428,32.4836392,1026.43,-0.0405,0.1703,1.1808,67.0,0.48,0.000,0.000,WAYPOINT
2026-08-17T10:14:40.892799,37.8649449,32.4836436,1026.42,-0.0405,0.1711,1.1125,63.0,0.48,0.000,0.000,WAYPOINT
2026-08-17T10:14:41.892569,37.8649473,32.4836479,1026.41,-0.0388,0.1653,1.0493,60.0,0.48,0.000,0.000,WAYPOINT
2026-08-17T10:14:42.892725,37.8649497,32.4836525,1026.47,-0.0386,0.1679,0.9948,56.0,0.48,0.000,0.000,WAYPOINT
2026-08-17T10:14:43.892650,37.8649523,32.4836571,1026.52,-0.0378,0.1658,0.9527,54.0,0.49,0.000,0.000,WAYPOINT
2026-08-17T10:14:44.892558,37.8649551,32.4836617,1026.58,-0.0347,0.1673,0.9106,52.0,0.50,0.000,0.000,WAYPOINT
2026-08-17T10:14:45.892546,37.8649581,32.4836657,1026.59,-0.0345,0.1696,0.8721,49.0,0.49,0.000,0.000,WAYPOINT
2026-08-17T10:14:46.892564,37.8649608,32.4836695,1026.53,-0.0360,0.1753,0.8377,47.0,0.45,0.000,0.000,WAYPOINT
2026-08-17T10:14:47.892761,37.8649636,32.4836734,1026.48,-0.0388,0.1701,0.8161,46.0,0.46,0.000,0.000,WAYPOINT
2026-08-17T10:14:48.892619,37.8649666,32.4836774,1026.46,-0.0396,0.1671,0.8116,46.0,0.48,0.000,0.000,WAYPOINT
2026-08-17T10:14:49.892513,37.8649698,32.4836817,1026.46,-0.0386,0.1673,0.8189,46.0,0.49,0.000,0.000,WAYPOINT
2026-08-17T10:14:50.892680,37.8649727,32.4836860,1026.46,-0.0389,0.1679,0.8277,47.0,0.49,0.000,0.000,WAYPOINT
2026-08-17T10:14:51.892844,37.8649756,32.4836903,1026.44,-0.0395,0.1651,0.8516,48.0,0.49,0.000,0.000,WAYPOINT
2026-08-17T10:14:52.892718,37.8649783,32.4836946,1026.41,-0.0385,0.1669,0.8769,50.0,0.49,0.000,0.000,WAYPOINT
2026-08-17T10:14:53.892707,37.8649809,32.4836991,1026.40,-0.0375,0.1648,0.8978,51.0,0.49,0.000,0.000,WAYPOINT
2026-08-17T10:14:54.892809,37.8649833,32.4837035,1026.45,-0.0388,0.1669,0.9077,52.0,0.48,0.000,0.000,WAYPOINT
2026-08-17T10:14:55.893003,37.8649859,32.4837081,1026.54,-0.0416,0.1645,0.9238,52.0,0.49,0.000,0.000,WAYPOINT
2026-08-17T10:14:56.893207,37.8649882,32.4837130,1026.55,-0.0390,0.1691,0.9701,55.0,0.50,0.000,0.000,WAYPOINT
2026-08-17T10:14:57.892776,37.8649903,32.4837182,1026.52,-0.0374,0.1635,1.0102,57.0,0.51,0.000,0.000,WAYPOINT
2026-08-17T10:14:58.893049,37.8649926,32.4837233,1026.50,-0.0379,0.1640,1.0378,59.0,0.52,0.000,0.000,WAYPOINT
2026-08-17T10:14:59.892637,37.8649947,32.4837286,1026.48,-0.0366,0.1698,1.0615,60.0,0.50,0.000,0.000,WAYPOINT
2026-08-17T10:15:00.893696,37.8649966,32.4837337,1026.46,-0.0378,0.1664,1.0782,61.0,0.51,0.000,0.000,WAYPOINT
2026-08-17T10:15:01.892655,37.8649987,32.4837389,1026.45,-0.0389,0.1646,1.0969,62.0,0.51,0.000,0.000,WAYPOINT
2026-08-17T10:15:02.892738,37.8650005,32.4837441,1026.46,-0.0348,0.1656,1.1090,63.0,0.50,0.000,0.000,WAYPOINT
2026-08-17T10:15:03.892716,37.8650022,32.4837494,1026.43,-0.0376,0.1640,1.1154,63.0,0.52,0.000,0.000,WAYPOINT
2026-08-17T10:15:04.892743,37.8650041,32.4837549,1026.45,-0.0377,0.1668,1.1217,64.0,0.51,0.000,0.000,WAYPOINT
2026-08-17T10:15:05.892706,37.8650058,32.4837602,1026.48,-0.0387,0.1651,1.1263,64.0,0.51,0.000,0.000,WAYPOINT
2026-08-17T10:15:06.892598,37.8650075,32.4837656,1026.54,-0.0379,0.1655,1.1230,64.0,0.51,0.000,0.000,WAYPOINT
2026-08-17T10:15:07.892776,37.8650091,32.4837709,1026.50,-0.0364,0.1667,1.1160,63.0,0.50,0.000,0.000,WAYPOINT
2026-08-17T10:15:08.892788,37.8650108,32.4837762,1026.44,-0.0359,0.1648,1.1074,63.0,0.51,0.000,0.000,WAYPOINT
2026-08-17T10:15:09.892765,37.8650127,32.4837813,1026.39,-0.0361,0.1630,1.0970,62.0,0.53,0.000,0.000,WAYPOINT
2026-08-17T10:15:10.892665,37.8650147,32.4837864,1026.40,-0.0389,0.1656,1.0814,61.0,0.52,0.000,0.000,WAYPOINT
2026-08-17T10:15:11.892756,37.8650165,32.4837916,1026.39,-0.0375,0.1699,1.0641,60.0,0.49,0.000,0.000,WAYPOINT
2026-08-17T10:15:12.892799,37.8650183,32.4837965,1026.42,-0.0359,0.1608,1.0458,59.0,0.50,0.000,0.000,WAYPOINT
2026-08-17T10:15:13.892718,37.8650200,32.4838015,1026.48,-0.0363,0.1595,1.0217,58.0,0.50,0.000,0.000,WAYPOINT
2026-08-17T10:15:14.892663,37.8650218,32.4838064,1026.50,-0.0364,0.1737,0.9931,56.0,0.47,0.000,0.000,WAYPOINT
2026-08-17T10:15:15.892834,37.8650238,32.4838110,1026.45,-0.0353,0.1606,0.9652,55.0,0.46,0.000,0.000,WAYPOINT
2026-08-17T10:15:16.892601,37.8650256,32.4838149,1026.41,-0.0384,0.1362,0.9080,52.0,0.18,0.000,0.000,WAYPOINT
2026-08-17T10:15:17.892691,37.8650254,32.4838165,1026.40,-0.0471,0.1456,1.2873,73.0,0.29,0.000,0.000,WAYPOINT
2026-08-17T10:15:18.892679,37.8650238,32.4838162,1026.39,-0.0420,0.1482,1.9295,110.0,0.23,0.000,0.000,WAYPOINT
2026-08-17T10:15:19.892806,37.8650241,32.4838148,1026.44,-0.0531,0.1347,2.5566,146.0,0.23,0.000,0.000,WAYPOINT
2026-08-17T10:15:20.892717,37.8650255,32.4838140,1026.49,-0.0514,0.1439,-3.1281,180.0,0.28,0.000,0.000,WAYPOINT
2026-08-17T10:15:21.892867,37.8650274,32.4838153,1026.56,-0.0563,0.1827,-2.7201,204.0,0.18,0.000,0.000,WAYPOINT
2026-08-17T10:15:22.892706,37.8650265,32.4838169,1026.59,-0.0483,0.1765,-2.5509,213.0,0.21,0.000,0.000,WAYPOINT
2026-08-17T10:15:23.892662,37.8650233,32.4838153,1026.59,-0.0490,0.1606,-2.4802,217.0,0.45,0.000,0.000,WAYPOINT
2026-08-17T10:15:24.892544,37.8650197,32.4838117,1026.56,-0.0463,0.1660,-2.3631,224.0,0.56,0.000,0.000,WAYPOINT
2026-08-17T10:15:25.892899,37.8650162,32.4838072,1026.48,-0.0382,0.1575,-2.3103,227.0,0.59,0.000,0.000,WAYPOINT
2026-08-17T10:15:26.892794,37.8650128,32.4838028,1026.45,-0.0313,0.1633,-2.3387,226.0,0.57,0.000,0.000,WAYPOINT
2026-08-17T10:15:27.893962,37.8650098,32.4837986,1026.45,-0.0184,0.1561,-2.4074,222.0,0.53,0.000,0.000,WAYPOINT
2026-08-17T10:15:28.892817,37.8650070,32.4837953,1026.43,-0.0388,0.1701,-2.5165,215.0,0.47,0.000,0.000,WAYPOINT
2026-08-17T10:15:29.892573,37.8650041,32.4837928,1026.38,-0.0486,0.1699,-2.6372,208.0,0.46,0.000,0.000,WAYPOINT
2026-08-17T10:15:30.892910,37.8650008,32.4837907,1026.35,-0.0407,0.1706,-2.7588,201.0,0.46,0.000,0.000,WAYPOINT
2026-08-17T10:15:31.892736,37.8649971,32.4837891,1026.29,-0.0446,0.1656,-2.8710,195.0,0.47,0.000,0.000,WAYPOINT
2026-08-17T10:15:32.892572,37.8649933,32.4837886,1026.25,-0.0324,0.1656,-2.9644,190.0,0.44,0.000,0.000,WAYPOINT
2026-08-17T10:15:33.892554,37.8649895,32.4837888,1026.23,-0.0293,0.1687,-3.0311,186.0,0.44,0.000,0.000,WAYPOINT
2026-08-17T10:15:34.892620,37.8649857,32.4837893,1026.28,-0.0340,0.1669,-3.0343,186.0,0.45,0.000,0.000,WAYPOINT
2026-08-17T10:15:35.892714,37.8649817,32.4837899,1026.31,-0.0261,0.1670,-3.0356,186.0,0.47,0.000,0.000,WAYPOINT
2026-08-17T10:15:36.892663,37.8649773,32.4837898,1026.31,-0.0424,0.1719,-3.0064,187.0,0.49,0.000,0.000,WAYPOINT
2026-08-17T10:15:37.892563,37.8649726,32.4837896,1026.35,-0.0406,0.1569,-2.9875,188.0,0.54,0.000,0.000,WAYPOINT
2026-08-17T10:15:38.892575,37.8649678,32.4837893,1026.39,-0.0410,0.1580,-3.0261,186.0,0.57,0.000,0.000,WAYPOINT
2026-08-17T10:15:39.892883,37.8649623,32.4837895,1026.44,-0.0420,0.1620,-3.0646,184.0,0.57,0.000,0.000,WAYPOINT
2026-08-17T10:15:40.892667,37.8649573,32.4837891,1026.45,-0.0436,0.1629,-2.9629,190.0,0.56,0.000,0.000,WAYPOINT
2026-08-17T10:15:41.892661,37.8649524,32.4837882,1026.46,-0.0331,0.1654,-2.8990,193.0,0.52,0.000,0.000,WAYPOINT
2026-08-17T10:15:42.892703,37.8649473,32.4837868,1026.51,-0.0342,0.1758,-2.8929,194.0,0.55,0.000,0.000,WAYPOINT
2026-08-17T10:15:43.892596,37.8649419,32.4837851,1026.51,-0.0401,0.1651,-2.8816,194.0,0.55,0.000,0.000,WAYPOINT
2026-08-17T10:15:44.892672,37.8649371,32.4837832,1026.48,-0.0430,0.1572,-2.7775,200.0,0.54,0.000,0.000,WAYPOINT
2026-08-17T10:15:45.894125,37.8649323,32.4837809,1026.46,-0.0501,0.1768,-2.6015,210.0,0.51,0.000,0.000,WAYPOINT
2026-08-17T10:15:46.892727,37.8649281,32.4837782,1026.45,-0.0360,0.1678,-2.5477,214.0,0.49,0.000,0.000,WAYPOINT
2026-08-17T10:15:47.892637,37.8649238,32.4837759,1026.47,-0.0307,0.1627,-2.5956,211.0,0.48,0.000,0.000,WAYPOINT
2026-08-17T10:15:48.892691,37.8649200,32.4837736,1026.47,-0.0339,0.1754,-2.5979,211.0,0.43,0.000,0.000,WAYPOINT
2026-08-17T10:15:49.892790,37.8649166,32.4837719,1026.47,-0.0239,0.1452,-2.6041,210.0,0.40,0.000,0.000,WAYPOINT
2026-08-17T10:15:50.892552,37.8649137,32.4837701,1026.49,-0.0225,0.1740,-2.6953,205.0,0.44,0.000,0.000,WAYPOINT
2026-08-17T10:15:51.892617,37.8649100,32.4837680,1026.51,-0.0276,0.1800,-2.9089,193.0,0.43,0.000,0.000,WAYPOINT
2026-08-17T10:15:52.892655,37.8649065,32.4837666,1026.54,-0.0334,0.1813,-3.0616,184.0,0.42,0.000,0.000,WAYPOINT
2026-08-17T10:15:53.892593,37.8649031,32.4837662,1026.57,-0.0359,0.1720,-3.1002,182.0,0.42,0.000,0.000,WAYPOINT
2026-08-17T10:15:54.892710,37.8648994,32.4837664,1026.62,-0.0428,0.1716,-3.0840,183.0,0.43,0.000,0.000,WAYPOINT
2026-08-17T10:15:55.892688,37.8648955,32.4837666,1026.68,-0.0426,0.1693,-3.0354,186.0,0.44,0.000,0.000,WAYPOINT
2026-08-17T10:15:56.892785,37.8648914,32.4837666,1026.70,-0.0440,0.1710,-2.9751,189.0,0.45,0.000,0.000,WAYPOINT
2026-08-17T10:15:57.892766,37.8648871,32.4837664,1026.71,-0.0437,0.1694,-2.9068,193.0,0.46,0.000,0.000,WAYPOINT
2026-08-17T10:15:58.892612,37.8648827,32.4837659,1026.75,-0.0420,0.1667,-2.8360,197.0,0.48,0.000,0.000,WAYPOINT
2026-08-17T10:15:59.892760,37.8648784,32.4837648,1026.78,-0.0386,0.1686,-2.7796,200.0,0.49,0.000,0.000,WAYPOINT
2026-08-17T10:16:00.892593,37.8648741,32.4837635,1026.78,-0.0366,0.1687,-2.7451,202.0,0.50,0.000,0.000,WAYPOINT
2026-08-17T10:16:01.892580,37.8648697,32.4837622,1026.80,-0.0377,0.1651,-2.7106,204.0,0.50,0.000,0.000,WAYPOINT
2026-08-17T10:16:02.892548,37.8648652,32.4837606,1026.79,-0.0382,0.1660,-2.6867,206.0,0.51,0.000,0.000,WAYPOINT
2026-08-17T10:16:03.892546,37.8648608,32.4837591,1026.78,-0.0394,0.1649,-2.6814,206.0,0.52,0.000,0.000,WAYPOINT
2026-08-17T10:16:04.892521,37.8648561,32.4837574,1026.79,-0.0402,0.1639,-2.6751,206.0,0.54,0.000,0.000,WAYPOINT
2026-08-17T10:16:05.892540,37.8648515,32.4837561,1026.78,-0.0390,0.1668,-2.6685,207.0,0.53,0.000,0.000,WAYPOINT
2026-08-17T10:16:06.892651,37.8648470,32.4837548,1026.78,-0.0397,0.1694,-2.6593,207.0,0.51,0.000,0.000,WAYPOINT
2026-08-17T10:16:07.892670,37.8648427,32.4837534,1026.83,-0.0411,0.1647,-2.6502,208.0,0.51,0.000,0.000,WAYPOINT
2026-08-17T10:16:08.892566,37.8648385,32.4837520,1026.86,-0.0374,0.1696,-2.6447,208.0,0.49,0.000,0.000,WAYPOINT
2026-08-17T10:16:09.892587,37.8648342,32.4837503,1026.90,-0.0368,0.1661,-2.6475,208.0,0.52,0.000,0.000,WAYPOINT
2026-08-17T10:16:10.892592,37.8648300,32.4837487,1026.91,-0.0381,0.1568,-2.6492,208.0,0.47,0.000,0.000,WAYPOINT
2026-08-17T10:16:11.892479,37.8648266,32.4837475,1026.87,-0.0352,0.1801,-2.6662,207.0,0.36,0.000,0.000,WAYPOINT
2026-08-17T10:16:12.892725,37.8648237,32.4837464,1026.77,-0.0225,0.0760,-2.6815,206.0,0.12,0.000,0.000,WAYPOINT
2026-08-17T10:16:13.892767,37.8648252,32.4837478,1026.75,-0.0294,0.1404,-2.8751,195.0,0.22,0.000,0.000,WAYPOINT
2026-08-17T10:16:14.892556,37.8648258,32.4837487,1026.70,-0.0179,0.0867,3.0362,173.0,0.27,0.000,0.000,WAYPOINT
2026-08-17T10:16:15.892684,37.8648252,32.4837504,1026.71,-0.0299,0.0944,2.8891,165.0,0.23,0.000,0.000,WAYPOINT
2026-08-17T10:16:16.892546,37.8648250,32.4837524,1026.70,-0.0529,0.2287,2.9889,171.0,0.17,0.000,0.000,WAYPOINT
2026-08-17T10:16:17.892548,37.8648256,32.4837541,1026.62,-0.0600,0.1446,3.1174,178.0,0.18,0.000,0.000,WAYPOINT
2026-08-17T10:16:18.892535,37.8648273,32.4837557,1026.59,-0.0491,0.1454,-3.1352,180.0,0.25,0.000,0.000,WAYPOINT
2026-08-17T10:16:19.892592,37.8648288,32.4837566,1026.57,-0.0451,0.1558,3.0990,177.0,0.15,0.000,0.000,WAYPOINT
2026-08-17T10:16:20.892631,37.8648293,32.4837568,1026.53,-0.0414,0.1626,3.0332,173.0,0.05,0.000,0.000,WAYPOINT
2026-08-17T10:16:21.892511,37.8648292,32.4837571,1026.52,-0.0377,0.1713,2.9150,167.0,0.04,0.000,0.000,WAYPOINT
2026-08-17T10:16:22.892550,37.8648288,32.4837569,1026.48,-0.0293,0.1570,2.8897,165.0,0.03,0.000,0.000,WAYPOINT
2026-08-17T10:16:23.892569,37.8648291,32.4837569,1026.46,-0.0410,0.1731,2.8793,164.0,0.03,0.000,0.000,WAYPOINT
2026-08-17T10:16:24.892720,37.8648292,32.4837571,1026.44,-0.0558,0.1393,2.8478,163.0,0.05,0.000,0.000,WAYPOINT
2026-08-17T10:16:25.892678,37.8648296,32.4837572,1026.43,-0.0562,0.1280,2.7750,158.0,0.03,0.000,0.000,WAYPOINT
2026-08-17T10:16:26.892500,37.8648295,32.4837571,1026.43,-0.0561,0.1374,2.7291,156.0,0.01,0.000,0.000,WAYPOINT
2026-08-17T10:16:27.892495,37.8648295,32.4837571,1026.41,-0.0564,0.1461,2.7397,156.0,0.02,0.000,0.000,WAYPOINT
2026-08-17T10:16:28.892772,37.8648297,32.4837571,1026.43,-0.0589,0.1416,2.7325,156.0,0.04,0.000,0.000,WAYPOINT
2026-08-17T10:16:29.892555,37.8648297,32.4837571,1026.43,-0.0589,0.1416,2.7325,156.0,0.04,0.000,0.000,WAYPOINT
2026-08-17T10:16:30.892780,37.8648297,32.4837571,1026.43,-0.0589,0.1416,2.7325,156.0,0.04,0.000,0.000,WAYPOINT
2026-08-17T10:16:31.892624,37.8648297,32.4837571,1026.43,-0.0589,0.1416,2.7325,156.0,0.04,0.000,0.000,WAYPOINT
2026-08-17T10:16:32.892742,37.8648297,32.4837571,1026.43,-0.0589,0.1416,2.7325,156.0,0.04,0.000,0.000,WAYPOINT
2026-08-17T10:16:33.892661,37.8648297,32.4837571,1026.43,-0.0589,0.1416,2.7325,156.0,0.04,0.000,0.000,WAYPOINT
2026-08-17T10:16:34.892762,37.8648297,32.4837571,1026.43,-0.0589,0.1416,2.7325,156.0,0.04,0.000,0.000,WAYPOINT
2026-08-17T10:16:35.892624,37.8648297,32.4837571,1026.43,-0.0589,0.1416,2.7325,156.0,0.04,0.000,0.000,WAYPOINT
2026-08-17T10:16:36.892775,37.8648297,32.4837571,1026.43,-0.0589,0.1416,2.7325,156.0,0.04,0.000,0.000,WAYPOINT
2026-08-17T10:16:37.892558,37.8648297,32.4837571,1026.43,-0.0589,0.1416,2.7325,156.0,0.04,0.000,0.000,WAYPOINT
2026-08-17T10:16:38.892675,37.8648297,32.4837571,1026.43,-0.0589,0.1416,2.7325,156.0,0.04,0.000,0.000,WAYPOINT
2026-08-17T10:16:39.892613,37.8648297,32.4837571,1026.43,-0.0589,0.1416,2.7325,156.0,0.04,0.000,0.000,WAYPOINT
2026-08-17T10:16:40.892678,37.8648297,32.4837571,1026.43,-0.0589,0.1416,2.7325,156.0,0.04,0.000,0.000,WAYPOINT
2026-08-17T10:16:41.894410,37.8648297,32.4837571,1026.43,-0.0589,0.1416,2.7325,156.0,0.04,0.000,0.000,WAYPOINT
2026-08-17T10:16:42.892735,37.8648297,32.4837571,1026.43,-0.0589,0.1416,2.7325,156.0,0.04,0.000,0.000,WAYPOINT
2026-08-17T10:16:43.892757,37.8648297,32.4837571,1026.43,-0.0589,0.1416,2.7325,156.0,0.04,0.000,0.000,WAYPOINT
2026-08-17T10:16:44.892547,37.8648297,32.4837571,1026.43,-0.0589,0.1416,2.7325,156.0,0.04,0.000,0.000,WAYPOINT
2026-08-17T10:16:45.892837,37.8648297,32.4837571,1026.43,-0.0589,0.1416,2.7325,156.0,0.04,0.000,0.000,WAYPOINT
2026-08-17T10:16:46.892730,37.8648297,32.4837571,1026.43,-0.0589,0.1416,2.7325,156.0,0.04,0.000,0.000,WAYPOINT
2026-08-17T10:16:47.892719,37.8648297,32.4837571,1026.43,-0.0589,0.1416,2.7325,156.0,0.04,0.000,0.000,WAYPOINT
2026-08-17T10:16:48.892500,37.8648297,32.4837571,1026.43,-0.0589,0.1416,2.7325,156.0,0.04,0.000,0.000,WAYPOINT
2026-08-17T10:16:49.892712,37.8648297,32.4837571,1026.43,-0.0589,0.1416,2.7325,156.0,0.04,0.000,0.000,WAYPOINT
2026-08-17T10:16:50.892701,37.8648297,32.4837571,1026.43,-0.0589,0.1416,2.7325,156.0,0.04,0.000,0.000,WAYPOINT
2026-08-17T10:16:51.892657,37.8648297,32.4837571,1026.43,-0.0589,0.1416,2.7325,156.0,0.04,0.000,0.000,WAYPOINT
2026-08-17T10:16:52.892787,37.8648297,32.4837571,1026.43,-0.0589,0.1416,2.7325,156.0,0.04,0.000,0.000,WAYPOINT
2026-08-17T10:16:53.892821,37.8648297,32.4837571,1026.43,-0.0589,0.1416,2.7325,156.0,0.04,0.000,0.000,WAYPOINT
2026-08-17T10:16:54.892964,37.8648297,32.4837571,1026.43,-0.0589,0.1416,2.7325,156.0,0.04,0.000,0.000,WAYPOINT
2026-08-17T10:16:55.892796,37.8648297,32.4837571,1026.43,-0.0589,0.1416,2.7325,156.0,0.04,0.000,0.000,WAYPOINT
2026-08-17T10:16:56.892716,37.8648297,32.4837571,1026.43,-0.0589,0.1416,2.7325,156.0,0.04,0.000,0.000,WAYPOINT
2026-08-17T10:16:57.892642,37.8648297,32.4837571,1026.43,-0.0589,0.1416,2.7325,156.0,0.04,0.000,0.000,WAYPOINT
2026-08-17T10:16:58.892680,37.8648297,32.4837571,1026.43,-0.0589,0.1416,2.7325,156.0,0.04,0.000,0.000,WAYPOINT
2026-08-17T10:16:59.892715,37.8648297,32.4837571,1026.43,-0.0589,0.1416,2.7325,156.0,0.04,0.000,0.000,WAYPOINT
2026-08-17T10:17:00.892781,37.8648297,32.4837571,1026.43,-0.0589,0.1416,2.7325,156.0,0.04,0.000,0.000,WAYPOINT
2026-08-17T10:17:01.892793,37.8648297,32.4837571,1026.43,-0.0589,0.1416,2.7325,156.0,0.04,0.000,0.000,WAYPOINT
2026-08-17T10:17:02.892650,37.8648297,32.4837571,1026.43,-0.0589,0.1416,2.7325,156.0,0.04,0.000,0.000,WAYPOINT
2026-08-17T10:17:03.892711,37.8648297,32.4837571,1026.43,-0.0589,0.1416,2.7325,156.0,0.04,0.000,0.000,WAYPOINT
2026-08-17T10:17:04.892725,37.8648297,32.4837571,1026.43,-0.0589,0.1416,2.7325,156.0,0.04,0.000,0.000,WAYPOINT
2026-08-17T10:17:05.892787,37.8648297,32.4837571,1026.43,-0.0589,0.1416,2.7325,156.0,0.04,0.000,0.000,WAYPOINT
2026-08-17T10:17:06.892772,37.8648297,32.4837571,1026.43,-0.0589,0.1416,2.7325,156.0,0.04,0.000,0.000,WAYPOINT
2026-08-17T10:17:07.892717,37.8648297,32.4837571,1026.43,-0.0589,0.1416,2.7325,156.0,0.04,0.000,0.000,WAYPOINT
2026-08-17T10:17:08.892907,37.8648297,32.4837571,1026.43,-0.0589,0.1416,2.7325,156.0,0.04,0.000,0.000,WAYPOINT
2026-08-17T10:17:09.892741,37.8648297,32.4837571,1026.43,-0.0589,0.1416,2.7325,156.0,0.04,0.000,0.000,WAYPOINT
2026-08-17T10:17:10.892803,37.8648297,32.4837571,1026.43,-0.0589,0.1416,2.7325,156.0,0.04,0.000,0.000,WAYPOINT
2026-08-17T10:17:11.892786,37.8648297,32.4837571,1026.43,-0.0589,0.1416,2.7325,156.0,0.04,0.000,0.000,WAYPOINT
2026-08-17T10:17:12.892718,37.8648297,32.4837571,1026.43,-0.0589,0.1416,2.7325,156.0,0.04,0.000,0.000,WAYPOINT
2026-08-17T10:17:13.892691,37.8648297,32.4837571,1026.43,-0.0589,0.1416,2.7325,156.0,0.04,0.000,0.000,WAYPOINT
2026-08-17T10:17:14.892677,37.8648297,32.4837571,1026.43,-0.0589,0.1416,2.7325,156.0,0.04,0.000,0.000,WAYPOINT
2026-08-17T10:17:15.892778,37.8648297,32.4837571,1026.43,-0.0589,0.1416,2.7325,156.0,0.04,0.000,0.000,WAYPOINT
2026-08-17T10:17:16.892743,37.8648297,32.4837571,1026.43,-0.0589,0.1416,2.7325,156.0,0.04,0.000,0.000,WAYPOINT
2026-08-17T10:17:17.892796,37.8648297,32.4837571,1026.43,-0.0589,0.1416,2.7325,156.0,0.04,0.000,0.000,WAYPOINT
2026-08-17T10:17:18.892847,37.8648297,32.4837571,1026.43,-0.0589,0.1416,2.7325,156.0,0.04,0.000,0.000,WAYPOINT
2026-08-17T10:17:19.892774,37.8648297,32.4837571,1026.43,-0.0589,0.1416,2.7325,156.0,0.04,0.000,0.000,WAYPOINT
2026-08-17T10:17:20.892767,37.8648297,32.4837571,1026.43,-0.0589,0.1416,2.7325,156.0,0.04,0.000,0.000,WAYPOINT
2026-08-17T10:17:21.892719,37.8648297,32.4837571,1026.43,-0.0589,0.1416,2.7325,156.0,0.04,0.000,0.000,WAYPOINT
2026-08-17T10:17:22.892678,37.8648297,32.4837571,1026.43,-0.0589,0.1416,2.7325,156.0,0.04,0.000,0.000,WAYPOINT
2026-08-17T10:17:23.892773,37.8648297,32.4837571,1026.43,-0.0589,0.1416,2.7325,156.0,0.04,0.000,0.000,WAYPOINT
2026-08-17T10:17:24.892854,37.8648297,32.4837571,1026.43,-0.0589,0.1416,2.7325,156.0,0.04,0.000,0.000,WAYPOINT
2026-08-17T10:17:25.892710,37.8648297,32.4837571,1026.43,-0.0589,0.1416,2.7325,156.0,0.04,0.000,0.000,WAYPOINT
2026-08-17T10:17:26.892696,37.8648297,32.4837571,1026.43,-0.0589,0.1416,2.7325,156.0,0.04,0.000,0.000,WAYPOINT
2026-08-17T10:17:27.892720,37.8648297,32.4837571,1026.43,-0.0589,0.1416,2.7325,156.0,0.04,0.000,0.000,WAYPOINT
2026-08-17T10:17:28.892645,37.8648297,32.4837571,1026.43,-0.0589,0.1416,2.7325,156.0,0.04,0.000,0.000,WAYPOINT
2026-08-17T10:17:29.892805,37.8648297,32.4837571,1026.43,-0.0589,0.1416,2.7325,156.0,0.04,0.000,0.000,WAYPOINT
2026-08-17T10:17:30.892760,37.8648297,32.4837571,1026.43,-0.0589,0.1416,2.7325,156.0,0.04,0.000,0.000,WAYPOINT
2026-08-17T10:17:31.892796,37.8648297,32.4837571,1026.43,-0.0589,0.1416,2.7325,156.0,0.04,0.000,0.000,WAYPOINT
2026-08-17T10:17:32.892823,37.8648297,32.4837571,1026.43,-0.0589,0.1416,2.7325,156.0,0.04,0.000,0.000,WAYPOINT
2026-08-17T10:17:33.892832,37.8648297,32.4837571,1026.43,-0.0589,0.1416,2.7325,156.0,0.04,0.000,0.000,WAYPOINT
2026-08-17T10:17:34.892720,37.8648297,32.4837571,1026.43,-0.0589,0.1416,2.7325,156.0,0.04,0.000,0.000,WAYPOINT
2026-08-17T10:17:35.892794,37.8648297,32.4837571,1026.43,-0.0589,0.1416,2.7325,156.0,0.04,0.000,0.000,WAYPOINT
2026-08-17T10:17:36.892768,37.8648297,32.4837571,1026.43,-0.0589,0.1416,2.7325,156.0,0.04,0.000,0.000,WAYPOINT
2026-08-17T10:17:37.892912,37.8648297,32.4837571,1026.43,-0.0589,0.1416,2.7325,156.0,0.04,0.000,0.000,WAYPOINT
2026-08-17T10:17:38.892711,37.8648297,32.4837571,1026.43,-0.0589,0.1416,2.7325,156.0,0.04,0.000,0.000,WAYPOINT
2026-08-17T10:17:39.892701,37.8648297,32.4837571,1026.43,-0.0589,0.1416,2.7325,156.0,0.04,0.000,0.000,WAYPOINT
2026-08-17T10:17:40.892606,37.8648297,32.4837571,1026.43,-0.0589,0.1416,2.7325,156.0,0.04,0.000,0.000,WAYPOINT
2026-08-17T10:17:41.892845,37.8648297,32.4837571,1026.43,-0.0589,0.1416,2.7325,156.0,0.04,0.000,0.000,WAYPOINT
2026-08-17T10:17:42.892697,37.8648297,32.4837571,1026.43,-0.0589,0.1416,2.7325,156.0,0.04,0.000,0.000,WAYPOINT
2026-08-17T10:17:43.892827,37.8648297,32.4837571,1026.43,-0.0589,0.1416,2.7325,156.0,0.04,0.000,0.000,WAYPOINT
2026-08-17T10:17:44.892734,37.8648297,32.4837571,1026.43,-0.0589,0.1416,2.7325,156.0,0.04,0.000,0.000,WAYPOINT
2026-08-17T10:17:45.892816,37.8648297,32.4837571,1026.43,-0.0589,0.1416,2.7325,156.0,0.04,0.000,0.000,WAYPOINT
2026-08-17T10:17:46.892744,37.8648297,32.4837571,1026.43,-0.0589,0.1416,2.7325,156.0,0.04,0.000,0.000,WAYPOINT
2026-08-17T10:17:47.892582,37.8648297,32.4837571,1026.43,-0.0589,0.1416,2.7325,156.0,0.04,0.000,0.000,WAYPOINT
2026-08-17T10:17:48.892673,37.8648297,32.4837571,1026.43,-0.0589,0.1416,2.7325,156.0,0.04,0.000,0.000,WAYPOINT
2026-08-17T10:17:49.892788,37.8648297,32.4837571,1026.43,-0.0589,0.1416,2.7325,156.0,0.04,0.000,0.000,WAYPOINT
2026-08-17T10:17:50.892723,37.8648297,32.4837571,1026.43,-0.0589,0.1416,2.7325,156.0,0.04,0.000,0.000,WAYPOINT
2026-08-17T10:17:51.892695,37.8648297,32.4837571,1026.43,-0.0589,0.1416,2.7325,156.0,0.04,0.000,0.000,WAYPOINT
2026-08-17T10:17:52.892689,37.8648297,32.4837571,1026.43,-0.0589,0.1416,2.7325,156.0,0.04,0.000,0.000,WAYPOINT
2026-08-17T10:17:53.892445,37.8648297,32.4837571,1026.43,-0.0589,0.1416,2.7325,156.0,0.04,0.000,0.000,WAYPOINT
2026-08-17T10:17:54.892840,37.8648297,32.4837571,1026.43,-0.0589,0.1416,2.7325,156.0,0.04,0.000,0.000,WAYPOINT
2026-08-17T10:17:55.892810,37.8648297,32.4837571,1026.43,-0.0589,0.1416,2.7325,156.0,0.04,0.000,0.000,WAYPOINT
2026-08-17T10:17:56.892663,37.8648297,32.4837571,1026.43,-0.0589,0.1416,2.7325,156.0,0.04,0.000,0.000,WAYPOINT
2026-08-17T10:17:57.892663,37.8648297,32.4837571,1026.43,-0.0589,0.1416,2.7325,156.0,0.04,0.000,0.000,WAYPOINT
2026-08-17T10:17:58.892741,37.8648297,32.4837571,1026.43,-0.0589,0.1416,2.7325,156.0,0.04,0.000,0.000,WAYPOINT
2026-08-17T10:17:59.892728,37.8648297,32.4837571,1026.43,-0.0589,0.1416,2.7325,156.0,0.04,0.000,0.000,WAYPOINT
2026-08-17T10:18:00.892682,37.8648297,32.4837571,1026.43,-0.0589,0.1416,2.7325,156.0,0.04,0.000,0.000,WAYPOINT
2026-08-17T10:18:01.892783,37.8648297,32.4837571,1026.43,-0.0589,0.1416,2.7325,156.0,0.04,0.000,0.000,WAYPOINT
2026-08-17T10:18:02.892608,37.8648297,32.4837571,1026.43,-0.0589,0.1416,2.7325,156.0,0.04,0.000,0.000,WAYPOINT
2026-08-17T10:18:03.892606,37.8648297,32.4837571,1026.43,-0.0589,0.1416,2.7325,156.0,0.04,0.000,0.000,WAYPOINT
2026-08-17T10:18:04.892616,37.8648297,32.4837571,1026.43,-0.0589,0.1416,2.7325,156.0,0.04,0.000,0.000,WAYPOINT
2026-08-17T10:18:05.892904,37.8648297,32.4837571,1026.43,-0.0589,0.1416,2.7325,156.0,0.04,0.000,0.000,WAYPOINT
2026-08-17T10:18:06.892678,37.8648297,32.4837571,1026.43,-0.0589,0.1416,2.7325,156.0,0.04,0.000,0.000,WAYPOINT
2026-08-17T10:18:07.892728,37.8648297,32.4837571,1026.43,-0.0589,0.1416,2.7325,156.0,0.04,0.000,0.000,WAYPOINT
2026-08-17T10:18:08.892603,37.8648297,32.4837571,1026.43,-0.0589,0.1416,2.7325,156.0,0.04,0.000,0.000,WAYPOINT
2026-08-17T10:18:09.894320,37.8648297,32.4837571,1026.43,-0.0589,0.1416,2.7325,156.0,0.04,0.000,0.000,WAYPOINT
2026-08-17T10:18:10.892838,37.8648297,32.4837571,1026.43,-0.0589,0.1416,2.7325,156.0,0.04,0.000,0.000,WAYPOINT
2026-08-17T10:18:11.892677,37.8648297,32.4837571,1026.43,-0.0589,0.1416,2.7325,156.0,0.04,0.000,0.000,WAYPOINT
2026-08-17T10:18:12.892547,37.8648297,32.4837571,1026.43,-0.0589,0.1416,2.7325,156.0,0.04,0.000,0.000,WAYPOINT
2026-08-17T10:18:13.892867,37.8648297,32.4837571,1026.43,-0.0589,0.1416,2.7325,156.0,0.04,0.000,0.000,WAYPOINT
2026-08-17T10:18:14.892781,37.8648297,32.4837571,1026.43,-0.0589,0.1416,2.7325,156.0,0.04,0.000,0.000,WAYPOINT
2026-08-17T10:18:15.892663,37.8648297,32.4837571,1026.43,-0.0589,0.1416,2.7325,156.0,0.04,0.000,0.000,WAYPOINT
2026-08-17T10:18:16.892686,37.8648297,32.4837571,1026.43,-0.0589,0.1416,2.7325,156.0,0.04,0.000,0.000,WAYPOINT
2026-08-17T10:18:17.892648,37.8648297,32.4837571,1026.43,-0.0589,0.1416,2.7325,156.0,0.04,0.000,0.000,WAYPOINT
2026-08-17T10:18:18.892774,37.8648297,32.4837571,1026.43,-0.0589,0.1416,2.7325,156.0,0.04,0.000,0.000,WAYPOINT
2026-08-17T10:18:19.892657,37.8648297,32.4837571,1026.43,-0.0589,0.1416,2.7325,156.0,0.04,0.000,0.000,WAYPOINT
2026-08-17T10:18:20.892825,37.8648297,32.4837571,1026.43,-0.0589,0.1416,2.7325,156.0,0.04,0.000,0.000,WAYPOINT
2026-08-17T10:18:21.892728,37.8648297,32.4837571,1026.43,-0.0589,0.1416,2.7325,156.0,0.04,0.000,0.000,WAYPOINT
2026-08-17T10:18:22.892676,37.8648297,32.4837571,1026.43,-0.0589,0.1416,2.7325,156.0,0.04,0.000,0.000,WAYPOINT
2026-08-17T10:18:23.892691,37.8648297,32.4837571,1026.43,-0.0589,0.1416,2.7325,156.0,0.04,0.000,0.000,WAYPOINT
2026-08-17T10:18:24.892777,37.8648297,32.4837571,1026.43,-0.0589,0.1416,2.7325,156.0,0.04,0.000,0.000,WAYPOINT
2026-08-17T10:18:25.892796,37.8648297,32.4837571,1026.43,-0.0589,0.1416,2.7325,156.0,0.04,0.000,0.000,WAYPOINT
2026-08-17T10:18:26.892727,37.8648297,32.4837571,1026.43,-0.0589,0.1416,2.7325,156.0,0.04,0.000,0.000,WAYPOINT
2026-08-17T10:18:27.892800,37.8648297,32.4837571,1026.43,-0.0589,0.1416,2.7325,156.0,0.04,0.000,0.000,WAYPOINT
2026-08-17T10:18:28.892709,37.8648297,32.4837571,1026.43,-0.0589,0.1416,2.7325,156.0,0.04,0.000,0.000,WAYPOINT
2026-08-17T10:18:29.892762,37.8648297,32.4837571,1026.43,-0.0589,0.1416,2.7325,156.0,0.04,0.000,0.000,WAYPOINT
2026-08-17T10:18:30.892684,37.8648297,32.4837571,1026.43,-0.0589,0.1416,2.7325,156.0,0.04,0.000,0.000,WAYPOINT
2026-08-17T10:18:31.892697,37.8648297,32.4837571,1026.43,-0.0589,0.1416,2.7325,156.0,0.04,0.000,0.000,WAYPOINT
2026-08-17T10:18:32.892653,37.8648297,32.4837571,1026.43,-0.0589,0.1416,2.7325,156.0,0.04,0.000,0.000,WAYPOINT
2026-08-17T10:18:33.892838,37.8648297,32.4837571,1026.43,-0.0589,0.1416,2.7325,156.0,0.04,0.000,0.000,WAYPOINT
2026-08-17T10:18:34.892875,37.8648297,32.4837571,1026.43,-0.0589,0.1416,2.7325,156.0,0.04,0.000,0.000,WAYPOINT
2026-08-17T10:18:35.892824,37.8648297,32.4837571,1026.43,-0.0589,0.1416,2.7325,156.0,0.04,0.000,0.000,WAYPOINT
2026-08-17T10:18:36.892845,37.8648297,32.4837571,1026.43,-0.0589,0.1416,2.7325,156.0,0.04,0.000,0.000,WAYPOINT
2026-08-17T10:18:37.892726,37.8648297,32.4837571,1026.43,-0.0589,0.1416,2.7325,156.0,0.04,0.000,0.000,WAYPOINT
2026-08-17T10:18:38.892785,37.8648297,32.4837571,1026.43,-0.0589,0.1416,2.7325,156.0,0.04,0.000,0.000,WAYPOINT
2026-08-17T10:18:39.892760,37.8648297,32.4837571,1026.43,-0.0589,0.1416,2.7325,156.0,0.04,0.000,0.000,WAYPOINT
2026-08-17T10:18:40.892779,37.8648297,32.4837571,1026.43,-0.0589,0.1416,2.7325,156.0,0.04,0.000,0.000,WAYPOINT
2026-08-17T10:18:41.892708,37.8648297,32.4837571,1026.43,-0.0589,0.1416,2.7325,156.0,0.04,0.000,0.000,WAYPOINT
2026-08-17T10:18:42.892792,37.8648297,32.4837571,1026.43,-0.0589,0.1416,2.7325,156.0,0.04,0.000,0.000,WAYPOINT
2026-08-17T10:18:43.892801,37.8648297,32.4837571,1026.43,-0.0589,0.1416,2.7325,156.0,0.04,0.000,0.000,WAYPOINT
2026-08-17T10:18:44.892762,37.8648297,32.4837571,1026.43,-0.0589,0.1416,2.7325,156.0,0.04,0.000,0.000,WAYPOINT
2026-08-17T10:18:45.892724,37.8648297,32.4837571,1026.43,-0.0589,0.1416,2.7325,156.0,0.04,0.000,0.000,WAYPOINT
2026-08-17T10:18:46.892784,37.8648297,32.4837571,1026.43,-0.0589,0.1416,2.7325,156.0,0.04,0.000,0.000,WAYPOINT
2026-08-17T10:18:47.892756,37.8648297,32.4837571,1026.43,-0.0589,0.1416,2.7325,156.0,0.04,0.000,0.000,WAYPOINT
2026-08-17T10:18:48.892829,37.8648297,32.4837571,1026.43,-0.0589,0.1416,2.7325,156.0,0.04,0.000,0.000,WAYPOINT
2026-08-17T10:18:49.892787,37.8648297,32.4837571,1026.43,-0.0589,0.1416,2.7325,156.0,0.04,0.000,0.000,WAYPOINT
2026-08-17T10:18:50.892768,37.8648297,32.4837571,1026.43,-0.0589,0.1416,2.7325,156.0,0.04,0.000,0.000,WAYPOINT
2026-08-17T10:18:51.892795,37.8648297,32.4837571,1026.43,-0.0589,0.1416,2.7325,156.0,0.04,0.000,0.000,WAYPOINT
2026-08-17T10:18:52.892811,37.8648297,32.4837571,1026.43,-0.0589,0.1416,2.7325,156.0,0.04,0.000,0.000,WAYPOINT
2026-08-17T10:18:53.892704,37.8648297,32.4837571,1026.43,-0.0589,0.1416,2.7325,156.0,0.04,0.000,0.000,WAYPOINT
2026-08-17T10:18:54.892647,37.8648297,32.4837571,1026.43,-0.0589,0.1416,2.7325,156.0,0.04,0.000,0.000,WAYPOINT
2026-08-17T10:18:55.892796,37.8648297,32.4837571,1026.43,-0.0589,0.1416,2.7325,156.0,0.04,0.000,0.000,WAYPOINT
2026-08-17T10:18:56.892848,37.8648297,32.4837571,1026.43,-0.0589,0.1416,2.7325,156.0,0.04,0.000,0.000,WAYPOINT
2026-08-17T10:18:57.892761,37.8648297,32.4837571,1026.43,-0.0589,0.1416,2.7325,156.0,0.04,0.000,0.000,WAYPOINT
2026-08-17T10:18:58.892804,37.8648297,32.4837571,1026.43,-0.0589,0.1416,2.7325,156.0,0.04,0.000,0.000,WAYPOINT
2026-08-17T10:18:59.892758,37.8648297,32.4837571,1026.43,-0.0589,0.1416,2.7325,156.0,0.04,0.000,0.000,WAYPOINT
2026-08-17T10:19:00.892779,37.8648297,32.4837571,1026.43,-0.0589,0.1416,2.7325,156.0,0.04,0.000,0.000,WAYPOINT
2026-08-17T10:19:01.892743,37.8648297,32.4837571,1026.43,-0.0589,0.1416,2.7325,156.0,0.04,0.000,0.000,WAYPOINT
2026-08-17T10:19:02.892733,37.8648297,32.4837571,1026.43,-0.0589,0.1416,2.7325,156.0,0.04,0.000,0.000,WAYPOINT
2026-08-17T10:19:03.892737,37.8648297,32.4837571,1026.43,-0.0589,0.1416,2.7325,156.0,0.04,0.000,0.000,WAYPOINT
2026-08-17T10:19:04.892780,37.8648297,32.4837571,1026.43,-0.0589,0.1416,2.7325,156.0,0.04,0.000,0.000,WAYPOINT
2026-08-17T10:19:05.892805,37.8648297,32.4837571,1026.43,-0.0589,0.1416,2.7325,156.0,0.04,0.000,0.000,WAYPOINT
2026-08-17T10:19:06.892699,37.8648297,32.4837571,1026.43,-0.0589,0.1416,2.7325,156.0,0.04,0.000,0.000,WAYPOINT
2026-08-17T10:19:07.892701,37.8648297,32.4837571,1026.43,-0.0589,0.1416,2.7325,156.0,0.04,0.000,0.000,WAYPOINT
2026-08-17T10:19:08.892811,37.8648297,32.4837571,1026.43,-0.0589,0.1416,2.7325,156.0,0.04,0.000,0.000,WAYPOINT
2026-08-17T10:19:09.892897,37.8648297,32.4837571,1026.43,-0.0589,0.1416,2.7325,156.0,0.04,0.000,0.000,WAYPOINT
2026-08-17T10:19:10.892689,37.8648297,32.4837571,1026.43,-0.0589,0.1416,2.7325,156.0,0.04,0.000,0.000,WAYPOINT
2026-08-17T10:19:11.892828,37.8648297,32.4837571,1026.43,-0.0589,0.1416,2.7325,156.0,0.04,0.000,0.000,WAYPOINT
2026-08-17T10:19:12.892713,37.8648297,32.4837571,1026.43,-0.0589,0.1416,2.7325,156.0,0.04,0.000,0.000,WAYPOINT
2026-08-17T10:19:13.892779,37.8648297,32.4837571,1026.43,-0.0589,0.1416,2.7325,156.0,0.04,0.000,0.000,WAYPOINT
2026-08-17T10:19:14.892750,37.8648297,32.4837571,1026.43,-0.0589,0.1416,2.7325,156.0,0.04,0.000,0.000,WAYPOINT
2026-08-17T10:19:15.892679,37.8648297,32.4837571,1026.43,-0.0589,0.1416,2.7325,156.0,0.04,0.000,0.000,WAYPOINT
2026-08-17T10:19:16.892726,37.8648297,32.4837571,1026.43,-0.0589,0.1416,2.7325,156.0,0.04,0.000,0.000,WAYPOINT
2026-08-17T10:19:17.892581,37.8648297,32.4837571,1026.43,-0.0589,0.1416,2.7325,156.0,0.04,0.000,0.000,WAYPOINT
2026-08-17T10:19:18.892801,37.8648297,32.4837571,1026.43,-0.0589,0.1416,2.7325,156.0,0.04,0.000,0.000,WAYPOINT
2026-08-17T10:19:19.892783,37.8648297,32.4837571,1026.43,-0.0589,0.1416,2.7325,156.0,0.04,0.000,0.000,WAYPOINT
2026-08-17T10:19:20.892708,37.8648297,32.4837571,1026.43,-0.0589,0.1416,2.7325,156.0,0.04,0.000,0.000,WAYPOINT
2026-08-17T10:19:21.892712,37.8648297,32.4837571,1026.43,-0.0589,0.1416,2.7325,156.0,0.04,0.000,0.000,WAYPOINT
2026-08-17T10:19:22.892693,37.8648297,32.4837571,1026.43,-0.0589,0.1416,2.7325,156.0,0.04,0.000,0.000,WAYPOINT
2026-08-17T10:19:23.892598,37.8648297,32.4837571,1026.43,-0.0589,0.1416,2.7325,156.0,0.04,0.000,0.000,WAYPOINT
2026-08-17T10:19:24.893126,37.8648297,32.4837571,1026.43,-0.0589,0.1416,2.7325,156.0,0.04,0.000,0.000,WAYPOINT
2026-08-17T10:19:25.892701,37.8648297,32.4837571,1026.43,-0.0589,0.1416,2.7325,156.0,0.04,0.000,0.000,WAYPOINT
2026-08-17T10:19:26.892761,37.8648297,32.4837571,1026.43,-0.0589,0.1416,2.7325,156.0,0.04,0.000,0.000,WAYPOINT
2026-08-17T10:19:27.892756,37.8648297,32.4837571,1026.43,-0.0589,0.1416,2.7325,156.0,0.04,0.000,0.000,WAYPOINT
2026-08-17T10:19:28.892795,37.8648297,32.4837571,1026.43,-0.0589,0.1416,2.7325,156.0,0.04,0.000,0.000,WAYPOINT
2026-08-17T10:19:29.892690,37.8648297,32.4837571,1026.43,-0.0589,0.1416,2.7325,156.0,0.04,0.000,0.000,WAYPOINT
2026-08-17T10:19:30.892766,37.8648297,32.4837571,1026.43,-0.0589,0.1416,2.7325,156.0,0.04,0.000,0.000,WAYPOINT
2026-08-17T10:19:31.892725,37.8648297,32.4837571,1026.43,-0.0589,0.1416,2.7325,156.0,0.04,0.000,0.000,WAYPOINT
2026-08-17T10:19:32.892772,37.8648297,32.4837571,1026.43,-0.0589,0.1416,2.7325,156.0,0.04,0.000,0.000,WAYPOINT
2026-08-17T10:19:33.892703,37.8648297,32.4837571,1026.43,-0.0589,0.1416,2.7325,156.0,0.04,0.000,0.000,WAYPOINT
2026-08-17T10:19:34.892681,37.8648297,32.4837571,1026.43,-0.0589,0.1416,2.7325,156.0,0.04,0.000,0.000,WAYPOINT
2026-08-17T10:19:35.892748,37.8648297,32.4837571,1026.43,-0.0589,0.1416,2.7325,156.0,0.04,0.000,0.000,WAYPOINT
2026-08-17T10:19:36.892733,37.8648297,32.4837571,1026.43,-0.0589,0.1416,2.7325,156.0,0.04,0.000,0.000,WAYPOINT
2026-08-17T10:19:37.892812,37.8648297,32.4837571,1026.43,-0.0589,0.1416,2.7325,156.0,0.04,0.000,0.000,WAYPOINT
2026-08-17T10:19:38.892708,37.8648297,32.4837571,1026.43,-0.0589,0.1416,2.7325,156.0,0.04,0.000,0.000,WAYPOINT
2026-08-17T10:19:39.892703,37.8648297,32.4837571,1026.43,-0.0589,0.1416,2.7325,156.0,0.04,0.000,0.000,WAYPOINT
2026-08-17T10:19:40.892900,37.8648297,32.4837571,1026.43,-0.0589,0.1416,2.7325,156.0,0.04,0.000,0.000,WAYPOINT
2026-08-17T10:19:41.892474,37.8648297,32.4837571,1026.43,-0.0589,0.1416,2.7325,156.0,0.04,0.000,0.000,WAYPOINT
2026-08-17T10:19:42.892724,37.8648297,32.4837571,1026.43,-0.0589,0.1416,2.7325,156.0,0.04,0.000,0.000,WAYPOINT
2026-08-17T10:19:43.892663,37.8648297,32.4837571,1026.43,-0.0589,0.1416,2.7325,156.0,0.04,0.000,0.000,WAYPOINT
2026-08-17T10:19:44.892833,37.8648297,32.4837571,1026.43,-0.0589,0.1416,2.7325,156.0,0.04,0.000,0.000,WAYPOINT
2026-08-17T10:19:45.892841,37.8648297,32.4837571,1026.43,-0.0589,0.1416,2.7325,156.0,0.04,0.000,0.000,WAYPOINT
2026-08-17T10:19:46.892659,37.8648297,32.4837571,1026.43,-0.0589,0.1416,2.7325,156.0,0.04,0.000,0.000,WAYPOINT
2026-08-17T10:19:47.892785,37.8648297,32.4837571,1026.43,-0.0589,0.1416,2.7325,156.0,0.04,0.000,0.000,WAYPOINT
2026-08-17T10:19:48.892676,37.8648297,32.4837571,1026.43,-0.0589,0.1416,2.7325,156.0,0.04,0.000,0.000,WAYPOINT
2026-08-17T10:19:49.892784,37.8648297,32.4837571,1026.43,-0.0589,0.1416,2.7325,156.0,0.04,0.000,0.000,WAYPOINT
2026-08-17T10:19:50.892752,37.8648297,32.4837571,1026.43,-0.0589,0.1416,2.7325,156.0,0.04,0.000,0.000,WAYPOINT
2026-08-17T10:19:51.892792,37.8648297,32.4837571,1026.43,-0.0589,0.1416,2.7325,156.0,0.04,0.000,0.000,WAYPOINT
2026-08-17T10:19:52.892828,37.8648297,32.4837571,1026.43,-0.0589,0.1416,2.7325,156.0,0.04,0.000,0.000,WAYPOINT
2026-08-17T10:19:53.892551,37.8648297,32.4837571,1026.43,-0.0589,0.1416,2.7325,156.0,0.04,0.000,0.000,WAYPOINT
2026-08-17T10:19:54.892796,37.8648297,32.4837571,1026.43,-0.0589,0.1416,2.7325,156.0,0.04,0.000,0.000,WAYPOINT
2026-08-17T10:19:55.892682,37.8648297,32.4837571,1026.43,-0.0589,0.1416,2.7325,156.0,0.04,0.000,0.000,WAYPOINT
2026-08-17T10:19:56.892667,37.8648297,32.4837571,1026.43,-0.0589,0.1416,2.7325,156.0,0.04,0.000,0.000,WAYPOINT
2026-08-17T10:19:57.892579,37.8648297,32.4837571,1026.43,-0.0589,0.1416,2.7325,156.0,0.04,0.000,0.000,WAYPOINT
2026-08-17T10:19:58.892802,37.8648297,32.4837571,1026.43,-0.0589,0.1416,2.7325,156.0,0.04,0.000,0.000,WAYPOINT
2026-08-17T10:19:59.892790,37.8648297,32.4837571,1026.43,-0.0589,0.1416,2.7325,156.0,0.04,0.000,0.000,WAYPOINT
2026-08-17T10:20:00.892575,37.8648297,32.4837571,1026.43,-0.0589,0.1416,2.7325,156.0,0.04,0.000,0.000,WAYPOINT
2026-08-17T10:20:01.892657,37.8648297,32.4837571,1026.43,-0.0589,0.1416,2.7325,156.0,0.04,0.000,0.000,WAYPOINT
2026-08-17T10:20:02.892572,37.8648297,32.4837571,1026.43,-0.0589,0.1416,2.7325,156.0,0.04,0.000,0.000,WAYPOINT
2026-08-17T10:20:03.892755,37.8648297,32.4837571,1026.43,-0.0589,0.1416,2.7325,156.0,0.04,0.000,0.000,WAYPOINT
2026-08-17T10:20:04.892703,37.8648297,32.4837571,1026.43,-0.0589,0.1416,2.7325,156.0,0.04,0.000,0.000,WAYPOINT
2026-08-17T10:20:05.892675,37.8648297,32.4837571,1026.43,-0.0589,0.1416,2.7325,156.0,0.04,0.000,0.000,WAYPOINT
2026-08-17T10:20:06.892777,37.8648297,32.4837571,1026.43,-0.0589,0.1416,2.7325,156.0,0.04,0.000,0.000,WAYPOINT
2026-08-17T10:20:07.892766,37.8648297,32.4837571,1026.43,-0.0589,0.1416,2.7325,156.0,0.04,0.000,0.000,WAYPOINT
2026-08-17T10:20:08.892668,37.8648297,32.4837571,1026.43,-0.0589,0.1416,2.7325,156.0,0.04,0.000,0.000,WAYPOINT
2026-08-17T10:20:09.892794,37.8648297,32.4837571,1026.43,-0.0589,0.1416,2.7325,156.0,0.04,0.000,0.000,WAYPOINT
2026-08-17T10:20:10.892795,37.8648297,32.4837571,1026.43,-0.0589,0.1416,2.7325,156.0,0.04,0.000,0.000,WAYPOINT
2026-08-17T10:20:11.893903,37.8648297,32.4837571,1026.43,-0.0589,0.1416,2.7325,156.0,0.04,0.000,0.000,WAYPOINT
2026-08-17T10:20:12.892529,37.8648297,32.4837571,1026.43,-0.0589,0.1416,2.7325,156.0,0.04,0.000,0.000,WAYPOINT
2026-08-17T10:20:13.892617,37.8648297,32.4837571,1026.43,-0.0589,0.1416,2.7325,156.0,0.04,0.000,0.000,WAYPOINT
2026-08-17T10:20:14.892765,37.8648297,32.4837571,1026.43,-0.0589,0.1416,2.7325,156.0,0.04,0.000,0.000,WAYPOINT
2026-08-17T10:20:15.892683,37.8648297,32.4837571,1026.43,-0.0589,0.1416,2.7325,156.0,0.04,0.000,0.000,WAYPOINT
2026-08-17T10:20:16.892724,37.8648297,32.4837571,1026.43,-0.0589,0.1416,2.7325,156.0,0.04,0.000,0.000,WAYPOINT
2026-08-17T10:20:17.892655,37.8648297,32.4837571,1026.43,-0.0589,0.1416,2.7325,156.0,0.04,0.000,0.000,WAYPOINT
2026-08-17T10:20:18.892790,37.8648297,32.4837571,1026.43,-0.0589,0.1416,2.7325,156.0,0.04,0.000,0.000,WAYPOINT
2026-08-17T10:20:19.892589,37.8648297,32.4837571,1026.43,-0.0589,0.1416,2.7325,156.0,0.04,0.000,0.000,WAYPOINT
2026-08-17T10:20:20.892832,37.8648297,32.4837571,1026.43,-0.0589,0.1416,2.7325,156.0,0.04,0.000,0.000,WAYPOINT
2026-08-17T10:20:21.892807,37.8648297,32.4837571,1026.43,-0.0589,0.1416,2.7325,156.0,0.04,0.000,0.000,WAYPOINT
2026-08-17T10:20:22.892815,37.8648297,32.4837571,1026.43,-0.0589,0.1416,2.7325,156.0,0.04,0.000,0.000,WAYPOINT
2026-08-17T10:20:23.892690,37.8648297,32.4837571,1026.43,-0.0589,0.1416,2.7325,156.0,0.04,0.000,0.000,WAYPOINT
2026-08-17T10:20:24.892752,37.8648297,32.4837571,1026.43,-0.0589,0.1416,2.7325,156.0,0.04,0.000,0.000,WAYPOINT
2026-08-17T10:20:25.892739,37.8648297,32.4837571,1026.43,-0.0589,0.1416,2.7325,156.0,0.04,0.000,0.000,WAYPOINT
2026-08-17T10:20:26.892719,37.8648297,32.4837571,1026.43,-0.0589,0.1416,2.7325,156.0,0.04,0.000,0.000,WAYPOINT
2026-08-17T10:20:27.892774,37.8648297,32.4837571,1026.43,-0.0589,0.1416,2.7325,156.0,0.04,0.000,0.000,WAYPOINT
2026-08-17T10:20:28.892857,37.8648297,32.4837571,1026.43,-0.0589,0.1416,2.7325,156.0,0.04,0.000,0.000,WAYPOINT
2026-08-17T10:20:29.892852,37.8648297,32.4837571,1026.43,-0.0589,0.1416,2.7325,156.0,0.04,0.000,0.000,WAYPOINT
2026-08-17T10:20:30.892722,37.8648297,32.4837571,1026.43,-0.0589,0.1416,2.7325,156.0,0.04,0.000,0.000,WAYPOINT
2026-08-17T10:20:31.892706,37.8648297,32.4837571,1026.43,-0.0589,0.1416,2.7325,156.0,0.04,0.000,0.000,WAYPOINT
2026-08-17T10:20:32.892784,37.8648297,32.4837571,1026.43,-0.0589,0.1416,2.7325,156.0,0.04,0.000,0.000,WAYPOINT
2026-08-17T10:20:33.892839,37.8648297,32.4837571,1026.43,-0.0589,0.1416,2.7325,156.0,0.04,0.000,0.000,WAYPOINT
2026-08-17T10:20:34.892751,37.8648297,32.4837571,1026.43,-0.0589,0.1416,2.7325,156.0,0.04,0.000,0.000,WAYPOINT
2026-08-17T10:20:35.892699,37.8648297,32.4837571,1026.43,-0.0589,0.1416,2.7325,156.0,0.04,0.000,0.000,WAYPOINT
2026-08-17T10:20:36.892656,37.8648297,32.4837571,1026.43,-0.0589,0.1416,2.7325,156.0,0.04,0.000,0.000,WAYPOINT
2026-08-17T10:20:37.892787,37.8648297,32.4837571,1026.43,-0.0589,0.1416,2.7325,156.0,0.04,0.000,0.000,WAYPOINT
2026-08-17T10:20:38.892764,37.8648297,32.4837571,1026.43,-0.0589,0.1416,2.7325,156.0,0.04,0.000,0.000,WAYPOINT
2026-08-17T10:20:39.892690,37.8648297,32.4837571,1026.43,-0.0589,0.1416,2.7325,156.0,0.04,0.000,0.000,WAYPOINT
2026-08-17T10:20:40.892682,37.8648297,32.4837571,1026.43,-0.0589,0.1416,2.7325,156.0,0.04,0.000,0.000,WAYPOINT
2026-08-17T10:20:41.892754,37.8648297,32.4837571,1026.43,-0.0589,0.1416,2.7325,156.0,0.04,0.000,0.000,WAYPOINT
2026-08-17T10:20:42.892786,37.8648297,32.4837571,1026.43,-0.0589,0.1416,2.7325,156.0,0.04,0.000,0.000,WAYPOINT
2026-08-17T10:20:43.892683,37.8648297,32.4837571,1026.43,-0.0589,0.1416,2.7325,156.0,0.04,0.000,0.000,WAYPOINT
2026-08-17T10:20:44.892795,37.8648297,32.4837571,1026.43,-0.0589,0.1416,2.7325,156.0,0.04,0.000,0.000,WAYPOINT
2026-08-17T10:20:45.892728,37.8648297,32.4837571,1026.43,-0.0589,0.1416,2.7325,156.0,0.04,0.000,0.000,WAYPOINT
2026-08-17T10:20:46.892800,37.8648297,32.4837571,1026.43,-0.0589,0.1416,2.7325,156.0,0.04,0.000,0.000,WAYPOINT
2026-08-17T10:20:47.892805,37.8648297,32.4837571,1026.43,-0.0589,0.1416,2.7325,156.0,0.04,0.000,0.000,WAYPOINT
2026-08-17T10:20:48.892718,37.8648297,32.4837571,1026.43,-0.0589,0.1416,2.7325,156.0,0.04,0.000,0.000,WAYPOINT
2026-08-17T10:20:49.892697,37.8648297,32.4837571,1026.43,-0.0589,0.1416,2.7325,156.0,0.04,0.000,0.000,WAYPOINT
2026-08-17T10:20:50.892783,37.8648297,32.4837571,1026.43,-0.0589,0.1416,2.7325,156.0,0.04,0.000,0.000,WAYPOINT
2026-08-17T10:20:51.892784,37.8648297,32.4837571,1026.43,-0.0589,0.1416,2.7325,156.0,0.04,0.000,0.000,WAYPOINT
2026-08-17T10:20:52.892682,37.8648297,32.4837571,1026.43,-0.0589,0.1416,2.7325,156.0,0.04,0.000,0.000,WAYPOINT
2026-08-17T10:20:53.892691,37.8648297,32.4837571,1026.43,-0.0589,0.1416,2.7325,156.0,0.04,0.000,0.000,WAYPOINT
2026-08-17T10:20:54.892694,37.8648297,32.4837571,1026.43,-0.0589,0.1416,2.7325,156.0,0.04,0.000,0.000,WAYPOINT
2026-08-17T10:20:55.893013,37.8648297,32.4837571,1026.43,-0.0589,0.1416,2.7325,156.0,0.04,0.000,0.000,WAYPOINT
2026-08-17T10:20:56.892783,37.8648297,32.4837571,1026.43,-0.0589,0.1416,2.7325,156.0,0.04,0.000,0.000,WAYPOINT
2026-08-17T10:20:57.892707,37.8648297,32.4837571,1026.43,-0.0589,0.1416,2.7325,156.0,0.04,0.000,0.000,WAYPOINT
2026-08-17T10:20:58.892670,37.8648297,32.4837571,1026.43,-0.0589,0.1416,2.7325,156.0,0.04,0.000,0.000,WAYPOINT
2026-08-17T10:20:59.892734,37.8648297,32.4837571,1026.43,-0.0589,0.1416,2.7325,156.0,0.04,0.000,0.000,WAYPOINT
2026-08-17T10:21:00.892955,37.8648297,32.4837571,1026.43,-0.0589,0.1416,2.7325,156.0,0.04,0.000,0.000,WAYPOINT
2026-08-17T10:21:01.892701,37.8648297,32.4837571,1026.43,-0.0589,0.1416,2.7325,156.0,0.04,0.000,0.000,WAYPOINT
2026-08-17T10:21:02.892674,37.8648297,32.4837571,1026.43,-0.0589,0.1416,2.7325,156.0,0.04,0.000,0.000,WAYPOINT
2026-08-17T10:21:03.892608,37.8648297,32.4837571,1026.43,-0.0589,0.1416,2.7325,156.0,0.04,0.000,0.000,WAYPOINT
2026-08-17T10:21:04.892675,37.8648297,32.4837571,1026.43,-0.0589,0.1416,2.7325,156.0,0.04,0.000,0.000,WAYPOINT
2026-08-17T10:21:05.892691,37.8648297,32.4837571,1026.43,-0.0589,0.1416,2.7325,156.0,0.04,0.000,0.000,WAYPOINT
2026-08-17T10:21:06.892762,37.8648297,32.4837571,1026.43,-0.0589,0.1416,2.7325,156.0,0.04,0.000,0.000,WAYPOINT
2026-08-17T10:21:07.892679,37.8648297,32.4837571,1026.43,-0.0589,0.1416,2.7325,156.0,0.04,0.000,0.000,WAYPOINT
2026-08-17T10:21:08.892835,37.8648297,32.4837571,1026.43,-0.0589,0.1416,2.7325,156.0,0.04,0.000,0.000,WAYPOINT
2026-08-17T10:21:09.892784,37.8648297,32.4837571,1026.43,-0.0589,0.1416,2.7325,156.0,0.04,0.000,0.000,WAYPOINT
2026-08-17T10:21:10.892769,37.8648297,32.4837571,1026.43,-0.0589,0.1416,2.7325,156.0,0.04,0.000,0.000,WAYPOINT
2026-08-17T10:21:11.892800,37.8648297,32.4837571,1026.43,-0.0589,0.1416,2.7325,156.0,0.04,0.000,0.000,WAYPOINT
2026-08-17T10:21:12.892832,37.8648297,32.4837571,1026.43,-0.0589,0.1416,2.7325,156.0,0.04,0.000,0.000,WAYPOINT
2026-08-17T10:21:13.892611,37.8648297,32.4837571,1026.43,-0.0589,0.1416,2.7325,156.0,0.04,0.000,0.000,WAYPOINT
2026-08-17T10:21:14.892715,37.8648297,32.4837571,1026.43,-0.0589,0.1416,2.7325,156.0,0.04,0.000,0.000,WAYPOINT
2026-08-17T10:21:15.892695,37.8648297,32.4837571,1026.43,-0.0589,0.1416,2.7325,156.0,0.04,0.000,0.000,WAYPOINT
2026-08-17T10:21:16.892674,37.8648297,32.4837571,1026.43,-0.0589,0.1416,2.7325,156.0,0.04,0.000,0.000,WAYPOINT
2026-08-17T10:21:17.892594,37.8648297,32.4837571,1026.43,-0.0589,0.1416,2.7325,156.0,0.04,0.000,0.000,WAYPOINT
2026-08-17T10:21:18.892737,37.8648297,32.4837571,1026.43,-0.0589,0.1416,2.7325,156.0,0.04,0.000,0.000,WAYPOINT
2026-08-17T10:21:19.892810,37.8648297,32.4837571,1026.43,-0.0589,0.1416,2.7325,156.0,0.04,0.000,0.000,WAYPOINT
2026-08-17T10:21:20.892661,37.8648297,32.4837571,1026.43,-0.0589,0.1416,2.7325,156.0,0.04,0.000,0.000,WAYPOINT
2026-08-17T10:21:21.892739,37.8648297,32.4837571,1026.43,-0.0589,0.1416,2.7325,156.0,0.04,0.000,0.000,WAYPOINT
2026-08-17T10:21:22.892619,37.8648297,32.4837571,1026.43,-0.0589,0.1416,2.7325,156.0,0.04,0.000,0.000,WAYPOINT
2026-08-17T10:21:23.892674,37.8648297,32.4837571,1026.43,-0.0589,0.1416,2.7325,156.0,0.04,0.000,0.000,WAYPOINT
2026-08-17T10:21:24.892762,37.8648297,32.4837571,1026.43,-0.0589,0.1416,2.7325,156.0,0.04,0.000,0.000,WAYPOINT
2026-08-17T10:21:25.892714,37.8648297,32.4837571,1026.43,-0.0589,0.1416,2.7325,156.0,0.04,0.000,0.000,WAYPOINT
2026-08-17T10:21:26.892706,37.8648297,32.4837571,1026.43,-0.0589,0.1416,2.7325,156.0,0.04,0.000,0.000,WAYPOINT
2026-08-17T10:21:27.892739,37.8648297,32.4837571,1026.43,-0.0589,0.1416,2.7325,156.0,0.04,0.000,0.000,WAYPOINT
2026-08-17T10:21:28.892817,37.8648297,32.4837571,1026.43,-0.0589,0.1416,2.7325,156.0,0.04,0.000,0.000,WAYPOINT
2026-08-17T10:21:29.892585,37.8648297,32.4837571,1026.43,-0.0589,0.1416,2.7325,156.0,0.04,0.000,0.000,WAYPOINT
2026-08-17T10:21:30.892599,37.8648297,32.4837571,1026.43,-0.0589,0.1416,2.7325,156.0,0.04,0.000,0.000,WAYPOINT
2026-08-17T10:21:31.892593,37.8648297,32.4837571,1026.43,-0.0589,0.1416,2.7325,156.0,0.04,0.000,0.000,WAYPOINT
2026-08-17T10:21:32.892611,37.8648297,32.4837571,1026.43,-0.0589,0.1416,2.7325,156.0,0.04,0.000,0.000,WAYPOINT
2026-08-17T10:21:33.892773,37.8648297,32.4837571,1026.43,-0.0589,0.1416,2.7325,156.0,0.04,0.000,0.000,WAYPOINT
2026-08-17T10:21:34.892572,37.8648297,32.4837571,1026.43,-0.0589,0.1416,2.7325,156.0,0.04,0.000,0.000,WAYPOINT
2026-08-17T10:21:35.892750,37.8648297,32.4837571,1026.43,-0.0589,0.1416,2.7325,156.0,0.04,0.000,0.000,WAYPOINT
2026-08-17T10:21:36.892703,37.8648297,32.4837571,1026.43,-0.0589,0.1416,2.7325,156.0,0.04,0.000,0.000,WAYPOINT
2026-08-17T10:21:37.892770,37.8648297,32.4837571,1026.43,-0.0589,0.1416,2.7325,156.0,0.04,0.000,0.000,WAYPOINT
2026-08-17T10:21:38.892689,37.8648297,32.4837571,1026.43,-0.0589,0.1416,2.7325,156.0,0.04,0.000,0.000,WAYPOINT
2026-08-17T10:21:39.892704,37.8648297,32.4837571,1026.43,-0.0589,0.1416,2.7325,156.0,0.04,0.000,0.000,WAYPOINT
2026-08-17T10:21:40.892733,37.8648297,32.4837571,1026.43,-0.0589,0.1416,2.7325,156.0,0.04,0.000,0.000,WAYPOINT
2026-08-17T10:21:41.892750,37.8648297,32.4837571,1026.43,-0.0589,0.1416,2.7325,156.0,0.04,0.000,0.000,WAYPOINT
2026-08-17T10:21:42.892694,37.8648297,32.4837571,1026.43,-0.0589,0.1416,2.7325,156.0,0.04,0.000,0.000,WAYPOINT
2026-08-17T10:21:43.892607,37.8648297,32.4837571,1026.43,-0.0589,0.1416,2.7325,156.0,0.04,0.000,0.000,WAYPOINT
2026-08-17T10:21:44.892793,37.8648297,32.4837571,1026.43,-0.0589,0.1416,2.7325,156.0,0.04,0.000,0.000,WAYPOINT
2026-08-17T10:21:45.892550,37.8648297,32.4837571,1026.43,-0.0589,0.1416,2.7325,156.0,0.04,0.000,0.000,WAYPOINT
2026-08-17T10:21:46.892574,37.8648297,32.4837571,1026.43,-0.0589,0.1416,2.7325,156.0,0.04,0.000,0.000,WAYPOINT
2026-08-17T10:21:47.892682,37.8648297,32.4837571,1026.43,-0.0589,0.1416,2.7325,156.0,0.04,0.000,0.000,WAYPOINT
2026-08-17T10:21:48.892763,37.8648297,32.4837571,1026.43,-0.0589,0.1416,2.7325,156.0,0.04,0.000,0.000,WAYPOINT
2026-08-17T10:21:49.892776,37.8648297,32.4837571,1026.43,-0.0589,0.1416,2.7325,156.0,0.04,0.000,0.000,WAYPOINT
2026-08-17T10:21:50.892729,37.8648297,32.4837571,1026.43,-0.0589,0.1416,2.7325,156.0,0.04,0.000,0.000,WAYPOINT
2026-08-17T10:21:51.892716,37.8648297,32.4837571,1026.43,-0.0589,0.1416,2.7325,156.0,0.04,0.000,0.000,WAYPOINT
2026-08-17T10:21:52.892768,37.8648297,32.4837571,1026.43,-0.0589,0.1416,2.7325,156.0,0.04,0.000,0.000,WAYPOINT
2026-08-17T10:21:53.892795,37.8648297,32.4837571,1026.43,-0.0589,0.1416,2.7325,156.0,0.04,0.000,0.000,WAYPOINT
2026-08-17T10:21:54.892948,37.8648297,32.4837571,1026.43,-0.0589,0.1416,2.7325,156.0,0.04,0.000,0.000,WAYPOINT
2026-08-17T10:21:55.892754,37.8648297,32.4837571,1026.43,-0.0589,0.1416,2.7325,156.0,0.04,0.000,0.000,WAYPOINT
2026-08-17T10:21:56.892726,37.8648297,32.4837571,1026.43,-0.0589,0.1416,2.7325,156.0,0.04,0.000,0.000,WAYPOINT
2026-08-17T10:21:57.892673,37.8648297,32.4837571,1026.43,-0.0589,0.1416,2.7325,156.0,0.04,0.000,0.000,WAYPOINT
2026-08-17T10:21:58.892868,37.8648297,32.4837571,1026.43,-0.0589,0.1416,2.7325,156.0,0.04,0.000,0.000,WAYPOINT
2026-08-17T10:21:59.897213,37.8648297,32.4837571,1026.43,-0.0589,0.1416,2.7325,156.0,0.04,0.000,0.000,WAYPOINT
2026-08-17T10:22:00.892760,37.8648297,32.4837571,1026.43,-0.0589,0.1416,2.7325,156.0,0.04,0.000,0.000,WAYPOINT
2026-08-17T10:22:01.892643,37.8648297,32.4837571,1026.43,-0.0589,0.1416,2.7325,156.0,0.04,0.000,0.000,WAYPOINT
2026-08-17T10:22:02.892761,37.8648297,32.4837571,1026.43,-0.0589,0.1416,2.7325,156.0,0.04,0.000,0.000,WAYPOINT
2026-08-17T10:22:03.892695,37.8648297,32.4837571,1026.43,-0.0589,0.1416,2.7325,156.0,0.04,0.000,0.000,WAYPOINT
2026-08-17T10:22:04.892711,37.8648297,32.4837571,1026.43,-0.0589,0.1416,2.7325,156.0,0.04,0.000,0.000,WAYPOINT
2026-08-17T10:22:05.892755,37.8648297,32.4837571,1026.43,-0.0589,0.1416,2.7325,156.0,0.04,0.000,0.000,WAYPOINT
2026-08-17T10:22:06.892811,37.8648297,32.4837571,1026.43,-0.0589,0.1416,2.7325,156.0,0.04,0.000,0.000,WAYPOINT
2026-08-17T10:22:07.892663,37.8648297,32.4837571,1026.43,-0.0589,0.1416,2.7325,156.0,0.04,0.000,0.000,WAYPOINT
2026-08-17T10:22:08.892801,37.8648297,32.4837571,1026.43,-0.0589,0.1416,2.7325,156.0,0.04,0.000,0.000,WAYPOINT
2026-08-17T10:22:09.892786,37.8648297,32.4837571,1026.43,-0.0589,0.1416,2.7325,156.0,0.04,0.000,0.000,WAYPOINT
2026-08-17T10:22:10.892775,37.8648297,32.4837571,1026.43,-0.0589,0.1416,2.7325,156.0,0.04,0.000,0.000,WAYPOINT
2026-08-17T10:22:11.892769,37.8648297,32.4837571,1026.43,-0.0589,0.1416,2.7325,156.0,0.04,0.000,0.000,WAYPOINT
2026-08-17T10:22:12.892774,37.8648297,32.4837571,1026.43,-0.0589,0.1416,2.7325,156.0,0.04,0.000,0.000,WAYPOINT
2026-08-17T10:22:13.892769,37.8648297,32.4837571,1026.43,-0.0589,0.1416,2.7325,156.0,0.04,0.000,0.000,WAYPOINT
2026-08-17T10:22:14.892670,37.8648297,32.4837571,1026.43,-0.0589,0.1416,2.7325,156.0,0.04,0.000,0.000,WAYPOINT
2026-08-17T10:22:15.892764,37.8648297,32.4837571,1026.43,-0.0589,0.1416,2.7325,156.0,0.04,0.000,0.000,WAYPOINT
2026-08-17T10:22:16.892755,37.8648297,32.4837571,1026.43,-0.0589,0.1416,2.7325,156.0,0.04,0.000,0.000,WAYPOINT
2026-08-17T10:22:17.892757,37.8648297,32.4837571,1026.43,-0.0589,0.1416,2.7325,156.0,0.04,0.000,0.000,WAYPOINT
2026-08-17T10:22:18.892713,37.8648297,32.4837571,1026.43,-0.0589,0.1416,2.7325,156.0,0.04,0.000,0.000,WAYPOINT
2026-08-17T10:22:19.892840,37.8648297,32.4837571,1026.43,-0.0589,0.1416,2.7325,156.0,0.04,0.000,0.000,WAYPOINT
2026-08-17T10:22:20.892798,37.8648297,32.4837571,1026.43,-0.0589,0.1416,2.7325,156.0,0.04,0.000,0.000,WAYPOINT
2026-08-17T10:22:21.892711,37.8648297,32.4837571,1026.43,-0.0589,0.1416,2.7325,156.0,0.04,0.000,0.000,WAYPOINT
2026-08-17T10:22:22.892659,37.8648297,32.4837571,1026.43,-0.0589,0.1416,2.7325,156.0,0.04,0.000,0.000,WAYPOINT
2026-08-17T10:22:23.892700,37.8648297,32.4837571,1026.43,-0.0589,0.1416,2.7325,156.0,0.04,0.000,0.000,WAYPOINT
2026-08-17T10:22:24.892654,37.8648297,32.4837571,1026.43,-0.0589,0.1416,2.7325,156.0,0.04,0.000,0.000,WAYPOINT
2026-08-17T10:22:25.892674,37.8648297,32.4837571,1026.43,-0.0589,0.1416,2.7325,156.0,0.04,0.000,0.000,WAYPOINT
2026-08-17T10:22:26.892810,37.8648297,32.4837571,1026.43,-0.0589,0.1416,2.7325,156.0,0.04,0.000,0.000,WAYPOINT
2026-08-17T10:22:27.892702,37.8648297,32.4837571,1026.43,-0.0589,0.1416,2.7325,156.0,0.04,0.000,0.000,WAYPOINT
2026-08-17T10:22:28.892837,37.8648297,32.4837571,1026.43,-0.0589,0.1416,2.7325,156.0,0.04,0.000,0.000,WAYPOINT
2026-08-17T10:22:29.892772,37.8648297,32.4837571,1026.43,-0.0589,0.1416,2.7325,156.0,0.04,0.000,0.000,WAYPOINT
2026-08-17T10:22:30.892778,37.8648297,32.4837571,1026.43,-0.0589,0.1416,2.7325,156.0,0.04,0.000,0.000,WAYPOINT
2026-08-17T10:22:31.892769,37.8648297,32.4837571,1026.43,-0.0589,0.1416,2.7325,156.0,0.04,0.000,0.000,WAYPOINT
2026-08-17T10:22:32.892827,37.8648297,32.4837571,1026.43,-0.0589,0.1416,2.7325,156.0,0.04,0.000,0.000,WAYPOINT
2026-08-17T10:22:33.892701,37.8648297,32.4837571,1026.43,-0.0589,0.1416,2.7325,156.0,0.04,0.000,0.000,WAYPOINT
2026-08-17T10:22:34.892652,37.8648297,32.4837571,1026.43,-0.0589,0.1416,2.7325,156.0,0.04,0.000,0.000,WAYPOINT
2026-08-17T10:22:35.892765,37.8648297,32.4837571,1026.43,-0.0589,0.1416,2.7325,156.0,0.04,0.000,0.000,WAYPOINT
2026-08-17T10:22:36.892815,37.8648297,32.4837571,1026.43,-0.0589,0.1416,2.7325,156.0,0.04,0.000,0.000,WAYPOINT
2026-08-17T10:22:37.892696,37.8648297,32.4837571,1026.43,-0.0589,0.1416,2.7325,156.0,0.04,0.000,0.000,WAYPOINT
2026-08-17T10:22:38.892840,37.8648297,32.4837571,1026.43,-0.0589,0.1416,2.7325,156.0,0.04,0.000,0.000,WAYPOINT
2026-08-17T10:22:39.892747,37.8648297,32.4837571,1026.43,-0.0589,0.1416,2.7325,156.0,0.04,0.000,0.000,WAYPOINT
2026-08-17T10:22:40.892726,37.8648297,32.4837571,1026.43,-0.0589,0.1416,2.7325,156.0,0.04,0.000,0.000,WAYPOINT
2026-08-17T10:22:41.892798,37.8648297,32.4837571,1026.43,-0.0589,0.1416,2.7325,156.0,0.04,0.000,0.000,WAYPOINT
2026-08-17T10:22:42.892680,37.8648297,32.4837571,1026.43,-0.0589,0.1416,2.7325,156.0,0.04,0.000,0.000,WAYPOINT
2026-08-17T10:22:43.892684,37.8648297,32.4837571,1026.43,-0.0589,0.1416,2.7325,156.0,0.04,0.000,0.000,WAYPOINT
2026-08-17T10:22:44.892652,37.8648297,32.4837571,1026.43,-0.0589,0.1416,2.7325,156.0,0.04,0.000,0.000,WAYPOINT
2026-08-17T10:22:45.892683,37.8648297,32.4837571,1026.43,-0.0589,0.1416,2.7325,156.0,0.04,0.000,0.000,WAYPOINT
2026-08-17T10:22:46.892611,37.8648297,32.4837571,1026.43,-0.0589,0.1416,2.7325,156.0,0.04,0.000,0.000,WAYPOINT
2026-08-17T10:22:47.892628,37.8648297,32.4837571,1026.43,-0.0589,0.1416,2.7325,156.0,0.04,0.000,0.000,WAYPOINT
2026-08-17T10:22:48.892605,37.8648297,32.4837571,1026.43,-0.0589,0.1416,2.7325,156.0,0.04,0.000,0.000,WAYPOINT
2026-08-17T10:22:49.892776,37.8648297,32.4837571,1026.43,-0.0589,0.1416,2.7325,156.0,0.04,0.000,0.000,WAYPOINT
2026-08-17T10:22:50.893230,37.8648297,32.4837571,1026.43,-0.0589,0.1416,2.7325,156.0,0.04,0.000,0.000,WAYPOINT
2026-08-17T10:22:51.892595,37.8648297,32.4837571,1026.43,-0.0589,0.1416,2.7325,156.0,0.04,0.000,0.000,WAYPOINT
2026-08-17T10:22:52.892811,37.8648297,32.4837571,1026.43,-0.0589,0.1416,2.7325,156.0,0.04,0.000,0.000,WAYPOINT
2026-08-17T10:22:53.892781,37.8648297,32.4837571,1026.43,-0.0589,0.1416,2.7325,156.0,0.04,0.000,0.000,WAYPOINT
2026-08-17T10:22:54.892819,37.8648297,32.4837571,1026.43,-0.0589,0.1416,2.7325,156.0,0.04,0.000,0.000,WAYPOINT
2026-08-17T10:22:55.892827,37.8648297,32.4837571,1026.43,-0.0589,0.1416,2.7325,156.0,0.04,0.000,0.000,WAYPOINT
2026-08-17T10:22:56.892770,37.8648297,32.4837571,1026.43,-0.0589,0.1416,2.7325,156.0,0.04,0.000,0.000,WAYPOINT
2026-08-17T10:22:57.892673,37.8648297,32.4837571,1026.43,-0.0589,0.1416,2.7325,156.0,0.04,0.000,0.000,WAYPOINT
2026-08-17T10:22:58.892667,37.8648297,32.4837571,1026.43,-0.0589,0.1416,2.7325,156.0,0.04,0.000,0.000,WAYPOINT
2026-08-17T10:22:59.892679,37.8648297,32.4837571,1026.43,-0.0589,0.1416,2.7325,156.0,0.04,0.000,0.000,WAYPOINT
2026-08-17T10:23:00.892761,37.8648297,32.4837571,1026.43,-0.0589,0.1416,2.7325,156.0,0.04,0.000,0.000,WAYPOINT
2026-08-17T10:23:01.892693,37.8648297,32.4837571,1026.43,-0.0589,0.1416,2.7325,156.0,0.04,0.000,0.000,WAYPOINT
2026-08-17T10:23:02.892682,37.8648297,32.4837571,1026.43,-0.0589,0.1416,2.7325,156.0,0.04,0.000,0.000,WAYPOINT
2026-08-17T10:23:03.892591,37.8648297,32.4837571,1026.43,-0.0589,0.1416,2.7325,156.0,0.04,0.000,0.000,WAYPOINT
2026-08-17T10:23:04.892860,37.8648297,32.4837571,1026.43,-0.0589,0.1416,2.7325,156.0,0.04,0.000,0.000,WAYPOINT
2026-08-17T10:23:05.892802,37.8648297,32.4837571,1026.43,-0.0589,0.1416,2.7325,156.0,0.04,0.000,0.000,WAYPOINT
2026-08-17T10:23:06.892686,37.8648297,32.4837571,1026.43,-0.0589,0.1416,2.7325,156.0,0.04,0.000,0.000,WAYPOINT
2026-08-17T10:23:07.892763,37.8648297,32.4837571,1026.43,-0.0589,0.1416,2.7325,156.0,0.04,0.000,0.000,WAYPOINT
2026-08-17T10:23:08.892669,37.8648297,32.4837571,1026.43,-0.0589,0.1416,2.7325,156.0,0.04,0.000,0.000,WAYPOINT
2026-08-17T10:23:09.892824,37.8648297,32.4837571,1026.43,-0.0589,0.1416,2.7325,156.0,0.04,0.000,0.000,WAYPOINT
2026-08-17T10:23:10.892863,37.8648297,32.4837571,1026.43,-0.0589,0.1416,2.7325,156.0,0.04,0.000,0.000,WAYPOINT
2026-08-17T10:23:11.892710,37.8648297,32.4837571,1026.43,-0.0589,0.1416,2.7325,156.0,0.04,0.000,0.000,WAYPOINT
2026-08-17T10:23:12.892793,37.8648297,32.4837571,1026.43,-0.0589,0.1416,2.7325,156.0,0.04,0.000,0.000,WAYPOINT
2026-08-17T10:23:13.892601,37.8648297,32.4837571,1026.43,-0.0589,0.1416,2.7325,156.0,0.04,0.000,0.000,WAYPOINT
2026-08-17T10:23:14.892552,37.8648297,32.4837571,1026.43,-0.0589,0.1416,2.7325,156.0,0.04,0.000,0.000,WAYPOINT
2026-08-17T10:23:15.892726,37.8648297,32.4837571,1026.43,-0.0589,0.1416,2.7325,156.0,0.04,0.000,0.000,WAYPOINT
2026-08-17T10:23:16.892831,37.8648297,32.4837571,1026.43,-0.0589,0.1416,2.7325,156.0,0.04,0.000,0.000,WAYPOINT
2026-08-17T10:23:17.892773,37.8648297,32.4837571,1026.43,-0.0589,0.1416,2.7325,156.0,0.04,0.000,0.000,WAYPOINT
2026-08-17T10:23:18.892564,37.8648297,32.4837571,1026.43,-0.0589,0.1416,2.7325,156.0,0.04,0.000,0.000,WAYPOINT
2026-08-17T10:23:19.892800,37.8648297,32.4837571,1026.43,-0.0589,0.1416,2.7325,156.0,0.04,0.000,0.000,WAYPOINT
2026-08-17T10:23:20.892915,37.8648297,32.4837571,1026.43,-0.0589,0.1416,2.7325,156.0,0.04,0.000,0.000,WAYPOINT
2026-08-17T10:23:21.892816,37.8648297,32.4837571,1026.43,-0.0589,0.1416,2.7325,156.0,0.04,0.000,0.000,WAYPOINT
2026-08-17T10:23:22.892820,37.8648297,32.4837571,1026.43,-0.0589,0.1416,2.7325,156.0,0.04,0.000,0.000,WAYPOINT
2026-08-17T10:23:23.892599,37.8648297,32.4837571,1026.43,-0.0589,0.1416,2.7325,156.0,0.04,0.000,0.000,WAYPOINT
2026-08-17T10:23:24.892817,37.8648297,32.4837571,1026.43,-0.0589,0.1416,2.7325,156.0,0.04,0.000,0.000,WAYPOINT
2026-08-17T10:23:25.892686,37.8648297,32.4837571,1026.43,-0.0589,0.1416,2.7325,156.0,0.04,0.000,0.000,WAYPOINT
2026-08-17T10:23:26.892739,37.8648297,32.4837571,1026.43,-0.0589,0.1416,2.7325,156.0,0.04,0.000,0.000,WAYPOINT
2026-08-17T10:23:27.892571,37.8648297,32.4837571,1026.43,-0.0589,0.1416,2.7325,156.0,0.04,0.000,0.000,WAYPOINT
2026-08-17T10:23:28.893232,37.8648297,32.4837571,1026.43,-0.0589,0.1416,2.7325,156.0,0.04,0.000,0.000,WAYPOINT
2026-08-17T10:23:29.892707,37.8648297,32.4837571,1026.43,-0.0589,0.1416,2.7325,156.0,0.04,0.000,0.000,WAYPOINT
2026-08-17T10:23:30.892791,37.8648297,32.4837571,1026.43,-0.0589,0.1416,2.7325,156.0,0.04,0.000,0.000,WAYPOINT
2026-08-17T10:23:31.892709,37.8648297,32.4837571,1026.43,-0.0589,0.1416,2.7325,156.0,0.04,0.000,0.000,WAYPOINT
2026-08-17T10:23:32.892806,37.8648297,32.4837571,1026.43,-0.0589,0.1416,2.7325,156.0,0.04,0.000,0.000,WAYPOINT
2026-08-17T10:23:33.892799,37.8648297,32.4837571,1026.43,-0.0589,0.1416,2.7325,156.0,0.04,0.000,0.000,WAYPOINT
2026-08-17T10:23:34.892802,37.8648297,32.4837571,1026.43,-0.0589,0.1416,2.7325,156.0,0.04,0.000,0.000,WAYPOINT
2026-08-17T10:23:35.892730,37.8648297,32.4837571,1026.43,-0.0589,0.1416,2.7325,156.0,0.04,0.000,0.000,WAYPOINT
2026-08-17T10:23:36.892882,37.8648297,32.4837571,1026.43,-0.0589,0.1416,2.7325,156.0,0.04,0.000,0.000,WAYPOINT
2026-08-17T10:23:37.892779,37.8648297,32.4837571,1026.43,-0.0589,0.1416,2.7325,156.0,0.04,0.000,0.000,WAYPOINT
2026-08-17T10:23:38.892625,37.8648297,32.4837571,1026.43,-0.0589,0.1416,2.7325,156.0,0.04,0.000,0.000,WAYPOINT
2026-08-17T10:23:39.892759,37.8648297,32.4837571,1026.43,-0.0589,0.1416,2.7325,156.0,0.04,0.000,0.000,WAYPOINT
2026-08-17T10:23:40.892792,37.8648297,32.4837571,1026.43,-0.0589,0.1416,2.7325,156.0,0.04,0.000,0.000,WAYPOINT
2026-08-17T10:23:41.892732,37.8648297,32.4837571,1026.43,-0.0589,0.1416,2.7325,156.0,0.04,0.000,0.000,WAYPOINT
2026-08-17T10:23:42.892656,37.8648297,32.4837571,1026.43,-0.0589,0.1416,2.7325,156.0,0.04,0.000,0.000,WAYPOINT
2026-08-17T10:23:43.892882,37.8648297,32.4837571,1026.43,-0.0589,0.1416,2.7325,156.0,0.04,0.000,0.000,WAYPOINT
2026-08-17T10:23:44.892768,37.8648297,32.4837571,1026.43,-0.0589,0.1416,2.7325,156.0,0.04,0.000,0.000,WAYPOINT
2026-08-17T10:23:45.892683,37.8648297,32.4837571,1026.43,-0.0589,0.1416,2.7325,156.0,0.04,0.000,0.000,WAYPOINT
2026-08-17T10:23:46.892716,37.8648297,32.4837571,1026.43,-0.0589,0.1416,2.7325,156.0,0.04,0.000,0.000,WAYPOINT
2026-08-17T10:23:47.892770,37.8648297,32.4837571,1026.43,-0.0589,0.1416,2.7325,156.0,0.04,0.000,0.000,WAYPOINT
2026-08-17T10:23:48.892764,37.8648297,32.4837571,1026.43,-0.0589,0.1416,2.7325,156.0,0.04,0.000,0.000,WAYPOINT
2026-08-17T10:23:49.892739,37.8648297,32.4837571,1026.43,-0.0589,0.1416,2.7325,156.0,0.04,0.000,0.000,WAYPOINT
2026-08-17T10:23:50.892767,37.8648297,32.4837571,1026.43,-0.0589,0.1416,2.7325,156.0,0.04,0.000,0.000,WAYPOINT
2026-08-17T10:23:51.892687,37.8648297,32.4837571,1026.43,-0.0589,0.1416,2.7325,156.0,0.04,0.000,0.000,WAYPOINT
2026-08-17T10:23:52.892603,37.8648297,32.4837571,1026.43,-0.0589,0.1416,2.7325,156.0,0.04,0.000,0.000,WAYPOINT
2026-08-17T10:23:53.892777,37.8648297,32.4837571,1026.43,-0.0589,0.1416,2.7325,156.0,0.04,0.000,0.000,WAYPOINT
2026-08-17T10:23:54.892774,37.8648297,32.4837571,1026.43,-0.0589,0.1416,2.7325,156.0,0.04,0.000,0.000,WAYPOINT
2026-08-17T10:23:55.892668,37.8648297,32.4837571,1026.43,-0.0589,0.1416,2.7325,156.0,0.04,0.000,0.000,WAYPOINT
2026-08-17T10:23:56.892801,37.8648297,32.4837571,1026.43,-0.0589,0.1416,2.7325,156.0,0.04,0.000,0.000,WAYPOINT
2026-08-17T10:23:57.892801,37.8648297,32.4837571,1026.43,-0.0589,0.1416,2.7325,156.0,0.04,0.000,0.000,WAYPOINT
2026-08-17T10:23:58.892766,37.8648297,32.4837571,1026.43,-0.0589,0.1416,2.7325,156.0,0.04,0.000,0.000,WAYPOINT
2026-08-17T10:23:59.893134,37.8648297,32.4837571,1026.43,-0.0589,0.1416,2.7325,156.0,0.04,0.000,0.000,WAYPOINT
2026-08-17T10:24:00.892777,37.8648297,32.4837571,1026.43,-0.0589,0.1416,2.7325,156.0,0.04,0.000,0.000,WAYPOINT
2026-08-17T10:24:01.892776,37.8648297,32.4837571,1026.43,-0.0589,0.1416,2.7325,156.0,0.04,0.000,0.000,WAYPOINT
2026-08-17T10:24:02.892779,37.8648297,32.4837571,1026.43,-0.0589,0.1416,2.7325,156.0,0.04,0.000,0.000,WAYPOINT
2026-08-17T10:24:03.892714,37.8648297,32.4837571,1026.43,-0.0589,0.1416,2.7325,156.0,0.04,0.000,0.000,WAYPOINT
2026-08-17T10:24:04.892718,37.8648297,32.4837571,1026.43,-0.0589,0.1416,2.7325,156.0,0.04,0.000,0.000,WAYPOINT
2026-08-17T10:24:05.892651,37.8648297,32.4837571,1026.43,-0.0589,0.1416,2.7325,156.0,0.04,0.000,0.000,WAYPOINT
2026-08-17T10:24:06.892782,37.8648297,32.4837571,1026.43,-0.0589,0.1416,2.7325,156.0,0.04,0.000,0.000,WAYPOINT
2026-08-17T10:24:07.892761,37.8648297,32.4837571,1026.43,-0.0589,0.1416,2.7325,156.0,0.04,0.000,0.000,WAYPOINT
2026-08-17T10:24:08.892722,37.8648297,32.4837571,1026.43,-0.0589,0.1416,2.7325,156.0,0.04,0.000,0.000,WAYPOINT
2026-08-17T10:24:09.892667,37.8648297,32.4837571,1026.43,-0.0589,0.1416,2.7325,156.0,0.04,0.000,0.000,WAYPOINT
2026-08-17T10:24:10.892605,37.8648297,32.4837571,1026.43,-0.0589,0.1416,2.7325,156.0,0.04,0.000,0.000,WAYPOINT
2026-08-17T10:24:11.892724,37.8648297,32.4837571,1026.43,-0.0589,0.1416,2.7325,156.0,0.04,0.000,0.000,WAYPOINT
2026-08-17T10:24:12.892740,37.8648297,32.4837571,1026.43,-0.0589,0.1416,2.7325,156.0,0.04,0.000,0.000,WAYPOINT
2026-08-17T10:24:13.892751,37.8648297,32.4837571,1026.43,-0.0589,0.1416,2.7325,156.0,0.04,0.000,0.000,WAYPOINT
2026-08-17T10:24:14.892798,37.8648297,32.4837571,1026.43,-0.0589,0.1416,2.7325,156.0,0.04,0.000,0.000,WAYPOINT
2026-08-17T10:24:15.892796,37.8648297,32.4837571,1026.43,-0.0589,0.1416,2.7325,156.0,0.04,0.000,0.000,WAYPOINT
2026-08-17T10:24:16.892831,37.8648297,32.4837571,1026.43,-0.0589,0.1416,2.7325,156.0,0.04,0.000,0.000,WAYPOINT
2026-08-17T10:24:17.892678,37.8648297,32.4837571,1026.43,-0.0589,0.1416,2.7325,156.0,0.04,0.000,0.000,WAYPOINT
2026-08-17T10:24:18.892761,37.8648297,32.4837571,1026.43,-0.0589,0.1416,2.7325,156.0,0.04,0.000,0.000,WAYPOINT
2026-08-17T10:24:19.892826,37.8648297,32.4837571,1026.43,-0.0589,0.1416,2.7325,156.0,0.04,0.000,0.000,WAYPOINT
2026-08-17T10:24:20.892711,37.8648297,32.4837571,1026.43,-0.0589,0.1416,2.7325,156.0,0.04,0.000,0.000,WAYPOINT
2026-08-17T10:24:21.892735,37.8648297,32.4837571,1026.43,-0.0589,0.1416,2.7325,156.0,0.04,0.000,0.000,WAYPOINT
2026-08-17T10:24:22.892663,37.8648297,32.4837571,1026.43,-0.0589,0.1416,2.7325,156.0,0.04,0.000,0.000,WAYPOINT
2026-08-17T10:24:23.892880,37.8648297,32.4837571,1026.43,-0.0589,0.1416,2.7325,156.0,0.04,0.000,0.000,WAYPOINT
2026-08-17T10:24:24.892597,37.8648297,32.4837571,1026.43,-0.0589,0.1416,2.7325,156.0,0.04,0.000,0.000,WAYPOINT
2026-08-17T10:24:25.892697,37.8648297,32.4837571,1026.43,-0.0589,0.1416,2.7325,156.0,0.04,0.000,0.000,WAYPOINT
2026-08-17T10:24:26.892843,37.8648297,32.4837571,1026.43,-0.0589,0.1416,2.7325,156.0,0.04,0.000,0.000,WAYPOINT
2026-08-17T10:24:27.892742,37.8648297,32.4837571,1026.43,-0.0589,0.1416,2.7325,156.0,0.04,0.000,0.000,WAYPOINT
2026-08-17T10:24:28.892663,37.8648297,32.4837571,1026.43,-0.0589,0.1416,2.7325,156.0,0.04,0.000,0.000,WAYPOINT
2026-08-17T10:24:29.892758,37.8648297,32.4837571,1026.43,-0.0589,0.1416,2.7325,156.0,0.04,0.000,0.000,WAYPOINT
2026-08-17T10:24:30.892712,37.8648297,32.4837571,1026.43,-0.0589,0.1416,2.7325,156.0,0.04,0.000,0.000,WAYPOINT
2026-08-17T10:24:31.892687,37.8648297,32.4837571,1026.43,-0.0589,0.1416,2.7325,156.0,0.04,0.000,0.000,WAYPOINT
2026-08-17T10:24:32.892765,37.8648297,32.4837571,1026.43,-0.0589,0.1416,2.7325,156.0,0.04,0.000,0.000,WAYPOINT
2026-08-17T10:24:33.892645,37.8648297,32.4837571,1026.43,-0.0589,0.1416,2.7325,156.0,0.04,0.000,0.000,WAYPOINT
2026-08-17T10:24:34.892771,37.8648297,32.4837571,1026.43,-0.0589,0.1416,2.7325,156.0,0.04,0.000,0.000,WAYPOINT
                                                                                                                                                                                                                                                                                                                                                                                                                                                                                                                                                                                                                                                                                                                                                                                                                                                                                                                                                                                                                                                                                                                                                                                                                                                                                                                                                                                                                                                                                                                                                                                                                                                                                                                                                                                                                                                                                                                                                                                                                                                                                                                                                                                                                           