timestamp,lat,lon,alt,roll,pitch,yaw,heading,groundspeed,cmd_linear_x,cmd_angular_z,mission_phase
2026-08-18T05:40:57.601915,0.0000000,0.0000000,0.00,0.0000,0.0000,0.0000,0.0,0.00,0.000,0.000,IDLE
2026-08-18T05:40:58.601945,0.0000000,0.0000000,0.00,0.0000,0.0000,0.0000,0.0,0.00,0.000,0.000,IDLE
2026-08-18T05:40:59.601837,0.0000000,0.0000000,0.00,0.0000,0.0000,0.0000,0.0,0.00,0.000,0.000,IDLE
2026-08-18T05:41:00.601818,0.0000000,0.0000000,0.00,0.0000,0.0000,0.0000,0.0,0.00,0.000,0.000,IDLE
2026-08-18T05:41:01.601960,0.0000000,0.0000000,0.00,0.0000,0.0000,0.0000,0.0,0.00,0.000,0.000,IDLE
2026-08-18T05:41:02.601854,0.0000000,0.0000000,0.00,0.0000,0.0000,0.0000,0.0,0.00,0.000,0.000,IDLE
2026-08-18T05:41:03.602074,0.0000000,0.0000000,0.00,0.0000,0.0000,0.0000,0.0,0.00,0.000,0.000,IDLE
2026-08-18T05:41:04.601984,0.0000000,0.0000000,0.00,0.0000,0.0000,0.0000,0.0,0.00,0.000,0.000,IDLE
2026-08-18T05:41:05.601957,0.0000000,0.0000000,0.00,0.0000,0.0000,0.0000,0.0,0.00,0.000,0.000,IDLE
2026-08-18T05:41:06.602002,0.0000000,0.0000000,0.00,0.0000,0.0000,0.0000,0.0,0.00,0.000,0.000,IDLE
2026-08-18T05:41:07.601974,0.0000000,0.0000000,0.00,0.0000,0.0000,0.0000,0.0,0.00,0.000,0.000,IDLE
2026-08-18T05:41:08.601871,0.0000000,0.0000000,0.00,0.0000,0.0000,0.0000,0.0,0.00,0.000,0.000,IDLE
2026-08-18T05:41:09.602015,0.0000000,0.0000000,0.00,0.0000,0.0000,0.0000,0.0,0.00,0.000,0.000,IDLE
2026-08-18T05:41:10.601737,0.0000000,0.0000000,0.00,0.0000,0.0000,0.0000,0.0,0.00,0.000,0.000,IDLE
2026-08-18T05:41:11.601852,0.0000000,0.0000000,0.00,0.0000,0.0000,0.0000,0.0,0.00,0.000,0.000,IDLE
2026-08-18T05:41:12.601927,0.0000000,0.0000000,0.00,0.0000,0.0000,0.0000,0.0,0.00,0.000,0.000,IDLE
2026-08-18T05:41:13.601954,0.0000000,0.0000000,0.00,0.0000,0.0000,0.0000,0.0,0.00,0.000,0.000,IDLE
2026-08-18T05:41:14.601887,0.0000000,0.0000000,0.00,0.0000,0.0000,0.0000,0.0,0.00,0.000,0.000,IDLE
2026-08-18T05:41:15.601994,0.0000000,0.0000000,0.00,0.0000,0.0000,0.0000,0.0,0.00,0.000,0.000,IDLE
2026-08-18T05:41:16.601812,0.0000000,0.0000000,0.00,0.0000,0.0000,0.0000,0.0,0.00,0.000,0.000,IDLE
2026-08-18T05:41:17.601992,0.0000000,0.0000000,0.00,0.0000,0.0000,0.0000,0.0,0.00,0.000,0.000,IDLE
2026-08-18T05:41:18.602117,0.0000000,0.0000000,0.00,0.0000,0.0000,0.0000,0.0,0.00,0.000,0.000,IDLE
2026-08-18T05:41:19.602019,0.0000000,0.0000000,0.00,0.0000,0.0000,0.0000,0.0,0.00,0.000,0.000,IDLE
2026-08-18T05:41:20.601971,0.0000000,0.0000000,0.00,0.0000,0.0000,0.0000,0.0,0.00,0.000,0.000,IDLE
2026-08-18T05:41:21.601988,0.0000000,0.0000000,0.00,0.0000,0.0000,0.0000,0.0,0.00,0.000,0.000,IDLE
2026-08-18T05:41:22.601932,0.0000000,0.0000000,0.00,0.0000,0.0000,0.0000,0.0,0.00,0.000,0.000,IDLE
2026-08-18T05:41:23.601892,0.0000000,0.0000000,0.00,0.0000,0.0000,0.0000,0.0,0.00,0.000,0.000,IDLE
2026-08-18T05:41:24.601803,0.0000000,0.0000000,0.00,0.0000,0.0000,0.0000,0.0,0.00,0.000,0.000,IDLE
2026-08-18T05:41:25.601820,0.0000000,0.0000000,0.00,0.0000,0.0000,0.0000,0.0,0.00,0.000,0.000,IDLE
2026-08-18T05:41:26.601862,0.0000000,0.0000000,0.00,0.0000,0.0000,0.0000,0.0,0.00,0.000,0.000,IDLE
2026-08-18T05:41:27.602209,0.0000000,0.0000000,0.00,0.0000,0.0000,0.0000,0.0,0.00,0.000,0.000,IDLE
2026-08-18T05:41:28.601822,0.0000000,0.0000000,0.00,0.0000,0.0000,0.0000,0.0,0.00,0.000,0.000,IDLE
2026-08-18T05:41:29.601833,0.0000000,0.0000000,0.00,0.0000,0.0000,0.0000,0.0,0.00,0.000,0.000,IDLE
2026-08-18T05:41:30.601987,0.0000000,0.0000000,0.00,0.0000,0.0000,0.0000,0.0,0.00,0.000,0.000,IDLE
2026-08-18T05:41:31.601925,0.0000000,0.0000000,0.00,0.0000,0.0000,0.0000,0.0,0.00,0.000,0.000,IDLE
2026-08-18T05:41:32.601853,0.0000000,0.0000000,0.00,0.0000,0.0000,0.0000,0.0,0.00,0.000,0.000,IDLE
2026-08-18T05:41:33.601860,0.0000000,0.0000000,0.00,0.0000,0.0000,0.0000,0.0,0.00,0.000,0.000,IDLE
2026-08-18T05:41:34.601949,0.0000000,0.0000000,0.00,0.0000,0.0000,0.0000,0.0,0.00,0.000,0.000,IDLE
2026-08-18T05:41:35.602196,0.0000000,0.0000000,0.00,0.0000,0.0000,0.0000,0.0,0.00,0.000,0.000,IDLE
2026-08-18T05:41:36.601982,0.0000000,0.0000000,0.00,0.0000,0.0000,0.0000,0.0,0.00,0.000,0.000,IDLE
2026-08-18T05:41:37.601899,0.0000000,0.0000000,0.00,0.0000,0.0000,0.0000,0.0,0.00,0.000,0.000,IDLE
2026-08-18T05:41:38.601871,0.0000000,0.0000000,0.00,0.0000,0.0000,0.0000,0.0,0.00,0.000,0.000,IDLE
2026-08-18T05:41:39.601936,0.0000000,0.0000000,0.00,0.0000,0.0000,0.0000,0.0,0.00,0.000,0.000,IDLE
2026-08-18T05:41:40.601883,0.0000000,0.0000000,0.00,0.0000,0.0000,0.0000,0.0,0.00,0.000,0.000,IDLE
2026-08-18T05:41:41.601824,0.0000000,0.0000000,0.00,0.0000,0.0000,0.0000,0.0,0.00,0.000,0.000,IDLE
2026-08-18T05:41:42.601828,0.0000000,0.0000000,0.00,0.0000,0.0000,0.0000,0.0,0.00,0.000,0.000,IDLE
2026-08-18T05:41:43.601961,0.0000000,0.0000000,0.00,0.0000,0.0000,0.0000,0.0,0.00,0.000,0.000,IDLE
2026-08-18T05:41:44.601823,0.0000000,0.0000000,0.00,0.0000,0.0000,0.0000,0.0,0.00,0.000,0.000,IDLE
2026-08-18T05:41:45.601974,0.0000000,0.0000000,0.00,0.0000,0.0000,0.0000,0.0,0.00,0.000,0.000,IDLE
2026-08-18T05:41:46.601856,0.0000000,0.0000000,0.00,0.0000,0.0000,0.0000,0.0,0.00,0.000,0.000,IDLE
2026-08-18T05:41:47.601863,0.0000000,0.0000000,0.00,0.0000,0.0000,0.0000,0.0,0.00,0.000,0.000,IDLE
2026-08-18T05:41:48.601979,0.0000000,0.0000000,0.00,0.0000,0.0000,0.0000,0.0,0.00,0.000,0.000,IDLE
2026-08-18T05:41:49.601789,0.0000000,0.0000000,0.00,0.0000,0.0000,0.0000,0.0,0.00,0.000,0.000,IDLE
2026-08-18T05:41:50.601873,0.0000000,0.0000000,0.00,0.0000,0.0000,0.0000,0.0,0.00,0.000,0.000,IDLE
2026-08-18T05:41:51.601863,0.0000000,0.0000000,0.00,0.0000,0.0000,0.0000,0.0,0.00,0.000,0.000,IDLE
2026-08-18T05:41:52.601814,0.0000000,0.0000000,0.00,0.0000,0.0000,0.0000,0.0,0.00,0.000,0.000,IDLE
2026-08-18T05:41:53.601976,0.0000000,0.0000000,0.00,0.0000,0.0000,0.0000,0.0,0.00,0.000,0.000,IDLE
2026-08-18T05:41:54.605598,0.0000000,0.0000000,0.00,0.0000,0.0000,0.0000,0.0,0.00,0.000,0.000,IDLE
2026-08-18T05:41:55.602336,0.0000000,0.0000000,0.00,0.0000,0.0000,0.0000,0.0,0.00,0.000,0.000,IDLE
2026-08-18T05:41:56.601878,0.0000000,0.0000000,0.00,0.0000,0.0000,0.0000,0.0,0.00,0.000,0.000,IDLE
2026-08-18T05:41:57.602032,0.0000000,0.0000000,0.00,0.0000,0.0000,0.0000,0.0,0.00,0.000,0.000,IDLE
2026-08-18T05:41:58.602016,0.0000000,0.0000000,0.00,0.0000,0.0000,0.0000,0.0,0.00,0.000,0.000,IDLE
2026-08-18T05:41:59.601893,0.0000000,0.0000000,0.00,0.0000,0.0000,0.0000,0.0,0.00,0.000,0.000,IDLE
2026-08-18T05:42:00.601849,0.0000000,0.0000000,0.00,0.0000,0.0000,0.0000,0.0,0.00,0.000,0.000,IDLE
2026-08-18T05:42:01.601842,0.0000000,0.0000000,0.00,0.0000,0.0000,0.0000,0.0,0.00,0.000,0.000,IDLE
2026-08-18T05:42:02.601866,0.0000000,0.0000000,0.00,0.0000,0.0000,0.0000,0.0,0.00,0.000,0.000,IDLE
2026-08-18T05:42:03.601930,0.0000000,0.0000000,0.00,0.0000,0.0000,0.0000,0.0,0.00,0.000,0.000,IDLE
2026-08-18T05:42:04.601809,0.0000000,0.0000000,0.00,0.0000,0.0000,0.0000,0.0,0.00,0.000,0.000,IDLE
2026-08-18T05:42:05.601827,0.0000000,0.0000000,0.00,0.0000,0.0000,0.0000,0.0,0.00,0.000,0.000,IDLE
2026-08-18T05:42:06.601951,0.0000000,0.0000000,0.00,0.0000,0.0000,0.0000,0.0,0.00,0.000,0.000,IDLE
2026-08-18T05:42:07.601907,0.0000000,0.0000000,0.00,0.0000,0.0000,0.0000,0.0,0.00,0.000,0.000,IDLE
2026-08-18T05:42:08.602020,0.0000000,0.0000000,0.00,0.0000,0.0000,0.0000,0.0,0.00,0.000,0.000,IDLE
2026-08-18T05:42:09.601879,0.0000000,0.0000000,0.00,0.0000,0.0000,0.0000,0.0,0.00,0.000,0.000,IDLE
2026-08-18T05:42:10.601842,0.0000000,0.0000000,0.00,0.0000,0.0000,0.0000,0.0,0.00,0.000,0.000,IDLE
2026-08-18T05:42:11.601815,0.0000000,0.0000000,0.00,0.0000,0.0000,0.0000,0.0,0.00,0.000,0.000,IDLE
2026-08-18T05:42:12.601912,0.0000000,0.0000000,0.00,0.0000,0.0000,0.0000,0.0,0.00,0.000,0.000,IDLE
2026-08-18T05:42:13.601878,0.0000000,0.0000000,0.00,0.0000,0.0000,0.0000,0.0,0.00,0.000,0.000,IDLE
2026-08-18T05:42:14.601818,0.0000000,0.0000000,0.00,0.0000,0.0000,0.0000,0.0,0.00,0.000,0.000,IDLE
2026-08-18T05:42:15.601816,0.0000000,0.0000000,0.00,0.0000,0.0000,0.0000,0.0,0.00,0.000,0.000,IDLE
2026-08-18T05:42:16.601944,0.0000000,0.0000000,0.00,0.0000,0.0000,0.0000,0.0,0.00,0.000,0.000,IDLE
2026-08-18T05:42:17.601982,0.0000000,0.0000000,0.00,0.0000,0.0000,0.0000,0.0,0.00,0.000,0.000,IDLE
2026-08-18T05:42:18.601905,0.0000000,0.0000000,0.00,0.0000,0.0000,0.0000,0.0,0.00,0.000,0.000,IDLE
2026-08-18T05:42:19.601966,0.0000000,0.0000000,0.00,0.0000,0.0000,0.0000,0.0,0.00,0.000,0.000,IDLE
2026-08-18T05:42:20.601889,0.0000000,0.0000000,0.00,0.0000,0.0000,0.0000,0.0,0.00,0.000,0.000,IDLE
2026-08-18T05:42:21.601966,0.0000000,0.0000000,0.00,0.0000,0.0000,0.0000,0.0,0.00,0.000,0.000,IDLE
2026-08-18T05:42:22.601850,0.0000000,0.0000000,0.00,0.0000,0.0000,0.0000,0.0,0.00,0.000,0.000,IDLE
2026-08-18T05:42:23.601946,0.0000000,0.0000000,0.00,0.0000,0.0000,0.0000,0.0,0.00,0.000,0.000,IDLE
2026-08-18T05:42:24.601962,0.0000000,0.0000000,0.00,0.0000,0.0000,0.0000,0.0,0.00,0.000,0.000,IDLE
2026-08-18T05:42:25.601844,0.0000000,0.0000000,0.00,0.0000,0.0000,0.0000,0.0,0.00,0.000,0.000,IDLE
2026-08-18T05:42:26.601869,0.0000000,0.0000000,0.00,0.0000,0.0000,0.0000,0.0,0.00,0.000,0.000,IDLE
2026-08-18T05:42:27.602232,0.0000000,0.0000000,0.00,0.0000,0.0000,0.0000,0.0,0.00,0.000,0.000,IDLE
2026-08-18T05:42:28.602245,0.0000000,0.0000000,0.00,0.0000,0.0000,0.0000,0.0,0.00,0.000,0.000,IDLE
2026-08-18T05:42:29.601898,0.0000000,0.0000000,0.00,0.0000,0.0000,0.0000,0.0,0.00,0.000,0.000,IDLE
2026-08-18T05:42:30.601875,0.0000000,0.0000000,0.00,0.0000,0.0000,0.0000,0.0,0.00,0.000,0.000,IDLE
2026-08-18T05:42:31.601851,0.0000000,0.0000000,0.00,0.0000,0.0000,0.0000,0.0,0.00,0.000,0.000,IDLE
2026-08-18T05:42:32.602156,0.0000000,0.0000000,0.00,0.0000,0.0000,0.0000,0.0,0.00,0.000,0.000,IDLE
2026-08-18T05:42:33.601875,0.0000000,0.0000000,0.00,0.0000,0.0000,0.0000,0.0,0.00,0.000,0.000,IDLE
2026-08-18T05:42:34.602066,0.0000000,0.0000000,0.00,0.0000,0.0000,0.0000,0.0,0.00,0.000,0.000,IDLE
2026-08-18T05:42:35.601981,0.0000000,0.0000000,0.00,0.0000,0.0000,0.0000,0.0,0.00,0.000,0.000,IDLE
2026-08-18T05:42:36.601982,0.0000000,0.0000000,0.00,0.0000,0.0000,0.0000,0.0,0.00,0.000,0.000,IDLE
2026-08-18T05:42:37.602194,0.0000000,0.0000000,0.00,0.0000,0.0000,0.0000,0.0,0.00,0.000,0.000,IDLE
2026-08-18T05:42:38.601833,0.0000000,0.0000000,0.00,0.0000,0.0000,0.0000,0.0,0.00,0.000,0.000,IDLE
2026-08-18T05:42:39.601841,0.0000000,0.0000000,0.00,0.0000,0.0000,0.0000,0.0,0.00,0.000,0.000,IDLE
2026-08-18T05:42:40.601943,0.0000000,0.0000000,0.00,0.0000,0.0000,0.0000,0.0,0.00,0.000,0.000,IDLE
2026-08-18T05:42:41.601929,0.0000000,0.0000000,0.00,0.0000,0.0000,0.0000,0.0,0.00,0.000,0.000,IDLE
2026-08-18T05:42:42.601937,0.0000000,0.0000000,0.00,0.0000,0.0000,0.0000,0.0,0.00,0.000,0.000,IDLE
2026-08-18T05:42:43.601957,0.0000000,0.0000000,0.00,0.0000,0.0000,0.0000,0.0,0.00,0.000,0.000,IDLE
2026-08-18T05:42:44.601967,0.0000000,0.0000000,0.00,0.0000,0.0000,0.0000,0.0,0.00,0.000,0.000,IDLE
2026-08-18T05:42:45.601974,0.0000000,0.0000000,0.00,0.0000,0.0000,0.0000,0.0,0.00,0.000,0.000,IDLE
2026-08-18T05:42:46.601824,0.0000000,0.0000000,0.00,0.0000,0.0000,0.0000,0.0,0.00,0.000,0.000,IDLE
2026-08-18T05:42:47.601818,0.0000000,0.0000000,0.00,0.0000,0.0000,0.0000,0.0,0.00,0.000,0.000,IDLE
2026-08-18T05:42:48.601961,0.0000000,0.0000000,0.00,0.0000,0.0000,0.0000,0.0,0.00,0.000,0.000,IDLE
2026-08-18T05:42:49.601938,0.0000000,0.0000000,0.00,0.0000,0.0000,0.0000,0.0,0.00,0.000,0.000,IDLE
2026-08-18T05:42:50.601842,0.0000000,0.0000000,0.00,0.0000,0.0000,0.0000,0.0,0.00,0.000,0.000,IDLE
2026-08-18T05:42:51.602002,0.0000000,0.0000000,0.00,0.0000,0.0000,0.0000,0.0,0.00,0.000,0.000,IDLE
2026-08-18T05:42:52.601948,0.0000000,0.0000000,0.00,0.0000,0.0000,0.0000,0.0,0.00,0.000,0.000,IDLE
2026-08-18T05:42:53.601948,0.0000000,0.0000000,0.00,0.0000,0.0000,0.0000,0.0,0.00,0.000,0.000,IDLE
2026-08-18T05:42:54.601985,0.0000000,0.0000000,0.00,0.0000,0.0000,0.0000,0.0,0.00,0.000,0.000,IDLE
2026-08-18T05:42:55.601855,0.0000000,0.0000000,0.00,0.0000,0.0000,0.0000,0.0,0.00,0.000,0.000,IDLE
2026-08-18T05:42:56.601848,0.0000000,0.0000000,0.00,0.0000,0.0000,0.0000,0.0,0.00,0.000,0.000,IDLE
2026-08-18T05:42:57.601855,0.0000000,0.0000000,0.00,0.0000,0.0000,0.0000,0.0,0.00,0.000,0.000,IDLE
2026-08-18T05:42:58.601875,0.0000000,0.0000000,0.00,0.0000,0.0000,0.0000,0.0,0.00,0.000,0.000,IDLE
2026-08-18T05:42:59.601855,0.0000000,0.0000000,0.00,0.0000,0.0000,0.0000,0.0,0.00,0.000,0.000,IDLE
2026-08-18T05:43:00.601839,0.0000000,0.0000000,0.00,0.0000,0.0000,0.0000,0.0,0.00,0.000,0.000,IDLE
2026-08-18T05:43:01.602156,0.0000000,0.0000000,0.00,0.0000,0.0000,0.0000,0.0,0.00,0.000,0.000,IDLE
2026-08-18T05:43:02.602112,0.0000000,0.0000000,0.00,0.0000,0.0000,0.0000,0.0,0.00,0.000,0.000,IDLE
2026-08-18T05:43:03.601834,0.0000000,0.0000000,0.00,0.0000,0.0000,0.0000,0.0,0.00,0.000,0.000,IDLE
2026-08-18T05:43:04.601836,0.0000000,0.0000000,0.00,0.0000,0.0000,0.0000,0.0,0.00,0.000,0.000,IDLE
2026-08-18T05:43:05.601932,0.0000000,0.0000000,0.00,0.0000,0.0000,0.0000,0.0,0.00,0.000,0.000,IDLE
2026-08-18T05:43:06.601981,0.0000000,0.0000000,0.00,0.0000,0.0000,0.0000,0.0,0.00,0.000,0.000,IDLE
2026-08-18T05:43:07.601988,0.0000000,0.0000000,0.00,0.0000,0.0000,0.0000,0.0,0.00,0.000,0.000,IDLE
2026-08-18T05:43:08.601867,0.0000000,0.0000000,0.00,0.0000,0.0000,0.0000,0.0,0.00,0.000,0.000,IDLE
2026-08-18T05:43:09.601909,0.0000000,0.0000000,0.00,0.0000,0.0000,0.0000,0.0,0.00,0.000,0.000,IDLE
2026-08-18T05:43:10.601979,0.0000000,0.0000000,0.00,0.0000,0.0000,0.0000,0.0,0.00,0.000,0.000,IDLE
2026-08-18T05:43:11.601990,0.0000000,0.0000000,0.00,0.0000,0.0000,0.0000,0.0,0.00,0.000,0.000,IDLE
2026-08-18T05:43:12.601969,0.0000000,0.0000000,0.00,0.0000,0.0000,0.0000,0.0,0.00,0.000,0.000,IDLE
2026-08-18T05:43:13.601840,0.0000000,0.0000000,0.00,0.0000,0.0000,0.0000,0.0,0.00,0.000,0.000,IDLE
2026-08-18T05:43:14.601923,0.0000000,0.0000000,0.00,0.0000,0.0000,0.0000,0.0,0.00,0.000,0.000,IDLE
2026-08-18T05:43:15.601940,0.0000000,0.0000000,0.00,0.0000,0.0000,0.0000,0.0,0.00,0.000,0.000,IDLE
2026-08-18T05:43:16.601876,0.0000000,0.0000000,0.00,0.0000,0.0000,0.0000,0.0,0.00,0.000,0.000,IDLE
2026-08-18T05:43:17.601992,0.0000000,0.0000000,0.00,0.0000,0.0000,0.0000,0.0,0.00,0.000,0.000,IDLE
2026-08-18T05:43:18.601979,0.0000000,0.0000000,0.00,0.0000,0.0000,0.0000,0.0,0.00,0.000,0.000,IDLE
2026-08-18T05:43:19.601854,0.0000000,0.0000000,0.00,0.0000,0.0000,0.0000,0.0,0.00,0.000,0.000,IDLE
2026-08-18T05:43:20.601932,0.0000000,0.0000000,0.00,0.0000,0.0000,0.0000,0.0,0.00,0.000,0.000,IDLE
2026-08-18T05:43:21.601982,0.0000000,0.0000000,0.00,0.0000,0.0000,0.0000,0.0,0.00,0.000,0.000,IDLE
2026-08-18T05:43:22.601967,0.0000000,0.0000000,0.00,0.0000,0.0000,0.0000,0.0,0.00,0.000,0.000,IDLE
2026-08-18T05:43:23.601810,0.0000000,0.0000000,0.00,0.0000,0.0000,0.0000,0.0,0.00,0.000,0.000,IDLE
2026-08-18T05:43:24.601952,0.0000000,0.0000000,0.00,0.0000,0.0000,0.0000,0.0,0.00,0.000,0.000,IDLE
2026-08-18T05:43:25.601886,0.0000000,0.0000000,0.00,0.0000,0.0000,0.0000,0.0,0.00,0.000,0.000,IDLE
2026-08-18T05:43:26.601968,0.0000000,0.0000000,0.00,0.0000,0.0000,0.0000,0.0,0.00,0.000,0.000,IDLE
2026-08-18T05:43:27.601965,0.0000000,0.0000000,0.00,0.0000,0.0000,0.0000,0.0,0.00,0.000,0.000,IDLE
2026-08-18T05:43:28.601951,0.0000000,0.0000000,0.00,0.0000,0.0000,0.0000,0.0,0.00,0.000,0.000,IDLE
2026-08-18T05:43:29.601938,0.0000000,0.0000000,0.00,0.0000,0.0000,0.0000,0.0,0.00,0.000,0.000,IDLE
2026-08-18T05:43:30.601945,0.0000000,0.0000000,0.00,0.0000,0.0000,0.0000,0.0,0.00,0.000,0.000,IDLE
2026-08-18T05:43:31.601951,0.0000000,0.0000000,0.00,0.0000,0.0000,0.0000,0.0,0.00,0.000,0.000,IDLE
2026-08-18T05:43:32.601956,0.0000000,0.0000000,0.00,0.0000,0.0000,0.0000,0.0,0.00,0.000,0.000,IDLE
2026-08-18T05:43:33.601964,0.0000000,0.0000000,0.00,0.0000,0.0000,0.0000,0.0,0.00,0.000,0.000,IDLE
2026-08-18T05:43:34.601931,0.0000000,0.0000000,0.00,0.0000,0.0000,0.0000,0.0,0.00,0.000,0.000,IDLE
2026-08-18T05:43:35.601966,0.0000000,0.0000000,0.00,0.0000,0.0000,0.0000,0.0,0.00,0.000,0.000,IDLE
2026-08-18T05:43:36.601973,0.0000000,0.0000000,0.00,0.0000,0.0000,0.0000,0.0,0.00,0.000,0.000,IDLE
2026-08-18T05:43:37.601880,0.0000000,0.0000000,0.00,0.0000,0.0000,0.0000,0.0,0.00,0.000,0.000,IDLE
2026-08-18T05:43:38.601931,0.0000000,0.0000000,0.00,0.0000,0.0000,0.0000,0.0,0.00,0.000,0.000,IDLE
2026-08-18T05:43:39.601989,0.0000000,0.0000000,0.00,0.0000,0.0000,0.0000,0.0,0.00,0.000,0.000,IDLE
2026-08-18T05:43:40.601967,0.0000000,0.0000000,0.00,0.0000,0.0000,0.0000,0.0,0.00,0.000,0.000,IDLE
2026-08-18T05:43:41.601959,0.0000000,0.0000000,0.00,0.0000,0.0000,0.0000,0.0,0.00,0.000,0.000,IDLE
2026-08-18T05:43:42.602230,0.0000000,0.0000000,0.00,0.0000,0.0000,0.0000,0.0,0.00,0.000,0.000,IDLE
2026-08-18T05:43:43.601879,0.0000000,0.0000000,0.00,0.0000,0.0000,0.0000,0.0,0.00,0.000,0.000,IDLE
2026-08-18T05:43:44.601957,0.0000000,0.0000000,0.00,0.0000,0.0000,0.0000,0.0,0.00,0.000,0.000,IDLE
2026-08-18T05:43:45.601959,0.0000000,0.0000000,0.00,0.0000,0.0000,0.0000,0.0,0.00,0.000,0.000,IDLE
2026-08-18T05:43:46.601840,0.0000000,0.0000000,0.00,0.0000,0.0000,0.0000,0.0,0.00,0.000,0.000,IDLE
2026-08-18T05:43:47.601820,0.0000000,0.0000000,0.00,0.0000,0.0000,0.0000,0.0,0.00,0.000,0.000,IDLE
2026-08-18T05:43:48.601948,0.0000000,0.0000000,0.00,0.0000,0.0000,0.0000,0.0,0.00,0.000,0.000,IDLE
2026-08-18T05:43:49.601976,0.0000000,0.0000000,0.00,0.0000,0.0000,0.0000,0.0,0.00,0.000,0.000,IDLE
2026-08-18T05:43:50.601866,0.0000000,0.0000000,0.00,0.0000,0.0000,0.0000,0.0,0.00,0.000,0.000,IDLE
2026-08-18T05:43:51.601831,0.0000000,0.0000000,0.00,0.0000,0.0000,0.0000,0.0,0.00,0.000,0.000,IDLE
2026-08-18T05:43:52.601967,0.0000000,0.0000000,0.00,0.0000,0.0000,0.0000,0.0,0.00,0.000,0.000,IDLE
2026-08-18T05:43:53.601964,0.0000000,0.0000000,0.00,0.0000,0.0000,0.0000,0.0,0.00,0.000,0.000,IDLE
2026-08-18T05:43:54.601880,0.0000000,0.0000000,0.00,0.0000,0.0000,0.0000,0.0,0.00,0.000,0.000,IDLE
2026-08-18T05:43:55.601849,0.0000000,0.0000000,0.00,0.0000,0.0000,0.0000,0.0,0.00,0.000,0.000,IDLE
2026-08-18T05:43:56.601928,0.0000000,0.0000000,0.00,0.0000,0.0000,0.0000,0.0,0.00,0.000,0.000,IDLE
2026-08-18T05:43:57.601968,0.0000000,0.0000000,0.00,0.0000,0.0000,0.0000,0.0,0.00,0.000,0.000,IDLE
2026-08-18T05:43:58.601840,0.0000000,0.0000000,0.00,0.0000,0.0000,0.0000,0.0,0.00,0.000,0.000,IDLE
2026-08-18T05:43:59.601862,0.0000000,0.0000000,0.00,0.0000,0.0000,0.0000,0.0,0.00,0.000,0.000,IDLE
2026-08-18T05:44:00.601905,0.0000000,0.0000000,0.00,0.0000,0.0000,0.0000,0.0,0.00,0.000,0.000,IDLE
2026-08-18T05:44:01.601936,0.0000000,0.0000000,0.00,0.0000,0.0000,0.0000,0.0,0.00,0.000,0.000,IDLE
2026-08-18T05:44:02.601971,0.0000000,0.0000000,0.00,0.0000,0.0000,0.0000,0.0,0.00,0.000,0.000,IDLE
2026-08-18T05:44:03.601821,0.0000000,0.0000000,0.00,0.0000,0.0000,0.0000,0.0,0.00,0.000,0.000,IDLE
2026-08-18T05:44:04.601853,0.0000000,0.0000000,0.00,0.0000,0.0000,0.0000,0.0,0.00,0.000,0.000,IDLE
2026-08-18T05:44:05.601990,0.0000000,0.0000000,0.00,0.0000,0.0000,0.0000,0.0,0.00,0.000,0.000,IDLE
2026-08-18T05:44:06.601831,0.0000000,0.0000000,0.00,0.0000,0.0000,0.0000,0.0,0.00,0.000,0.000,IDLE
2026-08-18T05:44:07.601934,0.0000000,0.0000000,0.00,0.0000,0.0000,0.0000,0.0,0.00,0.000,0.000,IDLE
2026-08-18T05:44:08.601958,0.0000000,0.0000000,0.00,0.0000,0.0000,0.0000,0.0,0.00,0.000,0.000,IDLE
2026-08-18T05:44:09.601983,0.0000000,0.0000000,0.00,0.0000,0.0000,0.0000,0.0,0.00,0.000,0.000,IDLE
2026-08-18T05:44:10.601974,0.0000000,0.0000000,0.00,0.0000,0.0000,0.0000,0.0,0.00,0.000,0.000,IDLE
2026-08-18T05:44:11.601944,0.0000000,0.0000000,0.00,0.0000,0.0000,0.0000,0.0,0.00,0.000,0.000,IDLE
2026-08-18T05:44:12.601876,0.0000000,0.0000000,0.00,0.0000,0.0000,0.0000,0.0,0.00,0.000,0.000,IDLE
2026-08-18T05:44:13.601986,0.0000000,0.0000000,0.00,0.0000,0.0000,0.0000,0.0,0.00,0.000,0.000,IDLE
2026-08-18T05:44:14.601968,0.0000000,0.0000000,0.00,0.0000,0.0000,0.0000,0.0,0.00,0.000,0.000,IDLE
2026-08-18T05:44:15.601965,0.0000000,0.0000000,0.00,0.0000,0.0000,0.0000,0.0,0.00,0.000,0.000,IDLE
2026-08-18T05:44:16.601822,0.0000000,0.0000000,0.00,0.0000,0.0000,0.0000,0.0,0.00,0.000,0.000,IDLE
2026-08-18T05:44:17.601841,0.0000000,0.0000000,0.00,0.0000,0.0000,0.0000,0.0,0.00,0.000,0.000,IDLE
2026-08-18T05:44:18.601959,0.0000000,0.0000000,0.00,0.0000,0.0000,0.0000,0.0,0.00,0.000,0.000,IDLE
2026-08-18T05:44:19.601962,0.0000000,0.0000000,0.00,0.0000,0.0000,0.0000,0.0,0.00,0.000,0.000,IDLE
2026-08-18T05:44:20.601828,0.0000000,0.0000000,0.00,0.0000,0.0000,0.0000,0.0,0.00,0.000,0.000,IDLE
2026-08-18T05:44:21.601845,0.0000000,0.0000000,0.00,0.0000,0.0000,0.0000,0.0,0.00,0.000,0.000,IDLE
2026-08-18T05:44:22.601949,0.0000000,0.0000000,0.00,0.0000,0.0000,0.0000,0.0,0.00,0.000,0.000,IDLE
2026-08-18T05:44:23.601950,0.0000000,0.0000000,0.00,0.0000,0.0000,0.0000,0.0,0.00,0.000,0.000,IDLE
2026-08-18T05:44:24.601865,0.0000000,0.0000000,0.00,0.0000,0.0000,0.0000,0.0,0.00,0.000,0.000,IDLE
2026-08-18T05:44:25.601831,0.0000000,0.0000000,0.00,0.0000,0.0000,0.0000,0.0,0.00,0.000,0.000,IDLE
2026-08-18T05:44:26.601954,0.0000000,0.0000000,0.00,0.0000,0.0000,0.0000,0.0,0.00,0.000,0.000,IDLE
2026-08-18T05:44:27.601957,0.0000000,0.0000000,0.00,0.0000,0.0000,0.0000,0.0,0.00,0.000,0.000,IDLE
2026-08-18T05:44:28.601853,0.0000000,0.0000000,0.00,0.0000,0.0000,0.0000,0.0,0.00,0.000,0.000,IDLE
2026-08-18T05:44:29.601828,0.0000000,0.0000000,0.00,0.0000,0.0000,0.0000,0.0,0.00,0.000,0.000,IDLE
2026-08-18T05:44:30.601869,0.0000000,0.0000000,0.00,0.0000,0.0000,0.0000,0.0,0.00,0.000,0.000,IDLE
2026-08-18T05:44:31.601989,0.0000000,0.0000000,0.00,0.0000,0.0000,0.0000,0.0,0.00,0.000,0.000,IDLE
2026-08-18T05:44:32.601912,0.0000000,0.0000000,0.00,0.0000,0.0000,0.0000,0.0,0.00,0.000,0.000,IDLE
2026-08-18T05:44:33.601854,0.0000000,0.0000000,0.00,0.0000,0.0000,0.0000,0.0,0.00,0.000,0.000,IDLE
2026-08-18T05:44:34.602038,0.0000000,0.0000000,0.00,0.0000,0.0000,0.0000,0.0,0.00,0.000,0.000,IDLE
2026-08-18T05:44:35.601952,0.0000000,0.0000000,0.00,0.0000,0.0000,0.0000,0.0,0.00,0.000,0.000,IDLE
2026-08-18T05:44:36.601986,0.0000000,0.0000000,0.00,0.0000,0.0000,0.0000,0.0,0.00,0.000,0.000,IDLE
2026-08-18T05:44:37.601873,0.0000000,0.0000000,0.00,0.0000,0.0000,0.0000,0.0,0.00,0.000,0.000,IDLE
2026-08-18T05:44:38.601838,0.0000000,0.0000000,0.00,0.0000,0.0000,0.0000,0.0,0.00,0.000,0.000,IDLE
2026-08-18T05:44:39.601944,0.0000000,0.0000000,0.00,0.0000,0.0000,0.0000,0.0,0.00,0.000,0.000,IDLE
2026-08-18T05:44:40.601939,0.0000000,0.0000000,0.00,0.0000,0.0000,0.0000,0.0,0.00,0.000,0.000,IDLE
2026-08-18T05:44:41.601890,0.0000000,0.0000000,0.00,0.0000,0.0000,0.0000,0.0,0.00,0.000,0.000,IDLE
2026-08-18T05:44:42.601817,0.0000000,0.0000000,0.00,0.0000,0.0000,0.0000,0.0,0.00,0.000,0.000,IDLE
2026-08-18T05:44:43.602210,0.0000000,0.0000000,0.00,0.0000,0.0000,0.0000,0.0,0.00,0.000,0.000,IDLE
2026-08-18T05:44:44.601960,0.0000000,0.0000000,0.00,0.0000,0.0000,0.0000,0.0,0.00,0.000,0.000,IDLE
2026-08-18T05:44:45.601852,0.0000000,0.0000000,0.00,0.0000,0.0000,0.0000,0.0,0.00,0.000,0.000,IDLE
2026-08-18T05:44:46.601849,0.0000000,0.0000000,0.00,0.0000,0.0000,0.0000,0.0,0.00,0.000,0.000,IDLE
2026-08-18T05:44:47.601839,0.0000000,0.0000000,0.00,0.0000,0.0000,0.0000,0.0,0.00,0.000,0.000,IDLE
2026-08-18T05:44:48.602219,0.0000000,0.0000000,0.00,0.0000,0.0000,0.0000,0.0,0.00,0.000,0.000,IDLE
2026-08-18T05:44:49.601884,0.0000000,0.0000000,0.00,0.0000,0.0000,0.0000,0.0,0.00,0.000,0.000,IDLE
2026-08-18T05:44:50.601845,0.0000000,0.0000000,0.00,0.0000,0.0000,0.0000,0.0,0.00,0.000,0.000,IDLE
2026-08-18T05:44:51.601971,0.0000000,0.0000000,0.00,0.0000,0.0000,0.0000,0.0,0.00,0.000,0.000,IDLE
2026-08-18T05:44:52.601993,0.0000000,0.0000000,0.00,0.0000,0.0000,0.0000,0.0,0.00,0.000,0.000,IDLE
2026-08-18T05:44:53.601844,0.0000000,0.0000000,0.00,0.0000,0.0000,0.0000,0.0,0.00,0.000,0.000,IDLE
2026-08-18T05:44:54.601978,0.0000000,0.0000000,0.00,0.0000,0.0000,0.0000,0.0,0.00,0.000,0.000,IDLE
2026-08-18T05:44:55.602038,0.0000000,0.0000000,0.00,0.0000,0.0000,0.0000,0.0,0.00,0.000,0.000,IDLE
2026-08-18T05:44:56.601994,0.0000000,0.0000000,0.00,0.0000,0.0000,0.0000,0.0,0.00,0.000,0.000,IDLE
2026-08-18T05:44:57.601941,0.0000000,0.0000000,0.00,0.0000,0.0000,0.0000,0.0,0.00,0.000,0.000,IDLE
2026-08-18T05:44:58.601936,0.0000000,0.0000000,0.00,0.0000,0.0000,0.0000,0.0,0.00,0.000,0.000,IDLE
2026-08-18T05:44:59.601853,0.0000000,0.0000000,0.00,0.0000,0.0000,0.0000,0.0,0.00,0.000,0.000,IDLE
2026-08-18T05:45:00.601927,0.0000000,0.0000000,0.00,0.0000,0.0000,0.0000,0.0,0.00,0.000,0.000,IDLE
2026-08-18T05:45:01.601941,0.0000000,0.0000000,0.00,0.0000,0.0000,0.0000,0.0,0.00,0.000,0.000,IDLE
2026-08-18T05:45:02.601928,0.0000000,0.0000000,0.00,0.0000,0.0000,0.0000,0.0,0.00,0.000,0.000,IDLE
2026-08-18T05:45:03.602231,0.0000000,0.0000000,0.00,0.0000,0.0000,0.0000,0.0,0.00,0.000,0.000,IDLE
2026-08-18T05:45:04.601993,0.0000000,0.0000000,0.00,0.0000,0.0000,0.0000,0.0,0.00,0.000,0.000,IDLE
2026-08-18T05:45:05.601985,0.0000000,0.0000000,0.00,0.0000,0.0000,0.0000,0.0,0.00,0.000,0.000,IDLE
2026-08-18T05:45:06.601973,0.0000000,0.0000000,0.00,0.0000,0.0000,0.0000,0.0,0.00,0.000,0.000,IDLE
2026-08-18T05:45:07.601936,0.0000000,0.0000000,0.00,0.0000,0.0000,0.0000,0.0,0.00,0.000,0.000,IDLE
2026-08-18T05:45:08.602108,0.0000000,0.0000000,0.00,0.0000,0.0000,0.0000,0.0,0.00,0.000,0.000,IDLE
2026-08-18T05:45:09.601945,0.0000000,0.0000000,0.00,0.0000,0.0000,0.0000,0.0,0.00,0.000,0.000,IDLE
2026-08-18T05:45:10.602209,0.0000000,0.0000000,0.00,0.0000,0.0000,0.0000,0.0,0.00,0.000,0.000,IDLE
2026-08-18T05:45:11.601851,0.0000000,0.0000000,0.00,0.0000,0.0000,0.0000,0.0,0.00,0.000,0.000,IDLE
2026-08-18T05:45:12.602011,0.0000000,0.0000000,0.00,0.0000,0.0000,0.0000,0.0,0.00,0.000,0.000,IDLE
2026-08-18T05:45:13.601963,0.0000000,0.0000000,0.00,0.0000,0.0000,0.0000,0.0,0.00,0.000,0.000,IDLE
2026-08-18T05:45:14.601995,0.0000000,0.0000000,0.00,0.0000,0.0000,0.0000,0.0,0.00,0.000,0.000,IDLE
2026-08-18T05:45:15.601950,0.0000000,0.0000000,0.00,0.0000,0.0000,0.0000,0.0,0.00,0.000,0.000,IDLE
2026-08-18T05:45:16.601969,0.0000000,0.0000000,0.00,0.0000,0.0000,0.0000,0.0,0.00,0.000,0.000,IDLE
2026-08-18T05:45:17.601892,0.0000000,0.0000000,0.00,0.0000,0.0000,0.0000,0.0,0.00,0.000,0.000,IDLE
2026-08-18T05:45:18.602195,0.0000000,0.0000000,0.00,0.0000,0.0000,0.0000,0.0,0.00,0.000,0.000,IDLE
2026-08-18T05:45:19.601974,0.0000000,0.0000000,0.00,0.0000,0.0000,0.0000,0.0,0.00,0.000,0.000,IDLE
2026-08-18T05:45:20.602014,0.0000000,0.0000000,0.00,0.0000,0.0000,0.0000,0.0,0.00,0.000,0.000,IDLE
2026-08-18T05:45:21.601939,0.0000000,0.0000000,0.00,0.0000,0.0000,0.0000,0.0,0.00,0.000,0.000,IDLE
2026-08-18T05:45:22.601927,0.0000000,0.0000000,0.00,0.0000,0.0000,0.0000,0.0,0.00,0.000,0.000,IDLE
2026-08-18T05:45:23.602023,0.0000000,0.0000000,0.00,0.0000,0.0000,0.0000,0.0,0.00,0.000,0.000,IDLE
2026-08-18T05:45:24.601835,0.0000000,0.0000000,0.00,0.0000,0.0000,0.0000,0.0,0.00,0.000,0.000,IDLE
2026-08-18T05:45:25.602178,0.0000000,0.0000000,0.00,0.0000,0.0000,0.0000,0.0,0.00,0.000,0.000,IDLE
2026-08-18T05:45:26.601942,0.0000000,0.0000000,0.00,0.0000,0.0000,0.0000,0.0,0.00,0.000,0.000,IDLE
2026-08-18T05:45:27.601944,0.0000000,0.0000000,0.00,0.0000,0.0000,0.0000,0.0,0.00,0.000,0.000,IDLE
2026-08-18T05:45:28.601812,0.0000000,0.0000000,0.00,0.0000,0.0000,0.0000,0.0,0.00,0.000,0.000,IDLE
2026-08-18T05:45:29.601830,0.0000000,0.0000000,0.00,0.0000,0.0000,0.0000,0.0,0.00,0.000,0.000,IDLE
2026-08-18T05:45:30.601955,0.0000000,0.0000000,0.00,0.0000,0.0000,0.0000,0.0,0.00,0.000,0.000,IDLE
2026-08-18T05:45:31.601917,0.0000000,0.0000000,0.00,0.0000,0.0000,0.0000,0.0,0.00,0.000,0.000,IDLE
2026-08-18T05:45:32.601862,0.0000000,0.0000000,0.00,0.0000,0.0000,0.0000,0.0,0.00,0.000,0.000,IDLE
2026-08-18T05:45:33.601827,0.0000000,0.0000000,0.00,0.0000,0.0000,0.0000,0.0,0.00,0.000,0.000,IDLE
2026-08-18T05:45:34.601867,0.0000000,0.0000000,0.00,0.0000,0.0000,0.0000,0.0,0.00,0.000,0.000,IDLE
2026-08-18T05:45:35.602205,0.0000000,0.0000000,0.00,0.0000,0.0000,0.0000,0.0,0.00,0.000,0.000,IDLE
2026-08-18T05:45:36.601822,0.0000000,0.0000000,0.00,0.0000,0.0000,0.0000,0.0,0.00,0.000,0.000,IDLE
2026-08-18T05:45:37.602103,0.0000000,0.0000000,0.00,0.0000,0.0000,0.0000,0.0,0.00,0.000,0.000,IDLE
2026-08-18T05:45:38.601955,0.0000000,0.0000000,0.00,0.0000,0.0000,0.0000,0.0,0.00,0.000,0.000,IDLE
2026-08-18T05:45:39.601910,0.0000000,0.0000000,0.00,0.0000,0.0000,0.0000,0.0,0.00,0.000,0.000,IDLE
2026-08-18T05:45:40.601856,0.0000000,0.0000000,0.00,0.0000,0.0000,0.0000,0.0,0.00,0.000,0.000,IDLE
2026-08-18T05:45:41.601863,0.0000000,0.0000000,0.00,0.0000,0.0000,0.0000,0.0,0.00,0.000,0.000,IDLE
2026-08-18T05:45:42.601803,0.0000000,0.0000000,0.00,0.0000,0.0000,0.0000,0.0,0.00,0.000,0.000,IDLE
2026-08-18T05:45:43.601929,0.0000000,0.0000000,0.00,0.0000,0.0000,0.0000,0.0,0.00,0.000,0.000,IDLE
2026-08-18T05:45:44.601890,0.0000000,0.0000000,0.00,0.0000,0.0000,0.0000,0.0,0.00,0.000,0.000,IDLE
2026-08-18T05:45:45.601802,0.0000000,0.0000000,0.00,0.0000,0.0000,0.0000,0.0,0.00,0.000,0.000,IDLE
2026-08-18T05:45:46.603325,0.0000000,0.0000000,0.00,0.0000,0.0000,0.0000,0.0,0.00,0.000,0.000,IDLE
2026-08-18T05:45:47.602043,0.0000000,0.0000000,0.00,0.0000,0.0000,0.0000,0.0,0.00,0.000,0.000,IDLE
2026-08-18T05:45:48.601944,0.0000000,0.0000000,0.00,0.0000,0.0000,0.0000,0.0,0.00,0.000,0.000,IDLE
2026-08-18T05:45:49.601859,0.0000000,0.0000000,0.00,0.0000,0.0000,0.0000,0.0,0.00,0.000,0.000,IDLE
2026-08-18T05:45:50.601830,0.0000000,0.0000000,0.00,0.0000,0.0000,0.0000,0.0,0.00,0.000,0.000,IDLE
2026-08-18T05:45:51.601947,0.0000000,0.0000000,0.00,0.0000,0.0000,0.0000,0.0,0.00,0.000,0.000,IDLE
2026-08-18T05:45:52.601841,0.0000000,0.0000000,0.00,0.0000,0.0000,0.0000,0.0,0.00,0.000,0.000,IDLE
2026-08-18T05:45:53.601826,0.0000000,0.0000000,0.00,0.0000,0.0000,0.0000,0.0,0.00,0.000,0.000,IDLE
2026-08-18T05:45:54.602098,0.0000000,0.0000000,0.00,0.0000,0.0000,0.0000,0.0,0.00,0.000,0.000,IDLE
2026-08-18T05:45:55.601982,0.0000000,0.0000000,0.00,0.0000,0.0000,0.0000,0.0,0.00,0.000,0.000,IDLE
2026-08-18T05:45:56.601942,0.0000000,0.0000000,0.00,0.0000,0.0000,0.0000,0.0,0.00,0.000,0.000,IDLE
2026-08-18T05:45:57.601977,0.0000000,0.0000000,0.00,0.0000,0.0000,0.0000,0.0,0.00,0.000,0.000,IDLE
2026-08-18T05:45:58.601907,0.0000000,0.0000000,0.00,0.0000,0.0000,0.0000,0.0,0.00,0.000,0.000,IDLE
2026-08-18T05:45:59.601955,0.0000000,0.0000000,0.00,0.0000,0.0000,0.0000,0.0,0.00,0.000,0.000,IDLE
2026-08-18T05:46:00.601963,0.0000000,0.0000000,0.00,0.0000,0.0000,0.0000,0.0,0.00,0.000,0.000,IDLE
2026-08-18T05:46:01.601904,0.0000000,0.0000000,0.00,0.0000,0.0000,0.0000,0.0,0.00,0.000,0.000,IDLE
2026-08-18T05:46:02.601836,0.0000000,0.0000000,0.00,0.0000,0.0000,0.0000,0.0,0.00,0.000,0.000,IDLE
2026-08-18T05:46:03.601822,0.0000000,0.0000000,0.00,0.0000,0.0000,0.0000,0.0,0.00,0.000,0.000,IDLE
2026-08-18T05:46:04.601861,0.0000000,0.0000000,0.00,0.0000,0.0000,0.0000,0.0,0.00,0.000,0.000,IDLE
2026-08-18T05:46:05.601961,0.0000000,0.0000000,0.00,0.0000,0.0000,0.0000,0.0,0.00,0.000,0.000,IDLE
2026-08-18T05:46:06.601853,0.0000000,0.0000000,0.00,0.0000,0.0000,0.0000,0.0,0.00,0.000,0.000,IDLE
2026-08-18T05:46:07.601824,0.0000000,0.0000000,0.00,0.0000,0.0000,0.0000,0.0,0.00,0.000,0.000,IDLE
2026-08-18T05:46:08.601963,0.0000000,0.0000000,0.00,0.0000,0.0000,0.0000,0.0,0.00,0.000,0.000,IDLE
2026-08-18T05:46:09.601920,0.0000000,0.0000000,0.00,0.0000,0.0000,0.0000,0.0,0.00,0.000,0.000,IDLE
2026-08-18T05:46:10.602032,0.0000000,0.0000000,0.00,0.0000,0.0000,0.0000,0.0,0.00,0.000,0.000,IDLE
2026-08-18T05:46:11.602225,0.0000000,0.0000000,0.00,0.0000,0.0000,0.0000,0.0,0.00,0.000,0.000,IDLE
2026-08-18T05:46:12.601991,0.0000000,0.0000000,0.00,0.0000,0.0000,0.0000,0.0,0.00,0.000,0.000,IDLE
2026-08-18T05:46:13.601907,0.0000000,0.0000000,0.00,0.0000,0.0000,0.0000,0.0,0.00,0.000,0.000,IDLE
2026-08-18T05:46:14.601889,0.0000000,0.0000000,0.00,0.0000,0.0000,0.0000,0.0,0.00,0.000,0.000,IDLE
2026-08-18T05:46:15.601945,0.0000000,0.0000000,0.00,0.0000,0.0000,0.0000,0.0,0.00,0.000,0.000,IDLE
2026-08-18T05:46:16.601940,0.0000000,0.0000000,0.00,0.0000,0.0000,0.0000,0.0,0.00,0.000,0.000,IDLE
2026-08-18T05:46:17.601951,0.0000000,0.0000000,0.00,0.0000,0.0000,0.0000,0.0,0.00,0.000,0.000,IDLE
2026-08-18T05:46:18.601988,0.0000000,0.0000000,0.00,0.0000,0.0000,0.0000,0.0,0.00,0.000,0.000,IDLE
2026-08-18T05:46:19.601844,0.0000000,0.0000000,0.00,0.0000,0.0000,0.0000,0.0,0.00,0.000,0.000,IDLE
2026-08-18T05:46:20.601815,0.0000000,0.0000000,0.00,0.0000,0.0000,0.0000,0.0,0.00,0.000,0.000,IDLE
2026-08-18T05:46:21.601830,0.0000000,0.0000000,0.00,0.0000,0.0000,0.0000,0.0,0.00,0.000,0.000,IDLE
2026-08-18T05:46:22.601936,0.0000000,0.0000000,0.00,0.0000,0.0000,0.0000,0.0,0.00,0.000,0.000,IDLE
2026-08-18T05:46:23.601872,0.0000000,0.0000000,0.00,0.0000,0.0000,0.0000,0.0,0.00,0.000,0.000,IDLE
2026-08-18T05:46:24.601827,0.0000000,0.0000000,0.00,0.0000,0.0000,0.0000,0.0,0.00,0.000,0.000,IDLE
2026-08-18T05:46:25.601980,0.0000000,0.0000000,0.00,0.0000,0.0000,0.0000,0.0,0.00,0.000,0.000,IDLE
2026-08-18T05:46:26.601871,0.0000000,0.0000000,0.00,0.0000,0.0000,0.0000,0.0,0.00,0.000,0.000,IDLE
2026-08-18T05:46:27.601911,0.0000000,0.0000000,0.00,0.0000,0.0000,0.0000,0.0,0.00,0.000,0.000,IDLE
2026-08-18T05:46:28.601923,0.0000000,0.0000000,0.00,0.0000,0.0000,0.0000,0.0,0.00,0.000,0.000,IDLE
2026-08-18T05:46:29.601935,0.0000000,0.0000000,0.00,0.0000,0.0000,0.0000,0.0,0.00,0.000,0.000,IDLE
2026-08-18T05:46:30.601904,0.0000000,0.0000000,0.00,0.0000,0.0000,0.0000,0.0,0.00,0.000,0.000,IDLE
2026-08-18T05:46:31.601945,0.0000000,0.0000000,0.00,0.0000,0.0000,0.0000,0.0,0.00,0.000,0.000,IDLE
2026-08-18T05:46:32.601841,0.0000000,0.0000000,0.00,0.0000,0.0000,0.0000,0.0,0.00,0.000,0.000,IDLE
2026-08-18T05:46:33.601902,0.0000000,0.0000000,0.00,0.0000,0.0000,0.0000,0.0,0.00,0.000,0.000,IDLE
2026-08-18T05:46:34.601970,0.0000000,0.0000000,0.00,0.0000,0.0000,0.0000,0.0,0.00,0.000,0.000,IDLE
2026-08-18T05:46:35.601876,0.0000000,0.0000000,0.00,0.0000,0.0000,0.0000,0.0,0.00,0.000,0.000,IDLE
2026-08-18T05:46:36.601859,0.0000000,0.0000000,0.00,0.0000,0.0000,0.0000,0.0,0.00,0.000,0.000,IDLE
2026-08-18T05:46:37.601833,0.0000000,0.0000000,0.00,0.0000,0.0000,0.0000,0.0,0.00,0.000,0.000,IDLE
2026-08-18T05:46:38.601958,0.0000000,0.0000000,0.00,0.0000,0.0000,0.0000,0.0,0.00,0.000,0.000,IDLE
2026-08-18T05:46:39.601817,0.0000000,0.0000000,0.00,0.0000,0.0000,0.0000,0.0,0.00,0.000,0.000,IDLE
2026-08-18T05:46:40.601847,0.0000000,0.0000000,0.00,0.0000,0.0000,0.0000,0.0,0.00,0.000,0.000,IDLE
2026-08-18T05:46:41.601832,0.0000000,0.0000000,0.00,0.0000,0.0000,0.0000,0.0,0.00,0.000,0.000,IDLE
2026-08-18T05:46:42.601966,0.0000000,0.0000000,0.00,0.0000,0.0000,0.0000,0.0,0.00,0.000,0.000,IDLE
2026-08-18T05:46:43.601972,0.0000000,0.0000000,0.00,0.0000,0.0000,0.0000,0.0,0.00,0.000,0.000,IDLE
2026-08-18T05:46:44.601983,0.0000000,0.0000000,0.00,0.0000,0.0000,0.0000,0.0,0.00,0.000,0.000,IDLE
2026-08-18T05:46:45.601869,0.0000000,0.0000000,0.00,0.0000,0.0000,0.0000,0.0,0.00,0.000,0.000,IDLE
2026-08-18T05:46:46.601947,0.0000000,0.0000000,0.00,0.0000,0.0000,0.0000,0.0,0.00,0.000,0.000,IDLE
2026-08-18T05:46:47.601840,0.0000000,0.0000000,0.00,0.0000,0.0000,0.0000,0.0,0.00,0.000,0.000,IDLE
2026-08-18T05:46:48.601947,0.0000000,0.0000000,0.00,0.0000,0.0000,0.0000,0.0,0.00,0.000,0.000,IDLE
2026-08-18T05:46:49.601994,0.0000000,0.0000000,0.00,0.0000,0.0000,0.0000,0.0,0.00,0.000,0.000,IDLE
2026-08-18T05:46:50.601960,0.0000000,0.0000000,0.00,0.0000,0.0000,0.0000,0.0,0.00,0.000,0.000,IDLE
2026-08-18T05:46:51.602245,0.0000000,0.0000000,0.00,0.0000,0.0000,0.0000,0.0,0.00,0.000,0.000,IDLE
2026-08-18T05:46:52.602160,0.0000000,0.0000000,0.00,0.0000,0.0000,0.0000,0.0,0.00,0.000,0.000,IDLE
2026-08-18T05:46:53.601946,0.0000000,0.0000000,0.00,0.0000,0.0000,0.0000,0.0,0.00,0.000,0.000,IDLE
2026-08-18T05:46:54.601959,0.0000000,0.0000000,0.00,0.0000,0.0000,0.0000,0.0,0.00,0.000,0.000,IDLE
2026-08-18T05:46:55.601978,0.0000000,0.0000000,0.00,0.0000,0.0000,0.0000,0.0,0.00,0.000,0.000,IDLE
2026-08-18T05:46:56.601986,0.0000000,0.0000000,0.00,0.0000,0.0000,0.0000,0.0,0.00,0.000,0.000,IDLE
2026-08-18T05:46:57.601881,0.0000000,0.0000000,0.00,0.0000,0.0000,0.0000,0.0,0.00,0.000,0.000,IDLE
2026-08-18T05:46:58.601830,0.0000000,0.0000000,0.00,0.0000,0.0000,0.0000,0.0,0.00,0.000,0.000,IDLE
2026-08-18T05:46:59.601960,0.0000000,0.0000000,0.00,0.0000,0.0000,0.0000,0.0,0.00,0.000,0.000,IDLE
2026-08-18T05:47:00.601953,0.0000000,0.0000000,0.00,0.0000,0.0000,0.0000,0.0,0.00,0.000,0.000,IDLE
2026-08-18T05:47:01.601828,0.0000000,0.0000000,0.00,0.0000,0.0000,0.0000,0.0,0.00,0.000,0.000,IDLE
2026-08-18T05:47:02.601845,0.0000000,0.0000000,0.00,0.0000,0.0000,0.0000,0.0,0.00,0.000,0.000,IDLE
2026-08-18T05:47:03.601946,0.0000000,0.0000000,0.00,0.0000,0.0000,0.0000,0.0,0.00,0.000,0.000,IDLE
2026-08-18T05:47:04.601914,0.0000000,0.0000000,0.00,0.0000,0.0000,0.0000,0.0,0.00,0.000,0.000,IDLE
2026-08-18T05:47:05.601881,0.0000000,0.0000000,0.00,0.0000,0.0000,0.0000,0.0,0.00,0.000,0.000,IDLE
2026-08-18T05:47:06.601834,0.0000000,0.0000000,0.00,0.0000,0.0000,0.0000,0.0,0.00,0.000,0.000,IDLE
2026-08-18T05:47:07.601948,0.0000000,0.0000000,0.00,0.0000,0.0000,0.0000,0.0,0.00,0.000,0.000,IDLE
2026-08-18T05:47:08.601853,0.0000000,0.0000000,0.00,0.0000,0.0000,0.0000,0.0,0.00,0.000,0.000,IDLE
2026-08-18T05:47:09.601931,0.0000000,0.0000000,0.00,0.0000,0.0000,0.0000,0.0,0.00,0.000,0.000,IDLE
2026-08-18T05:47:10.602075,0.0000000,0.0000000,0.00,0.0000,0.0000,0.0000,0.0,0.00,0.000,0.000,IDLE
2026-08-18T05:47:11.601824,0.0000000,0.0000000,0.00,0.0000,0.0000,0.0000,0.0,0.00,0.000,0.000,IDLE
2026-08-18T05:47:12.601951,0.0000000,0.0000000,0.00,0.0000,0.0000,0.0000,0.0,0.00,0.000,0.000,IDLE
2026-08-18T05:47:13.601889,0.0000000,0.0000000,0.00,0.0000,0.0000,0.0000,0.0,0.00,0.000,0.000,IDLE
2026-08-18T05:47:14.601836,0.0000000,0.0000000,0.00,0.0000,0.0000,0.0000,0.0,0.00,0.000,0.000,IDLE
2026-08-18T05:47:15.601821,0.0000000,0.0000000,0.00,0.0000,0.0000,0.0000,0.0,0.00,0.000,0.000,IDLE
2026-08-18T05:47:16.601985,0.0000000,0.0000000,0.00,0.0000,0.0000,0.0000,0.0,0.00,0.000,0.000,IDLE
2026-08-18T05:47:17.601912,0.0000000,0.0000000,0.00,0.0000,0.0000,0.0000,0.0,0.00,0.000,0.000,IDLE
2026-08-18T05:47:18.601947,0.0000000,0.0000000,0.00,0.0000,0.0000,0.0000,0.0,0.00,0.000,0.000,IDLE
2026-08-18T05:47:19.602215,0.0000000,0.0000000,0.00,0.0000,0.0000,0.0000,0.0,0.00,0.000,0.000,IDLE
2026-08-18T05:47:20.601987,0.0000000,0.0000000,0.00,0.0000,0.0000,0.0000,0.0,0.00,0.000,0.000,IDLE
2026-08-18T05:47:21.601970,0.0000000,0.0000000,0.00,0.0000,0.0000,0.0000,0.0,0.00,0.000,0.000,IDLE
2026-08-18T05:47:22.601880,0.0000000,0.0000000,0.00,0.0000,0.0000,0.0000,0.0,0.00,0.000,0.000,IDLE
2026-08-18T05:47:23.602110,0.0000000,0.0000000,0.00,0.0000,0.0000,0.0000,0.0,0.00,0.000,0.000,IDLE
2026-08-18T05:47:24.601978,0.0000000,0.0000000,0.00,0.0000,0.0000,0.0000,0.0,0.00,0.000,0.000,IDLE
2026-08-18T05:47:25.601984,0.0000000,0.0000000,0.00,0.0000,0.0000,0.0000,0.0,0.00,0.000,0.000,IDLE
2026-08-18T05:47:26.601847,0.0000000,0.0000000,0.00,0.0000,0.0000,0.0000,0.0,0.00,0.000,0.000,IDLE
2026-08-18T05:47:27.601836,0.0000000,0.0000000,0.00,0.0000,0.0000,0.0000,0.0,0.00,0.000,0.000,IDLE
2026-08-18T05:47:28.601964,0.0000000,0.0000000,0.00,0.0000,0.0000,0.0000,0.0,0.00,0.000,0.000,IDLE
2026-08-18T05:47:29.601941,0.0000000,0.0000000,0.00,0.0000,0.0000,0.0000,0.0,0.00,0.000,0.000,IDLE
2026-08-18T05:47:30.602086,0.0000000,0.0000000,0.00,0.0000,0.0000,0.0000,0.0,0.00,0.000,0.000,IDLE
2026-08-18T05:47:31.601902,0.0000000,0.0000000,0.00,0.0000,0.0000,0.0000,0.0,0.00,0.000,0.000,IDLE
2026-08-18T05:47:32.601851,0.0000000,0.0000000,0.00,0.0000,0.0000,0.0000,0.0,0.00,0.000,0.000,IDLE
2026-08-18T05:47:33.602203,0.0000000,0.0000000,0.00,0.0000,0.0000,0.0000,0.0,0.00,0.000,0.000,IDLE
2026-08-18T05:47:34.601980,0.0000000,0.0000000,0.00,0.0000,0.0000,0.0000,0.0,0.00,0.000,0.000,IDLE
2026-08-18T05:47:35.601822,0.0000000,0.0000000,0.00,0.0000,0.0000,0.0000,0.0,0.00,0.000,0.000,IDLE
2026-08-18T05:47:36.601821,0.0000000,0.0000000,0.00,0.0000,0.0000,0.0000,0.0,0.00,0.000,0.000,IDLE
2026-08-18T05:47:37.601964,0.0000000,0.0000000,0.00,0.0000,0.0000,0.0000,0.0,0.00,0.000,0.000,IDLE
2026-08-18T05:47:38.601952,0.0000000,0.0000000,0.00,0.0000,0.0000,0.0000,0.0,0.00,0.000,0.000,IDLE
2026-08-18T05:47:39.601954,0.0000000,0.0000000,0.00,0.0000,0.0000,0.0000,0.0,0.00,0.000,0.000,IDLE
2026-08-18T05:47:40.602451,0.0000000,0.0000000,0.00,0.0000,0.0000,0.0000,0.0,0.00,0.000,0.000,IDLE
2026-08-18T05:47:41.601945,0.0000000,0.0000000,0.00,0.0000,0.0000,0.0000,0.0,0.00,0.000,0.000,IDLE
2026-08-18T05:47:42.601911,0.0000000,0.0000000,0.00,0.0000,0.0000,0.0000,0.0,0.00,0.000,0.000,IDLE
2026-08-18T05:47:43.601971,0.0000000,0.0000000,0.00,0.0000,0.0000,0.0000,0.0,0.00,0.000,0.000,IDLE
2026-08-18T05:47:44.601850,0.0000000,0.0000000,0.00,0.0000,0.0000,0.0000,0.0,0.00,0.000,0.000,IDLE
2026-08-18T05:47:45.601945,0.0000000,0.0000000,0.00,0.0000,0.0000,0.0000,0.0,0.00,0.000,0.000,IDLE
2026-08-18T05:47:46.601980,0.0000000,0.0000000,0.00,0.0000,0.0000,0.0000,0.0,0.00,0.000,0.000,IDLE
2026-08-18T05:47:47.601954,0.0000000,0.0000000,0.00,0.0000,0.0000,0.0000,0.0,0.00,0.000,0.000,IDLE
2026-08-18T05:47:48.601932,0.0000000,0.0000000,0.00,0.0000,0.0000,0.0000,0.0,0.00,0.000,0.000,IDLE
2026-08-18T05:47:49.601994,0.0000000,0.0000000,0.00,0.0000,0.0000,0.0000,0.0,0.00,0.000,0.000,IDLE
2026-08-18T05:47:50.601929,0.0000000,0.0000000,0.00,0.0000,0.0000,0.0000,0.0,0.00,0.000,0.000,IDLE
2026-08-18T05:47:51.601899,0.0000000,0.0000000,0.00,0.0000,0.0000,0.0000,0.0,0.00,0.000,0.000,IDLE
2026-08-18T05:47:52.601821,0.0000000,0.0000000,0.00,0.0000,0.0000,0.0000,0.0,0.00,0.000,0.000,IDLE
2026-08-18T05:47:53.601828,0.0000000,0.0000000,0.00,0.0000,0.0000,0.0000,0.0,0.00,0.000,0.000,IDLE
2026-08-18T05:47:54.601899,0.0000000,0.0000000,0.00,0.0000,0.0000,0.0000,0.0,0.00,0.000,0.000,IDLE
2026-08-18T05:47:55.601964,0.0000000,0.0000000,0.00,0.0000,0.0000,0.0000,0.0,0.00,0.000,0.000,IDLE
2026-08-18T05:47:56.601992,0.0000000,0.0000000,0.00,0.0000,0.0000,0.0000,0.0,0.00,0.000,0.000,IDLE
2026-08-18T05:47:57.601950,0.0000000,0.0000000,0.00,0.0000,0.0000,0.0000,0.0,0.00,0.000,0.000,IDLE
2026-08-18T05:47:58.601947,0.0000000,0.0000000,0.00,0.0000,0.0000,0.0000,0.0,0.00,0.000,0.000,IDLE
2026-08-18T05:47:59.601919,0.0000000,0.0000000,0.00,0.0000,0.0000,0.0000,0.0,0.00,0.000,0.000,IDLE
2026-08-18T05:48:00.601955,0.0000000,0.0000000,0.00,0.0000,0.0000,0.0000,0.0,0.00,0.000,0.000,IDLE
2026-08-18T05:48:01.601828,0.0000000,0.0000000,0.00,0.0000,0.0000,0.0000,0.0,0.00,0.000,0.000,IDLE
2026-08-18T05:48:02.601833,0.0000000,0.0000000,0.00,0.0000,0.0000,0.0000,0.0,0.00,0.000,0.000,IDLE
2026-08-18T05:48:03.601951,0.0000000,0.0000000,0.00,0.0000,0.0000,0.0000,0.0,0.00,0.000,0.000,IDLE
2026-08-18T05:48:04.601872,0.0000000,0.0000000,0.00,0.0000,0.0000,0.0000,0.0,0.00,0.000,0.000,IDLE
2026-08-18T05:48:05.601868,0.0000000,0.0000000,0.00,0.0000,0.0000,0.0000,0.0,0.00,0.000,0.000,IDLE
2026-08-18T05:48:06.601829,0.0000000,0.0000000,0.00,0.0000,0.0000,0.0000,0.0,0.00,0.000,0.000,IDLE
2026-08-18T05:48:07.601953,0.0000000,0.0000000,0.00,0.0000,0.0000,0.0000,0.0,0.00,0.000,0.000,IDLE
2026-08-18T05:48:08.601935,0.0000000,0.0000000,0.00,0.0000,0.0000,0.0000,0.0,0.00,0.000,0.000,IDLE
2026-08-18T05:48:09.601970,0.0000000,0.0000000,0.00,0.0000,0.0000,0.0000,0.0,0.00,0.000,0.000,IDLE
2026-08-18T05:48:10.601828,0.0000000,0.0000000,0.00,0.0000,0.0000,0.0000,0.0,0.00,0.000,0.000,IDLE
2026-08-18T05:48:11.601992,0.0000000,0.0000000,0.00,0.0000,0.0000,0.0000,0.0,0.00,0.000,0.000,IDLE
2026-08-18T05:48:12.601933,0.0000000,0.0000000,0.00,0.0000,0.0000,0.0000,0.0,0.00,0.000,0.000,IDLE
2026-08-18T05:48:13.601852,0.0000000,0.0000000,0.00,0.0000,0.0000,0.0000,0.0,0.00,0.000,0.000,IDLE
2026-08-18T05:48:14.601831,0.0000000,0.0000000,0.00,0.0000,0.0000,0.0000,0.0,0.00,0.000,0.000,IDLE
2026-08-18T05:48:15.601972,0.0000000,0.0000000,0.00,0.0000,0.0000,0.0000,0.0,0.00,0.000,0.000,IDLE
2026-08-18T05:48:16.601967,0.0000000,0.0000000,0.00,0.0000,0.0000,0.0000,0.0,0.00,0.000,0.000,IDLE
2026-08-18T05:48:17.601920,0.0000000,0.0000000,0.00,0.0000,0.0000,0.0000,0.0,0.00,0.000,0.000,IDLE
2026-08-18T05:48:18.601843,0.0000000,0.0000000,0.00,0.0000,0.0000,0.0000,0.0,0.00,0.000,0.000,IDLE
2026-08-18T05:48:19.601881,0.0000000,0.0000000,0.00,0.0000,0.0000,0.0000,0.0,0.00,0.000,0.000,IDLE
2026-08-18T05:48:20.601989,0.0000000,0.0000000,0.00,0.0000,0.0000,0.0000,0.0,0.00,0.000,0.000,IDLE
2026-08-18T05:48:21.602018,0.0000000,0.0000000,0.00,0.0000,0.0000,0.0000,0.0,0.00,0.000,0.000,IDLE
2026-08-18T05:48:22.601851,0.0000000,0.0000000,0.00,0.0000,0.0000,0.0000,0.0,0.00,0.000,0.000,IDLE
2026-08-18T05:48:23.601816,0.0000000,0.0000000,0.00,0.0000,0.0000,0.0000,0.0,0.00,0.000,0.000,IDLE
2026-08-18T05:48:24.602233,0.0000000,0.0000000,0.00,0.0000,0.0000,0.0000,0.0,0.00,0.000,0.000,IDLE
2026-08-18T05:48:25.601990,0.0000000,0.0000000,0.00,0.0000,0.0000,0.0000,0.0,0.00,0.000,0.000,IDLE
2026-08-18T05:48:26.601829,0.0000000,0.0000000,0.00,0.0000,0.0000,0.0000,0.0,0.00,0.000,0.000,IDLE
2026-08-18T05:48:27.601823,0.0000000,0.0000000,0.00,0.0000,0.0000,0.0000,0.0,0.00,0.000,0.000,IDLE
2026-08-18T05:48:28.601950,0.0000000,0.0000000,0.00,0.0000,0.0000,0.0000,0.0,0.00,0.000,0.000,IDLE
2026-08-18T05:48:29.602158,0.0000000,0.0000000,0.00,0.0000,0.0000,0.0000,0.0,0.00,0.000,0.000,IDLE
2026-08-18T05:48:30.601870,0.0000000,0.0000000,0.00,0.0000,0.0000,0.0000,0.0,0.00,0.000,0.000,IDLE
2026-08-18T05:48:31.601861,0.0000000,0.0000000,0.00,0.0000,0.0000,0.0000,0.0,0.00,0.000,0.000,IDLE
2026-08-18T05:48:32.601950,0.0000000,0.0000000,0.00,0.0000,0.0000,0.0000,0.0,0.00,0.000,0.000,IDLE
2026-08-18T05:48:33.601957,0.0000000,0.0000000,0.00,0.0000,0.0000,0.0000,0.0,0.00,0.000,0.000,IDLE
2026-08-18T05:48:34.601862,0.0000000,0.0000000,0.00,0.0000,0.0000,0.0000,0.0,0.00,0.000,0.000,IDLE
2026-08-18T05:48:35.601816,0.0000000,0.0000000,0.00,0.0000,0.0000,0.0000,0.0,0.00,0.000,0.000,IDLE
2026-08-18T05:48:36.601838,0.0000000,0.0000000,0.00,0.0000,0.0000,0.0000,0.0,0.00,0.000,0.000,IDLE
2026-08-18T05:48:37.601929,0.0000000,0.0000000,0.00,0.0000,0.0000,0.0000,0.0,0.00,0.000,0.000,IDLE
2026-08-18T05:48:38.601948,0.0000000,0.0000000,0.00,0.0000,0.0000,0.0000,0.0,0.00,0.000,0.000,IDLE
2026-08-18T05:48:39.601863,0.0000000,0.0000000,0.00,0.0000,0.0000,0.0000,0.0,0.00,0.000,0.000,IDLE
2026-08-18T05:48:40.601832,0.0000000,0.0000000,0.00,0.0000,0.0000,0.0000,0.0,0.00,0.000,0.000,IDLE
2026-08-18T05:48:41.601925,0.0000000,0.0000000,0.00,0.0000,0.0000,0.0000,0.0,0.00,0.000,0.000,IDLE
2026-08-18T05:48:42.601822,0.0000000,0.0000000,0.00,0.0000,0.0000,0.0000,0.0,0.00,0.000,0.000,IDLE
2026-08-18T05:48:43.601827,0.0000000,0.0000000,0.00,0.0000,0.0000,0.0000,0.0,0.00,0.000,0.000,IDLE
2026-08-18T05:48:44.601820,0.0000000,0.0000000,0.00,0.0000,0.0000,0.0000,0.0,0.00,0.000,0.000,IDLE
2026-08-18T05:48:45.602223,0.0000000,0.0000000,0.00,0.0000,0.0000,0.0000,0.0,0.00,0.000,0.000,IDLE
2026-08-18T05:48:46.601903,0.0000000,0.0000000,0.00,0.0000,0.0000,0.0000,0.0,0.00,0.000,0.000,IDLE
2026-08-18T05:48:47.601882,0.0000000,0.0000000,0.00,0.0000,0.0000,0.0000,0.0,0.00,0.000,0.000,IDLE
2026-08-18T05:48:48.601888,0.0000000,0.0000000,0.00,0.0000,0.0000,0.0000,0.0,0.00,0.000,0.000,IDLE
2026-08-18T05:48:49.602002,0.0000000,0.0000000,0.00,0.0000,0.0000,0.0000,0.0,0.00,0.000,0.000,IDLE
2026-08-18T05:48:50.602239,0.0000000,0.0000000,0.00,0.0000,0.0000,0.0000,0.0,0.00,0.000,0.000,IDLE
2026-08-18T05:48:51.601939,0.0000000,0.0000000,0.00,0.0000,0.0000,0.0000,0.0,0.00,0.000,0.000,IDLE
2026-08-18T05:48:52.601959,0.0000000,0.0000000,0.00,0.0000,0.0000,0.0000,0.0,0.00,0.000,0.000,IDLE
2026-08-18T05:48:53.601862,0.0000000,0.0000000,0.00,0.0000,0.0000,0.0000,0.0,0.00,0.000,0.000,IDLE
2026-08-18T05:48:54.601836,0.0000000,0.0000000,0.00,0.0000,0.0000,0.0000,0.0,0.00,0.000,0.000,IDLE
2026-08-18T05:48:55.601933,0.0000000,0.0000000,0.00,0.0000,0.0000,0.0000,0.0,0.00,0.000,0.000,IDLE
2026-08-18T05:48:56.601856,0.0000000,0.0000000,0.00,0.0000,0.0000,0.0000,0.0,0.00,0.000,0.000,IDLE
2026-08-18T05:48:57.601991,0.0000000,0.0000000,0.00,0.0000,0.0000,0.0000,0.0,0.00,0.000,0.000,IDLE
2026-08-18T05:48:58.601931,0.0000000,0.0000000,0.00,0.0000,0.0000,0.0000,0.0,0.00,0.000,0.000,IDLE
2026-08-18T05:48:59.601917,0.0000000,0.0000000,0.00,0.0000,0.0000,0.0000,0.0,0.00,0.000,0.000,IDLE
2026-08-18T05:49:00.601864,0.0000000,0.0000000,0.00,0.0000,0.0000,0.0000,0.0,0.00,0.000,0.000,IDLE
2026-08-18T05:49:01.601834,0.0000000,0.0000000,0.00,0.0000,0.0000,0.0000,0.0,0.00,0.000,0.000,IDLE
2026-08-18T05:49:02.601944,0.0000000,0.0000000,0.00,0.0000,0.0000,0.0000,0.0,0.00,0.000,0.000,IDLE
2026-08-18T05:49:03.601950,0.0000000,0.0000000,0.00,0.0000,0.0000,0.0000,0.0,0.00,0.000,0.000,IDLE
2026-08-18T05:49:04.601909,0.0000000,0.0000000,0.00,0.0000,0.0000,0.0000,0.0,0.00,0.000,0.000,IDLE
2026-08-18T05:49:05.601963,0.0000000,0.0000000,0.00,0.0000,0.0000,0.0000,0.0,0.00,0.000,0.000,IDLE
2026-08-18T05:49:06.601966,0.0000000,0.0000000,0.00,0.0000,0.0000,0.0000,0.0,0.00,0.000,0.000,IDLE
2026-08-18T05:49:07.601946,0.0000000,0.0000000,0.00,0.0000,0.0000,0.0000,0.0,0.00,0.000,0.000,IDLE
2026-08-18T05:49:08.601870,0.0000000,0.0000000,0.00,0.0000,0.0000,0.0000,0.0,0.00,0.000,0.000,IDLE
2026-08-18T05:49:09.601845,0.0000000,0.0000000,0.00,0.0000,0.0000,0.0000,0.0,0.00,0.000,0.000,IDLE
2026-08-18T05:49:10.601874,0.0000000,0.0000000,0.00,0.0000,0.0000,0.0000,0.0,0.00,0.000,0.000,IDLE
2026-08-18T05:49:11.601947,0.0000000,0.0000000,0.00,0.0000,0.0000,0.0000,0.0,0.00,0.000,0.000,IDLE
2026-08-18T05:49:12.601973,0.0000000,0.0000000,0.00,0.0000,0.0000,0.0000,0.0,0.00,0.000,0.000,IDLE
2026-08-18T05:49:13.601876,0.0000000,0.0000000,0.00,0.0000,0.0000,0.0000,0.0,0.00,0.000,0.000,IDLE
2026-08-18T05:49:14.601844,0.0000000,0.0000000,0.00,0.0000,0.0000,0.0000,0.0,0.00,0.000,0.000,IDLE
2026-08-18T05:49:15.601934,0.0000000,0.0000000,0.00,0.0000,0.0000,0.0000,0.0,0.00,0.000,0.000,IDLE
2026-08-18T05:49:16.601949,0.0000000,0.0000000,0.00,0.0000,0.0000,0.0000,0.0,0.00,0.000,0.000,IDLE
2026-08-18T05:49:17.601912,0.0000000,0.0000000,0.00,0.0000,0.0000,0.0000,0.0,0.00,0.000,0.000,IDLE
2026-08-18T05:49:18.601819,0.0000000,0.0000000,0.00,0.0000,0.0000,0.0000,0.0,0.00,0.000,0.000,IDLE
2026-08-18T05:49:19.601987,0.0000000,0.0000000,0.00,0.0000,0.0000,0.0000,0.0,0.00,0.000,0.000,IDLE
2026-08-18T05:49:20.601955,0.0000000,0.0000000,0.00,0.0000,0.0000,0.0000,0.0,0.00,0.000,0.000,IDLE
2026-08-18T05:49:21.601895,0.0000000,0.0000000,0.00,0.0000,0.0000,0.0000,0.0,0.00,0.000,0.000,IDLE
2026-08-18T05:49:22.601854,0.0000000,0.0000000,0.00,0.0000,0.0000,0.0000,0.0,0.00,0.000,0.000,IDLE
2026-08-18T05:49:23.601826,0.0000000,0.0000000,0.00,0.0000,0.0000,0.0000,0.0,0.00,0.000,0.000,IDLE
2026-08-18T05:49:24.601948,0.0000000,0.0000000,0.00,0.0000,0.0000,0.0000,0.0,0.00,0.000,0.000,IDLE
2026-08-18T05:49:25.601964,0.0000000,0.0000000,0.00,0.0000,0.0000,0.0000,0.0,0.00,0.000,0.000,IDLE
2026-08-18T05:49:26.601831,0.0000000,0.0000000,0.00,0.0000,0.0000,0.0000,0.0,0.00,0.000,0.000,IDLE
2026-08-18T05:49:27.601964,0.0000000,0.0000000,0.00,0.0000,0.0000,0.0000,0.0,0.00,0.000,0.000,IDLE
2026-08-18T05:49:28.601947,0.0000000,0.0000000,0.00,0.0000,0.0000,0.0000,0.0,0.00,0.000,0.000,IDLE
2026-08-18T05:49:29.601822,0.0000000,0.0000000,0.00,0.0000,0.0000,0.0000,0.0,0.00,0.000,0.000,IDLE
2026-08-18T05:49:30.601967,0.0000000,0.0000000,0.00,0.0000,0.0000,0.0000,0.0,0.00,0.000,0.000,IDLE
2026-08-18T05:49:31.601925,0.0000000,0.0000000,0.00,0.0000,0.0000,0.0000,0.0,0.00,0.000,0.000,IDLE
2026-08-18T05:49:32.601961,0.0000000,0.0000000,0.00,0.0000,0.0000,0.0000,0.0,0.00,0.000,0.000,IDLE
2026-08-18T05:49:33.601885,0.0000000,0.0000000,0.00,0.0000,0.0000,0.0000,0.0,0.00,0.000,0.000,IDLE
2026-08-18T05:49:34.601984,0.0000000,0.0000000,0.00,0.0000,0.0000,0.0000,0.0,0.00,0.000,0.000,IDLE
2026-08-18T05:49:35.601841,0.0000000,0.0000000,0.00,0.0000,0.0000,0.0000,0.0,0.00,0.000,0.000,IDLE
2026-08-18T05:49:36.601961,0.0000000,0.0000000,0.00,0.0000,0.0000,0.0000,0.0,0.00,0.000,0.000,IDLE
2026-08-18T05:49:37.601895,0.0000000,0.0000000,0.00,0.0000,0.0000,0.0000,0.0,0.00,0.000,0.000,IDLE
2026-08-18T05:49:38.601978,0.0000000,0.0000000,0.00,0.0000,0.0000,0.0000,0.0,0.00,0.000,0.000,IDLE
2026-08-18T05:49:39.601966,0.0000000,0.0000000,0.00,0.0000,0.0000,0.0000,0.0,0.00,0.000,0.000,IDLE
2026-08-18T05:49:40.601963,0.0000000,0.0000000,0.00,0.0000,0.0000,0.0000,0.0,0.00,0.000,0.000,IDLE
2026-08-18T05:49:41.601844,0.0000000,0.0000000,0.00,0.0000,0.0000,0.0000,0.0,0.00,0.000,0.000,IDLE
2026-08-18T05:49:42.601991,0.0000000,0.0000000,0.00,0.0000,0.0000,0.0000,0.0,0.00,0.000,0.000,IDLE
2026-08-18T05:49:43.601842,0.0000000,0.0000000,0.00,0.0000,0.0000,0.0000,0.0,0.00,0.000,0.000,IDLE
2026-08-18T05:49:44.601927,0.0000000,0.0000000,0.00,0.0000,0.0000,0.0000,0.0,0.00,0.000,0.000,IDLE
2026-08-18T05:49:45.601959,0.0000000,0.0000000,0.00,0.0000,0.0000,0.0000,0.0,0.00,0.000,0.000,IDLE
2026-08-18T05:49:46.601885,0.0000000,0.0000000,0.00,0.0000,0.0000,0.0000,0.0,0.00,0.000,0.000,IDLE
2026-08-18T05:49:47.601883,0.0000000,0.0000000,0.00,0.0000,0.0000,0.0000,0.0,0.00,0.000,0.000,IDLE
2026-08-18T05:49:48.603043,0.0000000,0.0000000,0.00,0.0000,0.0000,0.0000,0.0,0.00,0.000,0.000,IDLE
2026-08-18T05:49:49.602009,0.0000000,0.0000000,0.00,0.0000,0.0000,0.0000,0.0,0.00,0.000,0.000,IDLE
2026-08-18T05:49:50.601912,0.0000000,0.0000000,0.00,0.0000,0.0000,0.0000,0.0,0.00,0.000,0.000,IDLE
2026-08-18T05:49:51.601891,0.0000000,0.0000000,0.00,0.0000,0.0000,0.0000,0.0,0.00,0.000,0.000,IDLE
2026-08-18T05:49:52.601876,0.0000000,0.0000000,0.00,0.0000,0.0000,0.0000,0.0,0.00,0.000,0.000,IDLE
2026-08-18T05:49:53.601882,0.0000000,0.0000000,0.00,0.0000,0.0000,0.0000,0.0,0.00,0.000,0.000,IDLE
2026-08-18T05:49:54.601923,0.0000000,0.0000000,0.00,0.0000,0.0000,0.0000,0.0,0.00,0.000,0.000,IDLE
2026-08-18T05:49:55.601916,0.0000000,0.0000000,0.00,0.0000,0.0000,0.0000,0.0,0.00,0.000,0.000,IDLE
2026-08-18T14:41:02.977403,0.0000000,0.0000000,0.00,0.0000,0.0000,0.0000,0.0,0.00,0.000,0.000,IDLE
2026-08-18T14:41:03.601814,0.0000000,0.0000000,0.00,0.0000,0.0000,0.0000,0.0,0.00,0.000,0.000,IDLE
2026-08-18T14:41:04.601823,0.0000000,0.0000000,0.00,0.0000,0.0000,0.0000,0.0,0.00,0.000,0.000,IDLE
2026-08-18T14:41:05.601969,0.0000000,0.0000000,0.00,0.0000,0.0000,0.0000,0.0,0.00,0.000,0.000,IDLE
2026-08-18T14:41:06.602257,0.0000000,0.0000000,0.00,0.0000,0.0000,0.0000,0.0,0.00,0.000,0.000,IDLE
2026-08-18T14:41:07.601909,0.0000000,0.0000000,0.00,0.0000,0.0000,0.0000,0.0,0.00,0.000,0.000,IDLE
2026-08-18T14:41:08.601839,0.0000000,0.0000000,0.00,0.0000,0.0000,0.0000,0.0,0.00,0.000,0.000,IDLE
2026-08-18T14:41:09.602067,0.0000000,0.0000000,0.00,0.0000,0.0000,0.0000,0.0,0.00,0.000,0.000,IDLE
2026-08-18T14:41:10.601948,0.0000000,0.0000000,0.00,0.0000,0.0000,0.0000,0.0,0.00,0.000,0.000,IDLE
2026-08-18T14:41:11.601853,0.0000000,0.0000000,0.00,0.0000,0.0000,0.0000,0.0,0.00,0.000,0.000,IDLE
2026-08-18T14:41:12.601913,0.0000000,0.0000000,0.00,0.0000,0.0000,0.0000,0.0,0.00,0.000,0.000,IDLE
2026-08-18T14:41:13.601927,0.0000000,0.0000000,0.00,0.0000,0.0000,0.0000,0.0,0.00,0.000,0.000,IDLE
2026-08-18T14:41:14.601937,0.0000000,0.0000000,0.00,0.0000,0.0000,0.0000,0.0,0.00,0.000,0.000,IDLE
2026-08-18T14:41:15.601821,0.0000000,0.0000000,0.00,0.0000,0.0000,0.0000,0.0,0.00,0.000,0.000,IDLE
2026-08-18T14:41:16.601864,0.0000000,0.0000000,0.00,0.0000,0.0000,0.0000,0.0,0.00,0.000,0.000,IDLE
2026-08-18T14:41:17.601840,0.0000000,0.0000000,0.00,0.0000,0.0000,0.0000,0.0,0.00,0.000,0.000,IDLE
2026-08-18T14:41:18.601947,0.0000000,0.0000000,0.00,0.0000,0.0000,0.0000,0.0,0.00,0.000,0.000,IDLE
2026-08-18T14:41:19.601848,0.0000000,0.0000000,0.00,0.0000,0.0000,0.0000,0.0,0.00,0.000,0.000,IDLE
2026-08-18T14:41:20.601829,0.0000000,0.0000000,0.00,0.0000,0.0000,0.0000,0.0,0.00,0.000,0.000,IDLE
2026-08-18T14:41:21.602072,0.0000000,0.0000000,0.00,0.0000,0.0000,0.0000,0.0,0.00,0.000,0.000,IDLE
2026-08-18T14:41:22.601889,0.0000000,0.0000000,0.00,0.0000,0.0000,0.0000,0.0,0.00,0.000,0.000,IDLE
2026-08-18T14:41:23.601882,0.0000000,0.0000000,0.00,0.0000,0.0000,0.0000,0.0,0.00,0.000,0.000,IDLE
2026-08-18T14:41:24.601846,0.0000000,0.0000000,0.00,0.0000,0.0000,0.0000,0.0,0.00,0.000,0.000,IDLE
2026-08-18T14:41:25.601826,0.0000000,0.0000000,0.00,0.0000,0.0000,0.0000,0.0,0.00,0.000,0.000,IDLE
2026-08-18T14:41:26.601926,0.0000000,0.0000000,0.00,0.0000,0.0000,0.0000,0.0,0.00,0.000,0.000,IDLE
2026-08-18T14:41:27.601938,0.0000000,0.0000000,0.00,0.0000,0.0000,0.0000,0.0,0.00,0.000,0.000,IDLE
2026-08-18T14:41:28.601964,0.0000000,0.0000000,0.00,0.0000,0.0000,0.0000,0.0,0.00,0.000,0.000,IDLE
2026-08-18T14:41:29.604622,0.0000000,0.0000000,0.00,0.0000,0.0000,0.0000,0.0,0.00,0.000,0.000,IDLE
2026-08-18T14:41:30.601928,0.0000000,0.0000000,0.00,0.0000,0.0000,0.0000,0.0,0.00,0.000,0.000,IDLE
2026-08-18T14:41:31.601986,0.0000000,0.0000000,0.00,0.0000,0.0000,0.0000,0.0,0.00,0.000,0.000,IDLE
2026-08-18T14:41:32.601832,0.0000000,0.0000000,0.00,0.0000,0.0000,0.0000,0.0,0.00,0.000,0.000,IDLE
2026-08-18T14:41:33.601832,0.0000000,0.0000000,0.00,0.0000,0.0000,0.0000,0.0,0.00,0.000,0.000,IDLE
2026-08-18T14:41:34.601922,0.0000000,0.0000000,0.00,0.0000,0.0000,0.0000,0.0,0.00,0.000,0.000,IDLE
2026-08-18T14:41:35.601825,0.0000000,0.0000000,0.00,0.0000,0.0000,0.0000,0.0,0.00,0.000,0.000,IDLE
2026-08-18T14:41:36.601871,0.0000000,0.0000000,0.00,0.0000,0.0000,0.0000,0.0,0.00,0.000,0.000,IDLE
2026-08-18T14:41:37.601827,0.0000000,0.0000000,0.00,0.0000,0.0000,0.0000,0.0,0.00,0.000,0.000,IDLE
2026-08-18T14:41:38.601970,0.0000000,0.0000000,0.00,0.0000,0.0000,0.0000,0.0,0.00,0.000,0.000,IDLE
2026-08-18T14:41:39.601873,0.0000000,0.0000000,0.00,0.0000,0.0000,0.0000,0.0,0.00,0.000,0.000,IDLE
2026-08-18T14:41:40.601851,0.0000000,0.0000000,0.00,0.0000,0.0000,0.0000,0.0,0.00,0.000,0.000,IDLE
2026-08-18T14:41:41.601870,0.0000000,0.0000000,0.00,0.0000,0.0000,0.0000,0.0,0.00,0.000,0.000,IDLE
2026-08-18T14:41:42.601835,0.0000000,0.0000000,0.00,0.0000,0.0000,0.0000,0.0,0.00,0.000,0.000,IDLE
2026-08-18T14:41:43.601959,0.0000000,0.0000000,0.00,0.0000,0.0000,0.0000,0.0,0.00,0.000,0.000,IDLE
2026-08-18T14:41:44.601778,0.0000000,0.0000000,0.00,0.0000,0.0000,0.0000,0.0,0.00,0.000,0.000,IDLE
2026-08-18T14:41:45.601914,0.0000000,0.0000000,0.00,0.0000,0.0000,0.0000,0.0,0.00,0.000,0.000,IDLE
2026-08-18T14:41:46.601853,0.0000000,0.0000000,0.00,0.0000,0.0000,0.0000,0.0,0.00,0.000,0.000,IDLE
2026-08-18T14:41:47.601954,0.0000000,0.0000000,0.00,0.0000,0.0000,0.0000,0.0,0.00,0.000,0.000,IDLE
2026-08-18T14:41:48.601992,0.0000000,0.0000000,0.00,0.0000,0.0000,0.0000,0.0,0.00,0.000,0.000,IDLE
2026-08-18T14:41:49.601924,0.0000000,0.0000000,0.00,0.0000,0.0000,0.0000,0.0,0.00,0.000,0.000,IDLE
2026-08-18T14:41:50.601830,0.0000000,0.0000000,0.00,0.0000,0.0000,0.0000,0.0,0.00,0.000,0.000,IDLE
2026-08-18T14:41:51.601917,0.0000000,0.0000000,0.00,0.0000,0.0000,0.0000,0.0,0.00,0.000,0.000,IDLE
2026-08-18T14:41:52.601883,0.0000000,0.0000000,0.00,0.0000,0.0000,0.0000,0.0,0.00,0.000,0.000,IDLE
2026-08-18T14:41:53.601853,0.0000000,0.0000000,0.00,0.0000,0.0000,0.0000,0.0,0.00,0.000,0.000,IDLE
2026-08-18T14:41:54.601829,0.0000000,0.0000000,0.00,0.0000,0.0000,0.0000,0.0,0.00,0.000,0.000,IDLE
2026-08-18T14:41:55.601953,0.0000000,0.0000000,0.00,0.0000,0.0000,0.0000,0.0,0.00,0.000,0.000,IDLE
2026-08-18T14:41:56.601986,0.0000000,0.0000000,0.00,0.0000,0.0000,0.0000,0.0,0.00,0.000,0.000,IDLE
2026-08-18T14:41:57.601941,0.0000000,0.0000000,0.00,0.0000,0.0000,0.0000,0.0,0.00,0.000,0.000,IDLE
2026-08-18T14:41:58.601852,0.0000000,0.0000000,0.00,0.0000,0.0000,0.0000,0.0,0.00,0.000,0.000,IDLE
2026-08-18T14:41:59.601960,0.0000000,0.0000000,0.00,0.0000,0.0000,0.0000,0.0,0.00,0.000,0.000,IDLE
2026-08-18T14:42:00.601984,0.0000000,0.0000000,0.00,0.0000,0.0000,0.0000,0.0,0.00,0.000,0.000,IDLE
2026-08-18T14:42:01.602179,0.0000000,0.0000000,0.00,0.0000,0.0000,0.0000,0.0,0.00,0.000,0.000,IDLE
2026-08-18T14:42:02.602003,0.0000000,0.0000000,0.00,0.0000,0.0000,0.0000,0.0,0.00,0.000,0.000,IDLE
2026-08-18T14:42:03.601817,0.0000000,0.0000000,0.00,0.0000,0.0000,0.0000,0.0,0.00,0.000,0.000,IDLE
2026-08-18T14:42:04.601821,0.0000000,0.0000000,0.00,0.0000,0.0000,0.0000,0.0,0.00,0.000,0.000,IDLE
2026-08-18T14:42:05.601918,0.0000000,0.0000000,0.00,0.0000,0.0000,0.0000,0.0,0.00,0.000,0.000,IDLE
2026-08-18T14:42:06.601823,0.0000000,0.0000000,0.00,0.0000,0.0000,0.0000,0.0,0.00,0.000,0.000,IDLE
2026-08-18T14:42:07.601829,0.0000000,0.0000000,0.00,0.0000,0.0000,0.0000,0.0,0.00,0.000,0.000,IDLE
2026-08-18T14:42:08.601939,0.0000000,0.0000000,0.00,0.0000,0.0000,0.0000,0.0,0.00,0.000,0.000,IDLE
2026-08-18T14:42:09.601933,0.0000000,0.0000000,0.00,0.0000,0.0000,0.0000,0.0,0.00,0.000,0.000,IDLE
2026-08-18T14:42:10.601860,0.0000000,0.0000000,0.00,0.0000,0.0000,0.0000,0.0,0.00,0.000,0.000,IDLE
2026-08-18T14:42:11.601830,0.0000000,0.0000000,0.00,0.0000,0.0000,0.0000,0.0,0.00,0.000,0.000,IDLE
2026-08-18T14:42:12.601970,0.0000000,0.0000000,0.00,0.0000,0.0000,0.0000,0.0,0.00,0.000,0.000,IDLE
2026-08-18T14:42:13.601862,0.0000000,0.0000000,0.00,0.0000,0.0000,0.0000,0.0,0.00,0.000,0.000,IDLE
2026-08-18T14:42:14.602310,0.0000000,0.0000000,0.00,0.0000,0.0000,0.0000,0.0,0.00,0.000,0.000,IDLE
2026-08-18T14:42:15.601904,0.0000000,0.0000000,0.00,0.0000,0.0000,0.0000,0.0,0.00,0.000,0.000,IDLE
2026-08-18T14:42:16.604702,0.0000000,0.0000000,0.00,0.0000,0.0000,0.0000,0.0,0.00,0.000,0.000,IDLE
2026-08-18T14:42:17.601921,0.0000000,0.0000000,0.00,0.0000,0.0000,0.0000,0.0,0.00,0.000,0.000,IDLE
2026-08-18T14:42:18.601900,0.0000000,0.0000000,0.00,0.0000,0.0000,0.0000,0.0,0.00,0.000,0.000,IDLE
2026-08-18T14:42:19.601980,0.0000000,0.0000000,0.00,0.0000,0.0000,0.0000,0.0,0.00,0.000,0.000,IDLE
2026-08-18T14:42:20.601962,0.0000000,0.0000000,0.00,0.0000,0.0000,0.0000,0.0,0.00,0.000,0.000,IDLE
2026-08-18T14:42:21.601897,0.0000000,0.0000000,0.00,0.0000,0.0000,0.0000,0.0,0.00,0.000,0.000,IDLE
2026-08-18T14:42:22.601919,0.0000000,0.0000000,0.00,0.0000,0.0000,0.0000,0.0,0.00,0.000,0.000,IDLE
2026-08-18T14:42:23.601839,0.0000000,0.0000000,0.00,0.0000,0.0000,0.0000,0.0,0.00,0.000,0.000,IDLE
2026-08-18T14:42:24.601914,0.0000000,0.0000000,0.00,0.0000,0.0000,0.0000,0.0,0.00,0.000,0.000,IDLE
2026-08-18T14:42:25.601887,0.0000000,0.0000000,0.00,0.0000,0.0000,0.0000,0.0,0.00,0.000,0.000,IDLE
2026-08-18T14:42:26.601987,0.0000000,0.0000000,0.00,0.0000,0.0000,0.0000,0.0,0.00,0.000,0.000,IDLE
2026-08-18T14:42:27.601982,0.0000000,0.0000000,0.00,0.0000,0.0000,0.0000,0.0,0.00,0.000,0.000,IDLE
2026-08-18T14:42:28.601863,0.0000000,0.0000000,0.00,0.0000,0.0000,0.0000,0.0,0.00,0.000,0.000,IDLE
2026-08-18T14:42:29.601935,0.0000000,0.0000000,0.00,0.0000,0.0000,0.0000,0.0,0.00,0.000,0.000,IDLE
2026-08-18T14:42:30.601919,0.0000000,0.0000000,0.00,0.0000,0.0000,0.0000,0.0,0.00,0.000,0.000,IDLE
2026-08-18T14:42:31.601912,0.0000000,0.0000000,0.00,0.0000,0.0000,0.0000,0.0,0.00,0.000,0.000,IDLE
2026-08-18T14:42:32.601904,0.0000000,0.0000000,0.00,0.0000,0.0000,0.0000,0.0,0.00,0.000,0.000,IDLE
2026-08-18T14:42:33.601889,0.0000000,0.0000000,0.00,0.0000,0.0000,0.0000,0.0,0.00,0.000,0.000,IDLE
2026-08-18T14:42:34.601848,0.0000000,0.0000000,0.00,0.0000,0.0000,0.0000,0.0,0.00,0.000,0.000,IDLE
2026-08-18T14:42:35.601889,0.0000000,0.0000000,0.00,0.0000,0.0000,0.0000,0.0,0.00,0.000,0.000,IDLE
2026-08-18T14:42:36.601991,0.0000000,0.0000000,0.00,0.0000,0.0000,0.0000,0.0,0.00,0.000,0.000,IDLE
2026-08-18T14:42:37.601891,0.0000000,0.0000000,0.00,0.0000,0.0000,0.0000,0.0,0.00,0.000,0.000,IDLE
2026-08-18T14:42:38.601878,0.0000000,0.0000000,0.00,0.0000,0.0000,0.0000,0.0,0.00,0.000,0.000,IDLE
2026-08-18T14:42:39.601970,0.0000000,0.0000000,0.00,0.0000,0.0000,0.0000,0.0,0.00,0.000,0.000,IDLE
2026-08-18T14:42:40.601879,0.0000000,0.0000000,0.00,0.0000,0.0000,0.0000,0.0,0.00,0.000,0.000,IDLE
2026-08-18T14:42:41.601931,0.0000000,0.0000000,0.00,0.0000,0.0000,0.0000,0.0,0.00,0.000,0.000,IDLE
2026-08-18T14:42:42.601973,0.0000000,0.0000000,0.00,0.0000,0.0000,0.0000,0.0,0.00,0.000,0.000,IDLE
2026-08-18T14:42:43.601933,0.0000000,0.0000000,0.00,0.0000,0.0000,0.0000,0.0,0.00,0.000,0.000,IDLE
2026-08-18T14:42:44.601937,0.0000000,0.0000000,0.00,0.0000,0.0000,0.0000,0.0,0.00,0.000,0.000,IDLE
2026-08-18T14:42:45.601856,0.0000000,0.0000000,0.00,0.0000,0.0000,0.0000,0.0,0.00,0.000,0.000,IDLE
2026-08-18T14:42:46.601871,0.0000000,0.0000000,0.00,0.0000,0.0000,0.0000,0.0,0.00,0.000,0.000,IDLE
2026-08-18T14:42:47.601951,0.0000000,0.0000000,0.00,0.0000,0.0000,0.0000,0.0,0.00,0.000,0.000,IDLE
2026-08-18T14:42:48.601944,0.0000000,0.0000000,0.00,0.0000,0.0000,0.0000,0.0,0.00,0.000,0.000,IDLE
2026-08-18T14:42:49.601921,0.0000000,0.0000000,0.00,0.0000,0.0000,0.0000,0.0,0.00,0.000,0.000,IDLE
2026-08-18T14:42:50.601901,0.0000000,0.0000000,0.00,0.0000,0.0000,0.0000,0.0,0.00,0.000,0.000,IDLE
2026-08-18T14:42:51.601864,0.0000000,0.0000000,0.00,0.0000,0.0000,0.0000,0.0,0.00,0.000,0.000,IDLE
2026-08-18T14:42:52.601854,0.0000000,0.0000000,0.00,0.0000,0.0000,0.0000,0.0,0.00,0.000,0.000,IDLE
2026-08-18T14:42:53.601933,0.0000000,0.0000000,0.00,0.0000,0.0000,0.0000,0.0,0.00,0.000,0.000,IDLE
2026-08-18T14:42:54.601891,0.0000000,0.0000000,0.00,0.0000,0.0000,0.0000,0.0,0.00,0.000,0.000,IDLE
2026-08-18T14:42:55.601823,0.0000000,0.0000000,0.00,0.0000,0.0000,0.0000,0.0,0.00,0.000,0.000,IDLE
2026-08-18T14:42:56.601963,0.0000000,0.0000000,0.00,0.0000,0.0000,0.0000,0.0,0.00,0.000,0.000,IDLE
2026-08-18T14:42:57.601957,0.0000000,0.0000000,0.00,0.0000,0.0000,0.0000,0.0,0.00,0.000,0.000,IDLE
2026-08-18T14:42:58.601829,0.0000000,0.0000000,0.00,0.0000,0.0000,0.0000,0.0,0.00,0.000,0.000,IDLE
2026-08-18T14:42:59.601933,0.0000000,0.0000000,0.00,0.0000,0.0000,0.0000,0.0,0.00,0.000,0.000,IDLE
2026-08-18T14:43:00.601916,0.0000000,0.0000000,0.00,0.0000,0.0000,0.0000,0.0,0.00,0.000,0.000,IDLE
2026-08-18T14:43:01.601934,0.0000000,0.0000000,0.00,0.0000,0.0000,0.0000,0.0,0.00,0.000,0.000,IDLE
2026-08-18T14:43:02.601930,0.0000000,0.0000000,0.00,0.0000,0.0000,0.0000,0.0,0.00,0.000,0.000,IDLE
2026-08-18T14:43:03.601806,0.0000000,0.0000000,0.00,0.0000,0.0000,0.0000,0.0,0.00,0.000,0.000,IDLE
2026-08-18T14:43:04.601922,0.0000000,0.0000000,0.00,0.0000,0.0000,0.0000,0.0,0.00,0.000,0.000,IDLE
2026-08-18T14:43:05.602214,0.0000000,0.0000000,0.00,0.0000,0.0000,0.0000,0.0,0.00,0.000,0.000,IDLE
2026-08-18T14:43:06.601914,0.0000000,0.0000000,0.00,0.0000,0.0000,0.0000,0.0,0.00,0.000,0.000,IDLE
2026-08-18T14:43:07.601843,0.0000000,0.0000000,0.00,0.0000,0.0000,0.0000,0.0,0.00,0.000,0.000,IDLE
2026-08-18T14:43:08.601832,0.0000000,0.0000000,0.00,0.0000,0.0000,0.0000,0.0,0.00,0.000,0.000,IDLE
2026-08-18T14:43:09.601928,0.0000000,0.0000000,0.00,0.0000,0.0000,0.0000,0.0,0.00,0.000,0.000,IDLE
2026-08-18T14:43:10.601849,0.0000000,0.0000000,0.00,0.0000,0.0000,0.0000,0.0,0.00,0.000,0.000,IDLE
2026-08-18T14:43:11.601871,0.0000000,0.0000000,0.00,0.0000,0.0000,0.0000,0.0,0.00,0.000,0.000,IDLE
2026-08-18T14:43:12.601835,0.0000000,0.0000000,0.00,0.0000,0.0000,0.0000,0.0,0.00,0.000,0.000,IDLE
2026-08-18T14:43:13.601922,0.0000000,0.0000000,0.00,0.0000,0.0000,0.0000,0.0,0.00,0.000,0.000,IDLE
2026-08-18T14:43:14.601992,0.0000000,0.0000000,0.00,0.0000,0.0000,0.0000,0.0,0.00,0.000,0.000,IDLE
2026-08-18T14:43:15.601835,0.0000000,0.0000000,0.00,0.0000,0.0000,0.0000,0.0,0.00,0.000,0.000,IDLE
2026-08-18T14:43:16.601829,0.0000000,0.0000000,0.00,0.0000,0.0000,0.0000,0.0,0.00,0.000,0.000,IDLE
2026-08-18T14:43:17.601982,0.0000000,0.0000000,0.00,0.0000,0.0000,0.0000,0.0,0.00,0.000,0.000,IDLE
2026-08-18T14:43:18.601989,0.0000000,0.0000000,0.00,0.0000,0.0000,0.0000,0.0,0.00,0.000,0.000,IDLE
2026-08-18T14:43:19.601903,0.0000000,0.0000000,0.00,0.0000,0.0000,0.0000,0.0,0.00,0.000,0.000,IDLE
2026-08-18T14:43:20.601830,0.0000000,0.0000000,0.00,0.0000,0.0000,0.0000,0.0,0.00,0.000,0.000,IDLE
2026-08-18T14:43:21.601983,0.0000000,0.0000000,0.00,0.0000,0.0000,0.0000,0.0,0.00,0.000,0.000,IDLE
2026-08-18T14:43:22.601948,0.0000000,0.0000000,0.00,0.0000,0.0000,0.0000,0.0,0.00,0.000,0.000,IDLE
2026-08-18T14:43:23.601988,0.0000000,0.0000000,0.00,0.0000,0.0000,0.0000,0.0,0.00,0.000,0.000,IDLE
2026-08-18T14:43:24.601867,0.0000000,0.0000000,0.00,0.0000,0.0000,0.0000,0.0,0.00,0.000,0.000,IDLE
2026-08-18T14:43:25.601948,0.0000000,0.0000000,0.00,0.0000,0.0000,0.0000,0.0,0.00,0.000,0.000,IDLE
2026-08-18T14:43:26.601935,0.0000000,0.0000000,0.00,0.0000,0.0000,0.0000,0.0,0.00,0.000,0.000,IDLE
2026-08-18T14:43:27.601946,0.0000000,0.0000000,0.00,0.0000,0.0000,0.0000,0.0,0.00,0.000,0.000,IDLE
2026-08-18T14:43:28.601946,0.0000000,0.0000000,0.00,0.0000,0.0000,0.0000,0.0,0.00,0.000,0.000,IDLE
2026-08-18T14:43:29.601945,0.0000000,0.0000000,0.00,0.0000,0.0000,0.0000,0.0,0.00,0.000,0.000,IDLE
2026-08-18T14:43:30.601999,0.0000000,0.0000000,0.00,0.0000,0.0000,0.0000,0.0,0.00,0.000,0.000,IDLE
2026-08-18T14:43:31.601987,0.0000000,0.0000000,0.00,0.0000,0.0000,0.0000,0.0,0.00,0.000,0.000,IDLE
2026-08-18T14:43:32.601825,0.0000000,0.0000000,0.00,0.0000,0.0000,0.0000,0.0,0.00,0.000,0.000,IDLE
2026-08-18T14:43:33.601850,0.0000000,0.0000000,0.00,0.0000,0.0000,0.0000,0.0,0.00,0.000,0.000,IDLE
2026-08-18T14:43:34.602232,0.0000000,0.0000000,0.00,0.0000,0.0000,0.0000,0.0,0.00,0.000,0.000,IDLE
2026-08-18T14:43:35.601976,0.0000000,0.0000000,0.00,0.0000,0.0000,0.0000,0.0,0.00,0.000,0.000,IDLE
2026-08-18T14:43:36.602206,0.0000000,0.0000000,0.00,0.0000,0.0000,0.0000,0.0,0.00,0.000,0.000,IDLE
2026-08-18T14:43:37.601937,0.0000000,0.0000000,0.00,0.0000,0.0000,0.0000,0.0,0.00,0.000,0.000,IDLE
2026-08-18T14:43:38.601896,0.0000000,0.0000000,0.00,0.0000,0.0000,0.0000,0.0,0.00,0.000,0.000,IDLE
2026-08-18T14:43:39.601848,0.0000000,0.0000000,0.00,0.0000,0.0000,0.0000,0.0,0.00,0.000,0.000,IDLE
2026-08-18T14:43:40.601933,0.0000000,0.0000000,0.00,0.0000,0.0000,0.0000,0.0,0.00,0.000,0.000,IDLE
2026-08-18T14:43:41.601872,0.0000000,0.0000000,0.00,0.0000,0.0000,0.0000,0.0,0.00,0.000,0.000,IDLE
2026-08-18T14:43:42.601823,0.0000000,0.0000000,0.00,0.0000,0.0000,0.0000,0.0,0.00,0.000,0.000,IDLE
2026-08-18T14:43:43.601978,0.0000000,0.0000000,0.00,0.0000,0.0000,0.0000,0.0,0.00,0.000,0.000,IDLE
2026-08-18T14:43:44.601965,0.0000000,0.0000000,0.00,0.0000,0.0000,0.0000,0.0,0.00,0.000,0.000,IDLE
2026-08-18T14:43:45.601842,0.0000000,0.0000000,0.00,0.0000,0.0000,0.0000,0.0,0.00,0.000,0.000,IDLE
2026-08-18T14:43:46.601770,0.0000000,0.0000000,0.00,0.0000,0.0000,0.0000,0.0,0.00,0.000,0.000,IDLE
2026-08-18T14:43:47.602196,0.0000000,0.0000000,0.00,0.0000,0.0000,0.0000,0.0,0.00,0.000,0.000,IDLE
2026-08-18T14:43:48.601945,0.0000000,0.0000000,0.00,0.0000,0.0000,0.0000,0.0,0.00,0.000,0.000,IDLE
2026-08-18T14:43:49.601865,0.0000000,0.0000000,0.00,0.0000,0.0000,0.0000,0.0,0.00,0.000,0.000,IDLE
2026-08-18T14:43:50.601818,0.0000000,0.0000000,0.00,0.0000,0.0000,0.0000,0.0,0.00,0.000,0.000,IDLE
2026-08-18T14:43:51.601926,0.0000000,0.0000000,0.00,0.0000,0.0000,0.0000,0.0,0.00,0.000,0.000,IDLE
2026-08-18T14:43:52.601848,0.0000000,0.0000000,0.00,0.0000,0.0000,0.0000,0.0,0.00,0.000,0.000,IDLE
2026-08-18T14:43:53.601898,0.0000000,0.0000000,0.00,0.0000,0.0000,0.0000,0.0,0.00,0.000,0.000,IDLE
2026-08-18T14:43:54.601854,0.0000000,0.0000000,0.00,0.0000,0.0000,0.0000,0.0,0.00,0.000,0.000,IDLE
2026-08-18T14:43:55.601868,0.0000000,0.0000000,0.00,0.0000,0.0000,0.0000,0.0,0.00,0.000,0.000,IDLE
2026-08-18T14:43:56.601951,0.0000000,0.0000000,0.00,0.0000,0.0000,0.0000,0.0,0.00,0.000,0.000,IDLE
2026-08-18T14:43:57.602007,0.0000000,0.0000000,0.00,0.0000,0.0000,0.0000,0.0,0.00,0.000,0.000,IDLE
2026-08-18T14:43:58.602013,0.0000000,0.0000000,0.00,0.0000,0.0000,0.0000,0.0,0.00,0.000,0.000,IDLE
2026-08-18T14:43:59.601913,0.0000000,0.0000000,0.00,0.0000,0.0000,0.0000,0.0,0.00,0.000,0.000,IDLE
2026-08-18T14:44:00.601894,0.0000000,0.0000000,0.00,0.0000,0.0000,0.0000,0.0,0.00,0.000,0.000,IDLE
2026-08-18T14:44:01.601873,0.0000000,0.0000000,0.00,0.0000,0.0000,0.0000,0.0,0.00,0.000,0.000,IDLE
2026-08-18T14:44:02.601888,0.0000000,0.0000000,0.00,0.0000,0.0000,0.0000,0.0,0.00,0.000,0.000,IDLE
2026-08-18T14:44:03.601884,0.0000000,0.0000000,0.00,0.0000,0.0000,0.0000,0.0,0.00,0.000,0.000,IDLE
2026-08-18T14:44:04.601864,0.0000000,0.0000000,0.00,0.0000,0.0000,0.0000,0.0,0.00,0.000,0.000,IDLE
2026-08-18T14:44:05.601845,0.0000000,0.0000000,0.00,0.0000,0.0000,0.0000,0.0,0.00,0.000,0.000,IDLE
2026-08-18T14:44:06.601856,0.0000000,0.0000000,0.00,0.0000,0.0000,0.0000,0.0,0.00,0.000,0.000,IDLE
2026-08-18T14:44:07.601844,0.0000000,0.0000000,0.00,0.0000,0.0000,0.0000,0.0,0.00,0.000,0.000,IDLE
2026-08-18T14:44:08.601861,0.0000000,0.0000000,0.00,0.0000,0.0000,0.0000,0.0,0.00,0.000,0.000,IDLE
2026-08-18T14:44:09.601920,0.0000000,0.0000000,0.00,0.0000,0.0000,0.0000,0.0,0.00,0.000,0.000,IDLE
2026-08-18T14:44:10.601909,0.0000000,0.0000000,0.00,0.0000,0.0000,0.0000,0.0,0.00,0.000,0.000,IDLE
2026-08-18T14:44:11.601828,0.0000000,0.0000000,0.00,0.0000,0.0000,0.0000,0.0,0.00,0.000,0.000,IDLE
2026-08-18T14:44:12.601847,0.0000000,0.0000000,0.00,0.0000,0.0000,0.0000,0.0,0.00,0.000,0.000,IDLE
2026-08-18T14:44:13.602109,0.0000000,0.0000000,0.00,0.0000,0.0000,0.0000,0.0,0.00,0.000,0.000,IDLE
2026-08-18T14:44:14.601877,0.0000000,0.0000000,0.00,0.0000,0.0000,0.0000,0.0,0.00,0.000,0.000,IDLE
2026-08-18T14:44:15.601841,0.0000000,0.0000000,0.00,0.0000,0.0000,0.0000,0.0,0.00,0.000,0.000,IDLE
2026-08-18T14:44:16.601863,0.0000000,0.0000000,0.00,0.0000,0.0000,0.0000,0.0,0.00,0.000,0.000,IDLE
2026-08-18T14:44:17.601869,0.0000000,0.0000000,0.00,0.0000,0.0000,0.0000,0.0,0.00,0.000,0.000,IDLE
2026-08-18T14:44:18.601832,0.0000000,0.0000000,0.00,0.0000,0.0000,0.0000,0.0,0.00,0.000,0.000,IDLE
2026-08-18T14:44:19.601860,0.0000000,0.0000000,0.00,0.0000,0.0000,0.0000,0.0,0.00,0.000,0.000,IDLE
2026-08-18T14:44:20.601889,0.0000000,0.0000000,0.00,0.0000,0.0000,0.0000,0.0,0.00,0.000,0.000,IDLE
2026-08-18T14:44:21.601826,0.0000000,0.0000000,0.00,0.0000,0.0000,0.0000,0.0,0.00,0.000,0.000,IDLE
2026-08-18T14:44:22.601840,0.0000000,0.0000000,0.00,0.0000,0.0000,0.0000,0.0,0.00,0.000,0.000,IDLE
2026-08-18T14:44:23.601911,0.0000000,0.0000000,0.00,0.0000,0.0000,0.0000,0.0,0.00,0.000,0.000,IDLE
2026-08-18T14:44:24.601864,0.0000000,0.0000000,0.00,0.0000,0.0000,0.0000,0.0,0.00,0.000,0.000,IDLE
2026-08-18T14:44:25.601886,0.0000000,0.0000000,0.00,0.0000,0.0000,0.0000,0.0,0.00,0.000,0.000,IDLE
2026-08-18T14:44:26.601863,0.0000000,0.0000000,0.00,0.0000,0.0000,0.0000,0.0,0.00,0.000,0.000,IDLE
2026-08-18T14:44:27.601946,0.0000000,0.0000000,0.00,0.0000,0.0000,0.0000,0.0,0.00,0.000,0.000,IDLE
2026-08-18T14:44:28.601855,0.0000000,0.0000000,0.00,0.0000,0.0000,0.0000,0.0,0.00,0.000,0.000,IDLE
2026-08-18T14:44:29.601825,0.0000000,0.0000000,0.00,0.0000,0.0000,0.0000,0.0,0.00,0.000,0.000,IDLE
2026-08-18T14:44:30.601956,0.0000000,0.0000000,0.00,0.0000,0.0000,0.0000,0.0,0.00,0.000,0.000,IDLE
2026-08-18T14:44:31.601979,0.0000000,0.0000000,0.00,0.0000,0.0000,0.0000,0.0,0.00,0.000,0.000,IDLE
2026-08-18T14:44:32.601843,0.0000000,0.0000000,0.00,0.0000,0.0000,0.0000,0.0,0.00,0.000,0.000,IDLE
2026-08-18T14:44:33.601866,0.0000000,0.0000000,0.00,0.0000,0.0000,0.0000,0.0,0.00,0.000,0.000,IDLE
2026-08-18T14:44:34.601954,0.0000000,0.0000000,0.00,0.0000,0.0000,0.0000,0.0,0.00,0.000,0.000,IDLE
2026-08-18T14:44:35.601967,0.0000000,0.0000000,0.00,0.0000,0.0000,0.0000,0.0,0.00,0.000,0.000,IDLE
2026-08-18T14:44:36.601852,0.0000000,0.0000000,0.00,0.0000,0.0000,0.0000,0.0,0.00,0.000,0.000,IDLE
2026-08-18T14:44:37.601829,0.0000000,0.0000000,0.00,0.0000,0.0000,0.0000,0.0,0.00,0.000,0.000,IDLE
2026-08-18T14:44:38.601891,0.0000000,0.0000000,0.00,0.0000,0.0000,0.0000,0.0,0.00,0.000,0.000,IDLE
2026-08-18T14:44:39.601837,0.0000000,0.0000000,0.00,0.0000,0.0000,0.0000,0.0,0.00,0.000,0.000,IDLE
2026-08-18T14:44:40.601903,0.0000000,0.0000000,0.00,0.0000,0.0000,0.0000,0.0,0.00,0.000,0.000,IDLE
2026-08-18T14:44:41.601877,0.0000000,0.0000000,0.00,0.0000,0.0000,0.0000,0.0,0.00,0.000,0.000,IDLE
2026-08-18T14:44:42.601923,0.0000000,0.0000000,0.00,0.0000,0.0000,0.0000,0.0,0.00,0.000,0.000,IDLE
2026-08-18T14:44:43.602089,0.0000000,0.0000000,0.00,0.0000,0.0000,0.0000,0.0,0.00,0.000,0.000,IDLE
2026-08-18T14:44:44.601839,0.0000000,0.0000000,0.00,0.0000,0.0000,0.0000,0.0,0.00,0.000,0.000,IDLE
2026-08-18T14:44:45.602177,0.0000000,0.0000000,0.00,0.0000,0.0000,0.0000,0.0,0.00,0.000,0.000,IDLE
2026-08-18T14:44:46.602163,0.0000000,0.0000000,0.00,0.0000,0.0000,0.0000,0.0,0.00,0.000,0.000,IDLE
2026-08-18T14:44:47.601848,0.0000000,0.0000000,0.00,0.0000,0.0000,0.0000,0.0,0.00,0.000,0.000,IDLE
2026-08-18T14:44:48.601931,0.0000000,0.0000000,0.00,0.0000,0.0000,0.0000,0.0,0.00,0.000,0.000,IDLE
2026-08-18T14:44:49.601896,0.0000000,0.0000000,0.00,0.0000,0.0000,0.0000,0.0,0.00,0.000,0.000,IDLE
2026-08-18T14:44:50.601875,0.0000000,0.0000000,0.00,0.0000,0.0000,0.0000,0.0,0.00,0.000,0.000,IDLE
2026-08-18T14:44:51.601922,0.0000000,0.0000000,0.00,0.0000,0.0000,0.0000,0.0,0.00,0.000,0.000,IDLE
2026-08-18T14:44:52.602195,0.0000000,0.0000000,0.00,0.0000,0.0000,0.0000,0.0,0.00,0.000,0.000,IDLE
2026-08-18T14:44:53.601889,0.0000000,0.0000000,0.00,0.0000,0.0000,0.0000,0.0,0.00,0.000,0.000,IDLE
2026-08-18T14:44:54.601887,0.0000000,0.0000000,0.00,0.0000,0.0000,0.0000,0.0,0.00,0.000,0.000,IDLE
2026-08-18T14:44:55.601849,0.0000000,0.0000000,0.00,0.0000,0.0000,0.0000,0.0,0.00,0.000,0.000,IDLE
2026-08-18T14:44:56.601857,0.0000000,0.0000000,0.00,0.0000,0.0000,0.0000,0.0,0.00,0.000,0.000,IDLE
2026-08-18T14:44:57.601895,0.0000000,0.0000000,0.00,0.0000,0.0000,0.0000,0.0,0.00,0.000,0.000,IDLE
2026-08-18T14:44:58.601875,0.0000000,0.0000000,0.00,0.0000,0.0000,0.0000,0.0,0.00,0.000,0.000,IDLE
2026-08-18T14:44:59.601840,0.0000000,0.0000000,0.00,0.0000,0.0000,0.0000,0.0,0.00,0.000,0.000,IDLE
2026-08-18T14:45:00.601929,0.0000000,0.0000000,0.00,0.0000,0.0000,0.0000,0.0,0.00,0.000,0.000,IDLE
2026-08-18T14:45:01.602255,0.0000000,0.0000000,0.00,0.0000,0.0000,0.0000,0.0,0.00,0.000,0.000,IDLE
2026-08-18T14:45:02.601865,0.0000000,0.0000000,0.00,0.0000,0.0000,0.0000,0.0,0.00,0.000,0.000,IDLE
2026-08-18T14:45:03.601850,0.0000000,0.0000000,0.00,0.0000,0.0000,0.0000,0.0,0.00,0.000,0.000,IDLE
2026-08-18T14:45:04.602041,0.0000000,0.0000000,0.00,0.0000,0.0000,0.0000,0.0,0.00,0.000,0.000,IDLE
2026-08-18T14:45:05.601993,0.0000000,0.0000000,0.00,0.0000,0.0000,0.0000,0.0,0.00,0.000,0.000,IDLE
2026-08-18T14:45:06.601844,0.0000000,0.0000000,0.00,0.0000,0.0000,0.0000,0.0,0.00,0.000,0.000,IDLE
2026-08-18T14:45:07.601814,0.0000000,0.0000000,0.00,0.0000,0.0000,0.0000,0.0,0.00,0.000,0.000,IDLE
2026-08-18T14:45:08.601853,0.0000000,0.0000000,0.00,0.0000,0.0000,0.0000,0.0,0.00,0.000,0.000,IDLE
2026-08-18T14:45:09.602208,0.0000000,0.0000000,0.00,0.0000,0.0000,0.0000,0.0,0.00,0.000,0.000,IDLE
2026-08-18T14:45:10.601879,0.0000000,0.0000000,0.00,0.0000,0.0000,0.0000,0.0,0.00,0.000,0.000,IDLE
2026-08-18T14:45:11.601815,0.0000000,0.0000000,0.00,0.0000,0.0000,0.0000,0.0,0.00,0.000,0.000,IDLE
2026-08-18T14:45:12.601989,0.0000000,0.0000000,0.00,0.0000,0.0000,0.0000,0.0,0.00,0.000,0.000,IDLE
2026-08-18T14:45:13.601924,0.0000000,0.0000000,0.00,0.0000,0.0000,0.0000,0.0,0.00,0.000,0.000,IDLE
2026-08-18T14:45:14.601871,0.0000000,0.0000000,0.00,0.0000,0.0000,0.0000,0.0,0.00,0.000,0.000,IDLE
2026-08-18T14:45:15.601909,0.0000000,0.0000000,0.00,0.0000,0.0000,0.0000,0.0,0.00,0.000,0.000,IDLE
2026-08-18T14:45:16.601859,0.0000000,0.0000000,0.00,0.0000,0.0000,0.0000,0.0,0.00,0.000,0.000,IDLE
2026-08-18T14:45:17.602133,0.0000000,0.0000000,0.00,0.0000,0.0000,0.0000,0.0,0.00,0.000,0.000,IDLE
2026-08-18T14:45:18.601821,0.0000000,0.0000000,0.00,0.0000,0.0000,0.0000,0.0,0.00,0.000,0.000,IDLE
2026-08-18T14:45:19.601962,0.0000000,0.0000000,0.00,0.0000,0.0000,0.0000,0.0,0.00,0.000,0.000,IDLE
2026-08-18T14:45:20.601812,0.0000000,0.0000000,0.00,0.0000,0.0000,0.0000,0.0,0.00,0.000,0.000,IDLE
2026-08-18T14:45:21.601956,0.0000000,0.0000000,0.00,0.0000,0.0000,0.0000,0.0,0.00,0.000,0.000,IDLE
2026-08-18T14:45:22.601930,0.0000000,0.0000000,0.00,0.0000,0.0000,0.0000,0.0,0.00,0.000,0.000,IDLE
2026-08-18T14:45:23.601808,0.0000000,0.0000000,0.00,0.0000,0.0000,0.0000,0.0,0.00,0.000,0.000,IDLE
2026-08-18T14:45:24.601832,0.0000000,0.0000000,0.00,0.0000,0.0000,0.0000,0.0,0.00,0.000,0.000,IDLE
2026-08-18T14:45:25.601822,0.0000000,0.0000000,0.00,0.0000,0.0000,0.0000,0.0,0.00,0.000,0.000,IDLE
2026-08-18T14:45:26.601909,0.0000000,0.0000000,0.00,0.0000,0.0000,0.0000,0.0,0.00,0.000,0.000,IDLE
2026-08-18T14:45:27.601854,0.0000000,0.0000000,0.00,0.0000,0.0000,0.0000,0.0,0.00,0.000,0.000,IDLE
2026-08-18T14:45:28.601836,0.0000000,0.0000000,0.00,0.0000,0.0000,0.0000,0.0,0.00,0.000,0.000,IDLE
2026-08-18T14:45:29.601829,0.0000000,0.0000000,0.00,0.0000,0.0000,0.0000,0.0,0.00,0.000,0.000,IDLE
2026-08-18T14:45:30.601948,0.0000000,0.0000000,0.00,0.0000,0.0000,0.0000,0.0,0.00,0.000,0.000,IDLE
2026-08-18T14:45:31.601871,0.0000000,0.0000000,0.00,0.0000,0.0000,0.0000,0.0,0.00,0.000,0.000,IDLE
2026-08-18T14:45:32.601829,0.0000000,0.0000000,0.00,0.0000,0.0000,0.0000,0.0,0.00,0.000,0.000,IDLE
2026-08-18T14:45:33.601803,0.0000000,0.0000000,0.00,0.0000,0.0000,0.0000,0.0,0.00,0.000,0.000,IDLE
2026-08-18T14:45:34.601953,0.0000000,0.0000000,0.00,0.0000,0.0000,0.0000,0.0,0.00,0.000,0.000,IDLE
2026-08-18T14:45:35.601927,0.0000000,0.0000000,0.00,0.0000,0.0000,0.0000,0.0,0.00,0.000,0.000,IDLE
2026-08-18T14:45:36.601830,0.0000000,0.0000000,0.00,0.0000,0.0000,0.0000,0.0,0.00,0.000,0.000,IDLE
2026-08-18T14:45:37.601817,0.0000000,0.0000000,0.00,0.0000,0.0000,0.0000,0.0,0.00,0.000,0.000,IDLE
2026-08-18T14:45:38.601910,0.0000000,0.0000000,0.00,0.0000,0.0000,0.0000,0.0,0.00,0.000,0.000,IDLE
2026-08-18T14:45:39.601966,0.0000000,0.0000000,0.00,0.0000,0.0000,0.0000,0.0,0.00,0.000,0.000,IDLE
2026-08-18T14:45:40.601835,0.0000000,0.0000000,0.00,0.0000,0.0000,0.0000,0.0,0.00,0.000,0.000,IDLE
2026-08-18T14:45:41.601802,0.0000000,0.0000000,0.00,0.0000,0.0000,0.0000,0.0,0.00,0.000,0.000,IDLE
2026-08-18T14:45:42.601934,0.0000000,0.0000000,0.00,0.0000,0.0000,0.0000,0.0,0.00,0.000,0.000,IDLE
2026-08-18T14:45:43.602048,0.0000000,0.0000000,0.00,0.0000,0.0000,0.0000,0.0,0.00,0.000,0.000,IDLE
2026-08-18T14:45:44.602079,0.0000000,0.0000000,0.00,0.0000,0.0000,0.0000,0.0,0.00,0.000,0.000,IDLE
2026-08-18T14:45:45.601829,0.0000000,0.0000000,0.00,0.0000,0.0000,0.0000,0.0,0.00,0.000,0.000,IDLE
2026-08-18T14:45:46.601971,0.0000000,0.0000000,0.00,0.0000,0.0000,0.0000,0.0,0.00,0.000,0.000,IDLE
2026-08-18T14:45:47.601959,0.0000000,0.0000000,0.00,0.0000,0.0000,0.0000,0.0,0.00,0.000,0.000,IDLE
2026-08-18T14:45:48.601919,0.0000000,0.0000000,0.00,0.0000,0.0000,0.0000,0.0,0.00,0.000,0.000,IDLE
2026-08-18T14:45:49.601851,0.0000000,0.0000000,0.00,0.0000,0.0000,0.0000,0.0,0.00,0.000,0.000,IDLE
2026-08-18T14:45:50.601934,0.0000000,0.0000000,0.00,0.0000,0.0000,0.0000,0.0,0.00,0.000,0.000,IDLE
2026-08-18T14:45:51.601932,0.0000000,0.0000000,0.00,0.0000,0.0000,0.0000,0.0,0.00,0.000,0.000,IDLE
2026-08-18T14:45:52.601874,0.0000000,0.0000000,0.00,0.0000,0.0000,0.0000,0.0,0.00,0.000,0.000,IDLE
2026-08-18T14:45:53.601944,0.0000000,0.0000000,0.00,0.0000,0.0000,0.0000,0.0,0.00,0.000,0.000,IDLE
2026-08-18T14:45:54.601811,0.0000000,0.0000000,0.00,0.0000,0.0000,0.0000,0.0,0.00,0.000,0.000,IDLE
2026-08-18T14:45:55.601859,0.0000000,0.0000000,0.00,0.0000,0.0000,0.0000,0.0,0.00,0.000,0.000,IDLE
2026-08-18T14:45:56.601916,0.0000000,0.0000000,0.00,0.0000,0.0000,0.0000,0.0,0.00,0.000,0.000,IDLE
2026-08-18T14:45:57.601839,0.0000000,0.0000000,0.00,0.0000,0.0000,0.0000,0.0,0.00,0.000,0.000,IDLE
2026-08-18T14:45:58.601817,0.0000000,0.0000000,0.00,0.0000,0.0000,0.0000,0.0,0.00,0.000,0.000,IDLE
2026-08-18T14:45:59.601924,0.0000000,0.0000000,0.00,0.0000,0.0000,0.0000,0.0,0.00,0.000,0.000,IDLE
2026-08-18T14:46:00.601865,0.0000000,0.0000000,0.00,0.0000,0.0000,0.0000,0.0,0.00,0.000,0.000,IDLE
2026-08-18T14:46:01.601984,0.0000000,0.0000000,0.00,0.0000,0.0000,0.0000,0.0,0.00,0.000,0.000,IDLE
2026-08-18T14:46:02.601897,0.0000000,0.0000000,0.00,0.0000,0.0000,0.0000,0.0,0.00,0.000,0.000,IDLE
2026-08-18T14:46:03.601871,0.0000000,0.0000000,0.00,0.0000,0.0000,0.0000,0.0,0.00,0.000,0.000,IDLE
2026-08-18T14:46:04.601842,0.0000000,0.0000000,0.00,0.0000,0.0000,0.0000,0.0,0.00,0.000,0.000,IDLE
2026-08-18T14:46:05.601871,0.0000000,0.0000000,0.00,0.0000,0.0000,0.0000,0.0,0.00,0.000,0.000,IDLE
2026-08-18T14:46:06.601989,0.0000000,0.0000000,0.00,0.0000,0.0000,0.0000,0.0,0.00,0.000,0.000,IDLE
2026-08-18T14:46:07.601821,0.0000000,0.0000000,0.00,0.0000,0.0000,0.0000,0.0,0.00,0.000,0.000,IDLE
2026-08-18T14:46:08.601941,0.0000000,0.0000000,0.00,0.0000,0.0000,0.0000,0.0,0.00,0.000,0.000,IDLE
2026-08-18T14:46:09.602094,0.0000000,0.0000000,0.00,0.0000,0.0000,0.0000,0.0,0.00,0.000,0.000,IDLE
2026-08-18T14:46:10.601906,0.0000000,0.0000000,0.00,0.0000,0.0000,0.0000,0.0,0.00,0.000,0.000,IDLE
2026-08-18T14:46:11.601996,0.0000000,0.0000000,0.00,0.0000,0.0000,0.0000,0.0,0.00,0.000,0.000,IDLE
2026-08-18T14:46:12.601883,0.0000000,0.0000000,0.00,0.0000,0.0000,0.0000,0.0,0.00,0.000,0.000,IDLE
2026-08-18T14:46:13.601930,0.0000000,0.0000000,0.00,0.0000,0.0000,0.0000,0.0,0.00,0.000,0.000,IDLE
2026-08-18T14:46:14.602127,0.0000000,0.0000000,0.00,0.0000,0.0000,0.0000,0.0,0.00,0.000,0.000,IDLE
2026-08-18T14:46:15.601905,0.0000000,0.0000000,0.00,0.0000,0.0000,0.0000,0.0,0.00,0.000,0.000,IDLE
2026-08-18T14:46:16.601815,0.0000000,0.0000000,0.00,0.0000,0.0000,0.0000,0.0,0.00,0.000,0.000,IDLE
2026-08-18T14:46:17.601977,0.0000000,0.0000000,0.00,0.0000,0.0000,0.0000,0.0,0.00,0.000,0.000,IDLE
2026-08-18T14:46:18.601862,0.0000000,0.0000000,0.00,0.0000,0.0000,0.0000,0.0,0.00,0.000,0.000,IDLE
2026-08-18T14:46:19.601857,0.0000000,0.0000000,0.00,0.0000,0.0000,0.0000,0.0,0.00,0.000,0.000,IDLE
2026-08-18T14:46:20.601894,0.0000000,0.0000000,0.00,0.0000,0.0000,0.0000,0.0,0.00,0.000,0.000,IDLE
2026-08-18T14:46:21.601929,0.0000000,0.0000000,0.00,0.0000,0.0000,0.0000,0.0,0.00,0.000,0.000,IDLE
2026-08-18T14:46:22.601825,0.0000000,0.0000000,0.00,0.0000,0.0000,0.0000,0.0,0.00,0.000,0.000,IDLE
2026-08-18T14:46:23.601874,0.0000000,0.0000000,0.00,0.0000,0.0000,0.0000,0.0,0.00,0.000,0.000,IDLE
2026-08-18T14:46:24.601859,0.0000000,0.0000000,0.00,0.0000,0.0000,0.0000,0.0,0.00,0.000,0.000,IDLE
2026-08-18T14:46:25.601951,0.0000000,0.0000000,0.00,0.0000,0.0000,0.0000,0.0,0.00,0.000,0.000,IDLE
2026-08-18T14:46:26.601957,0.0000000,0.0000000,0.00,0.0000,0.0000,0.0000,0.0,0.00,0.000,0.000,IDLE
2026-08-18T14:46:27.601874,0.0000000,0.0000000,0.00,0.0000,0.0000,0.0000,0.0,0.00,0.000,0.000,IDLE
2026-08-18T14:46:28.601826,0.0000000,0.0000000,0.00,0.0000,0.0000,0.0000,0.0,0.00,0.000,0.000,IDLE
2026-08-18T14:46:29.601832,0.0000000,0.0000000,0.00,0.0000,0.0000,0.0000,0.0,0.00,0.000,0.000,IDLE
2026-08-18T14:46:30.601855,0.0000000,0.0000000,0.00,0.0000,0.0000,0.0000,0.0,0.00,0.000,0.000,IDLE
2026-08-18T14:46:31.601841,0.0000000,0.0000000,0.00,0.0000,0.0000,0.0000,0.0,0.00,0.000,0.000,IDLE
2026-08-18T14:46:32.601820,0.0000000,0.0000000,0.00,0.0000,0.0000,0.0000,0.0,0.00,0.000,0.000,IDLE
2026-08-18T14:46:33.601911,0.0000000,0.0000000,0.00,0.0000,0.0000,0.0000,0.0,0.00,0.000,0.000,IDLE
2026-08-18T14:46:34.601939,0.0000000,0.0000000,0.00,0.0000,0.0000,0.0000,0.0,0.00,0.000,0.000,IDLE
2026-08-18T14:46:35.601855,0.0000000,0.0000000,0.00,0.0000,0.0000,0.0000,0.0,0.00,0.000,0.000,IDLE
2026-08-18T14:46:36.601843,0.0000000,0.0000000,0.00,0.0000,0.0000,0.0000,0.0,0.00,0.000,0.000,IDLE
2026-08-18T14:46:37.601941,0.0000000,0.0000000,0.00,0.0000,0.0000,0.0000,0.0,0.00,0.000,0.000,IDLE
2026-08-18T14:46:38.602147,0.0000000,0.0000000,0.00,0.0000,0.0000,0.0000,0.0,0.00,0.000,0.000,IDLE
2026-08-18T14:46:39.601965,0.0000000,0.0000000,0.00,0.0000,0.0000,0.0000,0.0,0.00,0.000,0.000,IDLE
2026-08-18T14:46:40.601901,0.0000000,0.0000000,0.00,0.0000,0.0000,0.0000,0.0,0.00,0.000,0.000,IDLE
2026-08-18T14:46:41.601825,0.0000000,0.0000000,0.00,0.0000,0.0000,0.0000,0.0,0.00,0.000,0.000,IDLE
2026-08-18T14:46:42.601844,0.0000000,0.0000000,0.00,0.0000,0.0000,0.0000,0.0,0.00,0.000,0.000,IDLE
2026-08-18T14:46:43.601939,0.0000000,0.0000000,0.00,0.0000,0.0000,0.0000,0.0,0.00,0.000,0.000,IDLE
2026-08-18T14:46:44.601856,0.0000000,0.0000000,0.00,0.0000,0.0000,0.0000,0.0,0.00,0.000,0.000,IDLE
2026-08-18T14:46:45.601797,0.0000000,0.0000000,0.00,0.0000,0.0000,0.0000,0.0,0.00,0.000,0.000,IDLE
2026-08-18T14:46:46.601946,0.0000000,0.0000000,0.00,0.0000,0.0000,0.0000,0.0,0.00,0.000,0.000,IDLE
2026-08-18T14:46:47.601942,0.0000000,0.0000000,0.00,0.0000,0.0000,0.0000,0.0,0.00,0.000,0.000,IDLE
2026-08-18T14:46:48.601801,0.0000000,0.0000000,0.00,0.0000,0.0000,0.0000,0.0,0.00,0.000,0.000,IDLE
2026-08-18T14:46:49.601806,0.0000000,0.0000000,0.00,0.0000,0.0000,0.0000,0.0,0.00,0.000,0.000,IDLE
2026-08-18T14:46:50.601960,0.0000000,0.0000000,0.00,0.0000,0.0000,0.0000,0.0,0.00,0.000,0.000,IDLE
2026-08-18T14:46:51.601947,0.0000000,0.0000000,0.00,0.0000,0.0000,0.0000,0.0,0.00,0.000,0.000,IDLE
2026-08-18T14:46:52.601855,0.0000000,0.0000000,0.00,0.0000,0.0000,0.0000,0.0,0.00,0.000,0.000,IDLE
2026-08-18T14:46:53.601812,0.0000000,0.0000000,0.00,0.0000,0.0000,0.0000,0.0,0.00,0.000,0.000,IDLE
2026-08-18T14:46:54.601838,0.0000000,0.0000000,0.00,0.0000,0.0000,0.0000,0.0,0.00,0.000,0.000,IDLE
2026-08-18T14:46:55.601935,0.0000000,0.0000000,0.00,0.0000,0.0000,0.0000,0.0,0.00,0.000,0.000,IDLE
2026-08-18T14:46:56.601935,0.0000000,0.0000000,0.00,0.0000,0.0000,0.0000,0.0,0.00,0.000,0.000,IDLE
2026-08-18T14:46:57.601857,0.0000000,0.0000000,0.00,0.0000,0.0000,0.0000,0.0,0.00,0.000,0.000,IDLE
2026-08-18T14:46:58.601836,0.0000000,0.0000000,0.00,0.0000,0.0000,0.0000,0.0,0.00,0.000,0.000,IDLE
2026-08-18T14:46:59.601932,0.0000000,0.0000000,0.00,0.0000,0.0000,0.0000,0.0,0.00,0.000,0.000,IDLE
2026-08-18T14:47:00.601953,0.0000000,0.0000000,0.00,0.0000,0.0000,0.0000,0.0,0.00,0.000,0.000,IDLE
2026-08-18T14:47:01.601903,0.0000000,0.0000000,0.00,0.0000,0.0000,0.0000,0.0,0.00,0.000,0.000,IDLE
2026-08-18T14:47:02.601803,0.0000000,0.0000000,0.00,0.0000,0.0000,0.0000,0.0,0.00,0.000,0.000,IDLE
2026-08-18T14:47:03.602170,0.0000000,0.0000000,0.00,0.0000,0.0000,0.0000,0.0,0.00,0.000,0.000,IDLE
2026-08-18T14:47:04.601911,0.0000000,0.0000000,0.00,0.0000,0.0000,0.0000,0.0,0.00,0.000,0.000,IDLE
2026-08-18T14:47:05.601909,0.0000000,0.0000000,0.00,0.0000,0.0000,0.0000,0.0,0.00,0.000,0.000,IDLE
2026-08-18T14:47:06.601888,0.0000000,0.0000000,0.00,0.0000,0.0000,0.0000,0.0,0.00,0.000,0.000,IDLE
2026-08-18T14:47:07.601908,0.0000000,0.0000000,0.00,0.0000,0.0000,0.0000,0.0,0.00,0.000,0.000,IDLE
2026-08-18T14:47:08.601927,0.0000000,0.0000000,0.00,0.0000,0.0000,0.0000,0.0,0.00,0.000,0.000,IDLE
2026-08-18T14:47:09.601945,0.0000000,0.0000000,0.00,0.0000,0.0000,0.0000,0.0,0.00,0.000,0.000,IDLE
2026-08-18T14:47:10.601844,0.0000000,0.0000000,0.00,0.0000,0.0000,0.0000,0.0,0.00,0.000,0.000,IDLE
2026-08-18T14:47:11.601901,0.0000000,0.0000000,0.00,0.0000,0.0000,0.0000,0.0,0.00,0.000,0.000,IDLE
2026-08-18T14:47:12.602186,0.0000000,0.0000000,0.00,0.0000,0.0000,0.0000,0.0,0.00,0.000,0.000,IDLE
2026-08-18T14:47:13.601905,0.0000000,0.0000000,0.00,0.0000,0.0000,0.0000,0.0,0.00,0.000,0.000,IDLE
2026-08-18T14:47:14.601957,0.0000000,0.0000000,0.00,0.0000,0.0000,0.0000,0.0,0.00,0.000,0.000,IDLE
2026-08-18T14:47:15.601938,0.0000000,0.0000000,0.00,0.0000,0.0000,0.0000,0.0,0.00,0.000,0.000,IDLE
2026-08-18T14:47:16.601945,0.0000000,0.0000000,0.00,0.0000,0.0000,0.0000,0.0,0.00,0.000,0.000,IDLE
2026-08-18T14:47:17.601833,0.0000000,0.0000000,0.00,0.0000,0.0000,0.0000,0.0,0.00,0.000,0.000,IDLE
2026-08-18T14:47:18.601869,0.0000000,0.0000000,0.00,0.0000,0.0000,0.0000,0.0,0.00,0.000,0.000,IDLE
2026-08-18T14:47:19.601839,0.0000000,0.0000000,0.00,0.0000,0.0000,0.0000,0.0,0.00,0.000,0.000,IDLE
2026-08-18T14:47:20.601909,0.0000000,0.0000000,0.00,0.0000,0.0000,0.0000,0.0,0.00,0.000,0.000,IDLE
2026-08-18T14:47:21.601947,0.0000000,0.0000000,0.00,0.0000,0.0000,0.0000,0.0,0.00,0.000,0.000,IDLE
2026-08-18T14:47:22.601906,0.0000000,0.0000000,0.00,0.0000,0.0000,0.0000,0.0,0.00,0.000,0.000,IDLE
2026-08-18T14:47:23.601900,0.0000000,0.0000000,0.00,0.0000,0.0000,0.0000,0.0,0.00,0.000,0.000,IDLE
2026-08-18T14:47:24.601975,0.0000000,0.0000000,0.00,0.0000,0.0000,0.0000,0.0,0.00,0.000,0.000,IDLE
2026-08-18T14:47:25.601944,0.0000000,0.0000000,0.00,0.0000,0.0000,0.0000,0.0,0.00,0.000,0.000,IDLE
2026-08-18T14:47:26.601845,0.0000000,0.0000000,0.00,0.0000,0.0000,0.0000,0.0,0.00,0.000,0.000,IDLE
2026-08-18T14:47:27.601864,0.0000000,0.0000000,0.00,0.0000,0.0000,0.0000,0.0,0.00,0.000,0.000,IDLE
2026-08-18T14:47:28.601919,0.0000000,0.0000000,0.00,0.0000,0.0000,0.0000,0.0,0.00,0.000,0.000,IDLE
2026-08-18T14:47:29.601849,0.0000000,0.0000000,0.00,0.0000,0.0000,0.0000,0.0,0.00,0.000,0.000,IDLE
2026-08-18T14:47:30.601923,0.0000000,0.0000000,0.00,0.0000,0.0000,0.0000,0.0,0.00,0.000,0.000,IDLE
2026-08-18T14:47:31.601886,0.0000000,0.0000000,0.00,0.0000,0.0000,0.0000,0.0,0.00,0.000,0.000,IDLE
2026-08-18T14:47:32.601850,0.0000000,0.0000000,0.00,0.0000,0.0000,0.0000,0.0,0.00,0.000,0.000,IDLE
2026-08-18T14:47:33.602157,0.0000000,0.0000000,0.00,0.0000,0.0000,0.0000,0.0,0.00,0.000,0.000,IDLE
2026-08-18T14:47:34.601966,0.0000000,0.0000000,0.00,0.0000,0.0000,0.0000,0.0,0.00,0.000,0.000,IDLE
2026-08-18T14:47:35.602562,0.0000000,0.0000000,0.00,0.0000,0.0000,0.0000,0.0,0.00,0.000,0.000,IDLE
2026-08-18T14:47:36.602172,0.0000000,0.0000000,0.00,0.0000,0.0000,0.0000,0.0,0.00,0.000,0.000,IDLE
2026-08-18T14:47:37.602179,0.0000000,0.0000000,0.00,0.0000,0.0000,0.0000,0.0,0.00,0.000,0.000,IDLE
2026-08-18T14:47:38.601922,0.0000000,0.0000000,0.00,0.0000,0.0000,0.0000,0.0,0.00,0.000,0.000,IDLE
2026-08-18T14:47:39.601823,0.0000000,0.0000000,0.00,0.0000,0.0000,0.0000,0.0,0.00,0.000,0.000,IDLE
2026-08-18T14:47:40.601833,0.0000000,0.0000000,0.00,0.0000,0.0000,0.0000,0.0,0.00,0.000,0.000,IDLE
2026-08-18T14:47:41.601849,0.0000000,0.0000000,0.00,0.0000,0.0000,0.0000,0.0,0.00,0.000,0.000,IDLE
2026-08-18T14:47:42.601949,0.0000000,0.0000000,0.00,0.0000,0.0000,0.0000,0.0,0.00,0.000,0.000,IDLE
2026-08-18T14:47:43.601837,0.0000000,0.0000000,0.00,0.0000,0.0000,0.0000,0.0,0.00,0.000,0.000,IDLE
2026-08-18T14:47:44.601827,0.0000000,0.0000000,0.00,0.0000,0.0000,0.0000,0.0,0.00,0.000,0.000,IDLE
2026-08-18T14:47:45.601955,0.0000000,0.0000000,0.00,0.0000,0.0000,0.0000,0.0,0.00,0.000,0.000,IDLE
2026-08-18T14:47:46.601943,0.0000000,0.0000000,0.00,0.0000,0.0000,0.0000,0.0,0.00,0.000,0.000,IDLE
2026-08-18T14:47:47.601912,0.0000000,0.0000000,0.00,0.0000,0.0000,0.0000,0.0,0.00,0.000,0.000,IDLE
2026-08-18T14:47:48.602213,0.0000000,0.0000000,0.00,0.0000,0.0000,0.0000,0.0,0.00,0.000,0.000,IDLE
2026-08-18T14:47:49.601803,0.0000000,0.0000000,0.00,0.0000,0.0000,0.0000,0.0,0.00,0.000,0.000,IDLE
2026-08-18T14:47:50.602197,0.0000000,0.0000000,0.00,0.0000,0.0000,0.0000,0.0,0.00,0.000,0.000,IDLE
2026-08-18T14:47:51.602184,0.0000000,0.0000000,0.00,0.0000,0.0000,0.0000,0.0,0.00,0.000,0.000,IDLE
2026-08-18T14:47:52.601941,0.0000000,0.0000000,0.00,0.0000,0.0000,0.0000,0.0,0.00,0.000,0.000,IDLE
2026-08-18T14:47:53.601847,0.0000000,0.0000000,0.00,0.0000,0.0000,0.0000,0.0,0.00,0.000,0.000,IDLE
2026-08-18T14:47:54.601892,0.0000000,0.0000000,0.00,0.0000,0.0000,0.0000,0.0,0.00,0.000,0.000,IDLE
2026-08-18T14:47:55.601972,0.0000000,0.0000000,0.00,0.0000,0.0000,0.0000,0.0,0.00,0.000,0.000,IDLE
2026-08-18T14:47:56.601921,0.0000000,0.0000000,0.00,0.0000,0.0000,0.0000,0.0,0.00,0.000,0.000,IDLE
2026-08-18T14:47:57.601824,0.0000000,0.0000000,0.00,0.0000,0.0000,0.0000,0.0,0.00,0.000,0.000,IDLE
2026-08-18T14:47:58.601888,0.0000000,0.0000000,0.00,0.0000,0.0000,0.0000,0.0,0.00,0.000,0.000,IDLE
2026-08-18T14:47:59.601845,0.0000000,0.0000000,0.00,0.0000,0.0000,0.0000,0.0,0.00,0.000,0.000,IDLE
2026-08-18T14:48:00.601909,0.0000000,0.0000000,0.00,0.0000,0.0000,0.0000,0.0,0.00,0.000,0.000,IDLE
2026-08-18T14:48:01.601928,0.0000000,0.0000000,0.00,0.0000,0.0000,0.0000,0.0,0.00,0.000,0.000,IDLE
2026-08-18T14:48:02.601958,0.0000000,0.0000000,0.00,0.0000,0.0000,0.0000,0.0,0.00,0.000,0.000,IDLE
2026-08-18T14:48:03.601961,0.0000000,0.0000000,0.00,0.0000,0.0000,0.0000,0.0,0.00,0.000,0.000,IDLE
2026-08-18T14:48:04.601943,0.0000000,0.0000000,0.00,0.0000,0.0000,0.0000,0.0,0.00,0.000,0.000,IDLE
2026-08-18T14:48:05.601952,0.0000000,0.0000000,0.00,0.0000,0.0000,0.0000,0.0,0.00,0.000,0.000,IDLE
2026-08-18T14:48:06.601912,0.0000000,0.0000000,0.00,0.0000,0.0000,0.0000,0.0,0.00,0.000,0.000,IDLE
2026-08-18T14:48:07.601889,0.0000000,0.0000000,0.00,0.0000,0.0000,0.0000,0.0,0.00,0.000,0.000,IDLE
2026-08-18T14:48:08.601858,0.0000000,0.0000000,0.00,0.0000,0.0000,0.0000,0.0,0.00,0.000,0.000,IDLE
2026-08-18T14:48:09.601876,0.0000000,0.0000000,0.00,0.0000,0.0000,0.0000,0.0,0.00,0.000,0.000,IDLE
2026-08-18T14:48:10.601845,0.0000000,0.0000000,0.00,0.0000,0.0000,0.0000,0.0,0.00,0.000,0.000,IDLE
2026-08-18T14:48:11.601940,0.0000000,0.0000000,0.00,0.0000,0.0000,0.0000,0.0,0.00,0.000,0.000,IDLE
2026-08-18T14:48:12.601925,0.0000000,0.0000000,0.00,0.0000,0.0000,0.0000,0.0,0.00,0.000,0.000,IDLE
2026-08-18T14:48:13.601935,0.0000000,0.0000000,0.00,0.0000,0.0000,0.0000,0.0,0.00,0.000,0.000,IDLE
2026-08-18T14:48:14.601982,0.0000000,0.0000000,0.00,0.0000,0.0000,0.0000,0.0,0.00,0.000,0.000,IDLE
2026-08-18T14:48:15.601953,0.0000000,0.0000000,0.00,0.0000,0.0000,0.0000,0.0,0.00,0.000,0.000,IDLE
2026-08-18T14:48:16.601954,0.0000000,0.0000000,0.00,0.0000,0.0000,0.0000,0.0,0.00,0.000,0.000,IDLE
2026-08-18T14:48:17.601942,0.0000000,0.0000000,0.00,0.0000,0.0000,0.0000,0.0,0.00,0.000,0.000,IDLE
2026-08-18T14:48:18.601799,0.0000000,0.0000000,0.00,0.0000,0.0000,0.0000,0.0,0.00,0.000,0.000,IDLE
2026-08-18T14:48:19.601913,0.0000000,0.0000000,0.00,0.0000,0.0000,0.0000,0.0,0.00,0.000,0.000,IDLE
2026-08-18T14:48:20.601884,0.0000000,0.0000000,0.00,0.0000,0.0000,0.0000,0.0,0.00,0.000,0.000,IDLE
2026-08-18T14:48:21.602166,0.0000000,0.0000000,0.00,0.0000,0.0000,0.0000,0.0,0.00,0.000,0.000,IDLE
2026-08-18T14:48:22.601794,0.0000000,0.0000000,0.00,0.0000,0.0000,0.0000,0.0,0.00,0.000,0.000,IDLE
2026-08-18T14:48:23.601828,0.0000000,0.0000000,0.00,0.0000,0.0000,0.0000,0.0,0.00,0.000,0.000,IDLE
2026-08-18T14:48:24.601892,0.0000000,0.0000000,0.00,0.0000,0.0000,0.0000,0.0,0.00,0.000,0.000,IDLE
2026-08-18T14:48:25.601949,0.0000000,0.0000000,0.00,0.0000,0.0000,0.0000,0.0,0.00,0.000,0.000,IDLE
2026-08-18T14:48:26.601907,0.0000000,0.0000000,0.00,0.0000,0.0000,0.0000,0.0,0.00,0.000,0.000,IDLE
2026-08-18T14:48:27.601821,0.0000000,0.0000000,0.00,0.0000,0.0000,0.0000,0.0,0.00,0.000,0.000,IDLE
2026-08-18T14:48:28.601924,0.0000000,0.0000000,0.00,0.0000,0.0000,0.0000,0.0,0.00,0.000,0.000,IDLE
2026-08-18T14:48:29.601904,0.0000000,0.0000000,0.00,0.0000,0.0000,0.0000,0.0,0.00,0.000,0.000,IDLE
2026-08-18T14:48:30.601903,0.0000000,0.0000000,0.00,0.0000,0.0000,0.0000,0.0,0.00,0.000,0.000,IDLE
2026-08-18T14:48:31.601898,0.0000000,0.0000000,0.00,0.0000,0.0000,0.0000,0.0,0.00,0.000,0.000,IDLE
2026-08-18T14:48:32.601948,0.0000000,0.0000000,0.00,0.0000,0.0000,0.0000,0.0,0.00,0.000,0.000,IDLE
2026-08-18T14:48:33.602144,0.0000000,0.0000000,0.00,0.0000,0.0000,0.0000,0.0,0.00,0.000,0.000,IDLE
2026-08-18T14:48:34.602011,0.0000000,0.0000000,0.00,0.0000,0.0000,0.0000,0.0,0.00,0.000,0.000,IDLE
2026-08-18T14:48:35.601907,0.0000000,0.0000000,0.00,0.0000,0.0000,0.0000,0.0,0.00,0.000,0.000,IDLE
2026-08-18T14:48:36.601972,0.0000000,0.0000000,0.00,0.0000,0.0000,0.0000,0.0,0.00,0.000,0.000,IDLE
2026-08-18T14:48:37.601839,0.0000000,0.0000000,0.00,0.0000,0.0000,0.0000,0.0,0.00,0.000,0.000,IDLE
2026-08-18T14:48:38.601887,0.0000000,0.0000000,0.00,0.0000,0.0000,0.0000,0.0,0.00,0.000,0.000,IDLE
2026-08-18T14:48:39.601874,0.0000000,0.0000000,0.00,0.0000,0.0000,0.0000,0.0,0.00,0.000,0.000,IDLE
2026-08-18T14:48:40.601914,0.0000000,0.0000000,0.00,0.0000,0.0000,0.0000,0.0,0.00,0.000,0.000,IDLE
2026-08-18T14:48:41.601949,0.0000000,0.0000000,0.00,0.0000,0.0000,0.0000,0.0,0.00,0.000,0.000,IDLE
2026-08-18T14:48:42.601909,0.0000000,0.0000000,0.00,0.0000,0.0000,0.0000,0.0,0.00,0.000,0.000,IDLE
2026-08-18T14:48:43.601831,0.0000000,0.0000000,0.00,0.0000,0.0000,0.0000,0.0,0.00,0.000,0.000,IDLE
2026-08-18T14:48:44.601796,0.0000000,0.0000000,0.00,0.0000,0.0000,0.0000,0.0,0.00,0.000,0.000,IDLE
2026-08-18T14:48:45.601833,0.0000000,0.0000000,0.00,0.0000,0.0000,0.0000,0.0,0.00,0.000,0.000,IDLE
2026-08-18T14:48:46.601903,0.0000000,0.0000000,0.00,0.0000,0.0000,0.0000,0.0,0.00,0.000,0.000,IDLE
2026-08-18T14:48:47.601803,0.0000000,0.0000000,0.00,0.0000,0.0000,0.0000,0.0,0.00,0.000,0.000,IDLE
2026-08-18T14:48:48.601796,0.0000000,0.0000000,0.00,0.0000,0.0000,0.0000,0.0,0.00,0.000,0.000,IDLE
2026-08-18T14:48:49.601926,0.0000000,0.0000000,0.00,0.0000,0.0000,0.0000,0.0,0.00,0.000,0.000,IDLE
2026-08-18T14:48:50.601897,0.0000000,0.0000000,0.00,0.0000,0.0000,0.0000,0.0,0.00,0.000,0.000,IDLE
2026-08-18T14:48:51.601851,0.0000000,0.0000000,0.00,0.0000,0.0000,0.0000,0.0,0.00,0.000,0.000,IDLE
2026-08-18T14:48:52.601922,0.0000000,0.0000000,0.00,0.0000,0.0000,0.0000,0.0,0.00,0.000,0.000,IDLE
2026-08-18T14:48:53.601917,0.0000000,0.0000000,0.00,0.0000,0.0000,0.0000,0.0,0.00,0.000,0.000,IDLE
2026-08-18T14:48:54.601947,0.0000000,0.0000000,0.00,0.0000,0.0000,0.0000,0.0,0.00,0.000,0.000,IDLE
2026-08-18T14:48:55.601814,0.0000000,0.0000000,0.00,0.0000,0.0000,0.0000,0.0,0.00,0.000,0.000,IDLE
2026-08-18T14:48:56.601875,0.0000000,0.0000000,0.00,0.0000,0.0000,0.0000,0.0,0.00,0.000,0.000,IDLE
2026-08-18T14:48:57.601833,0.0000000,0.0000000,0.00,0.0000,0.0000,0.0000,0.0,0.00,0.000,0.000,IDLE
2026-08-18T14:48:58.601948,0.0000000,0.0000000,0.00,0.0000,0.0000,0.0000,0.0,0.00,0.000,0.000,IDLE
2026-08-18T14:48:59.601853,0.0000000,0.0000000,0.00,0.0000,0.0000,0.0000,0.0,0.00,0.000,0.000,IDLE
2026-08-18T14:49:00.601963,0.0000000,0.0000000,0.00,0.0000,0.0000,0.0000,0.0,0.00,0.000,0.000,IDLE
2026-08-18T14:49:01.601792,0.0000000,0.0000000,0.00,0.0000,0.0000,0.0000,0.0,0.00,0.000,0.000,IDLE
2026-08-18T14:49:02.601951,0.0000000,0.0000000,0.00,0.0000,0.0000,0.0000,0.0,0.00,0.000,0.000,IDLE
2026-08-18T14:49:03.601812,0.0000000,0.0000000,0.00,0.0000,0.0000,0.0000,0.0,0.00,0.000,0.000,IDLE
2026-08-18T14:49:04.601793,0.0000000,0.0000000,0.00,0.0000,0.0000,0.0000,0.0,0.00,0.000,0.000,IDLE
2026-08-18T14:49:05.601912,0.0000000,0.0000000,0.00,0.0000,0.0000,0.0000,0.0,0.00,0.000,0.000,IDLE
2026-08-18T14:49:06.601927,0.0000000,0.0000000,0.00,0.0000,0.0000,0.0000,0.0,0.00,0.000,0.000,IDLE
2026-08-18T14:49:07.601838,0.0000000,0.0000000,0.00,0.0000,0.0000,0.0000,0.0,0.00,0.000,0.000,IDLE
2026-08-18T14:49:08.601830,0.0000000,0.0000000,0.00,0.0000,0.0000,0.0000,0.0,0.00,0.000,0.000,IDLE
2026-08-18T14:49:09.601772,0.0000000,0.0000000,0.00,0.0000,0.0000,0.0000,0.0,0.00,0.000,0.000,IDLE
2026-08-18T14:49:10.601909,0.0000000,0.0000000,0.00,0.0000,0.0000,0.0000,0.0,0.00,0.000,0.000,IDLE
2026-08-18T14:49:11.601883,0.0000000,0.0000000,0.00,0.0000,0.0000,0.0000,0.0,0.00,0.000,0.000,IDLE
2026-08-18T14:49:12.601936,0.0000000,0.0000000,0.00,0.0000,0.0000,0.0000,0.0,0.00,0.000,0.000,IDLE
2026-08-18T14:49:13.601800,0.0000000,0.0000000,0.00,0.0000,0.0000,0.0000,0.0,0.00,0.000,0.000,IDLE
2026-08-18T14:49:14.601805,0.0000000,0.0000000,0.00,0.0000,0.0000,0.0000,0.0,0.00,0.000,0.000,IDLE
2026-08-18T14:49:15.601839,0.0000000,0.0000000,0.00,0.0000,0.0000,0.0000,0.0,0.00,0.000,0.000,IDLE
2026-08-18T14:49:16.601929,0.0000000,0.0000000,0.00,0.0000,0.0000,0.0000,0.0,0.00,0.000,0.000,IDLE
2026-08-18T14:49:17.601895,0.0000000,0.0000000,0.00,0.0000,0.0000,0.0000,0.0,0.00,0.000,0.000,IDLE
2026-08-18T14:49:18.601817,0.0000000,0.0000000,0.00,0.0000,0.0000,0.0000,0.0,0.00,0.000,0.000,IDLE
2026-08-18T14:49:19.601918,0.0000000,0.0000000,0.00,0.0000,0.0000,0.0000,0.0,0.00,0.000,0.000,IDLE
2026-08-18T14:49:20.601798,0.0000000,0.0000000,0.00,0.0000,0.0000,0.0000,0.0,0.00,0.000,0.000,IDLE
2026-08-18T14:49:21.601957,0.0000000,0.0000000,0.00,0.0000,0.0000,0.0000,0.0,0.00,0.000,0.000,IDLE
2026-08-18T14:49:22.602178,0.0000000,0.0000000,0.00,0.0000,0.0000,0.0000,0.0,0.00,0.000,0.000,IDLE
2026-08-18T14:49:23.601911,0.0000000,0.0000000,0.00,0.0000,0.0000,0.0000,0.0,0.00,0.000,0.000,IDLE
2026-08-18T14:49:24.601900,0.0000000,0.0000000,0.00,0.0000,0.0000,0.0000,0.0,0.00,0.000,0.000,IDLE
2026-08-18T14:49:25.601929,0.0000000,0.0000000,0.00,0.0000,0.0000,0.0000,0.0,0.00,0.000,0.000,IDLE
2026-08-18T14:49:26.601877,0.0000000,0.0000000,0.00,0.0000,0.0000,0.0000,0.0,0.00,0.000,0.000,IDLE
2026-08-18T14:49:27.601894,0.0000000,0.0000000,0.00,0.0000,0.0000,0.0000,0.0,0.00,0.000,0.000,IDLE
2026-08-18T14:49:28.601950,0.0000000,0.0000000,0.00,0.0000,0.0000,0.0000,0.0,0.00,0.000,0.000,IDLE
2026-08-18T14:49:29.601870,0.0000000,0.0000000,0.00,0.0000,0.0000,0.0000,0.0,0.00,0.000,0.000,IDLE
2026-08-18T14:49:30.601986,0.0000000,0.0000000,0.00,0.0000,0.0000,0.0000,0.0,0.00,0.000,0.000,IDLE
2026-08-18T14:49:31.602011,0.0000000,0.0000000,0.00,0.0000,0.0000,0.0000,0.0,0.00,0.000,0.000,IDLE
2026-08-18T14:49:32.601935,0.0000000,0.0000000,0.00,0.0000,0.0000,0.0000,0.0,0.00,0.000,0.000,IDLE
2026-08-18T14:49:33.601936,0.0000000,0.0000000,0.00,0.0000,0.0000,0.0000,0.0,0.00,0.000,0.000,IDLE
2026-08-18T14:49:34.601875,0.0000000,0.0000000,0.00,0.0000,0.0000,0.0000,0.0,0.00,0.000,0.000,IDLE
2026-08-18T14:49:35.601807,0.0000000,0.0000000,0.00,0.0000,0.0000,0.0000,0.0,0.00,0.000,0.000,IDLE
2026-08-18T14:49:36.602191,0.0000000,0.0000000,0.00,0.0000,0.0000,0.0000,0.0,0.00,0.000,0.000,IDLE
2026-08-18T14:49:37.602191,0.0000000,0.0000000,0.00,0.0000,0.0000,0.0000,0.0,0.00,0.000,0.000,IDLE
2026-08-18T14:49:38.601779,0.0000000,0.0000000,0.00,0.0000,0.0000,0.0000,0.0,0.00,0.000,0.000,IDLE
2026-08-18T14:49:39.601769,0.0000000,0.0000000,0.00,0.0000,0.0000,0.0000,0.0,0.00,0.000,0.000,IDLE
2026-08-18T14:49:40.601929,0.0000000,0.0000000,0.00,0.0000,0.0000,0.0000,0.0,0.00,0.000,0.000,IDLE
2026-08-18T14:49:41.602035,0.0000000,0.0000000,0.00,0.0000,0.0000,0.0000,0.0,0.00,0.000,0.000,IDLE
2026-08-18T14:49:42.601829,0.0000000,0.0000000,0.00,0.0000,0.0000,0.0000,0.0,0.00,0.000,0.000,IDLE
2026-08-18T14:49:43.602066,0.0000000,0.0000000,0.00,0.0000,0.0000,0.0000,0.0,0.00,0.000,0.000,IDLE
2026-08-18T14:49:44.601846,0.0000000,0.0000000,0.00,0.0000,0.0000,0.0000,0.0,0.00,0.000,0.000,IDLE
2026-08-18T14:49:45.601907,0.0000000,0.0000000,0.00,0.0000,0.0000,0.0000,0.0,0.00,0.000,0.000,IDLE
2026-08-18T14:49:46.602132,0.0000000,0.0000000,0.00,0.0000,0.0000,0.0000,0.0,0.00,0.000,0.000,IDLE
2026-08-18T14:49:47.601862,0.0000000,0.0000000,0.00,0.0000,0.0000,0.0000,0.0,0.00,0.000,0.000,IDLE
2026-08-18T14:49:48.601887,0.0000000,0.0000000,0.00,0.0000,0.0000,0.0000,0.0,0.00,0.000,0.000,IDLE
2026-08-18T14:49:49.602157,0.0000000,0.0000000,0.00,0.0000,0.0000,0.0000,0.0,0.00,0.000,0.000,IDLE
2026-08-18T14:49:50.601840,0.0000000,0.0000000,0.00,0.0000,0.0000,0.0000,0.0,0.00,0.000,0.000,IDLE
2026-08-18T14:49:51.602216,0.0000000,0.0000000,0.00,0.0000,0.0000,0.0000,0.0,0.00,0.000,0.000,IDLE
2026-08-18T14:49:52.601834,0.0000000,0.0000000,0.00,0.0000,0.0000,0.0000,0.0,0.00,0.000,0.000,IDLE
2026-08-18T14:49:53.601906,0.0000000,0.0000000,0.00,0.0000,0.0000,0.0000,0.0,0.00,0.000,0.000,IDLE
2026-08-18T14:49:54.602171,0.0000000,0.0000000,0.00,0.0000,0.0000,0.0000,0.0,0.00,0.000,0.000,IDLE
2026-08-18T14:49:55.601923,0.0000000,0.0000000,0.00,0.0000,0.0000,0.0000,0.0,0.00,0.000,0.000,IDLE
2026-08-18T14:49:56.601799,0.0000000,0.0000000,0.00,0.0000,0.0000,0.0000,0.0,0.00,0.000,0.000,IDLE
2026-08-18T14:49:57.601890,0.0000000,0.0000000,0.00,0.0000,0.0000,0.0000,0.0,0.00,0.000,0.000,IDLE
2026-08-18T14:49:58.601887,0.0000000,0.0000000,0.00,0.0000,0.0000,0.0000,0.0,0.00,0.000,0.000,IDLE
2026-08-18T14:49:59.601912,0.0000000,0.0000000,0.00,0.0000,0.0000,0.0000,0.0,0.00,0.000,0.000,IDLE
2026-08-18T14:50:00.601884,0.0000000,0.0000000,0.00,0.0000,0.0000,0.0000,0.0,0.00,0.000,0.000,IDLE
2026-08-18T14:50:01.601940,0.0000000,0.0000000,0.00,0.0000,0.0000,0.0000,0.0,0.00,0.000,0.000,IDLE
2026-08-18T14:50:02.601792,0.0000000,0.0000000,0.00,0.0000,0.0000,0.0000,0.0,0.00,0.000,0.000,IDLE
2026-08-18T14:50:03.602182,0.0000000,0.0000000,0.00,0.0000,0.0000,0.0000,0.0,0.00,0.000,0.000,IDLE
2026-08-18T14:50:04.601959,0.0000000,0.0000000,0.00,0.0000,0.0000,0.0000,0.0,0.00,0.000,0.000,IDLE
2026-08-18T14:50:05.601985,0.0000000,0.0000000,0.00,0.0000,0.0000,0.0000,0.0,0.00,0.000,0.000,IDLE
2026-08-18T14:50:06.601938,0.0000000,0.0000000,0.00,0.0000,0.0000,0.0000,0.0,0.00,0.000,0.000,IDLE
2026-08-18T14:50:07.601919,0.0000000,0.0000000,0.00,0.0000,0.0000,0.0000,0.0,0.00,0.000,0.000,IDLE
2026-08-18T14:50:08.601890,0.0000000,0.0000000,0.00,0.0000,0.0000,0.0000,0.0,0.00,0.000,0.000,IDLE
2026-08-18T14:50:09.604618,0.0000000,0.0000000,0.00,0.0000,0.0000,0.0000,0.0,0.00,0.000,0.000,IDLE
2026-08-18T14:50:10.601933,0.0000000,0.0000000,0.00,0.0000,0.0000,0.0000,0.0,0.00,0.000,0.000,IDLE
2026-08-18T14:50:11.601921,0.0000000,0.0000000,0.00,0.0000,0.0000,0.0000,0.0,0.00,0.000,0.000,IDLE
2026-08-18T14:50:12.601908,0.0000000,0.0000000,0.00,0.0000,0.0000,0.0000,0.0,0.00,0.000,0.000,IDLE
2026-08-18T14:50:13.601902,0.0000000,0.0000000,0.00,0.0000,0.0000,0.0000,0.0,0.00,0.000,0.000,IDLE
2026-08-18T14:50:14.601981,0.0000000,0.0000000,0.00,0.0000,0.0000,0.0000,0.0,0.00,0.000,0.000,IDLE
2026-08-18T14:50:15.601944,0.0000000,0.0000000,0.00,0.0000,0.0000,0.0000,0.0,0.00,0.000,0.000,IDLE
2026-08-18T14:50:16.601903,0.0000000,0.0000000,0.00,0.0000,0.0000,0.0000,0.0,0.00,0.000,0.000,IDLE
2026-08-18T14:50:17.601893,0.0000000,0.0000000,0.00,0.0000,0.0000,0.0000,0.0,0.00,0.000,0.000,IDLE
2026-08-18T14:50:18.601935,0.0000000,0.0000000,0.00,0.0000,0.0000,0.0000,0.0,0.00,0.000,0.000,IDLE
2026-08-18T14:50:19.601935,0.0000000,0.0000000,0.00,0.0000,0.0000,0.0000,0.0,0.00,0.000,0.000,IDLE
2026-08-18T14:50:20.601946,0.0000000,0.0000000,0.00,0.0000,0.0000,0.0000,0.0,0.00,0.000,0.000,IDLE
2026-08-18T14:50:21.601886,0.0000000,0.0000000,0.00,0.0000,0.0000,0.0000,0.0,0.00,0.000,0.000,IDLE
2026-08-18T14:50:22.601807,0.0000000,0.0000000,0.00,0.0000,0.0000,0.0000,0.0,0.00,0.000,0.000,IDLE
2026-08-18T14:50:23.601926,0.0000000,0.0000000,0.00,0.0000,0.0000,0.0000,0.0,0.00,0.000,0.000,IDLE
2026-08-18T14:50:24.601906,0.0000000,0.0000000,0.00,0.0000,0.0000,0.0000,0.0,0.00,0.000,0.000,IDLE
2026-08-18T14:50:25.601838,0.0000000,0.0000000,0.00,0.0000,0.0000,0.0000,0.0,0.00,0.000,0.000,IDLE
2026-08-18T14:50:26.601797,0.0000000,0.0000000,0.00,0.0000,0.0000,0.0000,0.0,0.00,0.000,0.000,IDLE
2026-08-18T14:50:27.601936,0.0000000,0.0000000,0.00,0.0000,0.0000,0.0000,0.0,0.00,0.000,0.000,IDLE
2026-08-18T14:50:28.601950,0.0000000,0.0000000,0.00,0.0000,0.0000,0.0000,0.0,0.00,0.000,0.000,IDLE
2026-08-18T14:50:29.601888,0.0000000,0.0000000,0.00,0.0000,0.0000,0.0000,0.0,0.00,0.000,0.000,IDLE
2026-08-18T14:50:30.601881,0.0000000,0.0000000,0.00,0.0000,0.0000,0.0000,0.0,0.00,0.000,0.000,IDLE
2026-08-18T14:50:31.601823,0.0000000,0.0000000,0.00,0.0000,0.0000,0.0000,0.0,0.00,0.000,0.000,IDLE
2026-08-18T14:50:32.601948,0.0000000,0.0000000,0.00,0.0000,0.0000,0.0000,0.0,0.00,0.000,0.000,IDLE
2026-08-18T14:50:33.601928,0.0000000,0.0000000,0.00,0.0000,0.0000,0.0000,0.0,0.00,0.000,0.000,IDLE
2026-08-18T14:50:34.601868,0.0000000,0.0000000,0.00,0.0000,0.0000,0.0000,0.0,0.00,0.000,0.000,IDLE
2026-08-18T14:50:35.601965,0.0000000,0.0000000,0.00,0.0000,0.0000,0.0000,0.0,0.00,0.000,0.000,IDLE
2026-08-18T14:50:36.601913,0.0000000,0.0000000,0.00,0.0000,0.0000,0.0000,0.0,0.00,0.000,0.000,IDLE
2026-08-18T14:50:37.601924,0.0000000,0.0000000,0.00,0.0000,0.0000,0.0000,0.0,0.00,0.000,0.000,IDLE
2026-08-18T14:50:38.601957,0.0000000,0.0000000,0.00,0.0000,0.0000,0.0000,0.0,0.00,0.000,0.000,IDLE
2026-08-18T14:50:39.601920,0.0000000,0.0000000,0.00,0.0000,0.0000,0.0000,0.0,0.00,0.000,0.000,IDLE
2026-08-18T14:50:40.601938,0.0000000,0.0000000,0.00,0.0000,0.0000,0.0000,0.0,0.00,0.000,0.000,IDLE
2026-08-18T14:50:41.601916,0.0000000,0.0000000,0.00,0.0000,0.0000,0.0000,0.0,0.00,0.000,0.000,IDLE
2026-08-18T14:50:42.601937,0.0000000,0.0000000,0.00,0.0000,0.0000,0.0000,0.0,0.00,0.000,0.000,IDLE
2026-08-18T14:50:43.601831,0.0000000,0.0000000,0.00,0.0000,0.0000,0.0000,0.0,0.00,0.000,0.000,IDLE
2026-08-18T14:50:44.601882,0.0000000,0.0000000,0.00,0.0000,0.0000,0.0000,0.0,0.00,0.000,0.000,IDLE
2026-08-18T14:50:45.601882,0.0000000,0.0000000,0.00,0.0000,0.0000,0.0000,0.0,0.00,0.000,0.000,IDLE
2026-08-18T14:50:46.601898,0.0000000,0.0000000,0.00,0.0000,0.0000,0.0000,0.0,0.00,0.000,0.000,IDLE
2026-08-18T14:50:47.601842,0.0000000,0.0000000,0.00,0.0000,0.0000,0.0000,0.0,0.00,0.000,0.000,IDLE
2026-08-18T14:50:48.601931,0.0000000,0.0000000,0.00,0.0000,0.0000,0.0000,0.0,0.00,0.000,0.000,IDLE
2026-08-18T14:50:49.601935,0.0000000,0.0000000,0.00,0.0000,0.0000,0.0000,0.0,0.00,0.000,0.000,IDLE
2026-08-18T14:50:50.601990,0.0000000,0.0000000,0.00,0.0000,0.0000,0.0000,0.0,0.00,0.000,0.000,IDLE
2026-08-18T14:50:51.601918,0.0000000,0.0000000,0.00,0.0000,0.0000,0.0000,0.0,0.00,0.000,0.000,IDLE
2026-08-18T14:50:52.601919,0.0000000,0.0000000,0.00,0.0000,0.0000,0.0000,0.0,0.00,0.000,0.000,IDLE
2026-08-18T14:50:53.601870,0.0000000,0.0000000,0.00,0.0000,0.0000,0.0000,0.0,0.00,0.000,0.000,IDLE
2026-08-18T14:50:54.601940,0.0000000,0.0000000,0.00,0.0000,0.0000,0.0000,0.0,0.00,0.000,0.000,IDLE
2026-08-18T14:50:55.603161,0.0000000,0.0000000,0.00,0.0000,0.0000,0.0000,0.0,0.00,0.000,0.000,IDLE
2026-08-18T14:50:56.601974,0.0000000,0.0000000,0.00,0.0000,0.0000,0.0000,0.0,0.00,0.000,0.000,IDLE
2026-08-18T14:50:57.601928,0.0000000,0.0000000,0.00,0.0000,0.0000,0.0000,0.0,0.00,0.000,0.000,IDLE
2026-08-18T14:50:58.601907,0.0000000,0.0000000,0.00,0.0000,0.0000,0.0000,0.0,0.00,0.000,0.000,IDLE
2026-08-18T14:50:59.601876,0.0000000,0.0000000,0.00,0.0000,0.0000,0.0000,0.0,0.00,0.000,0.000,IDLE
2026-08-18T14:51:00.604615,0.0000000,0.0000000,0.00,0.0000,0.0000,0.0000,0.0,0.00,0.000,0.000,IDLE
2026-08-18T14:51:01.601858,0.0000000,0.0000000,0.00,0.0000,0.0000,0.0000,0.0,0.00,0.000,0.000,IDLE
2026-08-18T14:51:02.601903,0.0000000,0.0000000,0.00,0.0000,0.0000,0.0000,0.0,0.00,0.000,0.000,IDLE
2026-08-18T14:51:03.601927,0.0000000,0.0000000,0.00,0.0000,0.0000,0.0000,0.0,0.00,0.000,0.000,IDLE
2026-08-18T14:51:04.601882,0.0000000,0.0000000,0.00,0.0000,0.0000,0.0000,0.0,0.00,0.000,0.000,IDLE
2026-08-18T14:51:05.601892,0.0000000,0.0000000,0.00,0.0000,0.0000,0.0000,0.0,0.00,0.000,0.000,IDLE
2026-08-18T14:51:06.601912,0.0000000,0.0000000,0.00,0.0000,0.0000,0.0000,0.0,0.00,0.000,0.000,IDLE
2026-08-18T14:51:07.601884,0.0000000,0.0000000,0.00,0.0000,0.0000,0.0000,0.0,0.00,0.000,0.000,IDLE
2026-08-18T14:51:08.601961,0.0000000,0.0000000,0.00,0.0000,0.0000,0.0000,0.0,0.00,0.000,0.000,IDLE
2026-08-18T14:51:09.601961,0.0000000,0.0000000,0.00,0.0000,0.0000,0.0000,0.0,0.00,0.000,0.000,IDLE
2026-08-18T14:51:10.601946,0.0000000,0.0000000,0.00,0.0000,0.0000,0.0000,0.0,0.00,0.000,0.000,IDLE
2026-08-18T14:51:11.601852,0.0000000,0.0000000,0.00,0.0000,0.0000,0.0000,0.0,0.00,0.000,0.000,IDLE
2026-08-18T14:51:12.601856,0.0000000,0.0000000,0.00,0.0000,0.0000,0.0000,0.0,0.00,0.000,0.000,IDLE
2026-08-18T14:51:13.601823,0.0000000,0.0000000,0.00,0.0000,0.0000,0.0000,0.0,0.00,0.000,0.000,IDLE
2026-08-18T14:51:14.601956,0.0000000,0.0000000,0.00,0.0000,0.0000,0.0000,0.0,0.00,0.000,0.000,IDLE
2026-08-18T14:51:15.601936,0.0000000,0.0000000,0.00,0.0000,0.0000,0.0000,0.0,0.00,0.000,0.000,IDLE
2026-08-18T14:51:16.601958,0.0000000,0.0000000,0.00,0.0000,0.0000,0.0000,0.0,0.00,0.000,0.000,IDLE
2026-08-18T14:51:17.601830,0.0000000,0.0000000,0.00,0.0000,0.0000,0.0000,0.0,0.00,0.000,0.000,IDLE
2026-08-18T14:51:18.601787,0.0000000,0.0000000,0.00,0.0000,0.0000,0.0000,0.0,0.00,0.000,0.000,IDLE
2026-08-18T14:51:19.601936,0.0000000,0.0000000,0.00,0.0000,0.0000,0.0000,0.0,0.00,0.000,0.000,IDLE
2026-08-18T14:51:20.601818,0.0000000,0.0000000,0.00,0.0000,0.0000,0.0000,0.0,0.00,0.000,0.000,IDLE
2026-08-18T14:51:21.601916,0.0000000,0.0000000,0.00,0.0000,0.0000,0.0000,0.0,0.00,0.000,0.000,IDLE
2026-08-18T14:51:22.601935,0.0000000,0.0000000,0.00,0.0000,0.0000,0.0000,0.0,0.00,0.000,0.000,IDLE
2026-08-18T14:51:23.601898,0.0000000,0.0000000,0.00,0.0000,0.0000,0.0000,0.0,0.00,0.000,0.000,IDLE
2026-08-18T14:51:24.601851,0.0000000,0.0000000,0.00,0.0000,0.0000,0.0000,0.0,0.00,0.000,0.000,IDLE
2026-08-18T14:51:25.601773,0.0000000,0.0000000,0.00,0.0000,0.0000,0.0000,0.0,0.00,0.000,0.000,IDLE
2026-08-18T14:51:26.601955,0.0000000,0.0000000,0.00,0.0000,0.0000,0.0000,0.0,0.00,0.000,0.000,IDLE
2026-08-18T14:51:27.601906,0.0000000,0.0000000,0.00,0.0000,0.0000,0.0000,0.0,0.00,0.000,0.000,IDLE
2026-08-18T14:51:28.601873,0.0000000,0.0000000,0.00,0.0000,0.0000,0.0000,0.0,0.00,0.000,0.000,IDLE
2026-08-18T14:51:29.601891,0.0000000,0.0000000,0.00,0.0000,0.0000,0.0000,0.0,0.00,0.000,0.000,IDLE
2026-08-18T14:51:30.601819,0.0000000,0.0000000,0.00,0.0000,0.0000,0.0000,0.0,0.00,0.000,0.000,IDLE
2026-08-18T14:51:31.601947,0.0000000,0.0000000,0.00,0.0000,0.0000,0.0000,0.0,0.00,0.000,0.000,IDLE
2026-08-18T14:51:32.601936,0.0000000,0.0000000,0.00,0.0000,0.0000,0.0000,0.0,0.00,0.000,0.000,IDLE
2026-08-18T14:51:33.601841,0.0000000,0.0000000,0.00,0.0000,0.0000,0.0000,0.0,0.00,0.000,0.000,IDLE
2026-08-18T14:51:34.601821,0.0000000,0.0000000,0.00,0.0000,0.0000,0.0000,0.0,0.00,0.000,0.000,IDLE
2026-08-18T14:51:35.602179,0.0000000,0.0000000,0.00,0.0000,0.0000,0.0000,0.0,0.00,0.000,0.000,IDLE
2026-08-18T14:51:36.601794,0.0000000,0.0000000,0.00,0.0000,0.0000,0.0000,0.0,0.00,0.000,0.000,IDLE
2026-08-18T14:51:37.602166,0.0000000,0.0000000,0.00,0.0000,0.0000,0.0000,0.0,0.00,0.000,0.000,IDLE
2026-08-18T14:51:38.601954,0.0000000,0.0000000,0.00,0.0000,0.0000,0.0000,0.0,0.00,0.000,0.000,IDLE
2026-08-18T14:51:39.602175,0.0000000,0.0000000,0.00,0.0000,0.0000,0.0000,0.0,0.00,0.000,0.000,IDLE
2026-08-18T14:51:40.601892,0.0000000,0.0000000,0.00,0.0000,0.0000,0.0000,0.0,0.00,0.000,0.000,IDLE
2026-08-18T14:51:41.601918,0.0000000,0.0000000,0.00,0.0000,0.0000,0.0000,0.0,0.00,0.000,0.000,IDLE
2026-08-18T14:51:42.601837,0.0000000,0.0000000,0.00,0.0000,0.0000,0.0000,0.0,0.00,0.000,0.000,IDLE
2026-08-18T14:51:43.601965,0.0000000,0.0000000,0.00,0.0000,0.0000,0.0000,0.0,0.00,0.000,0.000,IDLE
2026-08-18T14:51:44.601903,0.0000000,0.0000000,0.00,0.0000,0.0000,0.0000,0.0,0.00,0.000,0.000,IDLE
2026-08-18T14:51:45.601931,0.0000000,0.0000000,0.00,0.0000,0.0000,0.0000,0.0,0.00,0.000,0.000,IDLE
2026-08-18T14:51:46.601868,0.0000000,0.0000000,0.00,0.0000,0.0000,0.0000,0.0,0.00,0.000,0.000,IDLE
2026-08-18T14:51:47.601831,0.0000000,0.0000000,0.00,0.0000,0.0000,0.0000,0.0,0.00,0.000,0.000,IDLE
2026-08-18T14:51:48.601830,0.0000000,0.0000000,0.00,0.0000,0.0000,0.0000,0.0,0.00,0.000,0.000,IDLE
2026-08-18T14:51:49.601936,0.0000000,0.0000000,0.00,0.0000,0.0000,0.0000,0.0,0.00,0.000,0.000,IDLE
2026-08-18T14:51:50.601866,0.0000000,0.0000000,0.00,0.0000,0.0000,0.0000,0.0,0.00,0.000,0.000,IDLE
2026-08-18T14:51:51.601785,0.0000000,0.0000000,0.00,0.0000,0.0000,0.0000,0.0,0.00,0.000,0.000,IDLE
2026-08-18T14:51:52.601894,0.0000000,0.0000000,0.00,0.0000,0.0000,0.0000,0.0,0.00,0.000,0.000,IDLE
2026-08-18T14:51:53.601896,0.0000000,0.0000000,0.00,0.0000,0.0000,0.0000,0.0,0.00,0.000,0.000,IDLE
2026-08-18T14:51:54.601801,0.0000000,0.0000000,0.00,0.0000,0.0000,0.0000,0.0,0.00,0.000,0.000,IDLE
2026-08-18T14:51:55.601821,0.0000000,0.0000000,0.00,0.0000,0.0000,0.0000,0.0,0.00,0.000,0.000,IDLE
2026-08-18T14:51:56.601947,0.0000000,0.0000000,0.00,0.0000,0.0000,0.0000,0.0,0.00,0.000,0.000,IDLE
2026-08-18T14:51:57.601967,0.0000000,0.0000000,0.00,0.0000,0.0000,0.0000,0.0,0.00,0.000,0.000,IDLE
2026-08-18T14:51:58.602005,0.0000000,0.0000000,0.00,0.0000,0.0000,0.0000,0.0,0.00,0.000,0.000,IDLE
2026-08-18T14:51:59.601941,0.0000000,0.0000000,0.00,0.0000,0.0000,0.0000,0.0,0.00,0.000,0.000,IDLE
2026-08-18T14:52:00.601932,0.0000000,0.0000000,0.00,0.0000,0.0000,0.0000,0.0,0.00,0.000,0.000,IDLE
2026-08-18T14:52:01.601944,0.0000000,0.0000000,0.00,0.0000,0.0000,0.0000,0.0,0.00,0.000,0.000,IDLE
2026-08-18T14:52:02.601915,0.0000000,0.0000000,0.00,0.0000,0.0000,0.0000,0.0,0.00,0.000,0.000,IDLE
2026-08-18T14:52:03.601934,0.0000000,0.0000000,0.00,0.0000,0.0000,0.0000,0.0,0.00,0.000,0.000,IDLE
2026-08-18T14:52:04.601830,0.0000000,0.0000000,0.00,0.0000,0.0000,0.0000,0.0,0.00,0.000,0.000,IDLE
2026-08-18T14:52:05.601805,0.0000000,0.0000000,0.00,0.0000,0.0000,0.0000,0.0,0.00,0.000,0.000,IDLE
2026-08-18T14:52:06.601890,0.0000000,0.0000000,0.00,0.0000,0.0000,0.0000,0.0,0.00,0.000,0.000,IDLE
2026-08-18T14:52:07.601837,0.0000000,0.0000000,0.00,0.0000,0.0000,0.0000,0.0,0.00,0.000,0.000,IDLE
2026-08-18T14:52:08.601799,0.0000000,0.0000000,0.00,0.0000,0.0000,0.0000,0.0,0.00,0.000,0.000,IDLE
2026-08-18T14:52:09.601904,0.0000000,0.0000000,0.00,0.0000,0.0000,0.0000,0.0,0.00,0.000,0.000,IDLE
2026-08-18T14:52:10.602204,0.0000000,0.0000000,0.00,0.0000,0.0000,0.0000,0.0,0.00,0.000,0.000,IDLE
2026-08-18T14:52:11.601836,0.0000000,0.0000000,0.00,0.0000,0.0000,0.0000,0.0,0.00,0.000,0.000,IDLE
2026-08-18T14:52:12.601783,0.0000000,0.0000000,0.00,0.0000,0.0000,0.0000,0.0,0.00,0.000,0.000,IDLE
2026-08-18T14:52:13.601897,0.0000000,0.0000000,0.00,0.0000,0.0000,0.0000,0.0,0.00,0.000,0.000,IDLE
2026-08-18T14:52:14.601901,0.0000000,0.0000000,0.00,0.0000,0.0000,0.0000,0.0,0.00,0.000,0.000,IDLE
2026-08-18T14:52:15.601825,0.0000000,0.0000000,0.00,0.0000,0.0000,0.0000,0.0,0.00,0.000,0.000,IDLE
2026-08-18T14:52:16.601815,0.0000000,0.0000000,0.00,0.0000,0.0000,0.0000,0.0,0.00,0.000,0.000,IDLE
2026-08-18T14:52:17.601798,0.0000000,0.0000000,0.00,0.0000,0.0000,0.0000,0.0,0.00,0.000,0.000,IDLE
2026-08-18T14:52:18.601935,0.0000000,0.0000000,0.00,0.0000,0.0000,0.0000,0.0,0.00,0.000,0.000,IDLE
2026-08-18T14:52:19.601935,0.0000000,0.0000000,0.00,0.0000,0.0000,0.0000,0.0,0.00,0.000,0.000,IDLE
2026-08-18T14:52:20.601881,0.0000000,0.0000000,0.00,0.0000,0.0000,0.0000,0.0,0.00,0.000,0.000,IDLE
2026-08-18T14:52:21.601893,0.0000000,0.0000000,0.00,0.0000,0.0000,0.0000,0.0,0.00,0.000,0.000,IDLE
2026-08-18T14:52:22.602158,0.0000000,0.0000000,0.00,0.0000,0.0000,0.0000,0.0,0.00,0.000,0.000,IDLE
2026-08-18T14:52:23.601921,0.0000000,0.0000000,0.00,0.0000,0.0000,0.0000,0.0,0.00,0.000,0.000,IDLE
2026-08-18T14:52:24.601890,0.0000000,0.0000000,0.00,0.0000,0.0000,0.0000,0.0,0.00,0.000,0.000,IDLE
2026-08-18T14:52:25.601887,0.0000000,0.0000000,0.00,0.0000,0.0000,0.0000,0.0,0.00,0.000,0.000,IDLE
2026-08-18T14:52:26.601899,0.0000000,0.0000000,0.00,0.0000,0.0000,0.0000,0.0,0.00,0.000,0.000,IDLE
2026-08-18T14:52:27.601945,0.0000000,0.0000000,0.00,0.0000,0.0000,0.0000,0.0,0.00,0.000,0.000,IDLE
2026-08-18T14:52:28.601929,0.0000000,0.0000000,0.00,0.0000,0.0000,0.0000,0.0,0.00,0.000,0.000,IDLE
2026-08-18T14:52:29.601932,0.0000000,0.0000000,0.00,0.0000,0.0000,0.0000,0.0,0.00,0.000,0.000,IDLE
2026-08-18T14:52:30.601959,0.0000000,0.0000000,0.00,0.0000,0.0000,0.0000,0.0,0.00,0.000,0.000,IDLE
2026-08-18T14:52:31.601955,0.0000000,0.0000000,0.00,0.0000,0.0000,0.0000,0.0,0.00,0.000,0.000,IDLE
2026-08-18T14:52:32.601897,0.0000000,0.0000000,0.00,0.0000,0.0000,0.0000,0.0,0.00,0.000,0.000,IDLE
2026-08-18T14:52:33.601811,0.0000000,0.0000000,0.00,0.0000,0.0000,0.0000,0.0,0.00,0.000,0.000,IDLE
2026-08-18T14:52:34.601957,0.0000000,0.0000000,0.00,0.0000,0.0000,0.0000,0.0,0.00,0.000,0.000,IDLE
2026-08-18T14:52:35.601822,0.0000000,0.0000000,0.00,0.0000,0.0000,0.0000,0.0,0.00,0.000,0.000,IDLE
2026-08-18T14:52:36.601935,0.0000000,0.0000000,0.00,0.0000,0.0000,0.0000,0.0,0.00,0.000,0.000,IDLE
2026-08-18T14:52:37.601911,0.0000000,0.0000000,0.00,0.0000,0.0000,0.0000,0.0,0.00,0.000,0.000,IDLE
2026-08-18T14:52:38.601923,0.0000000,0.0000000,0.00,0.0000,0.0000,0.0000,0.0,0.00,0.000,0.000,IDLE
2026-08-18T14:52:39.602172,0.0000000,0.0000000,0.00,0.0000,0.0000,0.0000,0.0,0.00,0.000,0.000,IDLE
2026-08-18T14:52:40.601924,0.0000000,0.0000000,0.00,0.0000,0.0000,0.0000,0.0,0.00,0.000,0.000,IDLE
2026-08-18T14:52:41.601929,0.0000000,0.0000000,0.00,0.0000,0.0000,0.0000,0.0,0.00,0.000,0.000,IDLE
2026-08-18T14:52:42.601808,0.0000000,0.0000000,0.00,0.0000,0.0000,0.0000,0.0,0.00,0.000,0.000,IDLE
2026-08-18T14:52:43.601933,0.0000000,0.0000000,0.00,0.0000,0.0000,0.0000,0.0,0.00,0.000,0.000,IDLE
2026-08-18T14:52:44.601864,0.0000000,0.0000000,0.00,0.0000,0.0000,0.0000,0.0,0.00,0.000,0.000,IDLE
2026-08-18T14:52:45.601792,0.0000000,0.0000000,0.00,0.0000,0.0000,0.0000,0.0,0.00,0.000,0.000,IDLE
2026-08-18T14:52:46.601813,0.0000000,0.0000000,0.00,0.0000,0.0000,0.0000,0.0,0.00,0.000,0.000,IDLE
2026-08-18T14:52:47.601894,0.0000000,0.0000000,0.00,0.0000,0.0000,0.0000,0.0,0.00,0.000,0.000,IDLE
2026-08-18T14:52:48.601910,0.0000000,0.0000000,0.00,0.0000,0.0000,0.0000,0.0,0.00,0.000,0.000,IDLE
2026-08-18T14:52:49.601862,0.0000000,0.0000000,0.00,0.0000,0.0000,0.0000,0.0,0.00,0.000,0.000,IDLE
2026-08-18T14:52:50.601790,0.0000000,0.0000000,0.00,0.0000,0.0000,0.0000,0.0,0.00,0.000,0.000,IDLE
2026-08-18T14:52:51.601936,0.0000000,0.0000000,0.00,0.0000,0.0000,0.0000,0.0,0.00,0.000,0.000,IDLE
2026-08-18T14:52:52.601795,0.0000000,0.0000000,0.00,0.0000,0.0000,0.0000,0.0,0.00,0.000,0.000,IDLE
2026-08-18T14:52:53.601923,0.0000000,0.0000000,0.00,0.0000,0.0000,0.0000,0.0,0.00,0.000,0.000,IDLE
2026-08-18T14:52:54.601852,0.0000000,0.0000000,0.00,0.0000,0.0000,0.0000,0.0,0.00,0.000,0.000,IDLE
2026-08-18T14:52:55.601839,0.0000000,0.0000000,0.00,0.0000,0.0000,0.0000,0.0,0.00,0.000,0.000,IDLE
2026-08-18T14:52:56.601898,0.0000000,0.0000000,0.00,0.0000,0.0000,0.0000,0.0,0.00,0.000,0.000,IDLE
2026-08-18T14:52:57.601903,0.0000000,0.0000000,0.00,0.0000,0.0000,0.0000,0.0,0.00,0.000,0.000,IDLE
2026-08-18T14:52:58.601864,0.0000000,0.0000000,0.00,0.0000,0.0000,0.0000,0.0,0.00,0.000,0.000,IDLE
2026-08-18T14:52:59.601819,0.0000000,0.0000000,0.00,0.0000,0.0000,0.0000,0.0,0.00,0.000,0.000,IDLE
2026-08-18T14:53:00.601908,0.0000000,0.0000000,0.00,0.0000,0.0000,0.0000,0.0,0.00,0.000,0.000,IDLE
2026-08-18T14:53:01.601896,0.0000000,0.0000000,0.00,0.0000,0.0000,0.0000,0.0,0.00,0.000,0.000,IDLE
2026-08-18T14:53:02.601777,0.0000000,0.0000000,0.00,0.0000,0.0000,0.0000,0.0,0.00,0.000,0.000,IDLE
2026-08-18T14:53:03.601916,0.0000000,0.0000000,0.00,0.0000,0.0000,0.0000,0.0,0.00,0.000,0.000,IDLE
2026-08-18T14:53:04.601922,0.0000000,0.0000000,0.00,0.0000,0.0000,0.0000,0.0,0.00,0.000,0.000,IDLE
2026-08-18T14:53:05.602169,0.0000000,0.0000000,0.00,0.0000,0.0000,0.0000,0.0,0.00,0.000,0.000,IDLE
2026-08-18T14:53:06.602174,0.0000000,0.0000000,0.00,0.0000,0.0000,0.0000,0.0,0.00,0.000,0.000,IDLE
2026-08-18T14:53:07.601932,0.0000000,0.0000000,0.00,0.0000,0.0000,0.0000,0.0,0.00,0.000,0.000,IDLE
2026-08-18T14:53:08.601931,0.0000000,0.0000000,0.00,0.0000,0.0000,0.0000,0.0,0.00,0.000,0.000,IDLE
2026-08-18T14:53:09.601885,0.0000000,0.0000000,0.00,0.0000,0.0000,0.0000,0.0,0.00,0.000,0.000,IDLE
2026-08-18T14:53:10.601939,0.0000000,0.0000000,0.00,0.0000,0.0000,0.0000,0.0,0.00,0.000,0.000,IDLE
2026-08-18T14:53:11.601947,0.0000000,0.0000000,0.00,0.0000,0.0000,0.0000,0.0,0.00,0.000,0.000,IDLE
2026-08-18T14:53:12.601828,0.0000000,0.0000000,0.00,0.0000,0.0000,0.0000,0.0,0.00,0.000,0.000,IDLE
2026-08-18T14:53:13.601969,0.0000000,0.0000000,0.00,0.0000,0.0000,0.0000,0.0,0.00,0.000,0.000,IDLE
2026-08-18T14:53:14.601885,0.0000000,0.0000000,0.00,0.0000,0.0000,0.0000,0.0,0.00,0.000,0.000,IDLE
2026-08-18T14:53:15.601976,0.0000000,0.0000000,0.00,0.0000,0.0000,0.0000,0.0,0.00,0.000,0.000,IDLE
2026-08-18T14:53:16.601860,0.0000000,0.0000000,0.00,0.0000,0.0000,0.0000,0.0,0.00,0.000,0.000,IDLE
2026-08-18T14:53:17.601958,0.0000000,0.0000000,0.00,0.0000,0.0000,0.0000,0.0,0.00,0.000,0.000,IDLE
2026-08-18T14:53:18.601837,0.0000000,0.0000000,0.00,0.0000,0.0000,0.0000,0.0,0.00,0.000,0.000,IDLE
2026-08-18T14:53:19.601800,0.0000000,0.0000000,0.00,0.0000,0.0000,0.0000,0.0,0.00,0.000,0.000,IDLE
2026-08-18T14:53:20.601813,0.0000000,0.0000000,0.00,0.0000,0.0000,0.0000,0.0,0.00,0.000,0.000,IDLE
2026-08-18T14:53:21.602156,0.0000000,0.0000000,0.00,0.0000,0.0000,0.0000,0.0,0.00,0.000,0.000,IDLE
2026-08-18T14:53:22.601822,0.0000000,0.0000000,0.00,0.0000,0.0000,0.0000,0.0,0.00,0.000,0.000,IDLE
2026-08-18T14:53:23.601842,0.0000000,0.0000000,0.00,0.0000,0.0000,0.0000,0.0,0.00,0.000,0.000,IDLE
2026-08-18T14:53:24.601821,0.0000000,0.0000000,0.00,0.0000,0.0000,0.0000,0.0,0.00,0.000,0.000,IDLE
2026-08-18T14:53:25.601951,0.0000000,0.0000000,0.00,0.0000,0.0000,0.0000,0.0,0.00,0.000,0.000,IDLE
2026-08-18T14:53:26.602168,0.0000000,0.0000000,0.00,0.0000,0.0000,0.0000,0.0,0.00,0.000,0.000,IDLE
2026-08-18T14:53:27.602147,0.0000000,0.0000000,0.00,0.0000,0.0000,0.0000,0.0,0.00,0.000,0.000,IDLE
2026-08-18T14:53:28.601849,0.0000000,0.0000000,0.00,0.0000,0.0000,0.0000,0.0,0.00,0.000,0.000,IDLE
2026-08-18T14:53:29.601795,0.0000000,0.0000000,0.00,0.0000,0.0000,0.0000,0.0,0.00,0.000,0.000,IDLE
2026-08-18T14:53:30.601895,0.0000000,0.0000000,0.00,0.0000,0.0000,0.0000,0.0,0.00,0.000,0.000,IDLE
2026-08-18T14:53:31.601900,0.0000000,0.0000000,0.00,0.0000,0.0000,0.0000,0.0,0.00,0.000,0.000,IDLE
2026-08-18T14:53:32.601844,0.0000000,0.0000000,0.00,0.0000,0.0000,0.0000,0.0,0.00,0.000,0.000,IDLE
2026-08-18T14:53:33.602076,0.0000000,0.0000000,0.00,0.0000,0.0000,0.0000,0.0,0.00,0.000,0.000,IDLE
2026-08-18T14:53:34.602168,0.0000000,0.0000000,0.00,0.0000,0.0000,0.0000,0.0,0.00,0.000,0.000,IDLE
2026-08-18T14:53:35.601940,0.0000000,0.0000000,0.00,0.0000,0.0000,0.0000,0.0,0.00,0.000,0.000,IDLE
2026-08-18T14:53:36.601794,0.0000000,0.0000000,0.00,0.0000,0.0000,0.0000,0.0,0.00,0.000,0.000,IDLE
2026-08-18T14:53:37.601788,0.0000000,0.0000000,0.00,0.0000,0.0000,0.0000,0.0,0.00,0.000,0.000,IDLE
2026-08-18T14:53:38.601914,0.0000000,0.0000000,0.00,0.0000,0.0000,0.0000,0.0,0.00,0.000,0.000,IDLE
2026-08-18T14:53:39.601833,0.0000000,0.0000000,0.00,0.0000,0.0000,0.0000,0.0,0.00,0.000,0.000,IDLE
2026-08-18T14:53:40.601887,0.0000000,0.0000000,0.00,0.0000,0.0000,0.0000,0.0,0.00,0.000,0.000,IDLE
2026-08-18T14:53:41.601906,0.0000000,0.0000000,0.00,0.0000,0.0000,0.0000,0.0,0.00,0.000,0.000,IDLE
2026-08-18T14:53:42.601927,0.0000000,0.0000000,0.00,0.0000,0.0000,0.0000,0.0,0.00,0.000,0.000,IDLE
2026-08-18T14:53:43.602137,0.0000000,0.0000000,0.00,0.0000,0.0000,0.0000,0.0,0.00,0.000,0.000,IDLE
2026-08-18T14:53:44.601880,0.0000000,0.0000000,0.00,0.0000,0.0000,0.0000,0.0,0.00,0.000,0.000,IDLE
2026-08-18T14:53:45.601831,0.0000000,0.0000000,0.00,0.0000,0.0000,0.0000,0.0,0.00,0.000,0.000,IDLE
2026-08-18T14:53:46.601958,0.0000000,0.0000000,0.00,0.0000,0.0000,0.0000,0.0,0.00,0.000,0.000,IDLE
2026-08-18T14:53:47.601946,0.0000000,0.0000000,0.00,0.0000,0.0000,0.0000,0.0,0.00,0.000,0.000,IDLE
2026-08-18T14:53:48.601905,0.0000000,0.0000000,0.00,0.0000,0.0000,0.0000,0.0,0.00,0.000,0.000,IDLE
2026-08-18T14:53:49.601958,0.0000000,0.0000000,0.00,0.0000,0.0000,0.0000,0.0,0.00,0.000,0.000,IDLE
2026-08-18T14:53:50.601857,0.0000000,0.0000000,0.00,0.0000,0.0000,0.0000,0.0,0.00,0.000,0.000,IDLE
2026-08-18T14:53:51.601881,0.0000000,0.0000000,0.00,0.0000,0.0000,0.0000,0.0,0.00,0.000,0.000,IDLE
2026-08-18T14:53:52.602205,0.0000000,0.0000000,0.00,0.0000,0.0000,0.0000,0.0,0.00,0.000,0.000,IDLE
2026-08-18T14:53:53.601814,0.0000000,0.0000000,0.00,0.0000,0.0000,0.0000,0.0,0.00,0.000,0.000,IDLE
2026-08-18T14:53:54.601928,0.0000000,0.0000000,0.00,0.0000,0.0000,0.0000,0.0,0.00,0.000,0.000,IDLE
2026-08-18T14:53:55.602193,0.0000000,0.0000000,0.00,0.0000,0.0000,0.0000,0.0,0.00,0.000,0.000,IDLE
2026-08-18T14:53:56.601934,0.0000000,0.0000000,0.00,0.0000,0.0000,0.0000,0.0,0.00,0.000,0.000,IDLE
2026-08-18T14:53:57.601839,0.0000000,0.0000000,0.00,0.0000,0.0000,0.0000,0.0,0.00,0.000,0.000,IDLE
2026-08-18T14:53:58.601927,0.0000000,0.0000000,0.00,0.0000,0.0000,0.0000,0.0,0.00,0.000,0.000,IDLE
2026-08-18T14:53:59.601984,0.0000000,0.0000000,0.00,0.0000,0.0000,0.0000,0.0,0.00,0.000,0.000,IDLE
2026-08-18T14:54:00.601932,0.0000000,0.0000000,0.00,0.0000,0.0000,0.0000,0.0,0.00,0.000,0.000,IDLE
2026-08-18T14:54:01.601915,0.0000000,0.0000000,0.00,0.0000,0.0000,0.0000,0.0,0.00,0.000,0.000,IDLE
2026-08-18T14:54:02.601973,0.0000000,0.0000000,0.00,0.0000,0.0000,0.0000,0.0,0.00,0.000,0.000,IDLE
2026-08-18T14:54:03.601817,0.0000000,0.0000000,0.00,0.0000,0.0000,0.0000,0.0,0.00,0.000,0.000,IDLE
2026-08-18T14:54:04.601931,0.0000000,0.0000000,0.00,0.0000,0.0000,0.0000,0.0,0.00,0.000,0.000,IDLE
2026-08-18T14:54:05.601848,0.0000000,0.0000000,0.00,0.0000,0.0000,0.0000,0.0,0.00,0.000,0.000,IDLE
2026-08-18T14:54:06.601919,0.0000000,0.0000000,0.00,0.0000,0.0000,0.0000,0.0,0.00,0.000,0.000,IDLE
2026-08-18T14:54:07.601901,0.0000000,0.0000000,0.00,0.0000,0.0000,0.0000,0.0,0.00,0.000,0.000,IDLE
2026-08-18T14:54:08.602200,0.0000000,0.0000000,0.00,0.0000,0.0000,0.0000,0.0,0.00,0.000,0.000,IDLE
2026-08-18T14:54:09.601913,0.0000000,0.0000000,0.00,0.0000,0.0000,0.0000,0.0,0.00,0.000,0.000,IDLE
2026-08-18T14:54:10.601811,0.0000000,0.0000000,0.00,0.0000,0.0000,0.0000,0.0,0.00,0.000,0.000,IDLE
2026-08-18T14:54:11.601956,0.0000000,0.0000000,0.00,0.0000,0.0000,0.0000,0.0,0.00,0.000,0.000,IDLE
2026-08-18T14:54:12.601955,0.0000000,0.0000000,0.00,0.0000,0.0000,0.0000,0.0,0.00,0.000,0.000,IDLE
2026-08-18T14:54:13.601921,0.0000000,0.0000000,0.00,0.0000,0.0000,0.0000,0.0,0.00,0.000,0.000,IDLE
2026-08-18T14:54:14.601877,0.0000000,0.0000000,0.00,0.0000,0.0000,0.0000,0.0,0.00,0.000,0.000,IDLE
2026-08-18T14:54:15.601787,0.0000000,0.0000000,0.00,0.0000,0.0000,0.0000,0.0,0.00,0.000,0.000,IDLE
2026-08-18T14:54:16.601952,0.0000000,0.0000000,0.00,0.0000,0.0000,0.0000,0.0,0.00,0.000,0.000,IDLE
2026-08-18T14:54:17.601925,0.0000000,0.0000000,0.00,0.0000,0.0000,0.0000,0.0,0.00,0.000,0.000,IDLE
2026-08-18T14:54:18.602183,0.0000000,0.0000000,0.00,0.0000,0.0000,0.0000,0.0,0.00,0.000,0.000,IDLE
2026-08-18T14:54:19.601811,0.0000000,0.0000000,0.00,0.0000,0.0000,0.0000,0.0,0.00,0.000,0.000,IDLE
2026-08-18T14:54:20.601892,0.0000000,0.0000000,0.00,0.0000,0.0000,0.0000,0.0,0.00,0.000,0.000,IDLE
2026-08-18T14:54:21.601937,0.0000000,0.0000000,0.00,0.0000,0.0000,0.0000,0.0,0.00,0.000,0.000,IDLE
2026-08-18T14:54:22.601935,0.0000000,0.0000000,0.00,0.0000,0.0000,0.0000,0.0,0.00,0.000,0.000,IDLE
2026-08-18T14:54:23.601966,0.0000000,0.0000000,0.00,0.0000,0.0000,0.0000,0.0,0.00,0.000,0.000,IDLE
2026-08-18T14:54:24.601936,0.0000000,0.0000000,0.00,0.0000,0.0000,0.0000,0.0,0.00,0.000,0.000,IDLE
2026-08-18T14:54:25.601960,0.0000000,0.0000000,0.00,0.0000,0.0000,0.0000,0.0,0.00,0.000,0.000,IDLE
2026-08-18T14:54:26.601911,0.0000000,0.0000000,0.00,0.0000,0.0000,0.0000,0.0,0.00,0.000,0.000,IDLE
2026-08-18T14:54:27.601958,0.0000000,0.0000000,0.00,0.0000,0.0000,0.0000,0.0,0.00,0.000,0.000,IDLE
2026-08-18T14:54:28.601948,0.0000000,0.0000000,0.00,0.0000,0.0000,0.0000,0.0,0.00,0.000,0.000,IDLE
2026-08-18T14:54:29.601790,0.0000000,0.0000000,0.00,0.0000,0.0000,0.0000,0.0,0.00,0.000,0.000,IDLE
2026-08-18T14:54:30.601939,0.0000000,0.0000000,0.00,0.0000,0.0000,0.0000,0.0,0.00,0.000,0.000,IDLE
2026-08-18T14:54:31.601990,0.0000000,0.0000000,0.00,0.0000,0.0000,0.0000,0.0,0.00,0.000,0.000,IDLE
2026-08-18T14:54:32.601850,0.0000000,0.0000000,0.00,0.0000,0.0000,0.0000,0.0,0.00,0.000,0.000,IDLE
2026-08-18T14:54:33.601864,0.0000000,0.0000000,0.00,0.0000,0.0000,0.0000,0.0,0.00,0.000,0.000,IDLE
2026-08-18T14:54:34.601871,0.0000000,0.0000000,0.00,0.0000,0.0000,0.0000,0.0,0.00,0.000,0.000,IDLE
2026-08-18T14:54:35.601845,0.0000000,0.0000000,0.00,0.0000,0.0000,0.0000,0.0,0.00,0.000,0.000,IDLE
2026-08-18T14:54:36.601866,0.0000000,0.0000000,0.00,0.0000,0.0000,0.0000,0.0,0.00,0.000,0.000,IDLE
2026-08-18T14:54:37.601883,0.0000000,0.0000000,0.00,0.0000,0.0000,0.0000,0.0,0.00,0.000,0.000,IDLE
2026-08-18T14:54:38.602175,0.0000000,0.0000000,0.00,0.0000,0.0000,0.0000,0.0,0.00,0.000,0.000,IDLE
2026-08-18T14:54:39.601889,0.0000000,0.0000000,0.00,0.0000,0.0000,0.0000,0.0,0.00,0.000,0.000,IDLE
2026-08-18T14:54:40.601901,0.0000000,0.0000000,0.00,0.0000,0.0000,0.0000,0.0,0.00,0.000,0.000,IDLE
2026-08-18T14:54:41.601871,0.0000000,0.0000000,0.00,0.0000,0.0000,0.0000,0.0,0.00,0.000,0.000,IDLE
2026-08-18T14:54:42.601914,0.0000000,0.0000000,0.00,0.0000,0.0000,0.0000,0.0,0.00,0.000,0.000,IDLE
2026-08-18T14:54:43.601842,0.0000000,0.0000000,0.00,0.0000,0.0000,0.0000,0.0,0.00,0.000,0.000,IDLE
2026-08-18T14:54:44.601809,0.0000000,0.0000000,0.00,0.0000,0.0000,0.0000,0.0,0.00,0.000,0.000,IDLE
2026-08-18T14:54:45.601897,0.0000000,0.0000000,0.00,0.0000,0.0000,0.0000,0.0,0.00,0.000,0.000,IDLE
2026-08-18T14:54:46.602176,0.0000000,0.0000000,0.00,0.0000,0.0000,0.0000,0.0,0.00,0.000,0.000,IDLE
2026-08-18T14:54:47.602189,0.0000000,0.0000000,0.00,0.0000,0.0000,0.0000,0.0,0.00,0.000,0.000,IDLE
2026-08-18T14:54:48.601968,0.0000000,0.0000000,0.00,0.0000,0.0000,0.0000,0.0,0.00,0.000,0.000,IDLE
2026-08-18T14:54:49.601910,0.0000000,0.0000000,0.00,0.0000,0.0000,0.0000,0.0,0.00,0.000,0.000,IDLE
2026-08-18T14:54:50.601974,0.0000000,0.0000000,0.00,0.0000,0.0000,0.0000,0.0,0.00,0.000,0.000,IDLE
2026-08-18T14:54:51.602193,0.0000000,0.0000000,0.00,0.0000,0.0000,0.0000,0.0,0.00,0.000,0.000,IDLE
2026-08-18T14:54:52.602161,0.0000000,0.0000000,0.00,0.0000,0.0000,0.0000,0.0,0.00,0.000,0.000,IDLE
2026-08-18T14:54:53.601942,0.0000000,0.0000000,0.00,0.0000,0.0000,0.0000,0.0,0.00,0.000,0.000,IDLE
2026-08-18T14:54:54.601864,0.0000000,0.0000000,0.00,0.0000,0.0000,0.0000,0.0,0.00,0.000,0.000,IDLE
2026-08-18T14:54:55.601963,0.0000000,0.0000000,0.00,0.0000,0.0000,0.0000,0.0,0.00,0.000,0.000,IDLE
2026-08-18T14:54:56.601880,0.0000000,0.0000000,0.00,0.0000,0.0000,0.0000,0.0,0.00,0.000,0.000,IDLE
2026-08-18T14:54:57.601948,0.0000000,0.0000000,0.00,0.0000,0.0000,0.0000,0.0,0.00,0.000,0.000,IDLE
2026-08-18T14:54:58.601825,0.0000000,0.0000000,0.00,0.0000,0.0000,0.0000,0.0,0.00,0.000,0.000,IDLE
2026-08-18T14:54:59.601957,0.0000000,0.0000000,0.00,0.0000,0.0000,0.0000,0.0,0.00,0.000,0.000,IDLE
2026-08-18T14:55:00.601974,0.0000000,0.0000000,0.00,0.0000,0.0000,0.0000,0.0,0.00,0.000,0.000,IDLE
2026-08-18T14:55:01.601948,0.0000000,0.0000000,0.00,0.0000,0.0000,0.0000,0.0,0.00,0.000,0.000,IDLE
2026-08-18T14:55:02.601818,0.0000000,0.0000000,0.00,0.0000,0.0000,0.0000,0.0,0.00,0.000,0.000,IDLE
2026-08-18T14:55:03.601947,0.0000000,0.0000000,0.00,0.0000,0.0000,0.0000,0.0,0.00,0.000,0.000,IDLE
2026-08-18T14:55:04.601948,0.0000000,0.0000000,0.00,0.0000,0.0000,0.0000,0.0,0.00,0.000,0.000,IDLE
2026-08-18T14:55:05.601959,0.0000000,0.0000000,0.00,0.0000,0.0000,0.0000,0.0,0.00,0.000,0.000,IDLE
2026-08-18T14:55:06.601935,0.0000000,0.0000000,0.00,0.0000,0.0000,0.0000,0.0,0.00,0.000,0.000,IDLE
2026-08-18T14:55:07.601954,0.0000000,0.0000000,0.00,0.0000,0.0000,0.0000,0.0,0.00,0.000,0.000,IDLE
2026-08-18T14:55:08.601992,0.0000000,0.0000000,0.00,0.0000,0.0000,0.0000,0.0,0.00,0.000,0.000,IDLE
2026-08-18T14:55:09.601960,0.0000000,0.0000000,0.00,0.0000,0.0000,0.0000,0.0,0.00,0.000,0.000,IDLE
2026-08-18T14:55:10.601966,0.0000000,0.0000000,0.00,0.0000,0.0000,0.0000,0.0,0.00,0.000,0.000,IDLE
2026-08-18T14:55:11.601814,0.0000000,0.0000000,0.00,0.0000,0.0000,0.0000,0.0,0.00,0.000,0.000,IDLE
2026-08-18T14:55:12.601751,0.0000000,0.0000000,0.00,0.0000,0.0000,0.0000,0.0,0.00,0.000,0.000,IDLE
2026-08-18T14:55:13.601942,0.0000000,0.0000000,0.00,0.0000,0.0000,0.0000,0.0,0.00,0.000,0.000,IDLE
2026-08-18T14:55:14.601989,0.0000000,0.0000000,0.00,0.0000,0.0000,0.0000,0.0,0.00,0.000,0.000,IDLE
2026-08-18T14:55:15.601945,0.0000000,0.0000000,0.00,0.0000,0.0000,0.0000,0.0,0.00,0.000,0.000,IDLE
2026-08-18T14:55:16.602172,0.0000000,0.0000000,0.00,0.0000,0.0000,0.0000,0.0,0.00,0.000,0.000,IDLE
2026-08-18T14:55:17.602205,0.0000000,0.0000000,0.00,0.0000,0.0000,0.0000,0.0,0.00,0.000,0.000,IDLE
2026-08-18T14:55:18.601990,0.0000000,0.0000000,0.00,0.0000,0.0000,0.0000,0.0,0.00,0.000,0.000,IDLE
2026-08-18T14:55:19.601817,0.0000000,0.0000000,0.00,0.0000,0.0000,0.0000,0.0,0.00,0.000,0.000,IDLE
2026-08-18T14:55:20.601937,0.0000000,0.0000000,0.00,0.0000,0.0000,0.0000,0.0,0.00,0.000,0.000,IDLE
2026-08-18T14:55:21.601904,0.0000000,0.0000000,0.00,0.0000,0.0000,0.0000,0.0,0.00,0.000,0.000,IDLE
2026-08-18T14:55:22.601853,0.0000000,0.0000000,0.00,0.0000,0.0000,0.0000,0.0,0.00,0.000,0.000,IDLE
2026-08-18T14:55:23.601923,0.0000000,0.0000000,0.00,0.0000,0.0000,0.0000,0.0,0.00,0.000,0.000,IDLE
2026-08-18T14:55:24.601942,0.0000000,0.0000000,0.00,0.0000,0.0000,0.0000,0.0,0.00,0.000,0.000,IDLE
2026-08-18T14:55:25.601803,0.0000000,0.0000000,0.00,0.0000,0.0000,0.0000,0.0,0.00,0.000,0.000,IDLE
2026-08-18T14:55:26.601919,0.0000000,0.0000000,0.00,0.0000,0.0000,0.0000,0.0,0.00,0.000,0.000,IDLE
2026-08-18T14:55:27.601985,0.0000000,0.0000000,0.00,0.0000,0.0000,0.0000,0.0,0.00,0.000,0.000,IDLE
2026-08-18T14:55:28.601900,0.0000000,0.0000000,0.00,0.0000,0.0000,0.0000,0.0,0.00,0.000,0.000,IDLE
2026-08-18T14:55:29.601980,0.0000000,0.0000000,0.00,0.0000,0.0000,0.0000,0.0,0.00,0.000,0.000,IDLE
2026-08-18T14:55:30.601960,0.0000000,0.0000000,0.00,0.0000,0.0000,0.0000,0.0,0.00,0.000,0.000,IDLE
2026-08-18T14:55:31.601867,0.0000000,0.0000000,0.00,0.0000,0.0000,0.0000,0.0,0.00,0.000,0.000,IDLE
2026-08-18T14:55:32.601939,0.0000000,0.0000000,0.00,0.0000,0.0000,0.0000,0.0,0.00,0.000,0.000,IDLE
2026-08-18T14:55:33.601917,0.0000000,0.0000000,0.00,0.0000,0.0000,0.0000,0.0,0.00,0.000,0.000,IDLE
2026-08-18T14:55:34.601940,0.0000000,0.0000000,0.00,0.0000,0.0000,0.0000,0.0,0.00,0.000,0.000,IDLE
2026-08-18T14:55:35.601816,0.0000000,0.0000000,0.00,0.0000,0.0000,0.0000,0.0,0.00,0.000,0.000,IDLE
2026-08-18T14:55:36.601813,0.0000000,0.0000000,0.00,0.0000,0.0000,0.0000,0.0,0.00,0.000,0.000,IDLE
2026-08-18T14:55:37.601787,0.0000000,0.0000000,0.00,0.0000,0.0000,0.0000,0.0,0.00,0.000,0.000,IDLE
2026-08-18T14:55:38.601927,0.0000000,0.0000000,0.00,0.0000,0.0000,0.0000,0.0,0.00,0.000,0.000,IDLE
2026-08-18T14:55:39.601828,0.0000000,0.0000000,0.00,0.0000,0.0000,0.0000,0.0,0.00,0.000,0.000,IDLE
2026-08-18T14:55:40.601792,0.0000000,0.0000000,0.00,0.0000,0.0000,0.0000,0.0,0.00,0.000,0.000,IDLE
2026-08-18T14:55:41.601964,0.0000000,0.0000000,0.00,0.0000,0.0000,0.0000,0.0,0.00,0.000,0.000,IDLE
2026-08-18T14:55:42.602197,0.0000000,0.0000000,0.00,0.0000,0.0000,0.0000,0.0,0.00,0.000,0.000,IDLE
2026-08-18T14:55:43.601835,0.0000000,0.0000000,0.00,0.0000,0.0000,0.0000,0.0,0.00,0.000,0.000,IDLE
2026-08-18T14:55:44.601814,0.0000000,0.0000000,0.00,0.0000,0.0000,0.0000,0.0,0.00,0.000,0.000,IDLE
2026-08-18T14:55:45.601792,0.0000000,0.0000000,0.00,0.0000,0.0000,0.0000,0.0,0.00,0.000,0.000,IDLE
2026-08-18T14:55:46.601869,0.0000000,0.0000000,0.00,0.0000,0.0000,0.0000,0.0,0.00,0.000,0.000,IDLE
2026-08-18T14:55:47.601942,0.0000000,0.0000000,0.00,0.0000,0.0000,0.0000,0.0,0.00,0.000,0.000,IDLE
2026-08-18T14:55:48.601935,0.0000000,0.0000000,0.00,0.0000,0.0000,0.0000,0.0,0.00,0.000,0.000,IDLE
2026-08-18T14:55:49.601781,0.0000000,0.0000000,0.00,0.0000,0.0000,0.0000,0.0,0.00,0.000,0.000,IDLE
2026-08-18T14:55:50.601886,0.0000000,0.0000000,0.00,0.0000,0.0000,0.0000,0.0,0.00,0.000,0.000,IDLE
2026-08-18T14:55:51.601930,0.0000000,0.0000000,0.00,0.0000,0.0000,0.0000,0.0,0.00,0.000,0.000,IDLE
2026-08-18T14:55:52.601812,0.0000000,0.0000000,0.00,0.0000,0.0000,0.0000,0.0,0.00,0.000,0.000,IDLE
2026-08-18T14:55:53.601796,0.0000000,0.0000000,0.00,0.0000,0.0000,0.0000,0.0,0.00,0.000,0.000,IDLE
2026-08-18T14:55:54.601871,0.0000000,0.0000000,0.00,0.0000,0.0000,0.0000,0.0,0.00,0.000,0.000,IDLE
2026-08-18T14:55:55.601929,0.0000000,0.0000000,0.00,0.0000,0.0000,0.0000,0.0,0.00,0.000,0.000,IDLE
2026-08-18T14:55:56.601822,0.0000000,0.0000000,0.00,0.0000,0.0000,0.0000,0.0,0.00,0.000,0.000,IDLE
2026-08-18T14:55:57.601793,0.0000000,0.0000000,0.00,0.0000,0.0000,0.0000,0.0,0.00,0.000,0.000,IDLE
2026-08-18T14:55:58.601925,0.0000000,0.0000000,0.00,0.0000,0.0000,0.0000,0.0,0.00,0.000,0.000,IDLE
2026-08-18T14:55:59.601889,0.0000000,0.0000000,0.00,0.0000,0.0000,0.0000,0.0,0.00,0.000,0.000,IDLE
2026-08-18T14:56:00.602044,0.0000000,0.0000000,0.00,0.0000,0.0000,0.0000,0.0,0.00,0.000,0.000,IDLE
2026-08-18T14:56:01.601879,0.0000000,0.0000000,0.00,0.0000,0.0000,0.0000,0.0,0.00,0.000,0.000,IDLE
2026-08-18T14:56:02.601798,0.0000000,0.0000000,0.00,0.0000,0.0000,0.0000,0.0,0.00,0.000,0.000,IDLE
2026-08-18T14:56:03.601926,0.0000000,0.0000000,0.00,0.0000,0.0000,0.0000,0.0,0.00,0.000,0.000,IDLE
2026-08-18T14:56:04.601906,0.0000000,0.0000000,0.00,0.0000,0.0000,0.0000,0.0,0.00,0.000,0.000,IDLE
2026-08-18T14:56:05.601981,0.0000000,0.0000000,0.00,0.0000,0.0000,0.0000,0.0,0.00,0.000,0.000,IDLE
2026-08-18T14:56:06.601819,0.0000000,0.0000000,0.00,0.0000,0.0000,0.0000,0.0,0.00,0.000,0.000,IDLE
2026-08-18T14:56:07.601965,0.0000000,0.0000000,0.00,0.0000,0.0000,0.0000,0.0,0.00,0.000,0.000,IDLE
2026-08-18T14:56:08.601968,0.0000000,0.0000000,0.00,0.0000,0.0000,0.0000,0.0,0.00,0.000,0.000,IDLE
2026-08-18T14:56:09.601959,0.0000000,0.0000000,0.00,0.0000,0.0000,0.0000,0.0,0.00,0.000,0.000,IDLE
2026-08-18T14:56:10.601919,0.0000000,0.0000000,0.00,0.0000,0.0000,0.0000,0.0,0.00,0.000,0.000,IDLE
2026-08-18T14:56:11.601932,0.0000000,0.0000000,0.00,0.0000,0.0000,0.0000,0.0,0.00,0.000,0.000,IDLE
2026-08-18T14:56:12.601799,0.0000000,0.0000000,0.00,0.0000,0.0000,0.0000,0.0,0.00,0.000,0.000,IDLE
2026-08-18T14:56:13.601908,0.0000000,0.0000000,0.00,0.0000,0.0000,0.0000,0.0,0.00,0.000,0.000,IDLE
2026-08-18T14:56:14.601789,0.0000000,0.0000000,0.00,0.0000,0.0000,0.0000,0.0,0.00,0.000,0.000,IDLE
2026-08-18T14:56:15.601941,0.0000000,0.0000000,0.00,0.0000,0.0000,0.0000,0.0,0.00,0.000,0.000,IDLE
2026-08-18T14:56:16.601945,0.0000000,0.0000000,0.00,0.0000,0.0000,0.0000,0.0,0.00,0.000,0.000,IDLE
2026-08-18T14:56:17.601901,0.0000000,0.0000000,0.00,0.0000,0.0000,0.0000,0.0,0.00,0.000,0.000,IDLE
2026-08-18T14:56:18.601848,0.0000000,0.0000000,0.00,0.0000,0.0000,0.0000,0.0,0.00,0.000,0.000,IDLE
2026-08-18T14:56:19.601820,0.0000000,0.0000000,0.00,0.0000,0.0000,0.0000,0.0,0.00,0.000,0.000,IDLE
2026-08-18T14:56:20.601885,0.0000000,0.0000000,0.00,0.0000,0.0000,0.0000,0.0,0.00,0.000,0.000,IDLE
2026-08-18T14:56:21.601915,0.0000000,0.0000000,0.00,0.0000,0.0000,0.0000,0.0,0.00,0.000,0.000,IDLE
2026-08-18T14:56:22.601837,0.0000000,0.0000000,0.00,0.0000,0.0000,0.0000,0.0,0.00,0.000,0.000,IDLE
2026-08-18T14:56:23.604618,0.0000000,0.0000000,0.00,0.0000,0.0000,0.0000,0.0,0.00,0.000,0.000,IDLE
2026-08-18T14:56:24.601804,0.0000000,0.0000000,0.00,0.0000,0.0000,0.0000,0.0,0.00,0.000,0.000,IDLE
2026-08-18T14:56:25.601903,0.0000000,0.0000000,0.00,0.0000,0.0000,0.0000,0.0,0.00,0.000,0.000,IDLE
2026-08-18T14:56:26.601800,0.0000000,0.0000000,0.00,0.0000,0.0000,0.0000,0.0,0.00,0.000,0.000,IDLE
2026-08-18T14:56:27.601800,0.0000000,0.0000000,0.00,0.0000,0.0000,0.0000,0.0,0.00,0.000,0.000,IDLE
2026-08-18T14:56:28.601906,0.0000000,0.0000000,0.00,0.0000,0.0000,0.0000,0.0,0.00,0.000,0.000,IDLE
2026-08-18T14:56:29.601866,0.0000000,0.0000000,0.00,0.0000,0.0000,0.0000,0.0,0.00,0.000,0.000,IDLE
2026-08-18T14:56:30.601864,0.0000000,0.0000000,0.00,0.0000,0.0000,0.0000,0.0,0.00,0.000,0.000,IDLE
2026-08-18T14:56:31.601796,0.0000000,0.0000000,0.00,0.0000,0.0000,0.0000,0.0,0.00,0.000,0.000,IDLE
2026-08-18T14:56:32.601942,0.0000000,0.0000000,0.00,0.0000,0.0000,0.0000,0.0,0.00,0.000,0.000,IDLE
2026-08-18T14:56:33.601947,0.0000000,0.0000000,0.00,0.0000,0.0000,0.0000,0.0,0.00,0.000,0.000,IDLE
2026-08-18T14:56:34.601862,0.0000000,0.0000000,0.00,0.0000,0.0000,0.0000,0.0,0.00,0.000,0.000,IDLE
2026-08-18T14:56:35.601857,0.0000000,0.0000000,0.00,0.0000,0.0000,0.0000,0.0,0.00,0.000,0.000,IDLE
2026-08-18T14:56:36.601895,0.0000000,0.0000000,0.00,0.0000,0.0000,0.0000,0.0,0.00,0.000,0.000,IDLE
2026-08-18T14:56:37.601922,0.0000000,0.0000000,0.00,0.0000,0.0000,0.0000,0.0,0.00,0.000,0.000,IDLE
2026-08-18T14:56:38.601870,0.0000000,0.0000000,0.00,0.0000,0.0000,0.0000,0.0,0.00,0.000,0.000,IDLE
2026-08-18T14:56:39.601848,0.0000000,0.0000000,0.00,0.0000,0.0000,0.0000,0.0,0.00,0.000,0.000,IDLE
2026-08-18T14:56:40.601783,0.0000000,0.0000000,0.00,0.0000,0.0000,0.0000,0.0,0.00,0.000,0.000,IDLE
2026-08-18T14:56:41.601919,0.0000000,0.0000000,0.00,0.0000,0.0000,0.0000,0.0,0.00,0.000,0.000,IDLE
2026-08-18T14:56:42.601808,0.0000000,0.0000000,0.00,0.0000,0.0000,0.0000,0.0,0.00,0.000,0.000,IDLE
2026-08-18T14:56:43.601926,0.0000000,0.0000000,0.00,0.0000,0.0000,0.0000,0.0,0.00,0.000,0.000,IDLE
2026-08-18T14:56:44.601904,0.0000000,0.0000000,0.00,0.0000,0.0000,0.0000,0.0,0.00,0.000,0.000,IDLE
2026-08-18T14:56:45.601917,0.0000000,0.0000000,0.00,0.0000,0.0000,0.0000,0.0,0.00,0.000,0.000,IDLE
2026-08-18T14:56:46.601891,0.0000000,0.0000000,0.00,0.0000,0.0000,0.0000,0.0,0.00,0.000,0.000,IDLE
2026-08-18T14:56:47.601814,0.0000000,0.0000000,0.00,0.0000,0.0000,0.0000,0.0,0.00,0.000,0.000,IDLE
2026-08-18T14:56:48.601913,0.0000000,0.0000000,0.00,0.0000,0.0000,0.0000,0.0,0.00,0.000,0.000,IDLE
2026-08-18T14:56:49.601940,0.0000000,0.0000000,0.00,0.0000,0.0000,0.0000,0.0,0.00,0.000,0.000,IDLE
2026-08-18T14:56:50.601804,0.0000000,0.0000000,0.00,0.0000,0.0000,0.0000,0.0,0.00,0.000,0.000,IDLE
2026-08-18T14:56:51.601822,0.0000000,0.0000000,0.00,0.0000,0.0000,0.0000,0.0,0.00,0.000,0.000,IDLE
2026-08-18T14:56:52.601838,0.0000000,0.0000000,0.00,0.0000,0.0000,0.0000,0.0,0.00,0.000,0.000,IDLE
2026-08-18T14:56:53.601835,0.0000000,0.0000000,0.00,0.0000,0.0000,0.0000,0.0,0.00,0.000,0.000,IDLE
2026-08-18T14:56:54.601888,0.0000000,0.0000000,0.00,0.0000,0.0000,0.0000,0.0,0.00,0.000,0.000,IDLE
2026-08-18T14:56:55.601919,0.0000000,0.0000000,0.00,0.0000,0.0000,0.0000,0.0,0.00,0.000,0.000,IDLE
2026-08-18T14:56:56.601843,0.0000000,0.0000000,0.00,0.0000,0.0000,0.0000,0.0,0.00,0.000,0.000,IDLE
2026-08-18T14:56:57.601826,0.0000000,0.0000000,0.00,0.0000,0.0000,0.0000,0.0,0.00,0.000,0.000,IDLE
2026-08-18T14:56:58.601896,0.0000000,0.0000000,0.00,0.0000,0.0000,0.0000,0.0,0.00,0.000,0.000,IDLE
2026-08-18T14:56:59.601804,0.0000000,0.0000000,0.00,0.0000,0.0000,0.0000,0.0,0.00,0.000,0.000,IDLE
2026-08-18T14:57:00.601803,0.0000000,0.0000000,0.00,0.0000,0.0000,0.0000,0.0,0.00,0.000,0.000,IDLE
2026-08-18T14:57:01.601812,0.0000000,0.0000000,0.00,0.0000,0.0000,0.0000,0.0,0.00,0.000,0.000,IDLE
2026-08-18T14:57:02.602158,0.0000000,0.0000000,0.00,0.0000,0.0000,0.0000,0.0,0.00,0.000,0.000,IDLE
2026-08-18T14:57:03.602118,0.0000000,0.0000000,0.00,0.0000,0.0000,0.0000,0.0,0.00,0.000,0.000,IDLE
2026-08-18T14:57:04.601832,0.0000000,0.0000000,0.00,0.0000,0.0000,0.0000,0.0,0.00,0.000,0.000,IDLE
2026-08-18T14:57:05.601810,0.0000000,0.0000000,0.00,0.0000,0.0000,0.0000,0.0,0.00,0.000,0.000,IDLE
2026-08-18T14:57:06.601963,0.0000000,0.0000000,0.00,0.0000,0.0000,0.0000,0.0,0.00,0.000,0.000,IDLE
2026-08-18T14:57:07.601949,0.0000000,0.0000000,0.00,0.0000,0.0000,0.0000,0.0,0.00,0.000,0.000,IDLE
2026-08-18T14:57:08.601960,0.0000000,0.0000000,0.00,0.0000,0.0000,0.0000,0.0,0.00,0.000,0.000,IDLE
2026-08-18T14:57:09.601845,0.0000000,0.0000000,0.00,0.0000,0.0000,0.0000,0.0,0.00,0.000,0.000,IDLE
2026-08-18T14:57:10.601817,0.0000000,0.0000000,0.00,0.0000,0.0000,0.0000,0.0,0.00,0.000,0.000,IDLE
2026-08-18T14:57:11.602077,0.0000000,0.0000000,0.00,0.0000,0.0000,0.0000,0.0,0.00,0.000,0.000,IDLE
2026-08-18T14:57:12.601931,0.0000000,0.0000000,0.00,0.0000,0.0000,0.0000,0.0,0.00,0.000,0.000,IDLE
2026-08-18T14:57:13.601846,0.0000000,0.0000000,0.00,0.0000,0.0000,0.0000,0.0,0.00,0.000,0.000,IDLE
2026-08-18T14:57:14.601788,0.0000000,0.0000000,0.00,0.0000,0.0000,0.0000,0.0,0.00,0.000,0.000,IDLE
2026-08-18T14:57:15.601941,0.0000000,0.0000000,0.00,0.0000,0.0000,0.0000,0.0,0.00,0.000,0.000,IDLE
2026-08-18T14:57:16.601947,0.0000000,0.0000000,0.00,0.0000,0.0000,0.0000,0.0,0.00,0.000,0.000,IDLE
2026-08-18T14:57:17.601814,0.0000000,0.0000000,0.00,0.0000,0.0000,0.0000,0.0,0.00,0.000,0.000,IDLE
2026-08-18T14:57:18.601792,0.0000000,0.0000000,0.00,0.0000,0.0000,0.0000,0.0,0.00,0.000,0.000,IDLE
2026-08-18T14:57:19.601903,0.0000000,0.0000000,0.00,0.0000,0.0000,0.0000,0.0,0.00,0.000,0.000,IDLE
2026-08-18T14:57:20.601819,0.0000000,0.0000000,0.00,0.0000,0.0000,0.0000,0.0,0.00,0.000,0.000,IDLE
2026-08-18T14:57:21.601832,0.0000000,0.0000000,0.00,0.0000,0.0000,0.0000,0.0,0.00,0.000,0.000,IDLE
2026-08-18T14:57:22.601795,0.0000000,0.0000000,0.00,0.0000,0.0000,0.0000,0.0,0.00,0.000,0.000,IDLE
2026-08-18T14:57:23.601885,0.0000000,0.0000000,0.00,0.0000,0.0000,0.0000,0.0,0.00,0.000,0.000,IDLE
2026-08-18T14:57:24.601925,0.0000000,0.0000000,0.00,0.0000,0.0000,0.0000,0.0,0.00,0.000,0.000,IDLE
2026-08-18T14:57:25.601898,0.0000000,0.0000000,0.00,0.0000,0.0000,0.0000,0.0,0.00,0.000,0.000,IDLE
2026-08-18T14:57:26.601862,0.0000000,0.0000000,0.00,0.0000,0.0000,0.0000,0.0,0.00,0.000,0.000,IDLE
2026-08-18T14:57:27.601833,0.0000000,0.0000000,0.00,0.0000,0.0000,0.0000,0.0,0.00,0.000,0.000,IDLE
2026-08-18T14:57:28.601942,0.0000000,0.0000000,0.00,0.0000,0.0000,0.0000,0.0,0.00,0.000,0.000,IDLE
2026-08-18T14:57:29.601960,0.0000000,0.0000000,0.00,0.0000,0.0000,0.0000,0.0,0.00,0.000,0.000,IDLE
2026-08-18T14:57:30.601876,0.0000000,0.0000000,0.00,0.0000,0.0000,0.0000,0.0,0.00,0.000,0.000,IDLE
2026-08-18T14:57:31.604673,0.0000000,0.0000000,0.00,0.0000,0.0000,0.0000,0.0,0.00,0.000,0.000,IDLE
2026-08-18T14:57:32.601886,0.0000000,0.0000000,0.00,0.0000,0.0000,0.0000,0.0,0.00,0.000,0.000,IDLE
2026-08-18T14:57:33.602191,0.0000000,0.0000000,0.00,0.0000,0.0000,0.0000,0.0,0.00,0.000,0.000,IDLE
2026-08-18T14:57:34.601932,0.0000000,0.0000000,0.00,0.0000,0.0000,0.0000,0.0,0.00,0.000,0.000,IDLE
2026-08-18T14:57:35.602216,0.0000000,0.0000000,0.00,0.0000,0.0000,0.0000,0.0,0.00,0.000,0.000,IDLE
2026-08-18T14:57:36.601953,0.0000000,0.0000000,0.00,0.0000,0.0000,0.0000,0.0,0.00,0.000,0.000,IDLE
2026-08-18T14:57:37.601908,0.0000000,0.0000000,0.00,0.0000,0.0000,0.0000,0.0,0.00,0.000,0.000,IDLE
2026-08-18T14:57:38.601837,0.0000000,0.0000000,0.00,0.0000,0.0000,0.0000,0.0,0.00,0.000,0.000,IDLE
2026-08-18T14:57:39.601894,0.0000000,0.0000000,0.00,0.0000,0.0000,0.0000,0.0,0.00,0.000,0.000,IDLE
2026-08-18T14:57:40.601827,0.0000000,0.0000000,0.00,0.0000,0.0000,0.0000,0.0,0.00,0.000,0.000,IDLE
2026-08-18T14:57:41.601881,0.0000000,0.0000000,0.00,0.0000,0.0000,0.0000,0.0,0.00,0.000,0.000,IDLE
2026-08-18T14:57:42.601857,0.0000000,0.0000000,0.00,0.0000,0.0000,0.0000,0.0,0.00,0.000,0.000,IDLE
2026-08-18T14:57:43.601914,0.0000000,0.0000000,0.00,0.0000,0.0000,0.0000,0.0,0.00,0.000,0.000,IDLE
2026-08-18T14:57:44.601818,0.0000000,0.0000000,0.00,0.0000,0.0000,0.0000,0.0,0.00,0.000,0.000,IDLE
2026-08-18T14:57:45.601935,0.0000000,0.0000000,0.00,0.0000,0.0000,0.0000,0.0,0.00,0.000,0.000,IDLE
2026-08-18T14:57:46.601795,0.0000000,0.0000000,0.00,0.0000,0.0000,0.0000,0.0,0.00,0.000,0.000,IDLE
2026-08-18T14:57:47.601833,0.0000000,0.0000000,0.00,0.0000,0.0000,0.0000,0.0,0.00,0.000,0.000,IDLE
2026-08-18T14:57:48.601843,0.0000000,0.0000000,0.00,0.0000,0.0000,0.0000,0.0,0.00,0.000,0.000,IDLE
2026-08-18T14:57:49.601889,0.0000000,0.0000000,0.00,0.0000,0.0000,0.0000,0.0,0.00,0.000,0.000,IDLE
2026-08-18T14:57:50.601827,0.0000000,0.0000000,0.00,0.0000,0.0000,0.0000,0.0,0.00,0.000,0.000,IDLE
2026-08-18T14:57:51.601803,0.0000000,0.0000000,0.00,0.0000,0.0000,0.0000,0.0,0.00,0.000,0.000,IDLE
2026-08-18T14:57:52.601805,0.0000000,0.0000000,0.00,0.0000,0.0000,0.0000,0.0,0.00,0.000,0.000,IDLE
2026-08-18T14:57:53.601908,0.0000000,0.0000000,0.00,0.0000,0.0000,0.0000,0.0,0.00,0.000,0.000,IDLE
2026-08-18T14:57:54.601904,0.0000000,0.0000000,0.00,0.0000,0.0000,0.0000,0.0,0.00,0.000,0.000,IDLE
2026-08-18T14:57:55.601943,0.0000000,0.0000000,0.00,0.0000,0.0000,0.0000,0.0,0.00,0.000,0.000,IDLE
2026-08-18T14:57:56.601927,0.0000000,0.0000000,0.00,0.0000,0.0000,0.0000,0.0,0.00,0.000,0.000,IDLE
2026-08-18T14:57:57.601958,0.0000000,0.0000000,0.00,0.0000,0.0000,0.0000,0.0,0.00,0.000,0.000,IDLE
2026-08-18T14:57:58.601856,0.0000000,0.0000000,0.00,0.0000,0.0000,0.0000,0.0,0.00,0.000,0.000,IDLE
2026-08-18T14:57:59.601898,0.0000000,0.0000000,0.00,0.0000,0.0000,0.0000,0.0,0.00,0.000,0.000,IDLE
2026-08-18T14:58:00.601887,0.0000000,0.0000000,0.00,0.0000,0.0000,0.0000,0.0,0.00,0.000,0.000,IDLE
2026-08-18T14:58:01.601821,0.0000000,0.0000000,0.00,0.0000,0.0000,0.0000,0.0,0.00,0.000,0.000,IDLE
2026-08-18T14:58:02.601919,0.0000000,0.0000000,0.00,0.0000,0.0000,0.0000,0.0,0.00,0.000,0.000,IDLE
2026-08-18T14:58:03.601875,0.0000000,0.0000000,0.00,0.0000,0.0000,0.0000,0.0,0.00,0.000,0.000,IDLE
2026-08-18T14:58:04.601877,0.0000000,0.0000000,0.00,0.0000,0.0000,0.0000,0.0,0.00,0.000,0.000,IDLE
2026-08-18T14:58:05.601792,0.0000000,0.0000000,0.00,0.0000,0.0000,0.0000,0.0,0.00,0.000,0.000,IDLE
2026-08-18T14:58:06.602204,0.0000000,0.0000000,0.00,0.0000,0.0000,0.0000,0.0,0.00,0.000,0.000,IDLE
2026-08-18T14:58:07.601909,0.0000000,0.0000000,0.00,0.0000,0.0000,0.0000,0.0,0.00,0.000,0.000,IDLE
2026-08-18T14:58:08.601790,0.0000000,0.0000000,0.00,0.0000,0.0000,0.0000,0.0,0.00,0.000,0.000,IDLE
2026-08-18T14:58:09.601809,0.0000000,0.0000000,0.00,0.0000,0.0000,0.0000,0.0,0.00,0.000,0.000,IDLE
2026-08-18T14:58:10.601834,0.0000000,0.0000000,0.00,0.0000,0.0000,0.0000,0.0,0.00,0.000,0.000,IDLE
2026-08-18T14:58:11.601916,0.0000000,0.0000000,0.00,0.0000,0.0000,0.0000,0.0,0.00,0.000,0.000,IDLE
2026-08-18T14:58:12.601811,0.0000000,0.0000000,0.00,0.0000,0.0000,0.0000,0.0,0.00,0.000,0.000,IDLE
2026-08-18T14:58:13.601908,0.0000000,0.0000000,0.00,0.0000,0.0000,0.0000,0.0,0.00,0.000,0.000,IDLE
2026-08-18T14:58:14.601972,0.0000000,0.0000000,0.00,0.0000,0.0000,0.0000,0.0,0.00,0.000,0.000,IDLE
2026-08-18T14:58:15.601820,0.0000000,0.0000000,0.00,0.0000,0.0000,0.0000,0.0,0.00,0.000,0.000,IDLE
2026-08-18T14:58:16.601927,0.0000000,0.0000000,0.00,0.0000,0.0000,0.0000,0.0,0.00,0.000,0.000,IDLE
2026-08-18T14:58:17.601835,0.0000000,0.0000000,0.00,0.0000,0.0000,0.0000,0.0,0.00,0.000,0.000,IDLE
2026-08-18T14:58:18.601955,0.0000000,0.0000000,0.00,0.0000,0.0000,0.0000,0.0,0.00,0.000,0.000,IDLE
2026-08-18T14:58:19.601965,0.0000000,0.0000000,0.00,0.0000,0.0000,0.0000,0.0,0.00,0.000,0.000,IDLE
2026-08-18T14:58:20.601903,0.0000000,0.0000000,0.00,0.0000,0.0000,0.0000,0.0,0.00,0.000,0.000,IDLE
2026-08-18T14:58:21.601862,0.0000000,0.0000000,0.00,0.0000,0.0000,0.0000,0.0,0.00,0.000,0.000,IDLE
2026-08-18T14:58:22.601798,0.0000000,0.0000000,0.00,0.0000,0.0000,0.0000,0.0,0.00,0.000,0.000,IDLE
2026-08-18T14:58:23.601928,0.0000000,0.0000000,0.00,0.0000,0.0000,0.0000,0.0,0.00,0.000,0.000,IDLE
2026-08-18T14:58:24.601903,0.0000000,0.0000000,0.00,0.0000,0.0000,0.0000,0.0,0.00,0.000,0.000,IDLE
2026-08-18T14:58:25.601912,0.0000000,0.0000000,0.00,0.0000,0.0000,0.0000,0.0,0.00,0.000,0.000,IDLE
2026-08-18T14:58:26.601858,0.0000000,0.0000000,0.00,0.0000,0.0000,0.0000,0.0,0.00,0.000,0.000,IDLE
2026-08-18T14:58:27.601785,0.0000000,0.0000000,0.00,0.0000,0.0000,0.0000,0.0,0.00,0.000,0.000,IDLE
2026-08-18T14:58:28.601921,0.0000000,0.0000000,0.00,0.0000,0.0000,0.0000,0.0,0.00,0.000,0.000,IDLE
2026-08-18T14:58:29.602184,0.0000000,0.0000000,0.00,0.0000,0.0000,0.0000,0.0,0.00,0.000,0.000,IDLE
2026-08-18T14:58:30.601919,0.0000000,0.0000000,0.00,0.0000,0.0000,0.0000,0.0,0.00,0.000,0.000,IDLE
2026-08-18T14:58:31.601893,0.0000000,0.0000000,0.00,0.0000,0.0000,0.0000,0.0,0.00,0.000,0.000,IDLE
2026-08-18T14:58:32.601844,0.0000000,0.0000000,0.00,0.0000,0.0000,0.0000,0.0,0.00,0.000,0.000,IDLE
2026-08-18T14:58:33.601847,0.0000000,0.0000000,0.00,0.0000,0.0000,0.0000,0.0,0.00,0.000,0.000,IDLE
2026-08-18T14:58:34.601894,0.0000000,0.0000000,0.00,0.0000,0.0000,0.0000,0.0,0.00,0.000,0.000,IDLE
2026-08-18T14:58:35.601930,0.0000000,0.0000000,0.00,0.0000,0.0000,0.0000,0.0,0.00,0.000,0.000,IDLE
2026-08-18T14:58:36.601757,0.0000000,0.0000000,0.00,0.0000,0.0000,0.0000,0.0,0.00,0.000,0.000,IDLE
2026-08-18T14:58:37.601915,0.0000000,0.0000000,0.00,0.0000,0.0000,0.0000,0.0,0.00,0.000,0.000,IDLE
2026-08-18T14:58:38.601860,0.0000000,0.0000000,0.00,0.0000,0.0000,0.0000,0.0,0.00,0.000,0.000,IDLE
2026-08-18T14:58:39.601794,0.0000000,0.0000000,0.00,0.0000,0.0000,0.0000,0.0,0.00,0.000,0.000,IDLE
2026-08-18T14:58:40.601926,0.0000000,0.0000000,0.00,0.0000,0.0000,0.0000,0.0,0.00,0.000,0.000,IDLE
2026-08-18T14:58:41.601924,0.0000000,0.0000000,0.00,0.0000,0.0000,0.0000,0.0,0.00,0.000,0.000,IDLE
2026-08-18T14:58:42.601815,0.0000000,0.0000000,0.00,0.0000,0.0000,0.0000,0.0,0.00,0.000,0.000,IDLE
2026-08-18T14:58:43.601848,0.0000000,0.0000000,0.00,0.0000,0.0000,0.0000,0.0,0.00,0.000,0.000,IDLE
2026-08-18T14:58:44.601868,0.0000000,0.0000000,0.00,0.0000,0.0000,0.0000,0.0,0.00,0.000,0.000,IDLE
2026-08-18T14:58:45.601810,0.0000000,0.0000000,0.00,0.0000,0.0000,0.0000,0.0,0.00,0.000,0.000,IDLE
2026-08-18T14:58:46.601809,0.0000000,0.0000000,0.00,0.0000,0.0000,0.0000,0.0,0.00,0.000,0.000,IDLE
2026-08-18T14:58:47.601809,0.0000000,0.0000000,0.00,0.0000,0.0000,0.0000,0.0,0.00,0.000,0.000,IDLE
2026-08-18T14:58:48.601845,0.0000000,0.0000000,0.00,0.0000,0.0000,0.0000,0.0,0.00,0.000,0.000,IDLE
2026-08-18T14:58:49.601933,0.0000000,0.0000000,0.00,0.0000,0.0000,0.0000,0.0,0.00,0.000,0.000,IDLE
2026-08-18T14:58:50.601867,0.0000000,0.0000000,0.00,0.0000,0.0000,0.0000,0.0,0.00,0.000,0.000,IDLE
2026-08-18T14:58:51.601938,0.0000000,0.0000000,0.00,0.0000,0.0000,0.0000,0.0,0.00,0.000,0.000,IDLE
2026-08-18T14:58:52.601815,0.0000000,0.0000000,0.00,0.0000,0.0000,0.0000,0.0,0.00,0.000,0.000,IDLE
2026-08-18T14:58:53.601923,0.0000000,0.0000000,0.00,0.0000,0.0000,0.0000,0.0,0.00,0.000,0.000,IDLE
2026-08-18T14:58:54.601921,0.0000000,0.0000000,0.00,0.0000,0.0000,0.0000,0.0,0.00,0.000,0.000,IDLE
2026-08-18T14:58:55.601839,0.0000000,0.0000000,0.00,0.0000,0.0000,0.0000,0.0,0.00,0.000,0.000,IDLE
2026-08-18T14:58:56.602082,0.0000000,0.0000000,0.00,0.0000,0.0000,0.0000,0.0,0.00,0.000,0.000,IDLE
2026-08-18T14:58:57.601812,0.0000000,0.0000000,0.00,0.0000,0.0000,0.0000,0.0,0.00,0.000,0.000,IDLE
2026-08-18T14:58:58.601929,0.0000000,0.0000000,0.00,0.0000,0.0000,0.0000,0.0,0.00,0.000,0.000,IDLE
2026-08-18T14:58:59.601799,0.0000000,0.0000000,0.00,0.0000,0.0000,0.0000,0.0,0.00,0.000,0.000,IDLE
2026-08-18T14:59:00.601837,0.0000000,0.0000000,0.00,0.0000,0.0000,0.0000,0.0,0.00,0.000,0.000,IDLE
2026-08-18T14:59:01.601932,0.0000000,0.0000000,0.00,0.0000,0.0000,0.0000,0.0,0.00,0.000,0.000,IDLE
2026-08-18T14:59:02.601948,0.0000000,0.0000000,0.00,0.0000,0.0000,0.0000,0.0,0.00,0.000,0.000,IDLE
2026-08-18T14:59:03.601794,0.0000000,0.0000000,0.00,0.0000,0.0000,0.0000,0.0,0.00,0.000,0.000,IDLE
2026-08-18T14:59:04.601790,0.0000000,0.0000000,0.00,0.0000,0.0000,0.0000,0.0,0.00,0.000,0.000,IDLE
2026-08-18T14:59:05.601951,0.0000000,0.0000000,0.00,0.0000,0.0000,0.0000,0.0,0.00,0.000,0.000,IDLE
2026-08-18T14:59:06.601927,0.0000000,0.0000000,0.00,0.0000,0.0000,0.0000,0.0,0.00,0.000,0.000,IDLE
2026-08-18T14:59:07.601941,0.0000000,0.0000000,0.00,0.0000,0.0000,0.0000,0.0,0.00,0.000,0.000,IDLE
2026-08-18T14:59:08.601893,0.0000000,0.0000000,0.00,0.0000,0.0000,0.0000,0.0,0.00,0.000,0.000,IDLE
2026-08-18T14:59:09.601855,0.0000000,0.0000000,0.00,0.0000,0.0000,0.0000,0.0,0.00,0.000,0.000,IDLE
2026-08-18T14:59:10.601891,0.0000000,0.0000000,0.00,0.0000,0.0000,0.0000,0.0,0.00,0.000,0.000,IDLE
2026-08-18T14:59:11.601898,0.0000000,0.0000000,0.00,0.0000,0.0000,0.0000,0.0,0.00,0.000,0.000,IDLE
2026-08-18T14:59:12.601854,0.0000000,0.0000000,0.00,0.0000,0.0000,0.0000,0.0,0.00,0.000,0.000,IDLE
2026-08-18T14:59:13.601803,0.0000000,0.0000000,0.00,0.0000,0.0000,0.0000,0.0,0.00,0.000,0.000,IDLE
2026-08-18T14:59:14.601826,0.0000000,0.0000000,0.00,0.0000,0.0000,0.0000,0.0,0.00,0.000,0.000,IDLE
2026-08-18T14:59:15.601955,0.0000000,0.0000000,0.00,0.0000,0.0000,0.0000,0.0,0.00,0.000,0.000,IDLE
2026-08-18T14:59:16.601795,0.0000000,0.0000000,0.00,0.0000,0.0000,0.0000,0.0,0.00,0.000,0.000,IDLE
2026-08-18T14:59:17.601799,0.0000000,0.0000000,0.00,0.0000,0.0000,0.0000,0.0,0.00,0.000,0.000,IDLE
2026-08-18T14:59:18.601897,0.0000000,0.0000000,0.00,0.0000,0.0000,0.0000,0.0,0.00,0.000,0.000,IDLE
2026-08-18T14:59:19.601922,0.0000000,0.0000000,0.00,0.0000,0.0000,0.0000,0.0,0.00,0.000,0.000,IDLE
2026-08-18T14:59:20.601825,0.0000000,0.0000000,0.00,0.0000,0.0000,0.0000,0.0,0.00,0.000,0.000,IDLE
2026-08-18T14:59:21.601814,0.0000000,0.0000000,0.00,0.0000,0.0000,0.0000,0.0,0.00,0.000,0.000,IDLE
2026-08-18T14:59:22.601935,0.0000000,0.0000000,0.00,0.0000,0.0000,0.0000,0.0,0.00,0.000,0.000,IDLE
2026-08-18T14:59:23.601949,0.0000000,0.0000000,0.00,0.0000,0.0000,0.0000,0.0,0.00,0.000,0.000,IDLE
2026-08-18T14:59:24.601947,0.0000000,0.0000000,0.00,0.0000,0.0000,0.0000,0.0,0.00,0.000,0.000,IDLE
2026-08-18T14:59:25.601852,0.0000000,0.0000000,0.00,0.0000,0.0000,0.0000,0.0,0.00,0.000,0.000,IDLE
2026-08-18T14:59:26.601815,0.0000000,0.0000000,0.00,0.0000,0.0000,0.0000,0.0,0.00,0.000,0.000,IDLE
2026-08-18T14:59:27.601924,0.0000000,0.0000000,0.00,0.0000,0.0000,0.0000,0.0,0.00,0.000,0.000,IDLE
2026-08-18T14:59:28.601959,0.0000000,0.0000000,0.00,0.0000,0.0000,0.0000,0.0,0.00,0.000,0.000,IDLE
2026-08-18T14:59:29.601939,0.0000000,0.0000000,0.00,0.0000,0.0000,0.0000,0.0,0.00,0.000,0.000,IDLE
2026-08-18T14:59:30.601775,0.0000000,0.0000000,0.00,0.0000,0.0000,0.0000,0.0,0.00,0.000,0.000,IDLE
2026-08-18T14:59:31.601874,0.0000000,0.0000000,0.00,0.0000,0.0000,0.0000,0.0,0.00,0.000,0.000,IDLE
2026-08-18T14:59:32.601817,0.0000000,0.0000000,0.00,0.0000,0.0000,0.0000,0.0,0.00,0.000,0.000,IDLE
2026-08-18T14:59:33.601780,0.0000000,0.0000000,0.00,0.0000,0.0000,0.0000,0.0,0.00,0.000,0.000,IDLE
2026-08-18T14:59:34.601812,0.0000000,0.0000000,0.00,0.0000,0.0000,0.0000,0.0,0.00,0.000,0.000,IDLE
2026-08-18T14:59:35.601911,0.0000000,0.0000000,0.00,0.0000,0.0000,0.0000,0.0,0.00,0.000,0.000,IDLE
2026-08-18T14:59:36.601950,0.0000000,0.0000000,0.00,0.0000,0.0000,0.0000,0.0,0.00,0.000,0.000,IDLE
2026-08-18T14:59:37.602111,0.0000000,0.0000000,0.00,0.0000,0.0000,0.0000,0.0,0.00,0.000,0.000,IDLE
2026-08-18T14:59:38.601793,0.0000000,0.0000000,0.00,0.0000,0.0000,0.0000,0.0,0.00,0.000,0.000,IDLE
2026-08-18T14:59:39.601919,0.0000000,0.0000000,0.00,0.0000,0.0000,0.0000,0.0,0.00,0.000,0.000,IDLE
2026-08-18T14:59:40.601894,0.0000000,0.0000000,0.00,0.0000,0.0000,0.0000,0.0,0.00,0.000,0.000,IDLE
2026-08-18T14:59:41.601899,0.0000000,0.0000000,0.00,0.0000,0.0000,0.0000,0.0,0.00,0.000,0.000,IDLE
2026-08-18T14:59:42.601910,0.0000000,0.0000000,0.00,0.0000,0.0000,0.0000,0.0,0.00,0.000,0.000,IDLE
2026-08-18T14:59:43.601958,0.0000000,0.0000000,0.00,0.0000,0.0000,0.0000,0.0,0.00,0.000,0.000,IDLE
2026-08-18T14:59:44.601928,0.0000000,0.0000000,0.00,0.0000,0.0000,0.0000,0.0,0.00,0.000,0.000,IDLE
2026-08-18T14:59:45.601867,0.0000000,0.0000000,0.00,0.0000,0.0000,0.0000,0.0,0.00,0.000,0.000,IDLE
2026-08-18T14:59:46.601984,0.0000000,0.0000000,0.00,0.0000,0.0000,0.0000,0.0,0.00,0.000,0.000,IDLE
2026-08-18T14:59:47.601897,0.0000000,0.0000000,0.00,0.0000,0.0000,0.0000,0.0,0.00,0.000,0.000,IDLE
2026-08-18T14:59:48.601910,0.0000000,0.0000000,0.00,0.0000,0.0000,0.0000,0.0,0.00,0.000,0.000,IDLE
2026-08-18T14:59:49.602192,0.0000000,0.0000000,0.00,0.0000,0.0000,0.0000,0.0,0.00,0.000,0.000,IDLE
2026-08-18T14:59:50.601940,0.0000000,0.0000000,0.00,0.0000,0.0000,0.0000,0.0,0.00,0.000,0.000,IDLE
2026-08-18T14:59:51.601778,0.0000000,0.0000000,0.00,0.0000,0.0000,0.0000,0.0,0.00,0.000,0.000,IDLE
2026-08-18T14:59:52.601889,0.0000000,0.0000000,0.00,0.0000,0.0000,0.0000,0.0,0.00,0.000,0.000,IDLE
2026-08-18T14:59:53.601901,0.0000000,0.0000000,0.00,0.0000,0.0000,0.0000,0.0,0.00,0.000,0.000,IDLE
2026-08-18T14:59:54.601824,0.0000000,0.0000000,0.00,0.0000,0.0000,0.0000,0.0,0.00,0.000,0.000,IDLE
2026-08-18T14:59:55.601909,0.0000000,0.0000000,0.00,0.0000,0.0000,0.0000,0.0,0.00,0.000,0.000,IDLE
2026-08-18T14:59:56.601976,0.0000000,0.0000000,0.00,0.0000,0.0000,0.0000,0.0,0.00,0.000,0.000,IDLE
2026-08-18T14:59:57.601957,0.0000000,0.0000000,0.00,0.0000,0.0000,0.0000,0.0,0.00,0.000,0.000,IDLE
2026-08-18T14:59:58.602111,0.0000000,0.0000000,0.00,0.0000,0.0000,0.0000,0.0,0.00,0.000,0.000,IDLE
2026-08-18T14:59:59.602196,0.0000000,0.0000000,0.00,0.0000,0.0000,0.0000,0.0,0.00,0.000,0.000,IDLE
2026-08-18T15:00:00.601927,0.0000000,0.0000000,0.00,0.0000,0.0000,0.0000,0.0,0.00,0.000,0.000,IDLE
2026-08-18T15:00:01.601990,0.0000000,0.0000000,0.00,0.0000,0.0000,0.0000,0.0,0.00,0.000,0.000,IDLE
2026-08-18T15:00:02.601921,0.0000000,0.0000000,0.00,0.0000,0.0000,0.0000,0.0,0.00,0.000,0.000,IDLE
2026-08-18T15:00:03.601842,0.0000000,0.0000000,0.00,0.0000,0.0000,0.0000,0.0,0.00,0.000,0.000,IDLE
2026-08-18T15:00:04.601803,0.0000000,0.0000000,0.00,0.0000,0.0000,0.0000,0.0,0.00,0.000,0.000,IDLE
2026-08-18T15:00:05.601885,0.0000000,0.0000000,0.00,0.0000,0.0000,0.0000,0.0,0.00,0.000,0.000,IDLE
2026-08-18T15:00:06.601896,0.0000000,0.0000000,0.00,0.0000,0.0000,0.0000,0.0,0.00,0.000,0.000,IDLE
2026-08-18T15:00:07.601845,0.0000000,0.0000000,0.00,0.0000,0.0000,0.0000,0.0,0.00,0.000,0.000,IDLE
2026-08-18T15:00:08.601926,0.0000000,0.0000000,0.00,0.0000,0.0000,0.0000,0.0,0.00,0.000,0.000,IDLE
2026-08-18T15:00:09.601916,0.0000000,0.0000000,0.00,0.0000,0.0000,0.0000,0.0,0.00,0.000,0.000,IDLE
2026-08-18T15:00:10.601928,0.0000000,0.0000000,0.00,0.0000,0.0000,0.0000,0.0,0.00,0.000,0.000,IDLE
2026-08-18T15:00:11.601953,0.0000000,0.0000000,0.00,0.0000,0.0000,0.0000,0.0,0.00,0.000,0.000,IDLE
2026-08-18T15:00:12.601938,0.0000000,0.0000000,0.00,0.0000,0.0000,0.0000,0.0,0.00,0.000,0.000,IDLE
2026-08-18T15:00:13.601792,0.0000000,0.0000000,0.00,0.0000,0.0000,0.0000,0.0,0.00,0.000,0.000,IDLE
2026-08-18T15:00:14.601920,0.0000000,0.0000000,0.00,0.0000,0.0000,0.0000,0.0,0.00,0.000,0.000,IDLE
2026-08-18T15:00:15.601867,0.0000000,0.0000000,0.00,0.0000,0.0000,0.0000,0.0,0.00,0.000,0.000,IDLE
2026-08-18T15:00:16.601865,0.0000000,0.0000000,0.00,0.0000,0.0000,0.0000,0.0,0.00,0.000,0.000,IDLE
2026-08-18T15:00:17.601855,0.0000000,0.0000000,0.00,0.0000,0.0000,0.0000,0.0,0.00,0.000,0.000,IDLE
2026-08-18T15:00:18.601930,0.0000000,0.0000000,0.00,0.0000,0.0000,0.0000,0.0,0.00,0.000,0.000,IDLE
2026-08-18T15:00:19.601810,0.0000000,0.0000000,0.00,0.0000,0.0000,0.0000,0.0,0.00,0.000,0.000,IDLE
2026-08-18T15:00:20.601936,0.0000000,0.0000000,0.00,0.0000,0.0000,0.0000,0.0,0.00,0.000,0.000,IDLE
2026-08-18T15:00:21.601863,0.0000000,0.0000000,0.00,0.0000,0.0000,0.0000,0.0,0.00,0.000,0.000,IDLE
2026-08-18T15:00:22.601898,0.0000000,0.0000000,0.00,0.0000,0.0000,0.0000,0.0,0.00,0.000,0.000,IDLE
2026-08-18T15:00:23.601862,0.0000000,0.0000000,0.00,0.0000,0.0000,0.0000,0.0,0.00,0.000,0.000,IDLE
2026-08-18T15:00:24.601914,0.0000000,0.0000000,0.00,0.0000,0.0000,0.0000,0.0,0.00,0.000,0.000,IDLE
2026-08-18T15:00:25.601832,0.0000000,0.0000000,0.00,0.0000,0.0000,0.0000,0.0,0.00,0.000,0.000,IDLE
2026-08-18T15:00:26.601917,0.0000000,0.0000000,0.00,0.0000,0.0000,0.0000,0.0,0.00,0.000,0.000,IDLE
2026-08-18T15:00:27.601843,0.0000000,0.0000000,0.00,0.0000,0.0000,0.0000,0.0,0.00,0.000,0.000,IDLE
2026-08-18T15:00:28.601910,0.0000000,0.0000000,0.00,0.0000,0.0000,0.0000,0.0,0.00,0.000,0.000,IDLE
2026-08-18T15:00:29.601892,0.0000000,0.0000000,0.00,0.0000,0.0000,0.0000,0.0,0.00,0.000,0.000,IDLE
2026-08-18T15:00:30.601913,0.0000000,0.0000000,0.00,0.0000,0.0000,0.0000,0.0,0.00,0.000,0.000,IDLE
2026-08-18T15:00:31.601922,0.0000000,0.0000000,0.00,0.0000,0.0000,0.0000,0.0,0.00,0.000,0.000,IDLE
2026-08-18T15:00:32.601890,0.0000000,0.0000000,0.00,0.0000,0.0000,0.0000,0.0,0.00,0.000,0.000,IDLE
2026-08-18T15:00:33.601902,0.0000000,0.0000000,0.00,0.0000,0.0000,0.0000,0.0,0.00,0.000,0.000,IDLE
2026-08-18T15:00:34.601916,0.0000000,0.0000000,0.00,0.0000,0.0000,0.0000,0.0,0.00,0.000,0.000,IDLE
2026-08-18T15:00:35.601907,0.0000000,0.0000000,0.00,0.0000,0.0000,0.0000,0.0,0.00,0.000,0.000,IDLE
2026-08-18T15:00:36.601880,0.0000000,0.0000000,0.00,0.0000,0.0000,0.0000,0.0,0.00,0.000,0.000,IDLE
2026-08-18T15:00:37.601864,0.0000000,0.0000000,0.00,0.0000,0.0000,0.0000,0.0,0.00,0.000,0.000,IDLE
2026-08-18T15:00:38.601806,0.0000000,0.0000000,0.00,0.0000,0.0000,0.0000,0.0,0.00,0.000,0.000,IDLE
2026-08-18T15:00:39.601903,0.0000000,0.0000000,0.00,0.0000,0.0000,0.0000,0.0,0.00,0.000,0.000,IDLE
2026-08-18T15:00:40.601906,0.0000000,0.0000000,0.00,0.0000,0.0000,0.0000,0.0,0.00,0.000,0.000,IDLE
2026-08-18T15:00:41.601907,0.0000000,0.0000000,0.00,0.0000,0.0000,0.0000,0.0,0.00,0.000,0.000,IDLE
2026-08-18T15:00:42.601906,0.0000000,0.0000000,0.00,0.0000,0.0000,0.0000,0.0,0.00,0.000,0.000,IDLE
2026-08-18T15:00:43.601950,0.0000000,0.0000000,0.00,0.0000,0.0000,0.0000,0.0,0.00,0.000,0.000,IDLE
2026-08-18T15:00:44.601921,0.0000000,0.0000000,0.00,0.0000,0.0000,0.0000,0.0,0.00,0.000,0.000,IDLE
2026-08-18T15:00:45.601845,0.0000000,0.0000000,0.00,0.0000,0.0000,0.0000,0.0,0.00,0.000,0.000,IDLE
2026-08-18T15:00:46.601819,0.0000000,0.0000000,0.00,0.0000,0.0000,0.0000,0.0,0.00,0.000,0.000,IDLE
2026-08-18T15:00:47.601951,0.0000000,0.0000000,0.00,0.0000,0.0000,0.0000,0.0,0.00,0.000,0.000,IDLE
2026-08-18T15:00:48.601899,0.0000000,0.0000000,0.00,0.0000,0.0000,0.0000,0.0,0.00,0.000,0.000,IDLE
2026-08-18T15:00:49.601942,0.0000000,0.0000000,0.00,0.0000,0.0000,0.0000,0.0,0.00,0.000,0.000,IDLE
2026-08-18T15:00:50.601900,0.0000000,0.0000000,0.00,0.0000,0.0000,0.0000,0.0,0.00,0.000,0.000,IDLE
2026-08-18T15:00:51.601778,0.0000000,0.0000000,0.00,0.0000,0.0000,0.0000,0.0,0.00,0.000,0.000,IDLE
2026-08-18T15:00:52.601853,0.0000000,0.0000000,0.00,0.0000,0.0000,0.0000,0.0,0.00,0.000,0.000,IDLE
2026-08-18T15:00:53.601947,0.0000000,0.0000000,0.00,0.0000,0.0000,0.0000,0.0,0.00,0.000,0.000,IDLE
2026-08-18T15:00:54.601988,0.0000000,0.0000000,0.00,0.0000,0.0000,0.0000,0.0,0.00,0.000,0.000,IDLE
2026-08-18T15:00:55.601807,0.0000000,0.0000000,0.00,0.0000,0.0000,0.0000,0.0,0.00,0.000,0.000,IDLE
2026-08-18T15:00:56.601920,0.0000000,0.0000000,0.00,0.0000,0.0000,0.0000,0.0,0.00,0.000,0.000,IDLE
2026-08-18T15:00:57.601817,0.0000000,0.0000000,0.00,0.0000,0.0000,0.0000,0.0,0.00,0.000,0.000,IDLE
2026-08-18T15:00:58.601905,0.0000000,0.0000000,0.00,0.0000,0.0000,0.0000,0.0,0.00,0.000,0.000,IDLE
2026-08-18T15:00:59.601891,0.0000000,0.0000000,0.00,0.0000,0.0000,0.0000,0.0,0.00,0.000,0.000,IDLE
2026-08-18T15:01:00.601758,0.0000000,0.0000000,0.00,0.0000,0.0000,0.0000,0.0,0.00,0.000,0.000,IDLE
2026-08-18T15:01:01.601894,0.0000000,0.0000000,0.00,0.0000,0.0000,0.0000,0.0,0.00,0.000,0.000,IDLE
2026-08-18T15:01:02.601786,0.0000000,0.0000000,0.00,0.0000,0.0000,0.0000,0.0,0.00,0.000,0.000,IDLE
2026-08-18T15:01:03.601822,0.0000000,0.0000000,0.00,0.0000,0.0000,0.0000,0.0,0.00,0.000,0.000,IDLE
2026-08-18T15:01:04.601858,0.0000000,0.0000000,0.00,0.0000,0.0000,0.0000,0.0,0.00,0.000,0.000,IDLE
2026-08-18T15:01:05.601816,0.0000000,0.0000000,0.00,0.0000,0.0000,0.0000,0.0,0.00,0.000,0.000,IDLE
2026-08-18T15:01:06.601852,0.0000000,0.0000000,0.00,0.0000,0.0000,0.0000,0.0,0.00,0.000,0.000,IDLE
2026-08-18T15:01:07.601952,0.0000000,0.0000000,0.00,0.0000,0.0000,0.0000,0.0,0.00,0.000,0.000,IDLE
2026-08-18T15:01:08.601887,0.0000000,0.0000000,0.00,0.0000,0.0000,0.0000,0.0,0.00,0.000,0.000,IDLE
2026-08-18T15:01:09.601845,0.0000000,0.0000000,0.00,0.0000,0.0000,0.0000,0.0,0.00,0.000,0.000,IDLE
2026-08-18T15:01:10.602080,0.0000000,0.0000000,0.00,0.0000,0.0000,0.0000,0.0,0.00,0.000,0.000,IDLE
2026-08-18T15:01:11.601816,0.0000000,0.0000000,0.00,0.0000,0.0000,0.0000,0.0,0.00,0.000,0.000,IDLE
2026-08-18T15:01:12.601820,0.0000000,0.0000000,0.00,0.0000,0.0000,0.0000,0.0,0.00,0.000,0.000,IDLE
2026-08-18T15:01:13.601818,0.0000000,0.0000000,0.00,0.0000,0.0000,0.0000,0.0,0.00,0.000,0.000,IDLE
2026-08-18T15:01:14.601833,0.0000000,0.0000000,0.00,0.0000,0.0000,0.0000,0.0,0.00,0.000,0.000,IDLE
2026-08-18T15:01:15.601845,0.0000000,0.0000000,0.00,0.0000,0.0000,0.0000,0.0,0.00,0.000,0.000,IDLE
2026-08-18T15:01:16.601811,0.0000000,0.0000000,0.00,0.0000,0.0000,0.0000,0.0,0.00,0.000,0.000,IDLE
2026-08-18T15:01:17.601811,0.0000000,0.0000000,0.00,0.0000,0.0000,0.0000,0.0,0.00,0.000,0.000,IDLE
2026-08-18T15:01:18.601784,0.0000000,0.0000000,0.00,0.0000,0.0000,0.0000,0.0,0.00,0.000,0.000,IDLE
2026-08-18T15:01:19.601856,0.0000000,0.0000000,0.00,0.0000,0.0000,0.0000,0.0,0.00,0.000,0.000,IDLE
2026-08-18T15:01:20.601805,0.0000000,0.0000000,0.00,0.0000,0.0000,0.0000,0.0,0.00,0.000,0.000,IDLE
2026-08-18T15:01:21.601850,0.0000000,0.0000000,0.00,0.0000,0.0000,0.0000,0.0,0.00,0.000,0.000,IDLE
2026-08-18T15:01:22.601811,0.0000000,0.0000000,0.00,0.0000,0.0000,0.0000,0.0,0.00,0.000,0.000,IDLE
2026-08-18T15:01:23.601809,0.0000000,0.0000000,0.00,0.0000,0.0000,0.0000,0.0,0.00,0.000,0.000,IDLE
2026-08-18T15:01:24.601828,0.0000000,0.0000000,0.00,0.0000,0.0000,0.0000,0.0,0.00,0.000,0.000,IDLE
2026-08-18T15:01:25.601871,0.0000000,0.0000000,0.00,0.0000,0.0000,0.0000,0.0,0.00,0.000,0.000,IDLE
2026-08-18T15:01:26.601897,0.0000000,0.0000000,0.00,0.0000,0.0000,0.0000,0.0,0.00,0.000,0.000,IDLE
2026-08-18T15:01:27.601918,0.0000000,0.0000000,0.00,0.0000,0.0000,0.0000,0.0,0.00,0.000,0.000,IDLE
2026-08-18T15:01:28.601883,0.0000000,0.0000000,0.00,0.0000,0.0000,0.0000,0.0,0.00,0.000,0.000,IDLE
2026-08-18T15:01:29.601830,0.0000000,0.0000000,0.00,0.0000,0.0000,0.0000,0.0,0.00,0.000,0.000,IDLE
2026-08-18T15:01:30.601854,0.0000000,0.0000000,0.00,0.0000,0.0000,0.0000,0.0,0.00,0.000,0.000,IDLE
2026-08-18T15:01:31.602164,0.0000000,0.0000000,0.00,0.0000,0.0000,0.0000,0.0,0.00,0.000,0.000,IDLE
2026-08-18T15:01:32.601797,0.0000000,0.0000000,0.00,0.0000,0.0000,0.0000,0.0,0.00,0.000,0.000,IDLE
2026-08-18T15:01:33.601834,0.0000000,0.0000000,0.00,0.0000,0.0000,0.0000,0.0,0.00,0.000,0.000,IDLE
2026-08-18T15:01:34.601931,0.0000000,0.0000000,0.00,0.0000,0.0000,0.0000,0.0,0.00,0.000,0.000,IDLE
2026-08-18T15:01:35.601915,0.0000000,0.0000000,0.00,0.0000,0.0000,0.0000,0.0,0.00,0.000,0.000,IDLE
2026-08-18T15:01:36.601857,0.0000000,0.0000000,0.00,0.0000,0.0000,0.0000,0.0,0.00,0.000,0.000,IDLE
2026-08-18T15:01:37.601798,0.0000000,0.0000000,0.00,0.0000,0.0000,0.0000,0.0,0.00,0.000,0.000,IDLE
2026-08-18T15:01:38.601950,0.0000000,0.0000000,0.00,0.0000,0.0000,0.0000,0.0,0.00,0.000,0.000,IDLE
2026-08-18T15:01:39.601813,0.0000000,0.0000000,0.00,0.0000,0.0000,0.0000,0.0,0.00,0.000,0.000,IDLE
2026-08-18T15:01:40.601935,0.0000000,0.0000000,0.00,0.0000,0.0000,0.0000,0.0,0.00,0.000,0.000,IDLE
2026-08-18T15:01:41.601816,0.0000000,0.0000000,0.00,0.0000,0.0000,0.0000,0.0,0.00,0.000,0.000,IDLE
2026-08-18T15:01:42.601824,0.0000000,0.0000000,0.00,0.0000,0.0000,0.0000,0.0,0.00,0.000,0.000,IDLE
2026-08-18T15:01:43.601968,0.0000000,0.0000000,0.00,0.0000,0.0000,0.0000,0.0,0.00,0.000,0.000,IDLE
2026-08-18T15:01:44.601874,0.0000000,0.0000000,0.00,0.0000,0.0000,0.0000,0.0,0.00,0.000,0.000,IDLE
2026-08-18T15:01:45.601902,0.0000000,0.0000000,0.00,0.0000,0.0000,0.0000,0.0,0.00,0.000,0.000,IDLE
2026-08-18T15:01:46.601810,0.0000000,0.0000000,0.00,0.0000,0.0000,0.0000,0.0,0.00,0.000,0.000,IDLE
2026-08-18T15:01:47.601827,0.0000000,0.0000000,0.00,0.0000,0.0000,0.0000,0.0,0.00,0.000,0.000,IDLE
2026-08-18T15:01:48.602230,0.0000000,0.0000000,0.00,0.0000,0.0000,0.0000,0.0,0.00,0.000,0.000,IDLE
2026-08-18T15:01:49.601890,0.0000000,0.0000000,0.00,0.0000,0.0000,0.0000,0.0,0.00,0.000,0.000,IDLE
2026-08-18T15:01:50.602192,0.0000000,0.0000000,0.00,0.0000,0.0000,0.0000,0.0,0.00,0.000,0.000,IDLE
2026-08-18T15:01:51.601886,0.0000000,0.0000000,0.00,0.0000,0.0000,0.0000,0.0,0.00,0.000,0.000,IDLE
2026-08-18T15:01:52.601884,0.0000000,0.0000000,0.00,0.0000,0.0000,0.0000,0.0,0.00,0.000,0.000,IDLE
2026-08-18T15:01:53.601839,0.0000000,0.0000000,0.00,0.0000,0.0000,0.0000,0.0,0.00,0.000,0.000,IDLE
2026-08-18T15:01:54.601967,0.0000000,0.0000000,0.00,0.0000,0.0000,0.0000,0.0,0.00,0.000,0.000,IDLE
2026-08-18T15:01:55.601988,0.0000000,0.0000000,0.00,0.0000,0.0000,0.0000,0.0,0.00,0.000,0.000,IDLE
2026-08-18T15:01:56.601951,0.0000000,0.0000000,0.00,0.0000,0.0000,0.0000,0.0,0.00,0.000,0.000,IDLE
2026-08-18T15:01:57.601969,0.0000000,0.0000000,0.00,0.0000,0.0000,0.0000,0.0,0.00,0.000,0.000,IDLE
2026-08-18T15:01:58.601912,0.0000000,0.0000000,0.00,0.0000,0.0000,0.0000,0.0,0.00,0.000,0.000,IDLE
2026-08-18T15:01:59.601823,0.0000000,0.0000000,0.00,0.0000,0.0000,0.0000,0.0,0.00,0.000,0.000,IDLE
2026-08-18T15:02:00.601909,0.0000000,0.0000000,0.00,0.0000,0.0000,0.0000,0.0,0.00,0.000,0.000,IDLE
2026-08-18T15:02:01.601930,0.0000000,0.0000000,0.00,0.0000,0.0000,0.0000,0.0,0.00,0.000,0.000,IDLE
2026-08-18T15:02:02.601810,0.0000000,0.0000000,0.00,0.0000,0.0000,0.0000,0.0,0.00,0.000,0.000,IDLE
2026-08-18T15:02:03.601816,0.0000000,0.0000000,0.00,0.0000,0.0000,0.0000,0.0,0.00,0.000,0.000,IDLE
2026-08-18T15:02:04.601937,0.0000000,0.0000000,0.00,0.0000,0.0000,0.0000,0.0,0.00,0.000,0.000,IDLE
2026-08-18T15:02:05.601887,0.0000000,0.0000000,0.00,0.0000,0.0000,0.0000,0.0,0.00,0.000,0.000,IDLE
2026-08-18T15:02:06.601796,0.0000000,0.0000000,0.00,0.0000,0.0000,0.0000,0.0,0.00,0.000,0.000,IDLE
2026-08-18T15:02:07.601817,0.0000000,0.0000000,0.00,0.0000,0.0000,0.0000,0.0,0.00,0.000,0.000,IDLE
2026-08-18T15:02:08.601806,0.0000000,0.0000000,0.00,0.0000,0.0000,0.0000,0.0,0.00,0.000,0.000,IDLE
2026-08-18T15:02:09.601814,0.0000000,0.0000000,0.00,0.0000,0.0000,0.0000,0.0,0.00,0.000,0.000,IDLE
2026-08-18T15:02:10.601810,0.0000000,0.0000000,0.00,0.0000,0.0000,0.0000,0.0,0.00,0.000,0.000,IDLE
2026-08-18T15:02:11.601830,0.0000000,0.0000000,0.00,0.0000,0.0000,0.0000,0.0,0.00,0.000,0.000,IDLE
2026-08-18T15:02:12.601868,0.0000000,0.0000000,0.00,0.0000,0.0000,0.0000,0.0,0.00,0.000,0.000,IDLE
2026-08-18T15:02:13.602042,0.0000000,0.0000000,0.00,0.0000,0.0000,0.0000,0.0,0.00,0.000,0.000,IDLE
2026-08-18T15:02:14.601829,0.0000000,0.0000000,0.00,0.0000,0.0000,0.0000,0.0,0.00,0.000,0.000,IDLE
2026-08-18T15:02:15.601827,0.0000000,0.0000000,0.00,0.0000,0.0000,0.0000,0.0,0.00,0.000,0.000,IDLE
2026-08-18T15:02:16.601854,0.0000000,0.0000000,0.00,0.0000,0.0000,0.0000,0.0,0.00,0.000,0.000,IDLE
2026-08-18T15:02:17.601795,0.0000000,0.0000000,0.00,0.0000,0.0000,0.0000,0.0,0.00,0.000,0.000,IDLE
2026-08-18T15:02:18.601798,0.0000000,0.0000000,0.00,0.0000,0.0000,0.0000,0.0,0.00,0.000,0.000,IDLE
2026-08-18T15:02:19.601813,0.0000000,0.0000000,0.00,0.0000,0.0000,0.0000,0.0,0.00,0.000,0.000,IDLE
2026-08-18T15:02:20.601842,0.0000000,0.0000000,0.00,0.0000,0.0000,0.0000,0.0,0.00,0.000,0.000,IDLE
2026-08-18T15:02:21.601950,0.0000000,0.0000000,0.00,0.0000,0.0000,0.0000,0.0,0.00,0.000,0.000,IDLE
2026-08-18T15:02:22.601972,0.0000000,0.0000000,0.00,0.0000,0.0000,0.0000,0.0,0.00,0.000,0.000,IDLE
2026-08-18T15:02:23.601853,0.0000000,0.0000000,0.00,0.0000,0.0000,0.0000,0.0,0.00,0.000,0.000,IDLE
2026-08-18T15:02:24.601800,0.0000000,0.0000000,0.00,0.0000,0.0000,0.0000,0.0,0.00,0.000,0.000,IDLE
2026-08-18T15:02:25.601958,0.0000000,0.0000000,0.00,0.0000,0.0000,0.0000,0.0,0.00,0.000,0.000,IDLE
2026-08-18T15:02:26.601971,0.0000000,0.0000000,0.00,0.0000,0.0000,0.0000,0.0,0.00,0.000,0.000,IDLE
2026-08-18T15:02:27.601831,0.0000000,0.0000000,0.00,0.0000,0.0000,0.0000,0.0,0.00,0.000,0.000,IDLE
2026-08-18T15:02:28.601817,0.0000000,0.0000000,0.00,0.0000,0.0000,0.0000,0.0,0.00,0.000,0.000,IDLE
2026-08-18T15:02:29.601867,0.0000000,0.0000000,0.00,0.0000,0.0000,0.0000,0.0,0.00,0.000,0.000,IDLE
2026-08-18T15:02:30.601834,0.0000000,0.0000000,0.00,0.0000,0.0000,0.0000,0.0,0.00,0.000,0.000,IDLE
2026-08-18T15:02:31.601969,0.0000000,0.0000000,0.00,0.0000,0.0000,0.0000,0.0,0.00,0.000,0.000,IDLE
2026-08-18T15:02:32.601832,0.0000000,0.0000000,0.00,0.0000,0.0000,0.0000,0.0,0.00,0.000,0.000,IDLE
2026-08-18T15:02:33.601827,0.0000000,0.0000000,0.00,0.0000,0.0000,0.0000,0.0,0.00,0.000,0.000,IDLE
2026-08-18T15:02:34.601816,0.0000000,0.0000000,0.00,0.0000,0.0000,0.0000,0.0,0.00,0.000,0.000,IDLE
2026-08-18T15:02:35.601837,0.0000000,0.0000000,0.00,0.0000,0.0000,0.0000,0.0,0.00,0.000,0.000,IDLE
2026-08-18T15:02:36.601900,0.0000000,0.0000000,0.00,0.0000,0.0000,0.0000,0.0,0.00,0.000,0.000,IDLE
2026-08-18T15:02:37.601975,0.0000000,0.0000000,0.00,0.0000,0.0000,0.0000,0.0,0.00,0.000,0.000,IDLE
2026-08-18T15:02:38.601897,0.0000000,0.0000000,0.00,0.0000,0.0000,0.0000,0.0,0.00,0.000,0.000,IDLE
2026-08-18T15:02:39.601957,0.0000000,0.0000000,0.00,0.0000,0.0000,0.0000,0.0,0.00,0.000,0.000,IDLE
2026-08-18T15:02:40.601830,0.0000000,0.0000000,0.00,0.0000,0.0000,0.0000,0.0,0.00,0.000,0.000,IDLE
2026-08-18T15:02:41.601813,0.0000000,0.0000000,0.00,0.0000,0.0000,0.0000,0.0,0.00,0.000,0.000,IDLE
2026-08-18T15:02:42.601809,0.0000000,0.0000000,0.00,0.0000,0.0000,0.0000,0.0,0.00,0.000,0.000,IDLE
2026-08-18T15:02:43.601954,0.0000000,0.0000000,0.00,0.0000,0.0000,0.0000,0.0,0.00,0.000,0.000,IDLE
2026-08-18T15:02:44.601892,0.0000000,0.0000000,0.00,0.0000,0.0000,0.0000,0.0,0.00,0.000,0.000,IDLE
2026-08-18T15:02:45.601894,0.0000000,0.0000000,0.00,0.0000,0.0000,0.0000,0.0,0.00,0.000,0.000,IDLE
2026-08-18T15:02:46.601922,0.0000000,0.0000000,0.00,0.0000,0.0000,0.0000,0.0,0.00,0.000,0.000,IDLE
2026-08-18T15:02:47.601934,0.0000000,0.0000000,0.00,0.0000,0.0000,0.0000,0.0,0.00,0.000,0.000,IDLE
2026-08-18T15:02:48.601922,0.0000000,0.0000000,0.00,0.0000,0.0000,0.0000,0.0,0.00,0.000,0.000,IDLE
2026-08-18T15:02:49.601993,0.0000000,0.0000000,0.00,0.0000,0.0000,0.0000,0.0,0.00,0.000,0.000,IDLE
2026-08-18T15:02:50.601988,0.0000000,0.0000000,0.00,0.0000,0.0000,0.0000,0.0,0.00,0.000,0.000,IDLE
2026-08-18T15:02:51.602202,0.0000000,0.0000000,0.00,0.0000,0.0000,0.0000,0.0,0.00,0.000,0.000,IDLE
2026-08-18T15:02:52.601873,0.0000000,0.0000000,0.00,0.0000,0.0000,0.0000,0.0,0.00,0.000,0.000,IDLE
2026-08-18T15:02:53.601984,0.0000000,0.0000000,0.00,0.0000,0.0000,0.0000,0.0,0.00,0.000,0.000,IDLE
2026-08-18T15:02:54.601964,0.0000000,0.0000000,0.00,0.0000,0.0000,0.0000,0.0,0.00,0.000,0.000,IDLE
2026-08-18T15:02:55.601772,0.0000000,0.0000000,0.00,0.0000,0.0000,0.0000,0.0,0.00,0.000,0.000,IDLE
2026-08-18T15:02:56.601942,0.0000000,0.0000000,0.00,0.0000,0.0000,0.0000,0.0,0.00,0.000,0.000,IDLE
2026-08-18T15:02:57.601930,0.0000000,0.0000000,0.00,0.0000,0.0000,0.0000,0.0,0.00,0.000,0.000,IDLE
2026-08-18T15:02:58.601810,0.0000000,0.0000000,0.00,0.0000,0.0000,0.0000,0.0,0.00,0.000,0.000,IDLE
2026-08-18T15:02:59.601943,0.0000000,0.0000000,0.00,0.0000,0.0000,0.0000,0.0,0.00,0.000,0.000,IDLE
2026-08-18T15:03:00.602005,0.0000000,0.0000000,0.00,0.0000,0.0000,0.0000,0.0,0.00,0.000,0.000,IDLE
2026-08-18T15:03:01.601831,0.0000000,0.0000000,0.00,0.0000,0.0000,0.0000,0.0,0.00,0.000,0.000,IDLE
2026-08-18T15:03:02.601815,0.0000000,0.0000000,0.00,0.0000,0.0000,0.0000,0.0,0.00,0.000,0.000,IDLE
2026-08-18T15:03:03.601837,0.0000000,0.0000000,0.00,0.0000,0.0000,0.0000,0.0,0.00,0.000,0.000,IDLE
2026-08-18T15:03:04.604082,0.0000000,0.0000000,0.00,0.0000,0.0000,0.0000,0.0,0.00,0.000,0.000,IDLE
2026-08-18T15:03:05.601964,0.0000000,0.0000000,0.00,0.0000,0.0000,0.0000,0.0,0.00,0.000,0.000,IDLE
2026-08-18T15:03:06.601848,0.0000000,0.0000000,0.00,0.0000,0.0000,0.0000,0.0,0.00,0.000,0.000,IDLE
2026-08-18T15:03:07.601815,0.0000000,0.0000000,0.00,0.0000,0.0000,0.0000,0.0,0.00,0.000,0.000,IDLE
2026-08-18T15:03:08.601917,0.0000000,0.0000000,0.00,0.0000,0.0000,0.0000,0.0,0.00,0.000,0.000,IDLE
2026-08-18T15:03:09.601900,0.0000000,0.0000000,0.00,0.0000,0.0000,0.0000,0.0,0.00,0.000,0.000,IDLE
2026-08-18T15:03:10.601853,0.0000000,0.0000000,0.00,0.0000,0.0000,0.0000,0.0,0.00,0.000,0.000,IDLE
2026-08-18T15:03:11.601867,0.0000000,0.0000000,0.00,0.0000,0.0000,0.0000,0.0,0.00,0.000,0.000,IDLE
2026-08-18T15:03:12.601960,0.0000000,0.0000000,0.00,0.0000,0.0000,0.0000,0.0,0.00,0.000,0.000,IDLE
2026-08-18T15:03:13.601952,0.0000000,0.0000000,0.00,0.0000,0.0000,0.0000,0.0,0.00,0.000,0.000,IDLE
2026-08-18T15:03:14.601924,0.0000000,0.0000000,0.00,0.0000,0.0000,0.0000,0.0,0.00,0.000,0.000,IDLE
2026-08-18T15:03:15.601888,0.0000000,0.0000000,0.00,0.0000,0.0000,0.0000,0.0,0.00,0.000,0.000,IDLE
2026-08-18T15:03:16.601981,0.0000000,0.0000000,0.00,0.0000,0.0000,0.0000,0.0,0.00,0.000,0.000,IDLE
2026-08-18T15:03:17.601937,0.0000000,0.0000000,0.00,0.0000,0.0000,0.0000,0.0,0.00,0.000,0.000,IDLE
2026-08-18T15:03:18.601894,0.0000000,0.0000000,0.00,0.0000,0.0000,0.0000,0.0,0.00,0.000,0.000,IDLE
2026-08-18T15:03:19.601832,0.0000000,0.0000000,0.00,0.0000,0.0000,0.0000,0.0,0.00,0.000,0.000,IDLE
2026-08-18T15:03:20.602027,0.0000000,0.0000000,0.00,0.0000,0.0000,0.0000,0.0,0.00,0.000,0.000,IDLE
2026-08-18T15:03:21.601945,0.0000000,0.0000000,0.00,0.0000,0.0000,0.0000,0.0,0.00,0.000,0.000,IDLE
2026-08-18T15:03:22.601923,0.0000000,0.0000000,0.00,0.0000,0.0000,0.0000,0.0,0.00,0.000,0.000,IDLE
2026-08-18T15:03:23.601828,0.0000000,0.0000000,0.00,0.0000,0.0000,0.0000,0.0,0.00,0.000,0.000,IDLE
2026-08-18T15:03:24.601880,0.0000000,0.0000000,0.00,0.0000,0.0000,0.0000,0.0,0.00,0.000,0.000,IDLE
2026-08-18T15:03:25.601943,0.0000000,0.0000000,0.00,0.0000,0.0000,0.0000,0.0,0.00,0.000,0.000,IDLE
2026-08-18T15:03:26.601962,0.0000000,0.0000000,0.00,0.0000,0.0000,0.0000,0.0,0.00,0.000,0.000,IDLE
2026-08-18T15:03:27.601889,0.0000000,0.0000000,0.00,0.0000,0.0000,0.0000,0.0,0.00,0.000,0.000,IDLE
2026-08-18T15:03:28.601795,0.0000000,0.0000000,0.00,0.0000,0.0000,0.0000,0.0,0.00,0.000,0.000,IDLE
2026-08-18T15:03:29.601914,0.0000000,0.0000000,0.00,0.0000,0.0000,0.0000,0.0,0.00,0.000,0.000,IDLE
2026-08-18T15:03:30.601961,0.0000000,0.0000000,0.00,0.0000,0.0000,0.0000,0.0,0.00,0.000,0.000,IDLE
2026-08-18T15:03:31.601801,0.0000000,0.0000000,0.00,0.0000,0.0000,0.0000,0.0,0.00,0.000,0.000,IDLE
2026-08-18T15:03:32.601925,0.0000000,0.0000000,0.00,0.0000,0.0000,0.0000,0.0,0.00,0.000,0.000,IDLE
2026-08-18T15:03:33.601970,0.0000000,0.0000000,0.00,0.0000,0.0000,0.0000,0.0,0.00,0.000,0.000,IDLE
2026-08-18T15:03:34.602005,0.0000000,0.0000000,0.00,0.0000,0.0000,0.0000,0.0,0.00,0.000,0.000,IDLE
2026-08-18T15:03:35.601859,0.0000000,0.0000000,0.00,0.0000,0.0000,0.0000,0.0,0.00,0.000,0.000,IDLE
2026-08-18T15:03:36.601805,0.0000000,0.0000000,0.00,0.0000,0.0000,0.0000,0.0,0.00,0.000,0.000,IDLE
2026-08-18T15:03:37.601837,0.0000000,0.0000000,0.00,0.0000,0.0000,0.0000,0.0,0.00,0.000,0.000,IDLE
2026-08-18T15:03:38.601941,0.0000000,0.0000000,0.00,0.0000,0.0000,0.0000,0.0,0.00,0.000,0.000,IDLE
2026-08-18T15:03:39.601959,0.0000000,0.0000000,0.00,0.0000,0.0000,0.0000,0.0,0.00,0.000,0.000,IDLE
2026-08-18T15:03:40.601842,0.0000000,0.0000000,0.00,0.0000,0.0000,0.0000,0.0,0.00,0.000,0.000,IDLE
2026-08-18T15:03:41.601950,0.0000000,0.0000000,0.00,0.0000,0.0000,0.0000,0.0,0.00,0.000,0.000,IDLE
2026-08-18T15:03:42.601961,0.0000000,0.0000000,0.00,0.0000,0.0000,0.0000,0.0,0.00,0.000,0.000,IDLE
2026-08-18T15:03:43.601956,0.0000000,0.0000000,0.00,0.0000,0.0000,0.0000,0.0,0.00,0.000,0.000,IDLE
2026-08-18T15:03:44.601986,0.0000000,0.0000000,0.00,0.0000,0.0000,0.0000,0.0,0.00,0.000,0.000,IDLE
2026-08-18T15:03:45.601794,0.0000000,0.0000000,0.00,0.0000,0.0000,0.0000,0.0,0.00,0.000,0.000,IDLE
2026-08-18T15:03:46.601929,0.0000000,0.0000000,0.00,0.0000,0.0000,0.0000,0.0,0.00,0.000,0.000,IDLE
2026-08-18T15:03:47.601961,0.0000000,0.0000000,0.00,0.0000,0.0000,0.0000,0.0,0.00,0.000,0.000,IDLE
2026-08-18T15:03:48.601839,0.0000000,0.0000000,0.00,0.0000,0.0000,0.0000,0.0,0.00,0.000,0.000,IDLE
2026-08-18T15:03:49.601799,0.0000000,0.0000000,0.00,0.0000,0.0000,0.0000,0.0,0.00,0.000,0.000,IDLE
2026-08-18T15:03:50.601957,0.0000000,0.0000000,0.00,0.0000,0.0000,0.0000,0.0,0.00,0.000,0.000,IDLE
2026-08-18T15:03:51.601923,0.0000000,0.0000000,0.00,0.0000,0.0000,0.0000,0.0,0.00,0.000,0.000,IDLE
2026-08-18T15:03:52.601866,0.0000000,0.0000000,0.00,0.0000,0.0000,0.0000,0.0,0.00,0.000,0.000,IDLE
2026-08-18T15:03:53.601878,0.0000000,0.0000000,0.00,0.0000,0.0000,0.0000,0.0,0.00,0.000,0.000,IDLE
2026-08-18T15:03:54.601962,0.0000000,0.0000000,0.00,0.0000,0.0000,0.0000,0.0,0.00,0.000,0.000,IDLE
2026-08-18T15:03:55.601936,0.0000000,0.0000000,0.00,0.0000,0.0000,0.0000,0.0,0.00,0.000,0.000,IDLE
2026-08-18T15:03:56.601943,0.0000000,0.0000000,0.00,0.0000,0.0000,0.0000,0.0,0.00,0.000,0.000,IDLE
2026-08-18T15:03:57.601951,0.0000000,0.0000000,0.00,0.0000,0.0000,0.0000,0.0,0.00,0.000,0.000,IDLE
2026-08-18T15:03:58.601915,0.0000000,0.0000000,0.00,0.0000,0.0000,0.0000,0.0,0.00,0.000,0.000,IDLE
2026-08-18T15:03:59.601961,0.0000000,0.0000000,0.00,0.0000,0.0000,0.0000,0.0,0.00,0.000,0.000,IDLE
2026-08-18T15:04:00.601923,0.0000000,0.0000000,0.00,0.0000,0.0000,0.0000,0.0,0.00,0.000,0.000,IDLE
2026-08-18T15:04:01.601882,0.0000000,0.0000000,0.00,0.0000,0.0000,0.0000,0.0,0.00,0.000,0.000,IDLE
2026-08-18T15:04:02.601939,0.0000000,0.0000000,0.00,0.0000,0.0000,0.0000,0.0,0.00,0.000,0.000,IDLE
2026-08-18T15:04:03.601788,0.0000000,0.0000000,0.00,0.0000,0.0000,0.0000,0.0,0.00,0.000,0.000,IDLE
2026-08-18T15:04:04.601960,0.0000000,0.0000000,0.00,0.0000,0.0000,0.0000,0.0,0.00,0.000,0.000,IDLE
2026-08-18T15:04:05.601827,0.0000000,0.0000000,0.00,0.0000,0.0000,0.0000,0.0,0.00,0.000,0.000,IDLE
2026-08-18T15:04:06.601799,0.0000000,0.0000000,0.00,0.0000,0.0000,0.0000,0.0,0.00,0.000,0.000,IDLE
2026-08-18T15:04:07.601902,0.0000000,0.0000000,0.00,0.0000,0.0000,0.0000,0.0,0.00,0.000,0.000,IDLE
2026-08-18T15:04:08.601915,0.0000000,0.0000000,0.00,0.0000,0.0000,0.0000,0.0,0.00,0.000,0.000,IDLE
2026-08-18T15:04:09.601844,0.0000000,0.0000000,0.00,0.0000,0.0000,0.0000,0.0,0.00,0.000,0.000,IDLE
2026-08-18T15:04:10.602086,0.0000000,0.0000000,0.00,0.0000,0.0000,0.0000,0.0,0.00,0.000,0.000,IDLE
2026-08-18T15:04:11.601958,0.0000000,0.0000000,0.00,0.0000,0.0000,0.0000,0.0,0.00,0.000,0.000,IDLE
2026-08-18T15:04:12.601962,0.0000000,0.0000000,0.00,0.0000,0.0000,0.0000,0.0,0.00,0.000,0.000,IDLE
2026-08-18T15:04:13.601955,0.0000000,0.0000000,0.00,0.0000,0.0000,0.0000,0.0,0.00,0.000,0.000,IDLE
2026-08-18T15:04:14.601806,0.0000000,0.0000000,0.00,0.0000,0.0000,0.0000,0.0,0.00,0.000,0.000,IDLE
2026-08-18T15:04:15.601827,0.0000000,0.0000000,0.00,0.0000,0.0000,0.0000,0.0,0.00,0.000,0.000,IDLE
2026-08-18T15:04:16.601913,0.0000000,0.0000000,0.00,0.0000,0.0000,0.0000,0.0,0.00,0.000,0.000,IDLE
2026-08-18T15:04:17.601928,0.0000000,0.0000000,0.00,0.0000,0.0000,0.0000,0.0,0.00,0.000,0.000,IDLE
2026-08-18T15:04:18.601807,0.0000000,0.0000000,0.00,0.0000,0.0000,0.0000,0.0,0.00,0.000,0.000,IDLE
2026-08-18T15:04:19.601805,0.0000000,0.0000000,0.00,0.0000,0.0000,0.0000,0.0,0.00,0.000,0.000,IDLE
2026-08-18T15:04:20.601955,0.0000000,0.0000000,0.00,0.0000,0.0000,0.0000,0.0,0.00,0.000,0.000,IDLE
2026-08-18T15:04:21.601802,0.0000000,0.0000000,0.00,0.0000,0.0000,0.0000,0.0,0.00,0.000,0.000,IDLE
2026-08-18T15:04:22.601810,0.0000000,0.0000000,0.00,0.0000,0.0000,0.0000,0.0,0.00,0.000,0.000,IDLE
2026-08-18T15:04:23.601808,0.0000000,0.0000000,0.00,0.0000,0.0000,0.0000,0.0,0.00,0.000,0.000,IDLE
2026-08-18T15:04:24.601822,0.0000000,0.0000000,0.00,0.0000,0.0000,0.0000,0.0,0.00,0.000,0.000,IDLE
2026-08-18T15:04:25.601941,0.0000000,0.0000000,0.00,0.0000,0.0000,0.0000,0.0,0.00,0.000,0.000,IDLE
2026-08-18T15:04:26.601961,0.0000000,0.0000000,0.00,0.0000,0.0000,0.0000,0.0,0.00,0.000,0.000,IDLE
2026-08-18T15:04:27.601867,0.0000000,0.0000000,0.00,0.0000,0.0000,0.0000,0.0,0.00,0.000,0.000,IDLE
2026-08-18T15:04:28.601817,0.0000000,0.0000000,0.00,0.0000,0.0000,0.0000,0.0,0.00,0.000,0.000,IDLE
2026-08-18T15:04:29.601952,0.0000000,0.0000000,0.00,0.0000,0.0000,0.0000,0.0,0.00,0.000,0.000,IDLE
2026-08-18T15:04:30.601916,0.0000000,0.0000000,0.00,0.0000,0.0000,0.0000,0.0,0.00,0.000,0.000,IDLE
2026-08-18T15:04:31.601853,0.0000000,0.0000000,0.00,0.0000,0.0000,0.0000,0.0,0.00,0.000,0.000,IDLE
2026-08-18T15:04:32.601817,0.0000000,0.0000000,0.00,0.0000,0.0000,0.0000,0.0,0.00,0.000,0.000,IDLE
2026-08-18T15:04:33.601857,0.0000000,0.0000000,0.00,0.0000,0.0000,0.0000,0.0,0.00,0.000,0.000,IDLE
2026-08-18T15:04:34.601938,0.0000000,0.0000000,0.00,0.0000,0.0000,0.0000,0.0,0.00,0.000,0.000,IDLE
2026-08-18T15:04:35.601963,0.0000000,0.0000000,0.00,0.0000,0.0000,0.0000,0.0,0.00,0.000,0.000,IDLE
2026-08-18T15:04:36.601925,0.0000000,0.0000000,0.00,0.0000,0.0000,0.0000,0.0,0.00,0.000,0.000,IDLE
2026-08-18T15:04:37.601993,0.0000000,0.0000000,0.00,0.0000,0.0000,0.0000,0.0,0.00,0.000,0.000,IDLE
2026-08-18T15:04:38.602228,0.0000000,0.0000000,0.00,0.0000,0.0000,0.0000,0.0,0.00,0.000,0.000,IDLE
2026-08-18T15:04:39.601936,0.0000000,0.0000000,0.00,0.0000,0.0000,0.0000,0.0,0.00,0.000,0.000,IDLE
2026-08-18T15:04:40.601930,0.0000000,0.0000000,0.00,0.0000,0.0000,0.0000,0.0,0.00,0.000,0.000,IDLE
2026-08-18T15:04:41.601897,0.0000000,0.0000000,0.00,0.0000,0.0000,0.0000,0.0,0.00,0.000,0.000,IDLE
2026-08-18T15:04:42.601909,0.0000000,0.0000000,0.00,0.0000,0.0000,0.0000,0.0,0.00,0.000,0.000,IDLE
2026-08-18T15:04:43.601949,0.0000000,0.0000000,0.00,0.0000,0.0000,0.0000,0.0,0.00,0.000,0.000,IDLE
2026-08-18T15:04:44.601867,0.0000000,0.0000000,0.00,0.0000,0.0000,0.0000,0.0,0.00,0.000,0.000,IDLE
2026-08-18T15:04:45.601875,0.0000000,0.0000000,0.00,0.0000,0.0000,0.0000,0.0,0.00,0.000,0.000,IDLE
2026-08-18T15:04:46.601896,0.0000000,0.0000000,0.00,0.0000,0.0000,0.0000,0.0,0.00,0.000,0.000,IDLE
2026-08-18T15:04:47.601959,0.0000000,0.0000000,0.00,0.0000,0.0000,0.0000,0.0,0.00,0.000,0.000,IDLE
2026-08-18T15:04:48.601980,0.0000000,0.0000000,0.00,0.0000,0.0000,0.0000,0.0,0.00,0.000,0.000,IDLE
2026-08-18T15:04:49.601817,0.0000000,0.0000000,0.00,0.0000,0.0000,0.0000,0.0,0.00,0.000,0.000,IDLE
2026-08-18T15:04:50.601939,0.0000000,0.0000000,0.00,0.0000,0.0000,0.0000,0.0,0.00,0.000,0.000,IDLE
2026-08-18T15:04:51.601886,0.0000000,0.0000000,0.00,0.0000,0.0000,0.0000,0.0,0.00,0.000,0.000,IDLE
2026-08-18T15:04:52.601963,0.0000000,0.0000000,0.00,0.0000,0.0000,0.0000,0.0,0.00,0.000,0.000,IDLE
2026-08-18T15:04:53.601957,0.0000000,0.0000000,0.00,0.0000,0.0000,0.0000,0.0,0.00,0.000,0.000,IDLE
2026-08-18T15:04:54.601913,0.0000000,0.0000000,0.00,0.0000,0.0000,0.0000,0.0,0.00,0.000,0.000,IDLE
2026-08-18T15:04:55.601889,0.0000000,0.0000000,0.00,0.0000,0.0000,0.0000,0.0,0.00,0.000,0.000,IDLE
2026-08-18T15:04:56.601830,0.0000000,0.0000000,0.00,0.0000,0.0000,0.0000,0.0,0.00,0.000,0.000,IDLE
2026-08-18T15:04:57.601803,0.0000000,0.0000000,0.00,0.0000,0.0000,0.0000,0.0,0.00,0.000,0.000,IDLE
2026-08-18T15:04:58.601897,0.0000000,0.0000000,0.00,0.0000,0.0000,0.0000,0.0,0.00,0.000,0.000,IDLE
2026-08-18T15:04:59.601992,0.0000000,0.0000000,0.00,0.0000,0.0000,0.0000,0.0,0.00,0.000,0.000,IDLE
2026-08-18T15:05:00.601970,0.0000000,0.0000000,0.00,0.0000,0.0000,0.0000,0.0,0.00,0.000,0.000,IDLE
2026-08-18T15:05:01.602019,0.0000000,0.0000000,0.00,0.0000,0.0000,0.0000,0.0,0.00,0.000,0.000,IDLE
2026-08-18T15:05:02.601864,0.0000000,0.0000000,0.00,0.0000,0.0000,0.0000,0.0,0.00,0.000,0.000,IDLE
2026-08-18T15:05:03.601891,0.0000000,0.0000000,0.00,0.0000,0.0000,0.0000,0.0,0.00,0.000,0.000,IDLE
2026-08-18T15:05:04.601871,0.0000000,0.0000000,0.00,0.0000,0.0000,0.0000,0.0,0.00,0.000,0.000,IDLE
2026-08-18T15:05:05.601899,0.0000000,0.0000000,0.00,0.0000,0.0000,0.0000,0.0,0.00,0.000,0.000,IDLE
2026-08-18T15:05:06.601873,0.0000000,0.0000000,0.00,0.0000,0.0000,0.0000,0.0,0.00,0.000,0.000,IDLE
2026-08-18T15:05:07.601927,0.0000000,0.0000000,0.00,0.0000,0.0000,0.0000,0.0,0.00,0.000,0.000,IDLE
2026-08-18T15:05:08.602852,0.0000000,0.0000000,0.00,0.0000,0.0000,0.0000,0.0,0.00,0.000,0.000,IDLE
2026-08-18T15:05:09.601804,0.0000000,0.0000000,0.00,0.0000,0.0000,0.0000,0.0,0.00,0.000,0.000,IDLE
2026-08-18T15:05:10.601898,0.0000000,0.0000000,0.00,0.0000,0.0000,0.0000,0.0,0.00,0.000,0.000,IDLE
2026-08-18T15:05:11.601901,0.0000000,0.0000000,0.00,0.0000,0.0000,0.0000,0.0,0.00,0.000,0.000,IDLE
2026-08-18T15:05:12.602010,0.0000000,0.0000000,0.00,0.0000,0.0000,0.0000,0.0,0.00,0.000,0.000,IDLE
2026-08-18T15:05:13.601913,0.0000000,0.0000000,0.00,0.0000,0.0000,0.0000,0.0,0.00,0.000,0.000,IDLE
2026-08-18T15:05:14.601833,0.0000000,0.0000000,0.00,0.0000,0.0000,0.0000,0.0,0.00,0.000,0.000,IDLE
2026-08-18T15:05:15.601948,0.0000000,0.0000000,0.00,0.0000,0.0000,0.0000,0.0,0.00,0.000,0.000,IDLE
2026-08-18T15:05:16.602022,0.0000000,0.0000000,0.00,0.0000,0.0000,0.0000,0.0,0.00,0.000,0.000,IDLE
2026-08-18T15:05:17.601919,0.0000000,0.0000000,0.00,0.0000,0.0000,0.0000,0.0,0.00,0.000,0.000,IDLE
2026-08-18T15:05:18.601819,0.0000000,0.0000000,0.00,0.0000,0.0000,0.0000,0.0,0.00,0.000,0.000,IDLE
2026-08-18T15:05:19.601803,0.0000000,0.0000000,0.00,0.0000,0.0000,0.0000,0.0,0.00,0.000,0.000,IDLE
2026-08-18T15:05:20.601982,0.0000000,0.0000000,0.00,0.0000,0.0000,0.0000,0.0,0.00,0.000,0.000,IDLE
2026-08-18T15:05:21.601971,0.0000000,0.0000000,0.00,0.0000,0.0000,0.0000,0.0,0.00,0.000,0.000,IDLE
2026-08-18T15:05:22.602210,0.0000000,0.0000000,0.00,0.0000,0.0000,0.0000,0.0,0.00,0.000,0.000,IDLE
2026-08-18T15:05:23.602207,0.0000000,0.0000000,0.00,0.0000,0.0000,0.0000,0.0,0.00,0.000,0.000,IDLE
2026-08-18T15:05:24.601910,0.0000000,0.0000000,0.00,0.0000,0.0000,0.0000,0.0,0.00,0.000,0.000,IDLE
2026-08-18T15:05:25.601916,0.0000000,0.0000000,0.00,0.0000,0.0000,0.0000,0.0,0.00,0.000,0.000,IDLE
2026-08-18T15:05:26.601961,0.0000000,0.0000000,0.00,0.0000,0.0000,0.0000,0.0,0.00,0.000,0.000,IDLE
2026-08-18T15:05:27.601939,0.0000000,0.0000000,0.00,0.0000,0.0000,0.0000,0.0,0.00,0.000,0.000,IDLE
2026-08-18T15:05:28.601884,0.0000000,0.0000000,0.00,0.0000,0.0000,0.0000,0.0,0.00,0.000,0.000,IDLE
2026-08-18T15:05:29.601936,0.0000000,0.0000000,0.00,0.0000,0.0000,0.0000,0.0,0.00,0.000,0.000,IDLE
2026-08-18T15:05:30.601959,0.0000000,0.0000000,0.00,0.0000,0.0000,0.0000,0.0,0.00,0.000,0.000,IDLE
2026-08-18T15:05:31.601886,0.0000000,0.0000000,0.00,0.0000,0.0000,0.0000,0.0,0.00,0.000,0.000,IDLE
2026-08-18T15:05:32.601881,0.0000000,0.0000000,0.00,0.0000,0.0000,0.0000,0.0,0.00,0.000,0.000,IDLE
2026-08-18T15:05:33.601954,0.0000000,0.0000000,0.00,0.0000,0.0000,0.0000,0.0,0.00,0.000,0.000,IDLE
2026-08-18T15:05:34.601961,0.0000000,0.0000000,0.00,0.0000,0.0000,0.0000,0.0,0.00,0.000,0.000,IDLE
2026-08-18T15:05:35.601963,0.0000000,0.0000000,0.00,0.0000,0.0000,0.0000,0.0,0.00,0.000,0.000,IDLE
2026-08-18T15:05:36.601821,0.0000000,0.0000000,0.00,0.0000,0.0000,0.0000,0.0,0.00,0.000,0.000,IDLE
2026-08-18T15:05:37.601910,0.0000000,0.0000000,0.00,0.0000,0.0000,0.0000,0.0,0.00,0.000,0.000,IDLE
2026-08-18T15:05:38.601827,0.0000000,0.0000000,0.00,0.0000,0.0000,0.0000,0.0,0.00,0.000,0.000,IDLE
2026-08-18T15:05:39.602040,0.0000000,0.0000000,0.00,0.0000,0.0000,0.0000,0.0,0.00,0.000,0.000,IDLE
2026-08-18T15:05:40.601801,0.0000000,0.0000000,0.00,0.0000,0.0000,0.0000,0.0,0.00,0.000,0.000,IDLE
2026-08-18T15:05:41.601993,0.0000000,0.0000000,0.00,0.0000,0.0000,0.0000,0.0,0.00,0.000,0.000,IDLE
2026-08-18T15:05:42.601992,0.0000000,0.0000000,0.00,0.0000,0.0000,0.0000,0.0,0.00,0.000,0.000,IDLE
2026-08-18T15:05:43.601820,0.0000000,0.0000000,0.00,0.0000,0.0000,0.0000,0.0,0.00,0.000,0.000,IDLE
2026-08-18T15:05:44.601919,0.0000000,0.0000000,0.00,0.0000,0.0000,0.0000,0.0,0.00,0.000,0.000,IDLE
2026-08-18T15:05:45.601970,0.0000000,0.0000000,0.00,0.0000,0.0000,0.0000,0.0,0.00,0.000,0.000,IDLE
2026-08-18T15:05:46.601910,0.0000000,0.0000000,0.00,0.0000,0.0000,0.0000,0.0,0.00,0.000,0.000,IDLE
2026-08-18T15:05:47.601852,0.0000000,0.0000000,0.00,0.0000,0.0000,0.0000,0.0,0.00,0.000,0.000,IDLE
2026-08-18T15:05:48.601910,0.0000000,0.0000000,0.00,0.0000,0.0000,0.0000,0.0,0.00,0.000,0.000,IDLE
2026-08-18T15:05:49.601823,0.0000000,0.0000000,0.00,0.0000,0.0000,0.0000,0.0,0.00,0.000,0.000,IDLE
2026-08-18T15:05:50.601905,0.0000000,0.0000000,0.00,0.0000,0.0000,0.0000,0.0,0.00,0.000,0.000,IDLE
2026-08-18T15:05:51.601811,0.0000000,0.0000000,0.00,0.0000,0.0000,0.0000,0.0,0.00,0.000,0.000,IDLE
2026-08-18T15:05:52.601857,0.0000000,0.0000000,0.00,0.0000,0.0000,0.0000,0.0,0.00,0.000,0.000,IDLE
2026-08-18T15:05:53.601933,0.0000000,0.0000000,0.00,0.0000,0.0000,0.0000,0.0,0.00,0.000,0.000,IDLE
2026-08-18T15:05:54.601889,0.0000000,0.0000000,0.00,0.0000,0.0000,0.0000,0.0,0.00,0.000,0.000,IDLE
2026-08-18T15:05:55.601858,0.0000000,0.0000000,0.00,0.0000,0.0000,0.0000,0.0,0.00,0.000,0.000,IDLE
2026-08-18T15:05:56.601794,0.0000000,0.0000000,0.00,0.0000,0.0000,0.0000,0.0,0.00,0.000,0.000,IDLE
2026-08-18T15:05:57.601813,0.0000000,0.0000000,0.00,0.0000,0.0000,0.0000,0.0,0.00,0.000,0.000,IDLE
2026-08-18T15:05:58.601794,0.0000000,0.0000000,0.00,0.0000,0.0000,0.0000,0.0,0.00,0.000,0.000,IDLE
2026-08-18T15:05:59.602227,0.0000000,0.0000000,0.00,0.0000,0.0000,0.0000,0.0,0.00,0.000,0.000,IDLE
2026-08-18T15:06:00.601880,0.0000000,0.0000000,0.00,0.0000,0.0000,0.0000,0.0,0.00,0.000,0.000,IDLE
2026-08-18T15:06:01.602340,0.0000000,0.0000000,0.00,0.0000,0.0000,0.0000,0.0,0.00,0.000,0.000,IDLE
2026-08-18T15:06:02.601834,0.0000000,0.0000000,0.00,0.0000,0.0000,0.0000,0.0,0.00,0.000,0.000,IDLE
2026-08-18T15:06:03.601801,0.0000000,0.0000000,0.00,0.0000,0.0000,0.0000,0.0,0.00,0.000,0.000,IDLE
2026-08-18T15:06:04.601943,0.0000000,0.0000000,0.00,0.0000,0.0000,0.0000,0.0,0.00,0.000,0.000,IDLE
2026-08-18T15:06:05.601789,0.0000000,0.0000000,0.00,0.0000,0.0000,0.0000,0.0,0.00,0.000,0.000,IDLE
2026-08-18T15:06:06.601837,0.0000000,0.0000000,0.00,0.0000,0.0000,0.0000,0.0,0.00,0.000,0.000,IDLE
2026-08-18T15:06:07.601860,0.0000000,0.0000000,0.00,0.0000,0.0000,0.0000,0.0,0.00,0.000,0.000,IDLE
2026-08-18T15:06:08.601813,0.0000000,0.0000000,0.00,0.0000,0.0000,0.0000,0.0,0.00,0.000,0.000,IDLE
2026-08-18T15:06:09.601811,0.0000000,0.0000000,0.00,0.0000,0.0000,0.0000,0.0,0.00,0.000,0.000,IDLE
2026-08-18T15:06:10.601786,0.0000000,0.0000000,0.00,0.0000,0.0000,0.0000,0.0,0.00,0.000,0.000,IDLE
2026-08-18T15:06:11.601753,0.0000000,0.0000000,0.00,0.0000,0.0000,0.0000,0.0,0.00,0.000,0.000,IDLE
2026-08-18T15:06:12.601979,0.0000000,0.0000000,0.00,0.0000,0.0000,0.0000,0.0,0.00,0.000,0.000,IDLE
2026-08-18T15:06:13.602210,0.0000000,0.0000000,0.00,0.0000,0.0000,0.0000,0.0,0.00,0.000,0.000,IDLE
2026-08-18T15:06:14.601949,0.0000000,0.0000000,0.00,0.0000,0.0000,0.0000,0.0,0.00,0.000,0.000,IDLE
2026-08-18T15:06:15.601926,0.0000000,0.0000000,0.00,0.0000,0.0000,0.0000,0.0,0.00,0.000,0.000,IDLE
2026-08-18T15:06:16.601769,0.0000000,0.0000000,0.00,0.0000,0.0000,0.0000,0.0,0.00,0.000,0.000,IDLE
2026-08-18T15:06:17.601801,0.0000000,0.0000000,0.00,0.0000,0.0000,0.0000,0.0,0.00,0.000,0.000,IDLE
2026-08-18T15:06:18.601825,0.0000000,0.0000000,0.00,0.0000,0.0000,0.0000,0.0,0.00,0.000,0.000,IDLE
2026-08-18T15:06:19.602012,0.0000000,0.0000000,0.00,0.0000,0.0000,0.0000,0.0,0.00,0.000,0.000,IDLE
2026-08-18T15:06:20.601841,0.0000000,0.0000000,0.00,0.0000,0.0000,0.0000,0.0,0.00,0.000,0.000,IDLE
2026-08-18T15:06:21.601875,0.0000000,0.0000000,0.00,0.0000,0.0000,0.0000,0.0,0.00,0.000,0.000,IDLE
2026-08-18T15:06:22.601864,0.0000000,0.0000000,0.00,0.0000,0.0000,0.0000,0.0,0.00,0.000,0.000,IDLE
2026-08-18T15:06:23.601820,0.0000000,0.0000000,0.00,0.0000,0.0000,0.0000,0.0,0.00,0.000,0.000,IDLE
2026-08-18T15:06:24.601795,0.0000000,0.0000000,0.00,0.0000,0.0000,0.0000,0.0,0.00,0.000,0.000,IDLE
2026-08-18T15:06:25.601800,0.0000000,0.0000000,0.00,0.0000,0.0000,0.0000,0.0,0.00,0.000,0.000,IDLE
2026-08-18T15:06:26.601819,0.0000000,0.0000000,0.00,0.0000,0.0000,0.0000,0.0,0.00,0.000,0.000,IDLE
2026-08-18T15:06:27.601795,0.0000000,0.0000000,0.00,0.0000,0.0000,0.0000,0.0,0.00,0.000,0.000,IDLE
2026-08-18T15:06:28.601939,0.0000000,0.0000000,0.00,0.0000,0.0000,0.0000,0.0,0.00,0.000,0.000,IDLE
2026-08-18T15:06:29.601939,0.0000000,0.0000000,0.00,0.0000,0.0000,0.0000,0.0,0.00,0.000,0.000,IDLE
2026-08-18T15:06:30.602160,0.0000000,0.0000000,0.00,0.0000,0.0000,0.0000,0.0,0.00,0.000,0.000,IDLE
2026-08-18T15:06:31.601937,0.0000000,0.0000000,0.00,0.0000,0.0000,0.0000,0.0,0.00,0.000,0.000,IDLE
2026-08-18T15:06:32.602628,0.0000000,0.0000000,0.00,0.0000,0.0000,0.0000,0.0,0.00,0.000,0.000,IDLE
2026-08-18T15:06:33.601955,0.0000000,0.0000000,0.00,0.0000,0.0000,0.0000,0.0,0.00,0.000,0.000,IDLE
2026-08-18T15:06:34.601805,0.0000000,0.0000000,0.00,0.0000,0.0000,0.0000,0.0,0.00,0.000,0.000,IDLE
2026-08-18T15:06:35.601969,0.0000000,0.0000000,0.00,0.0000,0.0000,0.0000,0.0,0.00,0.000,0.000,IDLE
2026-08-18T15:06:36.601971,0.0000000,0.0000000,0.00,0.0000,0.0000,0.0000,0.0,0.00,0.000,0.000,IDLE
2026-08-18T15:06:37.601910,0.0000000,0.0000000,0.00,0.0000,0.0000,0.0000,0.0,0.00,0.000,0.000,IDLE
2026-08-18T15:06:38.601962,0.0000000,0.0000000,0.00,0.0000,0.0000,0.0000,0.0,0.00,0.000,0.000,IDLE
2026-08-18T15:06:39.601955,0.0000000,0.0000000,0.00,0.0000,0.0000,0.0000,0.0,0.00,0.000,0.000,IDLE
2026-08-18T15:06:40.601897,0.0000000,0.0000000,0.00,0.0000,0.0000,0.0000,0.0,0.00,0.000,0.000,IDLE
2026-08-18T15:06:41.602141,0.0000000,0.0000000,0.00,0.0000,0.0000,0.0000,0.0,0.00,0.000,0.000,IDLE
2026-08-18T15:06:42.601843,0.0000000,0.0000000,0.00,0.0000,0.0000,0.0000,0.0,0.00,0.000,0.000,IDLE
2026-08-18T15:06:43.601945,0.0000000,0.0000000,0.00,0.0000,0.0000,0.0000,0.0,0.00,0.000,0.000,IDLE
2026-08-18T15:06:44.601947,0.0000000,0.0000000,0.00,0.0000,0.0000,0.0000,0.0,0.00,0.000,0.000,IDLE
2026-08-18T15:06:45.601922,0.0000000,0.0000000,0.00,0.0000,0.0000,0.0000,0.0,0.00,0.000,0.000,IDLE
2026-08-18T15:06:46.601935,0.0000000,0.0000000,0.00,0.0000,0.0000,0.0000,0.0,0.00,0.000,0.000,IDLE
2026-08-18T15:06:47.601922,0.0000000,0.0000000,0.00,0.0000,0.0000,0.0000,0.0,0.00,0.000,0.000,IDLE
2026-08-18T15:06:48.601803,0.0000000,0.0000000,0.00,0.0000,0.0000,0.0000,0.0,0.00,0.000,0.000,IDLE
2026-08-18T15:06:49.601934,0.0000000,0.0000000,0.00,0.0000,0.0000,0.0000,0.0,0.00,0.000,0.000,IDLE
2026-08-18T15:06:50.601863,0.0000000,0.0000000,0.00,0.0000,0.0000,0.0000,0.0,0.00,0.000,0.000,IDLE
2026-08-18T15:06:51.601836,0.0000000,0.0000000,0.00,0.0000,0.0000,0.0000,0.0,0.00,0.000,0.000,IDLE
2026-08-18T15:06:52.601916,0.0000000,0.0000000,0.00,0.0000,0.0000,0.0000,0.0,0.00,0.000,0.000,IDLE
2026-08-18T15:06:53.601840,0.0000000,0.0000000,0.00,0.0000,0.0000,0.0000,0.0,0.00,0.000,0.000,IDLE
2026-08-18T15:06:54.601789,0.0000000,0.0000000,0.00,0.0000,0.0000,0.0000,0.0,0.00,0.000,0.000,IDLE
2026-08-18T15:06:55.601895,0.0000000,0.0000000,0.00,0.0000,0.0000,0.0000,0.0,0.00,0.000,0.000,IDLE
2026-08-18T15:06:56.601874,0.0000000,0.0000000,0.00,0.0000,0.0000,0.0000,0.0,0.00,0.000,0.000,IDLE
2026-08-18T15:06:57.601800,0.0000000,0.0000000,0.00,0.0000,0.0000,0.0000,0.0,0.00,0.000,0.000,IDLE
2026-08-18T15:06:58.601914,0.0000000,0.0000000,0.00,0.0000,0.0000,0.0000,0.0,0.00,0.000,0.000,IDLE
2026-08-18T15:06:59.601917,0.0000000,0.0000000,0.00,0.0000,0.0000,0.0000,0.0,0.00,0.000,0.000,IDLE
2026-08-18T15:07:00.601848,0.0000000,0.0000000,0.00,0.0000,0.0000,0.0000,0.0,0.00,0.000,0.000,IDLE
2026-08-18T15:07:01.601823,0.0000000,0.0000000,0.00,0.0000,0.0000,0.0000,0.0,0.00,0.000,0.000,IDLE
2026-08-18T15:07:02.601944,0.0000000,0.0000000,0.00,0.0000,0.0000,0.0000,0.0,0.00,0.000,0.000,IDLE
2026-08-18T15:07:03.601930,0.0000000,0.0000000,0.00,0.0000,0.0000,0.0000,0.0,0.00,0.000,0.000,IDLE
2026-08-18T15:07:04.601822,0.0000000,0.0000000,0.00,0.0000,0.0000,0.0000,0.0,0.00,0.000,0.000,IDLE
2026-08-18T15:07:05.601808,0.0000000,0.0000000,0.00,0.0000,0.0000,0.0000,0.0,0.00,0.000,0.000,IDLE
2026-08-18T15:07:06.601841,0.0000000,0.0000000,0.00,0.0000,0.0000,0.0000,0.0,0.00,0.000,0.000,IDLE
2026-08-18T15:07:07.601956,0.0000000,0.0000000,0.00,0.0000,0.0000,0.0000,0.0,0.00,0.000,0.000,IDLE
2026-08-18T15:07:08.601829,0.0000000,0.0000000,0.00,0.0000,0.0000,0.0000,0.0,0.00,0.000,0.000,IDLE
2026-08-18T15:07:09.602200,0.0000000,0.0000000,0.00,0.0000,0.0000,0.0000,0.0,0.00,0.000,0.000,IDLE
2026-08-18T15:07:10.601990,0.0000000,0.0000000,0.00,0.0000,0.0000,0.0000,0.0,0.00,0.000,0.000,IDLE
2026-08-18T15:07:11.601897,0.0000000,0.0000000,0.00,0.0000,0.0000,0.0000,0.0,0.00,0.000,0.000,IDLE
2026-08-18T15:07:12.601792,0.0000000,0.0000000,0.00,0.0000,0.0000,0.0000,0.0,0.00,0.000,0.000,IDLE
2026-08-18T15:07:13.601976,0.0000000,0.0000000,0.00,0.0000,0.0000,0.0000,0.0,0.00,0.000,0.000,IDLE
2026-08-18T15:07:14.601882,0.0000000,0.0000000,0.00,0.0000,0.0000,0.0000,0.0,0.00,0.000,0.000,IDLE
2026-08-18T15:07:15.602178,0.0000000,0.0000000,0.00,0.0000,0.0000,0.0000,0.0,0.00,0.000,0.000,IDLE
2026-08-18T15:07:16.602172,0.0000000,0.0000000,0.00,0.0000,0.0000,0.0000,0.0,0.00,0.000,0.000,IDLE
2026-08-18T15:07:17.601945,0.0000000,0.0000000,0.00,0.0000,0.0000,0.0000,0.0,0.00,0.000,0.000,IDLE
2026-08-18T15:07:18.601813,0.0000000,0.0000000,0.00,0.0000,0.0000,0.0000,0.0,0.00,0.000,0.000,IDLE
2026-08-18T15:07:19.601938,0.0000000,0.0000000,0.00,0.0000,0.0000,0.0000,0.0,0.00,0.000,0.000,IDLE
2026-08-18T15:07:20.601950,0.0000000,0.0000000,0.00,0.0000,0.0000,0.0000,0.0,0.00,0.000,0.000,IDLE
2026-08-18T15:07:21.602262,0.0000000,0.0000000,0.00,0.0000,0.0000,0.0000,0.0,0.00,0.000,0.000,IDLE
2026-08-18T15:07:22.601844,0.0000000,0.0000000,0.00,0.0000,0.0000,0.0000,0.0,0.00,0.000,0.000,IDLE
2026-08-18T15:07:23.601864,0.0000000,0.0000000,0.00,0.0000,0.0000,0.0000,0.0,0.00,0.000,0.000,IDLE
2026-08-18T15:07:24.601855,0.0000000,0.0000000,0.00,0.0000,0.0000,0.0000,0.0,0.00,0.000,0.000,IDLE
2026-08-18T15:07:25.601944,0.0000000,0.0000000,0.00,0.0000,0.0000,0.0000,0.0,0.00,0.000,0.000,IDLE
2026-08-18T15:07:26.601841,0.0000000,0.0000000,0.00,0.0000,0.0000,0.0000,0.0,0.00,0.000,0.000,IDLE
2026-08-18T15:07:27.601966,0.0000000,0.0000000,0.00,0.0000,0.0000,0.0000,0.0,0.00,0.000,0.000,IDLE
2026-08-18T15:07:28.601915,0.0000000,0.0000000,0.00,0.0000,0.0000,0.0000,0.0,0.00,0.000,0.000,IDLE
2026-08-18T15:07:29.601906,0.0000000,0.0000000,0.00,0.0000,0.0000,0.0000,0.0,0.00,0.000,0.000,IDLE
2026-08-18T15:07:30.601979,0.0000000,0.0000000,0.00,0.0000,0.0000,0.0000,0.0,0.00,0.000,0.000,IDLE
2026-08-18T15:07:31.601781,0.0000000,0.0000000,0.00,0.0000,0.0000,0.0000,0.0,0.00,0.000,0.000,IDLE
2026-08-18T15:07:32.601899,0.0000000,0.0000000,0.00,0.0000,0.0000,0.0000,0.0,0.00,0.000,0.000,IDLE
2026-08-18T15:07:33.601875,0.0000000,0.0000000,0.00,0.0000,0.0000,0.0000,0.0,0.00,0.000,0.000,IDLE
2026-08-18T15:07:34.601793,0.0000000,0.0000000,0.00,0.0000,0.0000,0.0000,0.0,0.00,0.000,0.000,IDLE
2026-08-18T15:07:35.601807,0.0000000,0.0000000,0.00,0.0000,0.0000,0.0000,0.0,0.00,0.000,0.000,IDLE
2026-08-18T15:07:36.601951,0.0000000,0.0000000,0.00,0.0000,0.0000,0.0000,0.0,0.00,0.000,0.000,IDLE
2026-08-18T15:07:37.601930,0.0000000,0.0000000,0.00,0.0000,0.0000,0.0000,0.0,0.00,0.000,0.000,IDLE
2026-08-18T15:07:38.601853,0.0000000,0.0000000,0.00,0.0000,0.0000,0.0000,0.0,0.00,0.000,0.000,IDLE
2026-08-18T15:07:39.601806,0.0000000,0.0000000,0.00,0.0000,0.0000,0.0000,0.0,0.00,0.000,0.000,IDLE
2026-08-18T15:07:40.601975,0.0000000,0.0000000,0.00,0.0000,0.0000,0.0000,0.0,0.00,0.000,0.000,IDLE
2026-08-18T15:07:41.602041,0.0000000,0.0000000,0.00,0.0000,0.0000,0.0000,0.0,0.00,0.000,0.000,IDLE
2026-08-18T15:07:42.602073,0.0000000,0.0000000,0.00,0.0000,0.0000,0.0000,0.0,0.00,0.000,0.000,IDLE
2026-08-18T15:07:43.601959,0.0000000,0.0000000,0.00,0.0000,0.0000,0.0000,0.0,0.00,0.000,0.000,IDLE
2026-08-18T15:07:44.601871,0.0000000,0.0000000,0.00,0.0000,0.0000,0.0000,0.0,0.00,0.000,0.000,IDLE
2026-08-18T15:07:45.601915,0.0000000,0.0000000,0.00,0.0000,0.0000,0.0000,0.0,0.00,0.000,0.000,IDLE
2026-08-18T15:07:46.602209,0.0000000,0.0000000,0.00,0.0000,0.0000,0.0000,0.0,0.00,0.000,0.000,IDLE
2026-08-18T15:07:47.601816,0.0000000,0.0000000,0.00,0.0000,0.0000,0.0000,0.0,0.00,0.000,0.000,IDLE
2026-08-18T15:07:48.602058,0.0000000,0.0000000,0.00,0.0000,0.0000,0.0000,0.0,0.00,0.000,0.000,IDLE
2026-08-18T15:07:49.601937,0.0000000,0.0000000,0.00,0.0000,0.0000,0.0000,0.0,0.00,0.000,0.000,IDLE
2026-08-18T15:07:50.601941,0.0000000,0.0000000,0.00,0.0000,0.0000,0.0000,0.0,0.00,0.000,0.000,IDLE
2026-08-18T15:07:51.601812,0.0000000,0.0000000,0.00,0.0000,0.0000,0.0000,0.0,0.00,0.000,0.000,IDLE
2026-08-18T15:07:52.601777,0.0000000,0.0000000,0.00,0.0000,0.0000,0.0000,0.0,0.00,0.000,0.000,IDLE
2026-08-18T15:07:53.601816,0.0000000,0.0000000,0.00,0.0000,0.0000,0.0000,0.0,0.00,0.000,0.000,IDLE
2026-08-18T15:07:54.601951,0.0000000,0.0000000,0.00,0.0000,0.0000,0.0000,0.0,0.00,0.000,0.000,IDLE
2026-08-18T15:07:55.601823,0.0000000,0.0000000,0.00,0.0000,0.0000,0.0000,0.0,0.00,0.000,0.000,IDLE
2026-08-18T15:07:56.601795,0.0000000,0.0000000,0.00,0.0000,0.0000,0.0000,0.0,0.00,0.000,0.000,IDLE
2026-08-18T15:07:57.601820,0.0000000,0.0000000,0.00,0.0000,0.0000,0.0000,0.0,0.00,0.000,0.000,IDLE
2026-08-18T15:07:58.601945,0.0000000,0.0000000,0.00,0.0000,0.0000,0.0000,0.0,0.00,0.000,0.000,IDLE
2026-08-18T15:07:59.601798,0.0000000,0.0000000,0.00,0.0000,0.0000,0.0000,0.0,0.00,0.000,0.000,IDLE
2026-08-18T15:08:00.601903,0.0000000,0.0000000,0.00,0.0000,0.0000,0.0000,0.0,0.00,0.000,0.000,IDLE
2026-08-18T15:08:01.601793,0.0000000,0.0000000,0.00,0.0000,0.0000,0.0000,0.0,0.00,0.000,0.000,IDLE
2026-08-18T15:08:02.601958,0.0000000,0.0000000,0.00,0.0000,0.0000,0.0000,0.0,0.00,0.000,0.000,IDLE
2026-08-18T15:08:03.601953,0.0000000,0.0000000,0.00,0.0000,0.0000,0.0000,0.0,0.00,0.000,0.000,IDLE
2026-08-18T15:08:04.601793,0.0000000,0.0000000,0.00,0.0000,0.0000,0.0000,0.0,0.00,0.000,0.000,IDLE
2026-08-18T15:08:05.601844,0.0000000,0.0000000,0.00,0.0000,0.0000,0.0000,0.0,0.00,0.000,0.000,IDLE
2026-08-18T15:08:06.601891,0.0000000,0.0000000,0.00,0.0000,0.0000,0.0000,0.0,0.00,0.000,0.000,IDLE
2026-08-18T15:08:07.601890,0.0000000,0.0000000,0.00,0.0000,0.0000,0.0000,0.0,0.00,0.000,0.000,IDLE
2026-08-18T15:08:08.601883,0.0000000,0.0000000,0.00,0.0000,0.0000,0.0000,0.0,0.00,0.000,0.000,IDLE
2026-08-18T15:08:09.601882,0.0000000,0.0000000,0.00,0.0000,0.0000,0.0000,0.0,0.00,0.000,0.000,IDLE
2026-08-18T15:08:10.602013,0.0000000,0.0000000,0.00,0.0000,0.0000,0.0000,0.0,0.00,0.000,0.000,IDLE
2026-08-18T15:08:11.601988,0.0000000,0.0000000,0.00,0.0000,0.0000,0.0000,0.0,0.00,0.000,0.000,IDLE
2026-08-18T15:08:12.601908,0.0000000,0.0000000,0.00,0.0000,0.0000,0.0000,0.0,0.00,0.000,0.000,IDLE
2026-08-18T15:08:13.601962,0.0000000,0.0000000,0.00,0.0000,0.0000,0.0000,0.0,0.00,0.000,0.000,IDLE
2026-08-18T15:08:14.601904,0.0000000,0.0000000,0.00,0.0000,0.0000,0.0000,0.0,0.00,0.000,0.000,IDLE
2026-08-18T15:08:15.601951,0.0000000,0.0000000,0.00,0.0000,0.0000,0.0000,0.0,0.00,0.000,0.000,IDLE
2026-08-18T15:08:16.601914,0.0000000,0.0000000,0.00,0.0000,0.0000,0.0000,0.0,0.00,0.000,0.000,IDLE
2026-08-18T15:08:17.601956,0.0000000,0.0000000,0.00,0.0000,0.0000,0.0000,0.0,0.00,0.000,0.000,IDLE
2026-08-18T15:08:18.601903,0.0000000,0.0000000,0.00,0.0000,0.0000,0.0000,0.0,0.00,0.000,0.000,IDLE
2026-08-18T15:08:19.601927,0.0000000,0.0000000,0.00,0.0000,0.0000,0.0000,0.0,0.00,0.000,0.000,IDLE
2026-08-18T15:08:20.601917,0.0000000,0.0000000,0.00,0.0000,0.0000,0.0000,0.0,0.00,0.000,0.000,IDLE
2026-08-18T15:08:21.601815,0.0000000,0.0000000,0.00,0.0000,0.0000,0.0000,0.0,0.00,0.000,0.000,IDLE
2026-08-18T15:08:22.601817,0.0000000,0.0000000,0.00,0.0000,0.0000,0.0000,0.0,0.00,0.000,0.000,IDLE
2026-08-18T15:08:23.601819,0.0000000,0.0000000,0.00,0.0000,0.0000,0.0000,0.0,0.00,0.000,0.000,IDLE
2026-08-18T15:08:24.601914,0.0000000,0.0000000,0.00,0.0000,0.0000,0.0000,0.0,0.00,0.000,0.000,IDLE
2026-08-18T15:08:25.601912,0.0000000,0.0000000,0.00,0.0000,0.0000,0.0000,0.0,0.00,0.000,0.000,IDLE
2026-08-18T15:08:26.601899,0.0000000,0.0000000,0.00,0.0000,0.0000,0.0000,0.0,0.00,0.000,0.000,IDLE
2026-08-18T15:08:27.601856,0.0000000,0.0000000,0.00,0.0000,0.0000,0.0000,0.0,0.00,0.000,0.000,IDLE
2026-08-18T15:08:28.601898,0.0000000,0.0000000,0.00,0.0000,0.0000,0.0000,0.0,0.00,0.000,0.000,IDLE
2026-08-18T15:08:29.601844,0.0000000,0.0000000,0.00,0.0000,0.0000,0.0000,0.0,0.00,0.000,0.000,IDLE
2026-08-18T15:08:30.601835,0.0000000,0.0000000,0.00,0.0000,0.0000,0.0000,0.0,0.00,0.000,0.000,IDLE
2026-08-18T15:08:31.601786,0.0000000,0.0000000,0.00,0.0000,0.0000,0.0000,0.0,0.00,0.000,0.000,IDLE
2026-08-18T15:08:32.601917,0.0000000,0.0000000,0.00,0.0000,0.0000,0.0000,0.0,0.00,0.000,0.000,IDLE
2026-08-18T15:08:33.601917,0.0000000,0.0000000,0.00,0.0000,0.0000,0.0000,0.0,0.00,0.000,0.000,IDLE
2026-08-18T15:08:34.601860,0.0000000,0.0000000,0.00,0.0000,0.0000,0.0000,0.0,0.00,0.000,0.000,IDLE
2026-08-18T15:08:35.601805,0.0000000,0.0000000,0.00,0.0000,0.0000,0.0000,0.0,0.00,0.000,0.000,IDLE
2026-08-18T15:08:36.601933,0.0000000,0.0000000,0.00,0.0000,0.0000,0.0000,0.0,0.00,0.000,0.000,IDLE
2026-08-18T15:08:37.601937,0.0000000,0.0000000,0.00,0.0000,0.0000,0.0000,0.0,0.00,0.000,0.000,IDLE
2026-08-18T15:08:38.601793,0.0000000,0.0000000,0.00,0.0000,0.0000,0.0000,0.0,0.00,0.000,0.000,IDLE
2026-08-18T15:08:39.601830,0.0000000,0.0000000,0.00,0.0000,0.0000,0.0000,0.0,0.00,0.000,0.000,IDLE
2026-08-18T15:08:40.601974,0.0000000,0.0000000,0.00,0.0000,0.0000,0.0000,0.0,0.00,0.000,0.000,IDLE
2026-08-18T15:08:41.601920,0.0000000,0.0000000,0.00,0.0000,0.0000,0.0000,0.0,0.00,0.000,0.000,IDLE
2026-08-18T15:08:42.601990,0.0000000,0.0000000,0.00,0.0000,0.0000,0.0000,0.0,0.00,0.000,0.000,IDLE
2026-08-18T15:08:43.601831,0.0000000,0.0000000,0.00,0.0000,0.0000,0.0000,0.0,0.00,0.000,0.000,IDLE
2026-08-18T15:08:44.601891,0.0000000,0.0000000,0.00,0.0000,0.0000,0.0000,0.0,0.00,0.000,0.000,IDLE
2026-08-18T15:08:45.601964,0.0000000,0.0000000,0.00,0.0000,0.0000,0.0000,0.0,0.00,0.000,0.000,IDLE
2026-08-18T15:08:46.601970,0.0000000,0.0000000,0.00,0.0000,0.0000,0.0000,0.0,0.00,0.000,0.000,IDLE
2026-08-18T15:08:47.601961,0.0000000,0.0000000,0.00,0.0000,0.0000,0.0000,0.0,0.00,0.000,0.000,IDLE
2026-08-18T15:08:48.601787,0.0000000,0.0000000,0.00,0.0000,0.0000,0.0000,0.0,0.00,0.000,0.000,IDLE
2026-08-18T15:08:49.601950,0.0000000,0.0000000,0.00,0.0000,0.0000,0.0000,0.0,0.00,0.000,0.000,IDLE
2026-08-18T15:08:50.601961,0.0000000,0.0000000,0.00,0.0000,0.0000,0.0000,0.0,0.00,0.000,0.000,IDLE
2026-08-18T15:08:51.601881,0.0000000,0.0000000,0.00,0.0000,0.0000,0.0000,0.0,0.00,0.000,0.000,IDLE
2026-08-18T15:08:52.601819,0.0000000,0.0000000,0.00,0.0000,0.0000,0.0000,0.0,0.00,0.000,0.000,IDLE
2026-08-18T15:08:53.601970,0.0000000,0.0000000,0.00,0.0000,0.0000,0.0000,0.0,0.00,0.000,0.000,IDLE
2026-08-18T15:08:54.601916,0.0000000,0.0000000,0.00,0.0000,0.0000,0.0000,0.0,0.00,0.000,0.000,IDLE
2026-08-18T15:08:55.601809,0.0000000,0.0000000,0.00,0.0000,0.0000,0.0000,0.0,0.00,0.000,0.000,IDLE
2026-08-18T15:08:56.601971,0.0000000,0.0000000,0.00,0.0000,0.0000,0.0000,0.0,0.00,0.000,0.000,IDLE
2026-08-18T15:08:57.601915,0.0000000,0.0000000,0.00,0.0000,0.0000,0.0000,0.0,0.00,0.000,0.000,IDLE
2026-08-18T15:08:58.601821,0.0000000,0.0000000,0.00,0.0000,0.0000,0.0000,0.0,0.00,0.000,0.000,IDLE
2026-08-18T15:08:59.601833,0.0000000,0.0000000,0.00,0.0000,0.0000,0.0000,0.0,0.00,0.000,0.000,IDLE
2026-08-18T15:09:00.601894,0.0000000,0.0000000,0.00,0.0000,0.0000,0.0000,0.0,0.00,0.000,0.000,IDLE
2026-08-18T15:09:01.601778,0.0000000,0.0000000,0.00,0.0000,0.0000,0.0000,0.0,0.00,0.000,0.000,IDLE
2026-08-18T15:09:02.601960,0.0000000,0.0000000,0.00,0.0000,0.0000,0.0000,0.0,0.00,0.000,0.000,IDLE
2026-08-18T15:09:03.601937,0.0000000,0.0000000,0.00,0.0000,0.0000,0.0000,0.0,0.00,0.000,0.000,IDLE
2026-08-18T15:09:04.601823,0.0000000,0.0000000,0.00,0.0000,0.0000,0.0000,0.0,0.00,0.000,0.000,IDLE
2026-08-18T15:09:05.601919,0.0000000,0.0000000,0.00,0.0000,0.0000,0.0000,0.0,0.00,0.000,0.000,IDLE
2026-08-18T15:09:06.601882,0.0000000,0.0000000,0.00,0.0000,0.0000,0.0000,0.0,0.00,0.000,0.000,IDLE
2026-08-18T15:09:07.601903,0.0000000,0.0000000,0.00,0.0000,0.0000,0.0000,0.0,0.00,0.000,0.000,IDLE
2026-08-18T15:09:08.601909,0.0000000,0.0000000,0.00,0.0000,0.0000,0.0000,0.0,0.00,0.000,0.000,IDLE
2026-08-18T15:09:09.601832,0.0000000,0.0000000,0.00,0.0000,0.0000,0.0000,0.0,0.00,0.000,0.000,IDLE
2026-08-18T15:09:10.601847,0.0000000,0.0000000,0.00,0.0000,0.0000,0.0000,0.0,0.00,0.000,0.000,IDLE
2026-08-18T15:09:11.601880,0.0000000,0.0000000,0.00,0.0000,0.0000,0.0000,0.0,0.00,0.000,0.000,IDLE
2026-08-18T15:09:12.601795,0.0000000,0.0000000,0.00,0.0000,0.0000,0.0000,0.0,0.00,0.000,0.000,IDLE
2026-08-18T15:09:13.601947,0.0000000,0.0000000,0.00,0.0000,0.0000,0.0000,0.0,0.00,0.000,0.000,IDLE
2026-08-18T15:09:14.601953,0.0000000,0.0000000,0.00,0.0000,0.0000,0.0000,0.0,0.00,0.000,0.000,IDLE
2026-08-18T15:09:15.601971,0.0000000,0.0000000,0.00,0.0000,0.0000,0.0000,0.0,0.00,0.000,0.000,IDLE
2026-08-18T15:09:16.601804,0.0000000,0.0000000,0.00,0.0000,0.0000,0.0000,0.0,0.00,0.000,0.000,IDLE
2026-08-18T15:09:17.601809,0.0000000,0.0000000,0.00,0.0000,0.0000,0.0000,0.0,0.00,0.000,0.000,IDLE
2026-08-18T15:09:18.601876,0.0000000,0.0000000,0.00,0.0000,0.0000,0.0000,0.0,0.00,0.000,0.000,IDLE
2026-08-18T15:09:19.601939,0.0000000,0.0000000,0.00,0.0000,0.0000,0.0000,0.0,0.00,0.000,0.000,IDLE
2026-08-18T15:09:20.602216,0.0000000,0.0000000,0.00,0.0000,0.0000,0.0000,0.0,0.00,0.000,0.000,IDLE
2026-08-18T15:09:21.601956,0.0000000,0.0000000,0.00,0.0000,0.0000,0.0000,0.0,0.00,0.000,0.000,IDLE
2026-08-18T15:09:22.601840,0.0000000,0.0000000,0.00,0.0000,0.0000,0.0000,0.0,0.00,0.000,0.000,IDLE
2026-08-18T15:09:23.601969,0.0000000,0.0000000,0.00,0.0000,0.0000,0.0000,0.0,0.00,0.000,0.000,IDLE
2026-08-18T15:09:24.601939,0.0000000,0.0000000,0.00,0.0000,0.0000,0.0000,0.0,0.00,0.000,0.000,IDLE
2026-08-18T15:09:25.601782,0.0000000,0.0000000,0.00,0.0000,0.0000,0.0000,0.0,0.00,0.000,0.000,IDLE
2026-08-18T15:09:26.601802,0.0000000,0.0000000,0.00,0.0000,0.0000,0.0000,0.0,0.00,0.000,0.000,IDLE
2026-08-18T15:09:27.601917,0.0000000,0.0000000,0.00,0.0000,0.0000,0.0000,0.0,0.00,0.000,0.000,IDLE
2026-08-18T15:09:28.601833,0.0000000,0.0000000,0.00,0.0000,0.0000,0.0000,0.0,0.00,0.000,0.000,IDLE
2026-08-18T15:09:29.601966,0.0000000,0.0000000,0.00,0.0000,0.0000,0.0000,0.0,0.00,0.000,0.000,IDLE
2026-08-18T15:09:30.601928,0.0000000,0.0000000,0.00,0.0000,0.0000,0.0000,0.0,0.00,0.000,0.000,IDLE
2026-08-18T15:09:31.601930,0.0000000,0.0000000,0.00,0.0000,0.0000,0.0000,0.0,0.00,0.000,0.000,IDLE
2026-08-18T15:09:32.601943,0.0000000,0.0000000,0.00,0.0000,0.0000,0.0000,0.0,0.00,0.000,0.000,IDLE
2026-08-18T15:09:33.601969,0.0000000,0.0000000,0.00,0.0000,0.0000,0.0000,0.0,0.00,0.000,0.000,IDLE
2026-08-18T15:09:34.601846,0.0000000,0.0000000,0.00,0.0000,0.0000,0.0000,0.0,0.00,0.000,0.000,IDLE
2026-08-18T15:09:35.601897,0.0000000,0.0000000,0.00,0.0000,0.0000,0.0000,0.0,0.00,0.000,0.000,IDLE
2026-08-18T15:09:36.601961,0.0000000,0.0000000,0.00,0.0000,0.0000,0.0000,0.0,0.00,0.000,0.000,IDLE
2026-08-18T15:09:37.601964,0.0000000,0.0000000,0.00,0.0000,0.0000,0.0000,0.0,0.00,0.000,0.000,IDLE
2026-08-18T15:09:38.601829,0.0000000,0.0000000,0.00,0.0000,0.0000,0.0000,0.0,0.00,0.000,0.000,IDLE
2026-08-18T15:09:39.601808,0.0000000,0.0000000,0.00,0.0000,0.0000,0.0000,0.0,0.00,0.000,0.000,IDLE
2026-08-18T15:09:40.601967,0.0000000,0.0000000,0.00,0.0000,0.0000,0.0000,0.0,0.00,0.000,0.000,IDLE
2026-08-18T15:09:41.601971,0.0000000,0.0000000,0.00,0.0000,0.0000,0.0000,0.0,0.00,0.000,0.000,IDLE
2026-08-18T15:09:42.601884,0.0000000,0.0000000,0.00,0.0000,0.0000,0.0000,0.0,0.00,0.000,0.000,IDLE
2026-08-18T15:09:43.601802,0.0000000,0.0000000,0.00,0.0000,0.0000,0.0000,0.0,0.00,0.000,0.000,IDLE
2026-08-18T15:09:44.601962,0.0000000,0.0000000,0.00,0.0000,0.0000,0.0000,0.0,0.00,0.000,0.000,IDLE
2026-08-18T15:09:45.601962,0.0000000,0.0000000,0.00,0.0000,0.0000,0.0000,0.0,0.00,0.000,0.000,IDLE
2026-08-18T15:09:46.601876,0.0000000,0.0000000,0.00,0.0000,0.0000,0.0000,0.0,0.00,0.000,0.000,IDLE
2026-08-18T15:09:47.601946,0.0000000,0.0000000,0.00,0.0000,0.0000,0.0000,0.0,0.00,0.000,0.000,IDLE
2026-08-18T15:09:48.601932,0.0000000,0.0000000,0.00,0.0000,0.0000,0.0000,0.0,0.00,0.000,0.000,IDLE
2026-08-18T15:09:49.601929,0.0000000,0.0000000,0.00,0.0000,0.0000,0.0000,0.0,0.00,0.000,0.000,IDLE
2026-08-18T15:09:50.601829,0.0000000,0.0000000,0.00,0.0000,0.0000,0.0000,0.0,0.00,0.000,0.000,IDLE
2026-08-18T15:09:51.601838,0.0000000,0.0000000,0.00,0.0000,0.0000,0.0000,0.0,0.00,0.000,0.000,IDLE
2026-08-18T15:09:52.601843,0.0000000,0.0000000,0.00,0.0000,0.0000,0.0000,0.0,0.00,0.000,0.000,IDLE
2026-08-18T15:09:53.601905,0.0000000,0.0000000,0.00,0.0000,0.0000,0.0000,0.0,0.00,0.000,0.000,IDLE
2026-08-18T15:09:54.601940,0.0000000,0.0000000,0.00,0.0000,0.0000,0.0000,0.0,0.00,0.000,0.000,IDLE
2026-08-18T15:09:55.601883,0.0000000,0.0000000,0.00,0.0000,0.0000,0.0000,0.0,0.00,0.000,0.000,IDLE
2026-08-18T15:09:56.601946,0.0000000,0.0000000,0.00,0.0000,0.0000,0.0000,0.0,0.00,0.000,0.000,IDLE
2026-08-18T15:09:57.601796,0.0000000,0.0000000,0.00,0.0000,0.0000,0.0000,0.0,0.00,0.000,0.000,IDLE
2026-08-18T15:09:58.601909,0.0000000,0.0000000,0.00,0.0000,0.0000,0.0000,0.0,0.00,0.000,0.000,IDLE
2026-08-18T15:09:59.601832,0.0000000,0.0000000,0.00,0.0000,0.0000,0.0000,0.0,0.00,0.000,0.000,IDLE
2026-08-18T15:10:00.601804,0.0000000,0.0000000,0.00,0.0000,0.0000,0.0000,0.0,0.00,0.000,0.000,IDLE
2026-08-18T15:10:01.601968,0.0000000,0.0000000,0.00,0.0000,0.0000,0.0000,0.0,0.00,0.000,0.000,IDLE
2026-08-18T15:10:02.602217,0.0000000,0.0000000,0.00,0.0000,0.0000,0.0000,0.0,0.00,0.000,0.000,IDLE
2026-08-18T15:10:03.601858,0.0000000,0.0000000,0.00,0.0000,0.0000,0.0000,0.0,0.00,0.000,0.000,IDLE
2026-08-18T15:10:04.601986,0.0000000,0.0000000,0.00,0.0000,0.0000,0.0000,0.0,0.00,0.000,0.000,IDLE
2026-08-18T15:10:05.601883,0.0000000,0.0000000,0.00,0.0000,0.0000,0.0000,0.0,0.00,0.000,0.000,IDLE
2026-08-18T15:10:06.601933,0.0000000,0.0000000,0.00,0.0000,0.0000,0.0000,0.0,0.00,0.000,0.000,IDLE
2026-08-18T15:10:07.601944,0.0000000,0.0000000,0.00,0.0000,0.0000,0.0000,0.0,0.00,0.000,0.000,IDLE
2026-08-18T15:10:08.601931,0.0000000,0.0000000,0.00,0.0000,0.0000,0.0000,0.0,0.00,0.000,0.000,IDLE
2026-08-18T15:10:09.601861,0.0000000,0.0000000,0.00,0.0000,0.0000,0.0000,0.0,0.00,0.000,0.000,IDLE
2026-08-18T15:10:10.601942,0.0000000,0.0000000,0.00,0.0000,0.0000,0.0000,0.0,0.00,0.000,0.000,IDLE
2026-08-18T15:10:11.601954,0.0000000,0.0000000,0.00,0.0000,0.0000,0.0000,0.0,0.00,0.000,0.000,IDLE
2026-08-18T15:10:12.601895,0.0000000,0.0000000,0.00,0.0000,0.0000,0.0000,0.0,0.00,0.000,0.000,IDLE
2026-08-18T15:10:13.601914,0.0000000,0.0000000,0.00,0.0000,0.0000,0.0000,0.0,0.00,0.000,0.000,IDLE
2026-08-18T15:10:14.601932,0.0000000,0.0000000,0.00,0.0000,0.0000,0.0000,0.0,0.00,0.000,0.000,IDLE
2026-08-18T15:10:15.601786,0.0000000,0.0000000,0.00,0.0000,0.0000,0.0000,0.0,0.00,0.000,0.000,IDLE
2026-08-18T15:10:16.601826,0.0000000,0.0000000,0.00,0.0000,0.0000,0.0000,0.0,0.00,0.000,0.000,IDLE
2026-08-18T15:10:17.601783,0.0000000,0.0000000,0.00,0.0000,0.0000,0.0000,0.0,0.00,0.000,0.000,IDLE
2026-08-18T15:10:18.601915,0.0000000,0.0000000,0.00,0.0000,0.0000,0.0000,0.0,0.00,0.000,0.000,IDLE
2026-08-18T15:10:19.601948,0.0000000,0.0000000,0.00,0.0000,0.0000,0.0000,0.0,0.00,0.000,0.000,IDLE
2026-08-18T15:10:20.601979,0.0000000,0.0000000,0.00,0.0000,0.0000,0.0000,0.0,0.00,0.000,0.000,IDLE
2026-08-18T15:10:21.601821,0.0000000,0.0000000,0.00,0.0000,0.0000,0.0000,0.0,0.00,0.000,0.000,IDLE
2026-08-18T15:10:22.601875,0.0000000,0.0000000,0.00,0.0000,0.0000,0.0000,0.0,0.00,0.000,0.000,IDLE
2026-08-18T15:10:23.601926,0.0000000,0.0000000,0.00,0.0000,0.0000,0.0000,0.0,0.00,0.000,0.000,IDLE
2026-08-18T15:10:24.602009,0.0000000,0.0000000,0.00,0.0000,0.0000,0.0000,0.0,0.00,0.000,0.000,IDLE
2026-08-18T15:10:25.601831,0.0000000,0.0000000,0.00,0.0000,0.0000,0.0000,0.0,0.00,0.000,0.000,IDLE
2026-08-18T15:10:26.601803,0.0000000,0.0000000,0.00,0.0000,0.0000,0.0000,0.0,0.00,0.000,0.000,IDLE
2026-08-18T15:10:27.601880,0.0000000,0.0000000,0.00,0.0000,0.0000,0.0000,0.0,0.00,0.000,0.000,IDLE
2026-08-18T15:10:28.601988,0.0000000,0.0000000,0.00,0.0000,0.0000,0.0000,0.0,0.00,0.000,0.000,IDLE
2026-08-18T15:10:29.601847,0.0000000,0.0000000,0.00,0.0000,0.0000,0.0000,0.0,0.00,0.000,0.000,IDLE
2026-08-18T15:10:30.601790,0.0000000,0.0000000,0.00,0.0000,0.0000,0.0000,0.0,0.00,0.000,0.000,IDLE
2026-08-18T15:10:31.601884,0.0000000,0.0000000,0.00,0.0000,0.0000,0.0000,0.0,0.00,0.000,0.000,IDLE
2026-08-18T15:10:32.601956,0.0000000,0.0000000,0.00,0.0000,0.0000,0.0000,0.0,0.00,0.000,0.000,IDLE
2026-08-18T15:10:33.601864,0.0000000,0.0000000,0.00,0.0000,0.0000,0.0000,0.0,0.00,0.000,0.000,IDLE
2026-08-18T15:10:34.601915,0.0000000,0.0000000,0.00,0.0000,0.0000,0.0000,0.0,0.00,0.000,0.000,IDLE
2026-08-18T15:10:35.601910,0.0000000,0.0000000,0.00,0.0000,0.0000,0.0000,0.0,0.00,0.000,0.000,IDLE
2026-08-18T15:10:36.601967,0.0000000,0.0000000,0.00,0.0000,0.0000,0.0000,0.0,0.00,0.000,0.000,IDLE
2026-08-18T15:10:37.601965,0.0000000,0.0000000,0.00,0.0000,0.0000,0.0000,0.0,0.00,0.000,0.000,IDLE
2026-08-18T15:10:38.601957,0.0000000,0.0000000,0.00,0.0000,0.0000,0.0000,0.0,0.00,0.000,0.000,IDLE
2026-08-18T15:10:39.601973,0.0000000,0.0000000,0.00,0.0000,0.0000,0.0000,0.0,0.00,0.000,0.000,IDLE
2026-08-18T15:10:40.601950,0.0000000,0.0000000,0.00,0.0000,0.0000,0.0000,0.0,0.00,0.000,0.000,IDLE
2026-08-18T15:10:41.601956,0.0000000,0.0000000,0.00,0.0000,0.0000,0.0000,0.0,0.00,0.000,0.000,IDLE
2026-08-18T15:10:42.601998,0.0000000,0.0000000,0.00,0.0000,0.0000,0.0000,0.0,0.00,0.000,0.000,IDLE
2026-08-18T15:10:43.601998,0.0000000,0.0000000,0.00,0.0000,0.0000,0.0000,0.0,0.00,0.000,0.000,IDLE
2026-08-18T15:10:44.601969,0.0000000,0.0000000,0.00,0.0000,0.0000,0.0000,0.0,0.00,0.000,0.000,IDLE
2026-08-18T15:10:45.601959,0.0000000,0.0000000,0.00,0.0000,0.0000,0.0000,0.0,0.00,0.000,0.000,IDLE
2026-08-18T15:10:46.601862,0.0000000,0.0000000,0.00,0.0000,0.0000,0.0000,0.0,0.00,0.000,0.000,IDLE
2026-08-18T15:10:47.601923,0.0000000,0.0000000,0.00,0.0000,0.0000,0.0000,0.0,0.00,0.000,0.000,IDLE
2026-08-18T15:10:48.601939,0.0000000,0.0000000,0.00,0.0000,0.0000,0.0000,0.0,0.00,0.000,0.000,IDLE
2026-08-18T15:10:49.601961,0.0000000,0.0000000,0.00,0.0000,0.0000,0.0000,0.0,0.00,0.000,0.000,IDLE
2026-08-18T15:10:50.601866,0.0000000,0.0000000,0.00,0.0000,0.0000,0.0000,0.0,0.00,0.000,0.000,IDLE
2026-08-18T15:10:51.601791,0.0000000,0.0000000,0.00,0.0000,0.0000,0.0000,0.0,0.00,0.000,0.000,IDLE
2026-08-18T15:10:52.601949,0.0000000,0.0000000,0.00,0.0000,0.0000,0.0000,0.0,0.00,0.000,0.000,IDLE
2026-08-18T15:10:53.601966,0.0000000,0.0000000,0.00,0.0000,0.0000,0.0000,0.0,0.00,0.000,0.000,IDLE
2026-08-18T15:10:54.601841,0.0000000,0.0000000,0.00,0.0000,0.0000,0.0000,0.0,0.00,0.000,0.000,IDLE
2026-08-18T15:10:55.601861,0.0000000,0.0000000,0.00,0.0000,0.0000,0.0000,0.0,0.00,0.000,0.000,IDLE
2026-08-18T15:10:56.601814,0.0000000,0.0000000,0.00,0.0000,0.0000,0.0000,0.0,0.00,0.000,0.000,IDLE
2026-08-18T15:10:57.601960,0.0000000,0.0000000,0.00,0.0000,0.0000,0.0000,0.0,0.00,0.000,0.000,IDLE
2026-08-18T15:10:58.601965,0.0000000,0.0000000,0.00,0.0000,0.0000,0.0000,0.0,0.00,0.000,0.000,IDLE
2026-08-18T15:10:59.601984,0.0000000,0.0000000,0.00,0.0000,0.0000,0.0000,0.0,0.00,0.000,0.000,IDLE
2026-08-18T15:11:00.601983,0.0000000,0.0000000,0.00,0.0000,0.0000,0.0000,0.0,0.00,0.000,0.000,IDLE
2026-08-18T15:11:01.601961,0.0000000,0.0000000,0.00,0.0000,0.0000,0.0000,0.0,0.00,0.000,0.000,IDLE
2026-08-18T15:11:02.601800,0.0000000,0.0000000,0.00,0.0000,0.0000,0.0000,0.0,0.00,0.000,0.000,IDLE
2026-08-18T15:11:03.601805,0.0000000,0.0000000,0.00,0.0000,0.0000,0.0000,0.0,0.00,0.000,0.000,IDLE
2026-08-18T15:11:04.601810,0.0000000,0.0000000,0.00,0.0000,0.0000,0.0000,0.0,0.00,0.000,0.000,IDLE
2026-08-18T15:11:05.601835,0.0000000,0.0000000,0.00,0.0000,0.0000,0.0000,0.0,0.00,0.000,0.000,IDLE
2026-08-18T15:11:06.601950,0.0000000,0.0000000,0.00,0.0000,0.0000,0.0000,0.0,0.00,0.000,0.000,IDLE
2026-08-18T15:11:07.601808,0.0000000,0.0000000,0.00,0.0000,0.0000,0.0000,0.0,0.00,0.000,0.000,IDLE
2026-08-18T15:11:08.601815,0.0000000,0.0000000,0.00,0.0000,0.0000,0.0000,0.0,0.00,0.000,0.000,IDLE
2026-08-18T15:11:09.601940,0.0000000,0.0000000,0.00,0.0000,0.0000,0.0000,0.0,0.00,0.000,0.000,IDLE
2026-08-18T15:11:10.602006,0.0000000,0.0000000,0.00,0.0000,0.0000,0.0000,0.0,0.00,0.000,0.000,IDLE
2026-08-18T15:11:11.601839,0.0000000,0.0000000,0.00,0.0000,0.0000,0.0000,0.0,0.00,0.000,0.000,IDLE
2026-08-18T15:11:12.601800,0.0000000,0.0000000,0.00,0.0000,0.0000,0.0000,0.0,0.00,0.000,0.000,IDLE
2026-08-18T15:11:13.601890,0.0000000,0.0000000,0.00,0.0000,0.0000,0.0000,0.0,0.00,0.000,0.000,IDLE
2026-08-18T15:11:14.601875,0.0000000,0.0000000,0.00,0.0000,0.0000,0.0000,0.0,0.00,0.000,0.000,IDLE
2026-08-18T15:11:15.601927,0.0000000,0.0000000,0.00,0.0000,0.0000,0.0000,0.0,0.00,0.000,0.000,IDLE
2026-08-18T15:11:16.601863,0.0000000,0.0000000,0.00,0.0000,0.0000,0.0000,0.0,0.00,0.000,0.000,IDLE
2026-08-18T15:11:17.601849,0.0000000,0.0000000,0.00,0.0000,0.0000,0.0000,0.0,0.00,0.000,0.000,IDLE
2026-08-18T15:11:18.601815,0.0000000,0.0000000,0.00,0.0000,0.0000,0.0000,0.0,0.00,0.000,0.000,IDLE
2026-08-18T15:11:19.601804,0.0000000,0.0000000,0.00,0.0000,0.0000,0.0000,0.0,0.00,0.000,0.000,IDLE
2026-08-18T15:11:20.601834,0.0000000,0.0000000,0.00,0.0000,0.0000,0.0000,0.0,0.00,0.000,0.000,IDLE
2026-08-18T15:11:21.601817,0.0000000,0.0000000,0.00,0.0000,0.0000,0.0000,0.0,0.00,0.000,0.000,IDLE
2026-08-18T15:11:22.601846,0.0000000,0.0000000,0.00,0.0000,0.0000,0.0000,0.0,0.00,0.000,0.000,IDLE
2026-08-18T15:11:23.601809,0.0000000,0.0000000,0.00,0.0000,0.0000,0.0000,0.0,0.00,0.000,0.000,IDLE
2026-08-18T15:11:24.601923,0.0000000,0.0000000,0.00,0.0000,0.0000,0.0000,0.0,0.00,0.000,0.000,IDLE
2026-08-18T15:11:25.601948,0.0000000,0.0000000,0.00,0.0000,0.0000,0.0000,0.0,0.00,0.000,0.000,IDLE
2026-08-18T15:11:26.601989,0.0000000,0.0000000,0.00,0.0000,0.0000,0.0000,0.0,0.00,0.000,0.000,IDLE
2026-08-18T15:11:27.601918,0.0000000,0.0000000,0.00,0.0000,0.0000,0.0000,0.0,0.00,0.000,0.000,IDLE
2026-08-18T15:11:28.601995,0.0000000,0.0000000,0.00,0.0000,0.0000,0.0000,0.0,0.00,0.000,0.000,IDLE
2026-08-18T15:11:29.601907,0.0000000,0.0000000,0.00,0.0000,0.0000,0.0000,0.0,0.00,0.000,0.000,IDLE
2026-08-18T15:11:30.602007,0.0000000,0.0000000,0.00,0.0000,0.0000,0.0000,0.0,0.00,0.000,0.000,IDLE
2026-08-18T15:11:31.601936,0.0000000,0.0000000,0.00,0.0000,0.0000,0.0000,0.0,0.00,0.000,0.000,IDLE
2026-08-18T15:11:32.601925,0.0000000,0.0000000,0.00,0.0000,0.0000,0.0000,0.0,0.00,0.000,0.000,IDLE
2026-08-18T15:11:33.601980,0.0000000,0.0000000,0.00,0.0000,0.0000,0.0000,0.0,0.00,0.000,0.000,IDLE
2026-08-18T15:11:34.601819,0.0000000,0.0000000,0.00,0.0000,0.0000,0.0000,0.0,0.00,0.000,0.000,IDLE
2026-08-18T15:11:35.601961,0.0000000,0.0000000,0.00,0.0000,0.0000,0.0000,0.0,0.00,0.000,0.000,IDLE
2026-08-18T15:11:36.601940,0.0000000,0.0000000,0.00,0.0000,0.0000,0.0000,0.0,0.00,0.000,0.000,IDLE
2026-08-18T15:11:37.602010,0.0000000,0.0000000,0.00,0.0000,0.0000,0.0000,0.0,0.00,0.000,0.000,IDLE
2026-08-18T15:11:38.601796,0.0000000,0.0000000,0.00,0.0000,0.0000,0.0000,0.0,0.00,0.000,0.000,IDLE
2026-08-18T15:11:39.601956,0.0000000,0.0000000,0.00,0.0000,0.0000,0.0000,0.0,0.00,0.000,0.000,IDLE
2026-08-18T15:11:40.601975,0.0000000,0.0000000,0.00,0.0000,0.0000,0.0000,0.0,0.00,0.000,0.000,IDLE
2026-08-18T15:11:41.601830,0.0000000,0.0000000,0.00,0.0000,0.0000,0.0000,0.0,0.00,0.000,0.000,IDLE
2026-08-18T15:11:42.601956,0.0000000,0.0000000,0.00,0.0000,0.0000,0.0000,0.0,0.00,0.000,0.000,IDLE
2026-08-18T15:11:43.601953,0.0000000,0.0000000,0.00,0.0000,0.0000,0.0000,0.0,0.00,0.000,0.000,IDLE
2026-08-18T15:11:44.601963,0.0000000,0.0000000,0.00,0.0000,0.0000,0.0000,0.0,0.00,0.000,0.000,IDLE
2026-08-18T15:11:45.601879,0.0000000,0.0000000,0.00,0.0000,0.0000,0.0000,0.0,0.00,0.000,0.000,IDLE
2026-08-18T15:11:46.601873,0.0000000,0.0000000,0.00,0.0000,0.0000,0.0000,0.0,0.00,0.000,0.000,IDLE
2026-08-18T15:11:47.601973,0.0000000,0.0000000,0.00,0.0000,0.0000,0.0000,0.0,0.00,0.000,0.000,IDLE
2026-08-18T15:11:48.602211,0.0000000,0.0000000,0.00,0.0000,0.0000,0.0000,0.0,0.00,0.000,0.000,IDLE
2026-08-18T15:11:49.601938,0.0000000,0.0000000,0.00,0.0000,0.0000,0.0000,0.0,0.00,0.000,0.000,IDLE
2026-08-18T15:11:50.601926,0.0000000,0.0000000,0.00,0.0000,0.0000,0.0000,0.0,0.00,0.000,0.000,IDLE
2026-08-18T15:11:51.601989,0.0000000,0.0000000,0.00,0.0000,0.0000,0.0000,0.0,0.00,0.000,0.000,IDLE
2026-08-18T15:11:52.601882,0.0000000,0.0000000,0.00,0.0000,0.0000,0.0000,0.0,0.00,0.000,0.000,IDLE
2026-08-18T15:11:53.601876,0.0000000,0.0000000,0.00,0.0000,0.0000,0.0000,0.0,0.00,0.000,0.000,IDLE
2026-08-18T15:11:54.601993,0.0000000,0.0000000,0.00,0.0000,0.0000,0.0000,0.0,0.00,0.000,0.000,IDLE
2026-08-18T15:11:55.601793,0.0000000,0.0000000,0.00,0.0000,0.0000,0.0000,0.0,0.00,0.000,0.000,IDLE
2026-08-18T15:11:56.601886,0.0000000,0.0000000,0.00,0.0000,0.0000,0.0000,0.0,0.00,0.000,0.000,IDLE
2026-08-18T15:11:57.601962,0.0000000,0.0000000,0.00,0.0000,0.0000,0.0000,0.0,0.00,0.000,0.000,IDLE
2026-08-18T15:11:58.601815,0.0000000,0.0000000,0.00,0.0000,0.0000,0.0000,0.0,0.00,0.000,0.000,IDLE
2026-08-18T15:11:59.601813,0.0000000,0.0000000,0.00,0.0000,0.0000,0.0000,0.0,0.00,0.000,0.000,IDLE
2026-08-18T15:12:00.601974,0.0000000,0.0000000,0.00,0.0000,0.0000,0.0000,0.0,0.00,0.000,0.000,IDLE
2026-08-18T15:12:01.601835,0.0000000,0.0000000,0.00,0.0000,0.0000,0.0000,0.0,0.00,0.000,0.000,IDLE
2026-08-18T15:12:02.601879,0.0000000,0.0000000,0.00,0.0000,0.0000,0.0000,0.0,0.00,0.000,0.000,IDLE
2026-08-18T15:12:03.601870,0.0000000,0.0000000,0.00,0.0000,0.0000,0.0000,0.0,0.00,0.000,0.000,IDLE
2026-08-18T15:12:04.601941,0.0000000,0.0000000,0.00,0.0000,0.0000,0.0000,0.0,0.00,0.000,0.000,IDLE
2026-08-18T15:12:05.601907,0.0000000,0.0000000,0.00,0.0000,0.0000,0.0000,0.0,0.00,0.000,0.000,IDLE
2026-08-18T15:12:06.601916,0.0000000,0.0000000,0.00,0.0000,0.0000,0.0000,0.0,0.00,0.000,0.000,IDLE
2026-08-18T15:12:07.601824,0.0000000,0.0000000,0.00,0.0000,0.0000,0.0000,0.0,0.00,0.000,0.000,IDLE
2026-08-18T15:12:08.601901,0.0000000,0.0000000,0.00,0.0000,0.0000,0.0000,0.0,0.00,0.000,0.000,IDLE
2026-08-18T15:12:09.601944,0.0000000,0.0000000,0.00,0.0000,0.0000,0.0000,0.0,0.00,0.000,0.000,IDLE
2026-08-18T15:12:10.601961,0.0000000,0.0000000,0.00,0.0000,0.0000,0.0000,0.0,0.00,0.000,0.000,IDLE
2026-08-18T15:12:11.601811,0.0000000,0.0000000,0.00,0.0000,0.0000,0.0000,0.0,0.00,0.000,0.000,IDLE
2026-08-18T15:12:12.601800,0.0000000,0.0000000,0.00,0.0000,0.0000,0.0000,0.0,0.00,0.000,0.000,IDLE
2026-08-18T15:12:13.601823,0.0000000,0.0000000,0.00,0.0000,0.0000,0.0000,0.0,0.00,0.000,0.000,IDLE
2026-08-18T15:12:14.601936,0.0000000,0.0000000,0.00,0.0000,0.0000,0.0000,0.0,0.00,0.000,0.000,IDLE
2026-08-18T15:12:15.601916,0.0000000,0.0000000,0.00,0.0000,0.0000,0.0000,0.0,0.00,0.000,0.000,IDLE
2026-08-18T15:12:16.601966,0.0000000,0.0000000,0.00,0.0000,0.0000,0.0000,0.0,0.00,0.000,0.000,IDLE
2026-08-18T15:12:17.601937,0.0000000,0.0000000,0.00,0.0000,0.0000,0.0000,0.0,0.00,0.000,0.000,IDLE
2026-08-18T15:12:18.601901,0.0000000,0.0000000,0.00,0.0000,0.0000,0.0000,0.0,0.00,0.000,0.000,IDLE
2026-08-18T15:12:19.601825,0.0000000,0.0000000,0.00,0.0000,0.0000,0.0000,0.0,0.00,0.000,0.000,IDLE
2026-08-18T15:12:20.601965,0.0000000,0.0000000,0.00,0.0000,0.0000,0.0000,0.0,0.00,0.000,0.000,IDLE
2026-08-18T15:12:21.601916,0.0000000,0.0000000,0.00,0.0000,0.0000,0.0000,0.0,0.00,0.000,0.000,IDLE
2026-08-18T15:12:22.602212,0.0000000,0.0000000,0.00,0.0000,0.0000,0.0000,0.0,0.00,0.000,0.000,IDLE
2026-08-18T15:12:23.601903,0.0000000,0.0000000,0.00,0.0000,0.0000,0.0000,0.0,0.00,0.000,0.000,IDLE
2026-08-18T15:12:24.601929,0.0000000,0.0000000,0.00,0.0000,0.0000,0.0000,0.0,0.00,0.000,0.000,IDLE
2026-08-18T15:12:25.601976,0.0000000,0.0000000,0.00,0.0000,0.0000,0.0000,0.0,0.00,0.000,0.000,IDLE
2026-08-18T15:12:26.602016,0.0000000,0.0000000,0.00,0.0000,0.0000,0.0000,0.0,0.00,0.000,0.000,IDLE
2026-08-18T15:12:27.601966,0.0000000,0.0000000,0.00,0.0000,0.0000,0.0000,0.0,0.00,0.000,0.000,IDLE
2026-08-18T15:12:28.601831,0.0000000,0.0000000,0.00,0.0000,0.0000,0.0000,0.0,0.00,0.000,0.000,IDLE
2026-08-18T15:12:29.601806,0.0000000,0.0000000,0.00,0.0000,0.0000,0.0000,0.0,0.00,0.000,0.000,IDLE
2026-08-18T15:12:30.601956,0.0000000,0.0000000,0.00,0.0000,0.0000,0.0000,0.0,0.00,0.000,0.000,IDLE
2026-08-18T15:12:31.601828,0.0000000,0.0000000,0.00,0.0000,0.0000,0.0000,0.0,0.00,0.000,0.000,IDLE
2026-08-18T15:12:32.601830,0.0000000,0.0000000,0.00,0.0000,0.0000,0.0000,0.0,0.00,0.000,0.000,IDLE
2026-08-18T15:12:33.601830,0.0000000,0.0000000,0.00,0.0000,0.0000,0.0000,0.0,0.00,0.000,0.000,IDLE
2026-08-18T15:12:34.601965,0.0000000,0.0000000,0.00,0.0000,0.0000,0.0000,0.0,0.00,0.000,0.000,IDLE
2026-08-18T15:12:35.601967,0.0000000,0.0000000,0.00,0.0000,0.0000,0.0000,0.0,0.00,0.000,0.000,IDLE
2026-08-18T15:12:36.601944,0.0000000,0.0000000,0.00,0.0000,0.0000,0.0000,0.0,0.00,0.000,0.000,IDLE
2026-08-18T15:12:37.601921,0.0000000,0.0000000,0.00,0.0000,0.0000,0.0000,0.0,0.00,0.000,0.000,IDLE
2026-08-18T15:12:38.601814,0.0000000,0.0000000,0.00,0.0000,0.0000,0.0000,0.0,0.00,0.000,0.000,IDLE
2026-08-18T15:12:39.601884,0.0000000,0.0000000,0.00,0.0000,0.0000,0.0000,0.0,0.00,0.000,0.000,IDLE
2026-08-18T15:12:40.601927,0.0000000,0.0000000,0.00,0.0000,0.0000,0.0000,0.0,0.00,0.000,0.000,IDLE
2026-08-18T15:12:41.601950,0.0000000,0.0000000,0.00,0.0000,0.0000,0.0000,0.0,0.00,0.000,0.000,IDLE
2026-08-18T15:12:42.601933,0.0000000,0.0000000,0.00,0.0000,0.0000,0.0000,0.0,0.00,0.000,0.000,IDLE
2026-08-18T15:12:43.601937,0.0000000,0.0000000,0.00,0.0000,0.0000,0.0000,0.0,0.00,0.000,0.000,IDLE
2026-08-18T15:12:44.601956,0.0000000,0.0000000,0.00,0.0000,0.0000,0.0000,0.0,0.00,0.000,0.000,IDLE
2026-08-18T15:12:45.601937,0.0000000,0.0000000,0.00,0.0000,0.0000,0.0000,0.0,0.00,0.000,0.000,IDLE
2026-08-18T15:12:46.601857,0.0000000,0.0000000,0.00,0.0000,0.0000,0.0000,0.0,0.00,0.000,0.000,IDLE
2026-08-18T15:12:47.601913,0.0000000,0.0000000,0.00,0.0000,0.0000,0.0000,0.0,0.00,0.000,0.000,IDLE
2026-08-18T15:12:48.601926,0.0000000,0.0000000,0.00,0.0000,0.0000,0.0000,0.0,0.00,0.000,0.000,IDLE
2026-08-18T15:12:49.601873,0.0000000,0.0000000,0.00,0.0000,0.0000,0.0000,0.0,0.00,0.000,0.000,IDLE
2026-08-18T15:12:50.601810,0.0000000,0.0000000,0.00,0.0000,0.0000,0.0000,0.0,0.00,0.000,0.000,IDLE
2026-08-18T15:12:51.601812,0.0000000,0.0000000,0.00,0.0000,0.0000,0.0000,0.0,0.00,0.000,0.000,IDLE
2026-08-18T15:12:52.601952,0.0000000,0.0000000,0.00,0.0000,0.0000,0.0000,0.0,0.00,0.000,0.000,IDLE
2026-08-18T15:12:53.601912,0.0000000,0.0000000,0.00,0.0000,0.0000,0.0000,0.0,0.00,0.000,0.000,IDLE
2026-08-18T15:12:54.601890,0.0000000,0.0000000,0.00,0.0000,0.0000,0.0000,0.0,0.00,0.000,0.000,IDLE
2026-08-18T15:12:55.601815,0.0000000,0.0000000,0.00,0.0000,0.0000,0.0000,0.0,0.00,0.000,0.000,IDLE
2026-08-18T15:12:56.601937,0.0000000,0.0000000,0.00,0.0000,0.0000,0.0000,0.0,0.00,0.000,0.000,IDLE
2026-08-18T15:12:57.601922,0.0000000,0.0000000,0.00,0.0000,0.0000,0.0000,0.0,0.00,0.000,0.000,IDLE
2026-08-18T15:12:58.602030,0.0000000,0.0000000,0.00,0.0000,0.0000,0.0000,0.0,0.00,0.000,0.000,IDLE
2026-08-18T15:12:59.601837,0.0000000,0.0000000,0.00,0.0000,0.0000,0.0000,0.0,0.00,0.000,0.000,IDLE
2026-08-18T15:13:00.601784,0.0000000,0.0000000,0.00,0.0000,0.0000,0.0000,0.0,0.00,0.000,0.000,IDLE
2026-08-18T15:13:01.601983,0.0000000,0.0000000,0.00,0.0000,0.0000,0.0000,0.0,0.00,0.000,0.000,IDLE
2026-08-18T15:13:02.601948,0.0000000,0.0000000,0.00,0.0000,0.0000,0.0000,0.0,0.00,0.000,0.000,IDLE
2026-08-18T15:13:03.601968,0.0000000,0.0000000,0.00,0.0000,0.0000,0.0000,0.0,0.00,0.000,0.000,IDLE
2026-08-18T15:13:04.602222,0.0000000,0.0000000,0.00,0.0000,0.0000,0.0000,0.0,0.00,0.000,0.000,IDLE
2026-08-18T15:13:05.602048,0.0000000,0.0000000,0.00,0.0000,0.0000,0.0000,0.0,0.00,0.000,0.000,IDLE
2026-08-18T15:13:06.601848,0.0000000,0.0000000,0.00,0.0000,0.0000,0.0000,0.0,0.00,0.000,0.000,IDLE
2026-08-18T15:13:07.601956,0.0000000,0.0000000,0.00,0.0000,0.0000,0.0000,0.0,0.00,0.000,0.000,IDLE
2026-08-18T15:13:08.601949,0.0000000,0.0000000,0.00,0.0000,0.0000,0.0000,0.0,0.00,0.000,0.000,IDLE
2026-08-18T15:13:09.601982,0.0000000,0.0000000,0.00,0.0000,0.0000,0.0000,0.0,0.00,0.000,0.000,IDLE
2026-08-18T15:13:10.601959,0.0000000,0.0000000,0.00,0.0000,0.0000,0.0000,0.0,0.00,0.000,0.000,IDLE
2026-08-18T15:13:11.601844,0.0000000,0.0000000,0.00,0.0000,0.0000,0.0000,0.0,0.00,0.000,0.000,IDLE
2026-08-18T15:13:12.601848,0.0000000,0.0000000,0.00,0.0000,0.0000,0.0000,0.0,0.00,0.000,0.000,IDLE
2026-08-18T15:13:13.601947,0.0000000,0.0000000,0.00,0.0000,0.0000,0.0000,0.0,0.00,0.000,0.000,IDLE
2026-08-18T15:13:14.601965,0.0000000,0.0000000,0.00,0.0000,0.0000,0.0000,0.0,0.00,0.000,0.000,IDLE
2026-08-18T15:13:15.601840,0.0000000,0.0000000,0.00,0.0000,0.0000,0.0000,0.0,0.00,0.000,0.000,IDLE
2026-08-18T15:13:16.601797,0.0000000,0.0000000,0.00,0.0000,0.0000,0.0000,0.0,0.00,0.000,0.000,IDLE
2026-08-18T15:13:17.601944,0.0000000,0.0000000,0.00,0.0000,0.0000,0.0000,0.0,0.00,0.000,0.000,IDLE
2026-08-18T15:13:18.601971,0.0000000,0.0000000,0.00,0.0000,0.0000,0.0000,0.0,0.00,0.000,0.000,IDLE
2026-08-18T15:13:19.601840,0.0000000,0.0000000,0.00,0.0000,0.0000,0.0000,0.0,0.00,0.000,0.000,IDLE
2026-08-18T15:13:20.601815,0.0000000,0.0000000,0.00,0.0000,0.0000,0.0000,0.0,0.00,0.000,0.000,IDLE
2026-08-18T15:13:21.601953,0.0000000,0.0000000,0.00,0.0000,0.0000,0.0000,0.0,0.00,0.000,0.000,IDLE
2026-08-18T15:13:22.601960,0.0000000,0.0000000,0.00,0.0000,0.0000,0.0000,0.0,0.00,0.000,0.000,IDLE
2026-08-18T15:13:23.601900,0.0000000,0.0000000,0.00,0.0000,0.0000,0.0000,0.0,0.00,0.000,0.000,IDLE
2026-08-18T15:13:24.601841,0.0000000,0.0000000,0.00,0.0000,0.0000,0.0000,0.0,0.00,0.000,0.000,IDLE
2026-08-18T15:13:25.601904,0.0000000,0.0000000,0.00,0.0000,0.0000,0.0000,0.0,0.00,0.000,0.000,IDLE
2026-08-18T15:13:26.601958,0.0000000,0.0000000,0.00,0.0000,0.0000,0.0000,0.0,0.00,0.000,0.000,IDLE
2026-08-18T15:13:27.601914,0.0000000,0.0000000,0.00,0.0000,0.0000,0.0000,0.0,0.00,0.000,0.000,IDLE
2026-08-18T15:13:28.601836,0.0000000,0.0000000,0.00,0.0000,0.0000,0.0000,0.0,0.00,0.000,0.000,IDLE
2026-08-18T15:13:29.601799,0.0000000,0.0000000,0.00,0.0000,0.0000,0.0000,0.0,0.00,0.000,0.000,IDLE
2026-08-18T15:13:30.601842,0.0000000,0.0000000,0.00,0.0000,0.0000,0.0000,0.0,0.00,0.000,0.000,IDLE
2026-08-18T15:13:31.601846,0.0000000,0.0000000,0.00,0.0000,0.0000,0.0000,0.0,0.00,0.000,0.000,IDLE
2026-08-18T15:13:32.601855,0.0000000,0.0000000,0.00,0.0000,0.0000,0.0000,0.0,0.00,0.000,0.000,IDLE
2026-08-18T15:13:33.601794,0.0000000,0.0000000,0.00,0.0000,0.0000,0.0000,0.0,0.00,0.000,0.000,IDLE
2026-08-18T15:13:34.601921,0.0000000,0.0000000,0.00,0.0000,0.0000,0.0000,0.0,0.00,0.000,0.000,IDLE
2026-08-18T15:13:35.601946,0.0000000,0.0000000,0.00,0.0000,0.0000,0.0000,0.0,0.00,0.000,0.000,IDLE
2026-08-18T15:13:36.601825,0.0000000,0.0000000,0.00,0.0000,0.0000,0.0000,0.0,0.00,0.000,0.000,IDLE
2026-08-18T15:13:37.601792,0.0000000,0.0000000,0.00,0.0000,0.0000,0.0000,0.0,0.00,0.000,0.000,IDLE
2026-08-18T15:13:38.601935,0.0000000,0.0000000,0.00,0.0000,0.0000,0.0000,0.0,0.00,0.000,0.000,IDLE
2026-08-18T15:13:39.601941,0.0000000,0.0000000,0.00,0.0000,0.0000,0.0000,0.0,0.00,0.000,0.000,IDLE
2026-08-18T15:13:40.601854,0.0000000,0.0000000,0.00,0.0000,0.0000,0.0000,0.0,0.00,0.000,0.000,IDLE
2026-08-18T15:13:41.601819,0.0000000,0.0000000,0.00,0.0000,0.0000,0.0000,0.0,0.00,0.000,0.000,IDLE
2026-08-18T15:13:42.602061,0.0000000,0.0000000,0.00,0.0000,0.0000,0.0000,0.0,0.00,0.000,0.000,IDLE
2026-08-18T15:13:43.601924,0.0000000,0.0000000,0.00,0.0000,0.0000,0.0000,0.0,0.00,0.000,0.000,IDLE
2026-08-18T15:13:44.601959,0.0000000,0.0000000,0.00,0.0000,0.0000,0.0000,0.0,0.00,0.000,0.000,IDLE
2026-08-18T15:13:45.601878,0.0000000,0.0000000,0.00,0.0000,0.0000,0.0000,0.0,0.00,0.000,0.000,IDLE
2026-08-18T15:13:46.601859,0.0000000,0.0000000,0.00,0.0000,0.0000,0.0000,0.0,0.00,0.000,0.000,IDLE
2026-08-18T15:13:47.601868,0.0000000,0.0000000,0.00,0.0000,0.0000,0.0000,0.0,0.00,0.000,0.000,IDLE
2026-08-18T15:13:48.601952,0.0000000,0.0000000,0.00,0.0000,0.0000,0.0000,0.0,0.00,0.000,0.000,IDLE
2026-08-18T15:13:49.601800,0.0000000,0.0000000,0.00,0.0000,0.0000,0.0000,0.0,0.00,0.000,0.000,IDLE
2026-08-18T15:13:50.602007,0.0000000,0.0000000,0.00,0.0000,0.0000,0.0000,0.0,0.00,0.000,0.000,IDLE
2026-08-18T15:13:51.602034,0.0000000,0.0000000,0.00,0.0000,0.0000,0.0000,0.0,0.00,0.000,0.000,IDLE
2026-08-18T15:13:52.602043,0.0000000,0.0000000,0.00,0.0000,0.0000,0.0000,0.0,0.00,0.000,0.000,IDLE
2026-08-18T15:13:53.601832,0.0000000,0.0000000,0.00,0.0000,0.0000,0.0000,0.0,0.00,0.000,0.000,IDLE
2026-08-18T15:13:54.601953,0.0000000,0.0000000,0.00,0.0000,0.0000,0.0000,0.0,0.00,0.000,0.000,IDLE
2026-08-18T15:13:55.601925,0.0000000,0.0000000,0.00,0.0000,0.0000,0.0000,0.0,0.00,0.000,0.000,IDLE
2026-08-18T15:13:56.601933,0.0000000,0.0000000,0.00,0.0000,0.0000,0.0000,0.0,0.00,0.000,0.000,IDLE
2026-08-18T15:13:57.601955,0.0000000,0.0000000,0.00,0.0000,0.0000,0.0000,0.0,0.00,0.000,0.000,IDLE
2026-08-18T15:13:58.601938,0.0000000,0.0000000,0.00,0.0000,0.0000,0.0000,0.0,0.00,0.000,0.000,IDLE
2026-08-18T15:13:59.601901,0.0000000,0.0000000,0.00,0.0000,0.0000,0.0000,0.0,0.00,0.000,0.000,IDLE
2026-08-18T15:14:00.601875,0.0000000,0.0000000,0.00,0.0000,0.0000,0.0000,0.0,0.00,0.000,0.000,IDLE
2026-08-18T15:14:01.601892,0.0000000,0.0000000,0.00,0.0000,0.0000,0.0000,0.0,0.00,0.000,0.000,IDLE
2026-08-18T15:14:02.601945,0.0000000,0.0000000,0.00,0.0000,0.0000,0.0000,0.0,0.00,0.000,0.000,IDLE
2026-08-18T15:14:03.601927,0.0000000,0.0000000,0.00,0.0000,0.0000,0.0000,0.0,0.00,0.000,0.000,IDLE
2026-08-18T15:14:04.601910,0.0000000,0.0000000,0.00,0.0000,0.0000,0.0000,0.0,0.00,0.000,0.000,IDLE
2026-08-18T15:14:05.601922,0.0000000,0.0000000,0.00,0.0000,0.0000,0.0000,0.0,0.00,0.000,0.000,IDLE
2026-08-18T15:14:06.601855,0.0000000,0.0000000,0.00,0.0000,0.0000,0.0000,0.0,0.00,0.000,0.000,IDLE
2026-08-18T15:14:07.601802,0.0000000,0.0000000,0.00,0.0000,0.0000,0.0000,0.0,0.00,0.000,0.000,IDLE
2026-08-18T15:14:08.601909,0.0000000,0.0000000,0.00,0.0000,0.0000,0.0000,0.0,0.00,0.000,0.000,IDLE
2026-08-18T15:14:09.601901,0.0000000,0.0000000,0.00,0.0000,0.0000,0.0000,0.0,0.00,0.000,0.000,IDLE
2026-08-18T15:14:10.601808,0.0000000,0.0000000,0.00,0.0000,0.0000,0.0000,0.0,0.00,0.000,0.000,IDLE
2026-08-18T15:14:11.601841,0.0000000,0.0000000,0.00,0.0000,0.0000,0.0000,0.0,0.00,0.000,0.000,IDLE
2026-08-18T15:14:12.602207,0.0000000,0.0000000,0.00,0.0000,0.0000,0.0000,0.0,0.00,0.000,0.000,IDLE
2026-08-18T15:14:13.602191,0.0000000,0.0000000,0.00,0.0000,0.0000,0.0000,0.0,0.00,0.000,0.000,IDLE
2026-08-18T15:14:14.601895,0.0000000,0.0000000,0.00,0.0000,0.0000,0.0000,0.0,0.00,0.000,0.000,IDLE
2026-08-18T15:14:15.601797,0.0000000,0.0000000,0.00,0.0000,0.0000,0.0000,0.0,0.00,0.000,0.000,IDLE
2026-08-18T15:14:16.601818,0.0000000,0.0000000,0.00,0.0000,0.0000,0.0000,0.0,0.00,0.000,0.000,IDLE
2026-08-18T15:14:17.601806,0.0000000,0.0000000,0.00,0.0000,0.0000,0.0000,0.0,0.00,0.000,0.000,IDLE
2026-08-18T15:14:18.601894,0.0000000,0.0000000,0.00,0.0000,0.0000,0.0000,0.0,0.00,0.000,0.000,IDLE
2026-08-18T15:14:19.601988,0.0000000,0.0000000,0.00,0.0000,0.0000,0.0000,0.0,0.00,0.000,0.000,IDLE
2026-08-18T15:14:20.601801,0.0000000,0.0000000,0.00,0.0000,0.0000,0.0000,0.0,0.00,0.000,0.000,IDLE
2026-08-18T15:14:21.601913,0.0000000,0.0000000,0.00,0.0000,0.0000,0.0000,0.0,0.00,0.000,0.000,IDLE
2026-08-18T15:14:22.601914,0.0000000,0.0000000,0.00,0.0000,0.0000,0.0000,0.0,0.00,0.000,0.000,IDLE
2026-08-18T15:14:23.601807,0.0000000,0.0000000,0.00,0.0000,0.0000,0.0000,0.0,0.00,0.000,0.000,IDLE
2026-08-18T15:14:24.601898,0.0000000,0.0000000,0.00,0.0000,0.0000,0.0000,0.0,0.00,0.000,0.000,IDLE
2026-08-18T15:14:25.601802,0.0000000,0.0000000,0.00,0.0000,0.0000,0.0000,0.0,0.00,0.000,0.000,IDLE
2026-08-18T15:14:26.601826,0.0000000,0.0000000,0.00,0.0000,0.0000,0.0000,0.0,0.00,0.000,0.000,IDLE
2026-08-18T15:14:27.601930,0.0000000,0.0000000,0.00,0.0000,0.0000,0.0000,0.0,0.00,0.000,0.000,IDLE
2026-08-18T15:14:28.601848,0.0000000,0.0000000,0.00,0.0000,0.0000,0.0000,0.0,0.00,0.000,0.000,IDLE
2026-08-18T15:14:29.601994,0.0000000,0.0000000,0.00,0.0000,0.0000,0.0000,0.0,0.00,0.000,0.000,IDLE
2026-08-18T15:14:30.601964,0.0000000,0.0000000,0.00,0.0000,0.0000,0.0000,0.0,0.00,0.000,0.000,IDLE
2026-08-18T15:14:31.601827,0.0000000,0.0000000,0.00,0.0000,0.0000,0.0000,0.0,0.00,0.000,0.000,IDLE
2026-08-18T15:14:32.601835,0.0000000,0.0000000,0.00,0.0000,0.0000,0.0000,0.0,0.00,0.000,0.000,IDLE
2026-08-18T15:14:33.601866,0.0000000,0.0000000,0.00,0.0000,0.0000,0.0000,0.0,0.00,0.000,0.000,IDLE
2026-08-18T15:14:34.601846,0.0000000,0.0000000,0.00,0.0000,0.0000,0.0000,0.0,0.00,0.000,0.000,IDLE
2026-08-18T15:14:35.601814,0.0000000,0.0000000,0.00,0.0000,0.0000,0.0000,0.0,0.00,0.000,0.000,IDLE
2026-08-18T15:14:36.601810,0.0000000,0.0000000,0.00,0.0000,0.0000,0.0000,0.0,0.00,0.000,0.000,IDLE
2026-08-18T15:14:37.601799,0.0000000,0.0000000,0.00,0.0000,0.0000,0.0000,0.0,0.00,0.000,0.000,IDLE
2026-08-18T15:14:38.601977,0.0000000,0.0000000,0.00,0.0000,0.0000,0.0000,0.0,0.00,0.000,0.000,IDLE
2026-08-18T15:14:39.601959,0.0000000,0.0000000,0.00,0.0000,0.0000,0.0000,0.0,0.00,0.000,0.000,IDLE
2026-08-18T15:14:40.601832,0.0000000,0.0000000,0.00,0.0000,0.0000,0.0000,0.0,0.00,0.000,0.000,IDLE
2026-08-18T15:14:41.601799,0.0000000,0.0000000,0.00,0.0000,0.0000,0.0000,0.0,0.00,0.000,0.000,IDLE
2026-08-18T15:14:42.601913,0.0000000,0.0000000,0.00,0.0000,0.0000,0.0000,0.0,0.00,0.000,0.000,IDLE
2026-08-18T15:14:43.601923,0.0000000,0.0000000,0.00,0.0000,0.0000,0.0000,0.0,0.00,0.000,0.000,IDLE
2026-08-18T15:14:44.601946,0.0000000,0.0000000,0.00,0.0000,0.0000,0.0000,0.0,0.00,0.000,0.000,IDLE
2026-08-18T15:14:45.601777,0.0000000,0.0000000,0.00,0.0000,0.0000,0.0000,0.0,0.00,0.000,0.000,IDLE
2026-08-18T15:14:46.601835,0.0000000,0.0000000,0.00,0.0000,0.0000,0.0000,0.0,0.00,0.000,0.000,IDLE
2026-08-18T15:14:47.601808,0.0000000,0.0000000,0.00,0.0000,0.0000,0.0000,0.0,0.00,0.000,0.000,IDLE
2026-08-18T15:14:48.601864,0.0000000,0.0000000,0.00,0.0000,0.0000,0.0000,0.0,0.00,0.000,0.000,IDLE
2026-08-18T15:14:49.602013,0.0000000,0.0000000,0.00,0.0000,0.0000,0.0000,0.0,0.00,0.000,0.000,IDLE
2026-08-18T15:14:50.601833,0.0000000,0.0000000,0.00,0.0000,0.0000,0.0000,0.0,0.00,0.000,0.000,IDLE
2026-08-18T15:14:51.601814,0.0000000,0.0000000,0.00,0.0000,0.0000,0.0000,0.0,0.00,0.000,0.000,IDLE
2026-08-18T15:14:52.601849,0.0000000,0.0000000,0.00,0.0000,0.0000,0.0000,0.0,0.00,0.000,0.000,IDLE
2026-08-18T15:14:53.601804,0.0000000,0.0000000,0.00,0.0000,0.0000,0.0000,0.0,0.00,0.000,0.000,IDLE
2026-08-18T15:14:54.601801,0.0000000,0.0000000,0.00,0.0000,0.0000,0.0000,0.0,0.00,0.000,0.000,IDLE
2026-08-18T15:14:55.602042,0.0000000,0.0000000,0.00,0.0000,0.0000,0.0000,0.0,0.00,0.000,0.000,IDLE
2026-08-18T15:14:56.601882,0.0000000,0.0000000,0.00,0.0000,0.0000,0.0000,0.0,0.00,0.000,0.000,IDLE
2026-08-18T15:14:57.601961,0.0000000,0.0000000,0.00,0.0000,0.0000,0.0000,0.0,0.00,0.000,0.000,IDLE
2026-08-18T15:14:58.601803,0.0000000,0.0000000,0.00,0.0000,0.0000,0.0000,0.0,0.00,0.000,0.000,IDLE
2026-08-18T15:14:59.601913,0.0000000,0.0000000,0.00,0.0000,0.0000,0.0000,0.0,0.00,0.000,0.000,IDLE
2026-08-18T15:15:00.601890,0.0000000,0.0000000,0.00,0.0000,0.0000,0.0000,0.0,0.00,0.000,0.000,IDLE
2026-08-18T15:15:01.601873,0.0000000,0.0000000,0.00,0.0000,0.0000,0.0000,0.0,0.00,0.000,0.000,IDLE
2026-08-18T15:15:02.601876,0.0000000,0.0000000,0.00,0.0000,0.0000,0.0000,0.0,0.00,0.000,0.000,IDLE
2026-08-18T15:15:03.601880,0.0000000,0.0000000,0.00,0.0000,0.0000,0.0000,0.0,0.00,0.000,0.000,IDLE
2026-08-18T15:15:04.601791,0.0000000,0.0000000,0.00,0.0000,0.0000,0.0000,0.0,0.00,0.000,0.000,IDLE
2026-08-18T15:15:05.601920,0.0000000,0.0000000,0.00,0.0000,0.0000,0.0000,0.0,0.00,0.000,0.000,IDLE
2026-08-18T15:15:06.601888,0.0000000,0.0000000,0.00,0.0000,0.0000,0.0000,0.0,0.00,0.000,0.000,IDLE
2026-08-18T15:15:07.601922,0.0000000,0.0000000,0.00,0.0000,0.0000,0.0000,0.0,0.00,0.000,0.000,IDLE
2026-08-18T15:15:08.601892,0.0000000,0.0000000,0.00,0.0000,0.0000,0.0000,0.0,0.00,0.000,0.000,IDLE
2026-08-18T15:15:09.601937,0.0000000,0.0000000,0.00,0.0000,0.0000,0.0000,0.0,0.00,0.000,0.000,IDLE
2026-08-18T15:15:10.601844,0.0000000,0.0000000,0.00,0.0000,0.0000,0.0000,0.0,0.00,0.000,0.000,IDLE
2026-08-18T15:15:11.601828,0.0000000,0.0000000,0.00,0.0000,0.0000,0.0000,0.0,0.00,0.000,0.000,IDLE
2026-08-18T15:15:12.601933,0.0000000,0.0000000,0.00,0.0000,0.0000,0.0000,0.0,0.00,0.000,0.000,IDLE
2026-08-18T15:15:13.601896,0.0000000,0.0000000,0.00,0.0000,0.0000,0.0000,0.0,0.00,0.000,0.000,IDLE
2026-08-18T15:15:14.601960,0.0000000,0.0000000,0.00,0.0000,0.0000,0.0000,0.0,0.00,0.000,0.000,IDLE
2026-08-18T15:15:15.601923,0.0000000,0.0000000,0.00,0.0000,0.0000,0.0000,0.0,0.00,0.000,0.000,IDLE
2026-08-18T15:15:16.601961,0.0000000,0.0000000,0.00,0.0000,0.0000,0.0000,0.0,0.00,0.000,0.000,IDLE
2026-08-18T15:15:17.601983,0.0000000,0.0000000,0.00,0.0000,0.0000,0.0000,0.0,0.00,0.000,0.000,IDLE
2026-08-18T15:15:18.601919,0.0000000,0.0000000,0.00,0.0000,0.0000,0.0000,0.0,0.00,0.000,0.000,IDLE
2026-08-18T15:15:19.601772,0.0000000,0.0000000,0.00,0.0000,0.0000,0.0000,0.0,0.00,0.000,0.000,IDLE
2026-08-18T15:15:20.602254,0.0000000,0.0000000,0.00,0.0000,0.0000,0.0000,0.0,0.00,0.000,0.000,IDLE
2026-08-18T15:15:21.601936,0.0000000,0.0000000,0.00,0.0000,0.0000,0.0000,0.0,0.00,0.000,0.000,IDLE
2026-08-18T15:15:22.603103,0.0000000,0.0000000,0.00,0.0000,0.0000,0.0000,0.0,0.00,0.000,0.000,IDLE
2026-08-18T15:15:23.601832,0.0000000,0.0000000,0.00,0.0000,0.0000,0.0000,0.0,0.00,0.000,0.000,IDLE
2026-08-18T15:15:24.601879,0.0000000,0.0000000,0.00,0.0000,0.0000,0.0000,0.0,0.00,0.000,0.000,IDLE
2026-08-18T15:15:25.601940,0.0000000,0.0000000,0.00,0.0000,0.0000,0.0000,0.0,0.00,0.000,0.000,IDLE
2026-08-18T15:15:26.601948,0.0000000,0.0000000,0.00,0.0000,0.0000,0.0000,0.0,0.00,0.000,0.000,IDLE
2026-08-18T15:15:27.601896,0.0000000,0.0000000,0.00,0.0000,0.0000,0.0000,0.0,0.00,0.000,0.000,IDLE
2026-08-18T15:15:28.601891,0.0000000,0.0000000,0.00,0.0000,0.0000,0.0000,0.0,0.00,0.000,0.000,IDLE
2026-08-18T15:15:29.601895,0.0000000,0.0000000,0.00,0.0000,0.0000,0.0000,0.0,0.00,0.000,0.000,IDLE
2026-08-18T15:15:30.601937,0.0000000,0.0000000,0.00,0.0000,0.0000,0.0000,0.0,0.00,0.000,0.000,IDLE
2026-08-18T15:15:31.601983,0.0000000,0.0000000,0.00,0.0000,0.0000,0.0000,0.0,0.00,0.000,0.000,IDLE
2026-08-18T15:15:32.601998,0.0000000,0.0000000,0.00,0.0000,0.0000,0.0000,0.0,0.00,0.000,0.000,IDLE
2026-08-18T15:15:33.602007,0.0000000,0.0000000,0.00,0.0000,0.0000,0.0000,0.0,0.00,0.000,0.000,IDLE
2026-08-18T15:15:34.601824,0.0000000,0.0000000,0.00,0.0000,0.0000,0.0000,0.0,0.00,0.000,0.000,IDLE
2026-08-18T15:15:35.601828,0.0000000,0.0000000,0.00,0.0000,0.0000,0.0000,0.0,0.00,0.000,0.000,IDLE
2026-08-18T15:15:36.601975,0.0000000,0.0000000,0.00,0.0000,0.0000,0.0000,0.0,0.00,0.000,0.000,IDLE
2026-08-18T15:15:37.601966,0.0000000,0.0000000,0.00,0.0000,0.0000,0.0000,0.0,0.00,0.000,0.000,IDLE
2026-08-18T15:15:38.601932,0.0000000,0.0000000,0.00,0.0000,0.0000,0.0000,0.0,0.00,0.000,0.000,IDLE
2026-08-18T15:15:39.601955,0.0000000,0.0000000,0.00,0.0000,0.0000,0.0000,0.0,0.00,0.000,0.000,IDLE
2026-08-18T15:15:40.601857,0.0000000,0.0000000,0.00,0.0000,0.0000,0.0000,0.0,0.00,0.000,0.000,IDLE
2026-08-18T15:15:41.601944,0.0000000,0.0000000,0.00,0.0000,0.0000,0.0000,0.0,0.00,0.000,0.000,IDLE
2026-08-18T15:15:42.601927,0.0000000,0.0000000,0.00,0.0000,0.0000,0.0000,0.0,0.00,0.000,0.000,IDLE
2026-08-18T15:15:43.601899,0.0000000,0.0000000,0.00,0.0000,0.0000,0.0000,0.0,0.00,0.000,0.000,IDLE
2026-08-18T15:15:44.602003,0.0000000,0.0000000,0.00,0.0000,0.0000,0.0000,0.0,0.00,0.000,0.000,IDLE
2026-08-18T15:15:45.601853,0.0000000,0.0000000,0.00,0.0000,0.0000,0.0000,0.0,0.00,0.000,0.000,IDLE
2026-08-18T15:15:46.601906,0.0000000,0.0000000,0.00,0.0000,0.0000,0.0000,0.0,0.00,0.000,0.000,IDLE
2026-08-18T15:15:47.601958,0.0000000,0.0000000,0.00,0.0000,0.0000,0.0000,0.0,0.00,0.000,0.000,IDLE
2026-08-18T15:15:48.601882,0.0000000,0.0000000,0.00,0.0000,0.0000,0.0000,0.0,0.00,0.000,0.000,IDLE
2026-08-18T15:15:49.601932,0.0000000,0.0000000,0.00,0.0000,0.0000,0.0000,0.0,0.00,0.000,0.000,IDLE
2026-08-18T15:15:50.601934,0.0000000,0.0000000,0.00,0.0000,0.0000,0.0000,0.0,0.00,0.000,0.000,IDLE
2026-08-18T15:15:51.601916,0.0000000,0.0000000,0.00,0.0000,0.0000,0.0000,0.0,0.00,0.000,0.000,IDLE
2026-08-18T15:15:52.601922,0.0000000,0.0000000,0.00,0.0000,0.0000,0.0000,0.0,0.00,0.000,0.000,IDLE
2026-08-18T15:15:53.601964,0.0000000,0.0000000,0.00,0.0000,0.0000,0.0000,0.0,0.00,0.000,0.000,IDLE
2026-08-18T15:15:54.601897,0.0000000,0.0000000,0.00,0.0000,0.0000,0.0000,0.0,0.00,0.000,0.000,IDLE
2026-08-18T15:15:55.601878,0.0000000,0.0000000,0.00,0.0000,0.0000,0.0000,0.0,0.00,0.000,0.000,IDLE
2026-08-18T15:15:56.601898,0.0000000,0.0000000,0.00,0.0000,0.0000,0.0000,0.0,0.00,0.000,0.000,IDLE
2026-08-18T15:15:57.601879,0.0000000,0.0000000,0.00,0.0000,0.0000,0.0000,0.0,0.00,0.000,0.000,IDLE
2026-08-18T15:15:58.601915,0.0000000,0.0000000,0.00,0.0000,0.0000,0.0000,0.0,0.00,0.000,0.000,IDLE
2026-08-18T15:15:59.601907,0.0000000,0.0000000,0.00,0.0000,0.0000,0.0000,0.0,0.00,0.000,0.000,IDLE
2026-08-18T15:16:00.601918,0.0000000,0.0000000,0.00,0.0000,0.0000,0.0000,0.0,0.00,0.000,0.000,IDLE
2026-08-18T15:16:01.601920,0.0000000,0.0000000,0.00,0.0000,0.0000,0.0000,0.0,0.00,0.000,0.000,IDLE
2026-08-18T15:16:02.601919,0.0000000,0.0000000,0.00,0.0000,0.0000,0.0000,0.0,0.00,0.000,0.000,IDLE
2026-08-18T15:16:03.601982,0.0000000,0.0000000,0.00,0.0000,0.0000,0.0000,0.0,0.00,0.000,0.000,IDLE
2026-08-18T15:16:04.601915,0.0000000,0.0000000,0.00,0.0000,0.0000,0.0000,0.0,0.00,0.000,0.000,IDLE
2026-08-18T15:16:05.601817,0.0000000,0.0000000,0.00,0.0000,0.0000,0.0000,0.0,0.00,0.000,0.000,IDLE
2026-08-18T15:16:06.601914,0.0000000,0.0000000,0.00,0.0000,0.0000,0.0000,0.0,0.00,0.000,0.000,IDLE
2026-08-18T15:16:07.601907,0.0000000,0.0000000,0.00,0.0000,0.0000,0.0000,0.0,0.00,0.000,0.000,IDLE
2026-08-18T15:16:08.601908,0.0000000,0.0000000,0.00,0.0000,0.0000,0.0000,0.0,0.00,0.000,0.000,IDLE
2026-08-18T15:16:09.601950,0.0000000,0.0000000,0.00,0.0000,0.0000,0.0000,0.0,0.00,0.000,0.000,IDLE
2026-08-18T15:16:10.601783,0.0000000,0.0000000,0.00,0.0000,0.0000,0.0000,0.0,0.00,0.000,0.000,IDLE
2026-08-18T15:16:11.601965,0.0000000,0.0000000,0.00,0.0000,0.0000,0.0000,0.0,0.00,0.000,0.000,IDLE
2026-08-18T15:16:12.601931,0.0000000,0.0000000,0.00,0.0000,0.0000,0.0000,0.0,0.00,0.000,0.000,IDLE
2026-08-18T15:16:13.601826,0.0000000,0.0000000,0.00,0.0000,0.0000,0.0000,0.0,0.00,0.000,0.000,IDLE
2026-08-18T15:16:14.601805,0.0000000,0.0000000,0.00,0.0000,0.0000,0.0000,0.0,0.00,0.000,0.000,IDLE
2026-08-18T15:16:15.601922,0.0000000,0.0000000,0.00,0.0000,0.0000,0.0000,0.0,0.00,0.000,0.000,IDLE
2026-08-18T15:16:16.601943,0.0000000,0.0000000,0.00,0.0000,0.0000,0.0000,0.0,0.00,0.000,0.000,IDLE
2026-08-18T15:16:17.601946,0.0000000,0.0000000,0.00,0.0000,0.0000,0.0000,0.0,0.00,0.000,0.000,IDLE
2026-08-18T15:16:18.601911,0.0000000,0.0000000,0.00,0.0000,0.0000,0.0000,0.0,0.00,0.000,0.000,IDLE
2026-08-18T15:16:19.602141,0.0000000,0.0000000,0.00,0.0000,0.0000,0.0000,0.0,0.00,0.000,0.000,IDLE
2026-08-18T15:16:20.601895,0.0000000,0.0000000,0.00,0.0000,0.0000,0.0000,0.0,0.00,0.000,0.000,IDLE
2026-08-18T15:16:21.601906,0.0000000,0.0000000,0.00,0.0000,0.0000,0.0000,0.0,0.00,0.000,0.000,IDLE
2026-08-18T15:16:22.601803,0.0000000,0.0000000,0.00,0.0000,0.0000,0.0000,0.0,0.00,0.000,0.000,IDLE
2026-08-18T15:16:23.601782,0.0000000,0.0000000,0.00,0.0000,0.0000,0.0000,0.0,0.00,0.000,0.000,IDLE
2026-08-18T15:16:24.601988,0.0000000,0.0000000,0.00,0.0000,0.0000,0.0000,0.0,0.00,0.000,0.000,IDLE
2026-08-18T15:16:25.601934,0.0000000,0.0000000,0.00,0.0000,0.0000,0.0000,0.0,0.00,0.000,0.000,IDLE
2026-08-18T15:16:26.601818,0.0000000,0.0000000,0.00,0.0000,0.0000,0.0000,0.0,0.00,0.000,0.000,IDLE
2026-08-18T15:16:27.601812,0.0000000,0.0000000,0.00,0.0000,0.0000,0.0000,0.0,0.00,0.000,0.000,IDLE
2026-08-18T15:16:28.601978,0.0000000,0.0000000,0.00,0.0000,0.0000,0.0000,0.0,0.00,0.000,0.000,IDLE
2026-08-18T15:16:29.601960,0.0000000,0.0000000,0.00,0.0000,0.0000,0.0000,0.0,0.00,0.000,0.000,IDLE
2026-08-18T15:16:30.601902,0.0000000,0.0000000,0.00,0.0000,0.0000,0.0000,0.0,0.00,0.000,0.000,IDLE
2026-08-18T15:16:31.601851,0.0000000,0.0000000,0.00,0.0000,0.0000,0.0000,0.0,0.00,0.000,0.000,IDLE
2026-08-18T15:16:32.601944,0.0000000,0.0000000,0.00,0.0000,0.0000,0.0000,0.0,0.00,0.000,0.000,IDLE
2026-08-18T15:16:33.601952,0.0000000,0.0000000,0.00,0.0000,0.0000,0.0000,0.0,0.00,0.000,0.000,IDLE
2026-08-18T15:16:34.601925,0.0000000,0.0000000,0.00,0.0000,0.0000,0.0000,0.0,0.00,0.000,0.000,IDLE
2026-08-18T15:16:35.601831,0.0000000,0.0000000,0.00,0.0000,0.0000,0.0000,0.0,0.00,0.000,0.000,IDLE
2026-08-18T15:16:36.603161,0.0000000,0.0000000,0.00,0.0000,0.0000,0.0000,0.0,0.00,0.000,0.000,IDLE
2026-08-18T15:16:37.601952,0.0000000,0.0000000,0.00,0.0000,0.0000,0.0000,0.0,0.00,0.000,0.000,IDLE
2026-08-18T15:16:38.601887,0.0000000,0.0000000,0.00,0.0000,0.0000,0.0000,0.0,0.00,0.000,0.000,IDLE
2026-08-18T15:16:39.601866,0.0000000,0.0000000,0.00,0.0000,0.0000,0.0000,0.0,0.00,0.000,0.000,IDLE
2026-08-18T15:16:40.601953,0.0000000,0.0000000,0.00,0.0000,0.0000,0.0000,0.0,0.00,0.000,0.000,IDLE
2026-08-18T15:16:41.601944,0.0000000,0.0000000,0.00,0.0000,0.0000,0.0000,0.0,0.00,0.000,0.000,IDLE
2026-08-18T15:16:42.601934,0.0000000,0.0000000,0.00,0.0000,0.0000,0.0000,0.0,0.00,0.000,0.000,IDLE
2026-08-18T15:16:43.601929,0.0000000,0.0000000,0.00,0.0000,0.0000,0.0000,0.0,0.00,0.000,0.000,IDLE
2026-08-18T15:16:44.602206,0.0000000,0.0000000,0.00,0.0000,0.0000,0.0000,0.0,0.00,0.000,0.000,IDLE
2026-08-18T15:16:45.602006,0.0000000,0.0000000,0.00,0.0000,0.0000,0.0000,0.0,0.00,0.000,0.000,IDLE
2026-08-18T15:16:46.601940,0.0000000,0.0000000,0.00,0.0000,0.0000,0.0000,0.0,0.00,0.000,0.000,IDLE
2026-08-18T15:16:47.601844,0.0000000,0.0000000,0.00,0.0000,0.0000,0.0000,0.0,0.00,0.000,0.000,IDLE
2026-08-18T15:16:48.601806,0.0000000,0.0000000,0.00,0.0000,0.0000,0.0000,0.0,0.00,0.000,0.000,IDLE
2026-08-18T15:16:49.601817,0.0000000,0.0000000,0.00,0.0000,0.0000,0.0000,0.0,0.00,0.000,0.000,IDLE
2026-08-18T15:16:50.601935,0.0000000,0.0000000,0.00,0.0000,0.0000,0.0000,0.0,0.00,0.000,0.000,IDLE
2026-08-18T15:16:51.601974,0.0000000,0.0000000,0.00,0.0000,0.0000,0.0000,0.0,0.00,0.000,0.000,IDLE
2026-08-18T15:16:52.601866,0.0000000,0.0000000,0.00,0.0000,0.0000,0.0000,0.0,0.00,0.000,0.000,IDLE
2026-08-18T15:16:53.601823,0.0000000,0.0000000,0.00,0.0000,0.0000,0.0000,0.0,0.00,0.000,0.000,IDLE
2026-08-18T15:16:54.601793,0.0000000,0.0000000,0.00,0.0000,0.0000,0.0000,0.0,0.00,0.000,0.000,IDLE
2026-08-18T15:16:55.601916,0.0000000,0.0000000,0.00,0.0000,0.0000,0.0000,0.0,0.00,0.000,0.000,IDLE
2026-08-18T15:16:56.601894,0.0000000,0.0000000,0.00,0.0000,0.0000,0.0000,0.0,0.00,0.000,0.000,IDLE
2026-08-18T15:16:57.601795,0.0000000,0.0000000,0.00,0.0000,0.0000,0.0000,0.0,0.00,0.000,0.000,IDLE
2026-08-18T15:16:58.601935,0.0000000,0.0000000,0.00,0.0000,0.0000,0.0000,0.0,0.00,0.000,0.000,IDLE
2026-08-18T15:16:59.601942,0.0000000,0.0000000,0.00,0.0000,0.0000,0.0000,0.0,0.00,0.000,0.000,IDLE
2026-08-18T15:17:00.601805,0.0000000,0.0000000,0.00,0.0000,0.0000,0.0000,0.0,0.00,0.000,0.000,IDLE
2026-08-18T15:17:01.601957,0.0000000,0.0000000,0.00,0.0000,0.0000,0.0000,0.0,0.00,0.000,0.000,IDLE
2026-08-18T15:17:02.601822,0.0000000,0.0000000,0.00,0.0000,0.0000,0.0000,0.0,0.00,0.000,0.000,IDLE
2026-08-18T15:17:03.601957,0.0000000,0.0000000,0.00,0.0000,0.0000,0.0000,0.0,0.00,0.000,0.000,IDLE
2026-08-18T15:17:04.602101,0.0000000,0.0000000,0.00,0.0000,0.0000,0.0000,0.0,0.00,0.000,0.000,IDLE
2026-08-18T15:17:05.601809,0.0000000,0.0000000,0.00,0.0000,0.0000,0.0000,0.0,0.00,0.000,0.000,IDLE
2026-08-18T15:17:06.601958,0.0000000,0.0000000,0.00,0.0000,0.0000,0.0000,0.0,0.00,0.000,0.000,IDLE
2026-08-18T15:17:07.601931,0.0000000,0.0000000,0.00,0.0000,0.0000,0.0000,0.0,0.00,0.000,0.000,IDLE
2026-08-18T15:17:08.601804,0.0000000,0.0000000,0.00,0.0000,0.0000,0.0000,0.0,0.00,0.000,0.000,IDLE
2026-08-18T15:17:09.601825,0.0000000,0.0000000,0.00,0.0000,0.0000,0.0000,0.0,0.00,0.000,0.000,IDLE
2026-08-18T15:17:10.601823,0.0000000,0.0000000,0.00,0.0000,0.0000,0.0000,0.0,0.00,0.000,0.000,IDLE
2026-08-18T15:17:11.601961,0.0000000,0.0000000,0.00,0.0000,0.0000,0.0000,0.0,0.00,0.000,0.000,IDLE
2026-08-18T15:17:12.601940,0.0000000,0.0000000,0.00,0.0000,0.0000,0.0000,0.0,0.00,0.000,0.000,IDLE
2026-08-18T15:17:13.601994,0.0000000,0.0000000,0.00,0.0000,0.0000,0.0000,0.0,0.00,0.000,0.000,IDLE
2026-08-18T15:17:14.601815,0.0000000,0.0000000,0.00,0.0000,0.0000,0.0000,0.0,0.00,0.000,0.000,IDLE
2026-08-18T15:17:15.602187,0.0000000,0.0000000,0.00,0.0000,0.0000,0.0000,0.0,0.00,0.000,0.000,IDLE
2026-08-18T15:17:16.601891,0.0000000,0.0000000,0.00,0.0000,0.0000,0.0000,0.0,0.00,0.000,0.000,IDLE
2026-08-18T15:17:17.601951,0.0000000,0.0000000,0.00,0.0000,0.0000,0.0000,0.0,0.00,0.000,0.000,IDLE
2026-08-18T15:17:18.601813,0.0000000,0.0000000,0.00,0.0000,0.0000,0.0000,0.0,0.00,0.000,0.000,IDLE
2026-08-18T15:17:19.601968,0.0000000,0.0000000,0.00,0.0000,0.0000,0.0000,0.0,0.00,0.000,0.000,IDLE
2026-08-18T15:17:20.601973,0.0000000,0.0000000,0.00,0.0000,0.0000,0.0000,0.0,0.00,0.000,0.000,IDLE
2026-08-18T15:17:21.601978,0.0000000,0.0000000,0.00,0.0000,0.0000,0.0000,0.0,0.00,0.000,0.000,IDLE
2026-08-18T15:17:22.601905,0.0000000,0.0000000,0.00,0.0000,0.0000,0.0000,0.0,0.00,0.000,0.000,IDLE
2026-08-18T15:17:23.601918,0.0000000,0.0000000,0.00,0.0000,0.0000,0.0000,0.0,0.00,0.000,0.000,IDLE
2026-08-18T15:17:24.601898,0.0000000,0.0000000,0.00,0.0000,0.0000,0.0000,0.0,0.00,0.000,0.000,IDLE
2026-08-18T15:17:25.601899,0.0000000,0.0000000,0.00,0.0000,0.0000,0.0000,0.0,0.00,0.000,0.000,IDLE
2026-08-18T15:17:26.601821,0.0000000,0.0000000,0.00,0.0000,0.0000,0.0000,0.0,0.00,0.000,0.000,IDLE
2026-08-18T15:17:27.602021,0.0000000,0.0000000,0.00,0.0000,0.0000,0.0000,0.0,0.00,0.000,0.000,IDLE
2026-08-18T15:17:28.601953,0.0000000,0.0000000,0.00,0.0000,0.0000,0.0000,0.0,0.00,0.000,0.000,IDLE
2026-08-18T15:17:29.601966,0.0000000,0.0000000,0.00,0.0000,0.0000,0.0000,0.0,0.00,0.000,0.000,IDLE
2026-08-18T15:17:30.602017,0.0000000,0.0000000,0.00,0.0000,0.0000,0.0000,0.0,0.00,0.000,0.000,IDLE
2026-08-18T15:17:31.601864,0.0000000,0.0000000,0.00,0.0000,0.0000,0.0000,0.0,0.00,0.000,0.000,IDLE
2026-08-18T15:17:32.601847,0.0000000,0.0000000,0.00,0.0000,0.0000,0.0000,0.0,0.00,0.000,0.000,IDLE
2026-08-18T15:17:33.601920,0.0000000,0.0000000,0.00,0.0000,0.0000,0.0000,0.0,0.00,0.000,0.000,IDLE
2026-08-18T15:17:34.601822,0.0000000,0.0000000,0.00,0.0000,0.0000,0.0000,0.0,0.00,0.000,0.000,IDLE
2026-08-18T15:17:35.601959,0.0000000,0.0000000,0.00,0.0000,0.0000,0.0000,0.0,0.00,0.000,0.000,IDLE
2026-08-18T15:17:36.601951,0.0000000,0.0000000,0.00,0.0000,0.0000,0.0000,0.0,0.00,0.000,0.000,IDLE
2026-08-18T15:17:37.601956,0.0000000,0.0000000,0.00,0.0000,0.0000,0.0000,0.0,0.00,0.000,0.000,IDLE
2026-08-18T15:17:38.601875,0.0000000,0.0000000,0.00,0.0000,0.0000,0.0000,0.0,0.00,0.000,0.000,IDLE
2026-08-18T15:17:39.601899,0.0000000,0.0000000,0.00,0.0000,0.0000,0.0000,0.0,0.00,0.000,0.000,IDLE
2026-08-18T15:17:40.601950,0.0000000,0.0000000,0.00,0.0000,0.0000,0.0000,0.0,0.00,0.000,0.000,IDLE
2026-08-18T15:17:41.601945,0.0000000,0.0000000,0.00,0.0000,0.0000,0.0000,0.0,0.00,0.000,0.000,IDLE
2026-08-18T15:17:42.601815,0.0000000,0.0000000,0.00,0.0000,0.0000,0.0000,0.0,0.00,0.000,0.000,IDLE
2026-08-18T15:17:43.601858,0.0000000,0.0000000,0.00,0.0000,0.0000,0.0000,0.0,0.00,0.000,0.000,IDLE
2026-08-18T15:17:44.601940,0.0000000,0.0000000,0.00,0.0000,0.0000,0.0000,0.0,0.00,0.000,0.000,IDLE
2026-08-18T15:17:45.602179,0.0000000,0.0000000,0.00,0.0000,0.0000,0.0000,0.0,0.00,0.000,0.000,IDLE
2026-08-18T15:17:46.601890,0.0000000,0.0000000,0.00,0.0000,0.0000,0.0000,0.0,0.00,0.000,0.000,IDLE
2026-08-18T15:17:47.601943,0.0000000,0.0000000,0.00,0.0000,0.0000,0.0000,0.0,0.00,0.000,0.000,IDLE
2026-08-18T15:17:48.602098,0.0000000,0.0000000,0.00,0.0000,0.0000,0.0000,0.0,0.00,0.000,0.000,IDLE
2026-08-18T15:17:49.601879,0.0000000,0.0000000,0.00,0.0000,0.0000,0.0000,0.0,0.00,0.000,0.000,IDLE
2026-08-18T15:17:50.601967,0.0000000,0.0000000,0.00,0.0000,0.0000,0.0000,0.0,0.00,0.000,0.000,IDLE
2026-08-18T15:17:51.601952,0.0000000,0.0000000,0.00,0.0000,0.0000,0.0000,0.0,0.00,0.000,0.000,IDLE
2026-08-18T15:17:52.601813,0.0000000,0.0000000,0.00,0.0000,0.0000,0.0000,0.0,0.00,0.000,0.000,IDLE
2026-08-18T15:17:53.601937,0.0000000,0.0000000,0.00,0.0000,0.0000,0.0000,0.0,0.00,0.000,0.000,IDLE
2026-08-18T15:17:54.601943,0.0000000,0.0000000,0.00,0.0000,0.0000,0.0000,0.0,0.00,0.000,0.000,IDLE
2026-08-18T15:17:55.601945,0.0000000,0.0000000,0.00,0.0000,0.0000,0.0000,0.0,0.00,0.000,0.000,IDLE
2026-08-18T15:17:56.601965,0.0000000,0.0000000,0.00,0.0000,0.0000,0.0000,0.0,0.00,0.000,0.000,IDLE
2026-08-18T15:17:57.601887,0.0000000,0.0000000,0.00,0.0000,0.0000,0.0000,0.0,0.00,0.000,0.000,IDLE
2026-08-18T15:17:58.601948,0.0000000,0.0000000,0.00,0.0000,0.0000,0.0000,0.0,0.00,0.000,0.000,IDLE
2026-08-18T15:17:59.601947,0.0000000,0.0000000,0.00,0.0000,0.0000,0.0000,0.0,0.00,0.000,0.000,IDLE
2026-08-18T15:18:00.601967,0.0000000,0.0000000,0.00,0.0000,0.0000,0.0000,0.0,0.00,0.000,0.000,IDLE
2026-08-18T15:18:01.604623,0.0000000,0.0000000,0.00,0.0000,0.0000,0.0000,0.0,0.00,0.000,0.000,IDLE
2026-08-18T15:18:02.601961,0.0000000,0.0000000,0.00,0.0000,0.0000,0.0000,0.0,0.00,0.000,0.000,IDLE
2026-08-18T15:18:03.602234,0.0000000,0.0000000,0.00,0.0000,0.0000,0.0000,0.0,0.00,0.000,0.000,IDLE
2026-08-18T15:18:04.601839,0.0000000,0.0000000,0.00,0.0000,0.0000,0.0000,0.0,0.00,0.000,0.000,IDLE
2026-08-18T15:18:05.601902,0.0000000,0.0000000,0.00,0.0000,0.0000,0.0000,0.0,0.00,0.000,0.000,IDLE
2026-08-18T15:18:06.602189,0.0000000,0.0000000,0.00,0.0000,0.0000,0.0000,0.0,0.00,0.000,0.000,IDLE
2026-08-18T15:18:07.601886,0.0000000,0.0000000,0.00,0.0000,0.0000,0.0000,0.0,0.00,0.000,0.000,IDLE
2026-08-18T15:18:08.601816,0.0000000,0.0000000,0.00,0.0000,0.0000,0.0000,0.0,0.00,0.000,0.000,IDLE
2026-08-18T15:18:09.601923,0.0000000,0.0000000,0.00,0.0000,0.0000,0.0000,0.0,0.00,0.000,0.000,IDLE
2026-08-18T15:18:10.601937,0.0000000,0.0000000,0.00,0.0000,0.0000,0.0000,0.0,0.00,0.000,0.000,IDLE
2026-08-18T15:18:11.601956,0.0000000,0.0000000,0.00,0.0000,0.0000,0.0000,0.0,0.00,0.000,0.000,IDLE
2026-08-18T15:18:12.601833,0.0000000,0.0000000,0.00,0.0000,0.0000,0.0000,0.0,0.00,0.000,0.000,IDLE
2026-08-18T15:18:13.601824,0.0000000,0.0000000,0.00,0.0000,0.0000,0.0000,0.0,0.00,0.000,0.000,IDLE
2026-08-18T15:18:14.601855,0.0000000,0.0000000,0.00,0.0000,0.0000,0.0000,0.0,0.00,0.000,0.000,IDLE
2026-08-18T15:18:15.601938,0.0000000,0.0000000,0.00,0.0000,0.0000,0.0000,0.0,0.00,0.000,0.000,IDLE
2026-08-18T15:18:16.601954,0.0000000,0.0000000,0.00,0.0000,0.0000,0.0000,0.0,0.00,0.000,0.000,IDLE
2026-08-18T15:18:17.601822,0.0000000,0.0000000,0.00,0.0000,0.0000,0.0000,0.0,0.00,0.000,0.000,IDLE
2026-08-18T15:18:18.601802,0.0000000,0.0000000,0.00,0.0000,0.0000,0.0000,0.0,0.00,0.000,0.000,IDLE
2026-08-18T15:18:19.601806,0.0000000,0.0000000,0.00,0.0000,0.0000,0.0000,0.0,0.00,0.000,0.000,IDLE
2026-08-18T15:18:20.601887,0.0000000,0.0000000,0.00,0.0000,0.0000,0.0000,0.0,0.00,0.000,0.000,IDLE
2026-08-18T15:18:21.602002,0.0000000,0.0000000,0.00,0.0000,0.0000,0.0000,0.0,0.00,0.000,0.000,IDLE
2026-08-18T15:18:22.601952,0.0000000,0.0000000,0.00,0.0000,0.0000,0.0000,0.0,0.00,0.000,0.000,IDLE
2026-08-18T15:18:23.601937,0.0000000,0.0000000,0.00,0.0000,0.0000,0.0000,0.0,0.00,0.000,0.000,IDLE
2026-08-18T15:18:24.601895,0.0000000,0.0000000,0.00,0.0000,0.0000,0.0000,0.0,0.00,0.000,0.000,IDLE
2026-08-18T15:18:25.601811,0.0000000,0.0000000,0.00,0.0000,0.0000,0.0000,0.0,0.00,0.000,0.000,IDLE
2026-08-18T15:18:26.601804,0.0000000,0.0000000,0.00,0.0000,0.0000,0.0000,0.0,0.00,0.000,0.000,IDLE
2026-08-18T15:18:27.601923,0.0000000,0.0000000,0.00,0.0000,0.0000,0.0000,0.0,0.00,0.000,0.000,IDLE
2026-08-18T15:18:28.602163,0.0000000,0.0000000,0.00,0.0000,0.0000,0.0000,0.0,0.00,0.000,0.000,IDLE
2026-08-18T15:18:29.601922,0.0000000,0.0000000,0.00,0.0000,0.0000,0.0000,0.0,0.00,0.000,0.000,IDLE
2026-08-18T15:18:30.601812,0.0000000,0.0000000,0.00,0.0000,0.0000,0.0000,0.0,0.00,0.000,0.000,IDLE
2026-08-18T15:18:31.601841,0.0000000,0.0000000,0.00,0.0000,0.0000,0.0000,0.0,0.00,0.000,0.000,IDLE
2026-08-18T15:18:32.601954,0.0000000,0.0000000,0.00,0.0000,0.0000,0.0000,0.0,0.00,0.000,0.000,IDLE
2026-08-18T15:18:33.601963,0.0000000,0.0000000,0.00,0.0000,0.0000,0.0000,0.0,0.00,0.000,0.000,IDLE
2026-08-18T15:18:34.601850,0.0000000,0.0000000,0.00,0.0000,0.0000,0.0000,0.0,0.00,0.000,0.000,IDLE
2026-08-18T15:18:35.601934,0.0000000,0.0000000,0.00,0.0000,0.0000,0.0000,0.0,0.00,0.000,0.000,IDLE
2026-08-18T15:18:36.601948,0.0000000,0.0000000,0.00,0.0000,0.0000,0.0000,0.0,0.00,0.000,0.000,IDLE
2026-08-18T15:18:37.601954,0.0000000,0.0000000,0.00,0.0000,0.0000,0.0000,0.0,0.00,0.000,0.000,IDLE
2026-08-18T15:18:38.601827,0.0000000,0.0000000,0.00,0.0000,0.0000,0.0000,0.0,0.00,0.000,0.000,IDLE
2026-08-18T15:18:39.601806,0.0000000,0.0000000,0.00,0.0000,0.0000,0.0000,0.0,0.00,0.000,0.000,IDLE
2026-08-18T15:18:40.601912,0.0000000,0.0000000,0.00,0.0000,0.0000,0.0000,0.0,0.00,0.000,0.000,IDLE
2026-08-18T15:18:41.601959,0.0000000,0.0000000,0.00,0.0000,0.0000,0.0000,0.0,0.00,0.000,0.000,IDLE
2026-08-18T15:18:42.601824,0.0000000,0.0000000,0.00,0.0000,0.0000,0.0000,0.0,0.00,0.000,0.000,IDLE
2026-08-18T15:18:43.601896,0.0000000,0.0000000,0.00,0.0000,0.0000,0.0000,0.0,0.00,0.000,0.000,IDLE
2026-08-18T15:18:44.601945,0.0000000,0.0000000,0.00,0.0000,0.0000,0.0000,0.0,0.00,0.000,0.000,IDLE
2026-08-18T15:18:45.601963,0.0000000,0.0000000,0.00,0.0000,0.0000,0.0000,0.0,0.00,0.000,0.000,IDLE
2026-08-18T15:18:46.601843,0.0000000,0.0000000,0.00,0.0000,0.0000,0.0000,0.0,0.00,0.000,0.000,IDLE
2026-08-18T15:18:47.601947,0.0000000,0.0000000,0.00,0.0000,0.0000,0.0000,0.0,0.00,0.000,0.000,IDLE
2026-08-18T15:18:48.601890,0.0000000,0.0000000,0.00,0.0000,0.0000,0.0000,0.0,0.00,0.000,0.000,IDLE
2026-08-18T15:18:49.601947,0.0000000,0.0000000,0.00,0.0000,0.0000,0.0000,0.0,0.00,0.000,0.000,IDLE
2026-08-18T15:18:50.601970,0.0000000,0.0000000,0.00,0.0000,0.0000,0.0000,0.0,0.00,0.000,0.000,IDLE
2026-08-18T15:18:51.601837,0.0000000,0.0000000,0.00,0.0000,0.0000,0.0000,0.0,0.00,0.000,0.000,IDLE
2026-08-18T15:18:52.601800,0.0000000,0.0000000,0.00,0.0000,0.0000,0.0000,0.0,0.00,0.000,0.000,IDLE
2026-08-18T15:18:53.601936,0.0000000,0.0000000,0.00,0.0000,0.0000,0.0000,0.0,0.00,0.000,0.000,IDLE
2026-08-18T15:18:54.601794,0.0000000,0.0000000,0.00,0.0000,0.0000,0.0000,0.0,0.00,0.000,0.000,IDLE
2026-08-18T15:18:55.601808,0.0000000,0.0000000,0.00,0.0000,0.0000,0.0000,0.0,0.00,0.000,0.000,IDLE
2026-08-18T15:18:56.601901,0.0000000,0.0000000,0.00,0.0000,0.0000,0.0000,0.0,0.00,0.000,0.000,IDLE
2026-08-18T15:18:57.601960,0.0000000,0.0000000,0.00,0.0000,0.0000,0.0000,0.0,0.00,0.000,0.000,IDLE
2026-08-18T15:18:58.601964,0.0000000,0.0000000,0.00,0.0000,0.0000,0.0000,0.0,0.00,0.000,0.000,IDLE
2026-08-18T15:18:59.601933,0.0000000,0.0000000,0.00,0.0000,0.0000,0.0000,0.0,0.00,0.000,0.000,IDLE
2026-08-18T15:19:00.601839,0.0000000,0.0000000,0.00,0.0000,0.0000,0.0000,0.0,0.00,0.000,0.000,IDLE
2026-08-18T15:19:01.601990,0.0000000,0.0000000,0.00,0.0000,0.0000,0.0000,0.0,0.00,0.000,0.000,IDLE
2026-08-18T15:19:02.601934,0.0000000,0.0000000,0.00,0.0000,0.0000,0.0000,0.0,0.00,0.000,0.000,IDLE
2026-08-18T15:19:03.601932,0.0000000,0.0000000,0.00,0.0000,0.0000,0.0000,0.0,0.00,0.000,0.000,IDLE
2026-08-18T15:19:04.601817,0.0000000,0.0000000,0.00,0.0000,0.0000,0.0000,0.0,0.00,0.000,0.000,IDLE
2026-08-18T15:19:05.601802,0.0000000,0.0000000,0.00,0.0000,0.0000,0.0000,0.0,0.00,0.000,0.000,IDLE
2026-08-18T15:19:06.601805,0.0000000,0.0000000,0.00,0.0000,0.0000,0.0000,0.0,0.00,0.000,0.000,IDLE
2026-08-18T15:19:07.601947,0.0000000,0.0000000,0.00,0.0000,0.0000,0.0000,0.0,0.00,0.000,0.000,IDLE
2026-08-18T15:19:08.601937,0.0000000,0.0000000,0.00,0.0000,0.0000,0.0000,0.0,0.00,0.000,0.000,IDLE
2026-08-18T15:19:09.601814,0.0000000,0.0000000,0.00,0.0000,0.0000,0.0000,0.0,0.00,0.000,0.000,IDLE
2026-08-18T15:19:10.601907,0.0000000,0.0000000,0.00,0.0000,0.0000,0.0000,0.0,0.00,0.000,0.000,IDLE
2026-08-18T15:19:11.601932,0.0000000,0.0000000,0.00,0.0000,0.0000,0.0000,0.0,0.00,0.000,0.000,IDLE
2026-08-18T15:19:12.601856,0.0000000,0.0000000,0.00,0.0000,0.0000,0.0000,0.0,0.00,0.000,0.000,IDLE
2026-08-18T15:19:13.601933,0.0000000,0.0000000,0.00,0.0000,0.0000,0.0000,0.0,0.00,0.000,0.000,IDLE
2026-08-18T15:19:14.601920,0.0000000,0.0000000,0.00,0.0000,0.0000,0.0000,0.0,0.00,0.000,0.000,IDLE
2026-08-18T15:19:15.602002,0.0000000,0.0000000,0.00,0.0000,0.0000,0.0000,0.0,0.00,0.000,0.000,IDLE
2026-08-18T15:19:16.601843,0.0000000,0.0000000,0.00,0.0000,0.0000,0.0000,0.0,0.00,0.000,0.000,IDLE
2026-08-18T15:19:17.601809,0.0000000,0.0000000,0.00,0.0000,0.0000,0.0000,0.0,0.00,0.000,0.000,IDLE
2026-08-18T15:19:18.601858,0.0000000,0.0000000,0.00,0.0000,0.0000,0.0000,0.0,0.00,0.000,0.000,IDLE
2026-08-18T15:19:19.601971,0.0000000,0.0000000,0.00,0.0000,0.0000,0.0000,0.0,0.00,0.000,0.000,IDLE
2026-08-18T15:19:20.601975,0.0000000,0.0000000,0.00,0.0000,0.0000,0.0000,0.0,0.00,0.000,0.000,IDLE
2026-08-18T15:19:21.601871,0.0000000,0.0000000,0.00,0.0000,0.0000,0.0000,0.0,0.00,0.000,0.000,IDLE
2026-08-18T15:19:22.601863,0.0000000,0.0000000,0.00,0.0000,0.0000,0.0000,0.0,0.00,0.000,0.000,IDLE
2026-08-18T15:19:23.601974,0.0000000,0.0000000,0.00,0.0000,0.0000,0.0000,0.0,0.00,0.000,0.000,IDLE
2026-08-18T15:19:24.601942,0.0000000,0.0000000,0.00,0.0000,0.0000,0.0000,0.0,0.00,0.000,0.000,IDLE
2026-08-18T15:19:25.601872,0.0000000,0.0000000,0.00,0.0000,0.0000,0.0000,0.0,0.00,0.000,0.000,IDLE
2026-08-18T15:19:26.601967,0.0000000,0.0000000,0.00,0.0000,0.0000,0.0000,0.0,0.00,0.000,0.000,IDLE
2026-08-18T15:19:27.601962,0.0000000,0.0000000,0.00,0.0000,0.0000,0.0000,0.0,0.00,0.000,0.000,IDLE
2026-08-18T15:19:28.601827,0.0000000,0.0000000,0.00,0.0000,0.0000,0.0000,0.0,0.00,0.000,0.000,IDLE
2026-08-18T15:19:29.601904,0.0000000,0.0000000,0.00,0.0000,0.0000,0.0000,0.0,0.00,0.000,0.000,IDLE
2026-08-18T15:19:30.601851,0.0000000,0.0000000,0.00,0.0000,0.0000,0.0000,0.0,0.00,0.000,0.000,IDLE
2026-08-18T15:19:31.601898,0.0000000,0.0000000,0.00,0.0000,0.0000,0.0000,0.0,0.00,0.000,0.000,IDLE
2026-08-18T15:19:32.601936,0.0000000,0.0000000,0.00,0.0000,0.0000,0.0000,0.0,0.00,0.000,0.000,IDLE
2026-08-18T15:19:33.601819,0.0000000,0.0000000,0.00,0.0000,0.0000,0.0000,0.0,0.00,0.000,0.000,IDLE
2026-08-18T15:19:34.601897,0.0000000,0.0000000,0.00,0.0000,0.0000,0.0000,0.0,0.00,0.000,0.000,IDLE
2026-08-18T15:19:35.601962,0.0000000,0.0000000,0.00,0.0000,0.0000,0.0000,0.0,0.00,0.000,0.000,IDLE
2026-08-18T15:19:36.601876,0.0000000,0.0000000,0.00,0.0000,0.0000,0.0000,0.0,0.00,0.000,0.000,IDLE
2026-08-18T15:19:37.601893,0.0000000,0.0000000,0.00,0.0000,0.0000,0.0000,0.0,0.00,0.000,0.000,IDLE
2026-08-18T15:19:38.601832,0.0000000,0.0000000,0.00,0.0000,0.0000,0.0000,0.0,0.00,0.000,0.000,IDLE
2026-08-18T15:19:39.601902,0.0000000,0.0000000,0.00,0.0000,0.0000,0.0000,0.0,0.00,0.000,0.000,IDLE
2026-08-18T15:19:40.601969,0.0000000,0.0000000,0.00,0.0000,0.0000,0.0000,0.0,0.00,0.000,0.000,IDLE
2026-08-18T15:19:41.601928,0.0000000,0.0000000,0.00,0.0000,0.0000,0.0000,0.0,0.00,0.000,0.000,IDLE
2026-08-18T15:19:42.601908,0.0000000,0.0000000,0.00,0.0000,0.0000,0.0000,0.0,0.00,0.000,0.000,IDLE
2026-08-18T15:19:43.601888,0.0000000,0.0000000,0.00,0.0000,0.0000,0.0000,0.0,0.00,0.000,0.000,IDLE
2026-08-18T15:19:44.601888,0.0000000,0.0000000,0.00,0.0000,0.0000,0.0000,0.0,0.00,0.000,0.000,IDLE
2026-08-18T15:19:45.601907,0.0000000,0.0000000,0.00,0.0000,0.0000,0.0000,0.0,0.00,0.000,0.000,IDLE
2026-08-18T15:19:46.601930,0.0000000,0.0000000,0.00,0.0000,0.0000,0.0000,0.0,0.00,0.000,0.000,IDLE
2026-08-18T15:19:47.601965,0.0000000,0.0000000,0.00,0.0000,0.0000,0.0000,0.0,0.00,0.000,0.000,IDLE
2026-08-18T15:19:48.601910,0.0000000,0.0000000,0.00,0.0000,0.0000,0.0000,0.0,0.00,0.000,0.000,IDLE
2026-08-18T15:19:49.601906,0.0000000,0.0000000,0.00,0.0000,0.0000,0.0000,0.0,0.00,0.000,0.000,IDLE
2026-08-18T15:19:50.601926,0.0000000,0.0000000,0.00,0.0000,0.0000,0.0000,0.0,0.00,0.000,0.000,IDLE
2026-08-18T15:19:51.601811,0.0000000,0.0000000,0.00,0.0000,0.0000,0.0000,0.0,0.00,0.000,0.000,IDLE
2026-08-18T15:19:52.601869,0.0000000,0.0000000,0.00,0.0000,0.0000,0.0000,0.0,0.00,0.000,0.000,IDLE
2026-08-18T15:19:53.601807,0.0000000,0.0000000,0.00,0.0000,0.0000,0.0000,0.0,0.00,0.000,0.000,IDLE
2026-08-18T15:19:54.601902,0.0000000,0.0000000,0.00,0.0000,0.0000,0.0000,0.0,0.00,0.000,0.000,IDLE
2026-08-18T15:19:55.601903,0.0000000,0.0000000,0.00,0.0000,0.0000,0.0000,0.0,0.00,0.000,0.000,IDLE
2026-08-18T15:19:56.601933,0.0000000,0.0000000,0.00,0.0000,0.0000,0.0000,0.0,0.00,0.000,0.000,IDLE
2026-08-18T15:19:57.601908,0.0000000,0.0000000,0.00,0.0000,0.0000,0.0000,0.0,0.00,0.000,0.000,IDLE
2026-08-18T15:19:58.601921,0.0000000,0.0000000,0.00,0.0000,0.0000,0.0000,0.0,0.00,0.000,0.000,IDLE
2026-08-18T15:19:59.601803,0.0000000,0.0000000,0.00,0.0000,0.0000,0.0000,0.0,0.00,0.000,0.000,IDLE
2026-08-18T15:20:00.601909,0.0000000,0.0000000,0.00,0.0000,0.0000,0.0000,0.0,0.00,0.000,0.000,IDLE
2026-08-18T15:20:01.601927,0.0000000,0.0000000,0.00,0.0000,0.0000,0.0000,0.0,0.00,0.000,0.000,IDLE
2026-08-18T15:20:02.601959,0.0000000,0.0000000,0.00,0.0000,0.0000,0.0000,0.0,0.00,0.000,0.000,IDLE
2026-08-18T15:20:03.601924,0.0000000,0.0000000,0.00,0.0000,0.0000,0.0000,0.0,0.00,0.000,0.000,IDLE
2026-08-18T15:20:04.601910,0.0000000,0.0000000,0.00,0.0000,0.0000,0.0000,0.0,0.00,0.000,0.000,IDLE
2026-08-18T15:20:05.601763,0.0000000,0.0000000,0.00,0.0000,0.0000,0.0000,0.0,0.00,0.000,0.000,IDLE
2026-08-18T15:20:06.601918,0.0000000,0.0000000,0.00,0.0000,0.0000,0.0000,0.0,0.00,0.000,0.000,IDLE
2026-08-18T15:20:07.601921,0.0000000,0.0000000,0.00,0.0000,0.0000,0.0000,0.0,0.00,0.000,0.000,IDLE
2026-08-18T15:20:08.601920,0.0000000,0.0000000,0.00,0.0000,0.0000,0.0000,0.0,0.00,0.000,0.000,IDLE
2026-08-18T15:20:09.601982,0.0000000,0.0000000,0.00,0.0000,0.0000,0.0000,0.0,0.00,0.000,0.000,IDLE
2026-08-18T15:20:10.601976,0.0000000,0.0000000,0.00,0.0000,0.0000,0.0000,0.0,0.00,0.000,0.000,IDLE
2026-08-18T15:20:11.601839,0.0000000,0.0000000,0.00,0.0000,0.0000,0.0000,0.0,0.00,0.000,0.000,IDLE
2026-08-18T15:20:12.601967,0.0000000,0.0000000,0.00,0.0000,0.0000,0.0000,0.0,0.00,0.000,0.000,IDLE
2026-08-18T15:20:13.601967,0.0000000,0.0000000,0.00,0.0000,0.0000,0.0000,0.0,0.00,0.000,0.000,IDLE
2026-08-18T15:20:14.601959,0.0000000,0.0000000,0.00,0.0000,0.0000,0.0000,0.0,0.00,0.000,0.000,IDLE
2026-08-18T15:20:15.601958,0.0000000,0.0000000,0.00,0.0000,0.0000,0.0000,0.0,0.00,0.000,0.000,IDLE
2026-08-18T15:20:16.601852,0.0000000,0.0000000,0.00,0.0000,0.0000,0.0000,0.0,0.00,0.000,0.000,IDLE
2026-08-18T15:20:17.601817,0.0000000,0.0000000,0.00,0.0000,0.0000,0.0000,0.0,0.00,0.000,0.000,IDLE
2026-08-18T15:20:18.601871,0.0000000,0.0000000,0.00,0.0000,0.0000,0.0000,0.0,0.00,0.000,0.000,IDLE
2026-08-18T15:20:19.601911,0.0000000,0.0000000,0.00,0.0000,0.0000,0.0000,0.0,0.00,0.000,0.000,IDLE
2026-08-18T15:20:20.601866,0.0000000,0.0000000,0.00,0.0000,0.0000,0.0000,0.0,0.00,0.000,0.000,IDLE
2026-08-18T15:20:21.601833,0.0000000,0.0000000,0.00,0.0000,0.0000,0.0000,0.0,0.00,0.000,0.000,IDLE
2026-08-18T15:20:22.601865,0.0000000,0.0000000,0.00,0.0000,0.0000,0.0000,0.0,0.00,0.000,0.000,IDLE
2026-08-18T15:20:23.601833,0.0000000,0.0000000,0.00,0.0000,0.0000,0.0000,0.0,0.00,0.000,0.000,IDLE
2026-08-18T15:20:24.601921,0.0000000,0.0000000,0.00,0.0000,0.0000,0.0000,0.0,0.00,0.000,0.000,IDLE
2026-08-18T15:20:25.601816,0.0000000,0.0000000,0.00,0.0000,0.0000,0.0000,0.0,0.00,0.000,0.000,IDLE
2026-08-18T15:20:26.601770,0.0000000,0.0000000,0.00,0.0000,0.0000,0.0000,0.0,0.00,0.000,0.000,IDLE
2026-08-18T15:20:27.601924,0.0000000,0.0000000,0.00,0.0000,0.0000,0.0000,0.0,0.00,0.000,0.000,IDLE
2026-08-18T15:20:28.601952,0.0000000,0.0000000,0.00,0.0000,0.0000,0.0000,0.0,0.00,0.000,0.000,IDLE
2026-08-18T15:20:29.601874,0.0000000,0.0000000,0.00,0.0000,0.0000,0.0000,0.0,0.00,0.000,0.000,IDLE
2026-08-18T15:20:30.601805,0.0000000,0.0000000,0.00,0.0000,0.0000,0.0000,0.0,0.00,0.000,0.000,IDLE
2026-08-18T15:20:31.601903,0.0000000,0.0000000,0.00,0.0000,0.0000,0.0000,0.0,0.00,0.000,0.000,IDLE
2026-08-18T15:20:32.601928,0.0000000,0.0000000,0.00,0.0000,0.0000,0.0000,0.0,0.00,0.000,0.000,IDLE
2026-08-18T15:20:33.601968,0.0000000,0.0000000,0.00,0.0000,0.0000,0.0000,0.0,0.00,0.000,0.000,IDLE
2026-08-18T15:20:34.601811,0.0000000,0.0000000,0.00,0.0000,0.0000,0.0000,0.0,0.00,0.000,0.000,IDLE
2026-08-18T15:20:35.601847,0.0000000,0.0000000,0.00,0.0000,0.0000,0.0000,0.0,0.00,0.000,0.000,IDLE
2026-08-18T15:20:36.601964,0.0000000,0.0000000,0.00,0.0000,0.0000,0.0000,0.0,0.00,0.000,0.000,IDLE
2026-08-18T15:20:37.601984,0.0000000,0.0000000,0.00,0.0000,0.0000,0.0000,0.0,0.00,0.000,0.000,IDLE
2026-08-18T15:20:38.601809,0.0000000,0.0000000,0.00,0.0000,0.0000,0.0000,0.0,0.00,0.000,0.000,IDLE
2026-08-18T15:20:39.601805,0.0000000,0.0000000,0.00,0.0000,0.0000,0.0000,0.0,0.00,0.000,0.000,IDLE
2026-08-18T15:20:40.601953,0.0000000,0.0000000,0.00,0.0000,0.0000,0.0000,0.0,0.00,0.000,0.000,IDLE
2026-08-18T15:20:41.601969,0.0000000,0.0000000,0.00,0.0000,0.0000,0.0000,0.0,0.00,0.000,0.000,IDLE
2026-08-18T15:20:42.601950,0.0000000,0.0000000,0.00,0.0000,0.0000,0.0000,0.0,0.00,0.000,0.000,IDLE
2026-08-18T15:20:43.601813,0.0000000,0.0000000,0.00,0.0000,0.0000,0.0000,0.0,0.00,0.000,0.000,IDLE
2026-08-18T15:20:44.601929,0.0000000,0.0000000,0.00,0.0000,0.0000,0.0000,0.0,0.00,0.000,0.000,IDLE
2026-08-18T15:20:45.601964,0.0000000,0.0000000,0.00,0.0000,0.0000,0.0000,0.0,0.00,0.000,0.000,IDLE
2026-08-18T15:20:46.601814,0.0000000,0.0000000,0.00,0.0000,0.0000,0.0000,0.0,0.00,0.000,0.000,IDLE
2026-08-18T15:20:47.601802,0.0000000,0.0000000,0.00,0.0000,0.0000,0.0000,0.0,0.00,0.000,0.000,IDLE
2026-08-18T15:20:48.602243,0.0000000,0.0000000,0.00,0.0000,0.0000,0.0000,0.0,0.00,0.000,0.000,IDLE
2026-08-18T15:20:49.601870,0.0000000,0.0000000,0.00,0.0000,0.0000,0.0000,0.0,0.00,0.000,0.000,IDLE
2026-08-18T15:20:50.601940,0.0000000,0.0000000,0.00,0.0000,0.0000,0.0000,0.0,0.00,0.000,0.000,IDLE
2026-08-18T15:20:51.601813,0.0000000,0.0000000,0.00,0.0000,0.0000,0.0000,0.0,0.00,0.000,0.000,IDLE
2026-08-18T15:20:52.601809,0.0000000,0.0000000,0.00,0.0000,0.0000,0.0000,0.0,0.00,0.000,0.000,IDLE
2026-08-18T15:20:53.601970,0.0000000,0.0000000,0.00,0.0000,0.0000,0.0000,0.0,0.00,0.000,0.000,IDLE
2026-08-18T15:20:54.601946,0.0000000,0.0000000,0.00,0.0000,0.0000,0.0000,0.0,0.00,0.000,0.000,IDLE
2026-08-18T15:20:55.601924,0.0000000,0.0000000,0.00,0.0000,0.0000,0.0000,0.0,0.00,0.000,0.000,IDLE
2026-08-18T15:20:56.601958,0.0000000,0.0000000,0.00,0.0000,0.0000,0.0000,0.0,0.00,0.000,0.000,IDLE
2026-08-18T15:20:57.601953,0.0000000,0.0000000,0.00,0.0000,0.0000,0.0000,0.0,0.00,0.000,0.000,IDLE
2026-08-18T15:20:58.601824,0.0000000,0.0000000,0.00,0.0000,0.0000,0.0000,0.0,0.00,0.000,0.000,IDLE
2026-08-18T15:20:59.601845,0.0000000,0.0000000,0.00,0.0000,0.0000,0.0000,0.0,0.00,0.000,0.000,IDLE
2026-08-18T15:21:00.601950,0.0000000,0.0000000,0.00,0.0000,0.0000,0.0000,0.0,0.00,0.000,0.000,IDLE
2026-08-18T15:21:01.601931,0.0000000,0.0000000,0.00,0.0000,0.0000,0.0000,0.0,0.00,0.000,0.000,IDLE
2026-08-18T15:21:02.601974,0.0000000,0.0000000,0.00,0.0000,0.0000,0.0000,0.0,0.00,0.000,0.000,IDLE
2026-08-18T15:21:03.601814,0.0000000,0.0000000,0.00,0.0000,0.0000,0.0000,0.0,0.00,0.000,0.000,IDLE
2026-08-18T15:21:04.601835,0.0000000,0.0000000,0.00,0.0000,0.0000,0.0000,0.0,0.00,0.000,0.000,IDLE
2026-08-18T15:21:05.601928,0.0000000,0.0000000,0.00,0.0000,0.0000,0.0000,0.0,0.00,0.000,0.000,IDLE
2026-08-18T15:21:06.601930,0.0000000,0.0000000,0.00,0.0000,0.0000,0.0000,0.0,0.00,0.000,0.000,IDLE
2026-08-18T15:21:07.601864,0.0000000,0.0000000,0.00,0.0000,0.0000,0.0000,0.0,0.00,0.000,0.000,IDLE
2026-08-18T15:21:08.601831,0.0000000,0.0000000,0.00,0.0000,0.0000,0.0000,0.0,0.00,0.000,0.000,IDLE
2026-08-18T15:21:09.601872,0.0000000,0.0000000,0.00,0.0000,0.0000,0.0000,0.0,0.00,0.000,0.000,IDLE
2026-08-18T15:21:10.601841,0.0000000,0.0000000,0.00,0.0000,0.0000,0.0000,0.0,0.00,0.000,0.000,IDLE
2026-08-18T15:21:11.601915,0.0000000,0.0000000,0.00,0.0000,0.0000,0.0000,0.0,0.00,0.000,0.000,IDLE
2026-08-18T15:21:12.601828,0.0000000,0.0000000,0.00,0.0000,0.0000,0.0000,0.0,0.00,0.000,0.000,IDLE
2026-08-18T15:21:13.601812,0.0000000,0.0000000,0.00,0.0000,0.0000,0.0000,0.0,0.00,0.000,0.000,IDLE
2026-08-18T15:21:14.601951,0.0000000,0.0000000,0.00,0.0000,0.0000,0.0000,0.0,0.00,0.000,0.000,IDLE
2026-08-18T15:21:15.601943,0.0000000,0.0000000,0.00,0.0000,0.0000,0.0000,0.0,0.00,0.000,0.000,IDLE
2026-08-18T15:21:16.601881,0.0000000,0.0000000,0.00,0.0000,0.0000,0.0000,0.0,0.00,0.000,0.000,IDLE
2026-08-18T15:21:17.601802,0.0000000,0.0000000,0.00,0.0000,0.0000,0.0000,0.0,0.00,0.000,0.000,IDLE
2026-08-18T15:21:18.601916,0.0000000,0.0000000,0.00,0.0000,0.0000,0.0000,0.0,0.00,0.000,0.000,IDLE
2026-08-18T15:21:19.601933,0.0000000,0.0000000,0.00,0.0000,0.0000,0.0000,0.0,0.00,0.000,0.000,IDLE
2026-08-18T15:21:20.601910,0.0000000,0.0000000,0.00,0.0000,0.0000,0.0000,0.0,0.00,0.000,0.000,IDLE
2026-08-18T15:21:21.601831,0.0000000,0.0000000,0.00,0.0000,0.0000,0.0000,0.0,0.00,0.000,0.000,IDLE
2026-08-18T15:21:22.601790,0.0000000,0.0000000,0.00,0.0000,0.0000,0.0000,0.0,0.00,0.000,0.000,IDLE
2026-08-18T15:21:23.601919,0.0000000,0.0000000,0.00,0.0000,0.0000,0.0000,0.0,0.00,0.000,0.000,IDLE
2026-08-18T15:21:24.602094,0.0000000,0.0000000,0.00,0.0000,0.0000,0.0000,0.0,0.00,0.000,0.000,IDLE
2026-08-18T15:21:25.601980,0.0000000,0.0000000,0.00,0.0000,0.0000,0.0000,0.0,0.00,0.000,0.000,IDLE
2026-08-18T15:21:26.602008,0.0000000,0.0000000,0.00,0.0000,0.0000,0.0000,0.0,0.00,0.000,0.000,IDLE
2026-08-18T15:21:27.601928,0.0000000,0.0000000,0.00,0.0000,0.0000,0.0000,0.0,0.00,0.000,0.000,IDLE
2026-08-18T15:21:28.601899,0.0000000,0.0000000,0.00,0.0000,0.0000,0.0000,0.0,0.00,0.000,0.000,IDLE
2026-08-18T15:21:29.601855,0.0000000,0.0000000,0.00,0.0000,0.0000,0.0000,0.0,0.00,0.000,0.000,IDLE
2026-08-18T15:21:30.601856,0.0000000,0.0000000,0.00,0.0000,0.0000,0.0000,0.0,0.00,0.000,0.000,IDLE
2026-08-18T15:21:31.601966,0.0000000,0.0000000,0.00,0.0000,0.0000,0.0000,0.0,0.00,0.000,0.000,IDLE
2026-08-18T15:21:32.602018,0.0000000,0.0000000,0.00,0.0000,0.0000,0.0000,0.0,0.00,0.000,0.000,IDLE
2026-08-18T15:21:33.602001,0.0000000,0.0000000,0.00,0.0000,0.0000,0.0000,0.0,0.00,0.000,0.000,IDLE
2026-08-18T15:21:34.601820,0.0000000,0.0000000,0.00,0.0000,0.0000,0.0000,0.0,0.00,0.000,0.000,IDLE
2026-08-18T15:21:35.601935,0.0000000,0.0000000,0.00,0.0000,0.0000,0.0000,0.0,0.00,0.000,0.000,IDLE
2026-08-18T15:21:36.601932,0.0000000,0.0000000,0.00,0.0000,0.0000,0.0000,0.0,0.00,0.000,0.000,IDLE
2026-08-18T15:21:37.601811,0.0000000,0.0000000,0.00,0.0000,0.0000,0.0000,0.0,0.00,0.000,0.000,IDLE
2026-08-18T15:21:38.601813,0.0000000,0.0000000,0.00,0.0000,0.0000,0.0000,0.0,0.00,0.000,0.000,IDLE
2026-08-18T15:21:39.601893,0.0000000,0.0000000,0.00,0.0000,0.0000,0.0000,0.0,0.00,0.000,0.000,IDLE
2026-08-18T15:21:40.601928,0.0000000,0.0000000,0.00,0.0000,0.0000,0.0000,0.0,0.00,0.000,0.000,IDLE
2026-08-18T15:21:41.601861,0.0000000,0.0000000,0.00,0.0000,0.0000,0.0000,0.0,0.00,0.000,0.000,IDLE
2026-08-18T15:21:42.601792,0.0000000,0.0000000,0.00,0.0000,0.0000,0.0000,0.0,0.00,0.000,0.000,IDLE
2026-08-18T15:21:43.601975,0.0000000,0.0000000,0.00,0.0000,0.0000,0.0000,0.0,0.00,0.000,0.000,IDLE
2026-08-18T15:21:44.601938,0.0000000,0.0000000,0.00,0.0000,0.0000,0.0000,0.0,0.00,0.000,0.000,IDLE
2026-08-18T15:21:45.601942,0.0000000,0.0000000,0.00,0.0000,0.0000,0.0000,0.0,0.00,0.000,0.000,IDLE
2026-08-18T15:21:46.601838,0.0000000,0.0000000,0.00,0.0000,0.0000,0.0000,0.0,0.00,0.000,0.000,IDLE
2026-08-18T15:21:47.601786,0.0000000,0.0000000,0.00,0.0000,0.0000,0.0000,0.0,0.00,0.000,0.000,IDLE
2026-08-18T15:21:48.601940,0.0000000,0.0000000,0.00,0.0000,0.0000,0.0000,0.0,0.00,0.000,0.000,IDLE
2026-08-18T15:21:49.601935,0.0000000,0.0000000,0.00,0.0000,0.0000,0.0000,0.0,0.00,0.000,0.000,IDLE
2026-08-18T15:21:50.601874,0.0000000,0.0000000,0.00,0.0000,0.0000,0.0000,0.0,0.00,0.000,0.000,IDLE
2026-08-18T15:21:51.601797,0.0000000,0.0000000,0.00,0.0000,0.0000,0.0000,0.0,0.00,0.000,0.000,IDLE
2026-08-18T15:21:52.601931,0.0000000,0.0000000,0.00,0.0000,0.0000,0.0000,0.0,0.00,0.000,0.000,IDLE
2026-08-18T15:21:53.601947,0.0000000,0.0000000,0.00,0.0000,0.0000,0.0000,0.0,0.00,0.000,0.000,IDLE
2026-08-18T15:21:54.601933,0.0000000,0.0000000,0.00,0.0000,0.0000,0.0000,0.0,0.00,0.000,0.000,IDLE
2026-08-18T15:21:55.601917,0.0000000,0.0000000,0.00,0.0000,0.0000,0.0000,0.0,0.00,0.000,0.000,IDLE
2026-08-18T15:21:56.601791,0.0000000,0.0000000,0.00,0.0000,0.0000,0.0000,0.0,0.00,0.000,0.000,IDLE
2026-08-18T15:21:57.601832,0.0000000,0.0000000,0.00,0.0000,0.0000,0.0000,0.0,0.00,0.000,0.000,IDLE
2026-08-18T15:21:58.601837,0.0000000,0.0000000,0.00,0.0000,0.0000,0.0000,0.0,0.00,0.000,0.000,IDLE
2026-08-18T15:21:59.601796,0.0000000,0.0000000,0.00,0.0000,0.0000,0.0000,0.0,0.00,0.000,0.000,IDLE
2026-08-18T15:22:00.602011,0.0000000,0.0000000,0.00,0.0000,0.0000,0.0000,0.0,0.00,0.000,0.000,IDLE
2026-08-18T15:22:01.601796,0.0000000,0.0000000,0.00,0.0000,0.0000,0.0000,0.0,0.00,0.000,0.000,IDLE
2026-08-18T15:22:02.601810,0.0000000,0.0000000,0.00,0.0000,0.0000,0.0000,0.0,0.00,0.000,0.000,IDLE
2026-08-18T15:22:03.601825,0.0000000,0.0000000,0.00,0.0000,0.0000,0.0000,0.0,0.00,0.000,0.000,IDLE
2026-08-18T15:22:04.601824,0.0000000,0.0000000,0.00,0.0000,0.0000,0.0000,0.0,0.00,0.000,0.000,IDLE
2026-08-18T15:22:05.601841,0.0000000,0.0000000,0.00,0.0000,0.0000,0.0000,0.0,0.00,0.000,0.000,IDLE
2026-08-18T15:22:06.601825,0.0000000,0.0000000,0.00,0.0000,0.0000,0.0000,0.0,0.00,0.000,0.000,IDLE
2026-08-18T15:22:07.601834,0.0000000,0.0000000,0.00,0.0000,0.0000,0.0000,0.0,0.00,0.000,0.000,IDLE
2026-08-18T15:22:08.601811,0.0000000,0.0000000,0.00,0.0000,0.0000,0.0000,0.0,0.00,0.000,0.000,IDLE
2026-08-18T15:22:09.601823,0.0000000,0.0000000,0.00,0.0000,0.0000,0.0000,0.0,0.00,0.000,0.000,IDLE
2026-08-18T15:22:10.602003,0.0000000,0.0000000,0.00,0.0000,0.0000,0.0000,0.0,0.00,0.000,0.000,IDLE
2026-08-18T15:22:11.601804,0.0000000,0.0000000,0.00,0.0000,0.0000,0.0000,0.0,0.00,0.000,0.000,IDLE
2026-08-18T15:22:12.601873,0.0000000,0.0000000,0.00,0.0000,0.0000,0.0000,0.0,0.00,0.000,0.000,IDLE
2026-08-18T15:22:13.601915,0.0000000,0.0000000,0.00,0.0000,0.0000,0.0000,0.0,0.00,0.000,0.000,IDLE
2026-08-18T15:22:14.601811,0.0000000,0.0000000,0.00,0.0000,0.0000,0.0000,0.0,0.00,0.000,0.000,IDLE
2026-08-18T15:22:15.601899,0.0000000,0.0000000,0.00,0.0000,0.0000,0.0000,0.0,0.00,0.000,0.000,IDLE
2026-08-18T15:22:16.601807,0.0000000,0.0000000,0.00,0.0000,0.0000,0.0000,0.0,0.00,0.000,0.000,IDLE
2026-08-18T15:22:17.601954,0.0000000,0.0000000,0.00,0.0000,0.0000,0.0000,0.0,0.00,0.000,0.000,IDLE
2026-08-18T15:22:18.601951,0.0000000,0.0000000,0.00,0.0000,0.0000,0.0000,0.0,0.00,0.000,0.000,IDLE
2026-08-18T15:22:19.601944,0.0000000,0.0000000,0.00,0.0000,0.0000,0.0000,0.0,0.00,0.000,0.000,IDLE
2026-08-18T15:22:20.601820,0.0000000,0.0000000,0.00,0.0000,0.0000,0.0000,0.0,0.00,0.000,0.000,IDLE
2026-08-18T15:22:21.601831,0.0000000,0.0000000,0.00,0.0000,0.0000,0.0000,0.0,0.00,0.000,0.000,IDLE
2026-08-18T15:22:22.601875,0.0000000,0.0000000,0.00,0.0000,0.0000,0.0000,0.0,0.00,0.000,0.000,IDLE
2026-08-18T15:22:23.601886,0.0000000,0.0000000,0.00,0.0000,0.0000,0.0000,0.0,0.00,0.000,0.000,IDLE
2026-08-18T15:22:24.601994,0.0000000,0.0000000,0.00,0.0000,0.0000,0.0000,0.0,0.00,0.000,0.000,IDLE
2026-08-18T15:22:25.601905,0.0000000,0.0000000,0.00,0.0000,0.0000,0.0000,0.0,0.00,0.000,0.000,IDLE
2026-08-18T15:22:26.601952,0.0000000,0.0000000,0.00,0.0000,0.0000,0.0000,0.0,0.00,0.000,0.000,IDLE
2026-08-18T15:22:27.601952,0.0000000,0.0000000,0.00,0.0000,0.0000,0.0000,0.0,0.00,0.000,0.000,IDLE
2026-08-18T15:22:28.601996,0.0000000,0.0000000,0.00,0.0000,0.0000,0.0000,0.0,0.00,0.000,0.000,IDLE
2026-08-18T15:22:29.601787,0.0000000,0.0000000,0.00,0.0000,0.0000,0.0000,0.0,0.00,0.000,0.000,IDLE
2026-08-18T15:22:30.601816,0.0000000,0.0000000,0.00,0.0000,0.0000,0.0000,0.0,0.00,0.000,0.000,IDLE
2026-08-18T15:22:31.601808,0.0000000,0.0000000,0.00,0.0000,0.0000,0.0000,0.0,0.00,0.000,0.000,IDLE
2026-08-18T15:22:32.601844,0.0000000,0.0000000,0.00,0.0000,0.0000,0.0000,0.0,0.00,0.000,0.000,IDLE
2026-08-18T15:22:33.602248,0.0000000,0.0000000,0.00,0.0000,0.0000,0.0000,0.0,0.00,0.000,0.000,IDLE
2026-08-18T15:22:34.601948,0.0000000,0.0000000,0.00,0.0000,0.0000,0.0000,0.0,0.00,0.000,0.000,IDLE
2026-08-18T15:22:35.601762,0.0000000,0.0000000,0.00,0.0000,0.0000,0.0000,0.0,0.00,0.000,0.000,IDLE
2026-08-18T15:22:36.601757,0.0000000,0.0000000,0.00,0.0000,0.0000,0.0000,0.0,0.00,0.000,0.000,IDLE
2026-08-18T15:22:37.602298,0.0000000,0.0000000,0.00,0.0000,0.0000,0.0000,0.0,0.00,0.000,0.000,IDLE
2026-08-18T15:22:38.601804,0.0000000,0.0000000,0.00,0.0000,0.0000,0.0000,0.0,0.00,0.000,0.000,IDLE
2026-08-18T15:22:39.601870,0.0000000,0.0000000,0.00,0.0000,0.0000,0.0000,0.0,0.00,0.000,0.000,IDLE
2026-08-18T15:22:40.601970,0.0000000,0.0000000,0.00,0.0000,0.0000,0.0000,0.0,0.00,0.000,0.000,IDLE
2026-08-18T15:22:41.601906,0.0000000,0.0000000,0.00,0.0000,0.0000,0.0000,0.0,0.00,0.000,0.000,IDLE
2026-08-18T15:22:42.601956,0.0000000,0.0000000,0.00,0.0000,0.0000,0.0000,0.0,0.00,0.000,0.000,IDLE
2026-08-18T15:22:43.601976,0.0000000,0.0000000,0.00,0.0000,0.0000,0.0000,0.0,0.00,0.000,0.000,IDLE
2026-08-18T15:22:44.601923,0.0000000,0.0000000,0.00,0.0000,0.0000,0.0000,0.0,0.00,0.000,0.000,IDLE
2026-08-18T15:22:45.601840,0.0000000,0.0000000,0.00,0.0000,0.0000,0.0000,0.0,0.00,0.000,0.000,IDLE
2026-08-18T15:22:46.601770,0.0000000,0.0000000,0.00,0.0000,0.0000,0.0000,0.0,0.00,0.000,0.000,IDLE
2026-08-18T15:22:47.601878,0.0000000,0.0000000,0.00,0.0000,0.0000,0.0000,0.0,0.00,0.000,0.000,IDLE
2026-08-18T15:22:48.602198,0.0000000,0.0000000,0.00,0.0000,0.0000,0.0000,0.0,0.00,0.000,0.000,IDLE
2026-08-18T15:22:49.601957,0.0000000,0.0000000,0.00,0.0000,0.0000,0.0000,0.0,0.00,0.000,0.000,IDLE
2026-08-18T15:22:50.601973,0.0000000,0.0000000,0.00,0.0000,0.0000,0.0000,0.0,0.00,0.000,0.000,IDLE
2026-08-18T15:22:51.601923,0.0000000,0.0000000,0.00,0.0000,0.0000,0.0000,0.0,0.00,0.000,0.000,IDLE
2026-08-18T15:22:52.601958,0.0000000,0.0000000,0.00,0.0000,0.0000,0.0000,0.0,0.00,0.000,0.000,IDLE
2026-08-18T15:22:53.601938,0.0000000,0.0000000,0.00,0.0000,0.0000,0.0000,0.0,0.00,0.000,0.000,IDLE
2026-08-18T15:22:54.602014,0.0000000,0.0000000,0.00,0.0000,0.0000,0.0000,0.0,0.00,0.000,0.000,IDLE
2026-08-18T15:22:55.601931,0.0000000,0.0000000,0.00,0.0000,0.0000,0.0000,0.0,0.00,0.000,0.000,IDLE
2026-08-18T15:22:56.601916,0.0000000,0.0000000,0.00,0.0000,0.0000,0.0000,0.0,0.00,0.000,0.000,IDLE
2026-08-18T15:22:57.601912,0.0000000,0.0000000,0.00,0.0000,0.0000,0.0000,0.0,0.00,0.000,0.000,IDLE
2026-08-18T15:22:58.602009,0.0000000,0.0000000,0.00,0.0000,0.0000,0.0000,0.0,0.00,0.000,0.000,IDLE
2026-08-18T15:22:59.601798,0.0000000,0.0000000,0.00,0.0000,0.0000,0.0000,0.0,0.00,0.000,0.000,IDLE
2026-08-18T15:23:00.601917,0.0000000,0.0000000,0.00,0.0000,0.0000,0.0000,0.0,0.00,0.000,0.000,IDLE
2026-08-18T15:23:01.601915,0.0000000,0.0000000,0.00,0.0000,0.0000,0.0000,0.0,0.00,0.000,0.000,IDLE
2026-08-18T15:23:02.601811,0.0000000,0.0000000,0.00,0.0000,0.0000,0.0000,0.0,0.00,0.000,0.000,IDLE
2026-08-18T15:23:03.602068,0.0000000,0.0000000,0.00,0.0000,0.0000,0.0000,0.0,0.00,0.000,0.000,IDLE
2026-08-18T15:23:04.602089,0.0000000,0.0000000,0.00,0.0000,0.0000,0.0000,0.0,0.00,0.000,0.000,IDLE
2026-08-18T15:23:05.601918,0.0000000,0.0000000,0.00,0.0000,0.0000,0.0000,0.0,0.00,0.000,0.000,IDLE
2026-08-18T15:23:06.601832,0.0000000,0.0000000,0.00,0.0000,0.0000,0.0000,0.0,0.00,0.000,0.000,IDLE
2026-08-18T15:23:07.601812,0.0000000,0.0000000,0.00,0.0000,0.0000,0.0000,0.0,0.00,0.000,0.000,IDLE
2026-08-18T15:23:08.601871,0.0000000,0.0000000,0.00,0.0000,0.0000,0.0000,0.0,0.00,0.000,0.000,IDLE
2026-08-18T15:23:09.601965,0.0000000,0.0000000,0.00,0.0000,0.0000,0.0000,0.0,0.00,0.000,0.000,IDLE
2026-08-18T15:23:10.602251,0.0000000,0.0000000,0.00,0.0000,0.0000,0.0000,0.0,0.00,0.000,0.000,IDLE
2026-08-18T15:23:11.601812,0.0000000,0.0000000,0.00,0.0000,0.0000,0.0000,0.0,0.00,0.000,0.000,IDLE
2026-08-18T15:23:12.603007,0.0000000,0.0000000,0.00,0.0000,0.0000,0.0000,0.0,0.00,0.000,0.000,IDLE
2026-08-18T15:23:13.601925,0.0000000,0.0000000,0.00,0.0000,0.0000,0.0000,0.0,0.00,0.000,0.000,IDLE
2026-08-18T15:23:14.601819,0.0000000,0.0000000,0.00,0.0000,0.0000,0.0000,0.0,0.00,0.000,0.000,IDLE
2026-08-18T15:23:15.602010,0.0000000,0.0000000,0.00,0.0000,0.0000,0.0000,0.0,0.00,0.000,0.000,IDLE
2026-08-18T15:23:16.601830,0.0000000,0.0000000,0.00,0.0000,0.0000,0.0000,0.0,0.00,0.000,0.000,IDLE
2026-08-18T15:23:17.601932,0.0000000,0.0000000,0.00,0.0000,0.0000,0.0000,0.0,0.00,0.000,0.000,IDLE
2026-08-18T15:23:18.601965,0.0000000,0.0000000,0.00,0.0000,0.0000,0.0000,0.0,0.00,0.000,0.000,IDLE
2026-08-18T15:23:19.601865,0.0000000,0.0000000,0.00,0.0000,0.0000,0.0000,0.0,0.00,0.000,0.000,IDLE
2026-08-18T15:23:20.601841,0.0000000,0.0000000,0.00,0.0000,0.0000,0.0000,0.0,0.00,0.000,0.000,IDLE
2026-08-18T15:23:21.601925,0.0000000,0.0000000,0.00,0.0000,0.0000,0.0000,0.0,0.00,0.000,0.000,IDLE
2026-08-18T15:23:22.601917,0.0000000,0.0000000,0.00,0.0000,0.0000,0.0000,0.0,0.00,0.000,0.000,IDLE
2026-08-18T15:23:23.601901,0.0000000,0.0000000,0.00,0.0000,0.0000,0.0000,0.0,0.00,0.000,0.000,IDLE
2026-08-18T15:23:24.601850,0.0000000,0.0000000,0.00,0.0000,0.0000,0.0000,0.0,0.00,0.000,0.000,IDLE
2026-08-18T15:23:25.601890,0.0000000,0.0000000,0.00,0.0000,0.0000,0.0000,0.0,0.00,0.000,0.000,IDLE
2026-08-18T15:23:26.601852,0.0000000,0.0000000,0.00,0.0000,0.0000,0.0000,0.0,0.00,0.000,0.000,IDLE
2026-08-18T15:23:27.601902,0.0000000,0.0000000,0.00,0.0000,0.0000,0.0000,0.0,0.00,0.000,0.000,IDLE
2026-08-18T15:23:28.601833,0.0000000,0.0000000,0.00,0.0000,0.0000,0.0000,0.0,0.00,0.000,0.000,IDLE
2026-08-18T15:23:29.601804,0.0000000,0.0000000,0.00,0.0000,0.0000,0.0000,0.0,0.00,0.000,0.000,IDLE
2026-08-18T15:23:30.601929,0.0000000,0.0000000,0.00,0.0000,0.0000,0.0000,0.0,0.00,0.000,0.000,IDLE
2026-08-18T15:23:31.601855,0.0000000,0.0000000,0.00,0.0000,0.0000,0.0000,0.0,0.00,0.000,0.000,IDLE
2026-08-18T15:23:32.601787,0.0000000,0.0000000,0.00,0.0000,0.0000,0.0000,0.0,0.00,0.000,0.000,IDLE
2026-08-18T15:23:33.601817,0.0000000,0.0000000,0.00,0.0000,0.0000,0.0000,0.0,0.00,0.000,0.000,IDLE
2026-08-18T15:23:34.601925,0.0000000,0.0000000,0.00,0.0000,0.0000,0.0000,0.0,0.00,0.000,0.000,IDLE
2026-08-18T15:23:35.602214,0.0000000,0.0000000,0.00,0.0000,0.0000,0.0000,0.0,0.00,0.000,0.000,IDLE
2026-08-18T15:23:36.601968,0.0000000,0.0000000,0.00,0.0000,0.0000,0.0000,0.0,0.00,0.000,0.000,IDLE
2026-08-18T15:23:37.601928,0.0000000,0.0000000,0.00,0.0000,0.0000,0.0000,0.0,0.00,0.000,0.000,IDLE
2026-08-18T15:23:38.601900,0.0000000,0.0000000,0.00,0.0000,0.0000,0.0000,0.0,0.00,0.000,0.000,IDLE
2026-08-18T15:23:39.601899,0.0000000,0.0000000,0.00,0.0000,0.0000,0.0000,0.0,0.00,0.000,0.000,IDLE
2026-08-18T15:23:40.601892,0.0000000,0.0000000,0.00,0.0000,0.0000,0.0000,0.0,0.00,0.000,0.000,IDLE
2026-08-18T15:23:41.601935,0.0000000,0.0000000,0.00,0.0000,0.0000,0.0000,0.0,0.00,0.000,0.000,IDLE
2026-08-18T15:23:42.601769,0.0000000,0.0000000,0.00,0.0000,0.0000,0.0000,0.0,0.00,0.000,0.000,IDLE
2026-08-18T15:23:43.601930,0.0000000,0.0000000,0.00,0.0000,0.0000,0.0000,0.0,0.00,0.000,0.000,IDLE
2026-08-18T15:23:44.601970,0.0000000,0.0000000,0.00,0.0000,0.0000,0.0000,0.0,0.00,0.000,0.000,IDLE
2026-08-18T15:23:45.601957,0.0000000,0.0000000,0.00,0.0000,0.0000,0.0000,0.0,0.00,0.000,0.000,IDLE
2026-08-18T15:23:46.601876,0.0000000,0.0000000,0.00,0.0000,0.0000,0.0000,0.0,0.00,0.000,0.000,IDLE
2026-08-18T15:23:47.601942,0.0000000,0.0000000,0.00,0.0000,0.0000,0.0000,0.0,0.00,0.000,0.000,IDLE
2026-08-18T15:23:48.601955,0.0000000,0.0000000,0.00,0.0000,0.0000,0.0000,0.0,0.00,0.000,0.000,IDLE
2026-08-18T15:23:49.601860,0.0000000,0.0000000,0.00,0.0000,0.0000,0.0000,0.0,0.00,0.000,0.000,IDLE
2026-08-18T15:23:50.604916,0.0000000,0.0000000,0.00,0.0000,0.0000,0.0000,0.0,0.00,0.000,0.000,IDLE
2026-08-18T15:23:51.601925,0.0000000,0.0000000,0.00,0.0000,0.0000,0.0000,0.0,0.00,0.000,0.000,IDLE
2026-08-18T15:23:52.601928,0.0000000,0.0000000,0.00,0.0000,0.0000,0.0000,0.0,0.00,0.000,0.000,IDLE
2026-08-18T15:23:53.601930,0.0000000,0.0000000,0.00,0.0000,0.0000,0.0000,0.0,0.00,0.000,0.000,IDLE
2026-08-18T15:23:54.601941,0.0000000,0.0000000,0.00,0.0000,0.0000,0.0000,0.0,0.00,0.000,0.000,IDLE
2026-08-18T15:23:55.601962,0.0000000,0.0000000,0.00,0.0000,0.0000,0.0000,0.0,0.00,0.000,0.000,IDLE
2026-08-18T15:23:56.601936,0.0000000,0.0000000,0.00,0.0000,0.0000,0.0000,0.0,0.00,0.000,0.000,IDLE
2026-08-18T15:23:57.601983,0.0000000,0.0000000,0.00,0.0000,0.0000,0.0000,0.0,0.00,0.000,0.000,IDLE
2026-08-18T15:23:58.601920,0.0000000,0.0000000,0.00,0.0000,0.0000,0.0000,0.0,0.00,0.000,0.000,IDLE
2026-08-18T15:23:59.601938,0.0000000,0.0000000,0.00,0.0000,0.0000,0.0000,0.0,0.00,0.000,0.000,IDLE
2026-08-18T15:24:00.601923,0.0000000,0.0000000,0.00,0.0000,0.0000,0.0000,0.0,0.00,0.000,0.000,IDLE
2026-08-18T15:24:01.601970,0.0000000,0.0000000,0.00,0.0000,0.0000,0.0000,0.0,0.00,0.000,0.000,IDLE
2026-08-18T15:24:02.602013,0.0000000,0.0000000,0.00,0.0000,0.0000,0.0000,0.0,0.00,0.000,0.000,IDLE
2026-08-18T15:24:03.601842,0.0000000,0.0000000,0.00,0.0000,0.0000,0.0000,0.0,0.00,0.000,0.000,IDLE
2026-08-18T15:24:04.601926,0.0000000,0.0000000,0.00,0.0000,0.0000,0.0000,0.0,0.00,0.000,0.000,IDLE
2026-08-18T15:24:05.601941,0.0000000,0.0000000,0.00,0.0000,0.0000,0.0000,0.0,0.00,0.000,0.000,IDLE
2026-08-18T15:24:06.603248,0.0000000,0.0000000,0.00,0.0000,0.0000,0.0000,0.0,0.00,0.000,0.000,IDLE
2026-08-18T15:24:07.601817,0.0000000,0.0000000,0.00,0.0000,0.0000,0.0000,0.0,0.00,0.000,0.000,IDLE
2026-08-18T15:24:08.601947,0.0000000,0.0000000,0.00,0.0000,0.0000,0.0000,0.0,0.00,0.000,0.000,IDLE
2026-08-18T15:24:09.601914,0.0000000,0.0000000,0.00,0.0000,0.0000,0.0000,0.0,0.00,0.000,0.000,IDLE
2026-08-18T15:24:10.601961,0.0000000,0.0000000,0.00,0.0000,0.0000,0.0000,0.0,0.00,0.000,0.000,IDLE
2026-08-18T15:24:11.601927,0.0000000,0.0000000,0.00,0.0000,0.0000,0.0000,0.0,0.00,0.000,0.000,IDLE
2026-08-18T15:24:12.601939,0.0000000,0.0000000,0.00,0.0000,0.0000,0.0000,0.0,0.00,0.000,0.000,IDLE
2026-08-18T15:24:13.601892,0.0000000,0.0000000,0.00,0.0000,0.0000,0.0000,0.0,0.00,0.000,0.000,IDLE
2026-08-18T15:24:14.601881,0.0000000,0.0000000,0.00,0.0000,0.0000,0.0000,0.0,0.00,0.000,0.000,IDLE
2026-08-18T15:24:15.601827,0.0000000,0.0000000,0.00,0.0000,0.0000,0.0000,0.0,0.00,0.000,0.000,IDLE
2026-08-18T15:24:16.601871,0.0000000,0.0000000,0.00,0.0000,0.0000,0.0000,0.0,0.00,0.000,0.000,IDLE
2026-08-18T15:24:17.601934,0.0000000,0.0000000,0.00,0.0000,0.0000,0.0000,0.0,0.00,0.000,0.000,IDLE
2026-08-18T15:24:18.601918,0.0000000,0.0000000,0.00,0.0000,0.0000,0.0000,0.0,0.00,0.000,0.000,IDLE
2026-08-18T15:24:19.601898,0.0000000,0.0000000,0.00,0.0000,0.0000,0.0000,0.0,0.00,0.000,0.000,IDLE
2026-08-18T15:24:20.601958,0.0000000,0.0000000,0.00,0.0000,0.0000,0.0000,0.0,0.00,0.000,0.000,IDLE
2026-08-18T15:24:21.601926,0.0000000,0.0000000,0.00,0.0000,0.0000,0.0000,0.0,0.00,0.000,0.000,IDLE
2026-08-18T15:24:22.601882,0.0000000,0.0000000,0.00,0.0000,0.0000,0.0000,0.0,0.00,0.000,0.000,IDLE
2026-08-18T15:24:23.601924,0.0000000,0.0000000,0.00,0.0000,0.0000,0.0000,0.0,0.00,0.000,0.000,IDLE
2026-08-18T15:24:24.601825,0.0000000,0.0000000,0.00,0.0000,0.0000,0.0000,0.0,0.00,0.000,0.000,IDLE
2026-08-18T15:24:25.601838,0.0000000,0.0000000,0.00,0.0000,0.0000,0.0000,0.0,0.00,0.000,0.000,IDLE
2026-08-18T15:24:26.601921,0.0000000,0.0000000,0.00,0.0000,0.0000,0.0000,0.0,0.00,0.000,0.000,IDLE
2026-08-18T15:24:27.601802,0.0000000,0.0000000,0.00,0.0000,0.0000,0.0000,0.0,0.00,0.000,0.000,IDLE
2026-08-18T15:24:28.601851,0.0000000,0.0000000,0.00,0.0000,0.0000,0.0000,0.0,0.00,0.000,0.000,IDLE
2026-08-18T15:24:29.601859,0.0000000,0.0000000,0.00,0.0000,0.0000,0.0000,0.0,0.00,0.000,0.000,IDLE
2026-08-18T15:24:30.601841,0.0000000,0.0000000,0.00,0.0000,0.0000,0.0000,0.0,0.00,0.000,0.000,IDLE
2026-08-18T15:24:31.601838,0.0000000,0.0000000,0.00,0.0000,0.0000,0.0000,0.0,0.00,0.000,0.000,IDLE
2026-08-18T15:24:32.602095,0.0000000,0.0000000,0.00,0.0000,0.0000,0.0000,0.0,0.00,0.000,0.000,IDLE
2026-08-18T15:24:33.601997,0.0000000,0.0000000,0.00,0.0000,0.0000,0.0000,0.0,0.00,0.000,0.000,IDLE
2026-08-18T15:24:34.601822,0.0000000,0.0000000,0.00,0.0000,0.0000,0.0000,0.0,0.00,0.000,0.000,IDLE
2026-08-18T15:24:35.601908,0.0000000,0.0000000,0.00,0.0000,0.0000,0.0000,0.0,0.00,0.000,0.000,IDLE
2026-08-18T15:24:36.601961,0.0000000,0.0000000,0.00,0.0000,0.0000,0.0000,0.0,0.00,0.000,0.000,IDLE
2026-08-18T15:24:37.601843,0.0000000,0.0000000,0.00,0.0000,0.0000,0.0000,0.0,0.00,0.000,0.000,IDLE
2026-08-18T15:24:38.601916,0.0000000,0.0000000,0.00,0.0000,0.0000,0.0000,0.0,0.00,0.000,0.000,IDLE
2026-08-18T15:24:39.601951,0.0000000,0.0000000,0.00,0.0000,0.0000,0.0000,0.0,0.00,0.000,0.000,IDLE
2026-08-18T15:24:40.601961,0.0000000,0.0000000,0.00,0.0000,0.0000,0.0000,0.0,0.00,0.000,0.000,IDLE
2026-08-18T15:24:41.601977,0.0000000,0.0000000,0.00,0.0000,0.0000,0.0000,0.0,0.00,0.000,0.000,IDLE
2026-08-18T15:24:42.601905,0.0000000,0.0000000,0.00,0.0000,0.0000,0.0000,0.0,0.00,0.000,0.000,IDLE
2026-08-18T15:24:43.601789,0.0000000,0.0000000,0.00,0.0000,0.0000,0.0000,0.0,0.00,0.000,0.000,IDLE
2026-08-18T15:24:44.601865,0.0000000,0.0000000,0.00,0.0000,0.0000,0.0000,0.0,0.00,0.000,0.000,IDLE
2026-08-18T15:24:45.601919,0.0000000,0.0000000,0.00,0.0000,0.0000,0.0000,0.0,0.00,0.000,0.000,IDLE
2026-08-18T15:24:46.601912,0.0000000,0.0000000,0.00,0.0000,0.0000,0.0000,0.0,0.00,0.000,0.000,IDLE
2026-08-18T15:24:47.601808,0.0000000,0.0000000,0.00,0.0000,0.0000,0.0000,0.0,0.00,0.000,0.000,IDLE
2026-08-18T15:24:48.601884,0.0000000,0.0000000,0.00,0.0000,0.0000,0.0000,0.0,0.00,0.000,0.000,IDLE
2026-08-18T15:24:49.601843,0.0000000,0.0000000,0.00,0.0000,0.0000,0.0000,0.0,0.00,0.000,0.000,IDLE
2026-08-18T15:24:50.602002,0.0000000,0.0000000,0.00,0.0000,0.0000,0.0000,0.0,0.00,0.000,0.000,IDLE
2026-08-18T15:24:51.601958,0.0000000,0.0000000,0.00,0.0000,0.0000,0.0000,0.0,0.00,0.000,0.000,IDLE
2026-08-18T15:24:52.601969,0.0000000,0.0000000,0.00,0.0000,0.0000,0.0000,0.0,0.00,0.000,0.000,IDLE
2026-08-18T15:24:53.602106,0.0000000,0.0000000,0.00,0.0000,0.0000,0.0000,0.0,0.00,0.000,0.000,IDLE
2026-08-18T15:24:54.601923,0.0000000,0.0000000,0.00,0.0000,0.0000,0.0000,0.0,0.00,0.000,0.000,IDLE
2026-08-18T15:24:55.601989,0.0000000,0.0000000,0.00,0.0000,0.0000,0.0000,0.0,0.00,0.000,0.000,IDLE
2026-08-18T15:24:56.601978,0.0000000,0.0000000,0.00,0.0000,0.0000,0.0000,0.0,0.00,0.000,0.000,IDLE
2026-08-18T15:24:57.601934,0.0000000,0.0000000,0.00,0.0000,0.0000,0.0000,0.0,0.00,0.000,0.000,IDLE
2026-08-18T15:24:58.601955,0.0000000,0.0000000,0.00,0.0000,0.0000,0.0000,0.0,0.00,0.000,0.000,IDLE
2026-08-18T15:24:59.601924,0.0000000,0.0000000,0.00,0.0000,0.0000,0.0000,0.0,0.00,0.000,0.000,IDLE
2026-08-18T15:25:00.601952,0.0000000,0.0000000,0.00,0.0000,0.0000,0.0000,0.0,0.00,0.000,0.000,IDLE
2026-08-18T15:25:01.601929,0.0000000,0.0000000,0.00,0.0000,0.0000,0.0000,0.0,0.00,0.000,0.000,IDLE
2026-08-18T15:25:02.601966,0.0000000,0.0000000,0.00,0.0000,0.0000,0.0000,0.0,0.00,0.000,0.000,IDLE
2026-08-18T15:25:03.601849,0.0000000,0.0000000,0.00,0.0000,0.0000,0.0000,0.0,0.00,0.000,0.000,IDLE
2026-08-18T15:25:04.601945,0.0000000,0.0000000,0.00,0.0000,0.0000,0.0000,0.0,0.00,0.000,0.000,IDLE
2026-08-18T15:25:05.601971,0.0000000,0.0000000,0.00,0.0000,0.0000,0.0000,0.0,0.00,0.000,0.000,IDLE
2026-08-18T15:25:06.601968,0.0000000,0.0000000,0.00,0.0000,0.0000,0.0000,0.0,0.00,0.000,0.000,IDLE
2026-08-18T15:25:07.601957,0.0000000,0.0000000,0.00,0.0000,0.0000,0.0000,0.0,0.00,0.000,0.000,IDLE
2026-08-18T15:25:08.601941,0.0000000,0.0000000,0.00,0.0000,0.0000,0.0000,0.0,0.00,0.000,0.000,IDLE
2026-08-18T15:25:09.601934,0.0000000,0.0000000,0.00,0.0000,0.0000,0.0000,0.0,0.00,0.000,0.000,IDLE
2026-08-18T15:25:10.601969,0.0000000,0.0000000,0.00,0.0000,0.0000,0.0000,0.0,0.00,0.000,0.000,IDLE
2026-08-18T15:25:11.601844,0.0000000,0.0000000,0.00,0.0000,0.0000,0.0000,0.0,0.00,0.000,0.000,IDLE
2026-08-18T15:25:12.601926,0.0000000,0.0000000,0.00,0.0000,0.0000,0.0000,0.0,0.00,0.000,0.000,IDLE
2026-08-18T15:25:13.601896,0.0000000,0.0000000,0.00,0.0000,0.0000,0.0000,0.0,0.00,0.000,0.000,IDLE
2026-08-18T15:25:14.601812,0.0000000,0.0000000,0.00,0.0000,0.0000,0.0000,0.0,0.00,0.000,0.000,IDLE
2026-08-18T15:25:15.601808,0.0000000,0.0000000,0.00,0.0000,0.0000,0.0000,0.0,0.00,0.000,0.000,IDLE
2026-08-18T15:25:16.601950,0.0000000,0.0000000,0.00,0.0000,0.0000,0.0000,0.0,0.00,0.000,0.000,IDLE
2026-08-18T15:25:17.602208,0.0000000,0.0000000,0.00,0.0000,0.0000,0.0000,0.0,0.00,0.000,0.000,IDLE
2026-08-18T15:25:18.601862,0.0000000,0.0000000,0.00,0.0000,0.0000,0.0000,0.0,0.00,0.000,0.000,IDLE
2026-08-18T15:25:19.601813,0.0000000,0.0000000,0.00,0.0000,0.0000,0.0000,0.0,0.00,0.000,0.000,IDLE
2026-08-18T15:25:20.601876,0.0000000,0.0000000,0.00,0.0000,0.0000,0.0000,0.0,0.00,0.000,0.000,IDLE
2026-08-18T15:25:21.601946,0.0000000,0.0000000,0.00,0.0000,0.0000,0.0000,0.0,0.00,0.000,0.000,IDLE
2026-08-18T15:25:22.601892,0.0000000,0.0000000,0.00,0.0000,0.0000,0.0000,0.0,0.00,0.000,0.000,IDLE
2026-08-18T15:25:23.601807,0.0000000,0.0000000,0.00,0.0000,0.0000,0.0000,0.0,0.00,0.000,0.000,IDLE
2026-08-18T15:25:24.601804,0.0000000,0.0000000,0.00,0.0000,0.0000,0.0000,0.0,0.00,0.000,0.000,IDLE
2026-08-18T15:25:25.601923,0.0000000,0.0000000,0.00,0.0000,0.0000,0.0000,0.0,0.00,0.000,0.000,IDLE
2026-08-18T15:25:26.601968,0.0000000,0.0000000,0.00,0.0000,0.0000,0.0000,0.0,0.00,0.000,0.000,IDLE
2026-08-18T15:25:27.601925,0.0000000,0.0000000,0.00,0.0000,0.0000,0.0000,0.0,0.00,0.000,0.000,IDLE
2026-08-18T15:25:28.601954,0.0000000,0.0000000,0.00,0.0000,0.0000,0.0000,0.0,0.00,0.000,0.000,IDLE
2026-08-18T15:25:29.601924,0.0000000,0.0000000,0.00,0.0000,0.0000,0.0000,0.0,0.00,0.000,0.000,IDLE
2026-08-18T15:25:30.601976,0.0000000,0.0000000,0.00,0.0000,0.0000,0.0000,0.0,0.00,0.000,0.000,IDLE
2026-08-18T15:25:31.601877,0.0000000,0.0000000,0.00,0.0000,0.0000,0.0000,0.0,0.00,0.000,0.000,IDLE
2026-08-18T15:25:32.602206,0.0000000,0.0000000,0.00,0.0000,0.0000,0.0000,0.0,0.00,0.000,0.000,IDLE
2026-08-18T15:25:33.601939,0.0000000,0.0000000,0.00,0.0000,0.0000,0.0000,0.0,0.00,0.000,0.000,IDLE
2026-08-18T15:25:34.601966,0.0000000,0.0000000,0.00,0.0000,0.0000,0.0000,0.0,0.00,0.000,0.000,IDLE
2026-08-18T15:25:35.601941,0.0000000,0.0000000,0.00,0.0000,0.0000,0.0000,0.0,0.00,0.000,0.000,IDLE
2026-08-18T15:25:36.601820,0.0000000,0.0000000,0.00,0.0000,0.0000,0.0000,0.0,0.00,0.000,0.000,IDLE
2026-08-18T15:25:37.601905,0.0000000,0.0000000,0.00,0.0000,0.0000,0.0000,0.0,0.00,0.000,0.000,IDLE
2026-08-18T15:25:38.601839,0.0000000,0.0000000,0.00,0.0000,0.0000,0.0000,0.0,0.00,0.000,0.000,IDLE
2026-08-18T15:25:39.601953,0.0000000,0.0000000,0.00,0.0000,0.0000,0.0000,0.0,0.00,0.000,0.000,IDLE
2026-08-18T15:25:40.601874,0.0000000,0.0000000,0.00,0.0000,0.0000,0.0000,0.0,0.00,0.000,0.000,IDLE
2026-08-18T15:25:41.601819,0.0000000,0.0000000,0.00,0.0000,0.0000,0.0000,0.0,0.00,0.000,0.000,IDLE
2026-08-18T15:25:42.601832,0.0000000,0.0000000,0.00,0.0000,0.0000,0.0000,0.0,0.00,0.000,0.000,IDLE
2026-08-18T15:25:43.601917,0.0000000,0.0000000,0.00,0.0000,0.0000,0.0000,0.0,0.00,0.000,0.000,IDLE
2026-08-18T15:25:44.601889,0.0000000,0.0000000,0.00,0.0000,0.0000,0.0000,0.0,0.00,0.000,0.000,IDLE
2026-08-18T15:25:45.601802,0.0000000,0.0000000,0.00,0.0000,0.0000,0.0000,0.0,0.00,0.000,0.000,IDLE
2026-08-18T15:25:46.601955,0.0000000,0.0000000,0.00,0.0000,0.0000,0.0000,0.0,0.00,0.000,0.000,IDLE
2026-08-18T15:25:47.601915,0.0000000,0.0000000,0.00,0.0000,0.0000,0.0000,0.0,0.00,0.000,0.000,IDLE
2026-08-18T15:25:48.601818,0.0000000,0.0000000,0.00,0.0000,0.0000,0.0000,0.0,0.00,0.000,0.000,IDLE
2026-08-18T15:25:49.601797,0.0000000,0.0000000,0.00,0.0000,0.0000,0.0000,0.0,0.00,0.000,0.000,IDLE
2026-08-18T15:25:50.601958,0.0000000,0.0000000,0.00,0.0000,0.0000,0.0000,0.0,0.00,0.000,0.000,IDLE
2026-08-18T15:25:51.601957,0.0000000,0.0000000,0.00,0.0000,0.0000,0.0000,0.0,0.00,0.000,0.000,IDLE
2026-08-18T15:25:52.601831,0.0000000,0.0000000,0.00,0.0000,0.0000,0.0000,0.0,0.00,0.000,0.000,IDLE
2026-08-18T15:25:53.601812,0.0000000,0.0000000,0.00,0.0000,0.0000,0.0000,0.0,0.00,0.000,0.000,IDLE
2026-08-18T15:25:54.601821,0.0000000,0.0000000,0.00,0.0000,0.0000,0.0000,0.0,0.00,0.000,0.000,IDLE
2026-08-18T15:25:55.601941,0.0000000,0.0000000,0.00,0.0000,0.0000,0.0000,0.0,0.00,0.000,0.000,IDLE
2026-08-18T15:25:56.601956,0.0000000,0.0000000,0.00,0.0000,0.0000,0.0000,0.0,0.00,0.000,0.000,IDLE
2026-08-18T15:25:57.601852,0.0000000,0.0000000,0.00,0.0000,0.0000,0.0000,0.0,0.00,0.000,0.000,IDLE
2026-08-18T15:25:58.601778,0.0000000,0.0000000,0.00,0.0000,0.0000,0.0000,0.0,0.00,0.000,0.000,IDLE
2026-08-18T15:25:59.601919,0.0000000,0.0000000,0.00,0.0000,0.0000,0.0000,0.0,0.00,0.000,0.000,IDLE
2026-08-18T15:26:00.601945,0.0000000,0.0000000,0.00,0.0000,0.0000,0.0000,0.0,0.00,0.000,0.000,IDLE
2026-08-18T15:26:01.601899,0.0000000,0.0000000,0.00,0.0000,0.0000,0.0000,0.0,0.00,0.000,0.000,IDLE
2026-08-18T15:26:02.601803,0.0000000,0.0000000,0.00,0.0000,0.0000,0.0000,0.0,0.00,0.000,0.000,IDLE
2026-08-18T15:26:03.601963,0.0000000,0.0000000,0.00,0.0000,0.0000,0.0000,0.0,0.00,0.000,0.000,IDLE
2026-08-18T15:26:04.601958,0.0000000,0.0000000,0.00,0.0000,0.0000,0.0000,0.0,0.00,0.000,0.000,IDLE
2026-08-18T15:26:05.601819,0.0000000,0.0000000,0.00,0.0000,0.0000,0.0000,0.0,0.00,0.000,0.000,IDLE
2026-08-18T15:26:06.601802,0.0000000,0.0000000,0.00,0.0000,0.0000,0.0000,0.0,0.00,0.000,0.000,IDLE
2026-08-18T15:26:07.601945,0.0000000,0.0000000,0.00,0.0000,0.0000,0.0000,0.0,0.00,0.000,0.000,IDLE
2026-08-18T15:26:08.601970,0.0000000,0.0000000,0.00,0.0000,0.0000,0.0000,0.0,0.00,0.000,0.000,IDLE
2026-08-18T15:26:09.601815,0.0000000,0.0000000,0.00,0.0000,0.0000,0.0000,0.0,0.00,0.000,0.000,IDLE
2026-08-18T15:26:10.601808,0.0000000,0.0000000,0.00,0.0000,0.0000,0.0000,0.0,0.00,0.000,0.000,IDLE
2026-08-18T15:26:11.601815,0.0000000,0.0000000,0.00,0.0000,0.0000,0.0000,0.0,0.00,0.000,0.000,IDLE
2026-08-18T15:26:12.601916,0.0000000,0.0000000,0.00,0.0000,0.0000,0.0000,0.0,0.00,0.000,0.000,IDLE
2026-08-18T15:26:13.601939,0.0000000,0.0000000,0.00,0.0000,0.0000,0.0000,0.0,0.00,0.000,0.000,IDLE
2026-08-18T15:26:14.601869,0.0000000,0.0000000,0.00,0.0000,0.0000,0.0000,0.0,0.00,0.000,0.000,IDLE
2026-08-18T15:26:15.601809,0.0000000,0.0000000,0.00,0.0000,0.0000,0.0000,0.0,0.00,0.000,0.000,IDLE
2026-08-18T15:26:16.601817,0.0000000,0.0000000,0.00,0.0000,0.0000,0.0000,0.0,0.00,0.000,0.000,IDLE
2026-08-18T15:26:17.601801,0.0000000,0.0000000,0.00,0.0000,0.0000,0.0000,0.0,0.00,0.000,0.000,IDLE
2026-08-18T15:26:18.601976,0.0000000,0.0000000,0.00,0.0000,0.0000,0.0000,0.0,0.00,0.000,0.000,IDLE
2026-08-18T15:26:19.601808,0.0000000,0.0000000,0.00,0.0000,0.0000,0.0000,0.0,0.00,0.000,0.000,IDLE
2026-08-18T15:26:20.601932,0.0000000,0.0000000,0.00,0.0000,0.0000,0.0000,0.0,0.00,0.000,0.000,IDLE
2026-08-18T15:26:21.601940,0.0000000,0.0000000,0.00,0.0000,0.0000,0.0000,0.0,0.00,0.000,0.000,IDLE
2026-08-18T15:26:22.601818,0.0000000,0.0000000,0.00,0.0000,0.0000,0.0000,0.0,0.00,0.000,0.000,IDLE
2026-08-18T15:26:23.601801,0.0000000,0.0000000,0.00,0.0000,0.0000,0.0000,0.0,0.00,0.000,0.000,IDLE
2026-08-18T15:26:24.601927,0.0000000,0.0000000,0.00,0.0000,0.0000,0.0000,0.0,0.00,0.000,0.000,IDLE
2026-08-18T15:26:25.602004,0.0000000,0.0000000,0.00,0.0000,0.0000,0.0000,0.0,0.00,0.000,0.000,IDLE
2026-08-18T15:26:26.601881,0.0000000,0.0000000,0.00,0.0000,0.0000,0.0000,0.0,0.00,0.000,0.000,IDLE
2026-08-18T15:26:27.601809,0.0000000,0.0000000,0.00,0.0000,0.0000,0.0000,0.0,0.00,0.000,0.000,IDLE
2026-08-18T15:26:28.601832,0.0000000,0.0000000,0.00,0.0000,0.0000,0.0000,0.0,0.00,0.000,0.000,IDLE
2026-08-18T15:26:29.602013,0.0000000,0.0000000,0.00,0.0000,0.0000,0.0000,0.0,0.00,0.000,0.000,IDLE
2026-08-18T15:26:30.601780,0.0000000,0.0000000,0.00,0.0000,0.0000,0.0000,0.0,0.00,0.000,0.000,IDLE
2026-08-18T15:26:31.601818,0.0000000,0.0000000,0.00,0.0000,0.0000,0.0000,0.0,0.00,0.000,0.000,IDLE
2026-08-18T15:26:32.601798,0.0000000,0.0000000,0.00,0.0000,0.0000,0.0000,0.0,0.00,0.000,0.000,IDLE
2026-08-18T15:26:33.601807,0.0000000,0.0000000,0.00,0.0000,0.0000,0.0000,0.0,0.00,0.000,0.000,IDLE
2026-08-18T15:26:34.601771,0.0000000,0.0000000,0.00,0.0000,0.0000,0.0000,0.0,0.00,0.000,0.000,IDLE
2026-08-18T15:26:35.601849,0.0000000,0.0000000,0.00,0.0000,0.0000,0.0000,0.0,0.00,0.000,0.000,IDLE
2026-08-18T15:26:36.601908,0.0000000,0.0000000,0.00,0.0000,0.0000,0.0000,0.0,0.00,0.000,0.000,IDLE
2026-08-18T15:26:37.601910,0.0000000,0.0000000,0.00,0.0000,0.0000,0.0000,0.0,0.00,0.000,0.000,IDLE
2026-08-18T15:26:38.601927,0.0000000,0.0000000,0.00,0.0000,0.0000,0.0000,0.0,0.00,0.000,0.000,IDLE
2026-08-18T15:26:39.601815,0.0000000,0.0000000,0.00,0.0000,0.0000,0.0000,0.0,0.00,0.000,0.000,IDLE
2026-08-18T15:26:40.601813,0.0000000,0.0000000,0.00,0.0000,0.0000,0.0000,0.0,0.00,0.000,0.000,IDLE
2026-08-18T15:26:41.601803,0.0000000,0.0000000,0.00,0.0000,0.0000,0.0000,0.0,0.00,0.000,0.000,IDLE
2026-08-18T15:26:42.601920,0.0000000,0.0000000,0.00,0.0000,0.0000,0.0000,0.0,0.00,0.000,0.000,IDLE
2026-08-18T15:26:43.602005,0.0000000,0.0000000,0.00,0.0000,0.0000,0.0000,0.0,0.00,0.000,0.000,IDLE
2026-08-18T15:26:44.601835,0.0000000,0.0000000,0.00,0.0000,0.0000,0.0000,0.0,0.00,0.000,0.000,IDLE
2026-08-18T15:26:45.601918,0.0000000,0.0000000,0.00,0.0000,0.0000,0.0000,0.0,0.00,0.000,0.000,IDLE
2026-08-18T15:26:46.601950,0.0000000,0.0000000,0.00,0.0000,0.0000,0.0000,0.0,0.00,0.000,0.000,IDLE
2026-08-18T15:26:47.601882,0.0000000,0.0000000,0.00,0.0000,0.0000,0.0000,0.0,0.00,0.000,0.000,IDLE
2026-08-18T15:26:48.601857,0.0000000,0.0000000,0.00,0.0000,0.0000,0.0000,0.0,0.00,0.000,0.000,IDLE
2026-08-18T15:26:49.601803,0.0000000,0.0000000,0.00,0.0000,0.0000,0.0000,0.0,0.00,0.000,0.000,IDLE
2026-08-18T15:26:50.601821,0.0000000,0.0000000,0.00,0.0000,0.0000,0.0000,0.0,0.00,0.000,0.000,IDLE
2026-08-18T15:26:51.601908,0.0000000,0.0000000,0.00,0.0000,0.0000,0.0000,0.0,0.00,0.000,0.000,IDLE
2026-08-18T15:26:52.601922,0.0000000,0.0000000,0.00,0.0000,0.0000,0.0000,0.0,0.00,0.000,0.000,IDLE
2026-08-18T15:26:53.601814,0.0000000,0.0000000,0.00,0.0000,0.0000,0.0000,0.0,0.00,0.000,0.000,IDLE
2026-08-18T15:26:54.601808,0.0000000,0.0000000,0.00,0.0000,0.0000,0.0000,0.0,0.00,0.000,0.000,IDLE
2026-08-18T15:26:55.601820,0.0000000,0.0000000,0.00,0.0000,0.0000,0.0000,0.0,0.00,0.000,0.000,IDLE
2026-08-18T15:26:56.601816,0.0000000,0.0000000,0.00,0.0000,0.0000,0.0000,0.0,0.00,0.000,0.000,IDLE
2026-08-18T15:26:57.601812,0.0000000,0.0000000,0.00,0.0000,0.0000,0.0000,0.0,0.00,0.000,0.000,IDLE
2026-08-18T15:26:58.601778,0.0000000,0.0000000,0.00,0.0000,0.0000,0.0000,0.0,0.00,0.000,0.000,IDLE
2026-08-18T15:26:59.601966,0.0000000,0.0000000,0.00,0.0000,0.0000,0.0000,0.0,0.00,0.000,0.000,IDLE
2026-08-18T15:27:00.601869,0.0000000,0.0000000,0.00,0.0000,0.0000,0.0000,0.0,0.00,0.000,0.000,IDLE
2026-08-18T15:27:01.601848,0.0000000,0.0000000,0.00,0.0000,0.0000,0.0000,0.0,0.00,0.000,0.000,IDLE
2026-08-18T15:27:02.601848,0.0000000,0.0000000,0.00,0.0000,0.0000,0.0000,0.0,0.00,0.000,0.000,IDLE
2026-08-18T15:27:03.601793,0.0000000,0.0000000,0.00,0.0000,0.0000,0.0000,0.0,0.00,0.000,0.000,IDLE
2026-08-18T15:27:04.601799,0.0000000,0.0000000,0.00,0.0000,0.0000,0.0000,0.0,0.00,0.000,0.000,IDLE
2026-08-18T15:27:05.601799,0.0000000,0.0000000,0.00,0.0000,0.0000,0.0000,0.0,0.00,0.000,0.000,IDLE
2026-08-18T15:27:06.601797,0.0000000,0.0000000,0.00,0.0000,0.0000,0.0000,0.0,0.00,0.000,0.000,IDLE
2026-08-18T15:27:07.601929,0.0000000,0.0000000,0.00,0.0000,0.0000,0.0000,0.0,0.00,0.000,0.000,IDLE
2026-08-18T15:27:08.601941,0.0000000,0.0000000,0.00,0.0000,0.0000,0.0000,0.0,0.00,0.000,0.000,IDLE
2026-08-18T15:27:09.601894,0.0000000,0.0000000,0.00,0.0000,0.0000,0.0000,0.0,0.00,0.000,0.000,IDLE
2026-08-18T15:27:10.601916,0.0000000,0.0000000,0.00,0.0000,0.0000,0.0000,0.0,0.00,0.000,0.000,IDLE
2026-08-18T15:27:11.601911,0.0000000,0.0000000,0.00,0.0000,0.0000,0.0000,0.0,0.00,0.000,0.000,IDLE
2026-08-18T15:27:12.601930,0.0000000,0.0000000,0.00,0.0000,0.0000,0.0000,0.0,0.00,0.000,0.000,IDLE
2026-08-18T15:27:13.601836,0.0000000,0.0000000,0.00,0.0000,0.0000,0.0000,0.0,0.00,0.000,0.000,IDLE
2026-08-18T15:27:14.601798,0.0000000,0.0000000,0.00,0.0000,0.0000,0.0000,0.0,0.00,0.000,0.000,IDLE
2026-08-18T15:27:15.602238,0.0000000,0.0000000,0.00,0.0000,0.0000,0.0000,0.0,0.00,0.000,0.000,IDLE
2026-08-18T15:27:16.602106,0.0000000,0.0000000,0.00,0.0000,0.0000,0.0000,0.0,0.00,0.000,0.000,IDLE
2026-08-18T15:27:17.601972,0.0000000,0.0000000,0.00,0.0000,0.0000,0.0000,0.0,0.00,0.000,0.000,IDLE
2026-08-18T15:27:18.601964,0.0000000,0.0000000,0.00,0.0000,0.0000,0.0000,0.0,0.00,0.000,0.000,IDLE
2026-08-18T15:27:19.602017,0.0000000,0.0000000,0.00,0.0000,0.0000,0.0000,0.0,0.00,0.000,0.000,IDLE
2026-08-18T15:27:20.601969,0.0000000,0.0000000,0.00,0.0000,0.0000,0.0000,0.0,0.00,0.000,0.000,IDLE
2026-08-18T15:27:21.601942,0.0000000,0.0000000,0.00,0.0000,0.0000,0.0000,0.0,0.00,0.000,0.000,IDLE
2026-08-18T15:27:22.601852,0.0000000,0.0000000,0.00,0.0000,0.0000,0.0000,0.0,0.00,0.000,0.000,IDLE
2026-08-18T15:27:23.601895,0.0000000,0.0000000,0.00,0.0000,0.0000,0.0000,0.0,0.00,0.000,0.000,IDLE
2026-08-18T15:27:24.601968,0.0000000,0.0000000,0.00,0.0000,0.0000,0.0000,0.0,0.00,0.000,0.000,IDLE
2026-08-18T15:27:25.601969,0.0000000,0.0000000,0.00,0.0000,0.0000,0.0000,0.0,0.00,0.000,0.000,IDLE
2026-08-18T15:27:26.601977,0.0000000,0.0000000,0.00,0.0000,0.0000,0.0000,0.0,0.00,0.000,0.000,IDLE
2026-08-18T15:27:27.601898,0.0000000,0.0000000,0.00,0.0000,0.0000,0.0000,0.0,0.00,0.000,0.000,IDLE
2026-08-18T15:27:28.601892,0.0000000,0.0000000,0.00,0.0000,0.0000,0.0000,0.0,0.00,0.000,0.000,IDLE
2026-08-18T15:27:29.601907,0.0000000,0.0000000,0.00,0.0000,0.0000,0.0000,0.0,0.00,0.000,0.000,IDLE
2026-08-18T15:27:30.601963,0.0000000,0.0000000,0.00,0.0000,0.0000,0.0000,0.0,0.00,0.000,0.000,IDLE
2026-08-18T15:27:31.601824,0.0000000,0.0000000,0.00,0.0000,0.0000,0.0000,0.0,0.00,0.000,0.000,IDLE
2026-08-18T15:27:32.601949,0.0000000,0.0000000,0.00,0.0000,0.0000,0.0000,0.0,0.00,0.000,0.000,IDLE
2026-08-18T15:27:33.601972,0.0000000,0.0000000,0.00,0.0000,0.0000,0.0000,0.0,0.00,0.000,0.000,IDLE
2026-08-18T15:27:34.601900,0.0000000,0.0000000,0.00,0.0000,0.0000,0.0000,0.0,0.00,0.000,0.000,IDLE
2026-08-18T15:27:35.601887,0.0000000,0.0000000,0.00,0.0000,0.0000,0.0000,0.0,0.00,0.000,0.000,IDLE
2026-08-18T15:27:36.601903,0.0000000,0.0000000,0.00,0.0000,0.0000,0.0000,0.0,0.00,0.000,0.000,IDLE
2026-08-18T15:27:37.601925,0.0000000,0.0000000,0.00,0.0000,0.0000,0.0000,0.0,0.00,0.000,0.000,IDLE
2026-08-18T15:27:38.601942,0.0000000,0.0000000,0.00,0.0000,0.0000,0.0000,0.0,0.00,0.000,0.000,IDLE
2026-08-18T15:27:39.601886,0.0000000,0.0000000,0.00,0.0000,0.0000,0.0000,0.0,0.00,0.000,0.000,IDLE
2026-08-18T15:27:40.602104,0.0000000,0.0000000,0.00,0.0000,0.0000,0.0000,0.0,0.00,0.000,0.000,IDLE
2026-08-18T15:27:41.601920,0.0000000,0.0000000,0.00,0.0000,0.0000,0.0000,0.0,0.00,0.000,0.000,IDLE
2026-08-18T15:27:42.601934,0.0000000,0.0000000,0.00,0.0000,0.0000,0.0000,0.0,0.00,0.000,0.000,IDLE
2026-08-18T15:27:43.601883,0.0000000,0.0000000,0.00,0.0000,0.0000,0.0000,0.0,0.00,0.000,0.000,IDLE
2026-08-18T15:27:44.601812,0.0000000,0.0000000,0.00,0.0000,0.0000,0.0000,0.0,0.00,0.000,0.000,IDLE
2026-08-18T15:27:45.601829,0.0000000,0.0000000,0.00,0.0000,0.0000,0.0000,0.0,0.00,0.000,0.000,IDLE
2026-08-18T15:27:46.601878,0.0000000,0.0000000,0.00,0.0000,0.0000,0.0000,0.0,0.00,0.000,0.000,IDLE
2026-08-18T15:27:47.601974,0.0000000,0.0000000,0.00,0.0000,0.0000,0.0000,0.0,0.00,0.000,0.000,IDLE
2026-08-18T15:27:48.601812,0.0000000,0.0000000,0.00,0.0000,0.0000,0.0000,0.0,0.00,0.000,0.000,IDLE
2026-08-18T15:27:49.601942,0.0000000,0.0000000,0.00,0.0000,0.0000,0.0000,0.0,0.00,0.000,0.000,IDLE
2026-08-18T15:27:50.601964,0.0000000,0.0000000,0.00,0.0000,0.0000,0.0000,0.0,0.00,0.000,0.000,IDLE
2026-08-18T15:27:51.601861,0.0000000,0.0000000,0.00,0.0000,0.0000,0.0000,0.0,0.00,0.000,0.000,IDLE
2026-08-18T15:27:52.601826,0.0000000,0.0000000,0.00,0.0000,0.0000,0.0000,0.0,0.00,0.000,0.000,IDLE
2026-08-18T15:27:53.601867,0.0000000,0.0000000,0.00,0.0000,0.0000,0.0000,0.0,0.00,0.000,0.000,IDLE
2026-08-18T15:27:54.601955,0.0000000,0.0000000,0.00,0.0000,0.0000,0.0000,0.0,0.00,0.000,0.000,IDLE
2026-08-18T15:27:55.601964,0.0000000,0.0000000,0.00,0.0000,0.0000,0.0000,0.0,0.00,0.000,0.000,IDLE
2026-08-18T15:27:56.601924,0.0000000,0.0000000,0.00,0.0000,0.0000,0.0000,0.0,0.00,0.000,0.000,IDLE
2026-08-18T15:27:57.601812,0.0000000,0.0000000,0.00,0.0000,0.0000,0.0000,0.0,0.00,0.000,0.000,IDLE
2026-08-18T15:27:58.601847,0.0000000,0.0000000,0.00,0.0000,0.0000,0.0000,0.0,0.00,0.000,0.000,IDLE
2026-08-18T15:27:59.601972,0.0000000,0.0000000,0.00,0.0000,0.0000,0.0000,0.0,0.00,0.000,0.000,IDLE
2026-08-18T15:28:00.601939,0.0000000,0.0000000,0.00,0.0000,0.0000,0.0000,0.0,0.00,0.000,0.000,IDLE
2026-08-18T15:28:01.601960,0.0000000,0.0000000,0.00,0.0000,0.0000,0.0000,0.0,0.00,0.000,0.000,IDLE
2026-08-18T15:28:02.601964,0.0000000,0.0000000,0.00,0.0000,0.0000,0.0000,0.0,0.00,0.000,0.000,IDLE
2026-08-18T15:28:03.601961,0.0000000,0.0000000,0.00,0.0000,0.0000,0.0000,0.0,0.00,0.000,0.000,IDLE
2026-08-18T15:28:04.601813,0.0000000,0.0000000,0.00,0.0000,0.0000,0.0000,0.0,0.00,0.000,0.000,IDLE
2026-08-18T15:28:05.601904,0.0000000,0.0000000,0.00,0.0000,0.0000,0.0000,0.0,0.00,0.000,0.000,IDLE
2026-08-18T15:28:06.601944,0.0000000,0.0000000,0.00,0.0000,0.0000,0.0000,0.0,0.00,0.000,0.000,IDLE
2026-08-18T15:28:07.601912,0.0000000,0.0000000,0.00,0.0000,0.0000,0.0000,0.0,0.00,0.000,0.000,IDLE
2026-08-18T15:28:08.601825,0.0000000,0.0000000,0.00,0.0000,0.0000,0.0000,0.0,0.00,0.000,0.000,IDLE
2026-08-18T15:28:09.601881,0.0000000,0.0000000,0.00,0.0000,0.0000,0.0000,0.0,0.00,0.000,0.000,IDLE
2026-08-18T15:28:10.601795,0.0000000,0.0000000,0.00,0.0000,0.0000,0.0000,0.0,0.00,0.000,0.000,IDLE
2026-08-18T15:28:11.601939,0.0000000,0.0000000,0.00,0.0000,0.0000,0.0000,0.0,0.00,0.000,0.000,IDLE
2026-08-18T15:28:12.601801,0.0000000,0.0000000,0.00,0.0000,0.0000,0.0000,0.0,0.00,0.000,0.000,IDLE
2026-08-18T15:28:13.601899,0.0000000,0.0000000,0.00,0.0000,0.0000,0.0000,0.0,0.00,0.000,0.000,IDLE
2026-08-18T15:28:14.601816,0.0000000,0.0000000,0.00,0.0000,0.0000,0.0000,0.0,0.00,0.000,0.000,IDLE
2026-08-18T15:28:15.601793,0.0000000,0.0000000,0.00,0.0000,0.0000,0.0000,0.0,0.00,0.000,0.000,IDLE
2026-08-18T15:28:16.601895,0.0000000,0.0000000,0.00,0.0000,0.0000,0.0000,0.0,0.00,0.000,0.000,IDLE
2026-08-18T15:28:17.601802,0.0000000,0.0000000,0.00,0.0000,0.0000,0.0000,0.0,0.00,0.000,0.000,IDLE
2026-08-18T15:28:18.601811,0.0000000,0.0000000,0.00,0.0000,0.0000,0.0000,0.0,0.00,0.000,0.000,IDLE
2026-08-18T15:28:19.601926,0.0000000,0.0000000,0.00,0.0000,0.0000,0.0000,0.0,0.00,0.000,0.000,IDLE
2026-08-18T15:28:20.601925,0.0000000,0.0000000,0.00,0.0000,0.0000,0.0000,0.0,0.00,0.000,0.000,IDLE
2026-08-18T15:28:21.601851,0.0000000,0.0000000,0.00,0.0000,0.0000,0.0000,0.0,0.00,0.000,0.000,IDLE
2026-08-18T15:28:22.601808,0.0000000,0.0000000,0.00,0.0000,0.0000,0.0000,0.0,0.00,0.000,0.000,IDLE
2026-08-18T15:28:23.601850,0.0000000,0.0000000,0.00,0.0000,0.0000,0.0000,0.0,0.00,0.000,0.000,IDLE
2026-08-18T15:28:24.601959,0.0000000,0.0000000,0.00,0.0000,0.0000,0.0000,0.0,0.00,0.000,0.000,IDLE
2026-08-18T15:28:25.601913,0.0000000,0.0000000,0.00,0.0000,0.0000,0.0000,0.0,0.00,0.000,0.000,IDLE
2026-08-18T15:28:26.601979,0.0000000,0.0000000,0.00,0.0000,0.0000,0.0000,0.0,0.00,0.000,0.000,IDLE
2026-08-18T15:28:27.601817,0.0000000,0.0000000,0.00,0.0000,0.0000,0.0000,0.0,0.00,0.000,0.000,IDLE
2026-08-18T15:28:28.601935,0.0000000,0.0000000,0.00,0.0000,0.0000,0.0000,0.0,0.00,0.000,0.000,IDLE
2026-08-18T15:28:29.601949,0.0000000,0.0000000,0.00,0.0000,0.0000,0.0000,0.0,0.00,0.000,0.000,IDLE
2026-08-18T15:28:30.601836,0.0000000,0.0000000,0.00,0.0000,0.0000,0.0000,0.0,0.00,0.000,0.000,IDLE
2026-08-18T15:28:31.601795,0.0000000,0.0000000,0.00,0.0000,0.0000,0.0000,0.0,0.00,0.000,0.000,IDLE
2026-08-18T15:28:32.601935,0.0000000,0.0000000,0.00,0.0000,0.0000,0.0000,0.0,0.00,0.000,0.000,IDLE
2026-08-18T15:28:33.601813,0.0000000,0.0000000,0.00,0.0000,0.0000,0.0000,0.0,0.00,0.000,0.000,IDLE
2026-08-18T15:28:34.601937,0.0000000,0.0000000,0.00,0.0000,0.0000,0.0000,0.0,0.00,0.000,0.000,IDLE
2026-08-18T15:28:35.601916,0.0000000,0.0000000,0.00,0.0000,0.0000,0.0000,0.0,0.00,0.000,0.000,IDLE
2026-08-18T15:28:36.601946,0.0000000,0.0000000,0.00,0.0000,0.0000,0.0000,0.0,0.00,0.000,0.000,IDLE
2026-08-18T15:28:37.601956,0.0000000,0.0000000,0.00,0.0000,0.0000,0.0000,0.0,0.00,0.000,0.000,IDLE
2026-08-18T15:28:38.601889,0.0000000,0.0000000,0.00,0.0000,0.0000,0.0000,0.0,0.00,0.000,0.000,IDLE
2026-08-18T15:28:39.601840,0.0000000,0.0000000,0.00,0.0000,0.0000,0.0000,0.0,0.00,0.000,0.000,IDLE
2026-08-18T15:28:40.601855,0.0000000,0.0000000,0.00,0.0000,0.0000,0.0000,0.0,0.00,0.000,0.000,IDLE
2026-08-18T15:28:41.601914,0.0000000,0.0000000,0.00,0.0000,0.0000,0.0000,0.0,0.00,0.000,0.000,IDLE
2026-08-18T15:28:42.601857,0.0000000,0.0000000,0.00,0.0000,0.0000,0.0000,0.0,0.00,0.000,0.000,IDLE
2026-08-18T15:28:43.601823,0.0000000,0.0000000,0.00,0.0000,0.0000,0.0000,0.0,0.00,0.000,0.000,IDLE
2026-08-18T15:28:44.601817,0.0000000,0.0000000,0.00,0.0000,0.0000,0.0000,0.0,0.00,0.000,0.000,IDLE
2026-08-18T15:28:45.601960,0.0000000,0.0000000,0.00,0.0000,0.0000,0.0000,0.0,0.00,0.000,0.000,IDLE
2026-08-18T15:28:46.601930,0.0000000,0.0000000,0.00,0.0000,0.0000,0.0000,0.0,0.00,0.000,0.000,IDLE
2026-08-18T15:28:47.601930,0.0000000,0.0000000,0.00,0.0000,0.0000,0.0000,0.0,0.00,0.000,0.000,IDLE
2026-08-18T15:28:48.601823,0.0000000,0.0000000,0.00,0.0000,0.0000,0.0000,0.0,0.00,0.000,0.000,IDLE
2026-08-18T15:28:49.601958,0.0000000,0.0000000,0.00,0.0000,0.0000,0.0000,0.0,0.00,0.000,0.000,IDLE
2026-08-18T15:28:50.601949,0.0000000,0.0000000,0.00,0.0000,0.0000,0.0000,0.0,0.00,0.000,0.000,IDLE
2026-08-18T15:28:51.601808,0.0000000,0.0000000,0.00,0.0000,0.0000,0.0000,0.0,0.00,0.000,0.000,IDLE
2026-08-18T15:28:52.601802,0.0000000,0.0000000,0.00,0.0000,0.0000,0.0000,0.0,0.00,0.000,0.000,IDLE
2026-08-18T15:28:53.601930,0.0000000,0.0000000,0.00,0.0000,0.0000,0.0000,0.0,0.00,0.000,0.000,IDLE
2026-08-18T15:28:54.601924,0.0000000,0.0000000,0.00,0.0000,0.0000,0.0000,0.0,0.00,0.000,0.000,IDLE
2026-08-18T15:28:55.601914,0.0000000,0.0000000,0.00,0.0000,0.0000,0.0000,0.0,0.00,0.000,0.000,IDLE
2026-08-18T15:28:56.601821,0.0000000,0.0000000,0.00,0.0000,0.0000,0.0000,0.0,0.00,0.000,0.000,IDLE
2026-08-18T15:28:57.601806,0.0000000,0.0000000,0.00,0.0000,0.0000,0.0000,0.0,0.00,0.000,0.000,IDLE
2026-08-18T15:28:58.601978,0.0000000,0.0000000,0.00,0.0000,0.0000,0.0000,0.0,0.00,0.000,0.000,IDLE
2026-08-18T15:28:59.601943,0.0000000,0.0000000,0.00,0.0000,0.0000,0.0000,0.0,0.00,0.000,0.000,IDLE
2026-08-18T15:29:00.601992,0.0000000,0.0000000,0.00,0.0000,0.0000,0.0000,0.0,0.00,0.000,0.000,IDLE
2026-08-18T15:29:01.602205,0.0000000,0.0000000,0.00,0.0000,0.0000,0.0000,0.0,0.00,0.000,0.000,IDLE
2026-08-18T15:29:02.601892,0.0000000,0.0000000,0.00,0.0000,0.0000,0.0000,0.0,0.00,0.000,0.000,IDLE
2026-08-18T15:29:03.601884,0.0000000,0.0000000,0.00,0.0000,0.0000,0.0000,0.0,0.00,0.000,0.000,IDLE
2026-08-18T15:29:04.601968,0.0000000,0.0000000,0.00,0.0000,0.0000,0.0000,0.0,0.00,0.000,0.000,IDLE
2026-08-18T15:29:05.601805,0.0000000,0.0000000,0.00,0.0000,0.0000,0.0000,0.0,0.00,0.000,0.000,IDLE
2026-08-18T15:29:06.601960,0.0000000,0.0000000,0.00,0.0000,0.0000,0.0000,0.0,0.00,0.000,0.000,IDLE
2026-08-18T15:29:07.601940,0.0000000,0.0000000,0.00,0.0000,0.0000,0.0000,0.0,0.00,0.000,0.000,IDLE
2026-08-18T15:29:08.601833,0.0000000,0.0000000,0.00,0.0000,0.0000,0.0000,0.0,0.00,0.000,0.000,IDLE
2026-08-18T15:29:09.601819,0.0000000,0.0000000,0.00,0.0000,0.0000,0.0000,0.0,0.00,0.000,0.000,IDLE
2026-08-18T15:29:10.601824,0.0000000,0.0000000,0.00,0.0000,0.0000,0.0000,0.0,0.00,0.000,0.000,IDLE
2026-08-18T15:29:11.601951,0.0000000,0.0000000,0.00,0.0000,0.0000,0.0000,0.0,0.00,0.000,0.000,IDLE
2026-08-18T15:29:12.601942,0.0000000,0.0000000,0.00,0.0000,0.0000,0.0000,0.0,0.00,0.000,0.000,IDLE
2026-08-18T15:29:13.601836,0.0000000,0.0000000,0.00,0.0000,0.0000,0.0000,0.0,0.00,0.000,0.000,IDLE
2026-08-18T15:29:14.601985,0.0000000,0.0000000,0.00,0.0000,0.0000,0.0000,0.0,0.00,0.000,0.000,IDLE
2026-08-18T15:29:15.601934,0.0000000,0.0000000,0.00,0.0000,0.0000,0.0000,0.0,0.00,0.000,0.000,IDLE
2026-08-18T15:29:16.601906,0.0000000,0.0000000,0.00,0.0000,0.0000,0.0000,0.0,0.00,0.000,0.000,IDLE
2026-08-18T15:29:17.601856,0.0000000,0.0000000,0.00,0.0000,0.0000,0.0000,0.0,0.00,0.000,0.000,IDLE
2026-08-18T15:29:18.601942,0.0000000,0.0000000,0.00,0.0000,0.0000,0.0000,0.0,0.00,0.000,0.000,IDLE
2026-08-18T15:29:19.601957,0.0000000,0.0000000,0.00,0.0000,0.0000,0.0000,0.0,0.00,0.000,0.000,IDLE
2026-08-18T15:29:20.601979,0.0000000,0.0000000,0.00,0.0000,0.0000,0.0000,0.0,0.00,0.000,0.000,IDLE
2026-08-18T15:29:21.601801,0.0000000,0.0000000,0.00,0.0000,0.0000,0.0000,0.0,0.00,0.000,0.000,IDLE
2026-08-18T15:29:22.601787,0.0000000,0.0000000,0.00,0.0000,0.0000,0.0000,0.0,0.00,0.000,0.000,IDLE
2026-08-18T15:29:23.601916,0.0000000,0.0000000,0.00,0.0000,0.0000,0.0000,0.0,0.00,0.000,0.000,IDLE
2026-08-18T15:29:24.601928,0.0000000,0.0000000,0.00,0.0000,0.0000,0.0000,0.0,0.00,0.000,0.000,IDLE
2026-08-18T15:29:25.601832,0.0000000,0.0000000,0.00,0.0000,0.0000,0.0000,0.0,0.00,0.000,0.000,IDLE
2026-08-18T15:29:26.601829,0.0000000,0.0000000,0.00,0.0000,0.0000,0.0000,0.0,0.00,0.000,0.000,IDLE
2026-08-18T15:29:27.601887,0.0000000,0.0000000,0.00,0.0000,0.0000,0.0000,0.0,0.00,0.000,0.000,IDLE
2026-08-18T15:29:28.601895,0.0000000,0.0000000,0.00,0.0000,0.0000,0.0000,0.0,0.00,0.000,0.000,IDLE
2026-08-18T15:29:29.601970,0.0000000,0.0000000,0.00,0.0000,0.0000,0.0000,0.0,0.00,0.000,0.000,IDLE
2026-08-18T15:29:30.601974,0.0000000,0.0000000,0.00,0.0000,0.0000,0.0000,0.0,0.00,0.000,0.000,IDLE
2026-08-18T15:29:31.601968,0.0000000,0.0000000,0.00,0.0000,0.0000,0.0000,0.0,0.00,0.000,0.000,IDLE
2026-08-18T15:29:32.601937,0.0000000,0.0000000,0.00,0.0000,0.0000,0.0000,0.0,0.00,0.000,0.000,IDLE
2026-08-18T15:29:33.601893,0.0000000,0.0000000,0.00,0.0000,0.0000,0.0000,0.0,0.00,0.000,0.000,IDLE
2026-08-18T15:29:34.603260,0.0000000,0.0000000,0.00,0.0000,0.0000,0.0000,0.0,0.00,0.000,0.000,IDLE
2026-08-18T15:29:35.601936,0.0000000,0.0000000,0.00,0.0000,0.0000,0.0000,0.0,0.00,0.000,0.000,IDLE
2026-08-18T15:29:36.601929,0.0000000,0.0000000,0.00,0.0000,0.0000,0.0000,0.0,0.00,0.000,0.000,IDLE
2026-08-18T15:29:37.601952,0.0000000,0.0000000,0.00,0.0000,0.0000,0.0000,0.0,0.00,0.000,0.000,IDLE
2026-08-18T15:29:38.601973,0.0000000,0.0000000,0.00,0.0000,0.0000,0.0000,0.0,0.00,0.000,0.000,IDLE
2026-08-18T15:29:39.601791,0.0000000,0.0000000,0.00,0.0000,0.0000,0.0000,0.0,0.00,0.000,0.000,IDLE
2026-08-18T15:29:40.601953,0.0000000,0.0000000,0.00,0.0000,0.0000,0.0000,0.0,0.00,0.000,0.000,IDLE
2026-08-18T15:29:41.601941,0.0000000,0.0000000,0.00,0.0000,0.0000,0.0000,0.0,0.00,0.000,0.000,IDLE
2026-08-18T15:29:42.601834,0.0000000,0.0000000,0.00,0.0000,0.0000,0.0000,0.0,0.00,0.000,0.000,IDLE
2026-08-18T15:29:43.601799,0.0000000,0.0000000,0.00,0.0000,0.0000,0.0000,0.0,0.00,0.000,0.000,IDLE
2026-08-18T15:29:44.601853,0.0000000,0.0000000,0.00,0.0000,0.0000,0.0000,0.0,0.00,0.000,0.000,IDLE
2026-08-18T15:29:45.601927,0.0000000,0.0000000,0.00,0.0000,0.0000,0.0000,0.0,0.00,0.000,0.000,IDLE
2026-08-18T15:29:46.601928,0.0000000,0.0000000,0.00,0.0000,0.0000,0.0000,0.0,0.00,0.000,0.000,IDLE
2026-08-18T15:29:47.601817,0.0000000,0.0000000,0.00,0.0000,0.0000,0.0000,0.0,0.00,0.000,0.000,IDLE
2026-08-18T15:29:48.601799,0.0000000,0.0000000,0.00,0.0000,0.0000,0.0000,0.0,0.00,0.000,0.000,IDLE
2026-08-18T15:29:49.601961,0.0000000,0.0000000,0.00,0.0000,0.0000,0.0000,0.0,0.00,0.000,0.000,IDLE
2026-08-18T15:29:50.601808,0.0000000,0.0000000,0.00,0.0000,0.0000,0.0000,0.0,0.00,0.000,0.000,IDLE
2026-08-18T15:29:51.601893,0.0000000,0.0000000,0.00,0.0000,0.0000,0.0000,0.0,0.00,0.000,0.000,IDLE
2026-08-18T15:29:52.601877,0.0000000,0.0000000,0.00,0.0000,0.0000,0.0000,0.0,0.00,0.000,0.000,IDLE
2026-08-18T15:29:53.601968,0.0000000,0.0000000,0.00,0.0000,0.0000,0.0000,0.0,0.00,0.000,0.000,IDLE
2026-08-18T15:29:54.601933,0.0000000,0.0000000,0.00,0.0000,0.0000,0.0000,0.0,0.00,0.000,0.000,IDLE
2026-08-18T15:29:55.601815,0.0000000,0.0000000,0.00,0.0000,0.0000,0.0000,0.0,0.00,0.000,0.000,IDLE
2026-08-18T15:29:56.601815,0.0000000,0.0000000,0.00,0.0000,0.0000,0.0000,0.0,0.00,0.000,0.000,IDLE
2026-08-18T15:29:57.601970,0.0000000,0.0000000,0.00,0.0000,0.0000,0.0000,0.0,0.00,0.000,0.000,IDLE
2026-08-18T15:29:58.601838,0.0000000,0.0000000,0.00,0.0000,0.0000,0.0000,0.0,0.00,0.000,0.000,IDLE
2026-08-18T15:29:59.601826,0.0000000,0.0000000,0.00,0.0000,0.0000,0.0000,0.0,0.00,0.000,0.000,IDLE
2026-08-18T15:30:00.601848,0.0000000,0.0000000,0.00,0.0000,0.0000,0.0000,0.0,0.00,0.000,0.000,IDLE
2026-08-18T15:30:01.601819,0.0000000,0.0000000,0.00,0.0000,0.0000,0.0000,0.0,0.00,0.000,0.000,IDLE
2026-08-18T15:30:02.601848,0.0000000,0.0000000,0.00,0.0000,0.0000,0.0000,0.0,0.00,0.000,0.000,IDLE
2026-08-18T15:30:03.601805,0.0000000,0.0000000,0.00,0.0000,0.0000,0.0000,0.0,0.00,0.000,0.000,IDLE
2026-08-18T15:30:04.601804,0.0000000,0.0000000,0.00,0.0000,0.0000,0.0000,0.0,0.00,0.000,0.000,IDLE
2026-08-18T15:30:05.601830,0.0000000,0.0000000,0.00,0.0000,0.0000,0.0000,0.0,0.00,0.000,0.000,IDLE
2026-08-18T15:30:06.601806,0.0000000,0.0000000,0.00,0.0000,0.0000,0.0000,0.0,0.00,0.000,0.000,IDLE
2026-08-18T15:30:07.601955,0.0000000,0.0000000,0.00,0.0000,0.0000,0.0000,0.0,0.00,0.000,0.000,IDLE
2026-08-18T15:30:08.601844,0.0000000,0.0000000,0.00,0.0000,0.0000,0.0000,0.0,0.00,0.000,0.000,IDLE
2026-08-18T15:30:09.601866,0.0000000,0.0000000,0.00,0.0000,0.0000,0.0000,0.0,0.00,0.000,0.000,IDLE
2026-08-18T15:30:10.601910,0.0000000,0.0000000,0.00,0.0000,0.0000,0.0000,0.0,0.00,0.000,0.000,IDLE
2026-08-18T15:30:11.601839,0.0000000,0.0000000,0.00,0.0000,0.0000,0.0000,0.0,0.00,0.000,0.000,IDLE
2026-08-18T15:30:12.601910,0.0000000,0.0000000,0.00,0.0000,0.0000,0.0000,0.0,0.00,0.000,0.000,IDLE
2026-08-18T15:30:13.601878,0.0000000,0.0000000,0.00,0.0000,0.0000,0.0000,0.0,0.00,0.000,0.000,IDLE
2026-08-18T15:30:14.601931,0.0000000,0.0000000,0.00,0.0000,0.0000,0.0000,0.0,0.00,0.000,0.000,IDLE
2026-08-18T15:30:15.601914,0.0000000,0.0000000,0.00,0.0000,0.0000,0.0000,0.0,0.00,0.000,0.000,IDLE
2026-08-18T15:30:16.601840,0.0000000,0.0000000,0.00,0.0000,0.0000,0.0000,0.0,0.00,0.000,0.000,IDLE
2026-08-18T15:30:17.601836,0.0000000,0.0000000,0.00,0.0000,0.0000,0.0000,0.0,0.00,0.000,0.000,IDLE
2026-08-18T15:30:18.601844,0.0000000,0.0000000,0.00,0.0000,0.0000,0.0000,0.0,0.00,0.000,0.000,IDLE
2026-08-18T15:30:19.601785,0.0000000,0.0000000,0.00,0.0000,0.0000,0.0000,0.0,0.00,0.000,0.000,IDLE
2026-08-18T15:30:20.601783,0.0000000,0.0000000,0.00,0.0000,0.0000,0.0000,0.0,0.00,0.000,0.000,IDLE
2026-08-18T15:30:21.601892,0.0000000,0.0000000,0.00,0.0000,0.0000,0.0000,0.0,0.00,0.000,0.000,IDLE
2026-08-18T15:30:22.601930,0.0000000,0.0000000,0.00,0.0000,0.0000,0.0000,0.0,0.00,0.000,0.000,IDLE
2026-08-18T15:30:23.601960,0.0000000,0.0000000,0.00,0.0000,0.0000,0.0000,0.0,0.00,0.000,0.000,IDLE
2026-08-18T15:30:24.601811,0.0000000,0.0000000,0.00,0.0000,0.0000,0.0000,0.0,0.00,0.000,0.000,IDLE
2026-08-18T15:30:25.601954,0.0000000,0.0000000,0.00,0.0000,0.0000,0.0000,0.0,0.00,0.000,0.000,IDLE
2026-08-18T15:30:26.602253,0.0000000,0.0000000,0.00,0.0000,0.0000,0.0000,0.0,0.00,0.000,0.000,IDLE
2026-08-18T15:30:27.601903,0.0000000,0.0000000,0.00,0.0000,0.0000,0.0000,0.0,0.00,0.000,0.000,IDLE
2026-08-18T15:30:28.601926,0.0000000,0.0000000,0.00,0.0000,0.0000,0.0000,0.0,0.00,0.000,0.000,IDLE
2026-08-18T15:30:29.601951,0.0000000,0.0000000,0.00,0.0000,0.0000,0.0000,0.0,0.00,0.000,0.000,IDLE
2026-08-18T15:30:30.601846,0.0000000,0.0000000,0.00,0.0000,0.0000,0.0000,0.0,0.00,0.000,0.000,IDLE
2026-08-18T15:30:31.601953,0.0000000,0.0000000,0.00,0.0000,0.0000,0.0000,0.0,0.00,0.000,0.000,IDLE
2026-08-18T15:30:32.601871,0.0000000,0.0000000,0.00,0.0000,0.0000,0.0000,0.0,0.00,0.000,0.000,IDLE
2026-08-18T15:30:33.601825,0.0000000,0.0000000,0.00,0.0000,0.0000,0.0000,0.0,0.00,0.000,0.000,IDLE
2026-08-18T15:30:34.601806,0.0000000,0.0000000,0.00,0.0000,0.0000,0.0000,0.0,0.00,0.000,0.000,IDLE
2026-08-18T15:30:35.601833,0.0000000,0.0000000,0.00,0.0000,0.0000,0.0000,0.0,0.00,0.000,0.000,IDLE
2026-08-18T15:30:36.601806,0.0000000,0.0000000,0.00,0.0000,0.0000,0.0000,0.0,0.00,0.000,0.000,IDLE
2026-08-18T15:30:37.601827,0.0000000,0.0000000,0.00,0.0000,0.0000,0.0000,0.0,0.00,0.000,0.000,IDLE
2026-08-18T15:30:38.601813,0.0000000,0.0000000,0.00,0.0000,0.0000,0.0000,0.0,0.00,0.000,0.000,IDLE
2026-08-18T15:30:39.601816,0.0000000,0.0000000,0.00,0.0000,0.0000,0.0000,0.0,0.00,0.000,0.000,IDLE
2026-08-18T15:30:40.601949,0.0000000,0.0000000,0.00,0.0000,0.0000,0.0000,0.0,0.00,0.000,0.000,IDLE
2026-08-18T15:30:41.601943,0.0000000,0.0000000,0.00,0.0000,0.0000,0.0000,0.0,0.00,0.000,0.000,IDLE
2026-08-18T15:30:42.601814,0.0000000,0.0000000,0.00,0.0000,0.0000,0.0000,0.0,0.00,0.000,0.000,IDLE
2026-08-18T15:30:43.601801,0.0000000,0.0000000,0.00,0.0000,0.0000,0.0000,0.0,0.00,0.000,0.000,IDLE
2026-08-18T15:30:44.601936,0.0000000,0.0000000,0.00,0.0000,0.0000,0.0000,0.0,0.00,0.000,0.000,IDLE
2026-08-18T15:30:45.601949,0.0000000,0.0000000,0.00,0.0000,0.0000,0.0000,0.0,0.00,0.000,0.000,IDLE
2026-08-18T15:30:46.601831,0.0000000,0.0000000,0.00,0.0000,0.0000,0.0000,0.0,0.00,0.000,0.000,IDLE
2026-08-18T15:30:47.601833,0.0000000,0.0000000,0.00,0.0000,0.0000,0.0000,0.0,0.00,0.000,0.000,IDLE
2026-08-18T15:30:48.601956,0.0000000,0.0000000,0.00,0.0000,0.0000,0.0000,0.0,0.00,0.000,0.000,IDLE
2026-08-18T15:30:49.601812,0.0000000,0.0000000,0.00,0.0000,0.0000,0.0000,0.0,0.00,0.000,0.000,IDLE
2026-08-18T15:30:50.601908,0.0000000,0.0000000,0.00,0.0000,0.0000,0.0000,0.0,0.00,0.000,0.000,IDLE
2026-08-18T15:30:51.601827,0.0000000,0.0000000,0.00,0.0000,0.0000,0.0000,0.0,0.00,0.000,0.000,IDLE
2026-08-18T15:30:52.601902,0.0000000,0.0000000,0.00,0.0000,0.0000,0.0000,0.0,0.00,0.000,0.000,IDLE
2026-08-18T15:30:53.601899,0.0000000,0.0000000,0.00,0.0000,0.0000,0.0000,0.0,0.00,0.000,0.000,IDLE
2026-08-18T15:30:54.601810,0.0000000,0.0000000,0.00,0.0000,0.0000,0.0000,0.0,0.00,0.000,0.000,IDLE
2026-08-18T15:30:55.601808,0.0000000,0.0000000,0.00,0.0000,0.0000,0.0000,0.0,0.00,0.000,0.000,IDLE
2026-08-18T15:30:56.601987,0.0000000,0.0000000,0.00,0.0000,0.0000,0.0000,0.0,0.00,0.000,0.000,IDLE
2026-08-18T15:30:57.602031,0.0000000,0.0000000,0.00,0.0000,0.0000,0.0000,0.0,0.00,0.000,0.000,IDLE
2026-08-18T15:30:58.601969,0.0000000,0.0000000,0.00,0.0000,0.0000,0.0000,0.0,0.00,0.000,0.000,IDLE
2026-08-18T15:30:59.601817,0.0000000,0.0000000,0.00,0.0000,0.0000,0.0000,0.0,0.00,0.000,0.000,IDLE
2026-08-18T15:31:00.601799,0.0000000,0.0000000,0.00,0.0000,0.0000,0.0000,0.0,0.00,0.000,0.000,IDLE
2026-08-18T15:31:01.602237,0.0000000,0.0000000,0.00,0.0000,0.0000,0.0000,0.0,0.00,0.000,0.000,IDLE
2026-08-18T15:31:02.601936,0.0000000,0.0000000,0.00,0.0000,0.0000,0.0000,0.0,0.00,0.000,0.000,IDLE
2026-08-18T15:31:03.601840,0.0000000,0.0000000,0.00,0.0000,0.0000,0.0000,0.0,0.00,0.000,0.000,IDLE
2026-08-18T15:31:04.601964,0.0000000,0.0000000,0.00,0.0000,0.0000,0.0000,0.0,0.00,0.000,0.000,IDLE
2026-08-18T15:31:05.602025,0.0000000,0.0000000,0.00,0.0000,0.0000,0.0000,0.0,0.00,0.000,0.000,IDLE
2026-08-18T15:31:06.601937,0.0000000,0.0000000,0.00,0.0000,0.0000,0.0000,0.0,0.00,0.000,0.000,IDLE
2026-08-18T15:31:07.601792,0.0000000,0.0000000,0.00,0.0000,0.0000,0.0000,0.0,0.00,0.000,0.000,IDLE
2026-08-18T15:31:08.601949,0.0000000,0.0000000,0.00,0.0000,0.0000,0.0000,0.0,0.00,0.000,0.000,IDLE
2026-08-18T15:31:09.601790,0.0000000,0.0000000,0.00,0.0000,0.0000,0.0000,0.0,0.00,0.000,0.000,IDLE
2026-08-18T15:31:10.601814,0.0000000,0.0000000,0.00,0.0000,0.0000,0.0000,0.0,0.00,0.000,0.000,IDLE
2026-08-18T15:31:11.601821,0.0000000,0.0000000,0.00,0.0000,0.0000,0.0000,0.0,0.00,0.000,0.000,IDLE
2026-08-18T15:31:12.601978,0.0000000,0.0000000,0.00,0.0000,0.0000,0.0000,0.0,0.00,0.000,0.000,IDLE
2026-08-18T15:31:13.601838,0.0000000,0.0000000,0.00,0.0000,0.0000,0.0000,0.0,0.00,0.000,0.000,IDLE
2026-08-18T15:31:14.601815,0.0000000,0.0000000,0.00,0.0000,0.0000,0.0000,0.0,0.00,0.000,0.000,IDLE
2026-08-18T15:31:15.601807,0.0000000,0.0000000,0.00,0.0000,0.0000,0.0000,0.0,0.00,0.000,0.000,IDLE
2026-08-18T15:31:16.601855,0.0000000,0.0000000,0.00,0.0000,0.0000,0.0000,0.0,0.00,0.000,0.000,IDLE
2026-08-18T15:31:17.601922,0.0000000,0.0000000,0.00,0.0000,0.0000,0.0000,0.0,0.00,0.000,0.000,IDLE
2026-08-18T15:31:18.601922,0.0000000,0.0000000,0.00,0.0000,0.0000,0.0000,0.0,0.00,0.000,0.000,IDLE
2026-08-18T15:31:19.601908,0.0000000,0.0000000,0.00,0.0000,0.0000,0.0000,0.0,0.00,0.000,0.000,IDLE
2026-08-18T15:31:20.601901,0.0000000,0.0000000,0.00,0.0000,0.0000,0.0000,0.0,0.00,0.000,0.000,IDLE
2026-08-18T15:31:21.602249,0.0000000,0.0000000,0.00,0.0000,0.0000,0.0000,0.0,0.00,0.000,0.000,IDLE
2026-08-18T15:31:22.601906,0.0000000,0.0000000,0.00,0.0000,0.0000,0.0000,0.0,0.00,0.000,0.000,IDLE
2026-08-18T15:31:23.601959,0.0000000,0.0000000,0.00,0.0000,0.0000,0.0000,0.0,0.00,0.000,0.000,IDLE
2026-08-18T15:31:24.601943,0.0000000,0.0000000,0.00,0.0000,0.0000,0.0000,0.0,0.00,0.000,0.000,IDLE
2026-08-18T15:31:25.601830,0.0000000,0.0000000,0.00,0.0000,0.0000,0.0000,0.0,0.00,0.000,0.000,IDLE
2026-08-18T15:31:26.601936,0.0000000,0.0000000,0.00,0.0000,0.0000,0.0000,0.0,0.00,0.000,0.000,IDLE
2026-08-18T15:31:27.601958,0.0000000,0.0000000,0.00,0.0000,0.0000,0.0000,0.0,0.00,0.000,0.000,IDLE
2026-08-18T15:31:28.601935,0.0000000,0.0000000,0.00,0.0000,0.0000,0.0000,0.0,0.00,0.000,0.000,IDLE
2026-08-18T15:31:29.601916,0.0000000,0.0000000,0.00,0.0000,0.0000,0.0000,0.0,0.00,0.000,0.000,IDLE
2026-08-18T15:31:30.601961,0.0000000,0.0000000,0.00,0.0000,0.0000,0.0000,0.0,0.00,0.000,0.000,IDLE
2026-08-18T15:31:31.601909,0.0000000,0.0000000,0.00,0.0000,0.0000,0.0000,0.0,0.00,0.000,0.000,IDLE
2026-08-18T15:31:32.601952,0.0000000,0.0000000,0.00,0.0000,0.0000,0.0000,0.0,0.00,0.000,0.000,IDLE
2026-08-18T15:31:33.601896,0.0000000,0.0000000,0.00,0.0000,0.0000,0.0000,0.0,0.00,0.000,0.000,IDLE
2026-08-18T15:31:34.601832,0.0000000,0.0000000,0.00,0.0000,0.0000,0.0000,0.0,0.00,0.000,0.000,IDLE
2026-08-18T15:31:35.601881,0.0000000,0.0000000,0.00,0.0000,0.0000,0.0000,0.0,0.00,0.000,0.000,IDLE
2026-08-18T15:31:36.601961,0.0000000,0.0000000,0.00,0.0000,0.0000,0.0000,0.0,0.00,0.000,0.000,IDLE
2026-08-18T15:31:37.601936,0.0000000,0.0000000,0.00,0.0000,0.0000,0.0000,0.0,0.00,0.000,0.000,IDLE
2026-08-18T15:31:38.601867,0.0000000,0.0000000,0.00,0.0000,0.0000,0.0000,0.0,0.00,0.000,0.000,IDLE
2026-08-18T15:31:39.601888,0.0000000,0.0000000,0.00,0.0000,0.0000,0.0000,0.0,0.00,0.000,0.000,IDLE
2026-08-18T15:31:40.601906,0.0000000,0.0000000,0.00,0.0000,0.0000,0.0000,0.0,0.00,0.000,0.000,IDLE
2026-08-18T15:31:41.601925,0.0000000,0.0000000,0.00,0.0000,0.0000,0.0000,0.0,0.00,0.000,0.000,IDLE
2026-08-18T15:31:42.601930,0.0000000,0.0000000,0.00,0.0000,0.0000,0.0000,0.0,0.00,0.000,0.000,IDLE
2026-08-18T15:31:43.601956,0.0000000,0.0000000,0.00,0.0000,0.0000,0.0000,0.0,0.00,0.000,0.000,IDLE
2026-08-18T15:31:44.601972,0.0000000,0.0000000,0.00,0.0000,0.0000,0.0000,0.0,0.00,0.000,0.000,IDLE
2026-08-18T15:31:45.601965,0.0000000,0.0000000,0.00,0.0000,0.0000,0.0000,0.0,0.00,0.000,0.000,IDLE
2026-08-18T15:31:46.601981,0.0000000,0.0000000,0.00,0.0000,0.0000,0.0000,0.0,0.00,0.000,0.000,IDLE
2026-08-18T15:31:47.601957,0.0000000,0.0000000,0.00,0.0000,0.0000,0.0000,0.0,0.00,0.000,0.000,IDLE
2026-08-18T15:31:48.601816,0.0000000,0.0000000,0.00,0.0000,0.0000,0.0000,0.0,0.00,0.000,0.000,IDLE
2026-08-18T15:31:49.601978,0.0000000,0.0000000,0.00,0.0000,0.0000,0.0000,0.0,0.00,0.000,0.000,IDLE
2026-08-18T15:31:50.601836,0.0000000,0.0000000,0.00,0.0000,0.0000,0.0000,0.0,0.00,0.000,0.000,IDLE
2026-08-18T15:31:51.601960,0.0000000,0.0000000,0.00,0.0000,0.0000,0.0000,0.0,0.00,0.000,0.000,IDLE
2026-08-18T15:31:52.601993,0.0000000,0.0000000,0.00,0.0000,0.0000,0.0000,0.0,0.00,0.000,0.000,IDLE
2026-08-18T15:31:53.601937,0.0000000,0.0000000,0.00,0.0000,0.0000,0.0000,0.0,0.00,0.000,0.000,IDLE
2026-08-18T15:31:54.601815,0.0000000,0.0000000,0.00,0.0000,0.0000,0.0000,0.0,0.00,0.000,0.000,IDLE
2026-08-18T15:31:55.601973,0.0000000,0.0000000,0.00,0.0000,0.0000,0.0000,0.0,0.00,0.000,0.000,IDLE
2026-08-18T15:31:56.601937,0.0000000,0.0000000,0.00,0.0000,0.0000,0.0000,0.0,0.00,0.000,0.000,IDLE
2026-08-18T15:31:57.601882,0.0000000,0.0000000,0.00,0.0000,0.0000,0.0000,0.0,0.00,0.000,0.000,IDLE
2026-08-18T15:31:58.601970,0.0000000,0.0000000,0.00,0.0000,0.0000,0.0000,0.0,0.00,0.000,0.000,IDLE
2026-08-18T15:31:59.601970,0.0000000,0.0000000,0.00,0.0000,0.0000,0.0000,0.0,0.00,0.000,0.000,IDLE
2026-08-18T15:32:00.601814,0.0000000,0.0000000,0.00,0.0000,0.0000,0.0000,0.0,0.00,0.000,0.000,IDLE
2026-08-18T15:32:01.601980,0.0000000,0.0000000,0.00,0.0000,0.0000,0.0000,0.0,0.00,0.000,0.000,IDLE
2026-08-18T15:32:02.601777,0.0000000,0.0000000,0.00,0.0000,0.0000,0.0000,0.0,0.00,0.000,0.000,IDLE
2026-08-18T15:32:03.601912,0.0000000,0.0000000,0.00,0.0000,0.0000,0.0000,0.0,0.00,0.000,0.000,IDLE
2026-08-18T15:32:04.601916,0.0000000,0.0000000,0.00,0.0000,0.0000,0.0000,0.0,0.00,0.000,0.000,IDLE
2026-08-18T15:32:05.601924,0.0000000,0.0000000,0.00,0.0000,0.0000,0.0000,0.0,0.00,0.000,0.000,IDLE
2026-08-18T15:32:06.601790,0.0000000,0.0000000,0.00,0.0000,0.0000,0.0000,0.0,0.00,0.000,0.000,IDLE
2026-08-18T15:32:07.601987,0.0000000,0.0000000,0.00,0.0000,0.0000,0.0000,0.0,0.00,0.000,0.000,IDLE
2026-08-18T15:32:08.601962,0.0000000,0.0000000,0.00,0.0000,0.0000,0.0000,0.0,0.00,0.000,0.000,IDLE
2026-08-18T15:32:09.602108,0.0000000,0.0000000,0.00,0.0000,0.0000,0.0000,0.0,0.00,0.000,0.000,IDLE
2026-08-18T15:32:10.602032,0.0000000,0.0000000,0.00,0.0000,0.0000,0.0000,0.0,0.00,0.000,0.000,IDLE
2026-08-18T15:32:11.602012,0.0000000,0.0000000,0.00,0.0000,0.0000,0.0000,0.0,0.00,0.000,0.000,IDLE
2026-08-18T15:32:12.601831,0.0000000,0.0000000,0.00,0.0000,0.0000,0.0000,0.0,0.00,0.000,0.000,IDLE
2026-08-18T15:32:13.601811,0.0000000,0.0000000,0.00,0.0000,0.0000,0.0000,0.0,0.00,0.000,0.000,IDLE
2026-08-18T15:32:14.601931,0.0000000,0.0000000,0.00,0.0000,0.0000,0.0000,0.0,0.00,0.000,0.000,IDLE
2026-08-18T15:32:15.601935,0.0000000,0.0000000,0.00,0.0000,0.0000,0.0000,0.0,0.00,0.000,0.000,IDLE
2026-08-18T15:32:16.601958,0.0000000,0.0000000,0.00,0.0000,0.0000,0.0000,0.0,0.00,0.000,0.000,IDLE
2026-08-18T15:32:17.601889,0.0000000,0.0000000,0.00,0.0000,0.0000,0.0000,0.0,0.00,0.000,0.000,IDLE
2026-08-18T15:32:18.601937,0.0000000,0.0000000,0.00,0.0000,0.0000,0.0000,0.0,0.00,0.000,0.000,IDLE
2026-08-18T15:32:19.601795,0.0000000,0.0000000,0.00,0.0000,0.0000,0.0000,0.0,0.00,0.000,0.000,IDLE
2026-08-18T15:32:20.601804,0.0000000,0.0000000,0.00,0.0000,0.0000,0.0000,0.0,0.00,0.000,0.000,IDLE
2026-08-18T15:32:21.604938,0.0000000,0.0000000,0.00,0.0000,0.0000,0.0000,0.0,0.00,0.000,0.000,IDLE
2026-08-18T15:32:22.601943,0.0000000,0.0000000,0.00,0.0000,0.0000,0.0000,0.0,0.00,0.000,0.000,IDLE
2026-08-18T15:32:23.601694,0.0000000,0.0000000,0.00,0.0000,0.0000,0.0000,0.0,0.00,0.000,0.000,IDLE
2026-08-18T15:32:24.601877,0.0000000,0.0000000,0.00,0.0000,0.0000,0.0000,0.0,0.00,0.000,0.000,IDLE
2026-08-18T15:32:25.601849,0.0000000,0.0000000,0.00,0.0000,0.0000,0.0000,0.0,0.00,0.000,0.000,IDLE
2026-08-18T15:32:26.601929,0.0000000,0.0000000,0.00,0.0000,0.0000,0.0000,0.0,0.00,0.000,0.000,IDLE
2026-08-18T15:32:27.601940,0.0000000,0.0000000,0.00,0.0000,0.0000,0.0000,0.0,0.00,0.000,0.000,IDLE
2026-08-18T15:32:28.601952,0.0000000,0.0000000,0.00,0.0000,0.0000,0.0000,0.0,0.00,0.000,0.000,IDLE
2026-08-18T15:32:29.601821,0.0000000,0.0000000,0.00,0.0000,0.0000,0.0000,0.0,0.00,0.000,0.000,IDLE
2026-08-18T15:32:30.601792,0.0000000,0.0000000,0.00,0.0000,0.0000,0.0000,0.0,0.00,0.000,0.000,IDLE
2026-08-18T15:32:31.601910,0.0000000,0.0000000,0.00,0.0000,0.0000,0.0000,0.0,0.00,0.000,0.000,IDLE
2026-08-18T15:32:32.601901,0.0000000,0.0000000,0.00,0.0000,0.0000,0.0000,0.0,0.00,0.000,0.000,IDLE
2026-08-18T15:32:33.601944,0.0000000,0.0000000,0.00,0.0000,0.0000,0.0000,0.0,0.00,0.000,0.000,IDLE
2026-08-18T15:32:34.601800,0.0000000,0.0000000,0.00,0.0000,0.0000,0.0000,0.0,0.00,0.000,0.000,IDLE
2026-08-18T15:32:35.601822,0.0000000,0.0000000,0.00,0.0000,0.0000,0.0000,0.0,0.00,0.000,0.000,IDLE
2026-08-18T15:32:36.601920,0.0000000,0.0000000,0.00,0.0000,0.0000,0.0000,0.0,0.00,0.000,0.000,IDLE
2026-08-18T15:32:37.601835,0.0000000,0.0000000,0.00,0.0000,0.0000,0.0000,0.0,0.00,0.000,0.000,IDLE
2026-08-18T15:32:38.601795,0.0000000,0.0000000,0.00,0.0000,0.0000,0.0000,0.0,0.00,0.000,0.000,IDLE
2026-08-18T15:32:39.601891,0.0000000,0.0000000,0.00,0.0000,0.0000,0.0000,0.0,0.00,0.000,0.000,IDLE
2026-08-18T15:32:40.601858,0.0000000,0.0000000,0.00,0.0000,0.0000,0.0000,0.0,0.00,0.000,0.000,IDLE
2026-08-18T15:32:41.601824,0.0000000,0.0000000,0.00,0.0000,0.0000,0.0000,0.0,0.00,0.000,0.000,IDLE
2026-08-18T15:32:42.601800,0.0000000,0.0000000,0.00,0.0000,0.0000,0.0000,0.0,0.00,0.000,0.000,IDLE
2026-08-18T15:32:43.601933,0.0000000,0.0000000,0.00,0.0000,0.0000,0.0000,0.0,0.00,0.000,0.000,IDLE
2026-08-18T15:32:44.601946,0.0000000,0.0000000,0.00,0.0000,0.0000,0.0000,0.0,0.00,0.000,0.000,IDLE
2026-08-18T15:32:45.601953,0.0000000,0.0000000,0.00,0.0000,0.0000,0.0000,0.0,0.00,0.000,0.000,IDLE
2026-08-18T15:32:46.601823,0.0000000,0.0000000,0.00,0.0000,0.0000,0.0000,0.0,0.00,0.000,0.000,IDLE
2026-08-18T15:32:47.604620,0.0000000,0.0000000,0.00,0.0000,0.0000,0.0000,0.0,0.00,0.000,0.000,IDLE
2026-08-18T15:32:48.601941,0.0000000,0.0000000,0.00,0.0000,0.0000,0.0000,0.0,0.00,0.000,0.000,IDLE
2026-08-18T15:32:49.601947,0.0000000,0.0000000,0.00,0.0000,0.0000,0.0000,0.0,0.00,0.000,0.000,IDLE
2026-08-18T15:32:50.601969,0.0000000,0.0000000,0.00,0.0000,0.0000,0.0000,0.0,0.00,0.000,0.000,IDLE
2026-08-18T15:32:51.601920,0.0000000,0.0000000,0.00,0.0000,0.0000,0.0000,0.0,0.00,0.000,0.000,IDLE
2026-08-18T15:32:52.601971,0.0000000,0.0000000,0.00,0.0000,0.0000,0.0000,0.0,0.00,0.000,0.000,IDLE
2026-08-18T15:32:53.601793,0.0000000,0.0000000,0.00,0.0000,0.0000,0.0000,0.0,0.00,0.000,0.000,IDLE
2026-08-18T15:32:54.601902,0.0000000,0.0000000,0.00,0.0000,0.0000,0.0000,0.0,0.00,0.000,0.000,IDLE
2026-08-18T15:32:55.601956,0.0000000,0.0000000,0.00,0.0000,0.0000,0.0000,0.0,0.00,0.000,0.000,IDLE
2026-08-18T15:32:56.601954,0.0000000,0.0000000,0.00,0.0000,0.0000,0.0000,0.0,0.00,0.000,0.000,IDLE
2026-08-18T15:32:57.601952,0.0000000,0.0000000,0.00,0.0000,0.0000,0.0000,0.0,0.00,0.000,0.000,IDLE
2026-08-18T15:32:58.601864,0.0000000,0.0000000,0.00,0.0000,0.0000,0.0000,0.0,0.00,0.000,0.000,IDLE
2026-08-18T15:32:59.601805,0.0000000,0.0000000,0.00,0.0000,0.0000,0.0000,0.0,0.00,0.000,0.000,IDLE
2026-08-18T15:33:00.601923,0.0000000,0.0000000,0.00,0.0000,0.0000,0.0000,0.0,0.00,0.000,0.000,IDLE
2026-08-18T15:33:01.601996,0.0000000,0.0000000,0.00,0.0000,0.0000,0.0000,0.0,0.00,0.000,0.000,IDLE
2026-08-18T15:33:02.601949,0.0000000,0.0000000,0.00,0.0000,0.0000,0.0000,0.0,0.00,0.000,0.000,IDLE
2026-08-18T15:33:03.601825,0.0000000,0.0000000,0.00,0.0000,0.0000,0.0000,0.0,0.00,0.000,0.000,IDLE
2026-08-18T15:33:04.601958,0.0000000,0.0000000,0.00,0.0000,0.0000,0.0000,0.0,0.00,0.000,0.000,IDLE
2026-08-18T15:33:05.601851,0.0000000,0.0000000,0.00,0.0000,0.0000,0.0000,0.0,0.00,0.000,0.000,IDLE
2026-08-18T15:33:06.601911,0.0000000,0.0000000,0.00,0.0000,0.0000,0.0000,0.0,0.00,0.000,0.000,IDLE
2026-08-18T15:33:07.601906,0.0000000,0.0000000,0.00,0.0000,0.0000,0.0000,0.0,0.00,0.000,0.000,IDLE
2026-08-18T15:33:08.601844,0.0000000,0.0000000,0.00,0.0000,0.0000,0.0000,0.0,0.00,0.000,0.000,IDLE
2026-08-18T15:33:09.601929,0.0000000,0.0000000,0.00,0.0000,0.0000,0.0000,0.0,0.00,0.000,0.000,IDLE
2026-08-18T15:33:10.601966,0.0000000,0.0000000,0.00,0.0000,0.0000,0.0000,0.0,0.00,0.000,0.000,IDLE
2026-08-18T15:33:11.601833,0.0000000,0.0000000,0.00,0.0000,0.0000,0.0000,0.0,0.00,0.000,0.000,IDLE
2026-08-18T15:33:12.601777,0.0000000,0.0000000,0.00,0.0000,0.0000,0.0000,0.0,0.00,0.000,0.000,IDLE
2026-08-18T15:33:13.601950,0.0000000,0.0000000,0.00,0.0000,0.0000,0.0000,0.0,0.00,0.000,0.000,IDLE
2026-08-18T15:33:14.601963,0.0000000,0.0000000,0.00,0.0000,0.0000,0.0000,0.0,0.00,0.000,0.000,IDLE
2026-08-18T15:33:15.601837,0.0000000,0.0000000,0.00,0.0000,0.0000,0.0000,0.0,0.00,0.000,0.000,IDLE
2026-08-18T15:33:16.601832,0.0000000,0.0000000,0.00,0.0000,0.0000,0.0000,0.0,0.00,0.000,0.000,IDLE
2026-08-18T15:33:17.601868,0.0000000,0.0000000,0.00,0.0000,0.0000,0.0000,0.0,0.00,0.000,0.000,IDLE
2026-08-18T15:33:18.601812,0.0000000,0.0000000,0.00,0.0000,0.0000,0.0000,0.0,0.00,0.000,0.000,IDLE
2026-08-18T15:33:19.602039,0.0000000,0.0000000,0.00,0.0000,0.0000,0.0000,0.0,0.00,0.000,0.000,IDLE
2026-08-18T15:33:20.601793,0.0000000,0.0000000,0.00,0.0000,0.0000,0.0000,0.0,0.00,0.000,0.000,IDLE
2026-08-18T15:33:21.601828,0.0000000,0.0000000,0.00,0.0000,0.0000,0.0000,0.0,0.00,0.000,0.000,IDLE
2026-08-18T15:33:22.601823,0.0000000,0.0000000,0.00,0.0000,0.0000,0.0000,0.0,0.00,0.000,0.000,IDLE
2026-08-18T15:33:23.601824,0.0000000,0.0000000,0.00,0.0000,0.0000,0.0000,0.0,0.00,0.000,0.000,IDLE
2026-08-18T15:33:24.601865,0.0000000,0.0000000,0.00,0.0000,0.0000,0.0000,0.0,0.00,0.000,0.000,IDLE
2026-08-18T15:33:25.601791,0.0000000,0.0000000,0.00,0.0000,0.0000,0.0000,0.0,0.00,0.000,0.000,IDLE
2026-08-18T15:33:26.601990,0.0000000,0.0000000,0.00,0.0000,0.0000,0.0000,0.0,0.00,0.000,0.000,IDLE
2026-08-18T15:33:27.601804,0.0000000,0.0000000,0.00,0.0000,0.0000,0.0000,0.0,0.00,0.000,0.000,IDLE
2026-08-18T15:33:28.601896,0.0000000,0.0000000,0.00,0.0000,0.0000,0.0000,0.0,0.00,0.000,0.000,IDLE
2026-08-18T15:33:29.601822,0.0000000,0.0000000,0.00,0.0000,0.0000,0.0000,0.0,0.00,0.000,0.000,IDLE
2026-08-18T15:33:30.601751,0.0000000,0.0000000,0.00,0.0000,0.0000,0.0000,0.0,0.00,0.000,0.000,IDLE
2026-08-18T15:33:31.601834,0.0000000,0.0000000,0.00,0.0000,0.0000,0.0000,0.0,0.00,0.000,0.000,IDLE
2026-08-18T15:33:32.601827,0.0000000,0.0000000,0.00,0.0000,0.0000,0.0000,0.0,0.00,0.000,0.000,IDLE
2026-08-18T15:33:33.601786,0.0000000,0.0000000,0.00,0.0000,0.0000,0.0000,0.0,0.00,0.000,0.000,IDLE
2026-08-18T15:33:34.601842,0.0000000,0.0000000,0.00,0.0000,0.0000,0.0000,0.0,0.00,0.000,0.000,IDLE
2026-08-18T15:33:35.601789,0.0000000,0.0000000,0.00,0.0000,0.0000,0.0000,0.0,0.00,0.000,0.000,IDLE
2026-08-18T15:33:36.601823,0.0000000,0.0000000,0.00,0.0000,0.0000,0.0000,0.0,0.00,0.000,0.000,IDLE
2026-08-18T15:33:37.601815,0.0000000,0.0000000,0.00,0.0000,0.0000,0.0000,0.0,0.00,0.000,0.000,IDLE
2026-08-18T15:33:38.601839,0.0000000,0.0000000,0.00,0.0000,0.0000,0.0000,0.0,0.00,0.000,0.000,IDLE
2026-08-18T15:33:39.602107,0.0000000,0.0000000,0.00,0.0000,0.0000,0.0000,0.0,0.00,0.000,0.000,IDLE
2026-08-18T15:33:40.601989,0.0000000,0.0000000,0.00,0.0000,0.0000,0.0000,0.0,0.00,0.000,0.000,IDLE
2026-08-18T15:33:41.602048,0.0000000,0.0000000,0.00,0.0000,0.0000,0.0000,0.0,0.00,0.000,0.000,IDLE
2026-08-18T15:33:42.601848,0.0000000,0.0000000,0.00,0.0000,0.0000,0.0000,0.0,0.00,0.000,0.000,IDLE
2026-08-18T15:33:43.601847,0.0000000,0.0000000,0.00,0.0000,0.0000,0.0000,0.0,0.00,0.000,0.000,IDLE
2026-08-18T15:33:44.601802,0.0000000,0.0000000,0.00,0.0000,0.0000,0.0000,0.0,0.00,0.000,0.000,IDLE
2026-08-18T15:33:45.602046,0.0000000,0.0000000,0.00,0.0000,0.0000,0.0000,0.0,0.00,0.000,0.000,IDLE
2026-08-18T15:33:46.601826,0.0000000,0.0000000,0.00,0.0000,0.0000,0.0000,0.0,0.00,0.000,0.000,IDLE
2026-08-18T15:33:47.601917,0.0000000,0.0000000,0.00,0.0000,0.0000,0.0000,0.0,0.00,0.000,0.000,IDLE
2026-08-18T15:33:48.601873,0.0000000,0.0000000,0.00,0.0000,0.0000,0.0000,0.0,0.00,0.000,0.000,IDLE
2026-08-18T15:33:49.601997,0.0000000,0.0000000,0.00,0.0000,0.0000,0.0000,0.0,0.00,0.000,0.000,IDLE
2026-08-18T15:33:50.601966,0.0000000,0.0000000,0.00,0.0000,0.0000,0.0000,0.0,0.00,0.000,0.000,IDLE
2026-08-18T15:33:51.601884,0.0000000,0.0000000,0.00,0.0000,0.0000,0.0000,0.0,0.00,0.000,0.000,IDLE
2026-08-18T15:33:52.601920,0.0000000,0.0000000,0.00,0.0000,0.0000,0.0000,0.0,0.00,0.000,0.000,IDLE
2026-08-18T15:33:53.601938,0.0000000,0.0000000,0.00,0.0000,0.0000,0.0000,0.0,0.00,0.000,0.000,IDLE
2026-08-18T15:33:54.601915,0.0000000,0.0000000,0.00,0.0000,0.0000,0.0000,0.0,0.00,0.000,0.000,IDLE
2026-08-18T15:33:55.601915,0.0000000,0.0000000,0.00,0.0000,0.0000,0.0000,0.0,0.00,0.000,0.000,IDLE
2026-08-18T15:33:56.601965,0.0000000,0.0000000,0.00,0.0000,0.0000,0.0000,0.0,0.00,0.000,0.000,IDLE
2026-08-18T15:33:57.601920,0.0000000,0.0000000,0.00,0.0000,0.0000,0.0000,0.0,0.00,0.000,0.000,IDLE
2026-08-18T15:33:58.601842,0.0000000,0.0000000,0.00,0.0000,0.0000,0.0000,0.0,0.00,0.000,0.000,IDLE
2026-08-18T15:33:59.601797,0.0000000,0.0000000,0.00,0.0000,0.0000,0.0000,0.0,0.00,0.000,0.000,IDLE
2026-08-18T15:34:00.602007,0.0000000,0.0000000,0.00,0.0000,0.0000,0.0000,0.0,0.00,0.000,0.000,IDLE
2026-08-18T15:34:01.601901,0.0000000,0.0000000,0.00,0.0000,0.0000,0.0000,0.0,0.00,0.000,0.000,IDLE
2026-08-18T15:34:02.601928,0.0000000,0.0000000,0.00,0.0000,0.0000,0.0000,0.0,0.00,0.000,0.000,IDLE
2026-08-18T15:34:03.601913,0.0000000,0.0000000,0.00,0.0000,0.0000,0.0000,0.0,0.00,0.000,0.000,IDLE
2026-08-18T15:34:04.601868,0.0000000,0.0000000,0.00,0.0000,0.0000,0.0000,0.0,0.00,0.000,0.000,IDLE
2026-08-18T15:34:05.601936,0.0000000,0.0000000,0.00,0.0000,0.0000,0.0000,0.0,0.00,0.000,0.000,IDLE
2026-08-18T15:34:06.601814,0.0000000,0.0000000,0.00,0.0000,0.0000,0.0000,0.0,0.00,0.000,0.000,IDLE
2026-08-18T15:34:07.601826,0.0000000,0.0000000,0.00,0.0000,0.0000,0.0000,0.0,0.00,0.000,0.000,IDLE
2026-08-18T15:34:08.601952,0.0000000,0.0000000,0.00,0.0000,0.0000,0.0000,0.0,0.00,0.000,0.000,IDLE
2026-08-18T15:34:09.601899,0.0000000,0.0000000,0.00,0.0000,0.0000,0.0000,0.0,0.00,0.000,0.000,IDLE
2026-08-18T15:34:10.601881,0.0000000,0.0000000,0.00,0.0000,0.0000,0.0000,0.0,0.00,0.000,0.000,IDLE
2026-08-18T15:34:11.601910,0.0000000,0.0000000,0.00,0.0000,0.0000,0.0000,0.0,0.00,0.000,0.000,IDLE
2026-08-18T15:34:12.601831,0.0000000,0.0000000,0.00,0.0000,0.0000,0.0000,0.0,0.00,0.000,0.000,IDLE
2026-08-18T15:34:13.602144,0.0000000,0.0000000,0.00,0.0000,0.0000,0.0000,0.0,0.00,0.000,0.000,IDLE
2026-08-18T15:34:14.602032,0.0000000,0.0000000,0.00,0.0000,0.0000,0.0000,0.0,0.00,0.000,0.000,IDLE
2026-08-18T15:34:15.601837,0.0000000,0.0000000,0.00,0.0000,0.0000,0.0000,0.0,0.00,0.000,0.000,IDLE
2026-08-18T15:34:16.602111,0.0000000,0.0000000,0.00,0.0000,0.0000,0.0000,0.0,0.00,0.000,0.000,IDLE
2026-08-18T15:34:17.601794,0.0000000,0.0000000,0.00,0.0000,0.0000,0.0000,0.0,0.00,0.000,0.000,IDLE
2026-08-18T15:34:18.601791,0.0000000,0.0000000,0.00,0.0000,0.0000,0.0000,0.0,0.00,0.000,0.000,IDLE
2026-08-18T15:34:19.601851,0.0000000,0.0000000,0.00,0.0000,0.0000,0.0000,0.0,0.00,0.000,0.000,IDLE
2026-08-18T15:34:20.601894,0.0000000,0.0000000,0.00,0.0000,0.0000,0.0000,0.0,0.00,0.000,0.000,IDLE
2026-08-18T15:34:21.601898,0.0000000,0.0000000,0.00,0.0000,0.0000,0.0000,0.0,0.00,0.000,0.000,IDLE
2026-08-18T15:34:22.601893,0.0000000,0.0000000,0.00,0.0000,0.0000,0.0000,0.0,0.00,0.000,0.000,IDLE
2026-08-18T15:34:23.601980,0.0000000,0.0000000,0.00,0.0000,0.0000,0.0000,0.0,0.00,0.000,0.000,IDLE
2026-08-18T15:34:24.601874,0.0000000,0.0000000,0.00,0.0000,0.0000,0.0000,0.0,0.00,0.000,0.000,IDLE
2026-08-18T15:34:25.601891,0.0000000,0.0000000,0.00,0.0000,0.0000,0.0000,0.0,0.00,0.000,0.000,IDLE
2026-08-18T15:34:26.601966,0.0000000,0.0000000,0.00,0.0000,0.0000,0.0000,0.0,0.00,0.000,0.000,IDLE
2026-08-18T15:34:27.601897,0.0000000,0.0000000,0.00,0.0000,0.0000,0.0000,0.0,0.00,0.000,0.000,IDLE
2026-08-18T15:34:28.601952,0.0000000,0.0000000,0.00,0.0000,0.0000,0.0000,0.0,0.00,0.000,0.000,IDLE
2026-08-18T15:34:29.601873,0.0000000,0.0000000,0.00,0.0000,0.0000,0.0000,0.0,0.00,0.000,0.000,IDLE
2026-08-18T15:34:30.601912,0.0000000,0.0000000,0.00,0.0000,0.0000,0.0000,0.0,0.00,0.000,0.000,IDLE
2026-08-18T15:34:31.601931,0.0000000,0.0000000,0.00,0.0000,0.0000,0.0000,0.0,0.00,0.000,0.000,IDLE
2026-08-18T15:34:32.601857,0.0000000,0.0000000,0.00,0.0000,0.0000,0.0000,0.0,0.00,0.000,0.000,IDLE
2026-08-18T15:34:33.601814,0.0000000,0.0000000,0.00,0.0000,0.0000,0.0000,0.0,0.00,0.000,0.000,IDLE
2026-08-18T15:34:34.601874,0.0000000,0.0000000,0.00,0.0000,0.0000,0.0000,0.0,0.00,0.000,0.000,IDLE
2026-08-18T15:34:35.601961,0.0000000,0.0000000,0.00,0.0000,0.0000,0.0000,0.0,0.00,0.000,0.000,IDLE
2026-08-18T15:34:36.601884,0.0000000,0.0000000,0.00,0.0000,0.0000,0.0000,0.0,0.00,0.000,0.000,IDLE
2026-08-18T15:34:37.601935,0.0000000,0.0000000,0.00,0.0000,0.0000,0.0000,0.0,0.00,0.000,0.000,IDLE
2026-08-18T15:34:38.601899,0.0000000,0.0000000,0.00,0.0000,0.0000,0.0000,0.0,0.00,0.000,0.000,IDLE
2026-08-18T15:34:39.601803,0.0000000,0.0000000,0.00,0.0000,0.0000,0.0000,0.0,0.00,0.000,0.000,IDLE
2026-08-18T15:34:40.601853,0.0000000,0.0000000,0.00,0.0000,0.0000,0.0000,0.0,0.00,0.000,0.000,IDLE
2026-08-18T15:34:41.601928,0.0000000,0.0000000,0.00,0.0000,0.0000,0.0000,0.0,0.00,0.000,0.000,IDLE
2026-08-18T15:34:42.601967,0.0000000,0.0000000,0.00,0.0000,0.0000,0.0000,0.0,0.00,0.000,0.000,IDLE
2026-08-18T15:34:43.601967,0.0000000,0.0000000,0.00,0.0000,0.0000,0.0000,0.0,0.00,0.000,0.000,IDLE
2026-08-18T15:34:44.601971,0.0000000,0.0000000,0.00,0.0000,0.0000,0.0000,0.0,0.00,0.000,0.000,IDLE
2026-08-18T15:34:45.601803,0.0000000,0.0000000,0.00,0.0000,0.0000,0.0000,0.0,0.00,0.000,0.000,IDLE
2026-08-18T15:34:46.601881,0.0000000,0.0000000,0.00,0.0000,0.0000,0.0000,0.0,0.00,0.000,0.000,IDLE
2026-08-18T15:34:47.601915,0.0000000,0.0000000,0.00,0.0000,0.0000,0.0000,0.0,0.00,0.000,0.000,IDLE
2026-08-18T15:34:48.601903,0.0000000,0.0000000,0.00,0.0000,0.0000,0.0000,0.0,0.00,0.000,0.000,IDLE
2026-08-18T15:34:49.601965,0.0000000,0.0000000,0.00,0.0000,0.0000,0.0000,0.0,0.00,0.000,0.000,IDLE
2026-08-18T15:34:50.601881,0.0000000,0.0000000,0.00,0.0000,0.0000,0.0000,0.0,0.00,0.000,0.000,IDLE
2026-08-18T15:34:51.601966,0.0000000,0.0000000,0.00,0.0000,0.0000,0.0000,0.0,0.00,0.000,0.000,IDLE
2026-08-18T15:34:52.602190,0.0000000,0.0000000,0.00,0.0000,0.0000,0.0000,0.0,0.00,0.000,0.000,IDLE
2026-08-18T15:34:53.601972,0.0000000,0.0000000,0.00,0.0000,0.0000,0.0000,0.0,0.00,0.000,0.000,IDLE
2026-08-18T15:34:54.601797,0.0000000,0.0000000,0.00,0.0000,0.0000,0.0000,0.0,0.00,0.000,0.000,IDLE
2026-08-18T15:34:55.601897,0.0000000,0.0000000,0.00,0.0000,0.0000,0.0000,0.0,0.00,0.000,0.000,IDLE
2026-08-18T15:34:56.601933,0.0000000,0.0000000,0.00,0.0000,0.0000,0.0000,0.0,0.00,0.000,0.000,IDLE
2026-08-18T15:34:57.601832,0.0000000,0.0000000,0.00,0.0000,0.0000,0.0000,0.0,0.00,0.000,0.000,IDLE
2026-08-18T15:34:58.601782,0.0000000,0.0000000,0.00,0.0000,0.0000,0.0000,0.0,0.00,0.000,0.000,IDLE
2026-08-18T15:34:59.601803,0.0000000,0.0000000,0.00,0.0000,0.0000,0.0000,0.0,0.00,0.000,0.000,IDLE
2026-08-18T15:35:00.601895,0.0000000,0.0000000,0.00,0.0000,0.0000,0.0000,0.0,0.00,0.000,0.000,IDLE
2026-08-18T15:35:01.601953,0.0000000,0.0000000,0.00,0.0000,0.0000,0.0000,0.0,0.00,0.000,0.000,IDLE
2026-08-18T15:35:02.601933,0.0000000,0.0000000,0.00,0.0000,0.0000,0.0000,0.0,0.00,0.000,0.000,IDLE
2026-08-18T15:35:03.601814,0.0000000,0.0000000,0.00,0.0000,0.0000,0.0000,0.0,0.00,0.000,0.000,IDLE
2026-08-18T15:35:04.601911,0.0000000,0.0000000,0.00,0.0000,0.0000,0.0000,0.0,0.00,0.000,0.000,IDLE
2026-08-18T15:35:05.601891,0.0000000,0.0000000,0.00,0.0000,0.0000,0.0000,0.0,0.00,0.000,0.000,IDLE
2026-08-18T15:35:06.601912,0.0000000,0.0000000,0.00,0.0000,0.0000,0.0000,0.0,0.00,0.000,0.000,IDLE
2026-08-18T15:35:07.601896,0.0000000,0.0000000,0.00,0.0000,0.0000,0.0000,0.0,0.00,0.000,0.000,IDLE
2026-08-18T15:35:08.601935,0.0000000,0.0000000,0.00,0.0000,0.0000,0.0000,0.0,0.00,0.000,0.000,IDLE
2026-08-18T15:35:09.601973,0.0000000,0.0000000,0.00,0.0000,0.0000,0.0000,0.0,0.00,0.000,0.000,IDLE
2026-08-18T15:35:10.601846,0.0000000,0.0000000,0.00,0.0000,0.0000,0.0000,0.0,0.00,0.000,0.000,IDLE
2026-08-18T15:35:11.601807,0.0000000,0.0000000,0.00,0.0000,0.0000,0.0000,0.0,0.00,0.000,0.000,IDLE
2026-08-18T15:35:12.601883,0.0000000,0.0000000,0.00,0.0000,0.0000,0.0000,0.0,0.00,0.000,0.000,IDLE
2026-08-18T15:35:13.601905,0.0000000,0.0000000,0.00,0.0000,0.0000,0.0000,0.0,0.00,0.000,0.000,IDLE
2026-08-18T15:35:14.601967,0.0000000,0.0000000,0.00,0.0000,0.0000,0.0000,0.0,0.00,0.000,0.000,IDLE
2026-08-18T15:35:15.601856,0.0000000,0.0000000,0.00,0.0000,0.0000,0.0000,0.0,0.00,0.000,0.000,IDLE
2026-08-18T15:35:16.601826,0.0000000,0.0000000,0.00,0.0000,0.0000,0.0000,0.0,0.00,0.000,0.000,IDLE
2026-08-18T15:35:17.601950,0.0000000,0.0000000,0.00,0.0000,0.0000,0.0000,0.0,0.00,0.000,0.000,IDLE
2026-08-18T15:35:18.601926,0.0000000,0.0000000,0.00,0.0000,0.0000,0.0000,0.0,0.00,0.000,0.000,IDLE
2026-08-18T15:35:19.601841,0.0000000,0.0000000,0.00,0.0000,0.0000,0.0000,0.0,0.00,0.000,0.000,IDLE
2026-08-18T15:35:20.601792,0.0000000,0.0000000,0.00,0.0000,0.0000,0.0000,0.0,0.00,0.000,0.000,IDLE
2026-08-18T15:35:21.601813,0.0000000,0.0000000,0.00,0.0000,0.0000,0.0000,0.0,0.00,0.000,0.000,IDLE
2026-08-18T15:35:22.601918,0.0000000,0.0000000,0.00,0.0000,0.0000,0.0000,0.0,0.00,0.000,0.000,IDLE
2026-08-18T15:35:23.601801,0.0000000,0.0000000,0.00,0.0000,0.0000,0.0000,0.0,0.00,0.000,0.000,IDLE
2026-08-18T15:35:24.601800,0.0000000,0.0000000,0.00,0.0000,0.0000,0.0000,0.0,0.00,0.000,0.000,IDLE
2026-08-18T15:35:25.601935,0.0000000,0.0000000,0.00,0.0000,0.0000,0.0000,0.0,0.00,0.000,0.000,IDLE
2026-08-18T15:35:26.601940,0.0000000,0.0000000,0.00,0.0000,0.0000,0.0000,0.0,0.00,0.000,0.000,IDLE
2026-08-18T15:35:27.602005,0.0000000,0.0000000,0.00,0.0000,0.0000,0.0000,0.0,0.00,0.000,0.000,IDLE
2026-08-18T15:35:28.601811,0.0000000,0.0000000,0.00,0.0000,0.0000,0.0000,0.0,0.00,0.000,0.000,IDLE
2026-08-18T15:35:29.601882,0.0000000,0.0000000,0.00,0.0000,0.0000,0.0000,0.0,0.00,0.000,0.000,IDLE
2026-08-18T15:35:30.601937,0.0000000,0.0000000,0.00,0.0000,0.0000,0.0000,0.0,0.00,0.000,0.000,IDLE
2026-08-18T15:35:31.601939,0.0000000,0.0000000,0.00,0.0000,0.0000,0.0000,0.0,0.00,0.000,0.000,IDLE
2026-08-18T15:35:32.601922,0.0000000,0.0000000,0.00,0.0000,0.0000,0.0000,0.0,0.00,0.000,0.000,IDLE
2026-08-18T15:35:33.601934,0.0000000,0.0000000,0.00,0.0000,0.0000,0.0000,0.0,0.00,0.000,0.000,IDLE
2026-08-18T15:35:34.601963,0.0000000,0.0000000,0.00,0.0000,0.0000,0.0000,0.0,0.00,0.000,0.000,IDLE
2026-08-18T15:35:35.601943,0.0000000,0.0000000,0.00,0.0000,0.0000,0.0000,0.0,0.00,0.000,0.000,IDLE
2026-08-18T15:35:36.601990,0.0000000,0.0000000,0.00,0.0000,0.0000,0.0000,0.0,0.00,0.000,0.000,IDLE
2026-08-18T15:35:37.601983,0.0000000,0.0000000,0.00,0.0000,0.0000,0.0000,0.0,0.00,0.000,0.000,IDLE
2026-08-18T15:35:38.601830,0.0000000,0.0000000,0.00,0.0000,0.0000,0.0000,0.0,0.00,0.000,0.000,IDLE
2026-08-18T15:35:39.601951,0.0000000,0.0000000,0.00,0.0000,0.0000,0.0000,0.0,0.00,0.000,0.000,IDLE
2026-08-18T15:35:40.601977,0.0000000,0.0000000,0.00,0.0000,0.0000,0.0000,0.0,0.00,0.000,0.000,IDLE
2026-08-18T15:35:41.601825,0.0000000,0.0000000,0.00,0.0000,0.0000,0.0000,0.0,0.00,0.000,0.000,IDLE
2026-08-18T15:35:42.601948,0.0000000,0.0000000,0.00,0.0000,0.0000,0.0000,0.0,0.00,0.000,0.000,IDLE
2026-08-18T15:35:43.601975,0.0000000,0.0000000,0.00,0.0000,0.0000,0.0000,0.0,0.00,0.000,0.000,IDLE
2026-08-18T15:35:44.601850,0.0000000,0.0000000,0.00,0.0000,0.0000,0.0000,0.0,0.00,0.000,0.000,IDLE
2026-08-18T15:35:45.601947,0.0000000,0.0000000,0.00,0.0000,0.0000,0.0000,0.0,0.00,0.000,0.000,IDLE
2026-08-18T15:35:46.601817,0.0000000,0.0000000,0.00,0.0000,0.0000,0.0000,0.0,0.00,0.000,0.000,IDLE
2026-08-18T15:35:47.601920,0.0000000,0.0000000,0.00,0.0000,0.0000,0.0000,0.0,0.00,0.000,0.000,IDLE
2026-08-18T15:35:48.601930,0.0000000,0.0000000,0.00,0.0000,0.0000,0.0000,0.0,0.00,0.000,0.000,IDLE
2026-08-18T15:35:49.601936,0.0000000,0.0000000,0.00,0.0000,0.0000,0.0000,0.0,0.00,0.000,0.000,IDLE
2026-08-18T15:35:50.601826,0.0000000,0.0000000,0.00,0.0000,0.0000,0.0000,0.0,0.00,0.000,0.000,IDLE
2026-08-18T15:35:51.601946,0.0000000,0.0000000,0.00,0.0000,0.0000,0.0000,0.0,0.00,0.000,0.000,IDLE
2026-08-18T15:35:52.601936,0.0000000,0.0000000,0.00,0.0000,0.0000,0.0000,0.0,0.00,0.000,0.000,IDLE
2026-08-18T15:35:53.601941,0.0000000,0.0000000,0.00,0.0000,0.0000,0.0000,0.0,0.00,0.000,0.000,IDLE
2026-08-18T15:35:54.601928,0.0000000,0.0000000,0.00,0.0000,0.0000,0.0000,0.0,0.00,0.000,0.000,IDLE
2026-08-18T15:35:55.601948,0.0000000,0.0000000,0.00,0.0000,0.0000,0.0000,0.0,0.00,0.000,0.000,IDLE
2026-08-18T15:35:56.602012,0.0000000,0.0000000,0.00,0.0000,0.0000,0.0000,0.0,0.00,0.000,0.000,IDLE
2026-08-18T15:35:57.601805,0.0000000,0.0000000,0.00,0.0000,0.0000,0.0000,0.0,0.00,0.000,0.000,IDLE
2026-08-18T15:35:58.601794,0.0000000,0.0000000,0.00,0.0000,0.0000,0.0000,0.0,0.00,0.000,0.000,IDLE
2026-08-18T15:35:59.601979,0.0000000,0.0000000,0.00,0.0000,0.0000,0.0000,0.0,0.00,0.000,0.000,IDLE
2026-08-18T15:36:00.601877,0.0000000,0.0000000,0.00,0.0000,0.0000,0.0000,0.0,0.00,0.000,0.000,IDLE
2026-08-18T15:36:01.601831,0.0000000,0.0000000,0.00,0.0000,0.0000,0.0000,0.0,0.00,0.000,0.000,IDLE
2026-08-18T15:36:02.601803,0.0000000,0.0000000,0.00,0.0000,0.0000,0.0000,0.0,0.00,0.000,0.000,IDLE
2026-08-18T15:36:03.601828,0.0000000,0.0000000,0.00,0.0000,0.0000,0.0000,0.0,0.00,0.000,0.000,IDLE
2026-08-18T15:36:04.601974,0.0000000,0.0000000,0.00,0.0000,0.0000,0.0000,0.0,0.00,0.000,0.000,IDLE
2026-08-18T15:36:05.601967,0.0000000,0.0000000,0.00,0.0000,0.0000,0.0000,0.0,0.00,0.000,0.000,IDLE
2026-08-18T15:36:06.601909,0.0000000,0.0000000,0.00,0.0000,0.0000,0.0000,0.0,0.00,0.000,0.000,IDLE
2026-08-18T15:36:07.601822,0.0000000,0.0000000,0.00,0.0000,0.0000,0.0000,0.0,0.00,0.000,0.000,IDLE
2026-08-18T15:36:08.601827,0.0000000,0.0000000,0.00,0.0000,0.0000,0.0000,0.0,0.00,0.000,0.000,IDLE
2026-08-18T15:36:09.601859,0.0000000,0.0000000,0.00,0.0000,0.0000,0.0000,0.0,0.00,0.000,0.000,IDLE
2026-08-18T15:36:10.601884,0.0000000,0.0000000,0.00,0.0000,0.0000,0.0000,0.0,0.00,0.000,0.000,IDLE
2026-08-18T15:36:11.601783,0.0000000,0.0000000,0.00,0.0000,0.0000,0.0000,0.0,0.00,0.000,0.000,IDLE
2026-08-18T15:36:12.601915,0.0000000,0.0000000,0.00,0.0000,0.0000,0.0000,0.0,0.00,0.000,0.000,IDLE
2026-08-18T15:36:13.601802,0.0000000,0.0000000,0.00,0.0000,0.0000,0.0000,0.0,0.00,0.000,0.000,IDLE
2026-08-18T15:36:14.601827,0.0000000,0.0000000,0.00,0.0000,0.0000,0.0000,0.0,0.00,0.000,0.000,IDLE
2026-08-18T15:36:15.601812,0.0000000,0.0000000,0.00,0.0000,0.0000,0.0000,0.0,0.00,0.000,0.000,IDLE
2026-08-18T15:36:16.601806,0.0000000,0.0000000,0.00,0.0000,0.0000,0.0000,0.0,0.00,0.000,0.000,IDLE
2026-08-18T15:36:17.601925,0.0000000,0.0000000,0.00,0.0000,0.0000,0.0000,0.0,0.00,0.000,0.000,IDLE
2026-08-18T15:36:18.601857,0.0000000,0.0000000,0.00,0.0000,0.0000,0.0000,0.0,0.00,0.000,0.000,IDLE
2026-08-18T15:36:19.601788,0.0000000,0.0000000,0.00,0.0000,0.0000,0.0000,0.0,0.00,0.000,0.000,IDLE
2026-08-18T15:36:20.601956,0.0000000,0.0000000,0.00,0.0000,0.0000,0.0000,0.0,0.00,0.000,0.000,IDLE
2026-08-18T15:36:21.601938,0.0000000,0.0000000,0.00,0.0000,0.0000,0.0000,0.0,0.00,0.000,0.000,IDLE
2026-08-18T15:36:22.601908,0.0000000,0.0000000,0.00,0.0000,0.0000,0.0000,0.0,0.00,0.000,0.000,IDLE
2026-08-18T15:36:23.601891,0.0000000,0.0000000,0.00,0.0000,0.0000,0.0000,0.0,0.00,0.000,0.000,IDLE
2026-08-18T15:36:24.601793,0.0000000,0.0000000,0.00,0.0000,0.0000,0.0000,0.0,0.00,0.000,0.000,IDLE
2026-08-18T15:36:25.602010,0.0000000,0.0000000,0.00,0.0000,0.0000,0.0000,0.0,0.00,0.000,0.000,IDLE
2026-08-18T15:36:26.601920,0.0000000,0.0000000,0.00,0.0000,0.0000,0.0000,0.0,0.00,0.000,0.000,IDLE
2026-08-18T15:36:27.601793,0.0000000,0.0000000,0.00,0.0000,0.0000,0.0000,0.0,0.00,0.000,0.000,IDLE
2026-08-18T15:36:28.601806,0.0000000,0.0000000,0.00,0.0000,0.0000,0.0000,0.0,0.00,0.000,0.000,IDLE
2026-08-18T15:36:29.601951,0.0000000,0.0000000,0.00,0.0000,0.0000,0.0000,0.0,0.00,0.000,0.000,IDLE
2026-08-18T15:36:30.601969,0.0000000,0.0000000,0.00,0.0000,0.0000,0.0000,0.0,0.00,0.000,0.000,IDLE
2026-08-18T15:36:31.601828,0.0000000,0.0000000,0.00,0.0000,0.0000,0.0000,0.0,0.00,0.000,0.000,IDLE
2026-08-18T15:36:32.601927,0.0000000,0.0000000,0.00,0.0000,0.0000,0.0000,0.0,0.00,0.000,0.000,IDLE
2026-08-18T15:36:33.601945,0.0000000,0.0000000,0.00,0.0000,0.0000,0.0000,0.0,0.00,0.000,0.000,IDLE
2026-08-18T15:36:34.601907,0.0000000,0.0000000,0.00,0.0000,0.0000,0.0000,0.0,0.00,0.000,0.000,IDLE
2026-08-18T15:36:35.601945,0.0000000,0.0000000,0.00,0.0000,0.0000,0.0000,0.0,0.00,0.000,0.000,IDLE
2026-08-18T15:36:36.601829,0.0000000,0.0000000,0.00,0.0000,0.0000,0.0000,0.0,0.00,0.000,0.000,IDLE
2026-08-18T15:36:37.601829,0.0000000,0.0000000,0.00,0.0000,0.0000,0.0000,0.0,0.00,0.000,0.000,IDLE
2026-08-18T15:36:38.601961,0.0000000,0.0000000,0.00,0.0000,0.0000,0.0000,0.0,0.00,0.000,0.000,IDLE
2026-08-18T15:36:39.601960,0.0000000,0.0000000,0.00,0.0000,0.0000,0.0000,0.0,0.00,0.000,0.000,IDLE
2026-08-18T15:36:40.602013,0.0000000,0.0000000,0.00,0.0000,0.0000,0.0000,0.0,0.00,0.000,0.000,IDLE
2026-08-18T15:36:41.601815,0.0000000,0.0000000,0.00,0.0000,0.0000,0.0000,0.0,0.00,0.000,0.000,IDLE
2026-08-18T15:36:42.601944,0.0000000,0.0000000,0.00,0.0000,0.0000,0.0000,0.0,0.00,0.000,0.000,IDLE
2026-08-18T15:36:43.601888,0.0000000,0.0000000,0.00,0.0000,0.0000,0.0000,0.0,0.00,0.000,0.000,IDLE
2026-08-18T15:36:44.601823,0.0000000,0.0000000,0.00,0.0000,0.0000,0.0000,0.0,0.00,0.000,0.000,IDLE
2026-08-18T15:36:45.601921,0.0000000,0.0000000,0.00,0.0000,0.0000,0.0000,0.0,0.00,0.000,0.000,IDLE
2026-08-18T15:36:46.601918,0.0000000,0.0000000,0.00,0.0000,0.0000,0.0000,0.0,0.00,0.000,0.000,IDLE
2026-08-18T15:36:47.601908,0.0000000,0.0000000,0.00,0.0000,0.0000,0.0000,0.0,0.00,0.000,0.000,IDLE
2026-08-18T15:36:48.601860,0.0000000,0.0000000,0.00,0.0000,0.0000,0.0000,0.0,0.00,0.000,0.000,IDLE
2026-08-18T15:36:49.601833,0.0000000,0.0000000,0.00,0.0000,0.0000,0.0000,0.0,0.00,0.000,0.000,IDLE
2026-08-18T15:36:50.601982,0.0000000,0.0000000,0.00,0.0000,0.0000,0.0000,0.0,0.00,0.000,0.000,IDLE
2026-08-18T15:36:51.601970,0.0000000,0.0000000,0.00,0.0000,0.0000,0.0000,0.0,0.00,0.000,0.000,IDLE
2026-08-18T15:36:52.601960,0.0000000,0.0000000,0.00,0.0000,0.0000,0.0000,0.0,0.00,0.000,0.000,IDLE
2026-08-18T15:36:53.601940,0.0000000,0.0000000,0.00,0.0000,0.0000,0.0000,0.0,0.00,0.000,0.000,IDLE
2026-08-18T15:36:54.601892,0.0000000,0.0000000,0.00,0.0000,0.0000,0.0000,0.0,0.00,0.000,0.000,IDLE
2026-08-18T15:36:55.601828,0.0000000,0.0000000,0.00,0.0000,0.0000,0.0000,0.0,0.00,0.000,0.000,IDLE
2026-08-18T15:36:56.602235,0.0000000,0.0000000,0.00,0.0000,0.0000,0.0000,0.0,0.00,0.000,0.000,IDLE
2026-08-18T15:36:57.602003,0.0000000,0.0000000,0.00,0.0000,0.0000,0.0000,0.0,0.00,0.000,0.000,IDLE
2026-08-18T15:36:58.601908,0.0000000,0.0000000,0.00,0.0000,0.0000,0.0000,0.0,0.00,0.000,0.000,IDLE
2026-08-18T15:36:59.602189,0.0000000,0.0000000,0.00,0.0000,0.0000,0.0000,0.0,0.00,0.000,0.000,IDLE
2026-08-18T15:37:00.601958,0.0000000,0.0000000,0.00,0.0000,0.0000,0.0000,0.0,0.00,0.000,0.000,IDLE
2026-08-18T15:37:01.601810,0.0000000,0.0000000,0.00,0.0000,0.0000,0.0000,0.0,0.00,0.000,0.000,IDLE
2026-08-18T15:37:02.601809,0.0000000,0.0000000,0.00,0.0000,0.0000,0.0000,0.0,0.00,0.000,0.000,IDLE
2026-08-18T15:37:03.601948,0.0000000,0.0000000,0.00,0.0000,0.0000,0.0000,0.0,0.00,0.000,0.000,IDLE
2026-08-18T15:37:04.601925,0.0000000,0.0000000,0.00,0.0000,0.0000,0.0000,0.0,0.00,0.000,0.000,IDLE
2026-08-18T15:37:05.601872,0.0000000,0.0000000,0.00,0.0000,0.0000,0.0000,0.0,0.00,0.000,0.000,IDLE
2026-08-18T15:37:06.601809,0.0000000,0.0000000,0.00,0.0000,0.0000,0.0000,0.0,0.00,0.000,0.000,IDLE
2026-08-18T15:37:07.601821,0.0000000,0.0000000,0.00,0.0000,0.0000,0.0000,0.0,0.00,0.000,0.000,IDLE
2026-08-18T15:37:08.601954,0.0000000,0.0000000,0.00,0.0000,0.0000,0.0000,0.0,0.00,0.000,0.000,IDLE
2026-08-18T15:37:09.601970,0.0000000,0.0000000,0.00,0.0000,0.0000,0.0000,0.0,0.00,0.000,0.000,IDLE
2026-08-18T15:37:10.601824,0.0000000,0.0000000,0.00,0.0000,0.0000,0.0000,0.0,0.00,0.000,0.000,IDLE
2026-08-18T15:37:11.601809,0.0000000,0.0000000,0.00,0.0000,0.0000,0.0000,0.0,0.00,0.000,0.000,IDLE
2026-08-18T15:37:12.601929,0.0000000,0.0000000,0.00,0.0000,0.0000,0.0000,0.0,0.00,0.000,0.000,IDLE
2026-08-18T15:37:13.601897,0.0000000,0.0000000,0.00,0.0000,0.0000,0.0000,0.0,0.00,0.000,0.000,IDLE
2026-08-18T15:37:14.601793,0.0000000,0.0000000,0.00,0.0000,0.0000,0.0000,0.0,0.00,0.000,0.000,IDLE
2026-08-18T15:37:15.601794,0.0000000,0.0000000,0.00,0.0000,0.0000,0.0000,0.0,0.00,0.000,0.000,IDLE
2026-08-18T15:37:16.601917,0.0000000,0.0000000,0.00,0.0000,0.0000,0.0000,0.0,0.00,0.000,0.000,IDLE
2026-08-18T15:37:17.601891,0.0000000,0.0000000,0.00,0.0000,0.0000,0.0000,0.0,0.00,0.000,0.000,IDLE
2026-08-18T15:37:18.601832,0.0000000,0.0000000,0.00,0.0000,0.0000,0.0000,0.0,0.00,0.000,0.000,IDLE
2026-08-18T15:37:19.601805,0.0000000,0.0000000,0.00,0.0000,0.0000,0.0000,0.0,0.00,0.000,0.000,IDLE
2026-08-18T15:37:20.601920,0.0000000,0.0000000,0.00,0.0000,0.0000,0.0000,0.0,0.00,0.000,0.000,IDLE
2026-08-18T15:37:21.601915,0.0000000,0.0000000,0.00,0.0000,0.0000,0.0000,0.0,0.00,0.000,0.000,IDLE
2026-08-18T15:37:22.601943,0.0000000,0.0000000,0.00,0.0000,0.0000,0.0000,0.0,0.00,0.000,0.000,IDLE
2026-08-18T15:37:23.601915,0.0000000,0.0000000,0.00,0.0000,0.0000,0.0000,0.0,0.00,0.000,0.000,IDLE
2026-08-18T15:37:24.601922,0.0000000,0.0000000,0.00,0.0000,0.0000,0.0000,0.0,0.00,0.000,0.000,IDLE
2026-08-18T15:37:25.601918,0.0000000,0.0000000,0.00,0.0000,0.0000,0.0000,0.0,0.00,0.000,0.000,IDLE
2026-08-18T15:37:26.601929,0.0000000,0.0000000,0.00,0.0000,0.0000,0.0000,0.0,0.00,0.000,0.000,IDLE
2026-08-18T15:37:27.601888,0.0000000,0.0000000,0.00,0.0000,0.0000,0.0000,0.0,0.00,0.000,0.000,IDLE
2026-08-18T15:37:28.601862,0.0000000,0.0000000,0.00,0.0000,0.0000,0.0000,0.0,0.00,0.000,0.000,IDLE
2026-08-18T15:37:29.601932,0.0000000,0.0000000,0.00,0.0000,0.0000,0.0000,0.0,0.00,0.000,0.000,IDLE
2026-08-18T15:37:30.601851,0.0000000,0.0000000,0.00,0.0000,0.0000,0.0000,0.0,0.00,0.000,0.000,IDLE
2026-08-18T15:37:31.601943,0.0000000,0.0000000,0.00,0.0000,0.0000,0.0000,0.0,0.00,0.000,0.000,IDLE
2026-08-18T15:37:32.601809,0.0000000,0.0000000,0.00,0.0000,0.0000,0.0000,0.0,0.00,0.000,0.000,IDLE
2026-08-18T15:37:33.601938,0.0000000,0.0000000,0.00,0.0000,0.0000,0.0000,0.0,0.00,0.000,0.000,IDLE
2026-08-18T15:37:34.601912,0.0000000,0.0000000,0.00,0.0000,0.0000,0.0000,0.0,0.00,0.000,0.000,IDLE
2026-08-18T15:37:35.601797,0.0000000,0.0000000,0.00,0.0000,0.0000,0.0000,0.0,0.00,0.000,0.000,IDLE
2026-08-18T15:37:36.601985,0.0000000,0.0000000,0.00,0.0000,0.0000,0.0000,0.0,0.00,0.000,0.000,IDLE
2026-08-18T15:37:37.602010,0.0000000,0.0000000,0.00,0.0000,0.0000,0.0000,0.0,0.00,0.000,0.000,IDLE
2026-08-18T15:37:38.601987,0.0000000,0.0000000,0.00,0.0000,0.0000,0.0000,0.0,0.00,0.000,0.000,IDLE
2026-08-18T15:37:39.601822,0.0000000,0.0000000,0.00,0.0000,0.0000,0.0000,0.0,0.00,0.000,0.000,IDLE
2026-08-18T15:37:40.601946,0.0000000,0.0000000,0.00,0.0000,0.0000,0.0000,0.0,0.00,0.000,0.000,IDLE
2026-08-18T15:37:41.601924,0.0000000,0.0000000,0.00,0.0000,0.0000,0.0000,0.0,0.00,0.000,0.000,IDLE
2026-08-18T15:37:42.601923,0.0000000,0.0000000,0.00,0.0000,0.0000,0.0000,0.0,0.00,0.000,0.000,IDLE
2026-08-18T15:37:43.601918,0.0000000,0.0000000,0.00,0.0000,0.0000,0.0000,0.0,0.00,0.000,0.000,IDLE
2026-08-18T15:37:44.602238,0.0000000,0.0000000,0.00,0.0000,0.0000,0.0000,0.0,0.00,0.000,0.000,IDLE
2026-08-18T15:37:45.601865,0.0000000,0.0000000,0.00,0.0000,0.0000,0.0000,0.0,0.00,0.000,0.000,IDLE
2026-08-18T15:37:46.601912,0.0000000,0.0000000,0.00,0.0000,0.0000,0.0000,0.0,0.00,0.000,0.000,IDLE
2026-08-18T15:37:47.601919,0.0000000,0.0000000,0.00,0.0000,0.0000,0.0000,0.0,0.00,0.000,0.000,IDLE
2026-08-18T15:37:48.601823,0.0000000,0.0000000,0.00,0.0000,0.0000,0.0000,0.0,0.00,0.000,0.000,IDLE
2026-08-18T15:37:49.601789,0.0000000,0.0000000,0.00,0.0000,0.0000,0.0000,0.0,0.00,0.000,0.000,IDLE
2026-08-18T15:37:50.601953,0.0000000,0.0000000,0.00,0.0000,0.0000,0.0000,0.0,0.00,0.000,0.000,IDLE
2026-08-18T15:37:51.601865,0.0000000,0.0000000,0.00,0.0000,0.0000,0.0000,0.0,0.00,0.000,0.000,IDLE
2026-08-18T15:37:52.601812,0.0000000,0.0000000,0.00,0.0000,0.0000,0.0000,0.0,0.00,0.000,0.000,IDLE
2026-08-18T15:37:53.601784,0.0000000,0.0000000,0.00,0.0000,0.0000,0.0000,0.0,0.00,0.000,0.000,IDLE
2026-08-18T15:37:54.601961,0.0000000,0.0000000,0.00,0.0000,0.0000,0.0000,0.0,0.00,0.000,0.000,IDLE
2026-08-18T15:37:55.601957,0.0000000,0.0000000,0.00,0.0000,0.0000,0.0000,0.0,0.00,0.000,0.000,IDLE
2026-08-18T15:37:56.601849,0.0000000,0.0000000,0.00,0.0000,0.0000,0.0000,0.0,0.00,0.000,0.000,IDLE
2026-08-18T15:37:57.601824,0.0000000,0.0000000,0.00,0.0000,0.0000,0.0000,0.0,0.00,0.000,0.000,IDLE
2026-08-18T15:37:58.601840,0.0000000,0.0000000,0.00,0.0000,0.0000,0.0000,0.0,0.00,0.000,0.000,IDLE
2026-08-18T15:37:59.602020,0.0000000,0.0000000,0.00,0.0000,0.0000,0.0000,0.0,0.00,0.000,0.000,IDLE
2026-08-18T15:38:00.601848,0.0000000,0.0000000,0.00,0.0000,0.0000,0.0000,0.0,0.00,0.000,0.000,IDLE
2026-08-18T15:38:01.601803,0.0000000,0.0000000,0.00,0.0000,0.0000,0.0000,0.0,0.00,0.000,0.000,IDLE
2026-08-18T15:38:02.601839,0.0000000,0.0000000,0.00,0.0000,0.0000,0.0000,0.0,0.00,0.000,0.000,IDLE
2026-08-18T15:38:03.601871,0.0000000,0.0000000,0.00,0.0000,0.0000,0.0000,0.0,0.00,0.000,0.000,IDLE
2026-08-18T15:38:04.602116,0.0000000,0.0000000,0.00,0.0000,0.0000,0.0000,0.0,0.00,0.000,0.000,IDLE
2026-08-18T15:38:05.601919,0.0000000,0.0000000,0.00,0.0000,0.0000,0.0000,0.0,0.00,0.000,0.000,IDLE
2026-08-18T15:38:06.601797,0.0000000,0.0000000,0.00,0.0000,0.0000,0.0000,0.0,0.00,0.000,0.000,IDLE
2026-08-18T15:38:07.601891,0.0000000,0.0000000,0.00,0.0000,0.0000,0.0000,0.0,0.00,0.000,0.000,IDLE
2026-08-18T15:38:08.601880,0.0000000,0.0000000,0.00,0.0000,0.0000,0.0000,0.0,0.00,0.000,0.000,IDLE
2026-08-18T15:38:09.601821,0.0000000,0.0000000,0.00,0.0000,0.0000,0.0000,0.0,0.00,0.000,0.000,IDLE
2026-08-18T15:38:10.601876,0.0000000,0.0000000,0.00,0.0000,0.0000,0.0000,0.0,0.00,0.000,0.000,IDLE
2026-08-18T15:38:11.601954,0.0000000,0.0000000,0.00,0.0000,0.0000,0.0000,0.0,0.00,0.000,0.000,IDLE
2026-08-18T15:38:12.601972,0.0000000,0.0000000,0.00,0.0000,0.0000,0.0000,0.0,0.00,0.000,0.000,IDLE
2026-08-18T15:38:13.601852,0.0000000,0.0000000,0.00,0.0000,0.0000,0.0000,0.0,0.00,0.000,0.000,IDLE
2026-08-18T15:38:14.601934,0.0000000,0.0000000,0.00,0.0000,0.0000,0.0000,0.0,0.00,0.000,0.000,IDLE
2026-08-18T15:38:15.602014,0.0000000,0.0000000,0.00,0.0000,0.0000,0.0000,0.0,0.00,0.000,0.000,IDLE
2026-08-18T15:38:16.601930,0.0000000,0.0000000,0.00,0.0000,0.0000,0.0000,0.0,0.00,0.000,0.000,IDLE
2026-08-18T15:38:17.601936,0.0000000,0.0000000,0.00,0.0000,0.0000,0.0000,0.0,0.00,0.000,0.000,IDLE
2026-08-18T15:38:18.601818,0.0000000,0.0000000,0.00,0.0000,0.0000,0.0000,0.0,0.00,0.000,0.000,IDLE
2026-08-18T15:38:19.601941,0.0000000,0.0000000,0.00,0.0000,0.0000,0.0000,0.0,0.00,0.000,0.000,IDLE
2026-08-18T15:38:20.601923,0.0000000,0.0000000,0.00,0.0000,0.0000,0.0000,0.0,0.00,0.000,0.000,IDLE
2026-08-18T15:38:21.602178,0.0000000,0.0000000,0.00,0.0000,0.0000,0.0000,0.0,0.00,0.000,0.000,IDLE
2026-08-18T15:38:22.601904,0.0000000,0.0000000,0.00,0.0000,0.0000,0.0000,0.0,0.00,0.000,0.000,IDLE
2026-08-18T15:38:23.601903,0.0000000,0.0000000,0.00,0.0000,0.0000,0.0000,0.0,0.00,0.000,0.000,IDLE
2026-08-18T15:38:24.601899,0.0000000,0.0000000,0.00,0.0000,0.0000,0.0000,0.0,0.00,0.000,0.000,IDLE
2026-08-18T15:38:25.601903,0.0000000,0.0000000,0.00,0.0000,0.0000,0.0000,0.0,0.00,0.000,0.000,IDLE
2026-08-18T15:38:26.601897,0.0000000,0.0000000,0.00,0.0000,0.0000,0.0000,0.0,0.00,0.000,0.000,IDLE
2026-08-18T15:38:27.601898,0.0000000,0.0000000,0.00,0.0000,0.0000,0.0000,0.0,0.00,0.000,0.000,IDLE
2026-08-18T15:38:28.601892,0.0000000,0.0000000,0.00,0.0000,0.0000,0.0000,0.0,0.00,0.000,0.000,IDLE
2026-08-18T15:38:29.601956,0.0000000,0.0000000,0.00,0.0000,0.0000,0.0000,0.0,0.00,0.000,0.000,IDLE
2026-08-18T15:38:30.601870,0.0000000,0.0000000,0.00,0.0000,0.0000,0.0000,0.0,0.00,0.000,0.000,IDLE
2026-08-18T15:38:31.601910,0.0000000,0.0000000,0.00,0.0000,0.0000,0.0000,0.0,0.00,0.000,0.000,IDLE
2026-08-18T15:38:32.601825,0.0000000,0.0000000,0.00,0.0000,0.0000,0.0000,0.0,0.00,0.000,0.000,IDLE
2026-08-18T15:38:33.601930,0.0000000,0.0000000,0.00,0.0000,0.0000,0.0000,0.0,0.00,0.000,0.000,IDLE
2026-08-18T15:38:34.601961,0.0000000,0.0000000,0.00,0.0000,0.0000,0.0000,0.0,0.00,0.000,0.000,IDLE
2026-08-18T15:38:35.601822,0.0000000,0.0000000,0.00,0.0000,0.0000,0.0000,0.0,0.00,0.000,0.000,IDLE
2026-08-18T15:38:36.601782,0.0000000,0.0000000,0.00,0.0000,0.0000,0.0000,0.0,0.00,0.000,0.000,IDLE
2026-08-18T15:38:37.601955,0.0000000,0.0000000,0.00,0.0000,0.0000,0.0000,0.0,0.00,0.000,0.000,IDLE
2026-08-18T15:38:38.601968,0.0000000,0.0000000,0.00,0.0000,0.0000,0.0000,0.0,0.00,0.000,0.000,IDLE
2026-08-18T15:38:39.601841,0.0000000,0.0000000,0.00,0.0000,0.0000,0.0000,0.0,0.00,0.000,0.000,IDLE
2026-08-18T15:38:40.601797,0.0000000,0.0000000,0.00,0.0000,0.0000,0.0000,0.0,0.00,0.000,0.000,IDLE
2026-08-18T15:38:41.601818,0.0000000,0.0000000,0.00,0.0000,0.0000,0.0000,0.0,0.00,0.000,0.000,IDLE
2026-08-18T15:38:42.601942,0.0000000,0.0000000,0.00,0.0000,0.0000,0.0000,0.0,0.00,0.000,0.000,IDLE
2026-08-18T15:38:43.601907,0.0000000,0.0000000,0.00,0.0000,0.0000,0.0000,0.0,0.00,0.000,0.000,IDLE
2026-08-18T15:38:44.601938,0.0000000,0.0000000,0.00,0.0000,0.0000,0.0000,0.0,0.00,0.000,0.000,IDLE
2026-08-18T15:38:45.601920,0.0000000,0.0000000,0.00,0.0000,0.0000,0.0000,0.0,0.00,0.000,0.000,IDLE
2026-08-18T15:38:46.601905,0.0000000,0.0000000,0.00,0.0000,0.0000,0.0000,0.0,0.00,0.000,0.000,IDLE
2026-08-18T15:38:47.601968,0.0000000,0.0000000,0.00,0.0000,0.0000,0.0000,0.0,0.00,0.000,0.000,IDLE
2026-08-18T15:38:48.601797,0.0000000,0.0000000,0.00,0.0000,0.0000,0.0000,0.0,0.00,0.000,0.000,IDLE
2026-08-18T15:38:49.601834,0.0000000,0.0000000,0.00,0.0000,0.0000,0.0000,0.0,0.00,0.000,0.000,IDLE
2026-08-18T15:38:50.601923,0.0000000,0.0000000,0.00,0.0000,0.0000,0.0000,0.0,0.00,0.000,0.000,IDLE
2026-08-18T15:38:51.601921,0.0000000,0.0000000,0.00,0.0000,0.0000,0.0000,0.0,0.00,0.000,0.000,IDLE
2026-08-18T15:38:52.601938,0.0000000,0.0000000,0.00,0.0000,0.0000,0.0000,0.0,0.00,0.000,0.000,IDLE
2026-08-18T15:38:53.601852,0.0000000,0.0000000,0.00,0.0000,0.0000,0.0000,0.0,0.00,0.000,0.000,IDLE
2026-08-18T15:38:54.601991,0.0000000,0.0000000,0.00,0.0000,0.0000,0.0000,0.0,0.00,0.000,0.000,IDLE
2026-08-18T15:38:55.601956,0.0000000,0.0000000,0.00,0.0000,0.0000,0.0000,0.0,0.00,0.000,0.000,IDLE
2026-08-18T15:38:56.601823,0.0000000,0.0000000,0.00,0.0000,0.0000,0.0000,0.0,0.00,0.000,0.000,IDLE
2026-08-18T15:38:57.601927,0.0000000,0.0000000,0.00,0.0000,0.0000,0.0000,0.0,0.00,0.000,0.000,IDLE
2026-08-18T15:38:58.601913,0.0000000,0.0000000,0.00,0.0000,0.0000,0.0000,0.0,0.00,0.000,0.000,IDLE
2026-08-18T15:38:59.601923,0.0000000,0.0000000,0.00,0.0000,0.0000,0.0000,0.0,0.00,0.000,0.000,IDLE
2026-08-18T15:39:00.601920,0.0000000,0.0000000,0.00,0.0000,0.0000,0.0000,0.0,0.00,0.000,0.000,IDLE
2026-08-18T15:39:01.601948,0.0000000,0.0000000,0.00,0.0000,0.0000,0.0000,0.0,0.00,0.000,0.000,IDLE
2026-08-18T15:39:02.601913,0.0000000,0.0000000,0.00,0.0000,0.0000,0.0000,0.0,0.00,0.000,0.000,IDLE
2026-08-18T15:39:03.601783,0.0000000,0.0000000,0.00,0.0000,0.0000,0.0000,0.0,0.00,0.000,0.000,IDLE
2026-08-18T15:39:04.601938,0.0000000,0.0000000,0.00,0.0000,0.0000,0.0000,0.0,0.00,0.000,0.000,IDLE
2026-08-18T15:39:05.601858,0.0000000,0.0000000,0.00,0.0000,0.0000,0.0000,0.0,0.00,0.000,0.000,IDLE
2026-08-18T15:39:06.601810,0.0000000,0.0000000,0.00,0.0000,0.0000,0.0000,0.0,0.00,0.000,0.000,IDLE
2026-08-18T15:39:07.601932,0.0000000,0.0000000,0.00,0.0000,0.0000,0.0000,0.0,0.00,0.000,0.000,IDLE
2026-08-18T15:39:08.601937,0.0000000,0.0000000,0.00,0.0000,0.0000,0.0000,0.0,0.00,0.000,0.000,IDLE
2026-08-18T15:39:09.601812,0.0000000,0.0000000,0.00,0.0000,0.0000,0.0000,0.0,0.00,0.000,0.000,IDLE
2026-08-18T15:39:10.601806,0.0000000,0.0000000,0.00,0.0000,0.0000,0.0000,0.0,0.00,0.000,0.000,IDLE
2026-08-18T15:39:11.601914,0.0000000,0.0000000,0.00,0.0000,0.0000,0.0000,0.0,0.00,0.000,0.000,IDLE
2026-08-18T15:39:12.601873,0.0000000,0.0000000,0.00,0.0000,0.0000,0.0000,0.0,0.00,0.000,0.000,IDLE
2026-08-18T15:39:13.601946,0.0000000,0.0000000,0.00,0.0000,0.0000,0.0000,0.0,0.00,0.000,0.000,IDLE
2026-08-18T15:39:14.601932,0.0000000,0.0000000,0.00,0.0000,0.0000,0.0000,0.0,0.00,0.000,0.000,IDLE
2026-08-18T15:39:15.601853,0.0000000,0.0000000,0.00,0.0000,0.0000,0.0000,0.0,0.00,0.000,0.000,IDLE
2026-08-18T15:39:16.601827,0.0000000,0.0000000,0.00,0.0000,0.0000,0.0000,0.0,0.00,0.000,0.000,IDLE
2026-08-18T15:39:17.601873,0.0000000,0.0000000,0.00,0.0000,0.0000,0.0000,0.0,0.00,0.000,0.000,IDLE
2026-08-18T15:39:18.601863,0.0000000,0.0000000,0.00,0.0000,0.0000,0.0000,0.0,0.00,0.000,0.000,IDLE
2026-08-18T15:39:19.601909,0.0000000,0.0000000,0.00,0.0000,0.0000,0.0000,0.0,0.00,0.000,0.000,IDLE
2026-08-18T15:39:20.601908,0.0000000,0.0000000,0.00,0.0000,0.0000,0.0000,0.0,0.00,0.000,0.000,IDLE
2026-08-18T15:39:21.601914,0.0000000,0.0000000,0.00,0.0000,0.0000,0.0000,0.0,0.00,0.000,0.000,IDLE
2026-08-18T15:39:22.601865,0.0000000,0.0000000,0.00,0.0000,0.0000,0.0000,0.0,0.00,0.000,0.000,IDLE
2026-08-18T15:39:23.601796,0.0000000,0.0000000,0.00,0.0000,0.0000,0.0000,0.0,0.00,0.000,0.000,IDLE
2026-08-18T15:39:24.601915,0.0000000,0.0000000,0.00,0.0000,0.0000,0.0000,0.0,0.00,0.000,0.000,IDLE
2026-08-18T15:39:25.601876,0.0000000,0.0000000,0.00,0.0000,0.0000,0.0000,0.0,0.00,0.000,0.000,IDLE
2026-08-18T15:39:26.601866,0.0000000,0.0000000,0.00,0.0000,0.0000,0.0000,0.0,0.00,0.000,0.000,IDLE
2026-08-18T15:39:27.601796,0.0000000,0.0000000,0.00,0.0000,0.0000,0.0000,0.0,0.00,0.000,0.000,IDLE
2026-08-18T15:39:28.601961,0.0000000,0.0000000,0.00,0.0000,0.0000,0.0000,0.0,0.00,0.000,0.000,IDLE
2026-08-18T15:39:29.602138,0.0000000,0.0000000,0.00,0.0000,0.0000,0.0000,0.0,0.00,0.000,0.000,IDLE
2026-08-18T15:39:30.601795,0.0000000,0.0000000,0.00,0.0000,0.0000,0.0000,0.0,0.00,0.000,0.000,IDLE
2026-08-18T15:39:31.601922,0.0000000,0.0000000,0.00,0.0000,0.0000,0.0000,0.0,0.00,0.000,0.000,IDLE
2026-08-18T15:39:32.601963,0.0000000,0.0000000,0.00,0.0000,0.0000,0.0000,0.0,0.00,0.000,0.000,IDLE
2026-08-18T15:39:33.601961,0.0000000,0.0000000,0.00,0.0000,0.0000,0.0000,0.0,0.00,0.000,0.000,IDLE
2026-08-18T15:39:34.601816,0.0000000,0.0000000,0.00,0.0000,0.0000,0.0000,0.0,0.00,0.000,0.000,IDLE
2026-08-18T15:39:35.601941,0.0000000,0.0000000,0.00,0.0000,0.0000,0.0000,0.0,0.00,0.000,0.000,IDLE
2026-08-18T15:39:36.601941,0.0000000,0.0000000,0.00,0.0000,0.0000,0.0000,0.0,0.00,0.000,0.000,IDLE
2026-08-18T15:39:37.602012,0.0000000,0.0000000,0.00,0.0000,0.0000,0.0000,0.0,0.00,0.000,0.000,IDLE
2026-08-18T15:39:38.601926,0.0000000,0.0000000,0.00,0.0000,0.0000,0.0000,0.0,0.00,0.000,0.000,IDLE
2026-08-18T15:39:39.601803,0.0000000,0.0000000,0.00,0.0000,0.0000,0.0000,0.0,0.00,0.000,0.000,IDLE
2026-08-18T15:39:40.601911,0.0000000,0.0000000,0.00,0.0000,0.0000,0.0000,0.0,0.00,0.000,0.000,IDLE
2026-08-18T15:39:41.601924,0.0000000,0.0000000,0.00,0.0000,0.0000,0.0000,0.0,0.00,0.000,0.000,IDLE
2026-08-18T15:39:42.601956,0.0000000,0.0000000,0.00,0.0000,0.0000,0.0000,0.0,0.00,0.000,0.000,IDLE
2026-08-18T15:39:43.601966,0.0000000,0.0000000,0.00,0.0000,0.0000,0.0000,0.0,0.00,0.000,0.000,IDLE
2026-08-18T15:39:44.601950,0.0000000,0.0000000,0.00,0.0000,0.0000,0.0000,0.0,0.00,0.000,0.000,IDLE
2026-08-18T15:39:45.602180,0.0000000,0.0000000,0.00,0.0000,0.0000,0.0000,0.0,0.00,0.000,0.000,IDLE
2026-08-18T15:39:46.601878,0.0000000,0.0000000,0.00,0.0000,0.0000,0.0000,0.0,0.00,0.000,0.000,IDLE
2026-08-18T15:39:47.601809,0.0000000,0.0000000,0.00,0.0000,0.0000,0.0000,0.0,0.00,0.000,0.000,IDLE
2026-08-18T15:39:48.601794,0.0000000,0.0000000,0.00,0.0000,0.0000,0.0000,0.0,0.00,0.000,0.000,IDLE
2026-08-18T15:39:49.601809,0.0000000,0.0000000,0.00,0.0000,0.0000,0.0000,0.0,0.00,0.000,0.000,IDLE
2026-08-18T15:39:50.601792,0.0000000,0.0000000,0.00,0.0000,0.0000,0.0000,0.0,0.00,0.000,0.000,IDLE
2026-08-18T15:39:51.601868,0.0000000,0.0000000,0.00,0.0000,0.0000,0.0000,0.0,0.00,0.000,0.000,IDLE
2026-08-18T15:39:52.601815,0.0000000,0.0000000,0.00,0.0000,0.0000,0.0000,0.0,0.00,0.000,0.000,IDLE
2026-08-18T15:39:53.601848,0.0000000,0.0000000,0.00,0.0000,0.0000,0.0000,0.0,0.00,0.000,0.000,IDLE
2026-08-18T15:39:54.601784,0.0000000,0.0000000,0.00,0.0000,0.0000,0.0000,0.0,0.00,0.000,0.000,IDLE
2026-08-18T15:39:55.601792,0.0000000,0.0000000,0.00,0.0000,0.0000,0.0000,0.0,0.00,0.000,0.000,IDLE
2026-08-18T15:39:56.601833,0.0000000,0.0000000,0.00,0.0000,0.0000,0.0000,0.0,0.00,0.000,0.000,IDLE
2026-08-18T15:39:57.601810,0.0000000,0.0000000,0.00,0.0000,0.0000,0.0000,0.0,0.00,0.000,0.000,IDLE
2026-08-18T15:39:58.601809,0.0000000,0.0000000,0.00,0.0000,0.0000,0.0000,0.0,0.00,0.000,0.000,IDLE
2026-08-18T15:39:59.601948,0.0000000,0.0000000,0.00,0.0000,0.0000,0.0000,0.0,0.00,0.000,0.000,IDLE
2026-08-18T15:40:00.601838,0.0000000,0.0000000,0.00,0.0000,0.0000,0.0000,0.0,0.00,0.000,0.000,IDLE
2026-08-18T15:40:01.601804,0.0000000,0.0000000,0.00,0.0000,0.0000,0.0000,0.0,0.00,0.000,0.000,IDLE
2026-08-18T15:40:02.602237,0.0000000,0.0000000,0.00,0.0000,0.0000,0.0000,0.0,0.00,0.000,0.000,IDLE
2026-08-18T15:40:03.601935,0.0000000,0.0000000,0.00,0.0000,0.0000,0.0000,0.0,0.00,0.000,0.000,IDLE
2026-08-18T15:40:04.601880,0.0000000,0.0000000,0.00,0.0000,0.0000,0.0000,0.0,0.00,0.000,0.000,IDLE
2026-08-18T15:40:05.601807,0.0000000,0.0000000,0.00,0.0000,0.0000,0.0000,0.0,0.00,0.000,0.000,IDLE
2026-08-18T15:40:06.602244,0.0000000,0.0000000,0.00,0.0000,0.0000,0.0000,0.0,0.00,0.000,0.000,IDLE
2026-08-18T15:40:07.601812,0.0000000,0.0000000,0.00,0.0000,0.0000,0.0000,0.0,0.00,0.000,0.000,IDLE
2026-08-18T15:40:08.601845,0.0000000,0.0000000,0.00,0.0000,0.0000,0.0000,0.0,0.00,0.000,0.000,IDLE
2026-08-18T15:40:09.601955,0.0000000,0.0000000,0.00,0.0000,0.0000,0.0000,0.0,0.00,0.000,0.000,IDLE
2026-08-18T15:40:10.601998,0.0000000,0.0000000,0.00,0.0000,0.0000,0.0000,0.0,0.00,0.000,0.000,IDLE
2026-08-18T15:40:11.601952,0.0000000,0.0000000,0.00,0.0000,0.0000,0.0000,0.0,0.00,0.000,0.000,IDLE
2026-08-18T15:40:12.601770,0.0000000,0.0000000,0.00,0.0000,0.0000,0.0000,0.0,0.00,0.000,0.000,IDLE
2026-08-18T15:40:13.601814,0.0000000,0.0000000,0.00,0.0000,0.0000,0.0000,0.0,0.00,0.000,0.000,IDLE
2026-08-18T15:40:14.601812,0.0000000,0.0000000,0.00,0.0000,0.0000,0.0000,0.0,0.00,0.000,0.000,IDLE
2026-08-18T15:40:15.601799,0.0000000,0.0000000,0.00,0.0000,0.0000,0.0000,0.0,0.00,0.000,0.000,IDLE
2026-08-18T15:40:16.601848,0.0000000,0.0000000,0.00,0.0000,0.0000,0.0000,0.0,0.00,0.000,0.000,IDLE
2026-08-18T15:40:17.601837,0.0000000,0.0000000,0.00,0.0000,0.0000,0.0000,0.0,0.00,0.000,0.000,IDLE
2026-08-18T15:40:18.601797,0.0000000,0.0000000,0.00,0.0000,0.0000,0.0000,0.0,0.00,0.000,0.000,IDLE
2026-08-18T15:40:19.601960,0.0000000,0.0000000,0.00,0.0000,0.0000,0.0000,0.0,0.00,0.000,0.000,IDLE
2026-08-18T15:40:20.601865,0.0000000,0.0000000,0.00,0.0000,0.0000,0.0000,0.0,0.00,0.000,0.000,IDLE
2026-08-18T15:40:21.601793,0.0000000,0.0000000,0.00,0.0000,0.0000,0.0000,0.0,0.00,0.000,0.000,IDLE
2026-08-18T15:40:22.601829,0.0000000,0.0000000,0.00,0.0000,0.0000,0.0000,0.0,0.00,0.000,0.000,IDLE
2026-08-18T15:40:23.601964,0.0000000,0.0000000,0.00,0.0000,0.0000,0.0000,0.0,0.00,0.000,0.000,IDLE
2026-08-18T15:40:24.601949,0.0000000,0.0000000,0.00,0.0000,0.0000,0.0000,0.0,0.00,0.000,0.000,IDLE
2026-08-18T15:40:25.601816,0.0000000,0.0000000,0.00,0.0000,0.0000,0.0000,0.0,0.00,0.000,0.000,IDLE
2026-08-18T15:40:26.601800,0.0000000,0.0000000,0.00,0.0000,0.0000,0.0000,0.0,0.00,0.000,0.000,IDLE
2026-08-18T15:40:27.601944,0.0000000,0.0000000,0.00,0.0000,0.0000,0.0000,0.0,0.00,0.000,0.000,IDLE
2026-08-18T15:40:28.601857,0.0000000,0.0000000,0.00,0.0000,0.0000,0.0000,0.0,0.00,0.000,0.000,IDLE
2026-08-18T15:40:29.601916,0.0000000,0.0000000,0.00,0.0000,0.0000,0.0000,0.0,0.00,0.000,0.000,IDLE
2026-08-18T15:40:30.601929,0.0000000,0.0000000,0.00,0.0000,0.0000,0.0000,0.0,0.00,0.000,0.000,IDLE
2026-08-18T15:40:31.601837,0.0000000,0.0000000,0.00,0.0000,0.0000,0.0000,0.0,0.00,0.000,0.000,IDLE
2026-08-18T15:40:32.601894,0.0000000,0.0000000,0.00,0.0000,0.0000,0.0000,0.0,0.00,0.000,0.000,IDLE
2026-08-18T15:40:33.601883,0.0000000,0.0000000,0.00,0.0000,0.0000,0.0000,0.0,0.00,0.000,0.000,IDLE
2026-08-18T15:40:34.601830,0.0000000,0.0000000,0.00,0.0000,0.0000,0.0000,0.0,0.00,0.000,0.000,IDLE
2026-08-18T15:40:35.601794,0.0000000,0.0000000,0.00,0.0000,0.0000,0.0000,0.0,0.00,0.000,0.000,IDLE
2026-08-18T15:40:36.601861,0.0000000,0.0000000,0.00,0.0000,0.0000,0.0000,0.0,0.00,0.000,0.000,IDLE
2026-08-18T15:40:37.601804,0.0000000,0.0000000,0.00,0.0000,0.0000,0.0000,0.0,0.00,0.000,0.000,IDLE
2026-08-18T15:40:38.601972,0.0000000,0.0000000,0.00,0.0000,0.0000,0.0000,0.0,0.00,0.000,0.000,IDLE
2026-08-18T15:40:39.601919,0.0000000,0.0000000,0.00,0.0000,0.0000,0.0000,0.0,0.00,0.000,0.000,IDLE
2026-08-18T15:40:40.601814,0.0000000,0.0000000,0.00,0.0000,0.0000,0.0000,0.0,0.00,0.000,0.000,IDLE
2026-08-18T15:40:41.601923,0.0000000,0.0000000,0.00,0.0000,0.0000,0.0000,0.0,0.00,0.000,0.000,IDLE
2026-08-18T15:40:42.601933,0.0000000,0.0000000,0.00,0.0000,0.0000,0.0000,0.0,0.00,0.000,0.000,IDLE
2026-08-18T15:40:43.601898,0.0000000,0.0000000,0.00,0.0000,0.0000,0.0000,0.0,0.00,0.000,0.000,IDLE
2026-08-18T15:40:44.601792,0.0000000,0.0000000,0.00,0.0000,0.0000,0.0000,0.0,0.00,0.000,0.000,IDLE
2026-08-18T15:40:45.601796,0.0000000,0.0000000,0.00,0.0000,0.0000,0.0000,0.0,0.00,0.000,0.000,IDLE
2026-08-18T15:40:46.601793,0.0000000,0.0000000,0.00,0.0000,0.0000,0.0000,0.0,0.00,0.000,0.000,IDLE
2026-08-18T15:40:47.601802,0.0000000,0.0000000,0.00,0.0000,0.0000,0.0000,0.0,0.00,0.000,0.000,IDLE
2026-08-18T15:40:48.601812,0.0000000,0.0000000,0.00,0.0000,0.0000,0.0000,0.0,0.00,0.000,0.000,IDLE
2026-08-18T15:40:49.601933,0.0000000,0.0000000,0.00,0.0000,0.0000,0.0000,0.0,0.00,0.000,0.000,IDLE
2026-08-18T15:40:50.601988,0.0000000,0.0000000,0.00,0.0000,0.0000,0.0000,0.0,0.00,0.000,0.000,IDLE
2026-08-18T15:40:51.601824,0.0000000,0.0000000,0.00,0.0000,0.0000,0.0000,0.0,0.00,0.000,0.000,IDLE
2026-08-18T15:40:52.601840,0.0000000,0.0000000,0.00,0.0000,0.0000,0.0000,0.0,0.00,0.000,0.000,IDLE
2026-08-18T15:40:53.601881,0.0000000,0.0000000,0.00,0.0000,0.0000,0.0000,0.0,0.00,0.000,0.000,IDLE
2026-08-18T15:40:54.601936,0.0000000,0.0000000,0.00,0.0000,0.0000,0.0000,0.0,0.00,0.000,0.000,IDLE
2026-08-18T15:40:55.601937,0.0000000,0.0000000,0.00,0.0000,0.0000,0.0000,0.0,0.00,0.000,0.000,IDLE
2026-08-18T15:40:56.601974,0.0000000,0.0000000,0.00,0.0000,0.0000,0.0000,0.0,0.00,0.000,0.000,IDLE
2026-08-18T15:40:57.601854,0.0000000,0.0000000,0.00,0.0000,0.0000,0.0000,0.0,0.00,0.000,0.000,IDLE
2026-08-18T15:40:58.601927,0.0000000,0.0000000,0.00,0.0000,0.0000,0.0000,0.0,0.00,0.000,0.000,IDLE
2026-08-18T15:40:59.601946,0.0000000,0.0000000,0.00,0.0000,0.0000,0.0000,0.0,0.00,0.000,0.000,IDLE
2026-08-18T15:41:00.601962,0.0000000,0.0000000,0.00,0.0000,0.0000,0.0000,0.0,0.00,0.000,0.000,IDLE
2026-08-18T15:41:01.601885,0.0000000,0.0000000,0.00,0.0000,0.0000,0.0000,0.0,0.00,0.000,0.000,IDLE
2026-08-18T15:41:02.601940,0.0000000,0.0000000,0.00,0.0000,0.0000,0.0000,0.0,0.00,0.000,0.000,IDLE
2026-08-18T15:41:03.601795,0.0000000,0.0000000,0.00,0.0000,0.0000,0.0000,0.0,0.00,0.000,0.000,IDLE
2026-08-18T15:41:04.601968,0.0000000,0.0000000,0.00,0.0000,0.0000,0.0000,0.0,0.00,0.000,0.000,IDLE
2026-08-18T15:41:05.601914,0.0000000,0.0000000,0.00,0.0000,0.0000,0.0000,0.0,0.00,0.000,0.000,IDLE
2026-08-18T15:41:06.601957,0.0000000,0.0000000,0.00,0.0000,0.0000,0.0000,0.0,0.00,0.000,0.000,IDLE
2026-08-18T15:41:07.601968,0.0000000,0.0000000,0.00,0.0000,0.0000,0.0000,0.0,0.00,0.000,0.000,IDLE
2026-08-18T15:41:08.601809,0.0000000,0.0000000,0.00,0.0000,0.0000,0.0000,0.0,0.00,0.000,0.000,IDLE
2026-08-18T15:41:09.601810,0.0000000,0.0000000,0.00,0.0000,0.0000,0.0000,0.0,0.00,0.000,0.000,IDLE
2026-08-18T15:41:10.601964,0.0000000,0.0000000,0.00,0.0000,0.0000,0.0000,0.0,0.00,0.000,0.000,IDLE
2026-08-18T15:41:11.601938,0.0000000,0.0000000,0.00,0.0000,0.0000,0.0000,0.0,0.00,0.000,0.000,IDLE
2026-08-18T15:41:12.601935,0.0000000,0.0000000,0.00,0.0000,0.0000,0.0000,0.0,0.00,0.000,0.000,IDLE
2026-08-18T15:41:13.601936,0.0000000,0.0000000,0.00,0.0000,0.0000,0.0000,0.0,0.00,0.000,0.000,IDLE
2026-08-18T15:41:14.601805,0.0000000,0.0000000,0.00,0.0000,0.0000,0.0000,0.0,0.00,0.000,0.000,IDLE
2026-08-18T15:41:15.601796,0.0000000,0.0000000,0.00,0.0000,0.0000,0.0000,0.0,0.00,0.000,0.000,IDLE
2026-08-18T15:41:16.601911,0.0000000,0.0000000,0.00,0.0000,0.0000,0.0000,0.0,0.00,0.000,0.000,IDLE
2026-08-18T15:41:17.601831,0.0000000,0.0000000,0.00,0.0000,0.0000,0.0000,0.0,0.00,0.000,0.000,IDLE
2026-08-18T15:41:18.601891,0.0000000,0.0000000,0.00,0.0000,0.0000,0.0000,0.0,0.00,0.000,0.000,IDLE
2026-08-18T15:41:19.601993,0.0000000,0.0000000,0.00,0.0000,0.0000,0.0000,0.0,0.00,0.000,0.000,IDLE
2026-08-18T15:41:20.601974,0.0000000,0.0000000,0.00,0.0000,0.0000,0.0000,0.0,0.00,0.000,0.000,IDLE
2026-08-18T15:41:21.601809,0.0000000,0.0000000,0.00,0.0000,0.0000,0.0000,0.0,0.00,0.000,0.000,IDLE
2026-08-18T15:41:22.601798,0.0000000,0.0000000,0.00,0.0000,0.0000,0.0000,0.0,0.00,0.000,0.000,IDLE
2026-08-18T15:41:23.602188,0.0000000,0.0000000,0.00,0.0000,0.0000,0.0000,0.0,0.00,0.000,0.000,IDLE
2026-08-18T15:41:24.601937,0.0000000,0.0000000,0.00,0.0000,0.0000,0.0000,0.0,0.00,0.000,0.000,IDLE
2026-08-18T15:41:25.601843,0.0000000,0.0000000,0.00,0.0000,0.0000,0.0000,0.0,0.00,0.000,0.000,IDLE
2026-08-18T15:41:26.601958,0.0000000,0.0000000,0.00,0.0000,0.0000,0.0000,0.0,0.00,0.000,0.000,IDLE
2026-08-18T15:41:27.601894,0.0000000,0.0000000,0.00,0.0000,0.0000,0.0000,0.0,0.00,0.000,0.000,IDLE
2026-08-18T15:41:28.602175,0.0000000,0.0000000,0.00,0.0000,0.0000,0.0000,0.0,0.00,0.000,0.000,IDLE
2026-08-18T15:41:29.602200,0.0000000,0.0000000,0.00,0.0000,0.0000,0.0000,0.0,0.00,0.000,0.000,IDLE
2026-08-18T15:41:30.601944,0.0000000,0.0000000,0.00,0.0000,0.0000,0.0000,0.0,0.00,0.000,0.000,IDLE
2026-08-18T15:41:31.601937,0.0000000,0.0000000,0.00,0.0000,0.0000,0.0000,0.0,0.00,0.000,0.000,IDLE
2026-08-18T15:41:32.601950,0.0000000,0.0000000,0.00,0.0000,0.0000,0.0000,0.0,0.00,0.000,0.000,IDLE
2026-08-18T15:41:33.601874,0.0000000,0.0000000,0.00,0.0000,0.0000,0.0000,0.0,0.00,0.000,0.000,IDLE
2026-08-18T15:41:34.601882,0.0000000,0.0000000,0.00,0.0000,0.0000,0.0000,0.0,0.00,0.000,0.000,IDLE
2026-08-18T15:41:35.601903,0.0000000,0.0000000,0.00,0.0000,0.0000,0.0000,0.0,0.00,0.000,0.000,IDLE
2026-08-18T15:41:36.601885,0.0000000,0.0000000,0.00,0.0000,0.0000,0.0000,0.0,0.00,0.000,0.000,IDLE
2026-08-18T15:41:37.601942,0.0000000,0.0000000,0.00,0.0000,0.0000,0.0000,0.0,0.00,0.000,0.000,IDLE
2026-08-18T15:41:38.601822,0.0000000,0.0000000,0.00,0.0000,0.0000,0.0000,0.0,0.00,0.000,0.000,IDLE
2026-08-18T15:41:39.601853,0.0000000,0.0000000,0.00,0.0000,0.0000,0.0000,0.0,0.00,0.000,0.000,IDLE
2026-08-18T15:41:40.602058,0.0000000,0.0000000,0.00,0.0000,0.0000,0.0000,0.0,0.00,0.000,0.000,IDLE
2026-08-18T15:41:41.601939,0.0000000,0.0000000,0.00,0.0000,0.0000,0.0000,0.0,0.00,0.000,0.000,IDLE
2026-08-18T15:41:42.601950,0.0000000,0.0000000,0.00,0.0000,0.0000,0.0000,0.0,0.00,0.000,0.000,IDLE
2026-08-18T15:41:43.601809,0.0000000,0.0000000,0.00,0.0000,0.0000,0.0000,0.0,0.00,0.000,0.000,IDLE
2026-08-18T15:41:44.601798,0.0000000,0.0000000,0.00,0.0000,0.0000,0.0000,0.0,0.00,0.000,0.000,IDLE
2026-08-18T15:41:45.601966,0.0000000,0.0000000,0.00,0.0000,0.0000,0.0000,0.0,0.00,0.000,0.000,IDLE
2026-08-18T15:41:46.601950,0.0000000,0.0000000,0.00,0.0000,0.0000,0.0000,0.0,0.00,0.000,0.000,IDLE
2026-08-18T15:41:47.601890,0.0000000,0.0000000,0.00,0.0000,0.0000,0.0000,0.0,0.00,0.000,0.000,IDLE
2026-08-18T15:41:48.601873,0.0000000,0.0000000,0.00,0.0000,0.0000,0.0000,0.0,0.00,0.000,0.000,IDLE
2026-08-18T15:41:49.601911,0.0000000,0.0000000,0.00,0.0000,0.0000,0.0000,0.0,0.00,0.000,0.000,IDLE
2026-08-18T15:41:50.601988,0.0000000,0.0000000,0.00,0.0000,0.0000,0.0000,0.0,0.00,0.000,0.000,IDLE
2026-08-18T15:41:51.601973,0.0000000,0.0000000,0.00,0.0000,0.0000,0.0000,0.0,0.00,0.000,0.000,IDLE
2026-08-18T15:41:52.602452,0.0000000,0.0000000,0.00,0.0000,0.0000,0.0000,0.0,0.00,0.000,0.000,IDLE
2026-08-18T15:41:53.601951,0.0000000,0.0000000,0.00,0.0000,0.0000,0.0000,0.0,0.00,0.000,0.000,IDLE
2026-08-18T15:41:54.601930,0.0000000,0.0000000,0.00,0.0000,0.0000,0.0000,0.0,0.00,0.000,0.000,IDLE
2026-08-18T15:41:55.601913,0.0000000,0.0000000,0.00,0.0000,0.0000,0.0000,0.0,0.00,0.000,0.000,IDLE
2026-08-18T15:41:56.601966,0.0000000,0.0000000,0.00,0.0000,0.0000,0.0000,0.0,0.00,0.000,0.000,IDLE
2026-08-18T15:41:57.601937,0.0000000,0.0000000,0.00,0.0000,0.0000,0.0000,0.0,0.00,0.000,0.000,IDLE
2026-08-18T15:41:58.601914,0.0000000,0.0000000,0.00,0.0000,0.0000,0.0000,0.0,0.00,0.000,0.000,IDLE
2026-08-18T15:41:59.602162,0.0000000,0.0000000,0.00,0.0000,0.0000,0.0000,0.0,0.00,0.000,0.000,IDLE
2026-08-18T15:42:00.601885,0.0000000,0.0000000,0.00,0.0000,0.0000,0.0000,0.0,0.00,0.000,0.000,IDLE
2026-08-18T15:42:01.601942,0.0000000,0.0000000,0.00,0.0000,0.0000,0.0000,0.0,0.00,0.000,0.000,IDLE
2026-08-18T15:42:02.601767,0.0000000,0.0000000,0.00,0.0000,0.0000,0.0000,0.0,0.00,0.000,0.000,IDLE
2026-08-18T15:42:03.601912,0.0000000,0.0000000,0.00,0.0000,0.0000,0.0000,0.0,0.00,0.000,0.000,IDLE
2026-08-18T15:42:04.601923,0.0000000,0.0000000,0.00,0.0000,0.0000,0.0000,0.0,0.00,0.000,0.000,IDLE
2026-08-18T15:42:05.601916,0.0000000,0.0000000,0.00,0.0000,0.0000,0.0000,0.0,0.00,0.000,0.000,IDLE
2026-08-18T15:42:06.601925,0.0000000,0.0000000,0.00,0.0000,0.0000,0.0000,0.0,0.00,0.000,0.000,IDLE
2026-08-18T15:42:07.601947,0.0000000,0.0000000,0.00,0.0000,0.0000,0.0000,0.0,0.00,0.000,0.000,IDLE
2026-08-18T15:42:08.601827,0.0000000,0.0000000,0.00,0.0000,0.0000,0.0000,0.0,0.00,0.000,0.000,IDLE
2026-08-18T15:42:09.602175,0.0000000,0.0000000,0.00,0.0000,0.0000,0.0000,0.0,0.00,0.000,0.000,IDLE
2026-08-18T15:42:10.601903,0.0000000,0.0000000,0.00,0.0000,0.0000,0.0000,0.0,0.00,0.000,0.000,IDLE
2026-08-18T15:42:11.601882,0.0000000,0.0000000,0.00,0.0000,0.0000,0.0000,0.0,0.00,0.000,0.000,IDLE
2026-08-18T15:42:12.601966,0.0000000,0.0000000,0.00,0.0000,0.0000,0.0000,0.0,0.00,0.000,0.000,IDLE
2026-08-18T15:42:13.602174,0.0000000,0.0000000,0.00,0.0000,0.0000,0.0000,0.0,0.00,0.000,0.000,IDLE
2026-08-18T15:42:14.601919,0.0000000,0.0000000,0.00,0.0000,0.0000,0.0000,0.0,0.00,0.000,0.000,IDLE
2026-08-18T15:42:15.601886,0.0000000,0.0000000,0.00,0.0000,0.0000,0.0000,0.0,0.00,0.000,0.000,IDLE
2026-08-18T15:42:16.601919,0.0000000,0.0000000,0.00,0.0000,0.0000,0.0000,0.0,0.00,0.000,0.000,IDLE
2026-08-18T15:42:17.601905,0.0000000,0.0000000,0.00,0.0000,0.0000,0.0000,0.0,0.00,0.000,0.000,IDLE
2026-08-18T15:42:18.601807,0.0000000,0.0000000,0.00,0.0000,0.0000,0.0000,0.0,0.00,0.000,0.000,IDLE
2026-08-18T15:42:19.601925,0.0000000,0.0000000,0.00,0.0000,0.0000,0.0000,0.0,0.00,0.000,0.000,IDLE
2026-08-18T15:42:20.601886,0.0000000,0.0000000,0.00,0.0000,0.0000,0.0000,0.0,0.00,0.000,0.000,IDLE
2026-08-18T15:42:21.601995,0.0000000,0.0000000,0.00,0.0000,0.0000,0.0000,0.0,0.00,0.000,0.000,IDLE
2026-08-18T15:42:22.601872,0.0000000,0.0000000,0.00,0.0000,0.0000,0.0000,0.0,0.00,0.000,0.000,IDLE
2026-08-18T15:42:23.601969,0.0000000,0.0000000,0.00,0.0000,0.0000,0.0000,0.0,0.00,0.000,0.000,IDLE
2026-08-18T15:42:24.601952,0.0000000,0.0000000,0.00,0.0000,0.0000,0.0000,0.0,0.00,0.000,0.000,IDLE
2026-08-18T15:42:25.601833,0.0000000,0.0000000,0.00,0.0000,0.0000,0.0000,0.0,0.00,0.000,0.000,IDLE
2026-08-18T15:42:26.601844,0.0000000,0.0000000,0.00,0.0000,0.0000,0.0000,0.0,0.00,0.000,0.000,IDLE
2026-08-18T15:42:27.601907,0.0000000,0.0000000,0.00,0.0000,0.0000,0.0000,0.0,0.00,0.000,0.000,IDLE
2026-08-18T15:42:28.601958,0.0000000,0.0000000,0.00,0.0000,0.0000,0.0000,0.0,0.00,0.000,0.000,IDLE
2026-08-18T15:42:29.601929,0.0000000,0.0000000,0.00,0.0000,0.0000,0.0000,0.0,0.00,0.000,0.000,IDLE
2026-08-18T15:42:30.601863,0.0000000,0.0000000,0.00,0.0000,0.0000,0.0000,0.0,0.00,0.000,0.000,IDLE
2026-08-18T15:42:31.601895,0.0000000,0.0000000,0.00,0.0000,0.0000,0.0000,0.0,0.00,0.000,0.000,IDLE
2026-08-18T15:42:32.601900,0.0000000,0.0000000,0.00,0.0000,0.0000,0.0000,0.0,0.00,0.000,0.000,IDLE
2026-08-18T15:42:33.601932,0.0000000,0.0000000,0.00,0.0000,0.0000,0.0000,0.0,0.00,0.000,0.000,IDLE
2026-08-18T15:42:34.601843,0.0000000,0.0000000,0.00,0.0000,0.0000,0.0000,0.0,0.00,0.000,0.000,IDLE
2026-08-18T15:42:35.601903,0.0000000,0.0000000,0.00,0.0000,0.0000,0.0000,0.0,0.00,0.000,0.000,IDLE
2026-08-18T15:42:36.601914,0.0000000,0.0000000,0.00,0.0000,0.0000,0.0000,0.0,0.00,0.000,0.000,IDLE
2026-08-18T15:42:37.601926,0.0000000,0.0000000,0.00,0.0000,0.0000,0.0000,0.0,0.00,0.000,0.000,IDLE
2026-08-18T15:42:38.601905,0.0000000,0.0000000,0.00,0.0000,0.0000,0.0000,0.0,0.00,0.000,0.000,IDLE
2026-08-18T15:42:39.601932,0.0000000,0.0000000,0.00,0.0000,0.0000,0.0000,0.0,0.00,0.000,0.000,IDLE
2026-08-18T15:42:40.601969,0.0000000,0.0000000,0.00,0.0000,0.0000,0.0000,0.0,0.00,0.000,0.000,IDLE
2026-08-18T15:42:41.601942,0.0000000,0.0000000,0.00,0.0000,0.0000,0.0000,0.0,0.00,0.000,0.000,IDLE
2026-08-18T15:42:42.601957,0.0000000,0.0000000,0.00,0.0000,0.0000,0.0000,0.0,0.00,0.000,0.000,IDLE
2026-08-18T15:42:43.601829,0.0000000,0.0000000,0.00,0.0000,0.0000,0.0000,0.0,0.00,0.000,0.000,IDLE
2026-08-18T15:42:44.601780,0.0000000,0.0000000,0.00,0.0000,0.0000,0.0000,0.0,0.00,0.000,0.000,IDLE
2026-08-18T15:42:45.601925,0.0000000,0.0000000,0.00,0.0000,0.0000,0.0000,0.0,0.00,0.000,0.000,IDLE
2026-08-18T15:42:46.601918,0.0000000,0.0000000,0.00,0.0000,0.0000,0.0000,0.0,0.00,0.000,0.000,IDLE
2026-08-18T15:42:47.601811,0.0000000,0.0000000,0.00,0.0000,0.0000,0.0000,0.0,0.00,0.000,0.000,IDLE
2026-08-18T15:42:48.601801,0.0000000,0.0000000,0.00,0.0000,0.0000,0.0000,0.0,0.00,0.000,0.000,IDLE
2026-08-18T15:42:49.601792,0.0000000,0.0000000,0.00,0.0000,0.0000,0.0000,0.0,0.00,0.000,0.000,IDLE
2026-08-18T15:42:50.601954,0.0000000,0.0000000,0.00,0.0000,0.0000,0.0000,0.0,0.00,0.000,0.000,IDLE
2026-08-18T15:42:51.601833,0.0000000,0.0000000,0.00,0.0000,0.0000,0.0000,0.0,0.00,0.000,0.000,IDLE
2026-08-18T15:42:52.601787,0.0000000,0.0000000,0.00,0.0000,0.0000,0.0000,0.0,0.00,0.000,0.000,IDLE
2026-08-18T15:42:53.601928,0.0000000,0.0000000,0.00,0.0000,0.0000,0.0000,0.0,0.00,0.000,0.000,IDLE
2026-08-18T15:42:54.601945,0.0000000,0.0000000,0.00,0.0000,0.0000,0.0000,0.0,0.00,0.000,0.000,IDLE
2026-08-18T15:42:55.601821,0.0000000,0.0000000,0.00,0.0000,0.0000,0.0000,0.0,0.00,0.000,0.000,IDLE
2026-08-18T15:42:56.601798,0.0000000,0.0000000,0.00,0.0000,0.0000,0.0000,0.0,0.00,0.000,0.000,IDLE
2026-08-18T15:42:57.601929,0.0000000,0.0000000,0.00,0.0000,0.0000,0.0000,0.0,0.00,0.000,0.000,IDLE
2026-08-18T15:42:58.601951,0.0000000,0.0000000,0.00,0.0000,0.0000,0.0000,0.0,0.00,0.000,0.000,IDLE
2026-08-18T15:42:59.601826,0.0000000,0.0000000,0.00,0.0000,0.0000,0.0000,0.0,0.00,0.000,0.000,IDLE
2026-08-18T15:43:00.601804,0.0000000,0.0000000,0.00,0.0000,0.0000,0.0000,0.0,0.00,0.000,0.000,IDLE
2026-08-18T15:43:01.601849,0.0000000,0.0000000,0.00,0.0000,0.0000,0.0000,0.0,0.00,0.000,0.000,IDLE
2026-08-18T15:43:02.601929,0.0000000,0.0000000,0.00,0.0000,0.0000,0.0000,0.0,0.00,0.000,0.000,IDLE
2026-08-18T15:43:03.601956,0.0000000,0.0000000,0.00,0.0000,0.0000,0.0000,0.0,0.00,0.000,0.000,IDLE
2026-08-18T15:43:04.601972,0.0000000,0.0000000,0.00,0.0000,0.0000,0.0000,0.0,0.00,0.000,0.000,IDLE
2026-08-18T15:43:05.601976,0.0000000,0.0000000,0.00,0.0000,0.0000,0.0000,0.0,0.00,0.000,0.000,IDLE
2026-08-18T15:43:06.601907,0.0000000,0.0000000,0.00,0.0000,0.0000,0.0000,0.0,0.00,0.000,0.000,IDLE
2026-08-18T15:43:07.601965,0.0000000,0.0000000,0.00,0.0000,0.0000,0.0000,0.0,0.00,0.000,0.000,IDLE
2026-08-18T15:43:08.601929,0.0000000,0.0000000,0.00,0.0000,0.0000,0.0000,0.0,0.00,0.000,0.000,IDLE
2026-08-18T15:43:09.601958,0.0000000,0.0000000,0.00,0.0000,0.0000,0.0000,0.0,0.00,0.000,0.000,IDLE
2026-08-18T15:43:10.601940,0.0000000,0.0000000,0.00,0.0000,0.0000,0.0000,0.0,0.00,0.000,0.000,IDLE
2026-08-18T15:43:11.601908,0.0000000,0.0000000,0.00,0.0000,0.0000,0.0000,0.0,0.00,0.000,0.000,IDLE
2026-08-18T15:43:12.601877,0.0000000,0.0000000,0.00,0.0000,0.0000,0.0000,0.0,0.00,0.000,0.000,IDLE
2026-08-18T15:43:13.601910,0.0000000,0.0000000,0.00,0.0000,0.0000,0.0000,0.0,0.00,0.000,0.000,IDLE
2026-08-18T15:43:14.601880,0.0000000,0.0000000,0.00,0.0000,0.0000,0.0000,0.0,0.00,0.000,0.000,IDLE
2026-08-18T15:43:15.601929,0.0000000,0.0000000,0.00,0.0000,0.0000,0.0000,0.0,0.00,0.000,0.000,IDLE
2026-08-18T15:43:16.601902,0.0000000,0.0000000,0.00,0.0000,0.0000,0.0000,0.0,0.00,0.000,0.000,IDLE
2026-08-18T15:43:17.601964,0.0000000,0.0000000,0.00,0.0000,0.0000,0.0000,0.0,0.00,0.000,0.000,IDLE
2026-08-18T15:43:18.601923,0.0000000,0.0000000,0.00,0.0000,0.0000,0.0000,0.0,0.00,0.000,0.000,IDLE
2026-08-18T15:43:19.601783,0.0000000,0.0000000,0.00,0.0000,0.0000,0.0000,0.0,0.00,0.000,0.000,IDLE
2026-08-18T15:43:20.601947,0.0000000,0.0000000,0.00,0.0000,0.0000,0.0000,0.0,0.00,0.000,0.000,IDLE
2026-08-18T15:43:21.601904,0.0000000,0.0000000,0.00,0.0000,0.0000,0.0000,0.0,0.00,0.000,0.000,IDLE
2026-08-18T15:43:22.601797,0.0000000,0.0000000,0.00,0.0000,0.0000,0.0000,0.0,0.00,0.000,0.000,IDLE
2026-08-18T15:43:23.601966,0.0000000,0.0000000,0.00,0.0000,0.0000,0.0000,0.0,0.00,0.000,0.000,IDLE
2026-08-18T15:43:24.601887,0.0000000,0.0000000,0.00,0.0000,0.0000,0.0000,0.0,0.00,0.000,0.000,IDLE
2026-08-18T15:43:25.601866,0.0000000,0.0000000,0.00,0.0000,0.0000,0.0000,0.0,0.00,0.000,0.000,IDLE
2026-08-18T15:43:26.601798,0.0000000,0.0000000,0.00,0.0000,0.0000,0.0000,0.0,0.00,0.000,0.000,IDLE
2026-08-18T15:43:27.601913,0.0000000,0.0000000,0.00,0.0000,0.0000,0.0000,0.0,0.00,0.000,0.000,IDLE
2026-08-18T15:43:28.601994,0.0000000,0.0000000,0.00,0.0000,0.0000,0.0000,0.0,0.00,0.000,0.000,IDLE
2026-08-18T15:43:29.601816,0.0000000,0.0000000,0.00,0.0000,0.0000,0.0000,0.0,0.00,0.000,0.000,IDLE
2026-08-18T15:43:30.601870,0.0000000,0.0000000,0.00,0.0000,0.0000,0.0000,0.0,0.00,0.000,0.000,IDLE
2026-08-18T15:43:31.601854,0.0000000,0.0000000,0.00,0.0000,0.0000,0.0000,0.0,0.00,0.000,0.000,IDLE
2026-08-18T15:43:32.601963,0.0000000,0.0000000,0.00,0.0000,0.0000,0.0000,0.0,0.00,0.000,0.000,IDLE
2026-08-18T15:43:33.601980,0.0000000,0.0000000,0.00,0.0000,0.0000,0.0000,0.0,0.00,0.000,0.000,IDLE
2026-08-18T15:43:34.601796,0.0000000,0.0000000,0.00,0.0000,0.0000,0.0000,0.0,0.00,0.000,0.000,IDLE
2026-08-18T15:43:35.601923,0.0000000,0.0000000,0.00,0.0000,0.0000,0.0000,0.0,0.00,0.000,0.000,IDLE
2026-08-18T15:43:36.601993,0.0000000,0.0000000,0.00,0.0000,0.0000,0.0000,0.0,0.00,0.000,0.000,IDLE
2026-08-18T15:43:37.601869,0.0000000,0.0000000,0.00,0.0000,0.0000,0.0000,0.0,0.00,0.000,0.000,IDLE
2026-08-18T15:43:38.601896,0.0000000,0.0000000,0.00,0.0000,0.0000,0.0000,0.0,0.00,0.000,0.000,IDLE
2026-08-18T15:43:39.601823,0.0000000,0.0000000,0.00,0.0000,0.0000,0.0000,0.0,0.00,0.000,0.000,IDLE
2026-08-18T15:43:40.601762,0.0000000,0.0000000,0.00,0.0000,0.0000,0.0000,0.0,0.00,0.000,0.000,IDLE
2026-08-18T15:43:41.601881,0.0000000,0.0000000,0.00,0.0000,0.0000,0.0000,0.0,0.00,0.000,0.000,IDLE
2026-08-18T15:43:42.602012,0.0000000,0.0000000,0.00,0.0000,0.0000,0.0000,0.0,0.00,0.000,0.000,IDLE
2026-08-18T15:43:43.601804,0.0000000,0.0000000,0.00,0.0000,0.0000,0.0000,0.0,0.00,0.000,0.000,IDLE
2026-08-18T15:43:44.601812,0.0000000,0.0000000,0.00,0.0000,0.0000,0.0000,0.0,0.00,0.000,0.000,IDLE
2026-08-18T15:43:45.601822,0.0000000,0.0000000,0.00,0.0000,0.0000,0.0000,0.0,0.00,0.000,0.000,IDLE
2026-08-18T15:43:46.601832,0.0000000,0.0000000,0.00,0.0000,0.0000,0.0000,0.0,0.00,0.000,0.000,IDLE
2026-08-18T15:43:47.601800,0.0000000,0.0000000,0.00,0.0000,0.0000,0.0000,0.0,0.00,0.000,0.000,IDLE
2026-08-18T15:43:48.601945,0.0000000,0.0000000,0.00,0.0000,0.0000,0.0000,0.0,0.00,0.000,0.000,IDLE
2026-08-18T15:43:49.601923,0.0000000,0.0000000,0.00,0.0000,0.0000,0.0000,0.0,0.00,0.000,0.000,IDLE
2026-08-18T15:43:50.601949,0.0000000,0.0000000,0.00,0.0000,0.0000,0.0000,0.0,0.00,0.000,0.000,IDLE
2026-08-18T15:43:51.601829,0.0000000,0.0000000,0.00,0.0000,0.0000,0.0000,0.0,0.00,0.000,0.000,IDLE
2026-08-18T15:43:52.601998,0.0000000,0.0000000,0.00,0.0000,0.0000,0.0000,0.0,0.00,0.000,0.000,IDLE
2026-08-18T15:43:53.601945,0.0000000,0.0000000,0.00,0.0000,0.0000,0.0000,0.0,0.00,0.000,0.000,IDLE
2026-08-18T15:43:54.601824,0.0000000,0.0000000,0.00,0.0000,0.0000,0.0000,0.0,0.00,0.000,0.000,IDLE
2026-08-18T15:43:55.601793,0.0000000,0.0000000,0.00,0.0000,0.0000,0.0000,0.0,0.00,0.000,0.000,IDLE
2026-08-18T15:43:56.601963,0.0000000,0.0000000,0.00,0.0000,0.0000,0.0000,0.0,0.00,0.000,0.000,IDLE
2026-08-18T15:43:57.601961,0.0000000,0.0000000,0.00,0.0000,0.0000,0.0000,0.0,0.00,0.000,0.000,IDLE
2026-08-18T15:43:58.601941,0.0000000,0.0000000,0.00,0.0000,0.0000,0.0000,0.0,0.00,0.000,0.000,IDLE
2026-08-18T15:43:59.601989,0.0000000,0.0000000,0.00,0.0000,0.0000,0.0000,0.0,0.00,0.000,0.000,IDLE
2026-08-18T15:44:00.601821,0.0000000,0.0000000,0.00,0.0000,0.0000,0.0000,0.0,0.00,0.000,0.000,IDLE
2026-08-18T15:44:01.601952,0.0000000,0.0000000,0.00,0.0000,0.0000,0.0000,0.0,0.00,0.000,0.000,IDLE
2026-08-18T15:44:02.602175,0.0000000,0.0000000,0.00,0.0000,0.0000,0.0000,0.0,0.00,0.000,0.000,IDLE
2026-08-18T15:44:03.601823,0.0000000,0.0000000,0.00,0.0000,0.0000,0.0000,0.0,0.00,0.000,0.000,IDLE
2026-08-18T15:44:04.601961,0.0000000,0.0000000,0.00,0.0000,0.0000,0.0000,0.0,0.00,0.000,0.000,IDLE
2026-08-18T15:44:05.602171,0.0000000,0.0000000,0.00,0.0000,0.0000,0.0000,0.0,0.00,0.000,0.000,IDLE
2026-08-18T15:44:06.601809,0.0000000,0.0000000,0.00,0.0000,0.0000,0.0000,0.0,0.00,0.000,0.000,IDLE
2026-08-18T15:44:07.601900,0.0000000,0.0000000,0.00,0.0000,0.0000,0.0000,0.0,0.00,0.000,0.000,IDLE
2026-08-18T15:44:08.602178,0.0000000,0.0000000,0.00,0.0000,0.0000,0.0000,0.0,0.00,0.000,0.000,IDLE
2026-08-18T15:44:09.601921,0.0000000,0.0000000,0.00,0.0000,0.0000,0.0000,0.0,0.00,0.000,0.000,IDLE
2026-08-18T15:44:10.601872,0.0000000,0.0000000,0.00,0.0000,0.0000,0.0000,0.0,0.00,0.000,0.000,IDLE
2026-08-18T15:44:11.601889,0.0000000,0.0000000,0.00,0.0000,0.0000,0.0000,0.0,0.00,0.000,0.000,IDLE
2026-08-18T15:44:12.601877,0.0000000,0.0000000,0.00,0.0000,0.0000,0.0000,0.0,0.00,0.000,0.000,IDLE
2026-08-18T15:44:13.601871,0.0000000,0.0000000,0.00,0.0000,0.0000,0.0000,0.0,0.00,0.000,0.000,IDLE
2026-08-18T15:44:14.601946,0.0000000,0.0000000,0.00,0.0000,0.0000,0.0000,0.0,0.00,0.000,0.000,IDLE
2026-08-18T15:44:15.601961,0.0000000,0.0000000,0.00,0.0000,0.0000,0.0000,0.0,0.00,0.000,0.000,IDLE
2026-08-18T15:44:16.601818,0.0000000,0.0000000,0.00,0.0000,0.0000,0.0000,0.0,0.00,0.000,0.000,IDLE
2026-08-18T15:44:17.601820,0.0000000,0.0000000,0.00,0.0000,0.0000,0.0000,0.0,0.00,0.000,0.000,IDLE
2026-08-18T15:44:18.601824,0.0000000,0.0000000,0.00,0.0000,0.0000,0.0000,0.0,0.00,0.000,0.000,IDLE
2026-08-18T15:44:19.601952,0.0000000,0.0000000,0.00,0.0000,0.0000,0.0000,0.0,0.00,0.000,0.000,IDLE
2026-08-18T15:44:20.601799,0.0000000,0.0000000,0.00,0.0000,0.0000,0.0000,0.0,0.00,0.000,0.000,IDLE
2026-08-18T15:44:21.601810,0.0000000,0.0000000,0.00,0.0000,0.0000,0.0000,0.0,0.00,0.000,0.000,IDLE
2026-08-18T15:44:22.601937,0.0000000,0.0000000,0.00,0.0000,0.0000,0.0000,0.0,0.00,0.000,0.000,IDLE
2026-08-18T15:44:23.601921,0.0000000,0.0000000,0.00,0.0000,0.0000,0.0000,0.0,0.00,0.000,0.000,IDLE
2026-08-18T15:44:24.601832,0.0000000,0.0000000,0.00,0.0000,0.0000,0.0000,0.0,0.00,0.000,0.000,IDLE
2026-08-18T15:44:25.601813,0.0000000,0.0000000,0.00,0.0000,0.0000,0.0000,0.0,0.00,0.000,0.000,IDLE
2026-08-18T15:44:26.601806,0.0000000,0.0000000,0.00,0.0000,0.0000,0.0000,0.0,0.00,0.000,0.000,IDLE
2026-08-18T15:44:27.601955,0.0000000,0.0000000,0.00,0.0000,0.0000,0.0000,0.0,0.00,0.000,0.000,IDLE
2026-08-18T15:44:28.601942,0.0000000,0.0000000,0.00,0.0000,0.0000,0.0000,0.0,0.00,0.000,0.000,IDLE
2026-08-18T15:44:29.601967,0.0000000,0.0000000,0.00,0.0000,0.0000,0.0000,0.0,0.00,0.000,0.000,IDLE
2026-08-18T15:44:30.601816,0.0000000,0.0000000,0.00,0.0000,0.0000,0.0000,0.0,0.00,0.000,0.000,IDLE
2026-08-18T15:44:31.601930,0.0000000,0.0000000,0.00,0.0000,0.0000,0.0000,0.0,0.00,0.000,0.000,IDLE
2026-08-18T15:44:32.601942,0.0000000,0.0000000,0.00,0.0000,0.0000,0.0000,0.0,0.00,0.000,0.000,IDLE
2026-08-18T15:44:33.601830,0.0000000,0.0000000,0.00,0.0000,0.0000,0.0000,0.0,0.00,0.000,0.000,IDLE
2026-08-18T15:44:34.601891,0.0000000,0.0000000,0.00,0.0000,0.0000,0.0000,0.0,0.00,0.000,0.000,IDLE
2026-08-18T15:44:35.601901,0.0000000,0.0000000,0.00,0.0000,0.0000,0.0000,0.0,0.00,0.000,0.000,IDLE
2026-08-18T15:44:36.602012,0.0000000,0.0000000,0.00,0.0000,0.0000,0.0000,0.0,0.00,0.000,0.000,IDLE
2026-08-18T15:44:37.601808,0.0000000,0.0000000,0.00,0.0000,0.0000,0.0000,0.0,0.00,0.000,0.000,IDLE
2026-08-18T15:44:38.601802,0.0000000,0.0000000,0.00,0.0000,0.0000,0.0000,0.0,0.00,0.000,0.000,IDLE
2026-08-18T15:44:39.601947,0.0000000,0.0000000,0.00,0.0000,0.0000,0.0000,0.0,0.00,0.000,0.000,IDLE
2026-08-18T15:44:40.601944,0.0000000,0.0000000,0.00,0.0000,0.0000,0.0000,0.0,0.00,0.000,0.000,IDLE
2026-08-18T15:44:41.601818,0.0000000,0.0000000,0.00,0.0000,0.0000,0.0000,0.0,0.00,0.000,0.000,IDLE
2026-08-18T15:44:42.601821,0.0000000,0.0000000,0.00,0.0000,0.0000,0.0000,0.0,0.00,0.000,0.000,IDLE
2026-08-18T15:44:43.601872,0.0000000,0.0000000,0.00,0.0000,0.0000,0.0000,0.0,0.00,0.000,0.000,IDLE
2026-08-18T15:44:44.601935,0.0000000,0.0000000,0.00,0.0000,0.0000,0.0000,0.0,0.00,0.000,0.000,IDLE
2026-08-18T15:44:45.601925,0.0000000,0.0000000,0.00,0.0000,0.0000,0.0000,0.0,0.00,0.000,0.000,IDLE
2026-08-18T15:44:46.601838,0.0000000,0.0000000,0.00,0.0000,0.0000,0.0000,0.0,0.00,0.000,0.000,IDLE
2026-08-18T15:44:47.601785,0.0000000,0.0000000,0.00,0.0000,0.0000,0.0000,0.0,0.00,0.000,0.000,IDLE
2026-08-18T15:44:48.601940,0.0000000,0.0000000,0.00,0.0000,0.0000,0.0000,0.0,0.00,0.000,0.000,IDLE
2026-08-18T15:44:49.601947,0.0000000,0.0000000,0.00,0.0000,0.0000,0.0000,0.0,0.00,0.000,0.000,IDLE
2026-08-18T15:44:50.601845,0.0000000,0.0000000,0.00,0.0000,0.0000,0.0000,0.0,0.00,0.000,0.000,IDLE
2026-08-18T15:44:51.601793,0.0000000,0.0000000,0.00,0.0000,0.0000,0.0000,0.0,0.00,0.000,0.000,IDLE
2026-08-18T15:44:52.601954,0.0000000,0.0000000,0.00,0.0000,0.0000,0.0000,0.0,0.00,0.000,0.000,IDLE
2026-08-18T15:44:53.601878,0.0000000,0.0000000,0.00,0.0000,0.0000,0.0000,0.0,0.00,0.000,0.000,IDLE
2026-08-18T15:44:54.601811,0.0000000,0.0000000,0.00,0.0000,0.0000,0.0000,0.0,0.00,0.000,0.000,IDLE
2026-08-18T15:44:55.601796,0.0000000,0.0000000,0.00,0.0000,0.0000,0.0000,0.0,0.00,0.000,0.000,IDLE
2026-08-18T15:44:56.601827,0.0000000,0.0000000,0.00,0.0000,0.0000,0.0000,0.0,0.00,0.000,0.000,IDLE
2026-08-18T15:44:57.601954,0.0000000,0.0000000,0.00,0.0000,0.0000,0.0000,0.0,0.00,0.000,0.000,IDLE
2026-08-18T15:44:58.601873,0.0000000,0.0000000,0.00,0.0000,0.0000,0.0000,0.0,0.00,0.000,0.000,IDLE
2026-08-18T15:44:59.601876,0.0000000,0.0000000,0.00,0.0000,0.0000,0.0000,0.0,0.00,0.000,0.000,IDLE
2026-08-18T15:45:00.601988,0.0000000,0.0000000,0.00,0.0000,0.0000,0.0000,0.0,0.00,0.000,0.000,IDLE
2026-08-18T15:45:01.601943,0.0000000,0.0000000,0.00,0.0000,0.0000,0.0000,0.0,0.00,0.000,0.000,IDLE
2026-08-18T15:45:02.601959,0.0000000,0.0000000,0.00,0.0000,0.0000,0.0000,0.0,0.00,0.000,0.000,IDLE
2026-08-18T15:45:03.601966,0.0000000,0.0000000,0.00,0.0000,0.0000,0.0000,0.0,0.00,0.000,0.000,IDLE
2026-08-18T15:45:04.601802,0.0000000,0.0000000,0.00,0.0000,0.0000,0.0000,0.0,0.00,0.000,0.000,IDLE
2026-08-18T15:45:05.601803,0.0000000,0.0000000,0.00,0.0000,0.0000,0.0000,0.0,0.00,0.000,0.000,IDLE
2026-08-18T15:45:06.601934,0.0000000,0.0000000,0.00,0.0000,0.0000,0.0000,0.0,0.00,0.000,0.000,IDLE
2026-08-18T15:45:07.601820,0.0000000,0.0000000,0.00,0.0000,0.0000,0.0000,0.0,0.00,0.000,0.000,IDLE
2026-08-18T15:45:08.601806,0.0000000,0.0000000,0.00,0.0000,0.0000,0.0000,0.0,0.00,0.000,0.000,IDLE
2026-08-18T15:45:09.601947,0.0000000,0.0000000,0.00,0.0000,0.0000,0.0000,0.0,0.00,0.000,0.000,IDLE
2026-08-18T15:45:10.601961,0.0000000,0.0000000,0.00,0.0000,0.0000,0.0000,0.0,0.00,0.000,0.000,IDLE
2026-08-18T15:45:11.601892,0.0000000,0.0000000,0.00,0.0000,0.0000,0.0000,0.0,0.00,0.000,0.000,IDLE
2026-08-18T15:45:12.601946,0.0000000,0.0000000,0.00,0.0000,0.0000,0.0000,0.0,0.00,0.000,0.000,IDLE
2026-08-18T15:45:13.601957,0.0000000,0.0000000,0.00,0.0000,0.0000,0.0000,0.0,0.00,0.000,0.000,IDLE
2026-08-18T15:45:14.601952,0.0000000,0.0000000,0.00,0.0000,0.0000,0.0000,0.0,0.00,0.000,0.000,IDLE
2026-08-18T15:45:15.602347,0.0000000,0.0000000,0.00,0.0000,0.0000,0.0000,0.0,0.00,0.000,0.000,IDLE
2026-08-18T15:45:16.601837,0.0000000,0.0000000,0.00,0.0000,0.0000,0.0000,0.0,0.00,0.000,0.000,IDLE
2026-08-18T15:45:17.601820,0.0000000,0.0000000,0.00,0.0000,0.0000,0.0000,0.0,0.00,0.000,0.000,IDLE
2026-08-18T15:45:18.601949,0.0000000,0.0000000,0.00,0.0000,0.0000,0.0000,0.0,0.00,0.000,0.000,IDLE
2026-08-18T15:45:19.601946,0.0000000,0.0000000,0.00,0.0000,0.0000,0.0000,0.0,0.00,0.000,0.000,IDLE
2026-08-18T15:45:20.601827,0.0000000,0.0000000,0.00,0.0000,0.0000,0.0000,0.0,0.00,0.000,0.000,IDLE
2026-08-18T15:45:21.601959,0.0000000,0.0000000,0.00,0.0000,0.0000,0.0000,0.0,0.00,0.000,0.000,IDLE
2026-08-18T15:45:22.601980,0.0000000,0.0000000,0.00,0.0000,0.0000,0.0000,0.0,0.00,0.000,0.000,IDLE
2026-08-18T15:45:23.601836,0.0000000,0.0000000,0.00,0.0000,0.0000,0.0000,0.0,0.00,0.000,0.000,IDLE
2026-08-18T15:45:24.601939,0.0000000,0.0000000,0.00,0.0000,0.0000,0.0000,0.0,0.00,0.000,0.000,IDLE
2026-08-18T15:45:25.602068,0.0000000,0.0000000,0.00,0.0000,0.0000,0.0000,0.0,0.00,0.000,0.000,IDLE
2026-08-18T15:45:26.601924,0.0000000,0.0000000,0.00,0.0000,0.0000,0.0000,0.0,0.00,0.000,0.000,IDLE
2026-08-18T15:45:27.601976,0.0000000,0.0000000,0.00,0.0000,0.0000,0.0000,0.0,0.00,0.000,0.000,IDLE
2026-08-18T15:45:28.601955,0.0000000,0.0000000,0.00,0.0000,0.0000,0.0000,0.0,0.00,0.000,0.000,IDLE
2026-08-18T15:45:29.601806,0.0000000,0.0000000,0.00,0.0000,0.0000,0.0000,0.0,0.00,0.000,0.000,IDLE
2026-08-18T15:45:30.601935,0.0000000,0.0000000,0.00,0.0000,0.0000,0.0000,0.0,0.00,0.000,0.000,IDLE
2026-08-18T15:45:31.601963,0.0000000,0.0000000,0.00,0.0000,0.0000,0.0000,0.0,0.00,0.000,0.000,IDLE
2026-08-18T15:45:32.601861,0.0000000,0.0000000,0.00,0.0000,0.0000,0.0000,0.0,0.00,0.000,0.000,IDLE
2026-08-18T15:45:33.601875,0.0000000,0.0000000,0.00,0.0000,0.0000,0.0000,0.0,0.00,0.000,0.000,IDLE
2026-08-18T15:45:34.604853,0.0000000,0.0000000,0.00,0.0000,0.0000,0.0000,0.0,0.00,0.000,0.000,IDLE
2026-08-18T15:45:35.601863,0.0000000,0.0000000,0.00,0.0000,0.0000,0.0000,0.0,0.00,0.000,0.000,IDLE
2026-08-18T15:45:36.601902,0.0000000,0.0000000,0.00,0.0000,0.0000,0.0000,0.0,0.00,0.000,0.000,IDLE
2026-08-18T15:45:37.601871,0.0000000,0.0000000,0.00,0.0000,0.0000,0.0000,0.0,0.00,0.000,0.000,IDLE
2026-08-18T15:45:38.601814,0.0000000,0.0000000,0.00,0.0000,0.0000,0.0000,0.0,0.00,0.000,0.000,IDLE
2026-08-18T15:45:39.601920,0.0000000,0.0000000,0.00,0.0000,0.0000,0.0000,0.0,0.00,0.000,0.000,IDLE
2026-08-18T15:45:40.602210,0.0000000,0.0000000,0.00,0.0000,0.0000,0.0000,0.0,0.00,0.000,0.000,IDLE
2026-08-18T15:45:41.601851,0.0000000,0.0000000,0.00,0.0000,0.0000,0.0000,0.0,0.00,0.000,0.000,IDLE
2026-08-18T15:45:42.601890,0.0000000,0.0000000,0.00,0.0000,0.0000,0.0000,0.0,0.00,0.000,0.000,IDLE
2026-08-18T15:45:43.601929,0.0000000,0.0000000,0.00,0.0000,0.0000,0.0000,0.0,0.00,0.000,0.000,IDLE
2026-08-18T15:45:44.601931,0.0000000,0.0000000,0.00,0.0000,0.0000,0.0000,0.0,0.00,0.000,0.000,IDLE
2026-08-18T15:45:45.601979,0.0000000,0.0000000,0.00,0.0000,0.0000,0.0000,0.0,0.00,0.000,0.000,IDLE
2026-08-18T15:45:46.601935,0.0000000,0.0000000,0.00,0.0000,0.0000,0.0000,0.0,0.00,0.000,0.000,IDLE
2026-08-18T15:45:47.601904,0.0000000,0.0000000,0.00,0.0000,0.0000,0.0000,0.0,0.00,0.000,0.000,IDLE
2026-08-18T15:45:48.602192,0.0000000,0.0000000,0.00,0.0000,0.0000,0.0000,0.0,0.00,0.000,0.000,IDLE
2026-08-18T15:45:49.601884,0.0000000,0.0000000,0.00,0.0000,0.0000,0.0000,0.0,0.00,0.000,0.000,IDLE
2026-08-18T15:45:50.601806,0.0000000,0.0000000,0.00,0.0000,0.0000,0.0000,0.0,0.00,0.000,0.000,IDLE
2026-08-18T15:45:51.601970,0.0000000,0.0000000,0.00,0.0000,0.0000,0.0000,0.0,0.00,0.000,0.000,IDLE
2026-08-18T15:45:52.601961,0.0000000,0.0000000,0.00,0.0000,0.0000,0.0000,0.0,0.00,0.000,0.000,IDLE
2026-08-18T15:45:53.601942,0.0000000,0.0000000,0.00,0.0000,0.0000,0.0000,0.0,0.00,0.000,0.000,IDLE
2026-08-18T15:45:54.601873,0.0000000,0.0000000,0.00,0.0000,0.0000,0.0000,0.0,0.00,0.000,0.000,IDLE
2026-08-18T15:45:55.601804,0.0000000,0.0000000,0.00,0.0000,0.0000,0.0000,0.0,0.00,0.000,0.000,IDLE
2026-08-18T15:45:56.601914,0.0000000,0.0000000,0.00,0.0000,0.0000,0.0000,0.0,0.00,0.000,0.000,IDLE
2026-08-18T15:45:57.601970,0.0000000,0.0000000,0.00,0.0000,0.0000,0.0000,0.0,0.00,0.000,0.000,IDLE
2026-08-18T15:45:58.601844,0.0000000,0.0000000,0.00,0.0000,0.0000,0.0000,0.0,0.00,0.000,0.000,IDLE
2026-08-18T15:45:59.601789,0.0000000,0.0000000,0.00,0.0000,0.0000,0.0000,0.0,0.00,0.000,0.000,IDLE
2026-08-18T15:46:00.601923,0.0000000,0.0000000,0.00,0.0000,0.0000,0.0000,0.0,0.00,0.000,0.000,IDLE
2026-08-18T15:46:01.601928,0.0000000,0.0000000,0.00,0.0000,0.0000,0.0000,0.0,0.00,0.000,0.000,IDLE
2026-08-18T15:46:02.601811,0.0000000,0.0000000,0.00,0.0000,0.0000,0.0000,0.0,0.00,0.000,0.000,IDLE
2026-08-18T15:46:03.601778,0.0000000,0.0000000,0.00,0.0000,0.0000,0.0000,0.0,0.00,0.000,0.000,IDLE
2026-08-18T15:46:04.601923,0.0000000,0.0000000,0.00,0.0000,0.0000,0.0000,0.0,0.00,0.000,0.000,IDLE
2026-08-18T15:46:05.601917,0.0000000,0.0000000,0.00,0.0000,0.0000,0.0000,0.0,0.00,0.000,0.000,IDLE
2026-08-18T15:46:06.601833,0.0000000,0.0000000,0.00,0.0000,0.0000,0.0000,0.0,0.00,0.000,0.000,IDLE
2026-08-18T15:46:07.601812,0.0000000,0.0000000,0.00,0.0000,0.0000,0.0000,0.0,0.00,0.000,0.000,IDLE
2026-08-18T15:46:08.601930,0.0000000,0.0000000,0.00,0.0000,0.0000,0.0000,0.0,0.00,0.000,0.000,IDLE
2026-08-18T15:46:09.601922,0.0000000,0.0000000,0.00,0.0000,0.0000,0.0000,0.0,0.00,0.000,0.000,IDLE
2026-08-18T15:46:10.601803,0.0000000,0.0000000,0.00,0.0000,0.0000,0.0000,0.0,0.00,0.000,0.000,IDLE
2026-08-18T15:46:11.601812,0.0000000,0.0000000,0.00,0.0000,0.0000,0.0000,0.0,0.00,0.000,0.000,IDLE
2026-08-18T15:46:12.601804,0.0000000,0.0000000,0.00,0.0000,0.0000,0.0000,0.0,0.00,0.000,0.000,IDLE
2026-08-18T15:46:13.601940,0.0000000,0.0000000,0.00,0.0000,0.0000,0.0000,0.0,0.00,0.000,0.000,IDLE
2026-08-18T15:46:14.601953,0.0000000,0.0000000,0.00,0.0000,0.0000,0.0000,0.0,0.00,0.000,0.000,IDLE
2026-08-18T15:46:15.601993,0.0000000,0.0000000,0.00,0.0000,0.0000,0.0000,0.0,0.00,0.000,0.000,IDLE
2026-08-18T15:46:16.601850,0.0000000,0.0000000,0.00,0.0000,0.0000,0.0000,0.0,0.00,0.000,0.000,IDLE
2026-08-18T15:46:17.601919,0.0000000,0.0000000,0.00,0.0000,0.0000,0.0000,0.0,0.00,0.000,0.000,IDLE
2026-08-18T15:46:18.601991,0.0000000,0.0000000,0.00,0.0000,0.0000,0.0000,0.0,0.00,0.000,0.000,IDLE
2026-08-18T15:46:19.601971,0.0000000,0.0000000,0.00,0.0000,0.0000,0.0000,0.0,0.00,0.000,0.000,IDLE
2026-08-18T15:46:20.602265,0.0000000,0.0000000,0.00,0.0000,0.0000,0.0000,0.0,0.00,0.000,0.000,IDLE
2026-08-18T15:46:21.601910,0.0000000,0.0000000,0.00,0.0000,0.0000,0.0000,0.0,0.00,0.000,0.000,IDLE
2026-08-18T15:46:22.601807,0.0000000,0.0000000,0.00,0.0000,0.0000,0.0000,0.0,0.00,0.000,0.000,IDLE
2026-08-18T15:46:23.601933,0.0000000,0.0000000,0.00,0.0000,0.0000,0.0000,0.0,0.00,0.000,0.000,IDLE
2026-08-18T15:46:24.601897,0.0000000,0.0000000,0.00,0.0000,0.0000,0.0000,0.0,0.00,0.000,0.000,IDLE
2026-08-18T15:46:25.601901,0.0000000,0.0000000,0.00,0.0000,0.0000,0.0000,0.0,0.00,0.000,0.000,IDLE
2026-08-18T15:46:26.601896,0.0000000,0.0000000,0.00,0.0000,0.0000,0.0000,0.0,0.00,0.000,0.000,IDLE
2026-08-18T15:46:27.601876,0.0000000,0.0000000,0.00,0.0000,0.0000,0.0000,0.0,0.00,0.000,0.000,IDLE
2026-08-18T15:46:28.601832,0.0000000,0.0000000,0.00,0.0000,0.0000,0.0000,0.0,0.00,0.000,0.000,IDLE
2026-08-18T15:46:29.601905,0.0000000,0.0000000,0.00,0.0000,0.0000,0.0000,0.0,0.00,0.000,0.000,IDLE
2026-08-18T15:46:30.601888,0.0000000,0.0000000,0.00,0.0000,0.0000,0.0000,0.0,0.00,0.000,0.000,IDLE
2026-08-18T15:46:31.601880,0.0000000,0.0000000,0.00,0.0000,0.0000,0.0000,0.0,0.00,0.000,0.000,IDLE
2026-08-18T15:46:32.601903,0.0000000,0.0000000,0.00,0.0000,0.0000,0.0000,0.0,0.00,0.000,0.000,IDLE
2026-08-18T15:46:33.601820,0.0000000,0.0000000,0.00,0.0000,0.0000,0.0000,0.0,0.00,0.000,0.000,IDLE
2026-08-18T15:46:34.602012,0.0000000,0.0000000,0.00,0.0000,0.0000,0.0000,0.0,0.00,0.000,0.000,IDLE
2026-08-18T15:46:35.601810,0.0000000,0.0000000,0.00,0.0000,0.0000,0.0000,0.0,0.00,0.000,0.000,IDLE
2026-08-18T15:46:36.601798,0.0000000,0.0000000,0.00,0.0000,0.0000,0.0000,0.0,0.00,0.000,0.000,IDLE
2026-08-18T15:46:37.601908,0.0000000,0.0000000,0.00,0.0000,0.0000,0.0000,0.0,0.00,0.000,0.000,IDLE
2026-08-18T15:46:38.601899,0.0000000,0.0000000,0.00,0.0000,0.0000,0.0000,0.0,0.00,0.000,0.000,IDLE
2026-08-18T15:46:39.601947,0.0000000,0.0000000,0.00,0.0000,0.0000,0.0000,0.0,0.00,0.000,0.000,IDLE
2026-08-18T15:46:40.601837,0.0000000,0.0000000,0.00,0.0000,0.0000,0.0000,0.0,0.00,0.000,0.000,IDLE
2026-08-18T15:46:41.601796,0.0000000,0.0000000,0.00,0.0000,0.0000,0.0000,0.0,0.00,0.000,0.000,IDLE
2026-08-18T15:46:42.601939,0.0000000,0.0000000,0.00,0.0000,0.0000,0.0000,0.0,0.00,0.000,0.000,IDLE
2026-08-18T15:46:43.601924,0.0000000,0.0000000,0.00,0.0000,0.0000,0.0000,0.0,0.00,0.000,0.000,IDLE
2026-08-18T15:46:44.601970,0.0000000,0.0000000,0.00,0.0000,0.0000,0.0000,0.0,0.00,0.000,0.000,IDLE
2026-08-18T15:46:45.601817,0.0000000,0.0000000,0.00,0.0000,0.0000,0.0000,0.0,0.00,0.000,0.000,IDLE
2026-08-18T15:46:46.601802,0.0000000,0.0000000,0.00,0.0000,0.0000,0.0000,0.0,0.00,0.000,0.000,IDLE
2026-08-18T15:46:47.601845,0.0000000,0.0000000,0.00,0.0000,0.0000,0.0000,0.0,0.00,0.000,0.000,IDLE
2026-08-18T15:46:48.601803,0.0000000,0.0000000,0.00,0.0000,0.0000,0.0000,0.0,0.00,0.000,0.000,IDLE
2026-08-18T15:46:49.601848,0.0000000,0.0000000,0.00,0.0000,0.0000,0.0000,0.0,0.00,0.000,0.000,IDLE
2026-08-18T15:46:50.601806,0.0000000,0.0000000,0.00,0.0000,0.0000,0.0000,0.0,0.00,0.000,0.000,IDLE
2026-08-18T15:46:51.601778,0.0000000,0.0000000,0.00,0.0000,0.0000,0.0000,0.0,0.00,0.000,0.000,IDLE
2026-08-18T15:46:52.601804,0.0000000,0.0000000,0.00,0.0000,0.0000,0.0000,0.0,0.00,0.000,0.000,IDLE
2026-08-18T15:46:53.601814,0.0000000,0.0000000,0.00,0.0000,0.0000,0.0000,0.0,0.00,0.000,0.000,IDLE
2026-08-18T15:46:54.601925,0.0000000,0.0000000,0.00,0.0000,0.0000,0.0000,0.0,0.00,0.000,0.000,IDLE
2026-08-18T15:46:55.602169,0.0000000,0.0000000,0.00,0.0000,0.0000,0.0000,0.0,0.00,0.000,0.000,IDLE
2026-08-18T15:46:56.601905,0.0000000,0.0000000,0.00,0.0000,0.0000,0.0000,0.0,0.00,0.000,0.000,IDLE
2026-08-18T15:46:57.601956,0.0000000,0.0000000,0.00,0.0000,0.0000,0.0000,0.0,0.00,0.000,0.000,IDLE
2026-08-18T15:46:58.601948,0.0000000,0.0000000,0.00,0.0000,0.0000,0.0000,0.0,0.00,0.000,0.000,IDLE
2026-08-18T15:46:59.601953,0.0000000,0.0000000,0.00,0.0000,0.0000,0.0000,0.0,0.00,0.000,0.000,IDLE
2026-08-18T15:47:00.601919,0.0000000,0.0000000,0.00,0.0000,0.0000,0.0000,0.0,0.00,0.000,0.000,IDLE
2026-08-18T15:47:01.601768,0.0000000,0.0000000,0.00,0.0000,0.0000,0.0000,0.0,0.00,0.000,0.000,IDLE
2026-08-18T15:47:02.601873,0.0000000,0.0000000,0.00,0.0000,0.0000,0.0000,0.0,0.00,0.000,0.000,IDLE
2026-08-18T15:47:03.601865,0.0000000,0.0000000,0.00,0.0000,0.0000,0.0000,0.0,0.00,0.000,0.000,IDLE
2026-08-18T15:47:04.601806,0.0000000,0.0000000,0.00,0.0000,0.0000,0.0000,0.0,0.00,0.000,0.000,IDLE
2026-08-18T15:47:05.601793,0.0000000,0.0000000,0.00,0.0000,0.0000,0.0000,0.0,0.00,0.000,0.000,IDLE
2026-08-18T15:47:06.602050,0.0000000,0.0000000,0.00,0.0000,0.0000,0.0000,0.0,0.00,0.000,0.000,IDLE
2026-08-18T15:47:07.601830,0.0000000,0.0000000,0.00,0.0000,0.0000,0.0000,0.0,0.00,0.000,0.000,IDLE
2026-08-18T15:47:08.601772,0.0000000,0.0000000,0.00,0.0000,0.0000,0.0000,0.0,0.00,0.000,0.000,IDLE
2026-08-18T15:47:09.601805,0.0000000,0.0000000,0.00,0.0000,0.0000,0.0000,0.0,0.00,0.000,0.000,IDLE
2026-08-18T15:47:10.601942,0.0000000,0.0000000,0.00,0.0000,0.0000,0.0000,0.0,0.00,0.000,0.000,IDLE
2026-08-18T15:47:11.601884,0.0000000,0.0000000,0.00,0.0000,0.0000,0.0000,0.0,0.00,0.000,0.000,IDLE
2026-08-18T15:47:12.601921,0.0000000,0.0000000,0.00,0.0000,0.0000,0.0000,0.0,0.00,0.000,0.000,IDLE
2026-08-18T15:47:13.601873,0.0000000,0.0000000,0.00,0.0000,0.0000,0.0000,0.0,0.00,0.000,0.000,IDLE
2026-08-18T15:47:14.601819,0.0000000,0.0000000,0.00,0.0000,0.0000,0.0000,0.0,0.00,0.000,0.000,IDLE
2026-08-18T15:47:15.601825,0.0000000,0.0000000,0.00,0.0000,0.0000,0.0000,0.0,0.00,0.000,0.000,IDLE
2026-08-18T15:47:16.601870,0.0000000,0.0000000,0.00,0.0000,0.0000,0.0000,0.0,0.00,0.000,0.000,IDLE
2026-08-18T15:47:17.601919,0.0000000,0.0000000,0.00,0.0000,0.0000,0.0000,0.0,0.00,0.000,0.000,IDLE
2026-08-18T15:47:18.602272,0.0000000,0.0000000,0.00,0.0000,0.0000,0.0000,0.0,0.00,0.000,0.000,IDLE
2026-08-18T15:47:19.601912,0.0000000,0.0000000,0.00,0.0000,0.0000,0.0000,0.0,0.00,0.000,0.000,IDLE
2026-08-18T15:47:20.601979,0.0000000,0.0000000,0.00,0.0000,0.0000,0.0000,0.0,0.00,0.000,0.000,IDLE
2026-08-18T15:47:21.601973,0.0000000,0.0000000,0.00,0.0000,0.0000,0.0000,0.0,0.00,0.000,0.000,IDLE
2026-08-18T15:47:22.601919,0.0000000,0.0000000,0.00,0.0000,0.0000,0.0000,0.0,0.00,0.000,0.000,IDLE
2026-08-18T15:47:23.601823,0.0000000,0.0000000,0.00,0.0000,0.0000,0.0000,0.0,0.00,0.000,0.000,IDLE
2026-08-18T15:47:24.601892,0.0000000,0.0000000,0.00,0.0000,0.0000,0.0000,0.0,0.00,0.000,0.000,IDLE
2026-08-18T15:47:25.601766,0.0000000,0.0000000,0.00,0.0000,0.0000,0.0000,0.0,0.00,0.000,0.000,IDLE
2026-08-18T15:47:26.602111,0.0000000,0.0000000,0.00,0.0000,0.0000,0.0000,0.0,0.00,0.000,0.000,IDLE
2026-08-18T15:47:27.601796,0.0000000,0.0000000,0.00,0.0000,0.0000,0.0000,0.0,0.00,0.000,0.000,IDLE
2026-08-18T15:47:28.602038,0.0000000,0.0000000,0.00,0.0000,0.0000,0.0000,0.0,0.00,0.000,0.000,IDLE
2026-08-18T15:47:29.601839,0.0000000,0.0000000,0.00,0.0000,0.0000,0.0000,0.0,0.00,0.000,0.000,IDLE
2026-08-18T15:47:30.601890,0.0000000,0.0000000,0.00,0.0000,0.0000,0.0000,0.0,0.00,0.000,0.000,IDLE
2026-08-18T15:47:31.601853,0.0000000,0.0000000,0.00,0.0000,0.0000,0.0000,0.0,0.00,0.000,0.000,IDLE
2026-08-18T15:47:32.602002,0.0000000,0.0000000,0.00,0.0000,0.0000,0.0000,0.0,0.00,0.000,0.000,IDLE
2026-08-18T15:47:33.601808,0.0000000,0.0000000,0.00,0.0000,0.0000,0.0000,0.0,0.00,0.000,0.000,IDLE
2026-08-18T15:47:34.602165,0.0000000,0.0000000,0.00,0.0000,0.0000,0.0000,0.0,0.00,0.000,0.000,IDLE
2026-08-18T15:47:35.601866,0.0000000,0.0000000,0.00,0.0000,0.0000,0.0000,0.0,0.00,0.000,0.000,IDLE
2026-08-18T15:47:36.601970,0.0000000,0.0000000,0.00,0.0000,0.0000,0.0000,0.0,0.00,0.000,0.000,IDLE
2026-08-18T15:47:37.601823,0.0000000,0.0000000,0.00,0.0000,0.0000,0.0000,0.0,0.00,0.000,0.000,IDLE
2026-08-18T15:47:38.602411,0.0000000,0.0000000,0.00,0.0000,0.0000,0.0000,0.0,0.00,0.000,0.000,IDLE
2026-08-18T15:47:39.602001,0.0000000,0.0000000,0.00,0.0000,0.0000,0.0000,0.0,0.00,0.000,0.000,IDLE
2026-08-18T15:47:40.601816,0.0000000,0.0000000,0.00,0.0000,0.0000,0.0000,0.0,0.00,0.000,0.000,IDLE
2026-08-18T15:47:41.601827,0.0000000,0.0000000,0.00,0.0000,0.0000,0.0000,0.0,0.00,0.000,0.000,IDLE
2026-08-18T15:47:42.601911,0.0000000,0.0000000,0.00,0.0000,0.0000,0.0000,0.0,0.00,0.000,0.000,IDLE
2026-08-18T15:47:43.601917,0.0000000,0.0000000,0.00,0.0000,0.0000,0.0000,0.0,0.00,0.000,0.000,IDLE
2026-08-18T15:47:44.601798,0.0000000,0.0000000,0.00,0.0000,0.0000,0.0000,0.0,0.00,0.000,0.000,IDLE
2026-08-18T15:47:45.601798,0.0000000,0.0000000,0.00,0.0000,0.0000,0.0000,0.0,0.00,0.000,0.000,IDLE
2026-08-18T15:47:46.601939,0.0000000,0.0000000,0.00,0.0000,0.0000,0.0000,0.0,0.00,0.000,0.000,IDLE
2026-08-18T15:47:47.602081,0.0000000,0.0000000,0.00,0.0000,0.0000,0.0000,0.0,0.00,0.000,0.000,IDLE
2026-08-18T15:47:48.601806,0.0000000,0.0000000,0.00,0.0000,0.0000,0.0000,0.0,0.00,0.000,0.000,IDLE
2026-08-18T15:47:49.601790,0.0000000,0.0000000,0.00,0.0000,0.0000,0.0000,0.0,0.00,0.000,0.000,IDLE
2026-08-18T15:47:50.601872,0.0000000,0.0000000,0.00,0.0000,0.0000,0.0000,0.0,0.00,0.000,0.000,IDLE
2026-08-18T15:47:51.601938,0.0000000,0.0000000,0.00,0.0000,0.0000,0.0000,0.0,0.00,0.000,0.000,IDLE
2026-08-18T15:47:52.601947,0.0000000,0.0000000,0.00,0.0000,0.0000,0.0000,0.0,0.00,0.000,0.000,IDLE
2026-08-18T15:47:53.601914,0.0000000,0.0000000,0.00,0.0000,0.0000,0.0000,0.0,0.00,0.000,0.000,IDLE
2026-08-18T15:47:54.601875,0.0000000,0.0000000,0.00,0.0000,0.0000,0.0000,0.0,0.00,0.000,0.000,IDLE
2026-08-18T15:47:55.602184,0.0000000,0.0000000,0.00,0.0000,0.0000,0.0000,0.0,0.00,0.000,0.000,IDLE
2026-08-18T15:47:56.601914,0.0000000,0.0000000,0.00,0.0000,0.0000,0.0000,0.0,0.00,0.000,0.000,IDLE
2026-08-18T15:47:57.601926,0.0000000,0.0000000,0.00,0.0000,0.0000,0.0000,0.0,0.00,0.000,0.000,IDLE
2026-08-18T15:47:58.601926,0.0000000,0.0000000,0.00,0.0000,0.0000,0.0000,0.0,0.00,0.000,0.000,IDLE
2026-08-18T15:47:59.601949,0.0000000,0.0000000,0.00,0.0000,0.0000,0.0000,0.0,0.00,0.000,0.000,IDLE
2026-08-18T15:48:00.601890,0.0000000,0.0000000,0.00,0.0000,0.0000,0.0000,0.0,0.00,0.000,0.000,IDLE
2026-08-18T15:48:01.601947,0.0000000,0.0000000,0.00,0.0000,0.0000,0.0000,0.0,0.00,0.000,0.000,IDLE
2026-08-18T15:48:02.601833,0.0000000,0.0000000,0.00,0.0000,0.0000,0.0000,0.0,0.00,0.000,0.000,IDLE
2026-08-18T15:48:03.601901,0.0000000,0.0000000,0.00,0.0000,0.0000,0.0000,0.0,0.00,0.000,0.000,IDLE
2026-08-18T15:48:04.601925,0.0000000,0.0000000,0.00,0.0000,0.0000,0.0000,0.0,0.00,0.000,0.000,IDLE
2026-08-18T15:48:05.601987,0.0000000,0.0000000,0.00,0.0000,0.0000,0.0000,0.0,0.00,0.000,0.000,IDLE
2026-08-18T15:48:06.601892,0.0000000,0.0000000,0.00,0.0000,0.0000,0.0000,0.0,0.00,0.000,0.000,IDLE
2026-08-18T15:48:07.601899,0.0000000,0.0000000,0.00,0.0000,0.0000,0.0000,0.0,0.00,0.000,0.000,IDLE
2026-08-18T15:48:08.601836,0.0000000,0.0000000,0.00,0.0000,0.0000,0.0000,0.0,0.00,0.000,0.000,IDLE
2026-08-18T15:48:09.601915,0.0000000,0.0000000,0.00,0.0000,0.0000,0.0000,0.0,0.00,0.000,0.000,IDLE
2026-08-18T15:48:10.601920,0.0000000,0.0000000,0.00,0.0000,0.0000,0.0000,0.0,0.00,0.000,0.000,IDLE
2026-08-18T15:48:11.601935,0.0000000,0.0000000,0.00,0.0000,0.0000,0.0000,0.0,0.00,0.000,0.000,IDLE
2026-08-18T15:48:12.601801,0.0000000,0.0000000,0.00,0.0000,0.0000,0.0000,0.0,0.00,0.000,0.000,IDLE
2026-08-18T15:48:13.602226,0.0000000,0.0000000,0.00,0.0000,0.0000,0.0000,0.0,0.00,0.000,0.000,IDLE
2026-08-18T15:48:14.601833,0.0000000,0.0000000,0.00,0.0000,0.0000,0.0000,0.0,0.00,0.000,0.000,IDLE
2026-08-18T15:48:15.601793,0.0000000,0.0000000,0.00,0.0000,0.0000,0.0000,0.0,0.00,0.000,0.000,IDLE
2026-08-18T15:48:16.601939,0.0000000,0.0000000,0.00,0.0000,0.0000,0.0000,0.0,0.00,0.000,0.000,IDLE
2026-08-18T15:48:17.601957,0.0000000,0.0000000,0.00,0.0000,0.0000,0.0000,0.0,0.00,0.000,0.000,IDLE
2026-08-18T15:48:18.601808,0.0000000,0.0000000,0.00,0.0000,0.0000,0.0000,0.0,0.00,0.000,0.000,IDLE
2026-08-18T15:48:19.601805,0.0000000,0.0000000,0.00,0.0000,0.0000,0.0000,0.0,0.00,0.000,0.000,IDLE
2026-08-18T15:48:20.601824,0.0000000,0.0000000,0.00,0.0000,0.0000,0.0000,0.0,0.00,0.000,0.000,IDLE
2026-08-18T15:48:21.601915,0.0000000,0.0000000,0.00,0.0000,0.0000,0.0000,0.0,0.00,0.000,0.000,IDLE
2026-08-18T15:48:22.601866,0.0000000,0.0000000,0.00,0.0000,0.0000,0.0000,0.0,0.00,0.000,0.000,IDLE
2026-08-18T15:48:23.601819,0.0000000,0.0000000,0.00,0.0000,0.0000,0.0000,0.0,0.00,0.000,0.000,IDLE
2026-08-18T15:48:24.601942,0.0000000,0.0000000,0.00,0.0000,0.0000,0.0000,0.0,0.00,0.000,0.000,IDLE
2026-08-18T15:48:25.602254,0.0000000,0.0000000,0.00,0.0000,0.0000,0.0000,0.0,0.00,0.000,0.000,IDLE
2026-08-18T15:48:26.601839,0.0000000,0.0000000,0.00,0.0000,0.0000,0.0000,0.0,0.00,0.000,0.000,IDLE
2026-08-18T15:48:27.601820,0.0000000,0.0000000,0.00,0.0000,0.0000,0.0000,0.0,0.00,0.000,0.000,IDLE
2026-08-18T15:48:28.601810,0.0000000,0.0000000,0.00,0.0000,0.0000,0.0000,0.0,0.00,0.000,0.000,IDLE
2026-08-18T15:48:29.601947,0.0000000,0.0000000,0.00,0.0000,0.0000,0.0000,0.0,0.00,0.000,0.000,IDLE
2026-08-18T15:48:30.601930,0.0000000,0.0000000,0.00,0.0000,0.0000,0.0000,0.0,0.00,0.000,0.000,IDLE
2026-08-18T15:48:31.601803,0.0000000,0.0000000,0.00,0.0000,0.0000,0.0000,0.0,0.00,0.000,0.000,IDLE
2026-08-18T15:48:32.601816,0.0000000,0.0000000,0.00,0.0000,0.0000,0.0000,0.0,0.00,0.000,0.000,IDLE
2026-08-18T15:48:33.601922,0.0000000,0.0000000,0.00,0.0000,0.0000,0.0000,0.0,0.00,0.000,0.000,IDLE
2026-08-18T15:48:34.601932,0.0000000,0.0000000,0.00,0.0000,0.0000,0.0000,0.0,0.00,0.000,0.000,IDLE
2026-08-18T15:48:35.601813,0.0000000,0.0000000,0.00,0.0000,0.0000,0.0000,0.0,0.00,0.000,0.000,IDLE
2026-08-18T15:48:36.601792,0.0000000,0.0000000,0.00,0.0000,0.0000,0.0000,0.0,0.00,0.000,0.000,IDLE
2026-08-18T15:48:37.601956,0.0000000,0.0000000,0.00,0.0000,0.0000,0.0000,0.0,0.00,0.000,0.000,IDLE
2026-08-18T15:48:38.601815,0.0000000,0.0000000,0.00,0.0000,0.0000,0.0000,0.0,0.00,0.000,0.000,IDLE
2026-08-18T15:48:39.601967,0.0000000,0.0000000,0.00,0.0000,0.0000,0.0000,0.0,0.00,0.000,0.000,IDLE
2026-08-18T15:48:40.601892,0.0000000,0.0000000,0.00,0.0000,0.0000,0.0000,0.0,0.00,0.000,0.000,IDLE
2026-08-18T15:48:41.601996,0.0000000,0.0000000,0.00,0.0000,0.0000,0.0000,0.0,0.00,0.000,0.000,IDLE
2026-08-18T15:48:42.601953,0.0000000,0.0000000,0.00,0.0000,0.0000,0.0000,0.0,0.00,0.000,0.000,IDLE
2026-08-18T15:48:43.601934,0.0000000,0.0000000,0.00,0.0000,0.0000,0.0000,0.0,0.00,0.000,0.000,IDLE
2026-08-18T15:48:44.601851,0.0000000,0.0000000,0.00,0.0000,0.0000,0.0000,0.0,0.00,0.000,0.000,IDLE
2026-08-18T15:48:45.601949,0.0000000,0.0000000,0.00,0.0000,0.0000,0.0000,0.0,0.00,0.000,0.000,IDLE
2026-08-18T15:48:46.601967,0.0000000,0.0000000,0.00,0.0000,0.0000,0.0000,0.0,0.00,0.000,0.000,IDLE
2026-08-18T15:48:47.601998,0.0000000,0.0000000,0.00,0.0000,0.0000,0.0000,0.0,0.00,0.000,0.000,IDLE
2026-08-18T15:48:48.601992,0.0000000,0.0000000,0.00,0.0000,0.0000,0.0000,0.0,0.00,0.000,0.000,IDLE
2026-08-18T15:48:49.601864,0.0000000,0.0000000,0.00,0.0000,0.0000,0.0000,0.0,0.00,0.000,0.000,IDLE
2026-08-18T15:48:50.601950,0.0000000,0.0000000,0.00,0.0000,0.0000,0.0000,0.0,0.00,0.000,0.000,IDLE
2026-08-18T15:48:51.601936,0.0000000,0.0000000,0.00,0.0000,0.0000,0.0000,0.0,0.00,0.000,0.000,IDLE
2026-08-18T15:48:52.601912,0.0000000,0.0000000,0.00,0.0000,0.0000,0.0000,0.0,0.00,0.000,0.000,IDLE
2026-08-18T15:48:53.601961,0.0000000,0.0000000,0.00,0.0000,0.0000,0.0000,0.0,0.00,0.000,0.000,IDLE
2026-08-18T15:48:54.601830,0.0000000,0.0000000,0.00,0.0000,0.0000,0.0000,0.0,0.00,0.000,0.000,IDLE
2026-08-18T15:48:55.601839,0.0000000,0.0000000,0.00,0.0000,0.0000,0.0000,0.0,0.00,0.000,0.000,IDLE
2026-08-18T15:48:56.601877,0.0000000,0.0000000,0.00,0.0000,0.0000,0.0000,0.0,0.00,0.000,0.000,IDLE
2026-08-18T15:48:57.601807,0.0000000,0.0000000,0.00,0.0000,0.0000,0.0000,0.0,0.00,0.000,0.000,IDLE
2026-08-18T15:48:58.601855,0.0000000,0.0000000,0.00,0.0000,0.0000,0.0000,0.0,0.00,0.000,0.000,IDLE
2026-08-18T15:48:59.601960,0.0000000,0.0000000,0.00,0.0000,0.0000,0.0000,0.0,0.00,0.000,0.000,IDLE
2026-08-18T15:49:00.601938,0.0000000,0.0000000,0.00,0.0000,0.0000,0.0000,0.0,0.00,0.000,0.000,IDLE
2026-08-18T15:49:01.602009,0.0000000,0.0000000,0.00,0.0000,0.0000,0.0000,0.0,0.00,0.000,0.000,IDLE
2026-08-18T15:49:02.601824,0.0000000,0.0000000,0.00,0.0000,0.0000,0.0000,0.0,0.00,0.000,0.000,IDLE
2026-08-18T15:49:03.601891,0.0000000,0.0000000,0.00,0.0000,0.0000,0.0000,0.0,0.00,0.000,0.000,IDLE
2026-08-18T15:49:04.601892,0.0000000,0.0000000,0.00,0.0000,0.0000,0.0000,0.0,0.00,0.000,0.000,IDLE
2026-08-18T15:49:05.601932,0.0000000,0.0000000,0.00,0.0000,0.0000,0.0000,0.0,0.00,0.000,0.000,IDLE
2026-08-18T15:49:06.601909,0.0000000,0.0000000,0.00,0.0000,0.0000,0.0000,0.0,0.00,0.000,0.000,IDLE
2026-08-18T15:49:07.601830,0.0000000,0.0000000,0.00,0.0000,0.0000,0.0000,0.0,0.00,0.000,0.000,IDLE
2026-08-18T15:49:08.601928,0.0000000,0.0000000,0.00,0.0000,0.0000,0.0000,0.0,0.00,0.000,0.000,IDLE
2026-08-18T15:49:09.601800,0.0000000,0.0000000,0.00,0.0000,0.0000,0.0000,0.0,0.00,0.000,0.000,IDLE
2026-08-18T15:49:10.601814,0.0000000,0.0000000,0.00,0.0000,0.0000,0.0000,0.0,0.00,0.000,0.000,IDLE
2026-08-18T15:49:11.601958,0.0000000,0.0000000,0.00,0.0000,0.0000,0.0000,0.0,0.00,0.000,0.000,IDLE
2026-08-18T15:49:12.601947,0.0000000,0.0000000,0.00,0.0000,0.0000,0.0000,0.0,0.00,0.000,0.000,IDLE
2026-08-18T15:49:13.601888,0.0000000,0.0000000,0.00,0.0000,0.0000,0.0000,0.0,0.00,0.000,0.000,IDLE
2026-08-18T15:49:14.601851,0.0000000,0.0000000,0.00,0.0000,0.0000,0.0000,0.0,0.00,0.000,0.000,IDLE
2026-08-18T15:49:15.601946,0.0000000,0.0000000,0.00,0.0000,0.0000,0.0000,0.0,0.00,0.000,0.000,IDLE
2026-08-18T15:49:16.601935,0.0000000,0.0000000,0.00,0.0000,0.0000,0.0000,0.0,0.00,0.000,0.000,IDLE
2026-08-18T15:49:17.601908,0.0000000,0.0000000,0.00,0.0000,0.0000,0.0000,0.0,0.00,0.000,0.000,IDLE
2026-08-18T15:49:18.601921,0.0000000,0.0000000,0.00,0.0000,0.0000,0.0000,0.0,0.00,0.000,0.000,IDLE
2026-08-18T15:49:19.601813,0.0000000,0.0000000,0.00,0.0000,0.0000,0.0000,0.0,0.00,0.000,0.000,IDLE
2026-08-18T15:49:20.601891,0.0000000,0.0000000,0.00,0.0000,0.0000,0.0000,0.0,0.00,0.000,0.000,IDLE
2026-08-18T15:49:21.601921,0.0000000,0.0000000,0.00,0.0000,0.0000,0.0000,0.0,0.00,0.000,0.000,IDLE
2026-08-18T15:49:22.601979,0.0000000,0.0000000,0.00,0.0000,0.0000,0.0000,0.0,0.00,0.000,0.000,IDLE
2026-08-18T15:49:23.601792,0.0000000,0.0000000,0.00,0.0000,0.0000,0.0000,0.0,0.00,0.000,0.000,IDLE
2026-08-18T15:49:24.601953,0.0000000,0.0000000,0.00,0.0000,0.0000,0.0000,0.0,0.00,0.000,0.000,IDLE
2026-08-18T15:49:25.601912,0.0000000,0.0000000,0.00,0.0000,0.0000,0.0000,0.0,0.00,0.000,0.000,IDLE
2026-08-18T15:49:26.601811,0.0000000,0.0000000,0.00,0.0000,0.0000,0.0000,0.0,0.00,0.000,0.000,IDLE
2026-08-18T15:49:27.602001,0.0000000,0.0000000,0.00,0.0000,0.0000,0.0000,0.0,0.00,0.000,0.000,IDLE
2026-08-18T15:49:28.601936,0.0000000,0.0000000,0.00,0.0000,0.0000,0.0000,0.0,0.00,0.000,0.000,IDLE
2026-08-18T15:49:29.602013,0.0000000,0.0000000,0.00,0.0000,0.0000,0.0000,0.0,0.00,0.000,0.000,IDLE
2026-08-18T15:49:30.601973,0.0000000,0.0000000,0.00,0.0000,0.0000,0.0000,0.0,0.00,0.000,0.000,IDLE
2026-08-18T15:49:31.601818,0.0000000,0.0000000,0.00,0.0000,0.0000,0.0000,0.0,0.00,0.000,0.000,IDLE
2026-08-18T15:49:32.601853,0.0000000,0.0000000,0.00,0.0000,0.0000,0.0000,0.0,0.00,0.000,0.000,IDLE
2026-08-18T15:49:33.601857,0.0000000,0.0000000,0.00,0.0000,0.0000,0.0000,0.0,0.00,0.000,0.000,IDLE
2026-08-18T15:49:34.601799,0.0000000,0.0000000,0.00,0.0000,0.0000,0.0000,0.0,0.00,0.000,0.000,IDLE
2026-08-18T15:49:35.601893,0.0000000,0.0000000,0.00,0.0000,0.0000,0.0000,0.0,0.00,0.000,0.000,IDLE
2026-08-18T15:49:36.601833,0.0000000,0.0000000,0.00,0.0000,0.0000,0.0000,0.0,0.00,0.000,0.000,IDLE
2026-08-18T15:49:37.601978,0.0000000,0.0000000,0.00,0.0000,0.0000,0.0000,0.0,0.00,0.000,0.000,IDLE
2026-08-18T15:49:38.601928,0.0000000,0.0000000,0.00,0.0000,0.0000,0.0000,0.0,0.00,0.000,0.000,IDLE
2026-08-18T15:49:39.601812,0.0000000,0.0000000,0.00,0.0000,0.0000,0.0000,0.0,0.00,0.000,0.000,IDLE
2026-08-18T15:49:40.601814,0.0000000,0.0000000,0.00,0.0000,0.0000,0.0000,0.0,0.00,0.000,0.000,IDLE
2026-08-18T15:49:41.601901,0.0000000,0.0000000,0.00,0.0000,0.0000,0.0000,0.0,0.00,0.000,0.000,IDLE
2026-08-18T15:49:42.601935,0.0000000,0.0000000,0.00,0.0000,0.0000,0.0000,0.0,0.00,0.000,0.000,IDLE
2026-08-18T15:49:43.601867,0.0000000,0.0000000,0.00,0.0000,0.0000,0.0000,0.0,0.00,0.000,0.000,IDLE
2026-08-18T15:49:44.601797,0.0000000,0.0000000,0.00,0.0000,0.0000,0.0000,0.0,0.00,0.000,0.000,IDLE
2026-08-18T15:49:45.601906,0.0000000,0.0000000,0.00,0.0000,0.0000,0.0000,0.0,0.00,0.000,0.000,IDLE
2026-08-18T15:49:46.601942,0.0000000,0.0000000,0.00,0.0000,0.0000,0.0000,0.0,0.00,0.000,0.000,IDLE
2026-08-18T15:49:47.601997,0.0000000,0.0000000,0.00,0.0000,0.0000,0.0000,0.0,0.00,0.000,0.000,IDLE
2026-08-18T15:49:48.601816,0.0000000,0.0000000,0.00,0.0000,0.0000,0.0000,0.0,0.00,0.000,0.000,IDLE
2026-08-18T15:49:49.601918,0.0000000,0.0000000,0.00,0.0000,0.0000,0.0000,0.0,0.00,0.000,0.000,IDLE
2026-08-18T15:49:50.601840,0.0000000,0.0000000,0.00,0.0000,0.0000,0.0000,0.0,0.00,0.000,0.000,IDLE
2026-08-18T15:49:51.601919,0.0000000,0.0000000,0.00,0.0000,0.0000,0.0000,0.0,0.00,0.000,0.000,IDLE
2026-08-18T15:49:52.601952,0.0000000,0.0000000,0.00,0.0000,0.0000,0.0000,0.0,0.00,0.000,0.000,IDLE
2026-08-18T15:49:53.601809,0.0000000,0.0000000,0.00,0.0000,0.0000,0.0000,0.0,0.00,0.000,0.000,IDLE
2026-08-18T15:49:54.601866,0.0000000,0.0000000,0.00,0.0000,0.0000,0.0000,0.0,0.00,0.000,0.000,IDLE
2026-08-18T15:49:55.601893,0.0000000,0.0000000,0.00,0.0000,0.0000,0.0000,0.0,0.00,0.000,0.000,IDLE
2026-08-18T15:49:56.601883,0.0000000,0.0000000,0.00,0.0000,0.0000,0.0000,0.0,0.00,0.000,0.000,IDLE
2026-08-18T15:49:57.601886,0.0000000,0.0000000,0.00,0.0000,0.0000,0.0000,0.0,0.00,0.000,0.000,IDLE
2026-08-18T15:49:58.601861,0.0000000,0.0000000,0.00,0.0000,0.0000,0.0000,0.0,0.00,0.000,0.000,IDLE
2026-08-18T15:49:59.601884,0.0000000,0.0000000,0.00,0.0000,0.0000,0.0000,0.0,0.00,0.000,0.000,IDLE
2026-08-18T15:50:00.601898,0.0000000,0.0000000,0.00,0.0000,0.0000,0.0000,0.0,0.00,0.000,0.000,IDLE
2026-08-18T15:50:01.601802,0.0000000,0.0000000,0.00,0.0000,0.0000,0.0000,0.0,0.00,0.000,0.000,IDLE
2026-08-18T15:50:02.601882,0.0000000,0.0000000,0.00,0.0000,0.0000,0.0000,0.0,0.00,0.000,0.000,IDLE
2026-08-18T15:50:03.601926,0.0000000,0.0000000,0.00,0.0000,0.0000,0.0000,0.0,0.00,0.000,0.000,IDLE
2026-08-18T15:50:04.601904,0.0000000,0.0000000,0.00,0.0000,0.0000,0.0000,0.0,0.00,0.000,0.000,IDLE
2026-08-18T15:50:05.601795,0.0000000,0.0000000,0.00,0.0000,0.0000,0.0000,0.0,0.00,0.000,0.000,IDLE
2026-08-18T15:50:06.601810,0.0000000,0.0000000,0.00,0.0000,0.0000,0.0000,0.0,0.00,0.000,0.000,IDLE
2026-08-18T15:50:07.601859,0.0000000,0.0000000,0.00,0.0000,0.0000,0.0000,0.0,0.00,0.000,0.000,IDLE
2026-08-18T15:50:08.602266,0.0000000,0.0000000,0.00,0.0000,0.0000,0.0000,0.0,0.00,0.000,0.000,IDLE
2026-08-18T15:50:09.601950,0.0000000,0.0000000,0.00,0.0000,0.0000,0.0000,0.0,0.00,0.000,0.000,IDLE
2026-08-18T15:50:10.601981,0.0000000,0.0000000,0.00,0.0000,0.0000,0.0000,0.0,0.00,0.000,0.000,IDLE
2026-08-18T15:50:11.601969,0.0000000,0.0000000,0.00,0.0000,0.0000,0.0000,0.0,0.00,0.000,0.000,IDLE
2026-08-18T15:50:12.602043,0.0000000,0.0000000,0.00,0.0000,0.0000,0.0000,0.0,0.00,0.000,0.000,IDLE
2026-08-18T15:50:13.601920,0.0000000,0.0000000,0.00,0.0000,0.0000,0.0000,0.0,0.00,0.000,0.000,IDLE
2026-08-18T15:50:14.601910,0.0000000,0.0000000,0.00,0.0000,0.0000,0.0000,0.0,0.00,0.000,0.000,IDLE
2026-08-18T15:50:15.601947,0.0000000,0.0000000,0.00,0.0000,0.0000,0.0000,0.0,0.00,0.000,0.000,IDLE
2026-08-18T15:50:16.602172,0.0000000,0.0000000,0.00,0.0000,0.0000,0.0000,0.0,0.00,0.000,0.000,IDLE
2026-08-18T15:50:17.601884,0.0000000,0.0000000,0.00,0.0000,0.0000,0.0000,0.0,0.00,0.000,0.000,IDLE
2026-08-18T15:50:18.601961,0.0000000,0.0000000,0.00,0.0000,0.0000,0.0000,0.0,0.00,0.000,0.000,IDLE
2026-08-18T15:50:19.601920,0.0000000,0.0000000,0.00,0.0000,0.0000,0.0000,0.0,0.00,0.000,0.000,IDLE
2026-08-18T15:50:20.602257,0.0000000,0.0000000,0.00,0.0000,0.0000,0.0000,0.0,0.00,0.000,0.000,IDLE
2026-08-18T15:50:21.601970,0.0000000,0.0000000,0.00,0.0000,0.0000,0.0000,0.0,0.00,0.000,0.000,IDLE
2026-08-18T15:50:22.601961,0.0000000,0.0000000,0.00,0.0000,0.0000,0.0000,0.0,0.00,0.000,0.000,IDLE
2026-08-18T15:50:23.601784,0.0000000,0.0000000,0.00,0.0000,0.0000,0.0000,0.0,0.00,0.000,0.000,IDLE
2026-08-18T15:50:24.601790,0.0000000,0.0000000,0.00,0.0000,0.0000,0.0000,0.0,0.00,0.000,0.000,IDLE
2026-08-18T15:50:25.601933,0.0000000,0.0000000,0.00,0.0000,0.0000,0.0000,0.0,0.00,0.000,0.000,IDLE
2026-08-18T15:50:26.601930,0.0000000,0.0000000,0.00,0.0000,0.0000,0.0000,0.0,0.00,0.000,0.000,IDLE
2026-08-18T15:50:27.601964,0.0000000,0.0000000,0.00,0.0000,0.0000,0.0000,0.0,0.00,0.000,0.000,IDLE
2026-08-18T15:50:28.602178,0.0000000,0.0000000,0.00,0.0000,0.0000,0.0000,0.0,0.00,0.000,0.000,IDLE
2026-08-18T15:50:29.602070,0.0000000,0.0000000,0.00,0.0000,0.0000,0.0000,0.0,0.00,0.000,0.000,IDLE
2026-08-18T15:50:30.601868,0.0000000,0.0000000,0.00,0.0000,0.0000,0.0000,0.0,0.00,0.000,0.000,IDLE
2026-08-18T15:50:31.601917,0.0000000,0.0000000,0.00,0.0000,0.0000,0.0000,0.0,0.00,0.000,0.000,IDLE
2026-08-18T15:50:32.601941,0.0000000,0.0000000,0.00,0.0000,0.0000,0.0000,0.0,0.00,0.000,0.000,IDLE
2026-08-18T15:50:33.601893,0.0000000,0.0000000,0.00,0.0000,0.0000,0.0000,0.0,0.00,0.000,0.000,IDLE
2026-08-18T15:50:34.601803,0.0000000,0.0000000,0.00,0.0000,0.0000,0.0000,0.0,0.00,0.000,0.000,IDLE
2026-08-18T15:50:35.601967,0.0000000,0.0000000,0.00,0.0000,0.0000,0.0000,0.0,0.00,0.000,0.000,IDLE
2026-08-18T15:50:36.601775,0.0000000,0.0000000,0.00,0.0000,0.0000,0.0000,0.0,0.00,0.000,0.000,IDLE
2026-08-18T15:50:37.601909,0.0000000,0.0000000,0.00,0.0000,0.0000,0.0000,0.0,0.00,0.000,0.000,IDLE
2026-08-18T15:50:38.601821,0.0000000,0.0000000,0.00,0.0000,0.0000,0.0000,0.0,0.00,0.000,0.000,IDLE
2026-08-18T15:50:39.601808,0.0000000,0.0000000,0.00,0.0000,0.0000,0.0000,0.0,0.00,0.000,0.000,IDLE
2026-08-18T15:50:40.601782,0.0000000,0.0000000,0.00,0.0000,0.0000,0.0000,0.0,0.00,0.000,0.000,IDLE
2026-08-18T15:50:41.601808,0.0000000,0.0000000,0.00,0.0000,0.0000,0.0000,0.0,0.00,0.000,0.000,IDLE
2026-08-18T15:50:42.601818,0.0000000,0.0000000,0.00,0.0000,0.0000,0.0000,0.0,0.00,0.000,0.000,IDLE
2026-08-18T15:50:43.601808,0.0000000,0.0000000,0.00,0.0000,0.0000,0.0000,0.0,0.00,0.000,0.000,IDLE
2026-08-18T15:50:44.601826,0.0000000,0.0000000,0.00,0.0000,0.0000,0.0000,0.0,0.00,0.000,0.000,IDLE
2026-08-18T15:50:45.601841,0.0000000,0.0000000,0.00,0.0000,0.0000,0.0000,0.0,0.00,0.000,0.000,IDLE
2026-08-18T15:50:46.601974,0.0000000,0.0000000,0.00,0.0000,0.0000,0.0000,0.0,0.00,0.000,0.000,IDLE
2026-08-18T15:50:47.601938,0.0000000,0.0000000,0.00,0.0000,0.0000,0.0000,0.0,0.00,0.000,0.000,IDLE
2026-08-18T15:50:48.601875,0.0000000,0.0000000,0.00,0.0000,0.0000,0.0000,0.0,0.00,0.000,0.000,IDLE
2026-08-18T15:50:49.601888,0.0000000,0.0000000,0.00,0.0000,0.0000,0.0000,0.0,0.00,0.000,0.000,IDLE
2026-08-18T15:50:50.601953,0.0000000,0.0000000,0.00,0.0000,0.0000,0.0000,0.0,0.00,0.000,0.000,IDLE
2026-08-18T15:50:51.601899,0.0000000,0.0000000,0.00,0.0000,0.0000,0.0000,0.0,0.00,0.000,0.000,IDLE
2026-08-18T15:50:52.601916,0.0000000,0.0000000,0.00,0.0000,0.0000,0.0000,0.0,0.00,0.000,0.000,IDLE
2026-08-18T15:50:53.601917,0.0000000,0.0000000,0.00,0.0000,0.0000,0.0000,0.0,0.00,0.000,0.000,IDLE
2026-08-18T15:50:54.601960,0.0000000,0.0000000,0.00,0.0000,0.0000,0.0000,0.0,0.00,0.000,0.000,IDLE
2026-08-18T15:50:55.601988,0.0000000,0.0000000,0.00,0.0000,0.0000,0.0000,0.0,0.00,0.000,0.000,IDLE
2026-08-18T15:50:56.601966,0.0000000,0.0000000,0.00,0.0000,0.0000,0.0000,0.0,0.00,0.000,0.000,IDLE
2026-08-18T15:50:57.602003,0.0000000,0.0000000,0.00,0.0000,0.0000,0.0000,0.0,0.00,0.000,0.000,IDLE
2026-08-18T15:50:58.601909,0.0000000,0.0000000,0.00,0.0000,0.0000,0.0000,0.0,0.00,0.000,0.000,IDLE
2026-08-18T15:50:59.601952,0.0000000,0.0000000,0.00,0.0000,0.0000,0.0000,0.0,0.00,0.000,0.000,IDLE
2026-08-18T15:51:00.601953,0.0000000,0.0000000,0.00,0.0000,0.0000,0.0000,0.0,0.00,0.000,0.000,IDLE
2026-08-18T15:51:01.601806,0.0000000,0.0000000,0.00,0.0000,0.0000,0.0000,0.0,0.00,0.000,0.000,IDLE
2026-08-18T15:51:02.602205,0.0000000,0.0000000,0.00,0.0000,0.0000,0.0000,0.0,0.00,0.000,0.000,IDLE
2026-08-18T15:51:03.602175,0.0000000,0.0000000,0.00,0.0000,0.0000,0.0000,0.0,0.00,0.000,0.000,IDLE
2026-08-18T15:51:04.601868,0.0000000,0.0000000,0.00,0.0000,0.0000,0.0000,0.0,0.00,0.000,0.000,IDLE
2026-08-18T15:51:05.601978,0.0000000,0.0000000,0.00,0.0000,0.0000,0.0000,0.0,0.00,0.000,0.000,IDLE
2026-08-18T15:51:06.601951,0.0000000,0.0000000,0.00,0.0000,0.0000,0.0000,0.0,0.00,0.000,0.000,IDLE
2026-08-18T15:51:07.601972,0.0000000,0.0000000,0.00,0.0000,0.0000,0.0000,0.0,0.00,0.000,0.000,IDLE
2026-08-18T15:51:08.601922,0.0000000,0.0000000,0.00,0.0000,0.0000,0.0000,0.0,0.00,0.000,0.000,IDLE
2026-08-18T15:51:09.601868,0.0000000,0.0000000,0.00,0.0000,0.0000,0.0000,0.0,0.00,0.000,0.000,IDLE
2026-08-18T15:51:10.601882,0.0000000,0.0000000,0.00,0.0000,0.0000,0.0000,0.0,0.00,0.000,0.000,IDLE
2026-08-18T15:51:11.601831,0.0000000,0.0000000,0.00,0.0000,0.0000,0.0000,0.0,0.00,0.000,0.000,IDLE
2026-08-18T15:51:12.601852,0.0000000,0.0000000,0.00,0.0000,0.0000,0.0000,0.0,0.00,0.000,0.000,IDLE
2026-08-18T15:51:13.601922,0.0000000,0.0000000,0.00,0.0000,0.0000,0.0000,0.0,0.00,0.000,0.000,IDLE
2026-08-18T15:51:14.601995,0.0000000,0.0000000,0.00,0.0000,0.0000,0.0000,0.0,0.00,0.000,0.000,IDLE
2026-08-18T15:51:15.601945,0.0000000,0.0000000,0.00,0.0000,0.0000,0.0000,0.0,0.00,0.000,0.000,IDLE
2026-08-18T15:51:16.601951,0.0000000,0.0000000,0.00,0.0000,0.0000,0.0000,0.0,0.00,0.000,0.000,IDLE
2026-08-18T15:51:17.601828,0.0000000,0.0000000,0.00,0.0000,0.0000,0.0000,0.0,0.00,0.000,0.000,IDLE
2026-08-18T15:51:18.601802,0.0000000,0.0000000,0.00,0.0000,0.0000,0.0000,0.0,0.00,0.000,0.000,IDLE
2026-08-18T15:51:19.601825,0.0000000,0.0000000,0.00,0.0000,0.0000,0.0000,0.0,0.00,0.000,0.000,IDLE
2026-08-18T15:51:20.601819,0.0000000,0.0000000,0.00,0.0000,0.0000,0.0000,0.0,0.00,0.000,0.000,IDLE
2026-08-18T15:51:21.601933,0.0000000,0.0000000,0.00,0.0000,0.0000,0.0000,0.0,0.00,0.000,0.000,IDLE
2026-08-18T15:51:22.603039,0.0000000,0.0000000,0.00,0.0000,0.0000,0.0000,0.0,0.00,0.000,0.000,IDLE
2026-08-18T15:51:23.601843,0.0000000,0.0000000,0.00,0.0000,0.0000,0.0000,0.0,0.00,0.000,0.000,IDLE
2026-08-18T15:51:24.601843,0.0000000,0.0000000,0.00,0.0000,0.0000,0.0000,0.0,0.00,0.000,0.000,IDLE
2026-08-18T15:51:25.601803,0.0000000,0.0000000,0.00,0.0000,0.0000,0.0000,0.0,0.00,0.000,0.000,IDLE
2026-08-18T15:51:26.601795,0.0000000,0.0000000,0.00,0.0000,0.0000,0.0000,0.0,0.00,0.000,0.000,IDLE
2026-08-18T15:51:27.601909,0.0000000,0.0000000,0.00,0.0000,0.0000,0.0000,0.0,0.00,0.000,0.000,IDLE
2026-08-18T15:51:28.601945,0.0000000,0.0000000,0.00,0.0000,0.0000,0.0000,0.0,0.00,0.000,0.000,IDLE
2026-08-18T15:51:29.601911,0.0000000,0.0000000,0.00,0.0000,0.0000,0.0000,0.0,0.00,0.000,0.000,IDLE
2026-08-18T15:51:30.601918,0.0000000,0.0000000,0.00,0.0000,0.0000,0.0000,0.0,0.00,0.000,0.000,IDLE
2026-08-18T15:51:31.601888,0.0000000,0.0000000,0.00,0.0000,0.0000,0.0000,0.0,0.00,0.000,0.000,IDLE
2026-08-18T15:51:32.601916,0.0000000,0.0000000,0.00,0.0000,0.0000,0.0000,0.0,0.00,0.000,0.000,IDLE
2026-08-18T15:51:33.601923,0.0000000,0.0000000,0.00,0.0000,0.0000,0.0000,0.0,0.00,0.000,0.000,IDLE
2026-08-18T15:51:34.601941,0.0000000,0.0000000,0.00,0.0000,0.0000,0.0000,0.0,0.00,0.000,0.000,IDLE
2026-08-18T15:51:35.601806,0.0000000,0.0000000,0.00,0.0000,0.0000,0.0000,0.0,0.00,0.000,0.000,IDLE
2026-08-18T15:51:36.601893,0.0000000,0.0000000,0.00,0.0000,0.0000,0.0000,0.0,0.00,0.000,0.000,IDLE
2026-08-18T15:51:37.601951,0.0000000,0.0000000,0.00,0.0000,0.0000,0.0000,0.0,0.00,0.000,0.000,IDLE
2026-08-18T15:51:38.601900,0.0000000,0.0000000,0.00,0.0000,0.0000,0.0000,0.0,0.00,0.000,0.000,IDLE
2026-08-18T15:51:39.601792,0.0000000,0.0000000,0.00,0.0000,0.0000,0.0000,0.0,0.00,0.000,0.000,IDLE
2026-08-18T15:51:40.601942,0.0000000,0.0000000,0.00,0.0000,0.0000,0.0000,0.0,0.00,0.000,0.000,IDLE
2026-08-18T15:51:41.601963,0.0000000,0.0000000,0.00,0.0000,0.0000,0.0000,0.0,0.00,0.000,0.000,IDLE
2026-08-18T15:51:42.601822,0.0000000,0.0000000,0.00,0.0000,0.0000,0.0000,0.0,0.00,0.000,0.000,IDLE
2026-08-18T15:51:43.601801,0.0000000,0.0000000,0.00,0.0000,0.0000,0.0000,0.0,0.00,0.000,0.000,IDLE
2026-08-18T15:51:44.601951,0.0000000,0.0000000,0.00,0.0000,0.0000,0.0000,0.0,0.00,0.000,0.000,IDLE
2026-08-18T15:51:45.601962,0.0000000,0.0000000,0.00,0.0000,0.0000,0.0000,0.0,0.00,0.000,0.000,IDLE
2026-08-18T15:51:46.601819,0.0000000,0.0000000,0.00,0.0000,0.0000,0.0000,0.0,0.00,0.000,0.000,IDLE
2026-08-18T15:51:47.601846,0.0000000,0.0000000,0.00,0.0000,0.0000,0.0000,0.0,0.00,0.000,0.000,IDLE
2026-08-18T15:51:48.601839,0.0000000,0.0000000,0.00,0.0000,0.0000,0.0000,0.0,0.00,0.000,0.000,IDLE
2026-08-18T15:51:49.601925,0.0000000,0.0000000,0.00,0.0000,0.0000,0.0000,0.0,0.00,0.000,0.000,IDLE
2026-08-18T15:51:50.601884,0.0000000,0.0000000,0.00,0.0000,0.0000,0.0000,0.0,0.00,0.000,0.000,IDLE
2026-08-18T15:51:51.601956,0.0000000,0.0000000,0.00,0.0000,0.0000,0.0000,0.0,0.00,0.000,0.000,IDLE
2026-08-18T15:51:52.601955,0.0000000,0.0000000,0.00,0.0000,0.0000,0.0000,0.0,0.00,0.000,0.000,IDLE
2026-08-18T15:51:53.601922,0.0000000,0.0000000,0.00,0.0000,0.0000,0.0000,0.0,0.00,0.000,0.000,IDLE
2026-08-18T15:51:54.601933,0.0000000,0.0000000,0.00,0.0000,0.0000,0.0000,0.0,0.00,0.000,0.000,IDLE
2026-08-18T15:51:55.601910,0.0000000,0.0000000,0.00,0.0000,0.0000,0.0000,0.0,0.00,0.000,0.000,IDLE
2026-08-18T15:51:56.601927,0.0000000,0.0000000,0.00,0.0000,0.0000,0.0000,0.0,0.00,0.000,0.000,IDLE
2026-08-18T15:51:57.601945,0.0000000,0.0000000,0.00,0.0000,0.0000,0.0000,0.0,0.00,0.000,0.000,IDLE
2026-08-18T15:51:58.602010,0.0000000,0.0000000,0.00,0.0000,0.0000,0.0000,0.0,0.00,0.000,0.000,IDLE
2026-08-18T15:51:59.601811,0.0000000,0.0000000,0.00,0.0000,0.0000,0.0000,0.0,0.00,0.000,0.000,IDLE
2026-08-18T15:52:00.601784,0.0000000,0.0000000,0.00,0.0000,0.0000,0.0000,0.0,0.00,0.000,0.000,IDLE
2026-08-18T15:52:01.601934,0.0000000,0.0000000,0.00,0.0000,0.0000,0.0000,0.0,0.00,0.000,0.000,IDLE
2026-08-18T15:52:02.601924,0.0000000,0.0000000,0.00,0.0000,0.0000,0.0000,0.0,0.00,0.000,0.000,IDLE
2026-08-18T15:52:03.601991,0.0000000,0.0000000,0.00,0.0000,0.0000,0.0000,0.0,0.00,0.000,0.000,IDLE
2026-08-18T15:52:04.601841,0.0000000,0.0000000,0.00,0.0000,0.0000,0.0000,0.0,0.00,0.000,0.000,IDLE
2026-08-18T15:52:05.601920,0.0000000,0.0000000,0.00,0.0000,0.0000,0.0000,0.0,0.00,0.000,0.000,IDLE
2026-08-18T15:52:06.601888,0.0000000,0.0000000,0.00,0.0000,0.0000,0.0000,0.0,0.00,0.000,0.000,IDLE
2026-08-18T15:52:07.601959,0.0000000,0.0000000,0.00,0.0000,0.0000,0.0000,0.0,0.00,0.000,0.000,IDLE
2026-08-18T15:52:08.601968,0.0000000,0.0000000,0.00,0.0000,0.0000,0.0000,0.0,0.00,0.000,0.000,IDLE
2026-08-18T15:52:09.601890,0.0000000,0.0000000,0.00,0.0000,0.0000,0.0000,0.0,0.00,0.000,0.000,IDLE
2026-08-18T15:52:10.601905,0.0000000,0.0000000,0.00,0.0000,0.0000,0.0000,0.0,0.00,0.000,0.000,IDLE
2026-08-18T15:52:11.601893,0.0000000,0.0000000,0.00,0.0000,0.0000,0.0000,0.0,0.00,0.000,0.000,IDLE
2026-08-18T15:52:12.601920,0.0000000,0.0000000,0.00,0.0000,0.0000,0.0000,0.0,0.00,0.000,0.000,IDLE
2026-08-18T15:52:13.601911,0.0000000,0.0000000,0.00,0.0000,0.0000,0.0000,0.0,0.00,0.000,0.000,IDLE
2026-08-18T15:52:14.601896,0.0000000,0.0000000,0.00,0.0000,0.0000,0.0000,0.0,0.00,0.000,0.000,IDLE
2026-08-18T15:52:15.601901,0.0000000,0.0000000,0.00,0.0000,0.0000,0.0000,0.0,0.00,0.000,0.000,IDLE
2026-08-18T15:52:16.601819,0.0000000,0.0000000,0.00,0.0000,0.0000,0.0000,0.0,0.00,0.000,0.000,IDLE
2026-08-18T15:52:17.601933,0.0000000,0.0000000,0.00,0.0000,0.0000,0.0000,0.0,0.00,0.000,0.000,IDLE
2026-08-18T15:52:18.601892,0.0000000,0.0000000,0.00,0.0000,0.0000,0.0000,0.0,0.00,0.000,0.000,IDLE
2026-08-18T15:52:19.601937,0.0000000,0.0000000,0.00,0.0000,0.0000,0.0000,0.0,0.00,0.000,0.000,IDLE
2026-08-18T15:52:20.601927,0.0000000,0.0000000,0.00,0.0000,0.0000,0.0000,0.0,0.00,0.000,0.000,IDLE
2026-08-18T15:52:21.601891,0.0000000,0.0000000,0.00,0.0000,0.0000,0.0000,0.0,0.00,0.000,0.000,IDLE
2026-08-18T15:52:22.601818,0.0000000,0.0000000,0.00,0.0000,0.0000,0.0000,0.0,0.00,0.000,0.000,IDLE
2026-08-18T15:52:23.601983,0.0000000,0.0000000,0.00,0.0000,0.0000,0.0000,0.0,0.00,0.000,0.000,IDLE
2026-08-18T15:52:24.601985,0.0000000,0.0000000,0.00,0.0000,0.0000,0.0000,0.0,0.00,0.000,0.000,IDLE
2026-08-18T15:52:25.601979,0.0000000,0.0000000,0.00,0.0000,0.0000,0.0000,0.0,0.00,0.000,0.000,IDLE
2026-08-18T15:52:26.601919,0.0000000,0.0000000,0.00,0.0000,0.0000,0.0000,0.0,0.00,0.000,0.000,IDLE
2026-08-18T15:52:27.601945,0.0000000,0.0000000,0.00,0.0000,0.0000,0.0000,0.0,0.00,0.000,0.000,IDLE
2026-08-18T15:52:28.601932,0.0000000,0.0000000,0.00,0.0000,0.0000,0.0000,0.0,0.00,0.000,0.000,IDLE
2026-08-18T15:52:29.601850,0.0000000,0.0000000,0.00,0.0000,0.0000,0.0000,0.0,0.00,0.000,0.000,IDLE
2026-08-18T15:52:30.601766,0.0000000,0.0000000,0.00,0.0000,0.0000,0.0000,0.0,0.00,0.000,0.000,IDLE
2026-08-18T15:52:31.601911,0.0000000,0.0000000,0.00,0.0000,0.0000,0.0000,0.0,0.00,0.000,0.000,IDLE
2026-08-18T15:52:32.601942,0.0000000,0.0000000,0.00,0.0000,0.0000,0.0000,0.0,0.00,0.000,0.000,IDLE
2026-08-18T15:52:33.601801,0.0000000,0.0000000,0.00,0.0000,0.0000,0.0000,0.0,0.00,0.000,0.000,IDLE
2026-08-18T15:52:34.602548,0.0000000,0.0000000,0.00,0.0000,0.0000,0.0000,0.0,0.00,0.000,0.000,IDLE
2026-08-18T15:52:35.601928,0.0000000,0.0000000,0.00,0.0000,0.0000,0.0000,0.0,0.00,0.000,0.000,IDLE
2026-08-18T15:52:36.601890,0.0000000,0.0000000,0.00,0.0000,0.0000,0.0000,0.0,0.00,0.000,0.000,IDLE
2026-08-18T15:52:37.601905,0.0000000,0.0000000,0.00,0.0000,0.0000,0.0000,0.0,0.00,0.000,0.000,IDLE
2026-08-18T15:52:38.601973,0.0000000,0.0000000,0.00,0.0000,0.0000,0.0000,0.0,0.00,0.000,0.000,IDLE
2026-08-18T15:52:39.601933,0.0000000,0.0000000,0.00,0.0000,0.0000,0.0000,0.0,0.00,0.000,0.000,IDLE
2026-08-18T15:52:40.601894,0.0000000,0.0000000,0.00,0.0000,0.0000,0.0000,0.0,0.00,0.000,0.000,IDLE
2026-08-18T15:52:41.601891,0.0000000,0.0000000,0.00,0.0000,0.0000,0.0000,0.0,0.00,0.000,0.000,IDLE
2026-08-18T15:52:42.601756,0.0000000,0.0000000,0.00,0.0000,0.0000,0.0000,0.0,0.00,0.000,0.000,IDLE
2026-08-18T15:52:43.601977,0.0000000,0.0000000,0.00,0.0000,0.0000,0.0000,0.0,0.00,0.000,0.000,IDLE
2026-08-18T15:52:44.601971,0.0000000,0.0000000,0.00,0.0000,0.0000,0.0000,0.0,0.00,0.000,0.000,IDLE
2026-08-18T15:52:45.601923,0.0000000,0.0000000,0.00,0.0000,0.0000,0.0000,0.0,0.00,0.000,0.000,IDLE
2026-08-18T15:52:46.601807,0.0000000,0.0000000,0.00,0.0000,0.0000,0.0000,0.0,0.00,0.000,0.000,IDLE
2026-08-18T15:52:47.601783,0.0000000,0.0000000,0.00,0.0000,0.0000,0.0000,0.0,0.00,0.000,0.000,IDLE
2026-08-18T15:52:48.601947,0.0000000,0.0000000,0.00,0.0000,0.0000,0.0000,0.0,0.00,0.000,0.000,IDLE
2026-08-18T15:52:49.601964,0.0000000,0.0000000,0.00,0.0000,0.0000,0.0000,0.0,0.00,0.000,0.000,IDLE
2026-08-18T15:52:50.601808,0.0000000,0.0000000,0.00,0.0000,0.0000,0.0000,0.0,0.00,0.000,0.000,IDLE
2026-08-18T15:52:51.601945,0.0000000,0.0000000,0.00,0.0000,0.0000,0.0000,0.0,0.00,0.000,0.000,IDLE
2026-08-18T15:52:52.601835,0.0000000,0.0000000,0.00,0.0000,0.0000,0.0000,0.0,0.00,0.000,0.000,IDLE
2026-08-18T15:52:53.601937,0.0000000,0.0000000,0.00,0.0000,0.0000,0.0000,0.0,0.00,0.000,0.000,IDLE
2026-08-18T15:52:54.601951,0.0000000,0.0000000,0.00,0.0000,0.0000,0.0000,0.0,0.00,0.000,0.000,IDLE
2026-08-18T15:52:55.601874,0.0000000,0.0000000,0.00,0.0000,0.0000,0.0000,0.0,0.00,0.000,0.000,IDLE
2026-08-18T15:52:56.601832,0.0000000,0.0000000,0.00,0.0000,0.0000,0.0000,0.0,0.00,0.000,0.000,IDLE
2026-08-18T15:52:57.601947,0.0000000,0.0000000,0.00,0.0000,0.0000,0.0000,0.0,0.00,0.000,0.000,IDLE
2026-08-18T15:52:58.601825,0.0000000,0.0000000,0.00,0.0000,0.0000,0.0000,0.0,0.00,0.000,0.000,IDLE
2026-08-18T15:52:59.601932,0.0000000,0.0000000,0.00,0.0000,0.0000,0.0000,0.0,0.00,0.000,0.000,IDLE
2026-08-18T15:53:00.601786,0.0000000,0.0000000,0.00,0.0000,0.0000,0.0000,0.0,0.00,0.000,0.000,IDLE
2026-08-18T15:53:01.601906,0.0000000,0.0000000,0.00,0.0000,0.0000,0.0000,0.0,0.00,0.000,0.000,IDLE
2026-08-18T15:53:02.601925,0.0000000,0.0000000,0.00,0.0000,0.0000,0.0000,0.0,0.00,0.000,0.000,IDLE
2026-08-18T15:53:03.601813,0.0000000,0.0000000,0.00,0.0000,0.0000,0.0000,0.0,0.00,0.000,0.000,IDLE
2026-08-18T15:53:04.601945,0.0000000,0.0000000,0.00,0.0000,0.0000,0.0000,0.0,0.00,0.000,0.000,IDLE
2026-08-18T15:53:05.601884,0.0000000,0.0000000,0.00,0.0000,0.0000,0.0000,0.0,0.00,0.000,0.000,IDLE
2026-08-18T15:53:06.601918,0.0000000,0.0000000,0.00,0.0000,0.0000,0.0000,0.0,0.00,0.000,0.000,IDLE
2026-08-18T15:53:07.601976,0.0000000,0.0000000,0.00,0.0000,0.0000,0.0000,0.0,0.00,0.000,0.000,IDLE
2026-08-18T15:53:08.601810,0.0000000,0.0000000,0.00,0.0000,0.0000,0.0000,0.0,0.00,0.000,0.000,IDLE
2026-08-18T15:53:09.601853,0.0000000,0.0000000,0.00,0.0000,0.0000,0.0000,0.0,0.00,0.000,0.000,IDLE
2026-08-18T15:53:10.601928,0.0000000,0.0000000,0.00,0.0000,0.0000,0.0000,0.0,0.00,0.000,0.000,IDLE
2026-08-18T15:53:11.601943,0.0000000,0.0000000,0.00,0.0000,0.0000,0.0000,0.0,0.00,0.000,0.000,IDLE
2026-08-18T15:53:12.601850,0.0000000,0.0000000,0.00,0.0000,0.0000,0.0000,0.0,0.00,0.000,0.000,IDLE
2026-08-18T15:53:13.601978,0.0000000,0.0000000,0.00,0.0000,0.0000,0.0000,0.0,0.00,0.000,0.000,IDLE
2026-08-18T15:53:14.602133,0.0000000,0.0000000,0.00,0.0000,0.0000,0.0000,0.0,0.00,0.000,0.000,IDLE
2026-08-18T15:53:15.601831,0.0000000,0.0000000,0.00,0.0000,0.0000,0.0000,0.0,0.00,0.000,0.000,IDLE
2026-08-18T15:53:16.601974,0.0000000,0.0000000,0.00,0.0000,0.0000,0.0000,0.0,0.00,0.000,0.000,IDLE
2026-08-18T15:53:17.602101,0.0000000,0.0000000,0.00,0.0000,0.0000,0.0000,0.0,0.00,0.000,0.000,IDLE
2026-08-18T15:53:18.601898,0.0000000,0.0000000,0.00,0.0000,0.0000,0.0000,0.0,0.00,0.000,0.000,IDLE
2026-08-18T15:53:19.601948,0.0000000,0.0000000,0.00,0.0000,0.0000,0.0000,0.0,0.00,0.000,0.000,IDLE
2026-08-18T15:53:20.602271,0.0000000,0.0000000,0.00,0.0000,0.0000,0.0000,0.0,0.00,0.000,0.000,IDLE
2026-08-18T15:53:21.601822,0.0000000,0.0000000,0.00,0.0000,0.0000,0.0000,0.0,0.00,0.000,0.000,IDLE
2026-08-18T15:53:22.601929,0.0000000,0.0000000,0.00,0.0000,0.0000,0.0000,0.0,0.00,0.000,0.000,IDLE
2026-08-18T15:53:23.601995,0.0000000,0.0000000,0.00,0.0000,0.0000,0.0000,0.0,0.00,0.000,0.000,IDLE
2026-08-18T15:53:24.601899,0.0000000,0.0000000,0.00,0.0000,0.0000,0.0000,0.0,0.00,0.000,0.000,IDLE
2026-08-18T15:53:25.601838,0.0000000,0.0000000,0.00,0.0000,0.0000,0.0000,0.0,0.00,0.000,0.000,IDLE
2026-08-18T15:53:26.601963,0.0000000,0.0000000,0.00,0.0000,0.0000,0.0000,0.0,0.00,0.000,0.000,IDLE
2026-08-18T15:53:27.601917,0.0000000,0.0000000,0.00,0.0000,0.0000,0.0000,0.0,0.00,0.000,0.000,IDLE
2026-08-18T15:53:28.601930,0.0000000,0.0000000,0.00,0.0000,0.0000,0.0000,0.0,0.00,0.000,0.000,IDLE
2026-08-18T15:53:29.601951,0.0000000,0.0000000,0.00,0.0000,0.0000,0.0000,0.0,0.00,0.000,0.000,IDLE
2026-08-18T15:53:30.601798,0.0000000,0.0000000,0.00,0.0000,0.0000,0.0000,0.0,0.00,0.000,0.000,IDLE
2026-08-18T15:53:31.602191,0.0000000,0.0000000,0.00,0.0000,0.0000,0.0000,0.0,0.00,0.000,0.000,IDLE
2026-08-18T15:53:32.601903,0.0000000,0.0000000,0.00,0.0000,0.0000,0.0000,0.0,0.00,0.000,0.000,IDLE
2026-08-18T15:53:33.601866,0.0000000,0.0000000,0.00,0.0000,0.0000,0.0000,0.0,0.00,0.000,0.000,IDLE
2026-08-18T15:53:34.601878,0.0000000,0.0000000,0.00,0.0000,0.0000,0.0000,0.0,0.00,0.000,0.000,IDLE
2026-08-18T15:53:35.601882,0.0000000,0.0000000,0.00,0.0000,0.0000,0.0000,0.0,0.00,0.000,0.000,IDLE
2026-08-18T15:53:36.601911,0.0000000,0.0000000,0.00,0.0000,0.0000,0.0000,0.0,0.00,0.000,0.000,IDLE
2026-08-18T15:53:37.601901,0.0000000,0.0000000,0.00,0.0000,0.0000,0.0000,0.0,0.00,0.000,0.000,IDLE
2026-08-18T15:53:38.601869,0.0000000,0.0000000,0.00,0.0000,0.0000,0.0000,0.0,0.00,0.000,0.000,IDLE
2026-08-18T15:53:39.601969,0.0000000,0.0000000,0.00,0.0000,0.0000,0.0000,0.0,0.00,0.000,0.000,IDLE
2026-08-18T15:53:40.601959,0.0000000,0.0000000,0.00,0.0000,0.0000,0.0000,0.0,0.00,0.000,0.000,IDLE
2026-08-18T15:53:41.601963,0.0000000,0.0000000,0.00,0.0000,0.0000,0.0000,0.0,0.00,0.000,0.000,IDLE
2026-08-18T15:53:42.601971,0.0000000,0.0000000,0.00,0.0000,0.0000,0.0000,0.0,0.00,0.000,0.000,IDLE
2026-08-18T15:53:43.602039,0.0000000,0.0000000,0.00,0.0000,0.0000,0.0000,0.0,0.00,0.000,0.000,IDLE
2026-08-18T15:53:44.601876,0.0000000,0.0000000,0.00,0.0000,0.0000,0.0000,0.0,0.00,0.000,0.000,IDLE
2026-08-18T15:53:45.601796,0.0000000,0.0000000,0.00,0.0000,0.0000,0.0000,0.0,0.00,0.000,0.000,IDLE
2026-08-18T15:53:46.601851,0.0000000,0.0000000,0.00,0.0000,0.0000,0.0000,0.0,0.00,0.000,0.000,IDLE
2026-08-18T15:53:47.601819,0.0000000,0.0000000,0.00,0.0000,0.0000,0.0000,0.0,0.00,0.000,0.000,IDLE
2026-08-18T15:53:48.601950,0.0000000,0.0000000,0.00,0.0000,0.0000,0.0000,0.0,0.00,0.000,0.000,IDLE
2026-08-18T15:53:49.601828,0.0000000,0.0000000,0.00,0.0000,0.0000,0.0000,0.0,0.00,0.000,0.000,IDLE
2026-08-18T15:53:50.601819,0.0000000,0.0000000,0.00,0.0000,0.0000,0.0000,0.0,0.00,0.000,0.000,IDLE
2026-08-18T15:53:51.601858,0.0000000,0.0000000,0.00,0.0000,0.0000,0.0000,0.0,0.00,0.000,0.000,IDLE
2026-08-18T15:53:52.601850,0.0000000,0.0000000,0.00,0.0000,0.0000,0.0000,0.0,0.00,0.000,0.000,IDLE
2026-08-18T15:53:53.601781,0.0000000,0.0000000,0.00,0.0000,0.0000,0.0000,0.0,0.00,0.000,0.000,IDLE
2026-08-18T15:53:54.601817,0.0000000,0.0000000,0.00,0.0000,0.0000,0.0000,0.0,0.00,0.000,0.000,IDLE
2026-08-18T15:53:55.601811,0.0000000,0.0000000,0.00,0.0000,0.0000,0.0000,0.0,0.00,0.000,0.000,IDLE
2026-08-18T15:53:56.602008,0.0000000,0.0000000,0.00,0.0000,0.0000,0.0000,0.0,0.00,0.000,0.000,IDLE
2026-08-18T15:53:57.601838,0.0000000,0.0000000,0.00,0.0000,0.0000,0.0000,0.0,0.00,0.000,0.000,IDLE
2026-08-18T15:53:58.601922,0.0000000,0.0000000,0.00,0.0000,0.0000,0.0000,0.0,0.00,0.000,0.000,IDLE
2026-08-18T15:53:59.601887,0.0000000,0.0000000,0.00,0.0000,0.0000,0.0000,0.0,0.00,0.000,0.000,IDLE
2026-08-18T15:54:00.601805,0.0000000,0.0000000,0.00,0.0000,0.0000,0.0000,0.0,0.00,0.000,0.000,IDLE
2026-08-18T15:54:01.601810,0.0000000,0.0000000,0.00,0.0000,0.0000,0.0000,0.0,0.00,0.000,0.000,IDLE
2026-08-18T15:54:02.601794,0.0000000,0.0000000,0.00,0.0000,0.0000,0.0000,0.0,0.00,0.000,0.000,IDLE
2026-08-18T15:54:03.601924,0.0000000,0.0000000,0.00,0.0000,0.0000,0.0000,0.0,0.00,0.000,0.000,IDLE
2026-08-18T15:54:04.601793,0.0000000,0.0000000,0.00,0.0000,0.0000,0.0000,0.0,0.00,0.000,0.000,IDLE
2026-08-18T15:54:05.601802,0.0000000,0.0000000,0.00,0.0000,0.0000,0.0000,0.0,0.00,0.000,0.000,IDLE
2026-08-18T15:54:06.601821,0.0000000,0.0000000,0.00,0.0000,0.0000,0.0000,0.0,0.00,0.000,0.000,IDLE
2026-08-18T15:54:07.601969,0.0000000,0.0000000,0.00,0.0000,0.0000,0.0000,0.0,0.00,0.000,0.000,IDLE
2026-08-18T15:54:08.601906,0.0000000,0.0000000,0.00,0.0000,0.0000,0.0000,0.0,0.00,0.000,0.000,IDLE
2026-08-18T15:54:09.601979,0.0000000,0.0000000,0.00,0.0000,0.0000,0.0000,0.0,0.00,0.000,0.000,IDLE
2026-08-18T15:54:10.602184,0.0000000,0.0000000,0.00,0.0000,0.0000,0.0000,0.0,0.00,0.000,0.000,IDLE
2026-08-18T15:54:11.601900,0.0000000,0.0000000,0.00,0.0000,0.0000,0.0000,0.0,0.00,0.000,0.000,IDLE
2026-08-18T15:54:12.601805,0.0000000,0.0000000,0.00,0.0000,0.0000,0.0000,0.0,0.00,0.000,0.000,IDLE
2026-08-18T15:54:13.601928,0.0000000,0.0000000,0.00,0.0000,0.0000,0.0000,0.0,0.00,0.000,0.000,IDLE
2026-08-18T15:54:14.601878,0.0000000,0.0000000,0.00,0.0000,0.0000,0.0000,0.0,0.00,0.000,0.000,IDLE
2026-08-18T15:54:15.601904,0.0000000,0.0000000,0.00,0.0000,0.0000,0.0000,0.0,0.00,0.000,0.000,IDLE
2026-08-18T15:54:16.601981,0.0000000,0.0000000,0.00,0.0000,0.0000,0.0000,0.0,0.00,0.000,0.000,IDLE
2026-08-18T15:54:17.601947,0.0000000,0.0000000,0.00,0.0000,0.0000,0.0000,0.0,0.00,0.000,0.000,IDLE
2026-08-18T15:54:18.601909,0.0000000,0.0000000,0.00,0.0000,0.0000,0.0000,0.0,0.00,0.000,0.000,IDLE
2026-08-18T15:54:19.601917,0.0000000,0.0000000,0.00,0.0000,0.0000,0.0000,0.0,0.00,0.000,0.000,IDLE
2026-08-18T15:54:20.601956,0.0000000,0.0000000,0.00,0.0000,0.0000,0.0000,0.0,0.00,0.000,0.000,IDLE
2026-08-18T15:54:21.601905,0.0000000,0.0000000,0.00,0.0000,0.0000,0.0000,0.0,0.00,0.000,0.000,IDLE
2026-08-18T15:54:22.601943,0.0000000,0.0000000,0.00,0.0000,0.0000,0.0000,0.0,0.00,0.000,0.000,IDLE
2026-08-18T15:54:23.601927,0.0000000,0.0000000,0.00,0.0000,0.0000,0.0000,0.0,0.00,0.000,0.000,IDLE
2026-08-18T15:54:24.601871,0.0000000,0.0000000,0.00,0.0000,0.0000,0.0000,0.0,0.00,0.000,0.000,IDLE
2026-08-18T15:54:25.601800,0.0000000,0.0000000,0.00,0.0000,0.0000,0.0000,0.0,0.00,0.000,0.000,IDLE
2026-08-18T15:54:26.601800,0.0000000,0.0000000,0.00,0.0000,0.0000,0.0000,0.0,0.00,0.000,0.000,IDLE
2026-08-18T15:54:27.601949,0.0000000,0.0000000,0.00,0.0000,0.0000,0.0000,0.0,0.00,0.000,0.000,IDLE
2026-08-18T15:54:28.602004,0.0000000,0.0000000,0.00,0.0000,0.0000,0.0000,0.0,0.00,0.000,0.000,IDLE
2026-08-18T15:54:29.601980,0.0000000,0.0000000,0.00,0.0000,0.0000,0.0000,0.0,0.00,0.000,0.000,IDLE
2026-08-18T15:54:30.601996,0.0000000,0.0000000,0.00,0.0000,0.0000,0.0000,0.0,0.00,0.000,0.000,IDLE
2026-08-18T15:54:31.601909,0.0000000,0.0000000,0.00,0.0000,0.0000,0.0000,0.0,0.00,0.000,0.000,IDLE
2026-08-18T15:54:32.601810,0.0000000,0.0000000,0.00,0.0000,0.0000,0.0000,0.0,0.00,0.000,0.000,IDLE
2026-08-18T15:54:33.601876,0.0000000,0.0000000,0.00,0.0000,0.0000,0.0000,0.0,0.00,0.000,0.000,IDLE
2026-08-18T15:54:34.601980,0.0000000,0.0000000,0.00,0.0000,0.0000,0.0000,0.0,0.00,0.000,0.000,IDLE
2026-08-18T15:54:35.601934,0.0000000,0.0000000,0.00,0.0000,0.0000,0.0000,0.0,0.00,0.000,0.000,IDLE
2026-08-18T15:54:36.601927,0.0000000,0.0000000,0.00,0.0000,0.0000,0.0000,0.0,0.00,0.000,0.000,IDLE
2026-08-18T15:54:37.601996,0.0000000,0.0000000,0.00,0.0000,0.0000,0.0000,0.0,0.00,0.000,0.000,IDLE
2026-08-18T15:54:38.601815,0.0000000,0.0000000,0.00,0.0000,0.0000,0.0000,0.0,0.00,0.000,0.000,IDLE
2026-08-18T15:54:39.601938,0.0000000,0.0000000,0.00,0.0000,0.0000,0.0000,0.0,0.00,0.000,0.000,IDLE
2026-08-18T15:54:40.601946,0.0000000,0.0000000,0.00,0.0000,0.0000,0.0000,0.0,0.00,0.000,0.000,IDLE
2026-08-18T15:54:41.601816,0.0000000,0.0000000,0.00,0.0000,0.0000,0.0000,0.0,0.00,0.000,0.000,IDLE
2026-08-18T15:54:42.601801,0.0000000,0.0000000,0.00,0.0000,0.0000,0.0000,0.0,0.00,0.000,0.000,IDLE
2026-08-18T15:54:43.601940,0.0000000,0.0000000,0.00,0.0000,0.0000,0.0000,0.0,0.00,0.000,0.000,IDLE
2026-08-18T15:54:44.601838,0.0000000,0.0000000,0.00,0.0000,0.0000,0.0000,0.0,0.00,0.000,0.000,IDLE
2026-08-18T15:54:45.601879,0.0000000,0.0000000,0.00,0.0000,0.0000,0.0000,0.0,0.00,0.000,0.000,IDLE
2026-08-18T15:54:46.601825,0.0000000,0.0000000,0.00,0.0000,0.0000,0.0000,0.0,0.00,0.000,0.000,IDLE
2026-08-18T15:54:47.601958,0.0000000,0.0000000,0.00,0.0000,0.0000,0.0000,0.0,0.00,0.000,0.000,IDLE
2026-08-18T15:54:48.601911,0.0000000,0.0000000,0.00,0.0000,0.0000,0.0000,0.0,0.00,0.000,0.000,IDLE
2026-08-18T15:54:49.601937,0.0000000,0.0000000,0.00,0.0000,0.0000,0.0000,0.0,0.00,0.000,0.000,IDLE
2026-08-18T15:54:50.601825,0.0000000,0.0000000,0.00,0.0000,0.0000,0.0000,0.0,0.00,0.000,0.000,IDLE
2026-08-18T15:54:51.601953,0.0000000,0.0000000,0.00,0.0000,0.0000,0.0000,0.0,0.00,0.000,0.000,IDLE
2026-08-18T15:54:52.601915,0.0000000,0.0000000,0.00,0.0000,0.0000,0.0000,0.0,0.00,0.000,0.000,IDLE
2026-08-18T15:54:53.601933,0.0000000,0.0000000,0.00,0.0000,0.0000,0.0000,0.0,0.00,0.000,0.000,IDLE
2026-08-18T15:54:54.601816,0.0000000,0.0000000,0.00,0.0000,0.0000,0.0000,0.0,0.00,0.000,0.000,IDLE
2026-08-18T15:54:55.601934,0.0000000,0.0000000,0.00,0.0000,0.0000,0.0000,0.0,0.00,0.000,0.000,IDLE
2026-08-18T15:54:56.601911,0.0000000,0.0000000,0.00,0.0000,0.0000,0.0000,0.0,0.00,0.000,0.000,IDLE
2026-08-18T15:54:57.601900,0.0000000,0.0000000,0.00,0.0000,0.0000,0.0000,0.0,0.00,0.000,0.000,IDLE
2026-08-18T15:54:58.601891,0.0000000,0.0000000,0.00,0.0000,0.0000,0.0000,0.0,0.00,0.000,0.000,IDLE
2026-08-18T15:54:59.601905,0.0000000,0.0000000,0.00,0.0000,0.0000,0.0000,0.0,0.00,0.000,0.000,IDLE
2026-08-18T15:55:00.601944,0.0000000,0.0000000,0.00,0.0000,0.0000,0.0000,0.0,0.00,0.000,0.000,IDLE
2026-08-18T15:55:01.601972,0.0000000,0.0000000,0.00,0.0000,0.0000,0.0000,0.0,0.00,0.000,0.000,IDLE
2026-08-18T15:55:02.601878,0.0000000,0.0000000,0.00,0.0000,0.0000,0.0000,0.0,0.00,0.000,0.000,IDLE
2026-08-18T15:55:03.601920,0.0000000,0.0000000,0.00,0.0000,0.0000,0.0000,0.0,0.00,0.000,0.000,IDLE
2026-08-18T15:55:04.601987,0.0000000,0.0000000,0.00,0.0000,0.0000,0.0000,0.0,0.00,0.000,0.000,IDLE
2026-08-18T15:55:05.601955,0.0000000,0.0000000,0.00,0.0000,0.0000,0.0000,0.0,0.00,0.000,0.000,IDLE
2026-08-18T15:55:06.601918,0.0000000,0.0000000,0.00,0.0000,0.0000,0.0000,0.0,0.00,0.000,0.000,IDLE
2026-08-18T15:55:07.601815,0.0000000,0.0000000,0.00,0.0000,0.0000,0.0000,0.0,0.00,0.000,0.000,IDLE
2026-08-18T15:55:08.601830,0.0000000,0.0000000,0.00,0.0000,0.0000,0.0000,0.0,0.00,0.000,0.000,IDLE
2026-08-18T15:55:09.601901,0.0000000,0.0000000,0.00,0.0000,0.0000,0.0000,0.0,0.00,0.000,0.000,IDLE
2026-08-18T15:55:10.601891,0.0000000,0.0000000,0.00,0.0000,0.0000,0.0000,0.0,0.00,0.000,0.000,IDLE
2026-08-18T15:55:11.601949,0.0000000,0.0000000,0.00,0.0000,0.0000,0.0000,0.0,0.00,0.000,0.000,IDLE
2026-08-18T15:55:12.601896,0.0000000,0.0000000,0.00,0.0000,0.0000,0.0000,0.0,0.00,0.000,0.000,IDLE
2026-08-18T15:55:13.601920,0.0000000,0.0000000,0.00,0.0000,0.0000,0.0000,0.0,0.00,0.000,0.000,IDLE
2026-08-18T15:55:14.601955,0.0000000,0.0000000,0.00,0.0000,0.0000,0.0000,0.0,0.00,0.000,0.000,IDLE
2026-08-18T15:55:15.601950,0.0000000,0.0000000,0.00,0.0000,0.0000,0.0000,0.0,0.00,0.000,0.000,IDLE
2026-08-18T15:55:16.601944,0.0000000,0.0000000,0.00,0.0000,0.0000,0.0000,0.0,0.00,0.000,0.000,IDLE
2026-08-18T15:55:17.601940,0.0000000,0.0000000,0.00,0.0000,0.0000,0.0000,0.0,0.00,0.000,0.000,IDLE
2026-08-18T15:55:18.601853,0.0000000,0.0000000,0.00,0.0000,0.0000,0.0000,0.0,0.00,0.000,0.000,IDLE
2026-08-18T15:55:19.601830,0.0000000,0.0000000,0.00,0.0000,0.0000,0.0000,0.0,0.00,0.000,0.000,IDLE
2026-08-18T15:55:20.601933,0.0000000,0.0000000,0.00,0.0000,0.0000,0.0000,0.0,0.00,0.000,0.000,IDLE
2026-08-18T15:55:21.601977,0.0000000,0.0000000,0.00,0.0000,0.0000,0.0000,0.0,0.00,0.000,0.000,IDLE
2026-08-18T15:55:22.601937,0.0000000,0.0000000,0.00,0.0000,0.0000,0.0000,0.0,0.00,0.000,0.000,IDLE
2026-08-18T15:55:23.601961,0.0000000,0.0000000,0.00,0.0000,0.0000,0.0000,0.0,0.00,0.000,0.000,IDLE
2026-08-18T15:55:24.601929,0.0000000,0.0000000,0.00,0.0000,0.0000,0.0000,0.0,0.00,0.000,0.000,IDLE
2026-08-18T15:55:25.601807,0.0000000,0.0000000,0.00,0.0000,0.0000,0.0000,0.0,0.00,0.000,0.000,IDLE
2026-08-18T15:55:26.601934,0.0000000,0.0000000,0.00,0.0000,0.0000,0.0000,0.0,0.00,0.000,0.000,IDLE
2026-08-18T15:55:27.601912,0.0000000,0.0000000,0.00,0.0000,0.0000,0.0000,0.0,0.00,0.000,0.000,IDLE
2026-08-18T15:55:28.601901,0.0000000,0.0000000,0.00,0.0000,0.0000,0.0000,0.0,0.00,0.000,0.000,IDLE
2026-08-18T15:55:29.601946,0.0000000,0.0000000,0.00,0.0000,0.0000,0.0000,0.0,0.00,0.000,0.000,IDLE
2026-08-18T15:55:30.601931,0.0000000,0.0000000,0.00,0.0000,0.0000,0.0000,0.0,0.00,0.000,0.000,IDLE
2026-08-18T15:55:31.601810,0.0000000,0.0000000,0.00,0.0000,0.0000,0.0000,0.0,0.00,0.000,0.000,IDLE
2026-08-18T15:55:32.601957,0.0000000,0.0000000,0.00,0.0000,0.0000,0.0000,0.0,0.00,0.000,0.000,IDLE
2026-08-18T15:55:33.601893,0.0000000,0.0000000,0.00,0.0000,0.0000,0.0000,0.0,0.00,0.000,0.000,IDLE
2026-08-18T15:55:34.601898,0.0000000,0.0000000,0.00,0.0000,0.0000,0.0000,0.0,0.00,0.000,0.000,IDLE
2026-08-18T15:55:35.601959,0.0000000,0.0000000,0.00,0.0000,0.0000,0.0000,0.0,0.00,0.000,0.000,IDLE
2026-08-18T15:55:36.601952,0.0000000,0.0000000,0.00,0.0000,0.0000,0.0000,0.0,0.00,0.000,0.000,IDLE
2026-08-18T15:55:37.601812,0.0000000,0.0000000,0.00,0.0000,0.0000,0.0000,0.0,0.00,0.000,0.000,IDLE
2026-08-18T15:55:38.601855,0.0000000,0.0000000,0.00,0.0000,0.0000,0.0000,0.0,0.00,0.000,0.000,IDLE
2026-08-18T15:55:39.601929,0.0000000,0.0000000,0.00,0.0000,0.0000,0.0000,0.0,0.00,0.000,0.000,IDLE
2026-08-18T15:55:40.601967,0.0000000,0.0000000,0.00,0.0000,0.0000,0.0000,0.0,0.00,0.000,0.000,IDLE
2026-08-18T15:55:41.601866,0.0000000,0.0000000,0.00,0.0000,0.0000,0.0000,0.0,0.00,0.000,0.000,IDLE
2026-08-18T15:55:42.601826,0.0000000,0.0000000,0.00,0.0000,0.0000,0.0000,0.0,0.00,0.000,0.000,IDLE
2026-08-18T15:55:43.602217,0.0000000,0.0000000,0.00,0.0000,0.0000,0.0000,0.0,0.00,0.000,0.000,IDLE
2026-08-18T15:55:44.602192,0.0000000,0.0000000,0.00,0.0000,0.0000,0.0000,0.0,0.00,0.000,0.000,IDLE
2026-08-18T15:55:45.601886,0.0000000,0.0000000,0.00,0.0000,0.0000,0.0000,0.0,0.00,0.000,0.000,IDLE
2026-08-18T15:55:46.601835,0.0000000,0.0000000,0.00,0.0000,0.0000,0.0000,0.0,0.00,0.000,0.000,IDLE
2026-08-18T15:55:47.601916,0.0000000,0.0000000,0.00,0.0000,0.0000,0.0000,0.0,0.00,0.000,0.000,IDLE
2026-08-18T15:55:48.601931,0.0000000,0.0000000,0.00,0.0000,0.0000,0.0000,0.0,0.00,0.000,0.000,IDLE
2026-08-18T15:55:49.602769,0.0000000,0.0000000,0.00,0.0000,0.0000,0.0000,0.0,0.00,0.000,0.000,IDLE
2026-08-18T15:55:50.601954,0.0000000,0.0000000,0.00,0.0000,0.0000,0.0000,0.0,0.00,0.000,0.000,IDLE
2026-08-18T15:55:51.601874,0.0000000,0.0000000,0.00,0.0000,0.0000,0.0000,0.0,0.00,0.000,0.000,IDLE
2026-08-18T15:55:52.601969,0.0000000,0.0000000,0.00,0.0000,0.0000,0.0000,0.0,0.00,0.000,0.000,IDLE
2026-08-18T15:55:53.601993,0.0000000,0.0000000,0.00,0.0000,0.0000,0.0000,0.0,0.00,0.000,0.000,IDLE
2026-08-18T15:55:54.601927,0.0000000,0.0000000,0.00,0.0000,0.0000,0.0000,0.0,0.00,0.000,0.000,IDLE
2026-08-18T15:55:55.601841,0.0000000,0.0000000,0.00,0.0000,0.0000,0.0000,0.0,0.00,0.000,0.000,IDLE
2026-08-18T15:55:56.601914,0.0000000,0.0000000,0.00,0.0000,0.0000,0.0000,0.0,0.00,0.000,0.000,IDLE
2026-08-18T15:55:57.601924,0.0000000,0.0000000,0.00,0.0000,0.0000,0.0000,0.0,0.00,0.000,0.000,IDLE
2026-08-18T15:55:58.601904,0.0000000,0.0000000,0.00,0.0000,0.0000,0.0000,0.0,0.00,0.000,0.000,IDLE
2026-08-18T15:55:59.604604,0.0000000,0.0000000,0.00,0.0000,0.0000,0.0000,0.0,0.00,0.000,0.000,IDLE
2026-08-18T15:56:00.601937,0.0000000,0.0000000,0.00,0.0000,0.0000,0.0000,0.0,0.00,0.000,0.000,IDLE
2026-08-18T15:56:01.601970,0.0000000,0.0000000,0.00,0.0000,0.0000,0.0000,0.0,0.00,0.000,0.000,IDLE
2026-08-18T15:56:02.601930,0.0000000,0.0000000,0.00,0.0000,0.0000,0.0000,0.0,0.00,0.000,0.000,IDLE
2026-08-18T15:56:03.601937,0.0000000,0.0000000,0.00,0.0000,0.0000,0.0000,0.0,0.00,0.000,0.000,IDLE
2026-08-18T15:56:04.601923,0.0000000,0.0000000,0.00,0.0000,0.0000,0.0000,0.0,0.00,0.000,0.000,IDLE
2026-08-18T15:56:05.601939,0.0000000,0.0000000,0.00,0.0000,0.0000,0.0000,0.0,0.00,0.000,0.000,IDLE
2026-08-18T15:56:06.601918,0.0000000,0.0000000,0.00,0.0000,0.0000,0.0000,0.0,0.00,0.000,0.000,IDLE
2026-08-18T15:56:07.601851,0.0000000,0.0000000,0.00,0.0000,0.0000,0.0000,0.0,0.00,0.000,0.000,IDLE
2026-08-18T15:56:08.601922,0.0000000,0.0000000,0.00,0.0000,0.0000,0.0000,0.0,0.00,0.000,0.000,IDLE
2026-08-18T15:56:09.601929,0.0000000,0.0000000,0.00,0.0000,0.0000,0.0000,0.0,0.00,0.000,0.000,IDLE
2026-08-18T15:56:10.601927,0.0000000,0.0000000,0.00,0.0000,0.0000,0.0000,0.0,0.00,0.000,0.000,IDLE
2026-08-18T15:56:11.601932,0.0000000,0.0000000,0.00,0.0000,0.0000,0.0000,0.0,0.00,0.000,0.000,IDLE
2026-08-18T15:56:12.601802,0.0000000,0.0000000,0.00,0.0000,0.0000,0.0000,0.0,0.00,0.000,0.000,IDLE
2026-08-18T15:56:13.601986,0.0000000,0.0000000,0.00,0.0000,0.0000,0.0000,0.0,0.00,0.000,0.000,IDLE
2026-08-18T15:56:14.601917,0.0000000,0.0000000,0.00,0.0000,0.0000,0.0000,0.0,0.00,0.000,0.000,IDLE
2026-08-18T15:56:15.601955,0.0000000,0.0000000,0.00,0.0000,0.0000,0.0000,0.0,0.00,0.000,0.000,IDLE
2026-08-18T15:56:16.601833,0.0000000,0.0000000,0.00,0.0000,0.0000,0.0000,0.0,0.00,0.000,0.000,IDLE
2026-08-18T15:56:17.601920,0.0000000,0.0000000,0.00,0.0000,0.0000,0.0000,0.0,0.00,0.000,0.000,IDLE
2026-08-18T15:56:18.601958,0.0000000,0.0000000,0.00,0.0000,0.0000,0.0000,0.0,0.00,0.000,0.000,IDLE
2026-08-18T15:56:19.601925,0.0000000,0.0000000,0.00,0.0000,0.0000,0.0000,0.0,0.00,0.000,0.000,IDLE
2026-08-18T15:56:20.601974,0.0000000,0.0000000,0.00,0.0000,0.0000,0.0000,0.0,0.00,0.000,0.000,IDLE
2026-08-18T15:56:21.601927,0.0000000,0.0000000,0.00,0.0000,0.0000,0.0000,0.0,0.00,0.000,0.000,IDLE
2026-08-18T15:56:22.602160,0.0000000,0.0000000,0.00,0.0000,0.0000,0.0000,0.0,0.00,0.000,0.000,IDLE
2026-08-18T15:56:23.601937,0.0000000,0.0000000,0.00,0.0000,0.0000,0.0000,0.0,0.00,0.000,0.000,IDLE
2026-08-18T15:56:24.601836,0.0000000,0.0000000,0.00,0.0000,0.0000,0.0000,0.0,0.00,0.000,0.000,IDLE
2026-08-18T15:56:25.601929,0.0000000,0.0000000,0.00,0.0000,0.0000,0.0000,0.0,0.00,0.000,0.000,IDLE
2026-08-18T15:56:26.601953,0.0000000,0.0000000,0.00,0.0000,0.0000,0.0000,0.0,0.00,0.000,0.000,IDLE
2026-08-18T15:56:27.601858,0.0000000,0.0000000,0.00,0.0000,0.0000,0.0000,0.0,0.00,0.000,0.000,IDLE
2026-08-18T15:56:28.601808,0.0000000,0.0000000,0.00,0.0000,0.0000,0.0000,0.0,0.00,0.000,0.000,IDLE
2026-08-18T15:56:29.601882,0.0000000,0.0000000,0.00,0.0000,0.0000,0.0000,0.0,0.00,0.000,0.000,IDLE
2026-08-18T15:56:30.601793,0.0000000,0.0000000,0.00,0.0000,0.0000,0.0000,0.0,0.00,0.000,0.000,IDLE
2026-08-18T15:56:31.601809,0.0000000,0.0000000,0.00,0.0000,0.0000,0.0000,0.0,0.00,0.000,0.000,IDLE
2026-08-18T15:56:32.601819,0.0000000,0.0000000,0.00,0.0000,0.0000,0.0000,0.0,0.00,0.000,0.000,IDLE
2026-08-18T15:56:33.601831,0.0000000,0.0000000,0.00,0.0000,0.0000,0.0000,0.0,0.00,0.000,0.000,IDLE
2026-08-18T15:56:34.601822,0.0000000,0.0000000,0.00,0.0000,0.0000,0.0000,0.0,0.00,0.000,0.000,IDLE
2026-08-18T15:56:35.601805,0.0000000,0.0000000,0.00,0.0000,0.0000,0.0000,0.0,0.00,0.000,0.000,IDLE
2026-08-18T15:56:36.601828,0.0000000,0.0000000,0.00,0.0000,0.0000,0.0000,0.0,0.00,0.000,0.000,IDLE
2026-08-18T15:56:37.601885,0.0000000,0.0000000,0.00,0.0000,0.0000,0.0000,0.0,0.00,0.000,0.000,IDLE
2026-08-18T15:56:38.601922,0.0000000,0.0000000,0.00,0.0000,0.0000,0.0000,0.0,0.00,0.000,0.000,IDLE
2026-08-18T15:56:39.601932,0.0000000,0.0000000,0.00,0.0000,0.0000,0.0000,0.0,0.00,0.000,0.000,IDLE
2026-08-18T15:56:40.601815,0.0000000,0.0000000,0.00,0.0000,0.0000,0.0000,0.0,0.00,0.000,0.000,IDLE
2026-08-18T15:56:41.601817,0.0000000,0.0000000,0.00,0.0000,0.0000,0.0000,0.0,0.00,0.000,0.000,IDLE
2026-08-18T15:56:42.601974,0.0000000,0.0000000,0.00,0.0000,0.0000,0.0000,0.0,0.00,0.000,0.000,IDLE
2026-08-18T15:56:43.601962,0.0000000,0.0000000,0.00,0.0000,0.0000,0.0000,0.0,0.00,0.000,0.000,IDLE
2026-08-18T15:56:44.601869,0.0000000,0.0000000,0.00,0.0000,0.0000,0.0000,0.0,0.00,0.000,0.000,IDLE
2026-08-18T15:56:45.601823,0.0000000,0.0000000,0.00,0.0000,0.0000,0.0000,0.0,0.00,0.000,0.000,IDLE
2026-08-18T15:56:46.601818,0.0000000,0.0000000,0.00,0.0000,0.0000,0.0000,0.0,0.00,0.000,0.000,IDLE
2026-08-18T15:56:47.601919,0.0000000,0.0000000,0.00,0.0000,0.0000,0.0000,0.0,0.00,0.000,0.000,IDLE
2026-08-18T15:56:48.601827,0.0000000,0.0000000,0.00,0.0000,0.0000,0.0000,0.0,0.00,0.000,0.000,IDLE
2026-08-18T15:56:49.601873,0.0000000,0.0000000,0.00,0.0000,0.0000,0.0000,0.0,0.00,0.000,0.000,IDLE
2026-08-18T15:56:50.601925,0.0000000,0.0000000,0.00,0.0000,0.0000,0.0000,0.0,0.00,0.000,0.000,IDLE
2026-08-18T15:56:51.601903,0.0000000,0.0000000,0.00,0.0000,0.0000,0.0000,0.0,0.00,0.000,0.000,IDLE
2026-08-18T15:56:52.601956,0.0000000,0.0000000,0.00,0.0000,0.0000,0.0000,0.0,0.00,0.000,0.000,IDLE
2026-08-18T15:56:53.601846,0.0000000,0.0000000,0.00,0.0000,0.0000,0.0000,0.0,0.00,0.000,0.000,IDLE
2026-08-18T15:56:54.601821,0.0000000,0.0000000,0.00,0.0000,0.0000,0.0000,0.0,0.00,0.000,0.000,IDLE
2026-08-18T15:56:55.601984,0.0000000,0.0000000,0.00,0.0000,0.0000,0.0000,0.0,0.00,0.000,0.000,IDLE
2026-08-18T15:56:56.601981,0.0000000,0.0000000,0.00,0.0000,0.0000,0.0000,0.0,0.00,0.000,0.000,IDLE
2026-08-18T15:56:57.601996,0.0000000,0.0000000,0.00,0.0000,0.0000,0.0000,0.0,0.00,0.000,0.000,IDLE
2026-08-18T15:56:58.601958,0.0000000,0.0000000,0.00,0.0000,0.0000,0.0000,0.0,0.00,0.000,0.000,IDLE
2026-08-18T15:56:59.601887,0.0000000,0.0000000,0.00,0.0000,0.0000,0.0000,0.0,0.00,0.000,0.000,IDLE
2026-08-18T15:57:00.601991,0.0000000,0.0000000,0.00,0.0000,0.0000,0.0000,0.0,0.00,0.000,0.000,IDLE
2026-08-18T15:57:01.601974,0.0000000,0.0000000,0.00,0.0000,0.0000,0.0000,0.0,0.00,0.000,0.000,IDLE
2026-08-18T15:57:02.601802,0.0000000,0.0000000,0.00,0.0000,0.0000,0.0000,0.0,0.00,0.000,0.000,IDLE
2026-08-18T15:57:03.601842,0.0000000,0.0000000,0.00,0.0000,0.0000,0.0000,0.0,0.00,0.000,0.000,IDLE
2026-08-18T15:57:04.601813,0.0000000,0.0000000,0.00,0.0000,0.0000,0.0000,0.0,0.00,0.000,0.000,IDLE
2026-08-18T15:57:05.601834,0.0000000,0.0000000,0.00,0.0000,0.0000,0.0000,0.0,0.00,0.000,0.000,IDLE
2026-08-18T15:57:06.601860,0.0000000,0.0000000,0.00,0.0000,0.0000,0.0000,0.0,0.00,0.000,0.000,IDLE
2026-08-18T15:57:07.601800,0.0000000,0.0000000,0.00,0.0000,0.0000,0.0000,0.0,0.00,0.000,0.000,IDLE
2026-08-18T15:57:08.601949,0.0000000,0.0000000,0.00,0.0000,0.0000,0.0000,0.0,0.00,0.000,0.000,IDLE
2026-08-18T15:57:09.601952,0.0000000,0.0000000,0.00,0.0000,0.0000,0.0000,0.0,0.00,0.000,0.000,IDLE
2026-08-18T15:57:10.601865,0.0000000,0.0000000,0.00,0.0000,0.0000,0.0000,0.0,0.00,0.000,0.000,IDLE
2026-08-18T15:57:11.601786,0.0000000,0.0000000,0.00,0.0000,0.0000,0.0000,0.0,0.00,0.000,0.000,IDLE
2026-08-18T15:57:12.601973,0.0000000,0.0000000,0.00,0.0000,0.0000,0.0000,0.0,0.00,0.000,0.000,IDLE
2026-08-18T15:57:13.601946,0.0000000,0.0000000,0.00,0.0000,0.0000,0.0000,0.0,0.00,0.000,0.000,IDLE
2026-08-18T15:57:14.601819,0.0000000,0.0000000,0.00,0.0000,0.0000,0.0000,0.0,0.00,0.000,0.000,IDLE
2026-08-18T15:57:15.601787,0.0000000,0.0000000,0.00,0.0000,0.0000,0.0000,0.0,0.00,0.000,0.000,IDLE
2026-08-18T15:57:16.601946,0.0000000,0.0000000,0.00,0.0000,0.0000,0.0000,0.0,0.00,0.000,0.000,IDLE
2026-08-18T15:57:17.601958,0.0000000,0.0000000,0.00,0.0000,0.0000,0.0000,0.0,0.00,0.000,0.000,IDLE
2026-08-18T15:57:18.601979,0.0000000,0.0000000,0.00,0.0000,0.0000,0.0000,0.0,0.00,0.000,0.000,IDLE
2026-08-18T15:57:19.601963,0.0000000,0.0000000,0.00,0.0000,0.0000,0.0000,0.0,0.00,0.000,0.000,IDLE
2026-08-18T15:57:20.601971,0.0000000,0.0000000,0.00,0.0000,0.0000,0.0000,0.0,0.00,0.000,0.000,IDLE
2026-08-18T15:57:21.601893,0.0000000,0.0000000,0.00,0.0000,0.0000,0.0000,0.0,0.00,0.000,0.000,IDLE
2026-08-18T15:57:22.602180,0.0000000,0.0000000,0.00,0.0000,0.0000,0.0000,0.0,0.00,0.000,0.000,IDLE
2026-08-18T15:57:23.601829,0.0000000,0.0000000,0.00,0.0000,0.0000,0.0000,0.0,0.00,0.000,0.000,IDLE
2026-08-18T15:57:24.601869,0.0000000,0.0000000,0.00,0.0000,0.0000,0.0000,0.0,0.00,0.000,0.000,IDLE
2026-08-18T15:57:25.601900,0.0000000,0.0000000,0.00,0.0000,0.0000,0.0000,0.0,0.00,0.000,0.000,IDLE
2026-08-18T15:57:26.601906,0.0000000,0.0000000,0.00,0.0000,0.0000,0.0000,0.0,0.00,0.000,0.000,IDLE
2026-08-18T15:57:27.601896,0.0000000,0.0000000,0.00,0.0000,0.0000,0.0000,0.0,0.00,0.000,0.000,IDLE
2026-08-18T15:57:28.601897,0.0000000,0.0000000,0.00,0.0000,0.0000,0.0000,0.0,0.00,0.000,0.000,IDLE
2026-08-18T15:57:29.601753,0.0000000,0.0000000,0.00,0.0000,0.0000,0.0000,0.0,0.00,0.000,0.000,IDLE
2026-08-18T15:57:30.601950,0.0000000,0.0000000,0.00,0.0000,0.0000,0.0000,0.0,0.00,0.000,0.000,IDLE
2026-08-18T15:57:31.601876,0.0000000,0.0000000,0.00,0.0000,0.0000,0.0000,0.0,0.00,0.000,0.000,IDLE
2026-08-18T15:57:32.601898,0.0000000,0.0000000,0.00,0.0000,0.0000,0.0000,0.0,0.00,0.000,0.000,IDLE
2026-08-18T15:57:33.601883,0.0000000,0.0000000,0.00,0.0000,0.0000,0.0000,0.0,0.00,0.000,0.000,IDLE
2026-08-18T15:57:34.601910,0.0000000,0.0000000,0.00,0.0000,0.0000,0.0000,0.0,0.00,0.000,0.000,IDLE
2026-08-18T15:57:35.601871,0.0000000,0.0000000,0.00,0.0000,0.0000,0.0000,0.0,0.00,0.000,0.000,IDLE
2026-08-18T15:57:36.601924,0.0000000,0.0000000,0.00,0.0000,0.0000,0.0000,0.0,0.00,0.000,0.000,IDLE
2026-08-18T15:57:37.601965,0.0000000,0.0000000,0.00,0.0000,0.0000,0.0000,0.0,0.00,0.000,0.000,IDLE
2026-08-18T15:57:38.601951,0.0000000,0.0000000,0.00,0.0000,0.0000,0.0000,0.0,0.00,0.000,0.000,IDLE
2026-08-18T15:57:39.601961,0.0000000,0.0000000,0.00,0.0000,0.0000,0.0000,0.0,0.00,0.000,0.000,IDLE
2026-08-18T15:57:40.601854,0.0000000,0.0000000,0.00,0.0000,0.0000,0.0000,0.0,0.00,0.000,0.000,IDLE
2026-08-18T15:57:41.601833,0.0000000,0.0000000,0.00,0.0000,0.0000,0.0000,0.0,0.00,0.000,0.000,IDLE
2026-08-18T15:57:42.601939,0.0000000,0.0000000,0.00,0.0000,0.0000,0.0000,0.0,0.00,0.000,0.000,IDLE
2026-08-18T15:57:43.601994,0.0000000,0.0000000,0.00,0.0000,0.0000,0.0000,0.0,0.00,0.000,0.000,IDLE
2026-08-18T15:57:44.601808,0.0000000,0.0000000,0.00,0.0000,0.0000,0.0000,0.0,0.00,0.000,0.000,IDLE
2026-08-18T15:57:45.601899,0.0000000,0.0000000,0.00,0.0000,0.0000,0.0000,0.0,0.00,0.000,0.000,IDLE
2026-08-18T15:57:46.601909,0.0000000,0.0000000,0.00,0.0000,0.0000,0.0000,0.0,0.00,0.000,0.000,IDLE
2026-08-18T15:57:47.601795,0.0000000,0.0000000,0.00,0.0000,0.0000,0.0000,0.0,0.00,0.000,0.000,IDLE
2026-08-18T15:57:48.601900,0.0000000,0.0000000,0.00,0.0000,0.0000,0.0000,0.0,0.00,0.000,0.000,IDLE
2026-08-18T15:57:49.601899,0.0000000,0.0000000,0.00,0.0000,0.0000,0.0000,0.0,0.00,0.000,0.000,IDLE
2026-08-18T15:57:50.601955,0.0000000,0.0000000,0.00,0.0000,0.0000,0.0000,0.0,0.00,0.000,0.000,IDLE
2026-08-18T15:57:51.601953,0.0000000,0.0000000,0.00,0.0000,0.0000,0.0000,0.0,0.00,0.000,0.000,IDLE
2026-08-18T15:57:52.601973,0.0000000,0.0000000,0.00,0.0000,0.0000,0.0000,0.0,0.00,0.000,0.000,IDLE
2026-08-18T15:57:53.601857,0.0000000,0.0000000,0.00,0.0000,0.0000,0.0000,0.0,0.00,0.000,0.000,IDLE
2026-08-18T15:57:54.601811,0.0000000,0.0000000,0.00,0.0000,0.0000,0.0000,0.0,0.00,0.000,0.000,IDLE
2026-08-18T15:57:55.601933,0.0000000,0.0000000,0.00,0.0000,0.0000,0.0000,0.0,0.00,0.000,0.000,IDLE
2026-08-18T15:57:56.601937,0.0000000,0.0000000,0.00,0.0000,0.0000,0.0000,0.0,0.00,0.000,0.000,IDLE
2026-08-18T15:57:57.601993,0.0000000,0.0000000,0.00,0.0000,0.0000,0.0000,0.0,0.00,0.000,0.000,IDLE
2026-08-18T15:57:58.601893,0.0000000,0.0000000,0.00,0.0000,0.0000,0.0000,0.0,0.00,0.000,0.000,IDLE
2026-08-18T15:57:59.601872,0.0000000,0.0000000,0.00,0.0000,0.0000,0.0000,0.0,0.00,0.000,0.000,IDLE
2026-08-18T15:58:00.601939,0.0000000,0.0000000,0.00,0.0000,0.0000,0.0000,0.0,0.00,0.000,0.000,IDLE
2026-08-18T15:58:01.601951,0.0000000,0.0000000,0.00,0.0000,0.0000,0.0000,0.0,0.00,0.000,0.000,IDLE
2026-08-18T15:58:02.601798,0.0000000,0.0000000,0.00,0.0000,0.0000,0.0000,0.0,0.00,0.000,0.000,IDLE
2026-08-18T15:58:03.601942,0.0000000,0.0000000,0.00,0.0000,0.0000,0.0000,0.0,0.00,0.000,0.000,IDLE
2026-08-18T15:58:04.601916,0.0000000,0.0000000,0.00,0.0000,0.0000,0.0000,0.0,0.00,0.000,0.000,IDLE
2026-08-18T15:58:05.601825,0.0000000,0.0000000,0.00,0.0000,0.0000,0.0000,0.0,0.00,0.000,0.000,IDLE
2026-08-18T15:58:06.601798,0.0000000,0.0000000,0.00,0.0000,0.0000,0.0000,0.0,0.00,0.000,0.000,IDLE
2026-08-18T15:58:07.601811,0.0000000,0.0000000,0.00,0.0000,0.0000,0.0000,0.0,0.00,0.000,0.000,IDLE
2026-08-18T15:58:08.601927,0.0000000,0.0000000,0.00,0.0000,0.0000,0.0000,0.0,0.00,0.000,0.000,IDLE
2026-08-18T15:58:09.601874,0.0000000,0.0000000,0.00,0.0000,0.0000,0.0000,0.0,0.00,0.000,0.000,IDLE
2026-08-18T15:58:10.601843,0.0000000,0.0000000,0.00,0.0000,0.0000,0.0000,0.0,0.00,0.000,0.000,IDLE
2026-08-18T15:58:11.601792,0.0000000,0.0000000,0.00,0.0000,0.0000,0.0000,0.0,0.00,0.000,0.000,IDLE
2026-08-18T15:58:12.601941,0.0000000,0.0000000,0.00,0.0000,0.0000,0.0000,0.0,0.00,0.000,0.000,IDLE
2026-08-18T15:58:13.601933,0.0000000,0.0000000,0.00,0.0000,0.0000,0.0000,0.0,0.00,0.000,0.000,IDLE
2026-08-18T15:58:14.601850,0.0000000,0.0000000,0.00,0.0000,0.0000,0.0000,0.0,0.00,0.000,0.000,IDLE
2026-08-18T15:58:15.601843,0.0000000,0.0000000,0.00,0.0000,0.0000,0.0000,0.0,0.00,0.000,0.000,IDLE
2026-08-18T15:58:16.601769,0.0000000,0.0000000,0.00,0.0000,0.0000,0.0000,0.0,0.00,0.000,0.000,IDLE
2026-08-18T15:58:17.601929,0.0000000,0.0000000,0.00,0.0000,0.0000,0.0000,0.0,0.00,0.000,0.000,IDLE
2026-08-18T15:58:18.601821,0.0000000,0.0000000,0.00,0.0000,0.0000,0.0000,0.0,0.00,0.000,0.000,IDLE
2026-08-18T15:58:19.601804,0.0000000,0.0000000,0.00,0.0000,0.0000,0.0000,0.0,0.00,0.000,0.000,IDLE
2026-08-18T15:58:20.601851,0.0000000,0.0000000,0.00,0.0000,0.0000,0.0000,0.0,0.00,0.000,0.000,IDLE
2026-08-18T15:58:21.601959,0.0000000,0.0000000,0.00,0.0000,0.0000,0.0000,0.0,0.00,0.000,0.000,IDLE
2026-08-18T15:58:22.601863,0.0000000,0.0000000,0.00,0.0000,0.0000,0.0000,0.0,0.00,0.000,0.000,IDLE
2026-08-18T15:58:23.601835,0.0000000,0.0000000,0.00,0.0000,0.0000,0.0000,0.0,0.00,0.000,0.000,IDLE
2026-08-18T15:58:24.601817,0.0000000,0.0000000,0.00,0.0000,0.0000,0.0000,0.0,0.00,0.000,0.000,IDLE
2026-08-18T15:58:25.601869,0.0000000,0.0000000,0.00,0.0000,0.0000,0.0000,0.0,0.00,0.000,0.000,IDLE
2026-08-18T15:58:26.601969,0.0000000,0.0000000,0.00,0.0000,0.0000,0.0000,0.0,0.00,0.000,0.000,IDLE
2026-08-18T15:58:27.601974,0.0000000,0.0000000,0.00,0.0000,0.0000,0.0000,0.0,0.00,0.000,0.000,IDLE
2026-08-18T15:58:28.601821,0.0000000,0.0000000,0.00,0.0000,0.0000,0.0000,0.0,0.00,0.000,0.000,IDLE
2026-08-18T15:58:29.601922,0.0000000,0.0000000,0.00,0.0000,0.0000,0.0000,0.0,0.00,0.000,0.000,IDLE
2026-08-18T15:58:30.601941,0.0000000,0.0000000,0.00,0.0000,0.0000,0.0000,0.0,0.00,0.000,0.000,IDLE
2026-08-18T15:58:31.601931,0.0000000,0.0000000,0.00,0.0000,0.0000,0.0000,0.0,0.00,0.000,0.000,IDLE
2026-08-18T15:58:32.601965,0.0000000,0.0000000,0.00,0.0000,0.0000,0.0000,0.0,0.00,0.000,0.000,IDLE
2026-08-18T15:58:33.601981,0.0000000,0.0000000,0.00,0.0000,0.0000,0.0000,0.0,0.00,0.000,0.000,IDLE
2026-08-18T15:58:34.601942,0.0000000,0.0000000,0.00,0.0000,0.0000,0.0000,0.0,0.00,0.000,0.000,IDLE
2026-08-18T15:58:35.601973,0.0000000,0.0000000,0.00,0.0000,0.0000,0.0000,0.0,0.00,0.000,0.000,IDLE
2026-08-18T15:58:36.601910,0.0000000,0.0000000,0.00,0.0000,0.0000,0.0000,0.0,0.00,0.000,0.000,IDLE
2026-08-18T15:58:37.602209,0.0000000,0.0000000,0.00,0.0000,0.0000,0.0000,0.0,0.00,0.000,0.000,IDLE
2026-08-18T15:58:38.601976,0.0000000,0.0000000,0.00,0.0000,0.0000,0.0000,0.0,0.00,0.000,0.000,IDLE
2026-08-18T15:58:39.601899,0.0000000,0.0000000,0.00,0.0000,0.0000,0.0000,0.0,0.00,0.000,0.000,IDLE
2026-08-18T15:58:40.602023,0.0000000,0.0000000,0.00,0.0000,0.0000,0.0000,0.0,0.00,0.000,0.000,IDLE
2026-08-18T15:58:41.601760,0.0000000,0.0000000,0.00,0.0000,0.0000,0.0000,0.0,0.00,0.000,0.000,IDLE
2026-08-18T15:58:42.601880,0.0000000,0.0000000,0.00,0.0000,0.0000,0.0000,0.0,0.00,0.000,0.000,IDLE
2026-08-18T15:58:43.601936,0.0000000,0.0000000,0.00,0.0000,0.0000,0.0000,0.0,0.00,0.000,0.000,IDLE
2026-08-18T15:58:44.602002,0.0000000,0.0000000,0.00,0.0000,0.0000,0.0000,0.0,0.00,0.000,0.000,IDLE
2026-08-18T15:58:45.601781,0.0000000,0.0000000,0.00,0.0000,0.0000,0.0000,0.0,0.00,0.000,0.000,IDLE
2026-08-18T15:58:46.601785,0.0000000,0.0000000,0.00,0.0000,0.0000,0.0000,0.0,0.00,0.000,0.000,IDLE
2026-08-18T15:58:47.601956,0.0000000,0.0000000,0.00,0.0000,0.0000,0.0000,0.0,0.00,0.000,0.000,IDLE
2026-08-18T15:58:48.601847,0.0000000,0.0000000,0.00,0.0000,0.0000,0.0000,0.0,0.00,0.000,0.000,IDLE
2026-08-18T15:58:49.601797,0.0000000,0.0000000,0.00,0.0000,0.0000,0.0000,0.0,0.00,0.000,0.000,IDLE
2026-08-18T15:58:50.601828,0.0000000,0.0000000,0.00,0.0000,0.0000,0.0000,0.0,0.00,0.000,0.000,IDLE
2026-08-18T15:58:51.601916,0.0000000,0.0000000,0.00,0.0000,0.0000,0.0000,0.0,0.00,0.000,0.000,IDLE
2026-08-18T15:58:52.601849,0.0000000,0.0000000,0.00,0.0000,0.0000,0.0000,0.0,0.00,0.000,0.000,IDLE
2026-08-18T15:58:53.601797,0.0000000,0.0000000,0.00,0.0000,0.0000,0.0000,0.0,0.00,0.000,0.000,IDLE
2026-08-18T15:58:54.601933,0.0000000,0.0000000,0.00,0.0000,0.0000,0.0000,0.0,0.00,0.000,0.000,IDLE
2026-08-18T15:58:55.601969,0.0000000,0.0000000,0.00,0.0000,0.0000,0.0000,0.0,0.00,0.000,0.000,IDLE
2026-08-18T15:58:56.601825,0.0000000,0.0000000,0.00,0.0000,0.0000,0.0000,0.0,0.00,0.000,0.000,IDLE
2026-08-18T15:58:57.601832,0.0000000,0.0000000,0.00,0.0000,0.0000,0.0000,0.0,0.00,0.000,0.000,IDLE
2026-08-18T15:58:58.601890,0.0000000,0.0000000,0.00,0.0000,0.0000,0.0000,0.0,0.00,0.000,0.000,IDLE
2026-08-18T15:58:59.601961,0.0000000,0.0000000,0.00,0.0000,0.0000,0.0000,0.0,0.00,0.000,0.000,IDLE
2026-08-18T15:59:00.601953,0.0000000,0.0000000,0.00,0.0000,0.0000,0.0000,0.0,0.00,0.000,0.000,IDLE
2026-08-18T15:59:01.601812,0.0000000,0.0000000,0.00,0.0000,0.0000,0.0000,0.0,0.00,0.000,0.000,IDLE
2026-08-18T15:59:02.601829,0.0000000,0.0000000,0.00,0.0000,0.0000,0.0000,0.0,0.00,0.000,0.000,IDLE
2026-08-18T15:59:03.601880,0.0000000,0.0000000,0.00,0.0000,0.0000,0.0000,0.0,0.00,0.000,0.000,IDLE
2026-08-18T15:59:04.601990,0.0000000,0.0000000,0.00,0.0000,0.0000,0.0000,0.0,0.00,0.000,0.000,IDLE
2026-08-18T15:59:05.601884,0.0000000,0.0000000,0.00,0.0000,0.0000,0.0000,0.0,0.00,0.000,0.000,IDLE
