timestamp,lat,lon,alt,roll,pitch,yaw,heading,groundspeed,cmd_linear_x,cmd_angular_z,mission_phase
2026-08-17T13:30:47.663776,0.0000000,0.0000000,0.00,-0.0841,0.0621,0.0329,1.0,0.14,0.000,0.000,IDLE
2026-08-17T13:30:48.663747,37.8648908,32.4839505,1021.77,-0.0829,0.0677,0.0456,2.0,0.08,0.000,0.000,IDLE
2026-08-17T13:30:49.662246,37.8648903,32.4839517,1021.66,-0.0831,0.0704,0.0528,3.0,0.06,0.000,0.000,IDLE
2026-08-17T13:30:50.661840,37.8648909,32.4839521,1021.71,-0.0827,0.0692,0.0388,2.0,0.05,0.000,0.000,IDLE
2026-08-17T13:30:51.661720,37.8648911,32.4839527,1021.70,-0.0803,0.0652,0.0032,0.0,0.06,0.000,0.000,IDLE
2026-08-17T13:30:52.661829,37.8648916,32.4839533,1021.73,-0.0810,0.0688,-0.0386,357.0,0.06,0.000,0.000,IDLE
2026-08-17T13:30:53.661869,37.8648924,32.4839529,1021.76,-0.0809,0.0622,-0.0680,356.0,0.09,0.000,0.000,IDLE
2026-08-17T13:30:54.661830,37.8648938,32.4839535,1021.72,-0.0798,0.0661,-0.0814,355.0,0.13,0.000,0.000,IDLE
2026-08-17T13:30:55.661833,37.8648947,32.4839541,1021.71,-0.0835,0.0678,-0.0924,354.0,0.10,0.000,0.000,IDLE
2026-08-17T13:30:56.661805,37.8648948,32.4839547,1021.72,-0.0796,0.0655,-0.0891,354.0,0.08,0.000,0.000,IDLE
2026-08-17T13:30:57.661772,37.8648947,32.4839551,1021.64,-0.0899,0.0664,-0.0951,354.0,0.08,0.000,0.000,IDLE
2026-08-17T13:30:58.661751,37.8648941,32.4839550,1021.56,-0.0919,0.1064,-0.1316,352.0,0.05,0.000,0.000,IDLE
2026-08-17T13:30:59.661941,37.8648945,32.4839547,1021.58,-0.0967,0.0916,-0.1410,351.0,0.03,0.000,0.000,IDLE
2026-08-17T13:31:00.661843,37.8648946,32.4839544,1021.58,-0.0935,0.1548,-0.0936,354.0,0.04,0.000,0.000,IDLE
2026-08-17T13:31:01.661931,37.8648938,32.4839538,1021.52,-0.0923,0.0917,-0.1183,353.0,0.04,0.000,0.000,IDLE
2026-08-17T13:31:02.661723,37.8648934,32.4839533,1021.50,-0.0943,0.1177,-0.1031,354.0,0.05,0.000,0.000,IDLE
2026-08-17T13:31:03.661759,37.8648935,32.4839537,1021.42,-0.0878,0.1377,-0.0714,355.0,0.04,0.000,0.000,IDLE
2026-08-17T13:31:04.661757,37.8648941,32.4839547,1021.39,-0.0854,0.1348,-0.0391,357.0,0.01,0.000,0.000,IDLE
2026-08-17T13:31:05.661843,37.8648945,32.4839555,1021.41,-0.0899,0.1384,-0.0074,359.0,0.05,0.000,0.000,IDLE
2026-08-17T13:31:06.662152,37.8648953,32.4839554,1021.46,-0.0895,0.1225,-0.0030,359.0,0.02,0.000,0.000,IDLE
2026-08-17T13:31:07.661858,37.8648959,32.4839554,1021.55,-0.1035,0.1396,0.0095,0.0,0.04,0.000,0.000,IDLE
2026-08-17T13:31:08.662345,37.8648948,32.4839542,1021.56,-0.0882,0.1306,0.0065,0.0,0.07,0.000,0.000,IDLE
2026-08-17T13:31:09.661737,37.8648942,32.4839538,1021.53,-0.1026,0.1322,0.0090,0.0,0.05,0.000,0.000,IDLE
2026-08-17T13:31:10.662359,37.8648948,32.4839534,1021.57,-0.1028,0.1353,0.0575,3.0,0.03,0.000,0.000,IDLE
2026-08-17T13:31:11.661846,37.8648961,32.4839537,1021.62,-0.1016,0.1286,0.0894,5.0,0.05,0.000,0.000,IDLE
2026-08-17T13:31:12.668226,37.8648972,32.4839538,1021.63,-0.1133,0.1019,0.0598,3.0,0.14,0.000,0.000,IDLE
2026-08-17T13:31:13.661782,37.8648992,32.4839544,1021.63,-0.0997,0.1270,0.0909,5.0,0.13,0.000,0.000,IDLE
2026-08-17T13:31:14.661771,37.8648993,32.4839552,1021.66,-0.0856,0.1257,0.1302,7.0,0.13,0.000,0.000,IDLE
2026-08-17T13:31:15.661824,37.8648990,32.4839559,1021.64,-0.0926,0.1414,0.1755,10.0,0.11,0.000,0.000,IDLE
2026-08-17T13:31:16.661737,37.8648997,32.4839563,1021.61,-0.1031,0.1564,0.2723,15.0,0.14,0.000,0.000,IDLE
2026-08-17T13:31:17.663737,37.8649011,32.4839564,1021.59,-0.0946,0.1463,0.3713,21.0,0.14,0.000,0.000,IDLE
2026-08-17T13:31:18.661832,37.8649013,32.4839566,1021.65,-0.0919,0.1088,0.4311,24.0,0.03,0.000,0.000,IDLE
2026-08-17T13:31:19.661759,37.8649013,32.4839561,1021.74,-0.0887,0.0984,0.3543,20.0,0.06,0.000,0.000,IDLE
2026-08-17T13:31:20.661740,37.8649017,32.4839570,1021.79,-0.0901,0.1367,0.3367,19.0,0.01,0.000,0.000,IDLE
2026-08-17T13:31:21.661808,37.8649017,32.4839567,1021.73,-0.0425,0.0784,0.3020,17.0,0.06,0.000,0.000,IDLE
2026-08-17T13:31:22.661810,37.8649014,32.4839559,1021.76,-0.0794,0.1232,0.2786,15.0,0.01,0.000,0.000,IDLE
2026-08-17T13:31:23.661767,37.8649017,32.4839556,1021.64,-0.0903,0.1421,0.2879,16.0,0.03,0.000,0.000,IDLE
2026-08-17T13:31:24.662158,37.8649018,32.4839555,1021.57,-0.1167,0.1788,0.2604,14.0,0.07,0.000,0.000,IDLE
2026-08-17T13:31:25.662189,37.8649026,32.4839567,1021.52,-0.0940,0.1289,0.2006,11.0,0.11,0.000,0.000,IDLE
2026-08-17T13:31:26.661770,37.8649030,32.4839579,1021.54,-0.0923,0.1348,0.2794,16.0,0.11,0.000,0.000,IDLE
2026-08-17T13:31:27.662536,37.8649023,32.4839577,1021.53,-0.0919,0.1312,0.3800,21.0,0.07,0.000,0.000,IDLE
2026-08-17T13:31:28.662605,37.8649023,32.4839580,1021.54,-0.0858,0.1294,0.4579,26.0,0.05,0.000,0.000,IDLE
2026-08-17T13:31:29.661800,37.8649030,32.4839586,1021.59,-0.0895,0.1308,0.5164,29.0,0.06,0.000,0.000,IDLE
2026-08-17T13:31:30.661785,37.8649038,32.4839596,1021.63,-0.0892,0.1311,0.5577,31.0,0.07,0.000,0.000,IDLE
2026-08-17T13:31:31.661783,37.8649045,32.4839601,1021.61,-0.0937,0.1341,0.6053,34.0,0.04,0.000,0.000,IDLE
2026-08-17T13:31:32.661939,37.8649040,32.4839596,1021.59,-0.0924,0.1307,0.6464,37.0,0.02,0.000,0.000,IDLE
2026-08-17T13:31:33.661748,37.8649039,32.4839594,1021.67,-0.0932,0.1330,0.6809,39.0,0.05,0.000,0.000,IDLE
2026-08-17T13:31:34.661888,37.8649034,32.4839591,1021.69,-0.0926,0.1343,0.7073,40.0,0.07,0.000,0.000,IDLE
2026-08-17T13:31:35.661866,37.8649028,32.4839589,1021.76,-0.0917,0.1362,0.7304,41.0,0.10,0.000,0.000,IDLE
2026-08-17T13:31:36.661726,37.8649021,32.4839592,1021.77,-0.0909,0.1360,0.7395,42.0,0.10,0.000,0.000,IDLE
2026-08-17T13:31:37.662230,37.8649021,32.4839607,1021.78,-0.0915,0.1344,0.7357,42.0,0.07,0.000,0.000,IDLE
2026-08-17T13:31:38.661755,37.8649018,32.4839603,1021.75,-0.0920,0.1342,0.7336,42.0,0.09,0.000,0.000,IDLE
2026-08-17T13:31:39.666449,37.8649005,32.4839597,1021.77,-0.0905,0.1351,0.7328,41.0,0.13,0.000,0.000,IDLE
2026-08-17T13:31:40.665914,37.8648995,32.4839592,1021.85,-0.0909,0.1335,0.7297,41.0,0.15,0.000,0.000,IDLE
2026-08-17T13:31:41.684597,37.8648983,32.4839591,1021.82,-0.0884,0.1345,0.7299,41.0,0.15,0.000,0.000,IDLE
2026-08-17T13:31:42.661973,37.8648982,32.4839595,1021.92,-0.0891,0.1326,0.7306,41.0,0.11,0.000,0.000,IDLE
2026-08-17T13:31:43.662236,37.8648981,32.4839592,1021.97,-0.0897,0.1311,0.7253,41.0,0.09,0.000,0.000,IDLE
2026-08-17T13:31:44.661745,37.8648983,32.4839592,1021.94,-0.0897,0.1292,0.7180,41.0,0.05,0.000,0.000,IDLE
2026-08-17T13:31:45.661801,37.8648987,32.4839599,1021.90,-0.0890,0.1283,0.7138,40.0,0.05,0.000,0.000,IDLE
2026-08-17T13:31:46.661805,37.8648992,32.4839603,1021.94,-0.0894,0.1282,0.7105,40.0,0.06,0.000,0.000,IDLE
2026-08-17T13:31:47.661760,37.8648993,32.4839603,1021.89,-0.0911,0.1297,0.7046,40.0,0.05,0.000,0.000,IDLE
2026-08-17T13:31:48.661952,37.8648991,32.4839603,1021.80,-0.0935,0.1304,0.7018,40.0,0.05,0.000,0.000,IDLE
2026-08-17T13:31:49.661753,37.8648988,32.4839611,1021.75,-0.0921,0.1307,0.7016,40.0,0.07,0.000,0.000,IDLE
2026-08-17T13:31:50.663724,37.8648991,32.4839618,1021.70,-0.0911,0.1311,0.7019,40.0,0.07,0.000,0.000,IDLE
2026-08-17T13:31:51.668086,37.8648993,32.4839623,1021.70,-0.0910,0.1318,0.7038,40.0,0.07,0.000,0.000,IDLE
2026-08-17T13:31:52.662148,37.8648999,32.4839624,1021.67,-0.0890,0.1333,0.7085,40.0,0.06,0.000,0.000,IDLE
2026-08-17T13:31:53.661805,37.8649008,32.4839627,1021.67,-0.0924,0.1282,0.7004,40.0,0.06,0.000,0.000,IDLE
2026-08-17T13:31:54.661818,37.8649010,32.4839629,1021.68,-0.0910,0.1295,0.6952,39.0,0.04,0.000,0.000,IDLE
2026-08-17T13:31:55.663993,37.8649005,32.4839628,1021.60,-0.0936,0.1302,0.6939,39.0,0.03,0.000,0.000,IDLE
2026-08-17T13:31:56.675756,37.8649004,32.4839626,1021.61,-0.0934,0.1297,0.6803,38.0,0.04,0.000,0.000,IDLE
2026-08-17T13:31:57.661729,37.8649004,32.4839628,1021.68,-0.0921,0.1310,0.6818,39.0,0.04,0.000,0.000,IDLE
2026-08-17T13:31:58.661862,37.8649002,32.4839623,1021.78,-0.0919,0.1310,0.6755,38.0,0.04,0.000,0.000,IDLE
2026-08-17T13:31:59.663009,37.8649001,32.4839620,1021.80,-0.0918,0.1312,0.6578,37.0,0.07,0.000,0.000,IDLE
2026-08-17T13:32:00.661824,37.8649002,32.4839623,1021.79,-0.0927,0.1275,0.6317,36.0,0.04,0.000,0.000,IDLE
2026-08-17T13:32:01.663996,37.8649009,32.4839624,1021.70,-0.0893,0.1259,0.6080,34.0,0.01,0.000,0.000,IDLE
2026-08-17T13:32:02.662621,37.8649017,32.4839626,1021.70,-0.0905,0.1244,0.5886,33.0,0.01,0.000,0.000,IDLE
2026-08-17T13:32:03.661846,37.8649016,32.4839622,1021.69,-0.0932,0.1288,0.5633,32.0,0.01,0.000,0.000,IDLE
2026-08-17T13:32:04.666311,37.8649016,32.4839620,1021.70,-0.0945,0.1324,0.5310,30.0,0.02,0.000,0.000,IDLE
2026-08-17T13:32:05.664192,37.8649019,32.4839622,1021.69,-0.0918,0.1315,0.4990,28.0,0.02,0.000,0.000,IDLE
2026-08-17T13:32:06.662023,37.8649022,32.4839630,1021.70,-0.0928,0.1300,0.4774,27.0,0.02,0.000,0.000,IDLE
2026-08-17T13:32:07.662267,37.8649024,32.4839632,1021.69,-0.0907,0.1304,0.4693,26.0,0.03,0.000,0.000,IDLE
2026-08-17T13:32:08.661891,37.8649032,32.4839632,1021.59,-0.0924,0.1332,0.4653,26.0,0.03,0.000,0.000,IDLE
2026-08-17T13:32:09.661858,37.8649036,32.4839632,1021.61,-0.0906,0.1301,0.4600,26.0,0.02,0.000,0.000,IDLE
2026-08-17T13:32:10.661778,37.8649035,32.4839630,1021.67,-0.0900,0.1307,0.4560,26.0,0.00,0.000,0.000,IDLE
2026-08-17T13:32:11.661998,37.8649035,32.4839636,1021.70,-0.0930,0.1340,0.4565,26.0,0.01,0.000,0.000,IDLE
2026-08-17T13:32:12.662096,37.8649040,32.4839643,1021.72,-0.0921,0.1325,0.4599,26.0,0.02,0.000,0.000,IDLE
2026-08-17T13:32:13.663639,37.8649040,32.4839644,1021.72,-0.0873,0.1311,0.4684,26.0,0.02,0.000,0.000,IDLE
2026-08-17T13:32:14.661944,37.8649040,32.4839645,1021.74,-0.0903,0.1327,0.4931,28.0,0.02,0.000,0.000,IDLE
2026-08-17T13:32:15.662007,37.8649053,32.4839649,1021.71,-0.0927,0.1350,0.5227,29.0,0.02,0.000,0.000,IDLE
2026-08-17T13:32:16.662674,37.8649056,32.4839651,1021.70,-0.0957,0.1376,0.5492,31.0,0.02,0.000,0.000,IDLE
2026-08-17T13:32:17.661399,37.8649057,32.4839652,1021.63,-0.0903,0.1336,0.5676,32.0,0.02,0.000,0.000,IDLE
2026-08-17T13:32:18.662201,37.8649053,32.4839652,1021.65,-0.0907,0.1326,0.5867,33.0,0.03,0.000,0.000,IDLE
2026-08-17T13:32:19.663825,37.8649052,32.4839645,1021.66,-0.0905,0.1323,0.6101,34.0,0.07,0.000,0.000,IDLE
2026-08-17T13:32:20.662347,37.8649043,32.4839628,1021.72,-0.0909,0.1355,0.6353,36.0,0.12,0.000,0.000,IDLE
2026-08-17T13:32:21.662116,37.8649038,32.4839628,1021.75,-0.0933,0.1344,0.6519,37.0,0.12,0.000,0.000,IDLE
2026-08-17T13:32:22.663267,37.8649030,32.4839624,1021.76,-0.0895,0.1351,0.6527,37.0,0.17,0.000,0.000,IDLE
2026-08-17T13:32:23.661916,37.8649022,32.4839618,1021.77,-0.0912,0.1341,0.6442,36.0,0.17,0.000,0.000,IDLE
2026-08-17T13:32:24.661769,37.8649016,32.4839614,1021.75,-0.0899,0.1341,0.6306,36.0,0.17,0.000,0.000,IDLE
2026-08-17T13:32:25.661862,37.8649016,32.4839614,1021.75,-0.0909,0.1341,0.6151,35.0,0.12,0.000,0.000,IDLE
2026-08-17T13:32:26.661931,37.8649015,32.4839621,1021.82,-0.0896,0.1302,0.6012,34.0,0.10,0.000,0.000,IDLE
2026-08-17T13:32:27.662003,37.8649015,32.4839621,1021.82,-0.0888,0.1287,0.5947,34.0,0.11,0.000,0.000,IDLE
2026-08-17T13:32:28.661780,37.8648999,32.4839609,1021.80,-0.0899,0.1319,0.5893,33.0,0.12,0.000,0.000,IDLE
2026-08-17T13:32:29.661839,37.8648999,32.4839609,1021.80,-0.0894,0.1313,0.5766,33.0,0.10,0.000,0.000,IDLE
2026-08-17T13:32:30.662033,37.8649003,32.4839607,1021.85,-0.0903,0.1333,0.5597,32.0,0.06,0.000,0.000,IDLE
2026-08-17T13:32:31.661958,37.8649003,32.4839607,1021.85,-0.0890,0.1306,0.5387,30.0,0.02,0.000,0.000,IDLE
2026-08-17T13:32:32.661729,37.8649017,32.4839614,1021.76,-0.0905,0.1254,0.5189,29.0,0.03,0.000,0.000,IDLE
2026-08-17T13:32:33.661738,37.8649017,32.4839614,1021.76,-0.0901,0.1284,0.5141,29.0,0.05,0.000,0.000,IDLE
2026-08-17T13:32:34.662020,37.8649026,32.4839617,1021.69,-0.0924,0.1311,0.5114,29.0,0.05,0.000,0.000,IDLE
2026-08-17T13:32:35.661779,37.8649027,32.4839620,1021.64,-0.0874,0.1282,0.5067,29.0,0.05,0.000,0.000,IDLE
2026-08-17T13:32:36.661474,37.8649029,32.4839624,1021.57,-0.0891,0.1282,0.4961,28.0,0.05,0.000,0.000,IDLE
2026-08-17T13:32:37.663681,37.8649027,32.4839628,1021.51,-0.0902,0.1337,0.4856,27.0,0.03,0.000,0.000,IDLE
2026-08-17T13:32:38.662234,37.8649028,32.4839632,1021.63,-0.0899,0.1345,0.4805,27.0,0.02,0.000,0.000,IDLE
2026-08-17T13:32:39.662806,37.8649026,32.4839638,1021.64,-0.0900,0.1293,0.4721,27.0,0.04,0.000,0.000,IDLE
2026-08-17T13:32:40.662257,37.8649025,32.4839640,1021.65,-0.0918,0.1308,0.4719,27.0,0.04,0.000,0.000,IDLE
2026-08-17T13:32:41.662697,37.8649020,32.4839639,1021.73,-0.0907,0.1315,0.4818,27.0,0.05,0.000,0.000,IDLE
2026-08-17T13:32:42.662805,37.8649014,32.4839641,1021.71,-0.0917,0.1327,0.5032,28.0,0.04,0.000,0.000,IDLE
2026-08-17T13:32:43.664666,37.8649021,32.4839648,1021.65,-0.0916,0.1311,0.5322,30.0,0.03,0.000,0.000,IDLE
2026-08-17T13:32:44.661576,37.8649033,32.4839655,1021.70,-0.0908,0.1323,0.5650,32.0,0.03,0.000,0.000,IDLE
2026-08-17T13:32:45.662019,37.8649033,32.4839651,1021.71,-0.0900,0.1316,0.5975,34.0,0.02,0.000,0.000,IDLE
2026-08-17T13:32:46.662431,37.8649034,32.4839648,1021.70,-0.0921,0.1377,0.6222,35.0,0.07,0.000,0.000,IDLE
2026-08-17T13:32:47.661509,37.8649036,32.4839644,1021.76,-0.0933,0.1370,0.6255,35.0,0.07,0.000,0.000,IDLE
2026-08-17T13:32:48.662418,37.8649036,32.4839643,1021.69,-0.0938,0.1372,0.6192,35.0,0.08,0.000,0.000,IDLE
2026-08-17T13:32:49.661436,37.8649037,32.4839641,1021.65,-0.0932,0.1344,0.6129,35.0,0.07,0.000,0.000,IDLE
2026-08-17T13:32:50.663690,37.8649035,32.4839643,1021.64,-0.0915,0.1351,0.6133,35.0,0.06,0.000,0.000,IDLE
2026-08-17T13:32:51.662067,37.8649029,32.4839651,1021.70,-0.0903,0.1340,0.6129,35.0,0.06,0.000,0.000,IDLE
2026-08-17T13:32:52.662499,37.8649023,32.4839657,1021.70,-0.0905,0.1341,0.6090,34.0,0.06,0.000,0.000,IDLE
2026-08-17T13:32:53.661737,37.8649025,32.4839662,1021.69,-0.0892,0.1330,0.6031,34.0,0.04,0.000,0.000,IDLE
2026-08-17T13:32:54.661755,37.8649027,32.4839664,1021.67,-0.0872,0.1328,0.6010,34.0,0.04,0.000,0.000,IDLE
2026-08-17T13:32:55.662384,37.8649026,32.4839659,1021.71,-0.0887,0.1348,0.6105,34.0,0.06,0.000,0.000,IDLE
2026-08-17T13:32:56.661477,37.8649018,32.4839652,1021.69,-0.0919,0.1322,0.6201,35.0,0.06,0.000,0.000,IDLE
2026-08-17T13:32:57.661920,37.8649014,32.4839651,1021.69,-0.0910,0.1326,0.6197,35.0,0.07,0.000,0.000,IDLE
2026-08-17T13:32:58.661461,37.8649017,32.4839649,1021.81,-0.0891,0.1334,0.6133,35.0,0.05,0.000,0.000,IDLE
2026-08-17T13:32:59.661884,37.8649019,32.4839647,1021.77,-0.0895,0.1328,0.6047,34.0,0.05,0.000,0.000,IDLE
2026-08-17T13:33:00.661938,37.8649016,32.4839647,1021.76,-0.0909,0.1329,0.5930,33.0,0.05,0.000,0.000,IDLE
2026-08-17T13:33:01.661573,37.8649015,32.4839648,1021.74,-0.0883,0.1352,0.5854,33.0,0.03,0.000,0.000,IDLE
2026-08-17T13:33:02.661901,37.8649012,32.4839651,1021.73,-0.0863,0.1292,0.5751,32.0,0.04,0.000,0.000,IDLE
2026-08-17T13:33:03.663434,37.8649010,32.4839649,1021.74,-0.0875,0.1302,0.5736,32.0,0.06,0.000,0.000,IDLE
2026-08-17T13:33:04.663914,37.8649006,32.4839641,1021.78,-0.0913,0.1379,0.5695,32.0,0.07,0.000,0.000,IDLE
2026-08-17T13:33:05.661523,37.8648998,32.4839635,1021.74,-0.0897,0.1344,0.5609,32.0,0.08,0.000,0.000,IDLE
2026-08-17T13:33:06.661470,37.8648989,32.4839633,1021.62,-0.0915,0.1359,0.5542,31.0,0.10,0.000,0.000,IDLE
2026-08-17T13:33:07.661472,37.8648987,32.4839629,1021.56,-0.0902,0.1309,0.5437,31.0,0.08,0.000,0.000,IDLE
2026-08-17T13:33:08.662635,37.8648987,32.4839633,1021.60,-0.0922,0.1315,0.5330,30.0,0.06,0.000,0.000,IDLE
2026-08-17T13:33:09.661464,37.8648986,32.4839638,1021.65,-0.0883,0.1302,0.5180,29.0,0.06,0.000,0.000,IDLE
2026-08-17T13:33:10.661541,37.8648982,32.4839646,1021.68,-0.0868,0.1340,0.5010,28.0,0.07,0.000,0.000,IDLE
2026-08-17T13:33:11.663858,37.8648982,32.4839650,1021.66,-0.0871,0.1314,0.4843,27.0,0.06,0.000,0.000,IDLE
2026-08-17T13:33:12.662433,37.8648973,32.4839649,1021.66,-0.0920,0.1314,0.4768,27.0,0.10,0.000,0.000,IDLE
2026-08-17T13:33:13.663688,37.8648974,32.4839651,1021.67,-0.0896,0.1264,0.4727,27.0,0.08,0.000,0.000,IDLE
2026-08-17T13:33:14.661475,37.8648983,32.4839656,1021.53,-0.0888,0.1277,0.4543,26.0,0.07,0.000,0.000,IDLE
2026-08-17T13:33:15.662093,37.8648982,32.4839657,1021.52,-0.0882,0.1307,0.4393,25.0,0.09,0.000,0.000,IDLE
2026-08-17T13:33:16.662231,37.8648983,32.4839663,1021.53,-0.0869,0.1267,0.4325,24.0,0.07,0.000,0.000,IDLE
2026-08-17T13:33:17.661953,37.8648994,32.4839665,1021.58,-0.0864,0.1298,0.4314,24.0,0.08,0.000,0.000,IDLE
2026-08-17T13:33:18.661538,37.8648999,32.4839663,1021.62,-0.0885,0.1296,0.4223,24.0,0.08,0.000,0.000,IDLE
2026-08-17T13:33:19.661562,37.8649002,32.4839662,1021.64,-0.0921,0.1334,0.4228,24.0,0.07,0.000,0.000,IDLE
2026-08-17T13:33:20.661773,37.8649017,32.4839672,1021.63,-0.0886,0.1324,0.4183,23.0,0.11,0.000,0.000,IDLE
2026-08-17T13:33:21.661452,37.8649020,32.4839674,1021.62,-0.0889,0.1306,0.4155,23.0,0.09,0.000,0.000,IDLE
2026-08-17T13:33:22.664736,37.8649023,32.4839668,1021.58,-0.0909,0.1303,0.4169,23.0,0.07,0.000,0.000,IDLE
2026-08-17T13:33:23.661468,37.8649027,32.4839667,1021.57,-0.0892,0.1350,0.4203,24.0,0.06,0.000,0.000,IDLE
2026-08-17T13:33:24.664049,37.8649033,32.4839670,1021.52,-0.0903,0.1314,0.4196,24.0,0.06,0.000,0.000,IDLE
2026-08-17T13:33:25.661731,37.8649028,32.4839675,1021.59,-0.0872,0.1311,0.4231,24.0,0.03,0.000,0.000,IDLE
2026-08-17T13:33:26.661809,37.8649029,32.4839674,1021.62,-0.0912,0.1298,0.4373,25.0,0.02,0.000,0.000,IDLE
2026-08-17T13:33:27.661705,37.8649027,32.4839668,1021.64,-0.0912,0.1296,0.4463,25.0,0.03,0.000,0.000,IDLE
2026-08-17T13:33:28.661460,37.8649031,32.4839664,1021.65,-0.0884,0.1339,0.4668,26.0,0.03,0.000,0.000,IDLE
2026-08-17T13:33:29.661505,37.8649027,32.4839657,1021.65,-0.0884,0.1309,0.4821,27.0,0.05,0.000,0.000,IDLE
2026-08-17T13:33:30.661556,37.8649027,32.4839656,1021.65,-0.0857,0.1312,0.4961,28.0,0.04,0.000,0.000,IDLE
2026-08-17T13:33:31.661342,37.8649028,32.4839655,1021.70,-0.0904,0.1290,0.5052,28.0,0.04,0.000,0.000,IDLE
2026-08-17T13:33:32.661478,37.8649027,32.4839664,1021.72,-0.0885,0.1304,0.5095,29.0,0.04,0.000,0.000,IDLE
2026-08-17T13:33:33.661470,37.8649025,32.4839667,1021.82,-0.0894,0.1358,0.5148,29.0,0.05,0.000,0.000,IDLE
2026-08-17T13:33:34.661964,37.8649021,32.4839669,1021.86,-0.0873,0.1327,0.5143,29.0,0.08,0.000,0.000,IDLE
2026-08-17T13:33:35.663609,37.8649020,32.4839671,1021.76,-0.0841,0.1323,0.5141,29.0,0.06,0.000,0.000,IDLE
2026-08-17T13:33:36.661767,37.8649015,32.4839677,1021.72,-0.0870,0.1289,0.5040,28.0,0.07,0.000,0.000,IDLE
2026-08-17T13:33:37.663701,37.8649012,32.4839676,1021.71,-0.0890,0.1366,0.4936,28.0,0.08,0.000,0.000,IDLE
2026-08-17T13:33:38.661490,37.8649013,32.4839670,1021.62,-0.0923,0.1298,0.4815,27.0,0.06,0.000,0.000,IDLE
2026-08-17T13:33:39.661844,37.8649016,32.4839671,1021.63,-0.0932,0.1287,0.4742,27.0,0.05,0.000,0.000,IDLE
2026-08-17T13:33:40.661783,37.8649023,32.4839666,1021.64,-0.0887,0.1231,0.4657,26.0,0.00,0.000,0.000,IDLE
2026-08-17T13:33:41.661451,37.8649027,32.4839667,1021.64,-0.0935,0.1261,0.4626,26.0,0.02,0.000,0.000,IDLE
2026-08-17T13:33:42.661506,37.8649029,32.4839667,1021.66,-0.0932,0.1305,0.4608,26.0,0.02,0.000,0.000,IDLE
2026-08-17T13:33:43.662223,37.8649023,32.4839668,1021.68,-0.0876,0.1308,0.4562,26.0,0.02,-0.550,-0.900,WAYPOINT
2026-08-17T13:33:44.663323,37.8649010,32.4839675,1021.61,-0.0891,0.1276,0.4491,25.0,0.08,-0.550,-0.900,WAYPOINT
2026-08-17T13:33:45.661500,37.8649003,32.4839678,1021.60,-0.0898,0.1308,0.4427,25.0,0.10,-0.550,-0.900,WAYPOINT
2026-08-17T13:33:46.661617,37.8649003,32.4839679,1021.71,-0.0908,0.1312,0.4468,25.0,0.08,-0.550,-0.900,WAYPOINT
2026-08-17T13:33:47.661455,37.8649012,32.4839685,1021.69,-0.0910,0.1303,0.4619,26.0,0.05,-0.550,-0.900,WAYPOINT
2026-08-17T13:33:48.661524,37.8649013,32.4839688,1021.70,-0.0914,0.1257,0.4773,27.0,0.04,-0.550,-0.900,WAYPOINT
2026-08-17T13:33:49.663636,37.8649018,32.4839689,1021.72,-0.0933,0.1266,0.4935,28.0,0.04,-0.550,-0.900,WAYPOINT
2026-08-17T13:33:50.661451,37.8649027,32.4839691,1021.60,-0.0940,0.1296,0.5092,29.0,0.03,-0.550,-0.900,WAYPOINT
2026-08-17T13:33:51.661425,37.8649030,32.4839694,1021.57,-0.0958,0.1288,0.5208,29.0,0.03,-0.550,-0.900,WAYPOINT
2026-08-17T13:33:52.661388,37.8649034,32.4839695,1021.59,-0.0943,0.1344,0.5358,30.0,0.02,-0.550,-0.900,WAYPOINT
2026-08-17T13:33:53.661433,37.8649039,32.4839695,1021.61,-0.0893,0.1357,0.5416,31.0,0.03,-0.550,-0.900,WAYPOINT
2026-08-17T13:33:54.661556,37.8649039,32.4839694,1021.60,-0.0839,0.1289,0.5361,30.0,0.05,-0.550,-0.900,WAYPOINT
2026-08-17T13:33:55.661430,37.8649037,32.4839690,1021.52,-0.0909,0.1264,0.5330,30.0,0.04,0.000,0.000,IDLE
2026-08-17T13:33:56.661566,37.8649036,32.4839690,1021.50,-0.0895,0.1302,0.5297,30.0,0.03,0.000,0.000,IDLE
2026-08-17T13:33:57.661457,37.8649036,32.4839696,1021.54,-0.0881,0.1327,0.5214,29.0,0.01,0.000,0.000,IDLE
2026-08-17T13:33:58.661542,37.8649042,32.4839702,1021.55,-0.0943,0.1314,0.5280,30.0,0.01,0.000,0.000,IDLE
2026-08-17T13:33:59.661536,37.8649049,32.4839699,1021.52,-0.0960,0.1390,0.5396,30.0,0.03,0.000,0.000,IDLE
2026-08-17T13:34:00.661798,37.8649049,32.4839697,1021.49,-0.0930,0.1326,0.5326,30.0,0.02,0.000,0.000,IDLE
2026-08-17T13:34:01.661577,37.8649053,32.4839693,1021.48,-0.0913,0.1314,0.5313,30.0,0.03,0.000,0.000,IDLE
2026-08-17T13:34:02.661462,37.8649058,32.4839691,1021.50,-0.0907,0.1306,0.5359,30.0,0.04,0.000,0.000,IDLE
2026-08-17T13:34:03.661721,37.8649061,32.4839691,1021.56,-0.0908,0.1311,0.5452,31.0,0.03,0.000,0.000,WAYPOINT
2026-08-17T13:34:04.661462,37.8649062,32.4839686,1021.61,-0.0903,0.1311,0.5595,32.0,0.04,-0.550,-0.900,WAYPOINT
2026-08-17T13:34:05.661493,37.8649070,32.4839690,1021.62,-0.0918,0.1317,0.5672,32.0,0.04,-0.550,-0.900,WAYPOINT
2026-08-17T13:34:06.661920,37.8649078,32.4839693,1021.63,-0.0923,0.1326,0.5697,32.0,0.06,-0.550,-0.900,WAYPOINT
2026-08-17T13:34:07.661508,37.8649075,32.4839686,1021.63,-0.0910,0.1326,0.5665,32.0,0.04,-0.550,-0.900,WAYPOINT
2026-08-17T13:34:08.661668,37.8649068,32.4839680,1021.60,-0.0893,0.1324,0.5629,32.0,0.05,-0.550,-0.900,WAYPOINT
2026-08-17T13:34:09.664482,37.8649065,32.4839679,1021.59,-0.0897,0.1326,0.5618,32.0,0.06,-0.550,-0.900,WAYPOINT
2026-08-17T13:34:10.661458,37.8649061,32.4839680,1021.61,-0.0889,0.1323,0.5613,32.0,0.05,-0.550,-0.900,WAYPOINT
2026-08-17T13:34:11.661500,37.8649057,32.4839679,1021.64,-0.0891,0.1327,0.5606,32.0,0.06,-0.550,-0.900,WAYPOINT
2026-08-17T13:34:12.662033,37.8649052,32.4839674,1021.64,-0.0885,0.1329,0.5615,32.0,0.08,-0.550,-0.900,WAYPOINT
2026-08-17T13:34:13.661519,37.8649046,32.4839672,1021.76,-0.0898,0.1329,0.5615,32.0,0.08,-0.550,-0.900,WAYPOINT
2026-08-17T13:34:14.661551,37.8649046,32.4839670,1021.79,-0.0883,0.1333,0.5648,32.0,0.06,-0.550,-0.900,WAYPOINT
2026-08-17T13:34:15.661493,37.8649047,32.4839668,1021.75,-0.0907,0.1329,0.5653,32.0,0.05,-0.550,-0.900,WAYPOINT
2026-08-17T13:34:16.663038,37.8649048,32.4839667,1021.75,-0.0900,0.1324,0.5641,32.0,0.03,-0.550,-0.900,WAYPOINT
2026-08-17T13:34:17.661390,37.8649048,32.4839664,1021.77,-0.0905,0.1315,0.5619,32.0,0.02,-0.550,-0.900,WAYPOINT
2026-08-17T13:34:18.661619,37.8649047,32.4839667,1021.75,-0.0901,0.1311,0.5608,32.0,0.02,-0.550,-0.900,WAYPOINT
2026-08-17T13:34:19.661483,37.8649048,32.4839666,1021.75,-0.0885,0.1307,0.5602,32.0,0.01,-0.550,-0.900,WAYPOINT
2026-08-17T13:34:20.662141,37.8649051,32.4839664,1021.73,-0.0906,0.1305,0.5596,32.0,0.02,-0.550,-0.900,WAYPOINT
2026-08-17T13:34:21.661568,37.8649050,32.4839662,1021.71,-0.0901,0.1306,0.5592,32.0,0.01,-0.550,-0.900,WAYPOINT
2026-08-17T13:34:22.661665,37.8649052,32.4839662,1021.67,-0.0909,0.1309,0.5598,32.0,0.02,-0.550,-0.900,WAYPOINT
2026-08-17T13:34:23.661805,37.8649051,32.4839661,1021.61,-0.0888,0.1308,0.5578,31.0,0.01,-0.550,-0.900,WAYPOINT
2026-08-17T13:34:24.661641,37.8649046,32.4839664,1021.59,-0.0872,0.1317,0.5589,32.0,0.03,0.000,0.000,WAYPOINT
2026-08-17T13:34:25.668660,37.8649045,32.4839666,1021.59,-0.0950,0.1115,0.5025,28.0,0.01,0.000,0.000,WAYPOINT
2026-08-17T13:34:26.661457,37.8649049,32.4839651,1021.63,-0.0980,0.0993,0.2711,15.0,0.18,0.000,0.000,WAYPOINT
2026-08-17T13:34:27.661573,37.8649053,32.4839651,1021.68,-0.1158,0.1734,0.0767,4.0,0.12,0.000,0.000,WAYPOINT
2026-08-17T13:34:28.661475,37.8649059,32.4839650,1021.67,-0.1347,0.2156,0.0563,3.0,0.06,0.000,0.000,WAYPOINT
2026-08-17T13:34:29.661582,37.8649052,32.4839648,1021.67,-0.1342,0.2364,-0.0451,357.0,0.03,0.000,0.000,WAYPOINT
2026-08-17T13:34:30.661912,37.8649056,32.4839630,1021.62,-0.0828,0.1217,-0.2274,346.0,0.16,0.000,0.000,WAYPOINT
2026-08-17T13:34:31.661567,37.8649072,32.4839611,1021.68,-0.0799,0.1221,-0.4629,333.0,0.17,0.000,0.000,WAYPOINT
2026-08-17T13:34:32.661649,37.8649087,32.4839590,1021.66,-0.0831,0.1032,-0.7427,317.0,0.11,0.000,0.000,WAYPOINT
2026-08-17T13:34:33.661920,37.8649105,32.4839575,1021.66,-0.0757,0.1353,-1.0994,297.0,0.20,0.000,0.000,WAYPOINT
2026-08-17T13:34:34.663681,37.8649112,32.4839574,1021.66,-0.0852,0.1382,-1.2439,288.0,0.25,0.000,0.000,WAYPOINT
2026-08-17T13:34:35.661458,37.8649109,32.4839559,1021.72,-0.0786,0.1424,-1.4252,278.0,0.22,0.000,0.000,WAYPOINT
2026-08-17T13:34:36.661541,37.8649100,32.4839544,1021.77,-0.0786,0.1325,-1.5542,270.0,0.18,0.000,0.000,WAYPOINT
2026-08-17T13:34:37.661484,37.8649103,32.4839527,1021.82,-0.0915,0.1235,-1.6751,264.0,0.18,0.000,0.000,WAYPOINT
2026-08-17T13:34:38.661534,37.8649098,32.4839517,1021.80,-0.0898,0.1224,-1.7979,256.0,0.16,0.000,0.000,WAYPOINT
2026-08-17T13:34:39.661492,37.8649092,32.4839505,1021.77,-0.0832,0.1283,-1.9563,247.0,0.11,0.000,0.000,WAYPOINT
2026-08-17T13:34:40.661447,37.8649082,32.4839482,1021.75,-0.0811,0.1369,-2.1388,237.0,0.13,0.000,0.000,WAYPOINT
2026-08-17T13:34:41.661473,37.8649075,32.4839470,1021.78,-0.0820,0.1344,-2.3227,226.0,0.13,0.000,0.000,WAYPOINT
2026-08-17T13:34:42.661701,37.8649063,32.4839457,1021.78,-0.0778,0.1311,-2.5116,216.0,0.15,0.000,0.000,WAYPOINT
2026-08-17T13:34:43.661459,37.8649046,32.4839442,1021.77,-0.0805,0.1295,-2.6706,206.0,0.20,0.000,0.000,WAYPOINT
2026-08-17T13:34:44.661518,37.8649028,32.4839431,1021.79,-0.0835,0.1302,-2.7852,200.0,0.22,0.000,0.000,WAYPOINT
2026-08-17T13:34:45.661513,37.8649014,32.4839428,1021.77,-0.0836,0.1265,-2.8588,196.0,0.23,0.000,0.000,WAYPOINT
2026-08-17T13:34:46.661367,37.8649001,32.4839426,1021.78,-0.0840,0.1303,-2.9096,193.0,0.21,0.000,0.000,WAYPOINT
2026-08-17T13:34:47.662549,37.8648993,32.4839424,1021.77,-0.0852,0.1343,-2.9483,191.0,0.18,0.000,0.000,WAYPOINT
2026-08-17T13:34:48.661519,37.8648980,32.4839417,1021.75,-0.0849,0.1300,-2.9804,189.0,0.17,0.000,0.000,WAYPOINT
2026-08-17T13:34:49.661734,37.8648973,32.4839422,1021.71,-0.0867,0.1291,-3.0105,187.0,0.12,0.000,0.000,WAYPOINT
2026-08-17T13:34:50.661461,37.8648959,32.4839433,1021.75,-0.0888,0.1323,-3.0287,186.0,0.12,0.000,0.000,WAYPOINT
2026-08-17T13:34:51.661494,37.8648945,32.4839439,1021.73,-0.0912,0.1373,-3.0324,186.0,0.13,0.000,0.000,WAYPOINT
2026-08-17T13:34:52.661848,37.8648935,32.4839441,1021.75,-0.0925,0.1418,-3.0276,186.0,0.12,0.000,0.000,WAYPOINT
2026-08-17T13:34:53.661810,37.8648925,32.4839451,1021.79,-0.0938,0.1313,-3.0179,187.0,0.16,0.000,0.000,WAYPOINT
2026-08-17T13:34:54.661990,37.8648910,32.4839455,1021.82,-0.0897,0.1323,-3.0042,187.0,0.17,0.000,0.000,WAYPOINT
2026-08-17T13:34:55.661835,37.8648900,32.4839464,1021.84,-0.0910,0.1439,-2.9871,188.0,0.20,0.000,0.000,WAYPOINT
2026-08-17T13:34:56.661752,37.8648901,32.4839469,1021.85,-0.0812,0.1982,-2.9408,191.0,0.19,0.000,0.000,WAYPOINT
2026-08-17T13:34:57.661502,37.8648929,32.4839475,1021.82,-0.0673,0.1702,-2.7458,202.0,0.37,0.000,0.000,WAYPOINT
2026-08-17T13:34:58.664462,37.8648947,32.4839480,1021.84,-0.0683,0.1759,-2.6961,205.0,0.31,0.000,0.000,WAYPOINT
2026-08-17T13:34:59.662233,37.8648976,32.4839473,1021.79,-0.0848,0.1580,-2.5621,213.0,0.42,0.000,0.000,WAYPOINT
2026-08-17T13:35:00.661768,37.8648999,32.4839482,1021.80,-0.0910,0.1537,-2.4467,219.0,0.37,0.000,0.000,WAYPOINT
2026-08-17T13:35:01.672094,37.8649023,32.4839479,1021.81,-0.0864,0.1341,-2.1991,234.0,0.38,0.000,0.000,WAYPOINT
2026-08-17T13:35:02.662012,37.8649033,32.4839480,1021.76,-0.0970,0.1553,-1.8197,255.0,0.19,0.000,0.000,WAYPOINT
2026-08-17T13:35:03.661661,37.8649030,32.4839457,1021.69,-0.0930,0.1380,-1.6334,266.0,0.10,0.000,0.000,WAYPOINT
2026-08-17T13:35:04.664594,37.8649031,32.4839448,1021.65,-0.0826,0.1538,-1.5781,269.0,0.20,0.000,0.000,WAYPOINT
2026-08-17T13:35:05.662766,37.8649025,32.4839461,1021.59,-0.0542,0.1506,-1.5953,268.0,0.31,0.000,0.000,WAYPOINT
2026-08-17T13:35:06.661856,37.8649027,32.4839471,1021.54,-0.0713,0.1732,-1.6082,267.0,0.25,0.000,0.000,WAYPOINT
2026-08-17T13:35:07.661655,37.8649032,32.4839453,1021.55,-0.0810,0.1558,-1.6329,266.0,0.02,0.000,0.000,WAYPOINT
2026-08-17T13:35:08.662992,37.8649032,32.4839437,1021.54,-0.0772,0.1828,-1.5965,268.0,0.09,0.000,0.000,WAYPOINT
2026-08-17T13:35:09.661749,37.8649032,32.4839448,1021.45,-0.0646,0.1507,-1.6168,267.0,0.03,0.000,0.000,WAYPOINT
2026-08-17T13:35:10.665060,37.8649033,32.4839451,1021.40,-0.0695,0.1571,-1.6103,267.0,0.04,0.000,0.000,WAYPOINT
2026-08-17T13:35:11.661458,37.8649031,32.4839458,1021.34,-0.0633,0.1470,-1.6344,266.0,0.03,0.000,0.000,WAYPOINT
2026-08-17T13:35:12.661496,37.8649030,32.4839453,1021.29,-0.0592,0.1469,-1.6372,266.0,0.07,0.000,0.000,WAYPOINT
2026-08-17T13:35:13.661713,37.8649030,32.4839445,1021.16,-0.0575,0.1455,-1.6220,267.0,0.09,0.000,0.000,WAYPOINT
2026-08-17T13:35:14.664259,37.8649030,32.4839433,1021.08,-0.0840,0.1358,-1.6466,265.0,0.13,0.000,0.000,WAYPOINT
2026-08-17T13:35:15.663390,37.8649039,32.4839422,1021.10,-0.0668,0.1549,-1.6615,264.0,0.15,0.000,0.000,WAYPOINT
2026-08-17T13:35:16.662813,37.8649039,32.4839409,1021.18,-0.0874,0.1451,-1.6383,266.0,0.11,0.000,0.000,WAYPOINT
2026-08-17T13:35:17.661794,37.8649044,32.4839412,1021.21,-0.0920,0.1324,-1.6144,267.0,0.07,0.000,0.000,WAYPOINT
2026-08-17T13:35:18.662217,37.8649045,32.4839407,1021.23,-0.0878,0.1451,-1.5952,268.0,0.06,0.000,0.000,WAYPOINT
2026-08-17T13:35:19.662263,37.8649040,32.4839402,1021.38,-0.1017,0.1425,-1.6002,268.0,0.12,0.000,0.000,WAYPOINT
2026-08-17T13:35:20.661559,37.8649035,32.4839406,1021.61,-0.0849,0.1424,-1.5903,268.0,0.12,0.000,0.000,WAYPOINT
2026-08-17T13:35:21.661767,37.8649028,32.4839408,1021.75,-0.0903,0.1434,-1.5853,269.0,0.11,0.000,0.000,WAYPOINT
2026-08-17T13:35:22.661628,37.8649028,32.4839401,1021.79,-0.0774,0.1466,-1.6103,267.0,0.11,0.000,0.000,WAYPOINT
2026-08-17T13:35:23.663273,37.8649026,32.4839387,1021.82,-0.0663,0.2064,-1.4584,276.0,0.04,0.000,0.000,WAYPOINT
2026-08-17T13:35:24.661800,37.8649014,32.4839399,1021.82,-0.0948,0.1722,-1.4895,274.0,0.09,0.000,0.000,WAYPOINT
2026-08-17T13:35:25.661553,37.8649007,32.4839407,1021.84,-0.1072,0.1272,-1.5964,268.0,0.17,0.000,0.000,WAYPOINT
2026-08-17T13:35:26.661495,37.8648995,32.4839417,1021.88,-0.1375,0.1427,-1.6420,265.0,0.06,0.000,0.000,WAYPOINT
2026-08-17T13:35:27.661948,37.8648991,32.4839417,1021.88,-0.1046,0.1292,-1.5311,272.0,0.05,0.000,0.000,WAYPOINT
2026-08-17T13:35:28.665684,37.8648986,32.4839401,1021.85,-0.0895,0.1307,-1.4701,275.0,0.11,0.000,0.000,WAYPOINT
2026-08-17T13:35:29.661471,37.8648994,32.4839389,1021.91,-0.0799,0.1335,-1.4990,274.0,0.08,0.000,0.000,WAYPOINT
2026-08-17T13:35:30.661707,37.8648996,32.4839388,1021.91,-0.0781,0.1290,-1.5494,271.0,0.05,0.000,0.000,WAYPOINT
2026-08-17T13:35:31.661530,37.8648998,32.4839394,1021.93,-0.0702,0.1268,-1.5854,269.0,0.01,0.000,0.000,WAYPOINT
2026-08-17T13:35:32.661463,37.8649002,32.4839400,1021.87,-0.0738,0.1038,-1.5975,268.0,0.03,0.000,0.000,WAYPOINT
2026-08-17T13:35:33.661898,37.8649007,32.4839394,1021.76,-0.0909,0.1127,-1.5405,271.0,0.08,0.000,0.000,WAYPOINT
2026-08-17T13:35:34.661474,37.8648997,32.4839392,1021.75,-0.0985,0.1287,-1.5064,273.0,0.05,0.000,0.000,WAYPOINT
2026-08-17T13:35:35.661527,37.8648992,32.4839384,1021.91,-0.0974,0.1133,-1.5406,271.0,0.05,0.000,0.000,WAYPOINT
2026-08-17T13:35:36.661483,37.8648994,32.4839383,1022.09,-0.1065,0.1330,-1.5311,272.0,0.05,0.000,0.000,WAYPOINT
2026-08-17T13:35:37.661470,37.8649001,32.4839382,1022.27,-0.1033,0.1382,-1.5120,273.0,0.04,0.000,0.000,WAYPOINT
2026-08-17T13:35:38.661643,37.8649005,32.4839392,1022.36,-0.0994,0.1275,-1.5261,272.0,0.03,0.000,0.000,WAYPOINT
2026-08-17T13:35:39.661592,37.8648998,32.4839416,1022.40,-0.1004,0.1371,-1.5201,272.0,0.08,0.000,0.000,WAYPOINT
2026-08-17T13:35:40.661383,37.8648975,32.4839440,1022.38,-0.1001,0.1409,-1.5237,272.0,0.15,0.000,0.000,WAYPOINT
2026-08-17T13:35:41.661415,37.8648974,32.4839415,1022.41,-0.0819,0.1865,-1.4806,275.0,0.12,0.000,0.000,WAYPOINT
2026-08-17T13:35:42.661515,37.8648974,32.4839373,1022.42,-0.0761,0.1594,-1.4509,276.0,0.30,0.000,0.000,WAYPOINT
2026-08-17T13:35:43.661570,37.8648972,32.4839330,1022.45,-0.0841,0.1425,-1.4533,276.0,0.40,0.000,0.000,WAYPOINT
2026-08-17T13:35:44.661471,37.8648973,32.4839279,1022.47,-0.0831,0.1415,-1.4794,275.0,0.47,0.000,0.000,WAYPOINT
2026-08-17T13:35:45.661478,37.8648965,32.4839245,1022.43,-0.0836,0.1436,-1.4963,274.0,0.47,0.000,0.000,WAYPOINT
2026-08-17T13:35:46.662304,37.8648963,32.4839200,1022.35,-0.0842,0.1401,-1.4926,274.0,0.49,0.000,0.000,WAYPOINT
2026-08-17T13:35:47.661478,37.8648960,32.4839160,1022.26,-0.0859,0.1382,-1.4753,275.0,0.46,0.000,0.000,WAYPOINT
2026-08-17T13:35:48.661506,37.8648968,32.4839116,1022.24,-0.0847,0.1377,-1.4584,276.0,0.45,0.000,0.000,WAYPOINT
2026-08-17T13:35:49.661418,37.8648971,32.4839071,1022.29,-0.0845,0.1373,-1.4529,276.0,0.44,0.000,0.000,WAYPOINT
2026-08-17T13:35:50.661461,37.8648992,32.4839008,1022.28,-0.0826,0.1378,-1.4499,276.0,0.51,0.000,0.000,WAYPOINT
2026-08-17T13:35:51.661481,37.8649005,32.4838956,1022.24,-0.0829,0.1307,-1.4610,276.0,0.53,0.000,0.000,WAYPOINT
2026-08-17T13:35:52.661480,37.8649016,32.4838903,1022.25,-0.0835,0.1372,-1.4777,275.0,0.52,0.000,0.000,WAYPOINT
2026-08-17T13:35:53.661453,37.8649029,32.4838843,1022.23,-0.0825,0.1349,-1.5004,274.0,0.56,0.000,0.000,WAYPOINT
2026-08-17T13:35:54.661513,37.8649041,32.4838784,1022.18,-0.0841,0.1365,-1.5254,272.0,0.56,0.000,0.000,WAYPOINT
2026-08-17T13:35:55.661445,37.8649058,32.4838718,1022.14,-0.0849,0.1347,-1.5460,271.0,0.59,0.000,0.000,WAYPOINT
2026-08-17T13:35:56.661438,37.8649069,32.4838654,1022.11,-0.0831,0.1338,-1.5734,269.0,0.60,0.000,0.000,WAYPOINT
2026-08-17T13:35:57.661553,37.8649078,32.4838588,1022.11,-0.0826,0.1386,-1.5911,268.0,0.60,0.000,0.000,WAYPOINT
2026-08-17T13:35:58.661440,37.8649091,32.4838533,1022.08,-0.0828,0.1319,-1.6088,267.0,0.61,0.000,0.000,WAYPOINT
2026-08-17T13:35:59.661815,37.8649100,32.4838475,1022.07,-0.0853,0.1392,-1.6200,267.0,0.59,0.000,0.000,WAYPOINT
2026-08-17T13:36:00.661429,37.8649108,32.4838412,1022.09,-0.0840,0.1322,-1.6363,266.0,0.60,0.000,0.000,WAYPOINT
2026-08-17T13:36:01.661441,37.8649109,32.4838357,1022.13,-0.0862,0.1319,-1.6461,265.0,0.57,0.000,0.000,WAYPOINT
2026-08-17T13:36:02.661441,37.8649110,32.4838298,1022.12,-0.0866,0.1382,-1.6459,265.0,0.56,0.000,0.000,WAYPOINT
2026-08-17T13:36:03.662297,37.8649116,32.4838230,1022.09,-0.0860,0.1398,-1.6401,266.0,0.58,0.000,0.000,WAYPOINT
2026-08-17T13:36:04.661986,37.8649124,32.4838174,1022.09,-0.0896,0.1364,-1.6277,266.0,0.57,0.000,0.000,WAYPOINT
2026-08-17T13:36:05.661694,37.8649128,32.4838120,1022.07,-0.0885,0.1385,-1.5864,269.0,0.53,0.000,0.000,WAYPOINT
2026-08-17T13:36:06.661692,37.8649141,32.4838060,1022.07,-0.0902,0.1401,-1.5026,273.0,0.55,0.000,0.000,WAYPOINT
2026-08-17T13:36:07.661568,37.8649153,32.4838011,1022.07,-0.0897,0.1406,-1.3785,281.0,0.53,0.000,0.000,WAYPOINT
2026-08-17T13:36:08.661547,37.8649180,32.4837948,1022.03,-0.0838,0.1344,-1.2343,289.0,0.59,0.000,0.000,WAYPOINT
2026-08-17T13:36:09.661486,37.8649213,32.4837886,1022.02,-0.0855,0.1372,-1.0712,298.0,0.60,0.000,0.000,WAYPOINT
2026-08-17T13:36:10.661526,37.8649248,32.4837842,1021.99,-0.0837,0.1231,-0.9191,307.0,0.48,0.000,0.000,WAYPOINT
2026-08-17T13:36:11.661492,37.8649277,32.4837819,1021.88,-0.0847,0.1383,-0.8691,310.0,0.35,0.000,0.000,WAYPOINT
2026-08-17T13:36:12.661487,37.8649302,32.4837810,1021.76,-0.0806,0.1000,-0.7577,316.0,0.29,0.000,0.000,WAYPOINT
2026-08-17T13:36:13.661602,37.8649288,32.4837849,1021.64,-0.0819,0.1155,-0.5121,330.0,0.60,0.000,0.000,WAYPOINT
2026-08-17T13:36:14.662107,37.8649257,32.4837878,1021.59,-0.0794,0.1485,-0.2152,347.0,0.54,0.000,0.000,WAYPOINT
2026-08-17T13:36:15.661525,37.8649237,32.4837888,1021.59,-0.0940,0.1159,0.1597,9.0,0.43,0.000,0.000,WAYPOINT
2026-08-17T13:36:16.663133,37.8649207,32.4837891,1021.58,-0.0876,0.0931,0.5289,30.0,0.41,0.000,0.000,WAYPOINT
2026-08-17T13:36:17.661617,37.8649201,32.4837898,1021.60,-0.0803,0.0873,0.8945,51.0,0.38,0.000,0.000,WAYPOINT
2026-08-17T13:36:18.661593,37.8649202,32.4837917,1021.66,-0.0659,0.1500,1.1944,68.0,0.26,0.000,0.000,WAYPOINT
2026-08-17T13:36:19.661425,37.8649203,32.4837929,1021.68,-0.0819,0.1494,1.3821,79.0,0.19,0.000,0.000,WAYPOINT
2026-08-17T13:36:20.661570,37.8649197,32.4837949,1021.66,-0.0821,0.1490,1.4880,85.0,0.20,0.000,0.000,WAYPOINT
2026-08-17T13:36:21.661451,37.8649186,32.4837963,1021.61,-0.0825,0.1470,1.5596,89.0,0.22,0.000,0.000,WAYPOINT
2026-08-17T13:36:22.662770,37.8649177,32.4837976,1021.56,-0.0845,0.1442,1.6209,92.0,0.23,0.000,0.000,WAYPOINT
2026-08-17T13:36:23.661977,37.8649166,32.4837992,1021.56,-0.0830,0.1391,1.6413,94.0,0.24,0.000,0.000,WAYPOINT
2026-08-17T13:36:24.661508,37.8649157,32.4838016,1021.56,-0.0815,0.1484,1.6093,92.0,0.27,0.000,0.000,WAYPOINT
2026-08-17T13:36:25.661431,37.8649155,32.4838045,1021.62,-0.0888,0.1702,1.5734,90.0,0.43,0.000,0.000,WAYPOINT
2026-08-17T13:36:26.661570,37.8649149,32.4838095,1021.68,-0.0848,0.1354,1.5786,90.0,0.49,0.000,0.000,WAYPOINT
2026-08-17T13:36:27.661484,37.8649146,32.4838148,1021.70,-0.0928,0.1500,1.5754,90.0,0.55,0.000,0.000,WAYPOINT
2026-08-17T13:36:28.661455,37.8649146,32.4838190,1021.69,-0.0911,0.1510,1.6487,94.0,0.55,0.000,0.000,WAYPOINT
2026-08-17T13:36:29.661436,37.8649140,32.4838240,1021.71,-0.0932,0.1632,1.6648,95.0,0.49,0.000,0.000,WAYPOINT
2026-08-17T13:36:30.661516,37.8649135,32.4838286,1021.74,-0.0907,0.1546,1.7051,97.0,0.49,0.000,0.000,WAYPOINT
2026-08-17T13:36:31.662790,37.8649128,32.4838347,1021.74,-0.0855,0.1704,1.6205,92.0,0.57,0.000,0.000,WAYPOINT
2026-08-17T13:36:32.661544,37.8649128,32.4838389,1021.78,-0.0865,0.1760,1.5822,90.0,0.53,0.000,0.000,WAYPOINT
2026-08-17T13:36:33.661592,37.8649125,32.4838439,1021.80,-0.0877,0.1762,1.5765,90.0,0.47,0.000,0.000,WAYPOINT
2026-08-17T13:36:34.661630,37.8649119,32.4838484,1021.75,-0.0924,0.1724,1.5797,90.0,0.50,0.000,0.000,WAYPOINT
2026-08-17T13:36:35.661944,37.8649113,32.4838545,1021.78,-0.0860,0.1706,1.6141,92.0,0.57,0.000,0.000,IDLE
2026-08-17T13:36:36.661997,37.8649103,32.4838607,1021.81,-0.0893,0.1590,1.5914,91.0,0.61,0.000,0.000,IDLE
2026-08-17T13:36:37.661785,37.8649107,32.4838643,1021.76,-0.0818,0.1458,1.6158,92.0,0.49,0.000,0.000,IDLE
2026-08-17T13:36:38.661550,37.8649104,32.4838687,1021.72,-0.0881,0.1535,1.5676,89.0,0.44,0.000,0.000,IDLE
2026-08-17T13:36:39.661489,37.8649111,32.4838722,1021.72,-0.0941,0.1627,1.6205,92.0,0.45,0.000,0.000,IDLE
2026-08-17T13:36:40.663680,37.8649113,32.4838758,1021.70,-0.0954,0.1839,1.6177,92.0,0.42,0.000,0.000,IDLE
2026-08-17T13:36:41.661711,37.8649113,32.4838806,1021.62,-0.0881,0.1948,1.6221,92.0,0.44,0.000,0.000,IDLE
2026-08-17T13:36:42.662130,37.8649113,32.4838855,1021.61,-0.0872,0.1919,1.6098,92.0,0.44,0.000,0.000,IDLE
2026-08-17T13:36:43.661763,37.8649107,32.4838922,1021.67,-0.0869,0.1889,1.6229,92.0,0.48,0.000,0.000,IDLE
2026-08-17T13:36:44.661798,37.8649104,32.4838967,1021.65,-0.0805,0.1845,1.6327,93.0,0.43,0.000,0.000,IDLE
2026-08-17T13:36:45.661743,37.8649102,32.4839005,1021.61,-0.0918,0.1952,1.6886,96.0,0.42,0.000,0.000,IDLE
2026-08-17T13:36:46.662592,37.8649086,32.4839065,1021.60,-0.0819,0.1700,1.7687,101.0,0.44,0.000,0.000,IDLE
2026-08-17T13:36:47.661651,37.8649079,32.4839112,1021.66,-0.0881,0.1677,1.6886,96.0,0.43,0.000,0.000,IDLE
2026-08-17T13:36:48.661785,37.8649071,32.4839159,1021.65,-0.0856,0.1602,1.7042,97.0,0.46,0.000,0.000,IDLE
2026-08-17T13:36:49.662704,37.8649061,32.4839205,1021.66,-0.0883,0.1728,1.6965,97.0,0.43,0.000,0.000,IDLE
2026-08-17T13:36:50.661691,37.8649062,32.4839234,1021.69,-0.0849,0.2016,1.6893,96.0,0.40,0.000,0.000,IDLE
2026-08-17T13:36:51.663466,37.8649054,32.4839281,1021.76,-0.0791,0.1809,1.7153,98.0,0.40,0.000,0.000,IDLE
2026-08-17T13:36:52.663854,37.8649045,32.4839329,1021.80,-0.0785,0.1485,1.6577,94.0,0.40,0.000,0.000,IDLE
2026-08-17T13:36:53.661685,37.8649037,32.4839371,1021.75,-0.0818,0.1303,1.6646,95.0,0.40,0.000,0.000,IDLE
2026-08-17T13:36:54.662076,37.8649035,32.4839399,1021.65,-0.0810,0.1685,1.6556,94.0,0.40,0.000,0.000,IDLE
2026-08-17T13:36:55.661675,37.8649041,32.4839413,1021.57,-0.0834,0.1452,1.6072,92.0,0.28,0.000,0.000,IDLE
2026-08-17T13:36:56.661803,37.8649041,32.4839430,1021.58,-0.0874,0.1280,1.5760,90.0,0.21,0.000,0.000,IDLE
2026-08-17T13:36:57.663653,37.8649038,32.4839457,1021.57,-0.0901,0.1446,1.5509,88.0,0.13,0.000,0.000,IDLE
2026-08-17T13:36:58.661680,37.8649029,32.4839471,1021.62,-0.0907,0.1729,1.5680,89.0,0.08,0.000,0.000,IDLE
2026-08-17T13:36:59.661981,37.8649019,32.4839481,1021.69,-0.0840,0.1366,1.5692,89.0,0.10,0.000,0.000,IDLE
2026-08-17T13:37:00.661768,37.8649013,32.4839482,1021.76,-0.0856,0.1285,1.5591,89.0,0.09,0.000,0.000,IDLE
2026-08-17T13:37:01.662242,37.8649008,32.4839490,1021.80,-0.0839,0.1353,1.5168,86.0,0.12,0.000,0.000,IDLE
2026-08-17T13:37:02.661963,37.8649003,32.4839492,1021.89,-0.0845,0.1401,1.4212,81.0,0.13,0.000,0.000,IDLE
2026-08-17T13:37:03.662539,37.8649001,32.4839496,1021.92,-0.0864,0.1494,1.2877,73.0,0.11,0.000,0.000,IDLE
2026-08-17T13:37:04.661703,37.8649000,32.4839497,1021.74,-0.0871,0.1485,1.1470,65.0,0.08,0.000,0.000,IDLE
2026-08-17T13:37:05.661661,37.8648988,32.4839497,1021.71,-0.0946,0.1459,1.1002,63.0,0.16,0.000,0.000,IDLE
2026-08-17T13:37:06.661485,37.8648986,32.4839497,1021.75,-0.1070,0.1428,1.2010,68.0,0.04,0.000,0.000,IDLE
2026-08-17T13:37:07.661679,37.8648998,32.4839485,1021.73,-0.1114,0.1178,1.0745,61.0,0.14,0.000,0.000,IDLE
2026-08-17T13:37:08.661498,37.8649001,32.4839505,1021.68,-0.0779,0.1163,0.9924,56.0,0.23,0.000,0.000,IDLE
2026-08-17T13:37:09.662120,37.8649000,32.4839508,1021.66,-0.1100,0.1291,0.8853,50.0,0.12,0.000,0.000,IDLE
2026-08-17T13:37:10.661788,37.8648988,32.4839502,1021.70,-0.1249,0.1274,0.9696,55.0,0.05,0.000,0.000,IDLE
2026-08-17T13:37:11.661579,37.8648993,32.4839486,1021.65,-0.1329,0.1265,0.9858,56.0,0.03,0.000,0.000,IDLE
2026-08-17T13:37:12.661825,37.8648994,32.4839488,1021.61,-0.0903,0.1069,1.0043,57.0,0.05,0.000,0.000,IDLE
2026-08-17T13:37:13.661886,37.8648994,32.4839483,1021.63,-0.0462,0.1126,1.0328,59.0,0.03,0.000,0.000,IDLE
2026-08-17T13:37:14.661642,37.8648991,32.4839471,1021.58,-0.0248,0.1320,1.0659,61.0,0.03,0.000,0.000,IDLE
2026-08-17T13:37:15.662022,37.8648994,32.4839467,1021.54,-0.0448,0.1318,1.0786,61.0,0.04,0.000,0.000,IDLE
2026-08-17T13:37:16.663119,37.8648991,32.4839462,1021.56,-0.0357,0.1139,1.0595,60.0,0.01,0.000,0.000,IDLE
2026-08-17T13:37:17.661711,37.8648994,32.4839462,1021.57,-0.0338,0.1359,1.0296,58.0,0.02,0.000,0.000,IDLE
2026-08-17T13:37:18.661901,37.8648994,32.4839458,1021.57,-0.0163,0.0778,1.1382,65.0,0.05,0.000,0.000,IDLE
2026-08-17T13:37:19.661753,37.8649000,32.4839448,1021.61,-0.0568,0.0932,1.1070,63.0,0.05,0.000,0.000,IDLE
2026-08-17T13:37:20.661717,37.8649003,32.4839447,1021.63,-0.0438,0.1223,1.0768,61.0,0.05,0.000,0.000,IDLE
2026-08-17T13:37:21.662053,37.8649002,32.4839455,1021.60,-0.0479,0.1353,1.0625,60.0,0.02,0.000,0.000,IDLE
2026-08-17T13:37:22.661832,37.8649013,32.4839458,1021.60,-0.0471,0.1250,1.0678,61.0,0.05,0.000,0.000,IDLE
2026-08-17T13:37:23.662062,37.8649016,32.4839451,1021.62,-0.0580,0.1286,1.0293,58.0,0.04,0.000,0.000,IDLE
2026-08-17T13:37:24.661586,37.8649011,32.4839438,1021.65,-0.0506,0.1163,1.0538,60.0,0.11,0.000,0.000,IDLE
2026-08-17T13:37:25.665386,37.8649018,32.4839424,1021.63,-0.0631,0.0815,1.1911,68.0,0.13,0.000,0.000,IDLE
2026-08-17T13:37:26.661599,37.8649016,32.4839414,1021.59,-0.0485,0.1116,1.2604,72.0,0.07,0.000,0.000,IDLE
2026-08-17T13:37:27.661487,37.8649014,32.4839417,1021.54,-0.0473,0.0982,1.2556,71.0,0.02,0.000,0.000,IDLE
2026-08-17T13:37:28.662111,37.8649009,32.4839424,1021.53,-0.0431,0.1011,1.2019,68.0,0.06,0.000,0.450,KAMIKAZE
2026-08-17T13:37:29.661799,37.8649002,32.4839421,1021.56,-0.0476,0.0846,1.2221,70.0,0.10,0.000,0.450,KAMIKAZE
2026-08-17T13:37:30.661783,37.8648993,32.4839424,1021.60,-0.0532,0.1005,1.2130,69.0,0.12,0.000,0.450,KAMIKAZE
2026-08-17T13:37:31.661748,37.8648987,32.4839418,1021.64,-0.0553,0.1069,1.2097,69.0,0.13,0.000,0.450,KAMIKAZE
2026-08-17T13:37:32.661690,37.8648985,32.4839401,1021.65,-0.0568,0.1030,1.2047,69.0,0.12,0.000,0.450,KAMIKAZE
2026-08-17T13:37:33.661591,37.8648982,32.4839411,1021.64,-0.0624,0.1047,1.1906,68.0,0.11,0.000,0.450,KAMIKAZE
2026-08-17T13:37:34.667755,37.8648982,32.4839423,1021.63,-0.0567,0.1044,1.1969,68.0,0.11,0.000,0.450,KAMIKAZE
2026-08-17T13:37:35.661985,37.8648979,32.4839437,1021.65,-0.0592,0.1066,1.1974,68.0,0.12,0.000,0.450,KAMIKAZE
2026-08-17T13:37:36.661644,37.8648976,32.4839442,1021.70,-0.0594,0.1114,1.1933,68.0,0.13,0.000,0.450,KAMIKAZE
2026-08-17T13:37:37.661761,37.8648971,32.4839443,1021.78,-0.0583,0.1169,1.2013,68.0,0.14,0.000,0.450,KAMIKAZE
2026-08-17T13:37:38.661694,37.8648973,32.4839446,1021.79,-0.0601,0.0975,1.2202,69.0,0.13,0.000,0.450,KAMIKAZE
2026-08-17T13:37:39.661787,37.8648969,32.4839453,1021.68,-0.0575,0.0998,1.2060,69.0,0.14,0.000,0.450,KAMIKAZE
2026-08-17T13:37:40.661695,37.8648966,32.4839460,1021.63,-0.0959,0.1238,1.1313,64.0,0.14,0.000,0.450,KAMIKAZE
2026-08-17T13:37:41.661726,37.8648961,32.4839476,1021.67,-0.1287,0.0943,1.0957,62.0,0.19,0.000,0.450,KAMIKAZE
2026-08-17T13:37:42.661834,37.8648955,32.4839498,1021.70,-0.1305,0.1208,1.1270,64.0,0.18,0.000,0.450,KAMIKAZE
2026-08-17T13:37:43.661653,37.8648954,32.4839498,1021.77,-0.1305,0.1397,1.1611,66.0,0.18,0.000,0.450,KAMIKAZE
2026-08-17T13:37:44.661879,37.8648951,32.4839493,1021.83,-0.0845,0.1368,1.1329,64.0,0.09,0.000,0.450,KAMIKAZE
2026-08-17T13:37:45.662362,37.8648945,32.4839488,1021.92,-0.1008,0.1336,0.9917,56.0,0.10,0.000,0.450,KAMIKAZE
2026-08-17T13:37:46.661827,37.8648953,32.4839482,1022.00,-0.1005,0.1441,0.8037,46.0,0.05,0.000,0.450,KAMIKAZE
2026-08-17T13:37:47.661803,37.8648956,32.4839476,1022.02,-0.0879,0.1385,0.5883,33.0,0.04,0.000,0.450,KAMIKAZE
2026-08-17T13:37:48.661696,37.8648958,32.4839473,1022.07,-0.0811,0.1329,0.3709,21.0,0.04,0.000,0.450,KAMIKAZE
2026-08-17T13:37:49.661655,37.8648950,32.4839470,1022.12,-0.0842,0.1390,0.1641,9.0,0.04,0.000,0.450,KAMIKAZE
2026-08-17T13:37:50.661535,37.8648944,32.4839465,1022.13,-0.0842,0.1391,-0.0230,358.0,0.04,0.000,0.450,KAMIKAZE
2026-08-17T13:37:51.661487,37.8648950,32.4839463,1022.12,-0.0845,0.1383,-0.1664,350.0,0.06,0.000,0.450,KAMIKAZE
2026-08-17T13:37:52.661694,37.8648964,32.4839464,1022.10,-0.0743,0.0851,-0.3555,339.0,0.18,0.000,0.450,KAMIKAZE
2026-08-17T13:37:53.661762,37.8648984,32.4839441,1022.13,-0.0765,0.1359,-0.9839,303.0,0.22,0.000,0.450,KAMIKAZE
2026-08-17T13:37:54.661609,37.8648994,32.4839427,1022.17,-0.0806,0.1341,-1.2913,286.0,0.23,0.000,0.450,KAMIKAZE
2026-08-17T13:37:55.662344,37.8648990,32.4839414,1022.21,-0.0809,0.1309,-1.5538,270.0,0.18,0.000,0.450,KAMIKAZE
2026-08-17T13:37:56.661567,37.8648995,32.4839406,1022.20,-0.0807,0.1293,-1.8209,255.0,0.17,0.000,0.450,KAMIKAZE
2026-08-17T13:37:57.661738,37.8648991,32.4839397,1022.17,-0.0802,0.1328,-2.1051,239.0,0.14,0.000,0.450,KAMIKAZE
2026-08-17T13:37:58.661631,37.8648983,32.4839388,1022.11,-0.0801,0.1321,-2.3704,224.0,0.13,0.000,0.450,KAMIKAZE
2026-08-17T13:37:59.661631,37.8648977,32.4839385,1021.98,-0.0771,0.1356,-2.6026,210.0,0.12,0.000,0.450,KAMIKAZE
2026-08-17T13:38:00.661624,37.8648965,32.4839382,1021.84,-0.0799,0.1336,-2.8013,199.0,0.13,0.000,0.450,KAMIKAZE
2026-08-17T13:38:01.661963,37.8648954,32.4839382,1021.73,-0.0811,0.1326,-2.9952,188.0,0.13,0.000,0.450,KAMIKAZE
2026-08-17T13:38:02.661636,37.8648949,32.4839380,1021.64,-0.0560,0.1529,3.0406,174.0,0.10,0.000,0.450,KAMIKAZE
2026-08-17T13:38:03.661706,37.8648950,32.4839370,1021.62,-0.0584,0.1524,2.5713,147.0,0.18,0.000,0.450,KAMIKAZE
2026-08-17T13:38:04.661824,37.8648949,32.4839351,1021.60,-0.0709,0.1685,2.2490,128.0,0.19,0.000,0.450,KAMIKAZE
2026-08-17T13:38:05.661707,37.8648940,32.4839356,1021.62,-0.0614,0.1425,1.7730,101.0,0.09,0.000,0.450,KAMIKAZE
2026-08-17T13:38:06.662129,37.8648942,32.4839357,1021.72,-0.0665,0.1540,1.1857,67.0,0.10,0.000,0.450,KAMIKAZE
2026-08-17T13:38:07.663471,37.8648942,32.4839347,1021.86,-0.0740,0.1264,0.6149,35.0,0.14,0.000,0.450,KAMIKAZE
2026-08-17T13:38:08.661678,37.8648924,32.4839347,1021.94,-0.0754,0.1353,0.2701,15.0,0.19,0.000,0.450,KAMIKAZE
2026-08-17T13:38:09.661561,37.8648908,32.4839345,1021.98,-0.0820,0.1394,0.0058,0.0,0.20,0.000,0.450,KAMIKAZE
2026-08-17T13:38:10.665352,37.8648908,32.4839344,1021.98,-0.0809,0.1411,-0.2138,347.0,0.13,0.000,0.450,KAMIKAZE
2026-08-17T13:38:11.661671,37.8648912,32.4839345,1021.95,-0.0826,0.1362,-0.4067,336.0,0.09,0.000,0.450,KAMIKAZE
2026-08-17T13:38:12.661741,37.8648912,32.4839339,1021.83,-0.0818,0.1009,-0.6749,321.0,0.10,0.000,0.450,KAMIKAZE
2026-08-17T13:38:13.661722,37.8648925,32.4839337,1021.77,-0.0788,0.1168,-0.8004,314.0,0.16,0.000,0.450,KAMIKAZE
2026-08-17T13:38:14.661888,37.8648934,32.4839335,1021.74,-0.0833,0.1470,-0.7806,315.0,0.16,0.000,0.450,KAMIKAZE
2026-08-17T13:38:15.661813,37.8648940,32.4839340,1021.67,-0.0741,0.1555,-0.7747,315.0,0.15,0.000,0.450,KAMIKAZE
2026-08-17T13:38:16.661848,37.8648941,32.4839342,1021.60,-0.0712,0.1580,-0.7708,315.0,0.12,0.000,0.450,KAMIKAZE
2026-08-17T13:38:17.662037,37.8648936,32.4839345,1021.61,-0.0740,0.1667,-0.9071,308.0,0.11,0.000,0.450,KAMIKAZE
2026-08-17T13:38:18.661728,37.8648932,32.4839362,1021.60,-0.0770,0.1257,-1.0641,299.0,0.14,0.000,0.000,IDLE
2026-08-17T13:38:19.663393,37.8648928,32.4839374,1021.60,-0.0788,0.1315,-1.1743,292.0,0.12,0.000,0.000,IDLE
2026-08-17T13:38:20.661620,37.8648926,32.4839378,1021.63,-0.0821,0.1380,-1.2902,286.0,0.05,0.000,0.000,IDLE
2026-08-17T13:38:21.661501,37.8648917,32.4839387,1021.67,-0.0827,0.1444,-1.4315,277.0,0.07,0.000,0.000,IDLE
2026-08-17T13:38:22.661815,37.8648911,32.4839388,1021.71,-0.0871,0.1442,-1.5814,269.0,0.07,0.000,0.000,IDLE
2026-08-17T13:38:23.662047,37.8648906,32.4839391,1021.70,-0.0888,0.1464,-1.7358,260.0,0.07,0.000,0.000,IDLE
2026-08-17T13:38:24.661476,37.8648907,32.4839396,1021.64,-0.0841,0.1442,-1.8758,252.0,0.05,0.000,0.000,IDLE
2026-08-17T13:38:25.661699,37.8648911,32.4839400,1021.60,-0.0724,0.1444,-1.9465,248.0,0.09,0.000,0.000,IDLE
2026-08-17T13:38:26.661724,37.8648919,32.4839394,1021.66,-0.0761,0.1367,-1.9933,245.0,0.12,0.000,0.000,IDLE
2026-08-17T13:38:27.661702,37.8648927,32.4839383,1021.66,-0.0736,0.1365,-1.9950,245.0,0.15,0.000,0.000,IDLE
2026-08-17T13:38:28.662099,37.8648932,32.4839375,1021.59,-0.0746,0.1436,-1.8101,256.0,0.09,0.000,0.000,IDLE
2026-08-17T13:38:29.661749,37.8648932,32.4839374,1021.62,-0.0751,0.1413,-1.6832,263.0,0.05,0.000,0.000,IDLE
2026-08-17T13:38:30.661689,37.8648925,32.4839365,1021.67,-0.0712,0.1269,-1.6219,267.0,0.05,0.000,0.000,IDLE
2026-08-17T13:38:31.661871,37.8648919,32.4839366,1021.68,-0.0575,0.1349,-1.6396,266.0,0.05,0.440,-0.900,KAMIKAZE
2026-08-17T13:38:32.661746,37.8648917,32.4839368,1021.68,-0.0640,0.1391,-1.6470,265.0,0.04,0.440,-0.900,KAMIKAZE
2026-08-17T13:38:33.661941,37.8648911,32.4839366,1021.71,-0.0598,0.1375,-1.6944,262.0,0.03,0.440,-0.900,KAMIKAZE
2026-08-17T13:38:34.662108,37.8648911,32.4839352,1021.72,-0.0652,0.1356,-1.6667,264.0,0.07,0.440,-0.900,KAMIKAZE
2026-08-17T13:38:35.662122,37.8648915,32.4839357,1021.72,-0.0668,0.1322,-1.4954,274.0,0.04,0.440,-0.900,KAMIKAZE
2026-08-17T13:38:36.661603,37.8648907,32.4839365,1021.78,-0.0704,0.1576,-1.3860,280.0,0.08,0.440,-0.900,KAMIKAZE
2026-08-17T13:38:37.661866,37.8648896,32.4839357,1021.86,-0.0785,0.1466,-1.3671,281.0,0.07,0.544,-0.641,KAMIKAZE
2026-08-17T13:38:38.661673,37.8648888,32.4839353,1021.79,-0.0763,0.1356,-1.3567,282.0,0.05,0.725,0.186,KAMIKAZE
2026-08-17T13:38:39.662016,37.8648888,32.4839340,1021.71,-0.0788,0.1582,-1.3013,285.0,0.13,0.647,0.382,KAMIKAZE
2026-08-17T13:38:40.661856,37.8648888,32.4839322,1021.65,-0.0792,0.1448,-1.2492,288.0,0.23,0.782,-0.044,KAMIKAZE
2026-08-17T13:38:41.661699,37.8648891,32.4839286,1021.60,-0.0815,0.1542,-1.3192,284.0,0.33,0.624,0.440,KAMIKAZE
2026-08-17T13:38:42.661798,37.8648899,32.4839246,1021.50,-0.0853,0.1391,-1.3068,285.0,0.40,0.494,-0.765,KAMIKAZE
2026-08-17T13:38:43.661699,37.8648922,32.4839206,1021.37,-0.0776,0.1413,-1.1499,294.0,0.45,0.761,-0.098,KAMIKAZE
2026-08-17T13:38:44.662050,37.8648944,32.4839169,1021.30,-0.0786,0.1391,-1.0991,297.0,0.44,0.738,0.155,KAMIKAZE
2026-08-17T13:38:45.661662,37.8648975,32.4839131,1021.29,-0.0784,0.1397,-1.0363,300.0,0.46,1.000,0.177,KAMIKAZE
2026-08-17T13:38:46.661747,37.8649012,32.4839094,1021.27,-0.0782,0.1396,-0.9979,302.0,0.50,1.000,0.562,KAMIKAZE
2026-08-17T13:38:47.669105,37.8649042,32.4839058,1021.29,-0.0795,0.1389,-1.0484,299.0,0.48,1.000,0.000,KAMIKAZE
2026-08-17T13:38:48.661723,37.8649076,32.4839023,1021.32,-0.0795,0.1346,-1.0228,301.0,0.49,1.000,0.000,KAMIKAZE
2026-08-17T13:38:49.662417,37.8649103,32.4838984,1021.36,-0.0820,0.1286,-0.9933,303.0,0.41,0.000,0.000,KAMIKAZE
2026-08-17T13:38:50.662635,37.8649132,32.4838962,1021.39,-0.0888,0.1196,-0.9530,305.0,0.39,0.000,0.000,KAMIKAZE
2026-08-17T13:38:51.661680,37.8649156,32.4838972,1021.37,-0.0729,0.0830,-0.7080,319.0,0.32,0.000,0.000,KAMIKAZE
2026-08-17T13:38:52.661777,37.8649141,32.4838997,1021.33,-0.0721,0.1309,-0.4641,333.0,0.31,0.000,0.000,KAMIKAZE
2026-08-17T13:38:53.662100,37.8649129,32.4839011,1021.33,-0.0873,0.1248,-0.2129,347.0,0.30,0.000,0.000,KAMIKAZE
2026-08-17T13:38:54.661826,37.8649115,32.4839027,1021.32,-0.0650,0.1134,0.0458,2.0,0.28,0.000,0.000,KAMIKAZE
2026-08-17T13:38:55.663437,37.8649093,32.4839046,1021.31,-0.0784,0.1082,0.1567,8.0,0.33,0.000,0.000,KAMIKAZE
2026-08-17T13:38:56.661662,37.8649084,32.4839061,1021.33,-0.0812,0.1059,0.3971,22.0,0.30,0.000,0.000,KAMIKAZE
2026-08-17T13:38:57.661686,37.8649072,32.4839076,1021.31,-0.0729,0.0948,0.8242,47.0,0.36,0.000,0.000,KAMIKAZE
2026-08-17T13:38:58.661731,37.8649068,32.4839108,1021.26,-0.0729,0.1245,1.0795,61.0,0.34,0.000,0.000,KAMIKAZE
2026-08-17T13:38:59.661699,37.8649069,32.4839141,1021.21,-0.0812,0.1468,1.2469,71.0,0.28,0.000,0.000,KAMIKAZE
2026-08-17T13:39:00.661785,37.8649064,32.4839159,1021.22,-0.0742,0.1432,1.4638,83.0,0.22,0.000,0.000,KAMIKAZE
2026-08-17T13:39:01.661811,37.8649061,32.4839194,1021.22,-0.0794,0.1402,1.5086,86.0,0.26,0.000,0.000,KAMIKAZE
2026-08-17T13:39:02.661762,37.8649055,32.4839224,1021.21,-0.0904,0.1445,1.5240,87.0,0.24,0.000,0.000,IDLE
2026-08-17T13:39:03.661723,37.8649047,32.4839244,1021.23,-0.0839,0.1517,1.6018,91.0,0.24,0.000,0.000,IDLE
2026-08-17T13:39:04.661756,37.8649046,32.4839268,1021.26,-0.0836,0.1540,1.6065,92.0,0.25,0.000,0.000,IDLE
2026-08-17T13:39:05.661757,37.8649038,32.4839298,1021.32,-0.0862,0.1380,1.7064,97.0,0.32,0.000,0.000,IDLE
2026-08-17T13:39:06.661752,37.8649033,32.4839318,1021.39,-0.0785,0.1306,1.7742,101.0,0.26,0.000,0.000,IDLE
2026-08-17T13:39:07.661711,37.8649031,32.4839328,1021.44,-0.0820,0.1420,1.7709,101.0,0.16,0.000,0.000,IDLE
2026-08-17T13:39:08.661834,37.8649018,32.4839330,1021.48,-0.0813,0.1547,1.7801,101.0,0.13,0.000,0.000,IDLE
2026-08-17T13:39:09.661720,37.8649010,32.4839331,1021.51,-0.0811,0.1379,1.7158,98.0,0.05,0.000,0.000,IDLE
2026-08-17T13:39:10.663168,37.8649005,32.4839338,1021.55,-0.0861,0.1578,1.6232,93.0,0.06,0.000,0.000,IDLE
2026-08-17T13:39:11.661964,37.8648997,32.4839353,1021.57,-0.0791,0.1415,1.5817,90.0,0.11,0.000,0.000,IDLE
2026-08-17T13:39:12.661549,37.8648990,32.4839375,1021.57,-0.0798,0.1288,1.5350,87.0,0.16,0.000,0.000,IDLE
2026-08-17T13:39:13.661725,37.8648989,32.4839390,1021.54,-0.0794,0.1374,1.4934,85.0,0.16,0.000,0.000,IDLE
2026-08-17T13:39:14.661693,37.8648986,32.4839401,1021.47,-0.0810,0.1414,1.4581,83.0,0.15,0.000,0.000,IDLE
2026-08-17T13:39:15.662199,37.8648987,32.4839404,1021.40,-0.0875,0.1438,1.4317,82.0,0.11,0.000,0.000,IDLE
2026-08-17T13:39:16.667691,37.8648987,32.4839406,1021.32,-0.0965,0.1589,1.3927,79.0,0.05,0.000,0.000,IDLE
2026-08-17T13:39:17.661805,37.8648989,32.4839417,1021.28,-0.0894,0.1380,1.3621,78.0,0.09,0.000,0.000,IDLE
2026-08-17T13:39:18.661810,37.8648990,32.4839419,1021.25,-0.0815,0.1350,1.3333,76.0,0.04,0.000,0.000,IDLE
2026-08-17T13:39:19.661914,37.8648994,32.4839415,1021.25,-0.0672,0.1298,1.2182,69.0,0.05,0.000,0.000,IDLE
2026-08-17T13:39:20.661614,37.8648996,32.4839414,1021.25,-0.0552,0.1258,1.1464,65.0,0.08,0.000,0.000,IDLE
2026-08-17T13:39:21.661980,37.8649003,32.4839421,1021.18,-0.0611,0.1180,1.1483,65.0,0.05,0.000,0.000,IDLE
2026-08-17T13:39:22.661703,37.8649006,32.4839419,1021.12,-0.0824,0.1499,1.1368,65.0,0.06,0.000,0.000,IDLE
2026-08-17T13:39:23.661708,37.8649003,32.4839422,1021.11,-0.0359,0.1282,1.2257,70.0,0.05,0.000,0.000,IDLE
2026-08-17T13:39:24.661805,37.8649005,32.4839421,1021.15,-0.0329,0.1343,1.2256,70.0,0.07,0.000,0.000,IDLE
2026-08-17T13:39:25.662063,37.8649005,32.4839436,1021.21,-0.0360,0.1133,1.2196,69.0,0.11,0.000,0.000,IDLE
2026-08-17T13:39:26.661663,37.8648998,32.4839444,1021.25,-0.0334,0.1213,1.1943,68.0,0.10,0.000,0.000,IDLE
2026-08-17T13:39:27.661818,37.8649001,32.4839438,1021.29,-0.0247,0.1323,1.1771,67.0,0.04,0.000,0.000,IDLE
2026-08-17T13:39:28.661728,37.8649004,32.4839435,1021.31,-0.0334,0.1367,1.1889,68.0,0.03,0.000,0.000,IDLE
2026-08-17T13:39:29.661821,37.8649003,32.4839437,1021.29,-0.0282,0.1504,1.2049,69.0,0.03,0.000,0.000,IDLE
2026-08-17T13:39:30.661927,37.8649004,32.4839439,1021.34,-0.0238,0.1391,1.2421,71.0,0.05,0.000,0.000,IDLE
2026-08-17T13:39:31.661712,37.8649017,32.4839435,1021.39,-0.0194,0.1363,1.2411,71.0,0.06,0.000,0.000,IDLE
2026-08-17T13:39:32.661656,37.8649021,32.4839422,1021.42,0.0080,0.1234,1.2959,74.0,0.04,0.000,0.000,IDLE
2026-08-17T13:39:33.661576,37.8649023,32.4839419,1021.53,-0.0452,0.1713,1.2847,73.0,0.09,0.000,0.000,IDLE
2026-08-17T13:39:34.662039,37.8649019,32.4839416,1021.57,-0.0332,0.1279,1.3094,75.0,0.09,0.000,0.000,IDLE
2026-08-17T13:39:35.661927,37.8649024,32.4839410,1021.59,-0.0304,0.1472,1.3933,79.0,0.07,0.000,0.000,IDLE
2026-08-17T13:39:36.661809,37.8649029,32.4839404,1021.64,-0.0409,0.1279,1.4156,81.0,0.07,0.000,0.000,IDLE
2026-08-17T13:39:37.661726,37.8649027,32.4839409,1021.61,-0.0257,0.1459,1.3277,76.0,0.01,0.000,0.000,IDLE
2026-08-17T13:39:38.661777,37.8649029,32.4839399,1021.63,-0.0395,0.1433,1.3250,75.0,0.06,0.000,0.000,IDLE
2026-08-17T13:39:39.661664,37.8649031,32.4839394,1021.65,-0.0333,0.1682,1.3074,74.0,0.03,0.000,0.000,IDLE
2026-08-17T13:39:40.661735,37.8649030,32.4839404,1021.64,-0.0307,0.1373,1.3155,75.0,0.03,0.000,0.000,IDLE
2026-08-17T13:39:41.661737,37.8649030,32.4839409,1021.62,-0.0270,0.1396,1.2733,72.0,0.04,0.000,0.000,WAYPOINT
2026-08-17T13:39:42.661829,37.8649030,32.4839410,1021.56,-0.0396,0.1210,1.2788,73.0,0.02,0.000,0.000,WAYPOINT
2026-08-17T13:39:43.661938,37.8649027,32.4839417,1021.54,-0.0441,0.1295,1.2508,71.0,0.04,0.000,0.000,WAYPOINT
2026-08-17T13:39:44.661791,37.8649022,32.4839425,1021.51,-0.0455,0.1210,1.2439,71.0,0.07,0.000,0.000,WAYPOINT
2026-08-17T13:39:45.661876,37.8649022,32.4839424,1021.50,-0.0451,0.1116,1.2340,70.0,0.05,0.000,0.000,WAYPOINT
2026-08-17T13:39:46.662018,37.8649022,32.4839423,1021.39,-0.0477,0.1201,1.2271,70.0,0.03,0.000,0.000,WAYPOINT
2026-08-17T13:39:47.661595,37.8649019,32.4839426,1021.25,-0.0510,0.1207,1.2275,70.0,0.05,0.000,0.000,WAYPOINT
2026-08-17T13:39:48.662082,37.8649021,32.4839430,1021.18,-0.0520,0.1196,1.2227,70.0,0.05,0.000,0.000,WAYPOINT
2026-08-17T13:39:49.662042,37.8649018,32.4839426,1021.08,-0.0572,0.1209,1.2182,69.0,0.03,0.000,0.000,WAYPOINT
2026-08-17T13:39:50.661797,37.8649018,32.4839428,1021.03,-0.0593,0.1266,1.2149,69.0,0.04,0.000,0.000,WAYPOINT
2026-08-17T13:39:51.661646,37.8649013,32.4839435,1021.02,-0.0588,0.1360,1.2197,69.0,0.05,0.000,0.000,WAYPOINT
2026-08-17T13:39:52.661813,37.8649019,32.4839430,1021.04,-0.0630,0.1349,1.2515,71.0,0.03,0.000,0.000,WAYPOINT
2026-08-17T13:39:53.661693,37.8649022,32.4839426,1021.05,-0.0735,0.1399,1.2439,71.0,0.02,0.000,0.000,WAYPOINT
2026-08-17T13:39:54.661965,37.8649025,32.4839419,1021.03,-0.1410,0.1275,1.2604,72.0,0.01,0.000,0.000,WAYPOINT
2026-08-17T13:39:55.661669,37.8649026,32.4839426,1020.98,-0.0724,0.1228,1.2675,72.0,0.12,0.000,0.000,WAYPOINT
2026-08-17T13:39:56.661638,37.8649033,32.4839440,1021.03,-0.0602,0.1273,1.2021,68.0,0.13,0.000,0.000,WAYPOINT
2026-08-17T13:39:57.661651,37.8649039,32.4839436,1021.10,-0.0423,0.1030,1.1758,67.0,0.02,0.000,0.000,WAYPOINT
2026-08-17T13:39:58.663689,37.8649041,32.4839437,1021.13,-0.0353,0.0545,1.2456,71.0,0.02,0.000,0.000,WAYPOINT
2026-08-17T13:39:59.661765,37.8649046,32.4839434,1021.20,-0.0543,0.1146,1.1968,68.0,0.03,0.000,0.000,WAYPOINT
2026-08-17T13:40:00.662044,37.8649045,32.4839430,1021.23,-0.0414,0.1221,1.2014,68.0,0.02,0.000,0.000,WAYPOINT
2026-08-17T13:40:01.661950,37.8649046,32.4839431,1021.24,-0.0446,0.1096,1.2244,70.0,0.03,0.000,0.000,WAYPOINT
2026-08-17T13:40:02.661633,37.8649050,32.4839431,1021.26,-0.0466,0.1227,1.1925,68.0,0.01,0.000,0.000,WAYPOINT
2026-08-17T13:40:03.661781,37.8649050,32.4839429,1021.33,-0.0428,0.1270,1.2049,69.0,0.02,0.000,0.000,WAYPOINT
2026-08-17T13:40:04.661580,37.8649050,32.4839425,1021.46,-0.0527,0.1343,1.1988,68.0,0.04,0.000,0.000,WAYPOINT
2026-08-17T13:40:05.662211,37.8649053,32.4839425,1021.56,-0.0499,0.1216,1.2029,68.0,0.02,0.000,0.000,WAYPOINT
2026-08-17T13:40:06.661527,37.8649048,32.4839436,1021.63,-0.0418,0.1188,1.1839,67.0,0.06,0.000,0.000,WAYPOINT
2026-08-17T13:40:07.662189,37.8649045,32.4839445,1021.64,-0.0466,0.1145,1.1654,66.0,0.08,0.000,0.000,WAYPOINT
2026-08-17T13:40:08.662053,37.8649044,32.4839449,1021.68,-0.0477,0.1205,1.1469,65.0,0.09,0.000,0.000,WAYPOINT
2026-08-17T13:40:09.661766,37.8649041,32.4839455,1021.67,-0.0498,0.1347,1.1385,65.0,0.09,0.000,0.000,WAYPOINT
2026-08-17T13:40:10.662165,37.8649038,32.4839466,1021.60,-0.0510,0.1318,1.1679,66.0,0.11,0.000,0.000,WAYPOINT
2026-08-17T13:40:11.661770,37.8649032,32.4839479,1021.54,-0.0569,0.1306,1.1518,65.0,0.17,0.000,0.000,WAYPOINT
2026-08-17T13:40:12.661833,37.8649032,32.4839486,1021.55,-0.0523,0.1177,1.1344,64.0,0.15,0.000,0.000,WAYPOINT
2026-08-17T13:40:13.661704,37.8649032,32.4839482,1021.50,-0.0563,0.1139,1.1475,65.0,0.08,0.000,0.000,WAYPOINT
2026-08-17T13:40:14.661823,37.8649034,32.4839473,1021.38,-0.0598,0.1350,1.1487,65.0,0.05,0.000,0.000,WAYPOINT
2026-08-17T13:40:15.661835,37.8649032,32.4839470,1021.23,-0.0596,0.1363,1.1521,66.0,0.04,0.000,0.000,WAYPOINT
2026-08-17T13:40:16.661761,37.8649036,32.4839470,1021.21,-0.0654,0.1391,1.1419,65.0,0.04,0.000,0.000,WAYPOINT
2026-08-17T13:40:17.661554,37.8649042,32.4839470,1021.27,-0.0638,0.1355,1.1432,65.0,0.03,0.000,-0.900,WAYPOINT
2026-08-17T13:40:18.661468,37.8649040,32.4839460,1021.36,-0.0663,0.1408,1.2321,70.0,0.06,0.000,-0.900,WAYPOINT
2026-08-17T13:40:19.662618,37.8649036,32.4839452,1021.46,-0.0564,0.0974,1.3411,76.0,0.17,-0.550,-0.900,WAYPOINT
2026-08-17T13:40:20.661849,37.8649030,32.4839422,1021.48,-0.0800,0.1250,1.1465,65.0,0.36,-0.550,-0.900,WAYPOINT
2026-08-17T13:40:21.661551,37.8649019,32.4839385,1021.46,-0.0694,0.1593,0.9205,52.0,0.27,-0.550,-0.900,WAYPOINT
2026-08-17T13:40:22.661505,37.8649003,32.4839360,1021.46,-0.0933,0.1710,0.6633,38.0,0.31,0.000,0.900,WAYPOINT
2026-08-17T13:40:23.662770,37.8649003,32.4839350,1021.39,-0.0843,0.1435,0.3874,22.0,0.12,0.000,0.900,WAYPOINT
2026-08-17T13:40:24.661637,37.8649017,32.4839345,1021.34,-0.0824,0.1363,0.0733,4.0,0.12,0.000,0.900,WAYPOINT
2026-08-17T13:40:25.662852,37.8649026,32.4839337,1021.35,-0.0773,0.1302,-0.1831,349.0,0.16,0.000,0.900,WAYPOINT
2026-08-17T13:40:26.662370,37.8649028,32.4839328,1021.37,-0.0838,0.1346,-0.4059,336.0,0.16,0.000,0.000,WAYPOINT
2026-08-17T13:40:27.663290,37.8649045,32.4839330,1021.31,-0.0766,0.1092,-0.5336,329.0,0.18,0.000,0.900,WAYPOINT
2026-08-17T13:40:28.662062,37.8649048,32.4839323,1021.29,-0.0750,0.1553,-0.6897,320.0,0.26,0.000,0.900,WAYPOINT
2026-08-17T13:40:29.661547,37.8649044,32.4839305,1021.29,-0.0787,0.1472,-0.8870,309.0,0.16,0.000,0.900,WAYPOINT
2026-08-17T13:40:30.661568,37.8649040,32.4839295,1021.22,-0.0810,0.1381,-1.1615,293.0,0.15,0.000,0.900,WAYPOINT
2026-08-17T13:40:31.661823,37.8649036,32.4839277,1021.21,-0.0812,0.1500,-1.4105,279.0,0.19,0.000,0.000,WAYPOINT
2026-08-17T13:40:32.662329,37.8649037,32.4839262,1021.21,-0.0749,0.1667,-1.4961,274.0,0.28,0.000,0.000,WAYPOINT
2026-08-17T13:40:33.662077,37.8649044,32.4839220,1021.21,-0.0797,0.1457,-1.5376,271.0,0.41,0.000,0.000,WAYPOINT
2026-08-17T13:40:34.663641,37.8649047,32.4839177,1021.21,-0.0811,0.1426,-1.5592,270.0,0.48,0.000,0.000,WAYPOINT
2026-08-17T13:40:35.661771,37.8649054,32.4839124,1021.14,-0.0822,0.1329,-1.5555,270.0,0.50,0.000,-0.900,WAYPOINT
2026-08-17T13:40:36.661555,37.8649057,32.4839094,1021.15,-0.0867,0.1235,-1.3822,280.0,0.33,0.000,-0.900,WAYPOINT
2026-08-17T13:40:37.661483,37.8649061,32.4839071,1021.11,-0.0727,0.1378,-1.3262,284.0,0.28,0.000,0.900,WAYPOINT
2026-08-17T13:40:38.662736,37.8649061,32.4839035,1021.11,-0.0803,0.1270,-1.5636,270.0,0.27,0.000,0.900,WAYPOINT
2026-08-17T13:40:39.661436,37.8649054,32.4839014,1021.17,-0.0904,0.1555,-1.7906,257.0,0.19,0.000,-0.900,WAYPOINT
2026-08-17T13:40:40.661448,37.8649051,32.4838993,1021.23,-0.0857,0.1466,-1.7022,262.0,0.14,0.000,-0.900,WAYPOINT
2026-08-17T13:40:41.661802,37.8649049,32.4838982,1021.25,-0.0788,0.1390,-1.5918,268.0,0.12,0.000,0.000,WAYPOINT
2026-08-17T13:40:42.661720,37.8649052,32.4838962,1021.28,-0.0754,0.1413,-1.5719,269.0,0.26,0.000,0.000,WAYPOINT
2026-08-17T13:40:43.665235,37.8649057,32.4838930,1021.40,-0.0781,0.1450,-1.5556,270.0,0.35,0.000,0.000,WAYPOINT
2026-08-17T13:40:44.661776,37.8649065,32.4838887,1021.50,-0.0759,0.1400,-1.5622,270.0,0.41,0.000,0.000,WAYPOINT
2026-08-17T13:40:45.661703,37.8649066,32.4838841,1021.58,-0.0792,0.1360,-1.5709,270.0,0.43,0.000,0.000,WAYPOINT
2026-08-17T13:40:46.662050,37.8649079,32.4838791,1021.63,-0.0777,0.1421,-1.5602,270.0,0.45,0.000,0.000,WAYPOINT
2026-08-17T13:40:47.666940,37.8649092,32.4838733,1021.66,-0.0755,0.1379,-1.5568,270.0,0.50,0.000,0.000,WAYPOINT
2026-08-17T13:40:48.661860,37.8649098,32.4838677,1021.73,-0.0779,0.1369,-1.5658,270.0,0.51,0.000,0.000,WAYPOINT
2026-08-17T13:40:49.661708,37.8649098,32.4838622,1021.79,-0.0776,0.1392,-1.5873,269.0,0.50,0.000,0.000,WAYPOINT
2026-08-17T13:40:50.663756,37.8649104,32.4838569,1021.80,-0.0763,0.1382,-1.6039,268.0,0.49,0.000,0.000,WAYPOINT
2026-08-17T13:40:51.662773,37.8649109,32.4838522,1021.80,-0.0726,0.1290,-1.6331,266.0,0.43,0.000,0.900,WAYPOINT
2026-08-17T13:40:52.662105,37.8649102,32.4838485,1021.80,-0.0815,0.1423,-1.8008,256.0,0.30,0.000,0.000,WAYPOINT
2026-08-17T13:40:53.661870,37.8649099,32.4838447,1021.79,-0.0813,0.1407,-1.8024,256.0,0.29,0.000,0.000,WAYPOINT
2026-08-17T13:40:54.661750,37.8649101,32.4838407,1021.78,-0.0819,0.1349,-1.7034,262.0,0.40,0.000,0.000,WAYPOINT
2026-08-17T13:40:55.663822,37.8649106,32.4838361,1021.79,-0.0778,0.1400,-1.6416,265.0,0.43,0.000,0.000,WAYPOINT
2026-08-17T13:40:56.661780,37.8649111,32.4838306,1021.77,-0.0778,0.1393,-1.6095,267.0,0.46,0.000,0.000,WAYPOINT
2026-08-17T13:40:57.661780,37.8649117,32.4838248,1021.73,-0.0794,0.1383,-1.5937,268.0,0.49,0.000,0.000,WAYPOINT
2026-08-17T13:40:58.661796,37.8649125,32.4838186,1021.69,-0.0770,0.1379,-1.5935,268.0,0.52,0.000,0.000,WAYPOINT
2026-08-17T13:40:59.661759,37.8649129,32.4838135,1021.67,-0.0793,0.1388,-1.5871,269.0,0.50,0.000,0.000,WAYPOINT
2026-08-17T13:41:00.661865,37.8649134,32.4838077,1021.68,-0.0806,0.1365,-1.5823,269.0,0.50,0.000,0.000,WAYPOINT
2026-08-17T13:41:01.663664,37.8649140,32.4838019,1021.66,-0.0775,0.1379,-1.5890,268.0,0.51,0.000,0.000,WAYPOINT
2026-08-17T13:41:02.661714,37.8649142,32.4837966,1021.63,-0.0786,0.1379,-1.6120,267.0,0.49,0.000,0.000,WAYPOINT
2026-08-17T13:41:03.661740,37.8649145,32.4837915,1021.64,-0.0792,0.1390,-1.6335,266.0,0.47,0.000,0.000,WAYPOINT
2026-08-17T13:41:04.661757,37.8649146,32.4837861,1021.63,-0.0797,0.1402,-1.6476,265.0,0.45,0.000,0.000,WAYPOINT
2026-08-17T13:41:05.661918,37.8649147,32.4837807,1021.63,-0.0788,0.1426,-1.6655,264.0,0.45,0.000,0.000,WAYPOINT
2026-08-17T13:41:06.661923,37.8649141,32.4837758,1021.64,-0.0807,0.1390,-1.7067,262.0,0.43,0.000,0.000,WAYPOINT
2026-08-17T13:41:07.661825,37.8649137,32.4837710,1021.65,-0.0784,0.1309,-1.7631,258.0,0.32,0.000,0.000,IDLE
2026-08-17T13:41:08.662048,37.8649133,32.4837680,1021.66,-0.0801,0.1347,-1.8209,255.0,0.18,0.000,0.000,IDLE
2026-08-17T13:41:09.661912,37.8649129,32.4837662,1021.67,-0.0813,0.1363,-1.8364,254.0,0.09,0.000,0.000,IDLE
2026-08-17T13:41:10.661725,37.8649123,32.4837644,1021.70,-0.0802,0.1369,-1.7975,257.0,0.08,0.000,0.000,IDLE
2026-08-17T13:41:11.661822,37.8649118,32.4837640,1021.74,-0.0809,0.1372,-1.7985,256.0,0.04,0.000,0.000,IDLE
2026-08-17T13:41:12.661801,37.8649116,32.4837640,1021.76,-0.0834,0.1408,-1.7919,257.0,0.03,0.000,0.000,IDLE
2026-08-17T13:41:13.661745,37.8649117,32.4837646,1021.70,-0.0815,0.1437,-1.7872,257.0,0.04,0.000,0.000,IDLE
2026-08-17T13:41:14.661741,37.8649115,32.4837643,1021.65,-0.0800,0.1409,-1.7862,257.0,0.04,0.000,0.000,IDLE
2026-08-17T13:41:15.661750,37.8649116,32.4837646,1021.63,-0.0785,0.1389,-1.7837,257.0,0.05,0.000,0.000,IDLE
2026-08-17T13:41:16.661727,37.8649115,32.4837649,1021.60,-0.0755,0.1379,-1.7842,257.0,0.05,0.000,0.000,IDLE
2026-08-17T13:41:17.661757,37.8649111,32.4837651,1021.60,-0.0753,0.1412,-1.7843,257.0,0.04,0.000,0.000,IDLE
2026-08-17T13:41:18.663734,37.8649106,32.4837657,1021.63,-0.0761,0.1420,-1.7859,257.0,0.06,0.000,0.000,IDLE
2026-08-17T13:41:19.661757,37.8649102,32.4837660,1021.65,-0.0765,0.1456,-1.7884,257.0,0.06,0.000,0.000,IDLE
2026-08-17T13:41:20.662191,37.8649102,32.4837668,1021.65,-0.0779,0.1433,-1.7815,257.0,0.07,0.000,0.000,IDLE
2026-08-17T13:41:21.661839,37.8649102,32.4837681,1021.66,-0.0791,0.1389,-1.7804,257.0,0.07,0.000,0.000,IDLE
2026-08-17T13:41:22.661990,37.8649103,32.4837694,1021.66,-0.0787,0.1392,-1.7820,257.0,0.08,0.000,0.000,IDLE
2026-08-17T13:41:23.661723,37.8649103,32.4837706,1021.65,-0.0783,0.1368,-1.7794,258.0,0.08,0.000,0.000,IDLE
2026-08-17T13:41:24.661865,37.8649104,32.4837720,1021.67,-0.0775,0.1423,-1.7812,257.0,0.10,0.000,0.000,IDLE
2026-08-17T13:41:25.661821,37.8649105,32.4837731,1021.68,-0.0769,0.1451,-1.7841,257.0,0.10,0.000,0.000,IDLE
2026-08-17T13:41:26.661777,37.8649102,32.4837740,1021.67,-0.0794,0.1405,-1.7837,257.0,0.09,0.000,0.000,IDLE
2026-08-17T13:41:27.661787,37.8649100,32.4837760,1021.66,-0.0836,0.1421,-1.7887,257.0,0.12,0.000,0.000,IDLE
2026-08-17T13:41:28.662235,37.8649102,32.4837783,1021.63,-0.0822,0.1475,-1.7848,257.0,0.15,0.000,0.000,IDLE
2026-08-17T13:41:29.661809,37.8649100,32.4837797,1021.59,-0.0825,0.1467,-1.7831,257.0,0.16,0.000,0.000,IDLE
2026-08-17T13:41:30.661797,37.8649101,32.4837815,1021.52,-0.0821,0.1424,-1.7848,257.0,0.16,0.000,0.000,IDLE
2026-08-17T13:41:31.661746,37.8649103,32.4837836,1021.48,-0.0823,0.1450,-1.7806,257.0,0.18,0.000,0.000,IDLE
2026-08-17T13:41:32.661766,37.8649099,32.4837846,1021.44,-0.0807,0.1428,-1.7891,257.0,0.15,0.000,0.000,IDLE
2026-08-17T13:41:33.661891,37.8649102,32.4837869,1021.40,-0.0819,0.1444,-1.8101,256.0,0.18,0.000,0.000,IDLE
2026-08-17T13:41:34.661869,37.8649108,32.4837894,1021.38,-0.0819,0.1448,-1.8497,254.0,0.20,0.000,0.000,IDLE
2026-08-17T13:41:35.661872,37.8649113,32.4837916,1021.37,-0.0814,0.1482,-1.8784,252.0,0.18,0.000,0.000,IDLE
2026-08-17T13:41:36.662034,37.8649122,32.4837934,1021.39,-0.0818,0.1484,-1.7681,258.0,0.17,0.000,0.000,IDLE
2026-08-17T13:41:37.663810,37.8649131,32.4837941,1021.42,-0.0791,0.1410,-1.5179,273.0,0.13,0.000,0.000,IDLE
2026-08-17T13:41:38.661639,37.8649130,32.4837938,1021.44,-0.0785,0.1393,-1.4229,278.0,0.06,0.000,0.000,IDLE
2026-08-17T13:41:39.661903,37.8649127,32.4837931,1021.47,-0.0810,0.1427,-1.4571,276.0,0.08,0.000,0.000,IDLE
2026-08-17T13:41:40.661843,37.8649122,32.4837919,1021.51,-0.0810,0.1416,-1.5079,273.0,0.10,0.000,0.000,IDLE
2026-08-17T13:41:41.661771,37.8649121,32.4837914,1021.58,-0.0814,0.1422,-1.5111,273.0,0.05,0.000,0.000,IDLE
2026-08-17T13:41:42.661750,37.8649117,32.4837919,1021.60,-0.0791,0.1431,-1.4941,274.0,0.08,0.000,0.000,IDLE
2026-08-17T13:41:43.661951,37.8649112,32.4837923,1021.60,-0.0786,0.1459,-1.5011,274.0,0.09,0.000,0.000,IDLE
2026-08-17T13:41:44.661757,37.8649111,32.4837920,1021.61,-0.0796,0.1385,-1.4718,275.0,0.07,0.000,0.000,IDLE
2026-08-17T13:41:45.661743,37.8649110,32.4837927,1021.64,-0.0798,0.1460,-1.4298,278.0,0.07,0.000,0.000,IDLE
2026-08-17T13:41:46.663717,37.8649108,32.4837921,1021.64,-0.0806,0.1396,-1.4383,277.0,0.06,0.000,0.000,IDLE
2026-08-17T13:41:47.661731,37.8649104,32.4837925,1021.67,-0.0795,0.1415,-1.4307,278.0,0.07,0.000,0.000,IDLE
2026-08-17T13:41:48.661719,37.8649099,32.4837937,1021.68,-0.0825,0.1476,-1.3994,279.0,0.07,0.000,0.000,IDLE
2026-08-17T13:41:49.662094,37.8649095,32.4837934,1021.69,-0.0813,0.1459,-1.4034,279.0,0.07,0.000,0.000,IDLE
2026-08-17T13:41:50.661909,37.8649094,32.4837923,1021.71,-0.0814,0.1429,-1.4328,277.0,0.10,0.000,0.000,IDLE
2026-08-17T13:41:51.661795,37.8649091,32.4837908,1021.79,-0.0817,0.1431,-1.4452,277.0,0.09,0.000,0.000,IDLE
2026-08-17T13:41:52.661740,37.8649082,32.4837901,1021.84,-0.0796,0.1429,-1.3942,280.0,0.07,0.000,0.000,IDLE
2026-08-17T13:41:53.661840,37.8649078,32.4837900,1021.88,-0.0806,0.1435,-1.3011,285.0,0.05,0.000,0.000,IDLE
2026-08-17T13:41:54.661721,37.8649077,32.4837901,1021.91,-0.0792,0.1448,-1.2308,289.0,0.07,0.000,0.000,IDLE
2026-08-17T13:41:55.661834,37.8649075,32.4837911,1021.89,-0.0795,0.1458,-1.2716,287.0,0.10,0.000,0.000,IDLE
2026-08-17T13:41:56.661699,37.8649068,32.4837919,1021.90,-0.0815,0.1413,-1.2868,286.0,0.08,0.000,0.000,IDLE
2026-08-17T13:41:57.661847,37.8649065,32.4837920,1021.93,-0.0806,0.1518,-1.2296,289.0,0.04,0.000,0.000,IDLE
2026-08-17T13:41:58.661732,37.8649062,32.4837917,1021.96,-0.0792,0.1463,-1.1957,291.0,0.02,0.000,0.000,IDLE
2026-08-17T13:41:59.661787,37.8649060,32.4837909,1021.91,-0.0793,0.1397,-1.1787,292.0,0.06,0.000,0.000,IDLE
2026-08-17T13:42:00.662280,37.8649055,32.4837911,1021.84,-0.0812,0.1526,-1.1386,294.0,0.01,0.000,0.000,IDLE
2026-08-17T13:42:01.661868,37.8649050,32.4837907,1021.77,-0.0814,0.1440,-1.0883,297.0,0.03,0.000,0.000,IDLE
2026-08-17T13:42:02.661615,37.8649054,32.4837899,1021.66,-0.0798,0.1393,-1.0658,298.0,0.05,0.000,0.000,IDLE
2026-08-17T13:42:03.661735,37.8649052,32.4837897,1021.58,-0.0800,0.1436,-1.0936,297.0,0.02,0.000,0.000,IDLE
2026-08-17T13:42:04.662180,37.8649052,32.4837894,1021.50,-0.0786,0.1381,-1.0933,297.0,0.03,0.000,0.000,IDLE
2026-08-17T13:42:05.661720,37.8649054,32.4837888,1021.48,-0.0786,0.1368,-1.0980,297.0,0.01,0.000,0.000,IDLE
2026-08-17T13:42:06.661781,37.8649061,32.4837884,1021.50,-0.0786,0.1385,-1.1014,296.0,0.03,0.000,0.000,IDLE
2026-08-17T13:42:07.661850,37.8649061,32.4837894,1021.51,-0.0809,0.1387,-1.0997,297.0,0.06,0.000,0.000,IDLE
2026-08-17T13:42:08.661768,37.8649060,32.4837904,1021.48,-0.0773,0.1406,-1.1025,296.0,0.07,0.000,0.000,IDLE
2026-08-17T13:42:09.662131,37.8649055,32.4837912,1021.47,-0.0810,0.1497,-1.1379,294.0,0.05,0.000,0.000,IDLE
2026-08-17T13:42:10.661744,37.8649052,32.4837911,1021.47,-0.0816,0.1482,-1.1441,294.0,0.02,0.000,0.000,IDLE
2026-08-17T13:42:11.661996,37.8649057,32.4837906,1021.46,-0.0799,0.1456,-1.1132,296.0,0.06,0.000,0.000,IDLE
2026-08-17T13:42:12.661760,37.8649060,32.4837897,1021.50,-0.0790,0.1370,-1.0956,297.0,0.04,0.000,0.000,IDLE
2026-08-17T13:42:13.663756,37.8649062,32.4837891,1021.57,-0.0806,0.1410,-1.1311,295.0,0.02,0.000,0.000,IDLE
2026-08-17T13:42:14.662245,37.8649058,32.4837898,1021.61,-0.0812,0.1447,-1.1762,292.0,0.03,0.000,0.000,IDLE
2026-08-17T13:42:15.661802,37.8649056,32.4837904,1021.67,-0.0794,0.1471,-1.1504,294.0,0.05,0.000,0.000,IDLE
2026-08-17T13:42:16.661816,37.8649054,32.4837910,1021.74,-0.0811,0.1341,-1.1142,296.0,0.05,0.000,0.000,IDLE
2026-08-17T13:42:17.661770,37.8649054,32.4837912,1021.85,-0.0791,0.1439,-1.1131,296.0,0.01,0.000,0.000,IDLE
2026-08-17T13:42:18.661937,37.8649060,32.4837908,1021.95,-0.0799,0.1490,-1.1331,295.0,0.02,0.000,0.000,IDLE
2026-08-17T13:42:19.661653,37.8649064,32.4837906,1021.97,-0.0800,0.1411,-1.1673,293.0,0.02,0.000,0.000,IDLE
2026-08-17T13:42:20.661848,37.8649065,32.4837902,1021.97,-0.0796,0.1390,-1.2028,291.0,0.01,0.000,0.000,IDLE
2026-08-17T13:42:21.661740,37.8649061,32.4837909,1021.96,-0.0797,0.1394,-1.2200,290.0,0.04,0.000,0.000,IDLE
2026-08-17T13:42:22.661901,37.8649061,32.4837913,1021.94,-0.0786,0.1422,-1.2030,291.0,0.01,0.000,0.000,IDLE
2026-08-17T13:42:23.661738,37.8649053,32.4837923,1021.93,-0.0800,0.1478,-1.1892,291.0,0.02,0.000,0.000,IDLE
2026-08-17T13:42:24.662056,37.8649048,32.4837929,1021.97,-0.0789,0.1519,-1.1549,293.0,0.04,0.000,0.000,IDLE
2026-08-17T13:42:25.661759,37.8649050,32.4837924,1022.03,-0.0795,0.1484,-1.1484,294.0,0.08,0.000,0.000,IDLE
2026-08-17T13:42:26.661861,37.8649050,32.4837911,1022.08,-0.0790,0.1418,-1.1712,292.0,0.10,0.000,0.000,IDLE
2026-08-17T13:42:27.661533,37.8649048,32.4837908,1022.13,-0.0819,0.1403,-1.1733,292.0,0.05,0.000,0.000,IDLE
2026-08-17T13:42:28.661705,37.8649044,32.4837909,1022.15,-0.0810,0.1529,-1.1140,296.0,0.02,0.000,0.000,IDLE
2026-08-17T13:42:29.661777,37.8649049,32.4837899,1022.07,-0.0804,0.1498,-1.0726,298.0,0.05,0.000,0.000,IDLE
2026-08-17T13:42:30.661706,37.8649054,32.4837886,1021.93,-0.0815,0.1408,-1.0500,299.0,0.01,0.000,0.000,IDLE
2026-08-17T13:42:31.663939,37.8649057,32.4837880,1021.78,-0.0795,0.1379,-1.0626,299.0,0.01,0.000,0.000,IDLE
2026-08-17T13:42:32.661868,37.8649058,32.4837873,1021.62,-0.0811,0.1428,-1.0647,299.0,0.03,0.000,0.000,IDLE
2026-08-17T13:42:33.662047,37.8649054,32.4837878,1021.52,-0.0814,0.1475,-1.0647,299.0,0.08,0.000,0.000,IDLE
2026-08-17T13:42:34.661847,37.8649053,32.4837894,1021.40,-0.0808,0.1473,-1.0424,300.0,0.12,0.000,0.000,IDLE
2026-08-17T13:42:35.661731,37.8649048,32.4837908,1021.35,-0.0802,0.1458,-1.0385,300.0,0.11,0.000,0.000,IDLE
2026-08-17T13:42:36.661768,37.8649047,32.4837910,1021.32,-0.0804,0.1465,-1.0558,299.0,0.06,0.000,0.000,IDLE
2026-08-17T13:42:37.661734,37.8649052,32.4837908,1021.49,-0.0794,0.1476,-1.0487,299.0,0.05,0.000,0.000,IDLE
2026-08-17T13:42:38.661743,37.8649059,32.4837902,1021.67,-0.0804,0.1400,-1.0335,300.0,0.09,0.000,0.000,IDLE
2026-08-17T13:42:39.662319,37.8649065,32.4837903,1021.78,-0.0788,0.1454,-1.0448,300.0,0.05,0.000,0.000,IDLE
2026-08-17T13:42:40.663743,37.8649065,32.4837906,1021.73,-0.0780,0.1433,-1.1350,294.0,0.03,0.000,0.000,IDLE
2026-08-17T13:42:41.661846,37.8649065,32.4837906,1021.71,-0.0789,0.1463,-1.2766,286.0,0.02,0.000,0.000,IDLE
2026-08-17T13:42:42.662010,37.8649073,32.4837904,1021.79,-0.0774,0.1394,-1.2916,286.0,0.12,0.000,0.000,IDLE
2026-08-17T13:42:43.663758,37.8649079,32.4837913,1021.86,-0.0791,0.1414,-1.1942,291.0,0.12,0.000,0.000,IDLE
2026-08-17T13:42:44.661871,37.8649074,32.4837924,1021.85,-0.0810,0.1521,-1.2068,290.0,0.02,0.000,0.000,IDLE
2026-08-17T13:42:45.662014,37.8649072,32.4837925,1021.87,-0.0803,0.1517,-1.3244,284.0,0.03,0.000,0.000,IDLE
2026-08-17T13:42:46.661761,37.8649070,32.4837926,1021.88,-0.0802,0.1413,-1.3790,280.0,0.02,0.000,0.000,IDLE
2026-08-17T13:42:47.662558,37.8649073,32.4837927,1021.82,-0.0816,0.1492,-1.3199,284.0,0.05,0.000,0.000,IDLE
2026-08-17T13:42:48.661802,37.8649075,32.4837923,1021.76,-0.0799,0.1521,-1.2670,287.0,0.07,0.000,0.000,IDLE
2026-08-17T13:42:49.663649,37.8649078,32.4837910,1021.70,-0.0781,0.1422,-1.2450,288.0,0.06,0.000,0.000,IDLE
2026-08-17T13:42:50.663911,37.8649079,32.4837901,1021.68,-0.0778,0.1524,-1.2908,286.0,0.04,0.000,0.000,IDLE
2026-08-17T13:42:51.666596,37.8649079,32.4837906,1021.79,-0.0770,0.1470,-1.3202,284.0,0.03,0.000,0.000,IDLE
2026-08-17T13:42:52.663550,37.8649080,32.4837912,1021.78,-0.0769,0.1435,-1.2956,285.0,0.06,0.000,0.000,IDLE
2026-08-17T13:42:53.661767,37.8649077,32.4837917,1021.76,-0.0751,0.1529,-1.2448,288.0,0.06,0.000,0.000,IDLE
2026-08-17T13:42:54.661824,37.8649077,32.4837920,1021.76,-0.0749,0.1439,-1.2397,288.0,0.02,0.000,0.000,IDLE
2026-08-17T13:42:55.661862,37.8649072,32.4837936,1021.66,-0.0760,0.1498,-1.2534,288.0,0.02,0.000,0.000,IDLE
2026-08-17T13:42:56.661790,37.8649075,32.4837936,1021.63,-0.0797,0.1451,-1.2571,287.0,0.07,0.000,0.000,IDLE
2026-08-17T13:42:57.661826,37.8649075,32.4837939,1021.65,-0.0846,0.1550,-1.2515,288.0,0.08,0.000,0.000,IDLE
2026-08-17T13:42:58.661847,37.8649078,32.4837939,1021.70,-0.0820,0.1509,-1.2552,288.0,0.10,0.000,0.000,IDLE
2026-08-17T13:42:59.661747,37.8649084,32.4837924,1021.72,-0.0809,0.1441,-1.2693,287.0,0.13,0.000,0.000,IDLE
2026-08-17T13:43:00.662234,37.8649087,32.4837923,1021.71,-0.0825,0.1503,-1.2402,288.0,0.08,0.000,0.000,IDLE
2026-08-17T13:43:01.661757,37.8649083,32.4837924,1021.69,-0.0783,0.1509,-1.1867,292.0,0.04,0.000,0.000,IDLE
2026-08-17T13:43:02.662041,37.8649088,32.4837921,1021.59,-0.0748,0.1526,-1.1215,295.0,0.05,0.000,0.000,IDLE
2026-08-17T13:43:03.661719,37.8649090,32.4837919,1021.51,-0.0765,0.1448,-1.0298,301.0,0.06,0.000,0.000,IDLE
2026-08-17T13:43:04.662040,37.8649090,32.4837923,1021.52,-0.0826,0.1442,-0.9204,307.0,0.05,0.000,0.000,IDLE
2026-08-17T13:43:05.662043,37.8649093,32.4837921,1021.57,-0.0948,0.1438,-0.8245,312.0,0.03,0.000,0.000,IDLE
2026-08-17T13:43:06.661767,37.8649095,32.4837919,1021.62,-0.0943,0.1464,-0.7406,317.0,0.02,0.000,0.000,IDLE
2026-08-17T13:43:07.661827,37.8649097,32.4837921,1021.59,-0.0901,0.1458,-0.6698,321.0,0.03,0.000,0.000,IDLE
2026-08-17T13:43:08.661774,37.8649104,32.4837914,1021.58,-0.0808,0.1643,-0.5931,326.0,0.06,0.000,0.000,IDLE
2026-08-17T13:43:09.661813,37.8649112,32.4837914,1021.58,-0.0923,0.1732,-0.4650,333.0,0.11,0.000,0.000,IDLE
2026-08-17T13:43:10.662172,37.8649115,32.4837915,1021.63,-0.0784,0.1531,-0.3038,342.0,0.07,0.000,0.000,IDLE
2026-08-17T13:43:11.662012,37.8649105,32.4837927,1021.62,-0.0825,0.1294,-0.0899,354.0,0.11,0.000,0.000,IDLE
2026-08-17T13:43:12.661729,37.8649106,32.4837940,1021.66,-0.0796,0.1573,0.1765,10.0,0.16,0.000,0.000,IDLE
2026-08-17T13:43:13.661771,37.8649098,32.4837954,1021.75,-0.0819,0.1646,0.4336,24.0,0.16,0.000,0.000,IDLE
2026-08-17T13:43:14.661717,37.8649079,32.4837954,1021.75,-0.0826,0.1687,0.7047,40.0,0.22,0.000,0.000,IDLE
2026-08-17T13:43:15.661742,37.8649065,32.4837949,1021.73,-0.0779,0.1391,0.9835,56.0,0.16,0.000,0.000,IDLE
2026-08-17T13:43:16.661751,37.8649065,32.4837938,1021.71,-0.0675,0.1529,1.1389,65.0,0.06,0.000,0.000,IDLE
2026-08-17T13:43:17.661742,37.8649065,32.4837939,1021.68,-0.0687,0.2306,1.1843,67.0,0.02,0.000,0.000,IDLE
2026-08-17T13:43:18.661811,37.8649062,32.4837946,1021.66,-0.0844,0.2018,1.1815,67.0,0.03,0.000,0.000,IDLE
2026-08-17T13:43:19.662083,37.8649057,32.4837940,1021.65,-0.0826,0.2092,1.2259,70.0,0.07,0.000,0.000,IDLE
2026-08-17T13:43:20.662250,37.8649061,32.4837942,1021.58,-0.0799,0.2197,1.2574,72.0,0.09,0.000,0.000,IDLE
2026-08-17T13:43:21.661752,37.8649067,32.4837948,1021.62,-0.0768,0.1051,1.2277,70.0,0.09,0.000,0.000,IDLE
2026-08-17T13:43:22.661885,37.8649065,32.4837939,1021.65,-0.0789,0.1419,1.1881,68.0,0.03,0.000,0.000,IDLE
2026-08-17T13:43:23.661706,37.8649064,32.4837939,1021.67,-0.0785,0.1412,1.1629,66.0,0.04,0.000,0.000,IDLE
2026-08-17T13:43:24.661757,37.8649066,32.4837949,1021.72,-0.0816,0.1548,1.1372,65.0,0.08,0.000,0.000,IDLE
2026-08-17T13:43:25.671590,37.8649062,32.4837950,1021.71,-0.0789,0.1532,1.1085,63.0,0.06,0.000,0.000,IDLE
2026-08-17T13:43:26.661813,37.8649061,32.4837952,1021.64,-0.0802,0.1603,1.0761,61.0,0.03,0.000,0.000,IDLE
2026-08-17T13:43:27.661717,37.8649058,32.4837955,1021.65,-0.0818,0.1517,1.0355,59.0,0.01,0.000,0.000,IDLE
2026-08-17T13:43:28.664627,37.8649052,32.4837960,1021.70,-0.0824,0.1466,0.9852,56.0,0.02,0.000,0.000,IDLE
2026-08-17T13:43:29.661941,37.8649047,32.4837966,1021.76,-0.0779,0.1396,0.9235,52.0,0.05,0.000,0.000,IDLE
2026-08-17T13:43:30.661902,37.8649042,32.4837960,1021.75,-0.0815,0.1420,0.8576,49.0,0.05,0.000,0.000,IDLE
2026-08-17T13:43:31.661727,37.8649024,32.4837964,1021.73,-0.0891,0.1741,0.9127,52.0,0.19,0.000,0.000,IDLE
2026-08-17T13:43:32.661754,37.8649011,32.4837958,1021.68,-0.0837,0.1649,1.2236,70.0,0.18,0.000,0.000,IDLE
2026-08-17T13:43:33.661923,37.8649015,32.4837955,1021.67,-0.0770,0.1665,1.3520,77.0,0.05,0.000,0.000,IDLE
2026-08-17T13:43:34.662055,37.8649014,32.4837955,1021.70,-0.0868,0.1817,1.3690,78.0,0.04,0.000,0.000,IDLE
2026-08-17T13:43:35.661753,37.8648999,32.4837961,1021.72,-0.0803,0.1594,1.5142,86.0,0.08,0.000,0.000,IDLE
2026-08-17T13:43:36.661767,37.8648992,32.4837959,1021.75,-0.0915,0.1657,1.6300,93.0,0.08,0.000,0.000,IDLE
2026-08-17T13:43:37.661846,37.8648981,32.4837968,1021.76,-0.1037,0.1826,1.6800,96.0,0.16,0.000,0.000,IDLE
2026-08-17T13:43:38.661755,37.8648975,32.4837962,1021.68,-0.0923,0.2107,1.7773,101.0,0.14,0.000,0.000,IDLE
2026-08-17T13:43:39.661775,37.8648971,32.4837963,1021.61,-0.0492,0.1842,1.8072,103.0,0.05,0.000,0.000,IDLE
2026-08-17T13:43:40.662024,37.8648975,32.4837973,1021.64,-0.0753,0.1637,1.5703,89.0,0.06,0.000,0.000,IDLE
2026-08-17T13:43:41.661761,37.8648975,32.4837967,1021.64,-0.0569,0.1513,1.6108,92.0,0.06,0.000,0.000,IDLE
2026-08-17T13:43:42.661768,37.8648974,32.4837964,1021.60,-0.0528,0.1693,1.6589,95.0,0.02,0.000,0.000,IDLE
2026-08-17T13:43:43.662014,37.8648971,32.4837958,1021.60,-0.0822,0.1693,1.5275,87.0,0.06,0.000,0.000,IDLE
2026-08-17T13:43:44.661769,37.8648963,32.4837954,1021.60,-0.0710,0.1616,1.4808,84.0,0.06,0.000,0.000,IDLE
2026-08-17T13:43:45.661692,37.8648966,32.4837951,1021.60,-0.0771,0.1684,1.5055,86.0,0.06,0.000,0.000,IDLE
2026-08-17T13:43:46.661814,37.8648970,32.4837955,1021.57,-0.0776,0.1487,1.5095,86.0,0.05,0.000,0.000,IDLE
2026-08-17T13:43:47.662023,37.8648966,32.4837966,1021.56,-0.0788,0.1378,1.5138,86.0,0.05,0.000,0.000,IDLE
2026-08-17T13:43:48.661717,37.8648962,32.4837975,1021.60,-0.0799,0.1322,1.5182,86.0,0.06,0.000,0.000,IDLE
2026-08-17T13:43:49.661747,37.8648961,32.4837982,1021.61,-0.0796,0.1311,1.5188,87.0,0.06,0.000,0.000,IDLE
2026-08-17T13:43:50.661750,37.8648971,32.4837980,1021.59,-0.0819,0.1373,1.5167,86.0,0.06,0.000,0.000,IDLE
2026-08-17T13:43:51.661817,37.8648973,32.4837990,1021.60,-0.0803,0.1432,1.5145,86.0,0.07,0.000,0.000,IDLE
2026-08-17T13:43:52.661730,37.8648974,32.4837997,1021.59,-0.0834,0.1462,1.5093,86.0,0.08,0.000,0.000,IDLE
2026-08-17T13:43:53.661732,37.8648977,32.4838006,1021.60,-0.0810,0.1470,1.5055,86.0,0.09,0.000,0.000,IDLE
2026-08-17T13:43:54.661709,37.8648981,32.4838002,1021.62,-0.0818,0.1453,1.4983,85.0,0.08,0.000,0.000,IDLE
2026-08-17T13:43:55.662172,37.8648981,32.4837998,1021.61,-0.0803,0.1420,1.4916,85.0,0.06,0.000,0.000,IDLE
2026-08-17T13:43:56.661722,37.8648978,32.4837996,1021.59,-0.0806,0.1431,1.4848,85.0,0.04,0.000,0.000,IDLE
2026-08-17T13:43:57.661792,37.8648979,32.4837991,1021.60,-0.0785,0.1372,1.4789,84.0,0.03,0.000,0.000,IDLE
2026-08-17T13:43:58.661876,37.8648981,32.4837997,1021.58,-0.0804,0.1345,1.4726,84.0,0.05,0.000,0.000,IDLE
2026-08-17T13:43:59.661730,37.8648984,32.4837994,1021.57,-0.0817,0.1374,1.4640,83.0,0.04,0.000,0.000,IDLE
2026-08-17T13:44:00.662007,37.8648988,32.4837986,1021.54,-0.0811,0.1406,1.4539,83.0,0.05,0.000,0.000,IDLE
2026-08-17T13:44:01.663649,37.8648985,32.4837984,1021.53,-0.0803,0.1442,1.4384,82.0,0.03,0.000,0.000,IDLE
2026-08-17T13:44:02.661756,37.8648982,32.4837991,1021.49,-0.0795,0.1447,1.4261,81.0,0.03,0.000,0.000,IDLE
2026-08-17T13:44:03.661931,37.8648979,32.4837990,1021.47,-0.0797,0.1428,1.4145,81.0,0.03,0.000,0.000,IDLE
2026-08-17T13:44:04.661831,37.8648974,32.4837981,1021.48,-0.0767,0.1389,1.4040,80.0,0.04,0.000,0.000,IDLE
2026-08-17T13:44:05.661739,37.8648970,32.4837976,1021.46,-0.0756,0.1415,1.3930,79.0,0.05,0.000,0.000,IDLE
2026-08-17T13:44:06.661742,37.8648965,32.4837983,1021.46,-0.0780,0.1460,1.3794,79.0,0.07,0.000,0.000,IDLE
2026-08-17T13:44:07.661701,37.8648964,32.4837981,1021.51,-0.0784,0.1467,1.3549,77.0,0.07,0.000,0.000,IDLE
2026-08-17T13:44:08.661881,37.8648966,32.4837972,1021.52,-0.0786,0.1460,1.3149,75.0,0.06,0.000,0.000,IDLE
2026-08-17T13:44:09.661809,37.8648958,32.4837972,1021.54,-0.0792,0.1406,1.2692,72.0,0.07,0.000,0.000,IDLE
2026-08-17T13:44:10.661740,37.8648954,32.4837974,1021.56,-0.0792,0.1386,1.2215,69.0,0.08,0.000,0.000,IDLE
2026-08-17T13:44:11.661523,37.8648952,32.4837979,1021.57,-0.0770,0.1372,1.1724,67.0,0.08,0.000,0.000,IDLE
2026-08-17T13:44:12.661966,37.8648956,32.4837985,1021.56,-0.0755,0.1379,1.1191,64.0,0.06,0.000,0.000,IDLE
2026-08-17T13:44:13.661748,37.8648953,32.4837985,1021.59,-0.0774,0.1421,1.0631,60.0,0.05,0.000,0.000,IDLE
2026-08-17T13:44:14.661901,37.8648952,32.4837985,1021.60,-0.0753,0.1413,1.0083,57.0,0.04,0.000,0.000,IDLE
2026-08-17T13:44:15.661715,37.8648952,32.4837992,1021.60,-0.0811,0.1418,0.9579,54.0,0.05,0.000,0.000,IDLE
2026-08-17T13:44:16.661879,37.8648953,32.4838002,1021.61,-0.0836,0.1425,0.9103,52.0,0.08,0.000,0.000,IDLE
2026-08-17T13:44:17.662378,37.8648949,32.4838000,1021.62,-0.0863,0.1415,0.8647,49.0,0.05,0.000,0.000,IDLE
2026-08-17T13:44:18.661786,37.8648940,32.4838003,1021.68,-0.0932,0.1384,0.8195,46.0,0.05,0.000,0.000,IDLE
2026-08-17T13:44:19.663646,37.8648932,32.4838004,1021.70,-0.0915,0.1437,0.7747,44.0,0.08,0.000,0.000,IDLE
2026-08-17T13:44:20.661701,37.8648929,32.4838005,1021.71,-0.0837,0.1490,0.7331,42.0,0.08,0.000,0.000,IDLE
2026-08-17T13:44:21.662156,37.8648940,32.4838032,1021.67,-0.0906,0.1529,0.8759,50.0,0.42,0.000,0.000,IDLE
2026-08-17T13:44:22.661833,37.8648950,32.4838069,1021.61,-0.0853,0.1365,1.0714,61.0,0.48,0.000,0.000,IDLE
2026-08-17T13:44:23.661799,37.8648967,32.4838115,1021.56,-0.0827,0.1343,1.2221,70.0,0.39,0.000,0.000,IDLE
2026-08-17T13:44:24.661801,37.8648977,32.4838152,1021.54,-0.0783,0.1334,1.2739,72.0,0.33,0.000,0.000,IDLE
2026-08-17T13:44:25.661974,37.8648985,32.4838184,1021.52,-0.0801,0.1472,1.2913,73.0,0.28,0.000,0.000,IDLE
2026-08-17T13:44:26.661659,37.8648998,32.4838223,1021.53,-0.0784,0.1448,1.3221,75.0,0.31,0.000,0.000,IDLE
2026-08-17T13:44:27.661806,37.8649001,32.4838267,1021.59,-0.0847,0.1660,1.3638,78.0,0.45,0.000,0.000,IDLE
2026-08-17T13:44:28.663715,37.8649007,32.4838335,1021.63,-0.0785,0.1632,1.4000,80.0,0.59,0.000,0.000,IDLE
2026-08-17T13:44:29.661741,37.8649008,32.4838405,1021.63,-0.0771,0.1719,1.4192,81.0,0.61,0.000,0.000,IDLE
2026-08-17T13:44:30.661704,37.8649010,32.4838474,1021.61,-0.0710,0.1929,1.3748,78.0,0.58,0.000,0.000,IDLE
2026-08-17T13:44:31.661832,37.8649009,32.4838521,1021.61,-0.0687,0.1637,1.3264,75.0,0.45,0.000,0.000,IDLE
2026-08-17T13:44:32.663677,37.8649017,32.4838560,1021.66,-0.0689,0.1631,1.2599,72.0,0.32,0.000,0.000,IDLE
2026-08-17T13:44:33.661807,37.8649022,32.4838600,1021.70,-0.0814,0.1507,1.1574,66.0,0.33,0.000,0.000,IDLE
2026-08-17T13:44:34.662167,37.8649029,32.4838647,1021.76,-0.0787,0.2513,1.1845,67.0,0.45,0.000,0.000,IDLE
2026-08-17T13:44:35.661725,37.8649031,32.4838697,1021.75,-0.0728,0.1955,1.2363,70.0,0.55,0.000,0.000,IDLE
2026-08-17T13:44:36.662018,37.8649036,32.4838754,1021.78,-0.0717,0.1804,1.3504,77.0,0.54,0.000,0.000,IDLE
2026-08-17T13:44:37.661914,37.8649039,32.4838797,1021.78,-0.0842,0.1811,1.3498,77.0,0.42,0.000,0.000,IDLE
2026-08-17T13:44:38.661861,37.8649045,32.4838845,1021.75,-0.0806,0.1812,1.3908,79.0,0.51,0.000,0.000,IDLE
2026-08-17T13:44:39.662475,37.8649047,32.4838899,1021.66,-0.0770,0.1742,1.4857,85.0,0.56,0.000,0.000,IDLE
2026-08-17T13:44:40.661704,37.8649047,32.4838962,1021.60,-0.0773,0.1366,1.5537,89.0,0.56,0.000,0.000,IDLE
2026-08-17T13:44:41.661726,37.8649047,32.4839023,1021.55,-0.0764,0.1307,1.5561,89.0,0.53,0.000,0.000,IDLE
2026-08-17T13:44:42.661854,37.8649049,32.4839067,1021.53,-0.0749,0.1305,1.5650,89.0,0.46,0.000,0.000,IDLE
2026-08-17T13:44:43.661824,37.8649047,32.4839099,1021.61,-0.0781,0.1431,1.5840,90.0,0.37,0.000,0.000,IDLE
2026-08-17T13:44:44.661716,37.8649048,32.4839131,1021.63,-0.0794,0.1530,1.6071,92.0,0.31,0.000,0.000,IDLE
2026-08-17T13:44:45.661750,37.8649041,32.4839161,1021.62,-0.0792,0.1510,1.6294,93.0,0.31,0.000,0.000,IDLE
2026-08-17T13:44:46.665168,37.8649043,32.4839206,1021.66,-0.0771,0.1312,1.6126,92.0,0.41,0.000,0.000,IDLE
2026-08-17T13:44:47.662025,37.8649042,32.4839255,1021.68,-0.0778,0.1382,1.6118,92.0,0.38,0.000,0.000,IDLE
2026-08-17T13:44:48.661760,37.8649032,32.4839296,1021.69,-0.0808,0.1375,1.6184,92.0,0.36,0.000,0.000,IDLE
2026-08-17T13:44:49.661911,37.8649029,32.4839332,1021.65,-0.0725,0.1351,1.6311,93.0,0.36,0.000,0.000,IDLE
2026-08-17T13:44:50.661850,37.8649028,32.4839366,1021.63,-0.0787,0.1235,1.6772,96.0,0.34,0.000,0.000,IDLE
2026-08-17T13:44:51.661859,37.8649030,32.4839392,1021.61,-0.0732,0.1509,1.6999,97.0,0.32,0.000,0.000,IDLE
2026-08-17T13:44:52.661814,37.8649027,32.4839433,1021.58,-0.0797,0.1380,1.6379,93.0,0.33,0.000,0.000,IDLE
2026-08-17T13:44:53.662125,37.8649030,32.4839460,1021.62,-0.0796,0.1469,1.6035,91.0,0.26,0.000,0.000,IDLE
2026-08-17T13:44:54.662047,37.8649030,32.4839476,1021.65,-0.0848,0.1482,1.4967,85.0,0.05,0.000,0.000,IDLE
2026-08-17T13:44:55.662028,37.8649029,32.4839479,1021.67,-0.0838,0.1505,1.3575,77.0,0.03,0.000,0.000,IDLE
2026-08-17T13:44:56.661721,37.8649029,32.4839476,1021.67,-0.0796,0.1488,1.2384,70.0,0.02,0.000,0.000,IDLE
2026-08-17T13:44:57.661698,37.8649033,32.4839483,1021.63,-0.0780,0.1413,1.1588,66.0,0.04,0.000,0.000,IDLE
2026-08-17T13:44:58.661745,37.8649035,32.4839481,1021.61,-0.0877,0.1372,1.0929,62.0,0.06,0.000,0.000,IDLE
2026-08-17T13:44:59.661941,37.8649045,32.4839484,1021.58,-0.0829,0.1333,1.0491,60.0,0.11,0.000,0.000,IDLE
2026-08-17T13:45:00.661734,37.8649050,32.4839493,1021.53,-0.0790,0.1431,1.0575,60.0,0.13,0.000,0.000,IDLE
2026-08-17T13:45:01.661841,37.8649062,32.4839495,1021.52,-0.0833,0.1529,1.0533,60.0,0.14,0.000,0.000,IDLE
2026-08-17T13:45:02.661780,37.8649066,32.4839497,1021.51,-0.0793,0.1295,0.9934,56.0,0.13,0.000,0.000,IDLE
2026-08-17T13:45:03.661722,37.8649072,32.4839498,1021.50,-0.0874,0.1347,0.9003,51.0,0.21,0.000,0.000,IDLE
2026-08-17T13:45:04.661819,37.8649070,32.4839496,1021.53,-0.0886,0.1448,0.8087,46.0,0.08,0.000,0.000,IDLE
2026-08-17T13:45:05.661779,37.8649063,32.4839503,1021.63,-0.0806,0.1433,0.7390,42.0,0.05,0.000,0.000,IDLE
2026-08-17T13:45:06.661753,37.8649049,32.4839513,1021.69,-0.0794,0.1456,0.6625,37.0,0.07,0.000,0.000,IDLE
2026-08-17T13:45:07.662164,37.8649038,32.4839532,1021.64,-0.0766,0.1534,0.5929,33.0,0.13,0.000,0.000,IDLE
2026-08-17T13:45:08.661824,37.8649024,32.4839551,1021.61,-0.0728,0.1442,0.5378,30.0,0.17,0.000,0.000,IDLE
2026-08-17T13:45:09.661771,37.8649028,32.4839558,1021.63,-0.0780,0.1346,0.4958,28.0,0.13,0.000,0.000,IDLE
2026-08-17T13:45:10.661983,37.8649024,32.4839564,1021.60,-0.0781,0.1362,0.4729,27.0,0.12,0.000,0.000,IDLE
2026-08-17T13:45:11.661828,37.8649022,32.4839562,1021.56,-0.0812,0.1394,0.4672,26.0,0.08,0.000,0.000,IDLE
2026-08-17T13:45:12.661800,37.8649022,32.4839572,1021.52,-0.0786,0.1422,0.4668,26.0,0.09,0.000,0.000,IDLE
2026-08-17T13:45:13.663661,37.8649021,32.4839578,1021.53,-0.0780,0.1459,0.4628,26.0,0.07,0.000,0.000,IDLE
2026-08-17T13:45:14.661775,37.8649025,32.4839581,1021.56,-0.0790,0.1420,0.4560,26.0,0.05,0.000,0.000,IDLE
2026-08-17T13:45:15.661764,37.8649019,32.4839591,1021.59,-0.0776,0.1415,0.4504,25.0,0.07,0.000,0.000,IDLE
2026-08-17T13:45:16.661721,37.8649030,32.4839604,1021.64,-0.0771,0.1403,0.4432,25.0,0.11,0.000,0.000,IDLE
2026-08-17T13:45:17.661912,37.8649020,32.4839605,1021.71,-0.0856,0.1580,0.4347,24.0,0.01,0.000,0.000,IDLE
2026-08-17T13:45:18.661713,37.8649023,32.4839602,1021.73,-0.0906,0.1451,0.4211,24.0,0.04,0.000,0.000,IDLE
2026-08-17T13:45:19.661845,37.8649019,32.4839598,1021.71,-0.0888,0.1414,0.3666,21.0,0.07,0.000,0.000,IDLE
2026-08-17T13:45:20.661785,37.8649024,32.4839606,1021.68,-0.0771,0.1387,0.4765,27.0,0.08,0.000,0.000,IDLE
2026-08-17T13:45:21.661704,37.8649018,32.4839591,1021.70,-0.0842,0.1482,0.4889,28.0,0.08,0.000,0.000,IDLE
2026-08-17T13:45:22.662086,37.8649006,32.4839574,1021.71,-0.0830,0.1432,0.4411,25.0,0.05,0.000,0.000,IDLE
2026-08-17T13:45:23.661850,37.8648998,32.4839564,1021.68,-0.0802,0.1521,0.4722,27.0,0.08,0.000,0.000,IDLE
2026-08-17T13:45:24.661840,37.8649001,32.4839558,1021.66,-0.0839,0.1523,0.4899,28.0,0.09,0.000,0.000,IDLE
2026-08-17T13:45:25.661906,37.8649001,32.4839552,1021.62,-0.0861,0.1523,0.5072,29.0,0.10,0.000,0.000,IDLE
2026-08-17T13:45:26.661736,37.8649010,32.4839549,1021.57,-0.0856,0.1483,0.5224,29.0,0.08,0.000,0.000,IDLE
2026-08-17T13:45:27.661784,37.8649011,32.4839546,1021.52,-0.0847,0.1463,0.5286,30.0,0.08,0.000,0.000,IDLE
2026-08-17T13:45:28.661726,37.8649009,32.4839546,1021.51,-0.0841,0.1447,0.5185,29.0,0.07,0.000,0.000,IDLE
2026-08-17T13:45:29.661743,37.8649009,32.4839551,1021.56,-0.0815,0.1443,0.4856,27.0,0.05,0.000,0.000,IDLE
2026-08-17T13:45:30.661769,37.8649009,32.4839547,1021.59,-0.0799,0.1456,0.4116,23.0,0.03,0.000,0.000,IDLE
2026-08-17T13:45:31.663672,37.8649009,32.4839535,1021.59,-0.0810,0.1443,0.3193,18.0,0.05,0.000,0.000,IDLE
2026-08-17T13:45:32.661845,37.8649008,32.4839536,1021.66,-0.0817,0.1428,0.2411,13.0,0.03,0.000,0.000,IDLE
2026-08-17T13:45:33.661840,37.8648991,32.4839529,1021.68,-0.0805,0.1379,0.1775,10.0,0.08,0.000,0.000,IDLE
2026-08-17T13:45:34.662317,37.8648992,32.4839534,1021.66,-0.0771,0.1408,0.1174,6.0,0.06,0.000,0.000,IDLE
2026-08-17T13:45:35.661876,37.8648995,32.4839539,1021.60,-0.0770,0.1419,0.0552,3.0,0.05,0.000,0.000,IDLE
2026-08-17T13:45:36.661832,37.8648997,32.4839546,1021.55,-0.0794,0.1422,-0.0061,359.0,0.03,0.000,0.000,IDLE
2026-08-17T13:45:37.661834,37.8648991,32.4839558,1021.56,-0.0817,0.1457,-0.0682,356.0,0.07,0.000,0.000,IDLE
2026-08-17T13:45:38.661892,37.8648980,32.4839561,1021.58,-0.0809,0.1443,-0.1410,351.0,0.08,0.000,0.000,IDLE
2026-08-17T13:45:39.661724,37.8648985,32.4839569,1021.60,-0.0796,0.1411,-0.1992,348.0,0.06,0.000,0.000,IDLE
2026-08-17T13:45:40.661877,37.8648987,32.4839565,1021.64,-0.0751,0.1457,-0.2209,347.0,0.02,0.000,0.000,IDLE
2026-08-17T13:45:41.661734,37.8648986,32.4839555,1021.63,-0.0789,0.1434,-0.2144,347.0,0.02,0.000,0.000,IDLE
2026-08-17T13:45:42.661702,37.8648987,32.4839551,1021.57,-0.0809,0.1462,-0.2072,348.0,0.02,0.000,0.000,IDLE
2026-08-17T13:45:43.661961,37.8648982,32.4839534,1021.51,-0.1107,0.1376,-0.2005,348.0,0.07,0.000,0.000,IDLE
2026-08-17T13:45:44.661734,37.8648982,32.4839529,1021.43,-0.0960,0.1123,-0.1418,351.0,0.04,0.000,0.000,IDLE
2026-08-17T13:45:45.662186,37.8648978,32.4839518,1021.37,-0.0862,0.1098,-0.0880,354.0,0.05,0.000,0.000,IDLE
2026-08-17T13:45:46.661826,37.8648978,32.4839511,1021.39,-0.1514,0.0963,-0.0786,355.0,0.07,0.000,0.000,IDLE
2026-08-17T13:45:47.661761,37.8648986,32.4839507,1021.59,-0.1796,0.1189,-0.0663,356.0,0.14,0.000,0.000,IDLE
2026-08-17T13:45:48.661757,37.8648990,32.4839511,1021.66,-0.3865,0.0185,0.1738,9.0,0.15,0.000,0.000,IDLE
2026-08-17T13:45:49.663695,37.8648971,32.4839511,1021.64,-0.5579,0.0913,0.4172,23.0,0.14,0.000,0.000,IDLE
2026-08-17T13:45:50.661793,37.8648965,32.4839538,1021.50,-0.5628,0.0555,0.7241,41.0,0.12,0.000,0.000,IDLE
2026-08-17T13:45:51.661763,37.8648956,32.4839547,1021.43,-0.5027,0.1183,0.8635,49.0,0.35,0.000,0.000,IDLE
2026-08-17T13:45:52.661768,37.8648948,32.4839570,1021.36,-0.5083,0.1702,1.0587,60.0,0.16,0.000,0.000,IDLE
2026-08-17T13:45:53.662015,37.8648949,32.4839589,1021.26,-0.5360,0.1397,1.0785,61.0,0.40,0.000,0.000,IDLE
2026-08-17T13:45:54.661929,37.8648951,32.4839617,1021.28,-0.3330,0.3041,1.3261,75.0,0.37,0.000,0.000,IDLE
2026-08-17T13:45:55.661800,37.8648955,32.4839616,1021.36,-0.0783,0.3388,1.5050,86.0,0.34,0.000,0.000,IDLE
2026-08-17T13:45:56.661736,37.8648973,32.4839600,1021.50,-0.1597,0.2767,1.6481,94.0,0.35,0.000,0.000,IDLE
2026-08-17T13:45:57.661765,37.8648982,32.4839611,1021.70,-0.1279,0.3714,1.7607,100.0,0.42,0.000,0.000,IDLE
2026-08-17T13:45:58.662048,37.8648974,32.4839612,1021.67,-0.1007,0.4052,1.7791,101.0,0.29,0.000,0.000,IDLE
2026-08-17T13:45:59.661559,37.8648961,32.4839677,1021.57,-0.1493,0.4066,1.7259,98.0,0.39,0.000,0.000,IDLE
2026-08-17T13:46:00.661899,37.8648938,32.4839712,1021.57,-0.1350,0.3831,1.6884,96.0,0.44,0.000,0.000,IDLE
2026-08-17T13:46:01.662010,37.8648917,32.4839744,1021.55,-0.0880,0.3242,1.6200,92.0,0.51,0.000,0.000,IDLE
2026-08-17T13:46:02.661740,37.8648905,32.4839759,1021.60,-0.1255,0.3752,1.7475,100.0,0.43,0.000,0.000,IDLE
2026-08-17T13:46:03.662430,37.8648896,32.4839766,1021.82,-0.1435,0.3749,1.6648,95.0,0.38,0.000,0.000,IDLE
2026-08-17T13:46:04.661891,37.8648898,32.4839798,1021.87,-0.0707,0.3438,1.4723,84.0,0.55,0.000,0.000,IDLE
2026-08-17T13:46:05.661762,37.8648922,32.4839825,1021.81,-0.1818,0.3712,1.6300,93.0,0.62,0.000,0.000,IDLE
2026-08-17T13:46:06.661837,37.8648954,32.4839832,1021.78,-0.0613,0.4104,1.4506,83.0,0.31,0.000,0.000,IDLE
2026-08-17T13:46:07.661815,37.8648970,32.4839838,1021.75,-0.0729,0.3835,1.2223,70.0,0.34,0.000,0.000,IDLE
2026-08-17T13:46:08.661927,37.8648988,32.4839822,1021.69,-0.0641,0.2707,1.1879,68.0,0.38,0.000,0.000,IDLE
2026-08-17T13:46:09.661729,37.8649016,32.4839804,1021.61,-0.0949,0.2449,1.2408,71.0,0.30,0.000,0.000,IDLE
2026-08-17T13:46:10.661706,37.8649030,32.4839823,1021.47,-0.0957,0.3385,1.2404,71.0,0.24,0.000,0.000,IDLE
2026-08-17T13:46:11.661744,37.8649049,32.4839852,1021.20,-0.1407,0.2001,1.2964,74.0,0.20,0.000,0.000,IDLE
2026-08-17T13:46:12.661777,37.8649056,32.4839843,1021.23,-0.1057,0.0568,1.3306,76.0,0.16,0.000,0.000,IDLE
2026-08-17T13:46:13.661887,37.8649080,32.4839837,1021.37,-0.0987,0.0319,1.3928,79.0,0.24,0.000,0.000,IDLE
2026-08-17T13:46:14.661839,37.8649105,32.4839827,1021.51,-0.1064,0.0659,1.4066,80.0,0.28,0.000,0.000,IDLE
2026-08-17T13:46:15.661862,37.8649124,32.4839807,1021.56,-0.0983,0.0294,1.4139,81.0,0.31,0.000,0.000,IDLE
2026-08-17T13:46:16.663710,37.8649135,32.4839779,1021.57,-0.0984,0.0306,1.5847,90.0,0.35,0.000,0.000,IDLE
2026-08-17T13:46:17.661778,37.8649166,32.4839742,1021.62,-0.1021,0.0456,1.5987,91.0,0.44,0.000,0.000,IDLE
2026-08-17T13:46:18.661810,37.8649193,32.4839711,1021.60,-0.1030,0.0390,1.4921,85.0,0.26,0.000,0.000,IDLE
2026-08-17T13:46:19.661856,37.8649217,32.4839680,1021.50,-0.1097,0.0344,1.5036,86.0,0.47,0.000,0.000,IDLE
2026-08-17T13:46:20.661723,37.8649249,32.4839623,1021.41,-0.1086,0.0401,1.5385,88.0,0.63,0.000,0.000,IDLE
2026-08-17T13:46:21.663355,37.8649266,32.4839572,1021.37,-0.1012,0.0447,1.6164,92.0,0.66,0.000,0.000,IDLE
2026-08-17T13:46:22.661957,37.8649303,32.4839534,1021.29,-0.1018,0.0436,1.6292,93.0,0.68,0.000,0.000,IDLE
2026-08-17T13:46:23.661811,37.8649310,32.4839514,1021.25,-0.1020,0.0407,1.6414,94.0,0.60,0.000,0.000,IDLE
2026-08-17T13:46:24.668940,37.8649284,32.4839502,1021.24,-0.0990,0.0401,1.6530,94.0,0.45,0.000,0.000,IDLE
2026-08-17T13:46:25.662401,37.8649268,32.4839511,1021.28,-0.0978,0.0371,1.6647,95.0,0.30,0.000,0.000,IDLE
2026-08-17T13:46:26.661957,37.8649269,32.4839502,1021.35,-0.0980,0.0360,1.6776,96.0,0.24,0.000,0.000,IDLE
2026-08-17T13:46:27.661780,37.8649266,32.4839499,1021.42,-0.0980,0.0357,1.6901,96.0,0.17,0.000,0.000,IDLE
2026-08-17T13:46:28.661926,37.8649260,32.4839504,1021.47,-0.0978,0.0346,1.7023,97.0,0.09,0.000,0.000,IDLE
2026-08-17T13:46:29.665285,37.8649254,32.4839508,1021.46,-0.0979,0.0340,1.7142,98.0,0.02,0.000,0.000,IDLE
2026-08-17T13:46:30.661797,37.8649261,32.4839491,1021.51,-0.0986,0.0343,1.7270,98.0,0.05,0.000,0.000,IDLE
2026-08-17T13:46:31.663017,37.8649261,32.4839487,1021.51,-0.0986,0.0343,1.7388,99.0,0.02,0.000,0.000,IDLE
2026-08-17T13:46:32.661723,37.8649253,32.4839501,1021.48,-0.0987,0.0337,1.7497,100.0,0.07,0.000,0.000,IDLE
2026-08-17T13:46:33.661802,37.8649240,32.4839539,1021.48,-0.0990,0.0319,1.7610,100.0,0.18,0.000,0.000,IDLE
2026-08-17T13:46:34.661862,37.8649242,32.4839550,1021.47,-0.0993,0.0320,1.7717,101.0,0.20,0.000,0.000,IDLE
2026-08-17T13:46:35.662072,37.8649250,32.4839538,1021.45,-0.1002,0.0334,1.7818,102.0,0.17,0.000,0.000,IDLE
2026-08-17T13:46:36.661798,37.8649261,32.4839523,1021.48,-0.1005,0.0338,1.7915,102.0,0.14,0.000,0.000,IDLE
2026-08-17T13:46:37.661782,37.8649288,32.4839494,1021.50,-0.1014,0.0350,1.8010,103.0,0.15,0.000,0.000,IDLE
2026-08-17T13:46:38.661840,37.8649304,32.4839459,1021.44,-0.1015,0.0360,1.8097,103.0,0.17,0.000,0.000,IDLE
2026-08-17T13:46:39.661936,37.8649320,32.4839418,1021.46,-0.1015,0.0370,1.8188,104.0,0.20,0.000,0.000,IDLE
2026-08-17T13:46:40.661720,37.8649321,32.4839406,1021.47,-0.1011,0.0366,1.8278,104.0,0.17,0.000,0.000,IDLE
2026-08-17T13:46:41.661847,37.8649318,32.4839396,1021.46,-0.1009,0.0341,1.8360,105.0,0.15,0.000,0.000,IDLE
2026-08-17T13:46:42.661936,37.8649325,32.4839410,1021.53,-0.0993,0.0363,1.8445,105.0,0.16,0.000,0.000,IDLE
2026-08-17T13:46:43.661951,37.8649330,32.4839410,1021.61,-0.0990,0.0365,1.8536,106.0,0.16,0.000,0.000,IDLE
2026-08-17T13:46:44.661802,37.8649343,32.4839391,1021.63,-0.0991,0.0374,1.8613,106.0,0.19,0.000,0.000,IDLE
2026-08-17T13:46:45.662059,37.8649343,32.4839403,1021.59,-0.0985,0.0366,1.8685,107.0,0.17,0.000,0.000,IDLE
2026-08-17T13:46:46.661887,37.8649359,32.4839392,1021.59,-0.0995,0.0378,1.8752,107.0,0.20,0.000,0.000,IDLE
2026-08-17T13:46:47.662416,37.8649372,32.4839427,1021.58,-0.0991,0.0356,1.8825,107.0,0.23,0.000,0.000,IDLE
2026-08-17T13:46:48.662610,37.8649379,32.4839476,1021.57,-0.0991,0.0348,1.8891,108.0,0.28,0.000,0.000,IDLE
2026-08-17T13:46:49.662124,37.8649386,32.4839472,1021.57,-0.0988,0.0363,1.8946,108.0,0.25,0.000,0.000,IDLE
2026-08-17T13:46:50.662072,37.8649372,32.4839517,1021.60,-0.0979,0.0348,1.9006,108.0,0.24,0.000,0.000,IDLE
2026-08-17T13:46:51.662026,37.8649348,32.4839543,1021.63,-0.0980,0.0347,1.9070,109.0,0.22,0.000,0.000,IDLE
2026-08-17T13:46:52.661773,37.8649330,32.4839606,1021.66,-0.0976,0.0331,1.9125,109.0,0.31,0.000,0.000,IDLE
2026-08-17T13:46:53.661715,37.8649317,32.4839656,1021.70,-0.0978,0.0323,1.9176,109.0,0.35,0.000,0.000,IDLE
2026-08-17T13:46:54.661750,37.8649316,32.4839673,1021.78,-0.0973,0.0343,1.9231,110.0,0.30,0.000,0.000,IDLE
2026-08-17T13:46:55.661847,37.8649313,32.4839671,1021.81,-0.0963,0.0367,1.9282,110.0,0.20,0.000,0.000,IDLE
2026-08-17T13:46:56.661760,37.8649309,32.4839665,1021.86,-0.0961,0.0381,1.9327,110.0,0.10,0.000,0.000,IDLE
2026-08-17T13:46:57.661851,37.8649299,32.4839654,1021.84,-0.0949,0.0404,1.9361,110.0,0.02,0.000,0.000,IDLE
2026-08-17T13:46:58.661793,37.8649291,32.4839676,1021.73,-0.0955,0.0398,1.9394,111.0,0.03,0.000,0.000,IDLE
2026-08-17T13:46:59.661715,37.8649284,32.4839687,1021.69,-0.0954,0.0403,1.9426,111.0,0.02,0.000,0.000,IDLE
2026-08-17T13:47:00.661731,37.8649274,32.4839698,1021.60,-0.0955,0.0400,1.9469,111.0,0.04,0.000,0.000,IDLE
2026-08-17T13:47:01.661915,37.8649262,32.4839716,1021.53,-0.0956,0.0395,1.9502,111.0,0.05,0.000,0.000,IDLE
2026-08-17T13:47:02.661756,37.8649255,32.4839729,1021.58,-0.0953,0.0382,1.9527,111.0,0.05,0.000,0.000,IDLE
2026-08-17T13:47:03.661893,37.8649245,32.4839740,1021.60,-0.0956,0.0383,1.9559,112.0,0.06,0.000,0.000,IDLE
2026-08-17T13:47:04.663672,37.8649249,32.4839743,1021.55,-0.0963,0.0387,1.9589,112.0,0.01,0.000,0.000,IDLE
2026-08-17T13:47:05.661785,37.8649247,32.4839753,1021.50,-0.0972,0.0394,1.9620,112.0,0.02,0.000,0.000,IDLE
2026-08-17T13:47:06.661749,37.8649242,32.4839762,1021.53,-0.0970,0.0390,1.9640,112.0,0.02,0.000,0.000,IDLE
2026-08-17T13:47:07.661887,37.8649237,32.4839766,1021.50,-0.0965,0.0388,1.9666,112.0,0.01,0.000,0.000,IDLE
2026-08-17T13:47:08.661741,37.8649233,32.4839772,1021.57,-0.0968,0.0386,1.9694,112.0,0.02,0.000,0.000,IDLE
2026-08-17T13:47:09.662217,37.8649230,32.4839781,1021.61,-0.0973,0.0385,1.9714,112.0,0.03,0.000,0.000,IDLE
2026-08-17T13:47:10.661744,37.8649227,32.4839776,1021.64,-0.0983,0.0386,1.9739,113.0,0.03,0.000,0.000,IDLE
2026-08-17T13:47:11.661706,37.8649242,32.4839763,1021.67,-0.0989,0.0392,1.9776,113.0,0.12,0.000,0.000,IDLE
2026-08-17T13:47:12.661977,37.8649269,32.4839697,1021.67,-0.0992,0.0420,1.9822,113.0,0.28,0.000,0.000,IDLE
2026-08-17T13:47:13.661728,37.8649313,32.4839643,1021.65,-0.1000,0.0432,1.9868,113.0,0.43,0.000,0.000,IDLE
2026-08-17T13:47:14.661740,37.8649430,32.4839624,1021.71,-0.0992,0.0463,1.9924,114.0,0.69,0.000,0.000,IDLE
2026-08-17T13:47:15.661819,37.8649513,32.4839575,1021.75,-0.1007,0.0475,1.9966,114.0,0.84,0.000,0.000,IDLE
2026-08-17T13:47:16.661750,37.8649576,32.4839584,1021.77,-0.1014,0.0460,1.9987,114.0,0.87,0.000,0.000,IDLE
2026-08-17T13:47:17.661879,37.8649608,32.4839577,1021.65,-0.1006,0.0452,2.0022,114.0,0.84,0.000,0.000,IDLE
2026-08-17T13:47:18.661758,37.8649606,32.4839589,1021.64,-0.0987,0.0434,2.0052,114.0,0.71,0.000,0.000,IDLE
2026-08-17T13:47:19.662909,37.8649577,32.4839619,1021.61,-0.0967,0.0411,2.0091,115.0,0.50,0.000,0.000,IDLE
2026-08-17T13:47:20.662008,37.8649555,32.4839651,1021.61,-0.0951,0.0393,2.0122,115.0,0.35,0.000,0.000,IDLE
2026-08-17T13:47:21.661777,37.8649537,32.4839703,1021.51,-0.0961,0.0435,2.0164,115.0,0.26,0.000,0.000,IDLE
2026-08-17T13:47:22.661766,37.8649553,32.4839731,1021.54,-0.0965,0.0434,2.0203,115.0,0.28,0.000,0.000,IDLE
2026-08-17T13:47:23.663687,37.8649549,32.4839731,1021.70,-0.0957,0.0435,2.0206,115.0,0.22,0.000,0.000,IDLE
2026-08-17T13:47:24.662436,37.8649525,32.4839764,1021.71,-0.0949,0.0422,2.0204,115.0,0.19,0.000,0.000,IDLE
2026-08-17T13:47:25.662036,37.8649483,32.4839775,1021.59,-0.0931,0.0429,2.0200,115.0,0.18,0.000,0.000,IDLE
2026-08-17T13:47:26.661738,37.8649456,32.4839805,1021.66,-0.0932,0.0431,2.0197,115.0,0.25,0.000,0.000,IDLE
2026-08-17T13:47:27.661703,37.8649455,32.4839807,1021.73,-0.0941,0.0444,2.0192,115.0,0.19,0.000,0.000,IDLE
2026-08-17T13:47:28.661883,37.8649426,32.4839793,1021.71,-0.0932,0.0451,2.0184,115.0,0.19,0.000,0.000,IDLE
2026-08-17T13:47:29.661810,37.8649384,32.4839754,1021.74,-0.0913,0.0470,2.0178,115.0,0.27,0.000,0.000,IDLE
2026-08-17T13:47:30.661812,37.8649334,32.4839801,1021.75,-0.0912,0.0447,2.0166,115.0,0.37,0.000,0.000,IDLE
2026-08-17T13:47:31.662215,37.8649317,32.4839788,1021.69,-0.0914,0.0454,2.0158,115.0,0.33,0.000,0.000,IDLE
2026-08-17T13:47:32.661862,37.8649310,32.4839769,1021.70,-0.0915,0.0474,2.0157,115.0,0.27,0.000,0.000,IDLE
2026-08-17T13:47:33.662142,37.8649248,32.4839788,1021.69,-0.0926,0.0445,2.0139,115.0,0.41,0.000,0.000,IDLE
2026-08-17T13:47:34.661833,37.8649167,32.4839797,1021.55,-0.0896,0.0453,2.0136,115.0,0.56,0.000,0.000,IDLE
2026-08-17T13:47:35.662177,37.8649119,32.4839727,1021.46,-0.0894,0.0474,2.0018,114.0,0.61,0.000,0.000,IDLE
2026-08-17T13:47:36.661754,37.8649122,32.4839635,1021.51,-0.0903,0.0506,1.9818,113.0,0.58,0.000,0.000,IDLE
2026-08-17T13:47:37.661715,37.8649117,32.4839592,1021.58,-0.0917,0.0510,1.9618,112.0,0.55,0.000,0.000,IDLE
2026-08-17T13:47:38.661727,37.8649060,32.4839601,1021.75,-0.0915,0.0494,1.9412,111.0,0.58,0.000,0.000,IDLE
2026-08-17T13:47:39.661836,37.8648770,32.4839551,1021.78,-0.0810,0.0468,1.9202,110.0,1.33,0.000,0.000,IDLE
2026-08-17T13:47:40.661807,37.8648569,32.4839609,1021.80,-0.0788,0.0423,1.8986,108.0,1.61,0.000,0.000,IDLE
2026-08-17T13:47:41.663841,37.8648444,32.4839638,1021.82,-0.0816,0.0401,1.8769,107.0,1.65,0.000,0.000,IDLE
2026-08-17T13:47:42.661837,37.8648406,32.4839605,1021.87,-0.0856,0.0424,1.8551,106.0,1.46,0.000,0.000,IDLE
2026-08-17T13:47:43.662204,37.8648321,32.4839540,1021.94,-0.0864,0.0443,1.8377,105.0,1.47,0.000,0.000,IDLE
2026-08-17T13:47:44.661742,37.8648225,32.4839517,1022.07,-0.0874,0.0445,1.8231,104.0,1.47,0.000,0.000,IDLE
2026-08-17T13:47:45.661808,37.8648095,32.4839568,1022.09,-0.0876,0.0416,1.8149,103.0,1.54,0.000,0.000,IDLE
2026-08-17T13:47:46.661814,37.8647975,32.4839663,1022.03,-0.0886,0.0392,1.8059,103.0,1.59,0.000,0.000,IDLE
2026-08-17T13:47:47.661741,37.8647871,32.4839742,1021.93,-0.0901,0.0379,1.7971,102.0,1.59,0.000,0.000,IDLE
2026-08-17T13:47:48.661803,37.8647776,32.4839782,1021.88,-0.0913,0.0382,1.7891,102.0,1.57,0.000,0.000,IDLE
2026-08-17T15:13:00.932626,37.8647739,32.4839793,1021.87,-0.0921,0.0381,1.7832,102.0,1.52,0.000,0.000,IDLE
2026-08-17T15:13:01.662406,37.8647705,32.4839784,1021.81,-0.0933,0.0393,1.7674,101.0,1.45,0.000,0.000,IDLE
2026-08-17T15:13:02.661731,37.8647638,32.4839822,1021.79,-0.0950,0.0388,1.7554,100.0,1.36,0.000,0.000,IDLE
2026-08-17T15:13:03.661742,37.8647600,32.4839948,1021.83,-0.0976,0.0371,1.7661,101.0,1.26,0.000,0.000,IDLE
2026-08-17T15:13:04.662055,37.8647667,32.4840102,1021.84,-0.1031,0.0361,1.7754,101.0,1.07,0.000,0.000,IDLE
2026-08-17T15:13:05.661717,37.8647679,32.4840216,1021.92,-0.1041,0.0359,1.7803,102.0,1.14,0.000,0.000,IDLE
2026-08-17T15:13:06.664258,37.8647648,32.4840283,1021.91,-0.1025,0.0367,1.7811,102.0,0.94,0.000,0.000,IDLE
2026-08-17T15:13:07.665505,37.8647630,32.4840316,1021.84,-0.0932,0.0424,1.7814,102.0,0.83,0.000,0.000,IDLE
2026-08-17T15:13:08.663032,37.8647596,32.4840354,1021.83,-0.0916,0.0435,1.7821,102.0,0.74,0.000,0.000,IDLE
2026-08-17T15:13:09.661951,37.8647640,32.4840414,1021.78,-0.0922,0.0450,1.7829,102.0,0.66,0.000,0.000,IDLE
2026-08-17T15:13:10.661729,37.8647682,32.4840459,1021.78,-0.0923,0.0463,1.7841,102.0,0.62,0.000,0.000,IDLE
2026-08-17T15:13:11.661705,37.8647677,32.4840543,1021.77,-0.0908,0.0456,1.7856,102.0,0.68,0.000,0.000,IDLE
2026-08-17T15:13:12.661732,37.8647680,32.4840593,1021.72,-0.0901,0.0474,1.7865,102.0,0.60,0.000,0.000,IDLE
2026-08-17T15:13:13.661770,37.8647715,32.4840588,1021.72,-0.0904,0.0493,1.7869,102.0,0.51,0.000,0.000,IDLE
2026-08-17T15:13:14.661900,37.8647762,32.4840620,1021.70,-0.1190,0.0367,1.7901,102.0,0.49,0.000,0.000,IDLE
2026-08-17T15:13:15.661830,37.8647773,32.4840602,1021.66,-0.1163,0.0375,1.7842,102.0,0.41,0.000,0.000,IDLE
2026-08-17T15:13:16.661745,37.8647824,32.4840670,1021.56,-0.1112,0.0377,1.7931,102.0,0.55,0.000,0.000,IDLE
2026-08-17T15:13:17.661802,37.8647865,32.4840766,1021.63,-0.1028,0.0422,1.7845,102.0,0.62,0.000,0.000,IDLE
2026-08-17T15:13:18.661794,37.8647914,32.4840787,1021.53,-0.0902,0.0490,1.7842,102.0,0.64,0.000,0.000,IDLE
2026-08-17T15:13:19.662114,37.8647969,32.4840818,1021.54,-0.0888,0.0507,1.7840,102.0,0.68,0.000,0.000,IDLE
2026-08-17T15:13:20.661861,37.8648032,32.4840809,1021.66,-0.0877,0.0521,1.7841,102.0,0.69,0.000,0.000,IDLE
2026-08-17T15:13:21.662129,37.8648082,32.4840776,1021.64,-0.0865,0.0533,1.7862,102.0,0.69,0.000,0.000,IDLE
2026-08-17T15:13:22.661767,37.8648146,32.4840704,1021.70,-0.0848,0.0547,1.7928,102.0,0.70,0.000,0.000,IDLE
2026-08-17T15:13:23.661748,37.8648199,32.4840628,1021.71,-0.0831,0.0560,1.7951,102.0,0.69,0.000,0.000,IDLE
2026-08-17T15:13:24.661804,37.8648244,32.4840576,1021.59,-0.0813,0.0559,1.7969,102.0,0.64,0.000,0.000,IDLE
2026-08-17T15:13:25.661739,37.8648254,32.4840564,1021.55,-0.0790,0.0543,1.7990,103.0,0.49,0.000,0.000,IDLE
2026-08-17T15:13:26.661755,37.8648278,32.4840522,1021.49,-0.0771,0.0536,1.8011,103.0,0.42,0.000,0.000,IDLE
2026-08-17T15:13:27.661806,37.8648342,32.4840470,1021.37,-0.0762,0.0529,1.8030,103.0,0.42,0.000,0.000,IDLE
2026-08-17T15:13:28.661951,37.8648394,32.4840425,1021.35,-0.0747,0.0516,1.8048,103.0,0.34,0.000,0.000,IDLE
2026-08-17T15:13:29.661815,37.8648441,32.4840383,1021.40,-0.0737,0.0504,1.8065,103.0,0.29,0.000,0.000,IDLE
2026-08-17T15:13:30.661748,37.8648498,32.4840353,1021.41,-0.0735,0.0487,1.8086,103.0,0.21,0.000,0.000,IDLE
2026-08-17T15:13:31.662081,37.8648550,32.4840327,1021.49,-0.0731,0.0474,1.8108,103.0,0.16,0.000,0.000,IDLE
2026-08-17T15:13:32.661974,37.8648593,32.4840293,1021.54,-0.0726,0.0466,1.8125,103.0,0.11,0.000,0.000,IDLE
2026-08-17T15:13:33.661733,37.8648632,32.4840280,1021.58,-0.0726,0.0454,1.8147,103.0,0.05,0.000,0.000,IDLE
2026-08-17T15:13:34.661770,37.8648657,32.4840273,1021.61,-0.0720,0.0444,1.8185,104.0,0.05,0.000,0.000,IDLE
2026-08-17T15:13:35.661775,37.8648689,32.4840233,1021.57,-0.0725,0.0460,1.8255,104.0,0.04,0.000,0.000,IDLE
2026-08-17T15:13:36.661742,37.8648729,32.4840192,1021.52,-0.0732,0.0460,1.8296,104.0,0.05,0.000,0.000,IDLE
2026-08-17T15:13:37.661855,37.8648752,32.4840179,1021.61,-0.0730,0.0452,1.8323,104.0,0.01,0.000,0.000,IDLE
2026-08-17T15:13:38.665363,37.8648781,32.4840165,1021.63,-0.0737,0.0454,1.8340,105.0,0.00,0.000,0.000,IDLE
2026-08-17T15:13:39.661856,37.8648803,32.4840144,1021.63,-0.0740,0.0454,1.8358,105.0,0.02,0.000,0.000,IDLE
2026-08-17T15:13:40.661999,37.8648810,32.4840141,1021.61,-0.0733,0.0452,1.8388,105.0,0.07,0.000,0.000,IDLE
2026-08-17T15:13:41.661757,37.8648831,32.4840086,1021.56,-0.0737,0.0481,1.8504,106.0,0.14,0.000,0.000,IDLE
2026-08-17T15:13:42.661762,37.8648852,32.4840011,1021.52,-0.0750,0.0489,1.8658,106.0,0.22,0.000,0.000,IDLE
2026-08-17T15:13:43.662573,37.8648864,32.4839983,1021.50,-0.0746,0.0486,1.8819,107.0,0.21,0.000,0.000,IDLE
2026-08-17T15:13:44.661983,37.8648872,32.4839963,1021.48,-0.0747,0.0480,1.8952,108.0,0.18,0.000,0.000,IDLE
2026-08-17T15:13:45.662076,37.8648886,32.4839950,1021.50,-0.0755,0.0477,1.9079,109.0,0.13,0.000,0.000,IDLE
2026-08-17T15:13:46.661733,37.8648886,32.4839940,1021.49,-0.0753,0.0470,1.9208,110.0,0.13,0.000,0.000,IDLE
2026-08-17T15:13:47.661844,37.8648881,32.4839921,1021.30,-0.0742,0.0471,1.9336,110.0,0.13,0.000,0.000,IDLE
2026-08-17T15:13:48.661779,37.8648886,32.4839921,1021.45,-0.0753,0.0469,1.9452,111.0,0.10,0.000,0.000,IDLE
2026-08-17T15:13:49.661763,37.8648889,32.4839922,1021.68,-0.0751,0.0467,1.9568,112.0,0.09,0.000,0.000,IDLE
2026-08-17T15:13:50.662040,37.8648901,32.4839909,1021.75,-0.0761,0.0472,1.9682,112.0,0.07,0.000,0.000,IDLE
2026-08-17T15:13:51.661744,37.8648905,32.4839906,1021.73,-0.0766,0.0470,1.9787,113.0,0.07,0.000,0.000,IDLE
2026-08-17T15:13:52.665352,37.8648896,32.4839925,1021.63,-0.0770,0.0462,1.9891,113.0,0.09,0.000,0.000,IDLE
2026-08-17T15:13:53.661721,37.8648901,32.4839927,1021.60,-0.0770,0.0471,1.9986,114.0,0.08,0.000,0.000,IDLE
2026-08-17T15:13:54.661750,37.8648895,32.4839927,1021.47,-0.0771,0.0474,2.0076,115.0,0.10,0.000,0.000,IDLE
2026-08-17T15:13:55.661749,37.8648884,32.4839948,1021.30,-0.0762,0.0473,2.0168,115.0,0.15,0.000,0.000,IDLE
2026-08-17T15:13:56.662607,37.8648883,32.4839947,1021.27,-0.0753,0.0482,2.0250,116.0,0.11,0.000,0.000,IDLE
2026-08-17T15:13:57.661773,37.8648896,32.4839940,1021.44,-0.0759,0.0489,2.0330,116.0,0.08,0.000,0.000,IDLE
2026-08-17T15:13:58.662083,37.8648905,32.4839932,1021.63,-0.0755,0.0492,2.0410,116.0,0.06,0.000,0.000,IDLE
2026-08-17T15:13:59.661858,37.8648902,32.4839930,1021.67,-0.0751,0.0496,2.0483,117.0,0.05,0.000,0.000,IDLE
2026-08-17T15:14:00.661760,37.8648911,32.4839947,1021.66,-0.0760,0.0491,2.0535,117.0,0.11,0.000,0.000,IDLE
2026-08-17T15:14:01.662234,37.8648930,32.4839973,1021.66,-0.0766,0.0490,2.0580,117.0,0.17,0.000,0.000,IDLE
2026-08-17T15:14:02.661768,37.8648942,32.4839987,1021.66,-0.0763,0.0494,2.0618,118.0,0.17,0.000,0.000,IDLE
2026-08-17T15:14:03.661773,37.8648964,32.4839999,1021.75,-0.0769,0.0498,2.0654,118.0,0.22,0.000,0.000,IDLE
2026-08-17T15:14:04.661977,37.8648981,32.4839991,1021.77,-0.0762,0.0505,2.0686,118.0,0.19,0.000,0.000,IDLE
2026-08-17T15:14:05.661743,37.8648985,32.4840002,1021.75,-0.0759,0.0498,2.0691,118.0,0.18,0.000,0.000,IDLE
2026-08-17T15:14:06.661902,37.8648956,32.4840032,1021.72,-0.0746,0.0484,2.0693,118.0,0.17,0.000,0.000,IDLE
2026-08-17T15:14:07.661703,37.8648926,32.4840067,1021.66,-0.0734,0.0477,2.0697,118.0,0.22,0.000,0.000,IDLE
2026-08-17T15:14:08.661986,37.8648925,32.4840068,1021.65,-0.0737,0.0488,2.0697,118.0,0.18,0.000,0.000,IDLE
2026-08-17T15:14:09.661988,37.8648935,32.4840080,1021.59,-0.0745,0.0485,2.0697,118.0,0.17,0.000,0.000,IDLE
2026-08-17T15:14:10.661767,37.8648922,32.4840063,1021.70,-0.0723,0.0493,2.0700,118.0,0.12,0.000,0.000,IDLE
2026-08-17T15:14:11.661745,37.8648923,32.4840057,1021.76,-0.0716,0.0503,2.0699,118.0,0.09,0.000,0.000,IDLE
2026-08-17T15:14:12.661892,37.8648933,32.4839996,1021.76,-0.0707,0.0525,2.0694,118.0,0.14,0.000,0.000,IDLE
2026-08-17T15:14:13.661731,37.8648942,32.4839973,1021.80,-0.0717,0.0519,2.0686,118.0,0.11,0.000,0.000,IDLE
2026-08-17T15:14:14.661733,37.8648949,32.4839989,1021.77,-0.0724,0.0506,2.0682,118.0,0.06,0.000,0.000,IDLE
2026-08-17T15:14:15.661774,37.8648953,32.4839976,1021.68,-0.0718,0.0516,2.0680,118.0,0.09,0.000,0.000,IDLE
2026-08-17T15:14:16.661793,37.8648950,32.4839973,1021.63,-0.0716,0.0512,2.0677,118.0,0.10,0.000,0.000,IDLE
2026-08-17T15:14:17.661750,37.8648940,32.4839962,1021.61,-0.0711,0.0508,2.0667,118.0,0.11,0.000,0.000,IDLE
2026-08-17T15:14:18.662238,37.8648943,32.4839955,1021.63,-0.0716,0.0509,2.0658,118.0,0.11,0.000,0.000,IDLE
2026-08-17T15:14:19.662002,37.8648959,32.4839921,1021.62,-0.0717,0.0522,2.0650,118.0,0.19,0.000,0.000,IDLE
2026-08-17T15:14:20.661757,37.8648965,32.4839893,1021.55,-0.0717,0.0526,2.0645,118.0,0.22,0.000,0.000,IDLE
2026-08-17T15:14:21.661732,37.8648963,32.4839854,1021.54,-0.0713,0.0529,2.0636,118.0,0.28,0.000,0.000,IDLE
2026-08-17T15:14:22.661776,37.8648951,32.4839822,1021.56,-0.0709,0.0519,2.0628,118.0,0.27,0.000,0.000,IDLE
2026-08-17T15:14:23.661744,37.8648946,32.4839832,1021.54,-0.0722,0.0503,2.0623,118.0,0.19,0.000,0.000,IDLE
2026-08-17T15:14:24.661904,37.8648940,32.4839837,1021.47,-0.0727,0.0497,2.0615,118.0,0.16,0.000,0.000,IDLE
2026-08-17T15:14:25.661724,37.8648949,32.4839847,1021.40,-0.0731,0.0498,2.0609,118.0,0.09,0.000,0.000,IDLE
2026-08-17T15:14:26.661731,37.8648967,32.4839818,1021.41,-0.0736,0.0504,2.0600,118.0,0.13,0.000,0.000,IDLE
2026-08-17T15:14:27.661720,37.8648985,32.4839827,1021.53,-0.0743,0.0494,2.0598,118.0,0.07,0.000,0.000,IDLE
2026-08-17T15:14:28.661764,37.8648999,32.4839837,1021.60,-0.0750,0.0491,2.0590,117.0,0.07,0.000,0.000,IDLE
2026-08-17T15:14:29.661778,37.8649015,32.4839833,1021.61,-0.0749,0.0494,2.0581,117.0,0.13,0.000,0.000,IDLE
2026-08-17T15:14:30.662036,37.8649055,32.4839806,1021.54,-0.0752,0.0505,2.0576,117.0,0.19,0.000,0.000,IDLE
2026-08-17T15:14:31.661791,37.8649048,32.4839832,1021.47,-0.0748,0.0485,2.0573,117.0,0.11,0.000,0.000,IDLE
2026-08-17T15:14:32.661918,37.8649026,32.4839854,1021.50,-0.0737,0.0479,2.0571,117.0,0.09,0.000,0.000,IDLE
2026-08-17T15:14:33.664059,37.8649037,32.4839841,1021.54,-0.0742,0.0491,2.0564,117.0,0.08,0.000,0.000,IDLE
2026-08-17T15:14:34.663415,37.8649054,32.4839820,1021.52,-0.0740,0.0499,2.0557,117.0,0.08,0.000,0.000,IDLE
2026-08-17T15:14:35.661805,37.8649054,32.4839822,1021.52,-0.0738,0.0497,2.0550,117.0,0.09,0.000,0.000,IDLE
2026-08-17T15:14:36.661720,37.8649063,32.4839830,1021.47,-0.0736,0.0492,2.0540,117.0,0.07,0.000,0.000,IDLE
2026-08-17T15:14:37.662440,37.8649054,32.4839853,1021.46,-0.0733,0.0483,2.0531,117.0,0.09,0.000,0.000,IDLE
2026-08-17T15:14:38.661864,37.8649035,32.4839906,1021.43,-0.0738,0.0463,2.0524,117.0,0.22,0.000,0.000,IDLE
2026-08-17T15:14:39.661759,37.8648988,32.4839933,1021.38,-0.0725,0.0460,2.0514,117.0,0.30,0.000,0.000,IDLE
2026-08-17T15:14:40.663164,37.8648973,32.4839936,1021.39,-0.0726,0.0466,2.0503,117.0,0.30,0.000,0.000,IDLE
2026-08-17T15:14:41.662041,37.8648936,32.4839957,1021.32,-0.0719,0.0468,2.0493,117.0,0.33,0.000,0.000,IDLE
2026-08-17T15:14:42.661750,37.8648929,32.4839975,1021.28,-0.0728,0.0471,2.0484,117.0,0.31,0.000,0.000,IDLE
2026-08-17T15:14:43.661815,37.8648933,32.4839950,1021.28,-0.0729,0.0495,2.0473,117.0,0.16,0.000,0.000,IDLE
2026-08-17T15:14:44.661863,37.8648953,32.4839930,1021.34,-0.0746,0.0505,2.0459,117.0,0.05,0.000,0.000,IDLE
2026-08-17T15:14:45.661769,37.8648971,32.4839924,1021.41,-0.0752,0.0505,2.0453,117.0,0.05,0.000,0.000,IDLE
2026-08-17T15:14:46.661836,37.8648959,32.4839945,1021.51,-0.0725,0.0493,2.0421,117.0,0.09,0.000,0.000,IDLE
2026-08-17T15:14:47.661904,37.8648967,32.4839945,1021.59,-0.0793,0.0482,2.0416,116.0,0.02,0.000,0.000,IDLE
2026-08-17T15:14:48.661812,37.8648979,32.4839920,1021.67,-0.0793,0.0490,2.0411,116.0,0.07,0.000,0.000,IDLE
2026-08-17T15:14:49.663950,37.8649008,32.4839919,1021.68,-0.0800,0.0493,2.0414,116.0,0.12,0.000,0.000,IDLE
2026-08-17T15:14:50.661791,37.8649011,32.4839905,1021.58,-0.0797,0.0499,2.0409,116.0,0.14,0.000,0.000,IDLE
2026-08-17T15:14:51.661772,37.8649025,32.4839908,1021.56,-0.0806,0.0492,2.0403,116.0,0.15,0.000,0.000,IDLE
2026-08-17T15:14:52.661833,37.8649048,32.4839931,1021.54,-0.0810,0.0489,2.0397,116.0,0.19,0.000,0.000,IDLE
2026-08-17T15:14:53.661777,37.8649050,32.4839925,1021.50,-0.0805,0.0489,2.0400,116.0,0.17,0.000,0.000,IDLE
2026-08-17T15:14:54.665066,37.8649056,32.4839939,1021.57,-0.0806,0.0482,2.0395,116.0,0.17,0.000,0.000,IDLE
2026-08-17T15:14:55.661971,37.8649048,32.4839972,1021.59,-0.0799,0.0470,2.0393,116.0,0.15,0.000,0.000,IDLE
2026-08-17T15:14:56.661818,37.8649032,32.4839976,1021.64,-0.0795,0.0468,2.0397,116.0,0.11,0.000,0.000,IDLE
2026-08-17T15:14:57.662200,37.8649033,32.4839990,1021.66,-0.0795,0.0468,2.0393,116.0,0.09,0.000,0.000,IDLE
2026-08-17T15:14:58.661927,37.8648996,32.4839984,1021.63,-0.0775,0.0466,2.0387,116.0,0.13,0.000,0.000,IDLE
2026-08-17T15:14:59.661883,37.8648961,32.4840019,1021.69,-0.0776,0.0453,2.0382,116.0,0.20,0.000,0.000,IDLE
2026-08-17T15:15:00.666032,37.8648980,32.4840025,1021.73,-0.0785,0.0466,2.0381,116.0,0.11,0.000,0.000,IDLE
2026-08-17T15:15:01.661736,37.8648979,32.4839987,1021.73,-0.0779,0.0480,2.0372,116.0,0.04,0.000,0.000,IDLE
2026-08-17T15:15:02.662503,37.8649021,32.4839989,1021.75,-0.0809,0.0488,2.0365,116.0,0.13,0.000,0.000,IDLE
2026-08-17T15:15:03.662295,37.8649091,32.4840002,1021.72,-0.0826,0.0499,2.0359,116.0,0.31,0.000,0.000,IDLE
2026-08-17T15:15:04.661780,37.8649125,32.4839986,1021.66,-0.0822,0.0501,2.0355,116.0,0.34,0.000,0.000,IDLE
2026-08-17T15:15:05.662781,37.8649165,32.4840002,1021.54,-0.0824,0.0498,2.0352,116.0,0.36,0.000,0.000,IDLE
2026-08-17T15:15:06.662844,37.8649171,32.4839997,1021.46,-0.0814,0.0494,2.0347,116.0,0.31,0.000,0.000,IDLE
2026-08-17T15:15:07.661586,37.8649180,32.4839995,1021.31,-0.0810,0.0493,2.0340,116.0,0.28,0.000,0.000,IDLE
2026-08-17T15:15:08.661439,37.8649168,32.4839979,1021.27,-0.0795,0.0491,2.0334,116.0,0.20,0.000,0.000,IDLE
2026-08-17T15:15:09.661544,37.8649132,32.4839989,1021.22,-0.0780,0.0478,2.0325,116.0,0.05,0.000,0.000,IDLE
2026-08-17T15:15:10.661482,37.8649117,32.4839977,1021.31,-0.0773,0.0480,2.0318,116.0,0.04,0.000,0.000,IDLE
2026-08-17T15:15:11.661433,37.8649124,32.4839999,1021.34,-0.0782,0.0470,2.0309,116.0,0.04,0.000,0.000,IDLE
2026-08-17T15:15:12.661566,37.8649139,32.4839962,1021.38,-0.0784,0.0489,2.0301,116.0,0.10,0.000,0.000,IDLE
2026-08-17T15:15:13.661703,37.8649161,32.4839926,1021.47,-0.0790,0.0500,2.0293,116.0,0.19,0.000,0.000,IDLE
2026-08-17T15:15:14.661590,37.8649171,32.4839903,1021.40,-0.0788,0.0505,2.0285,116.0,0.23,0.000,0.000,IDLE
2026-08-17T15:15:15.661444,37.8649238,32.4839863,1021.44,-0.0810,0.0526,2.0285,116.0,0.42,0.000,0.000,IDLE
2026-08-17T15:15:16.661452,37.8649270,32.4839887,1021.50,-0.0824,0.0509,2.0283,116.0,0.41,0.000,0.000,IDLE
2026-08-17T15:15:17.661662,37.8649272,32.4839904,1021.56,-0.0817,0.0489,2.0280,116.0,0.34,0.000,0.000,IDLE
2026-08-17T15:15:18.661611,37.8649257,32.4839918,1021.62,-0.0807,0.0473,2.0282,116.0,0.23,0.000,0.000,IDLE
2026-08-17T15:15:19.661651,37.8649236,32.4839904,1021.62,-0.0790,0.0470,2.0288,116.0,0.12,0.000,0.000,IDLE
2026-08-17T15:15:20.661535,37.8649232,32.4839909,1021.66,-0.0789,0.0463,2.0291,116.0,0.08,0.000,0.000,IDLE
2026-08-17T15:15:21.661783,37.8649232,32.4839935,1021.67,-0.0792,0.0453,2.0293,116.0,0.10,0.000,0.000,IDLE
2026-08-17T15:15:22.661695,37.8649237,32.4839946,1021.62,-0.0795,0.0453,2.0293,116.0,0.12,0.000,0.000,IDLE
2026-08-17T15:15:23.661484,37.8649234,32.4839950,1021.66,-0.0793,0.0454,2.0298,116.0,0.11,0.000,0.000,IDLE
2026-08-17T15:15:24.661678,37.8649249,32.4839936,1021.57,-0.0797,0.0466,2.0302,116.0,0.10,0.000,0.000,IDLE
2026-08-17T15:15:25.661695,37.8649244,32.4839940,1021.53,-0.0792,0.0468,2.0301,116.0,0.08,0.000,0.000,IDLE
2026-08-17T15:15:26.661686,37.8649213,32.4839968,1021.55,-0.0782,0.0452,2.0300,116.0,0.13,0.000,0.000,IDLE
2026-08-17T15:15:27.662042,37.8649207,32.4839987,1021.55,-0.0784,0.0451,2.0300,116.0,0.15,0.000,0.000,IDLE
2026-08-17T15:15:28.661529,37.8649221,32.4839966,1021.62,-0.0786,0.0469,2.0299,116.0,0.07,0.000,0.000,IDLE
2026-08-17T15:15:29.661682,37.8649204,32.4839979,1021.63,-0.0782,0.0464,2.0299,116.0,0.10,0.000,0.000,IDLE
2026-08-17T15:15:30.662122,37.8649192,32.4839976,1021.56,-0.0781,0.0469,2.0295,116.0,0.09,0.000,0.000,IDLE
2026-08-17T15:15:31.661453,37.8649182,32.4839979,1021.58,-0.0785,0.0469,2.0295,116.0,0.09,0.000,0.000,IDLE
2026-08-17T15:15:32.661571,37.8649173,32.4839970,1021.57,-0.0784,0.0481,2.0320,116.0,0.08,0.000,0.000,IDLE
2026-08-17T15:15:33.661690,37.8649170,32.4839968,1021.68,-0.0769,0.0496,2.0367,116.0,0.06,0.000,0.000,IDLE
2026-08-17T15:15:34.661719,37.8649154,32.4839994,1021.69,-0.0804,0.0478,2.0407,116.0,0.10,0.000,0.000,IDLE
2026-08-17T15:15:35.661922,37.8649151,32.4839992,1021.52,-0.0793,0.0490,2.0443,117.0,0.05,0.000,0.000,IDLE
2026-08-17T15:15:36.662596,37.8649127,32.4839999,1021.39,-0.0791,0.0489,2.0482,117.0,0.09,0.000,0.000,IDLE
2026-08-17T15:15:37.661953,37.8649154,32.4839938,1021.40,-0.0799,0.0519,2.0515,117.0,0.15,0.000,0.000,IDLE
2026-08-17T15:15:38.662378,37.8649171,32.4839928,1021.58,-0.0810,0.0522,2.0547,117.0,0.18,0.000,0.000,IDLE
2026-08-17T15:15:39.661843,37.8649173,32.4839919,1021.50,-0.0813,0.0518,2.0582,117.0,0.20,0.000,0.000,IDLE
2026-08-17T15:15:40.661715,37.8649160,32.4839934,1021.43,-0.0812,0.0509,2.0617,118.0,0.11,0.000,0.000,IDLE
2026-08-17T15:15:41.662433,37.8649132,32.4840009,1021.67,-0.0815,0.0473,2.0649,118.0,0.14,0.000,0.000,IDLE
2026-08-17T15:15:42.661708,37.8649101,32.4840069,1021.63,-0.0814,0.0455,2.0681,118.0,0.27,0.000,0.000,IDLE
2026-08-17T15:15:43.661707,37.8649077,32.4840140,1021.57,-0.0818,0.0441,2.0718,118.0,0.40,0.000,0.000,IDLE
2026-08-17T15:15:44.661688,37.8649061,32.4840144,1021.66,-0.0812,0.0453,2.0751,118.0,0.34,0.000,0.000,IDLE
2026-08-17T15:15:45.661769,37.8649055,32.4840161,1021.62,-0.0813,0.0462,2.0781,119.0,0.31,0.000,0.000,IDLE
2026-08-17T15:15:46.661675,37.8649057,32.4840139,1021.61,-0.0809,0.0482,2.0814,119.0,0.18,0.000,0.000,IDLE
2026-08-17T15:15:47.661689,37.8649047,32.4840162,1021.50,-0.0814,0.0482,2.0838,119.0,0.20,0.000,0.000,IDLE
2026-08-17T15:15:48.661923,37.8649040,32.4840168,1021.56,-0.0811,0.0484,2.0860,119.0,0.16,0.000,0.000,IDLE
2026-08-17T15:15:49.661786,37.8649039,32.4840166,1021.50,-0.0809,0.0489,2.0886,119.0,0.11,0.000,0.000,IDLE
2026-08-17T15:15:50.661708,37.8649049,32.4840142,1021.59,-0.0805,0.0502,2.0909,119.0,0.08,0.000,0.000,IDLE
2026-08-17T15:15:51.661722,37.8649046,32.4840130,1021.71,-0.0801,0.0504,2.0925,119.0,0.07,0.000,0.000,IDLE
2026-08-17T15:15:52.662003,37.8649041,32.4840109,1021.60,-0.0793,0.0510,2.0948,120.0,0.10,0.000,0.000,IDLE
2026-08-17T15:15:53.661748,37.8649027,32.4840110,1021.58,-0.0786,0.0493,2.0969,120.0,0.07,0.000,0.000,IDLE
2026-08-17T15:15:54.661812,37.8648999,32.4840123,1021.62,-0.0770,0.0462,2.0988,120.0,0.06,0.000,0.000,IDLE
2026-08-17T15:15:55.661707,37.8648981,32.4840078,1021.66,-0.0753,0.0462,2.1011,120.0,0.17,0.000,0.000,IDLE
2026-08-17T15:15:56.661821,37.8648975,32.4840032,1021.69,-0.0755,0.0475,2.1029,120.0,0.24,0.000,0.000,IDLE
2026-08-17T15:15:57.661914,37.8648976,32.4839992,1021.72,-0.0759,0.0490,2.1043,120.0,0.28,0.000,0.000,IDLE
2026-08-17T15:15:58.664013,37.8648981,32.4840001,1021.68,-0.0769,0.0473,2.1048,120.0,0.19,0.000,0.000,IDLE
2026-08-17T15:15:59.661674,37.8648967,32.4840016,1021.61,-0.0757,0.0431,2.1061,120.0,0.13,0.000,0.000,IDLE
2026-08-17T15:16:00.661811,37.8648964,32.4839998,1021.61,-0.0789,0.0492,2.1076,120.0,0.14,0.000,0.000,IDLE
2026-08-17T15:16:01.661812,37.8648979,32.4839962,1021.61,-0.0791,0.0500,2.1089,120.0,0.20,0.000,0.000,IDLE
2026-08-17T15:16:02.661980,37.8648978,32.4839967,1021.53,-0.0793,0.0489,2.1103,120.0,0.14,0.000,0.000,IDLE
2026-08-17T15:16:03.661796,37.8648984,32.4839973,1021.48,-0.0800,0.0483,2.1114,120.0,0.09,0.000,0.000,IDLE
2026-08-17T15:16:04.661715,37.8648988,32.4839987,1021.52,-0.0805,0.0472,2.1127,121.0,0.05,0.000,0.000,IDLE
2026-08-17T15:16:05.661813,37.8649007,32.4839975,1021.54,-0.0808,0.0479,2.1136,121.0,0.11,0.000,0.000,IDLE
2026-08-17T15:16:06.661783,37.8649049,32.4839909,1021.51,-0.0811,0.0501,2.1146,121.0,0.27,0.000,0.000,IDLE
2026-08-17T15:16:07.661714,37.8649083,32.4839852,1021.41,-0.0814,0.0512,2.1150,121.0,0.38,0.000,0.000,IDLE
2026-08-17T15:16:08.662120,37.8649100,32.4839821,1021.48,-0.0812,0.0512,2.1157,121.0,0.38,0.000,0.000,IDLE
2026-08-17T15:16:09.661886,37.8649112,32.4839797,1021.58,-0.0809,0.0504,2.1169,121.0,0.36,0.000,0.000,IDLE
2026-08-17T15:16:10.661908,37.8649116,32.4839790,1021.60,-0.0809,0.0493,2.1179,121.0,0.31,0.000,0.000,IDLE
2026-08-17T15:16:11.662069,37.8649135,32.4839752,1021.68,-0.0806,0.0501,2.1191,121.0,0.35,0.000,0.000,IDLE
2026-08-17T15:16:12.661721,37.8649140,32.4839754,1021.71,-0.0809,0.0491,2.1200,121.0,0.29,0.000,0.000,IDLE
2026-08-17T15:16:13.661695,37.8649136,32.4839755,1021.71,-0.0804,0.0480,2.1211,121.0,0.22,0.000,0.000,IDLE
2026-08-17T15:16:14.661942,37.8649128,32.4839769,1021.72,-0.0801,0.0473,2.1222,121.0,0.12,0.000,0.000,IDLE
2026-08-17T15:16:15.661706,37.8649099,32.4839813,1021.62,-0.0800,0.0452,2.1234,121.0,0.08,0.000,0.000,IDLE
2026-08-17T15:16:16.661638,37.8649064,32.4839870,1021.63,-0.0795,0.0432,2.1246,121.0,0.24,0.000,0.000,IDLE
2026-08-17T15:16:17.661862,37.8649032,32.4839927,1021.62,-0.0794,0.0416,2.1258,121.0,0.38,0.000,0.000,IDLE
2026-08-17T15:16:18.661963,37.8649021,32.4839942,1021.66,-0.0792,0.0421,2.1270,121.0,0.36,0.000,0.000,IDLE
2026-08-17T15:16:19.661744,37.8649027,32.4839913,1021.61,-0.0792,0.0443,2.1278,121.0,0.23,0.000,0.000,IDLE
2026-08-17T15:16:20.661895,37.8649022,32.4839909,1021.59,-0.0789,0.0451,2.1284,121.0,0.20,0.000,0.000,IDLE
2026-08-17T15:16:21.661813,37.8649011,32.4839916,1021.58,-0.0787,0.0454,2.1288,121.0,0.20,0.000,0.000,IDLE
2026-08-17T15:16:22.661914,37.8649001,32.4839926,1021.55,-0.0787,0.0456,2.1297,122.0,0.20,0.000,0.000,IDLE
2026-08-17T15:16:23.661948,37.8649009,32.4839899,1021.57,-0.0787,0.0476,2.1304,122.0,0.09,0.000,0.000,IDLE
2026-08-17T15:16:24.661711,37.8649018,32.4839883,1021.52,-0.0788,0.0487,2.1305,122.0,0.03,0.000,0.000,IDLE
2026-08-17T15:16:25.661877,37.8649020,32.4839873,1021.53,-0.0787,0.0489,2.1305,122.0,0.03,0.000,0.000,IDLE
2026-08-17T15:16:26.661716,37.8649006,32.4839891,1021.43,-0.0787,0.0484,2.1312,122.0,0.07,0.000,0.000,IDLE
2026-08-17T15:16:27.662122,37.8649004,32.4839899,1021.46,-0.0791,0.0481,2.1312,122.0,0.05,0.000,0.000,IDLE
2026-08-17T15:16:28.661818,37.8649007,32.4839888,1021.54,-0.0790,0.0485,2.1309,122.0,0.02,0.000,0.000,IDLE
2026-08-17T15:16:29.661835,37.8649012,32.4839869,1021.55,-0.0788,0.0493,2.1310,122.0,0.05,0.000,0.000,IDLE
2026-08-17T15:16:30.661753,37.8649052,32.4839817,1021.55,-0.0797,0.0515,2.1313,122.0,0.23,0.000,0.000,IDLE
2026-08-17T15:16:31.661852,37.8649073,32.4839791,1021.53,-0.0799,0.0520,2.1310,122.0,0.28,0.000,0.000,IDLE
2026-08-17T15:16:32.661721,37.8649099,32.4839757,1021.62,-0.0800,0.0522,2.1306,122.0,0.35,0.000,0.000,IDLE
2026-08-17T15:16:33.661731,37.8649111,32.4839740,1021.62,-0.0800,0.0519,2.1305,122.0,0.34,0.000,0.000,IDLE
2026-08-17T15:16:34.661742,37.8649110,32.4839749,1021.62,-0.0798,0.0504,2.1304,122.0,0.26,0.000,0.000,IDLE
2026-08-17T15:16:35.661760,37.8649108,32.4839749,1021.61,-0.0795,0.0495,2.1305,122.0,0.22,0.000,0.000,IDLE
2026-08-17T15:16:36.661994,37.8649117,32.4839736,1021.55,-0.0795,0.0497,2.1304,122.0,0.23,0.000,0.000,IDLE
2026-08-17T15:16:37.661634,37.8649115,32.4839735,1021.56,-0.0793,0.0492,2.1300,122.0,0.18,0.000,0.000,IDLE
2026-08-17T15:16:38.661830,37.8649131,32.4839715,1021.53,-0.0794,0.0493,2.1300,122.0,0.22,-0.550,-0.900,DRIVETEST
2026-08-17T15:16:39.661520,37.8649145,32.4839687,1021.54,-0.0791,0.0497,2.1298,122.0,0.26,-0.550,-0.900,DRIVETEST
2026-08-17T15:16:40.661932,37.8649139,32.4839680,1021.62,-0.0785,0.0488,2.1302,122.0,0.21,-0.550,-0.900,DRIVETEST
2026-08-17T15:16:41.661720,37.8649121,32.4839698,1021.55,-0.0783,0.0476,2.1304,122.0,0.09,-0.550,-0.900,DRIVETEST
2026-08-17T15:16:42.661968,37.8649110,32.4839727,1021.57,-0.0786,0.0466,2.1305,122.0,0.01,-0.550,-0.900,DRIVETEST
2026-08-17T15:16:43.661630,37.8649090,32.4839768,1021.61,-0.0787,0.0455,2.1301,122.0,0.13,-0.550,-0.900,DRIVETEST
2026-08-17T15:16:44.665408,37.8649077,32.4839805,1021.66,-0.0788,0.0442,2.1307,122.0,0.19,-0.550,-0.900,DRIVETEST
2026-08-17T15:16:45.661890,37.8649077,32.4839796,1021.63,-0.0787,0.0454,2.1307,122.0,0.13,-0.550,-0.900,DRIVETEST
2026-08-17T15:16:46.661527,37.8649086,32.4839774,1021.58,-0.0787,0.0464,2.1307,122.0,0.05,-0.550,-0.900,DRIVETEST
2026-08-17T15:16:47.661462,37.8649097,32.4839747,1021.51,-0.0786,0.0476,2.1304,122.0,0.04,-0.550,-0.900,DRIVETEST
2026-08-17T15:16:48.661470,37.8649077,32.4839780,1021.53,-0.0787,0.0461,2.1303,122.0,0.09,-0.550,-0.900,DRIVETEST
2026-08-17T15:16:49.661434,37.8649067,32.4839824,1021.66,-0.0793,0.0443,2.1299,122.0,0.18,-0.550,-0.900,DRIVETEST
2026-08-17T15:16:50.661672,37.8649071,32.4839834,1021.69,-0.0798,0.0449,2.1301,122.0,0.18,-0.550,-0.900,DRIVETEST
2026-08-17T15:16:51.661624,37.8649052,32.4839889,1021.71,-0.0797,0.0433,2.1300,122.0,0.29,-0.550,-0.900,DRIVETEST
2026-08-17T15:16:52.661528,37.8649055,32.4839886,1021.67,-0.0797,0.0447,2.1301,122.0,0.23,-0.550,-0.900,DRIVETEST
2026-08-17T15:16:53.661453,37.8649055,32.4839884,1021.64,-0.0796,0.0458,2.1301,122.0,0.18,-0.550,-0.900,DRIVETEST
2026-08-17T15:16:54.662286,37.8649067,32.4839870,1021.64,-0.0797,0.0472,2.1301,122.0,0.11,-0.550,-0.900,DRIVETEST
2026-08-17T15:16:55.664957,37.8649054,32.4839891,1021.71,-0.0796,0.0470,2.1297,122.0,0.16,-0.550,-0.900,DRIVETEST
2026-08-17T15:16:56.662418,37.8649044,32.4839928,1021.68,-0.0802,0.0458,2.1296,122.0,0.21,-0.550,-0.900,DRIVETEST
2026-08-17T15:16:57.661719,37.8649058,32.4839912,1021.64,-0.0803,0.0476,2.1290,121.0,0.12,0.000,0.000,WAYPOINT
2026-08-17T15:16:58.661790,37.8649082,32.4839875,1021.50,-0.0806,0.0497,2.1290,121.0,0.10,0.000,0.000,WAYPOINT
2026-08-17T15:16:59.661770,37.8649068,32.4839907,1021.57,-0.0806,0.0482,2.1288,121.0,0.10,0.000,0.000,WAYPOINT
2026-08-17T15:17:00.662253,37.8649070,32.4839911,1021.51,-0.0805,0.0489,2.1290,121.0,0.08,0.000,0.000,WAYPOINT
2026-08-17T15:17:01.662190,37.8649080,32.4839893,1021.47,-0.0807,0.0497,2.1284,121.0,0.09,0.000,0.000,WAYPOINT
2026-08-17T15:17:02.661741,37.8649091,32.4839854,1021.43,-0.0803,0.0512,2.1278,121.0,0.16,0.000,0.000,WAYPOINT
2026-08-17T15:17:03.661749,37.8649095,32.4839844,1021.46,-0.0802,0.0509,2.1271,121.0,0.17,0.000,0.000,WAYPOINT
2026-08-17T15:17:04.661941,37.8649115,32.4839827,1021.52,-0.0807,0.0510,2.1266,121.0,0.23,0.000,0.000,WAYPOINT
2026-08-17T15:17:05.662388,37.8649119,32.4839825,1021.51,-0.0805,0.0505,2.1260,121.0,0.21,0.000,0.000,WAYPOINT
2026-08-17T15:17:06.661781,37.8649142,32.4839781,1021.55,-0.0803,0.0518,2.1250,121.0,0.30,0.000,0.000,WAYPOINT
2026-08-17T15:17:07.661773,37.8649145,32.4839770,1021.51,-0.0802,0.0515,2.1248,121.0,0.28,0.000,0.000,WAYPOINT
2026-08-17T15:17:08.661820,37.8649148,32.4839759,1021.52,-0.0803,0.0511,2.1247,121.0,0.26,0.000,0.000,WAYPOINT
2026-08-17T15:17:09.661752,37.8649135,32.4839773,1021.54,-0.0802,0.0494,2.1243,121.0,0.18,0.000,0.000,WAYPOINT
2026-08-17T15:17:10.662948,37.8649128,32.4839792,1021.48,-0.0804,0.0484,2.1236,121.0,0.10,0.000,0.450,KAMIKAZE
2026-08-17T15:17:11.661812,37.8649121,32.4839805,1021.50,-0.0807,0.0478,2.1234,121.0,0.06,0.000,0.450,KAMIKAZE
2026-08-17T15:17:12.661731,37.8649107,32.4839834,1021.58,-0.0807,0.0468,2.1237,121.0,0.07,0.000,0.450,KAMIKAZE
2026-08-17T15:17:13.661801,37.8649079,32.4839894,1021.53,-0.0807,0.0452,2.1235,121.0,0.22,0.000,0.450,KAMIKAZE
2026-08-17T15:17:14.662158,37.8649056,32.4839944,1021.39,-0.0808,0.0442,2.1239,121.0,0.29,0.000,0.450,KAMIKAZE
2026-08-17T15:17:15.661737,37.8649064,32.4839935,1021.41,-0.0809,0.0460,2.1237,121.0,0.20,0.000,0.450,KAMIKAZE
2026-08-17T15:17:16.661724,37.8649066,32.4839944,1021.46,-0.0810,0.0464,2.1236,121.0,0.19,0.000,0.450,KAMIKAZE
2026-08-17T15:17:17.661725,37.8649068,32.4839929,1021.60,-0.0806,0.0474,2.1231,121.0,0.12,0.000,0.450,KAMIKAZE
2026-08-17T15:17:18.661751,37.8649082,32.4839900,1021.59,-0.0806,0.0491,2.1229,121.0,0.07,0.000,0.450,KAMIKAZE
2026-08-17T15:17:19.661991,37.8649087,32.4839879,1021.58,-0.0805,0.0497,2.1225,121.0,0.10,0.000,0.450,KAMIKAZE
2026-08-17T15:17:20.661938,37.8649101,32.4839860,1021.58,-0.0808,0.0507,2.1219,121.0,0.15,0.000,0.450,KAMIKAZE
2026-08-17T15:17:21.661782,37.8649112,32.4839844,1021.58,-0.0808,0.0510,2.1211,121.0,0.19,0.000,0.450,KAMIKAZE
2026-08-17T15:17:22.662758,37.8649101,32.4839856,1021.59,-0.0807,0.0501,2.1207,121.0,0.12,0.000,0.000,WAYPOINT_KAMIKAZE
2026-08-17T15:17:23.662224,37.8649099,32.4839859,1021.60,-0.0806,0.0497,2.1206,121.0,0.13,0.000,0.000,WAYPOINT_KAMIKAZE
2026-08-17T15:17:24.661785,37.8649102,32.4839862,1021.58,-0.0810,0.0500,2.1201,121.0,0.13,0.000,0.000,WAYPOINT_KAMIKAZE
2026-08-17T15:17:25.661806,37.8649093,32.4839898,1021.62,-0.0809,0.0485,2.1198,121.0,0.10,0.000,0.000,WAYPOINT_KAMIKAZE
2026-08-17T15:17:26.661811,37.8649091,32.4839912,1021.65,-0.0806,0.0484,2.1195,121.0,0.11,0.000,0.000,WAYPOINT_KAMIKAZE
2026-08-17T15:17:27.661808,37.8649100,32.4839901,1021.70,-0.0804,0.0489,2.1192,121.0,0.11,0.000,0.000,WAYPOINT_KAMIKAZE
2026-08-17T15:17:28.661719,37.8649123,32.4839863,1021.71,-0.0805,0.0505,2.1192,121.0,0.19,0.000,0.000,WAYPOINT_KAMIKAZE
2026-08-17T15:17:29.661919,37.8649168,32.4839777,1021.63,-0.0804,0.0534,2.1192,121.0,0.40,0.000,0.000,WAYPOINT_KAMIKAZE
2026-08-17T15:17:30.661985,37.8649178,32.4839751,1021.60,-0.0800,0.0527,2.1185,121.0,0.40,0.000,0.000,WAYPOINT_KAMIKAZE
2026-08-17T15:17:31.661714,37.8649180,32.4839756,1021.56,-0.0800,0.0514,2.1180,121.0,0.32,0.000,0.000,WAYPOINT_KAMIKAZE
2026-08-17T15:17:32.661765,37.8649201,32.4839734,1021.60,-0.0801,0.0514,2.1179,121.0,0.36,0.000,0.000,WAYPOINT_KAMIKAZE
2026-08-17T15:17:33.661754,37.8649200,32.4839727,1021.55,-0.0797,0.0508,2.1172,121.0,0.31,0.000,0.000,WAYPOINT_KAMIKAZE
2026-08-17T15:17:34.662165,37.8649178,32.4839758,1021.40,-0.0795,0.0482,2.1171,121.0,0.15,0.000,0.000,WAYPOINT_KAMIKAZE
2026-08-17T15:17:35.661822,37.8649182,32.4839747,1021.44,-0.0792,0.0480,2.1175,121.0,0.16,0.000,0.000,WAYPOINT_KAMIKAZE
2026-08-17T15:17:36.661755,37.8649189,32.4839754,1021.48,-0.0796,0.0477,2.1170,121.0,0.12,0.000,0.000,WAYPOINT_KAMIKAZE
2026-08-17T15:17:37.661754,37.8649183,32.4839784,1021.49,-0.0797,0.0461,2.1164,121.0,0.07,0.000,0.000,WAYPOINT_KAMIKAZE
2026-08-17T15:17:38.661971,37.8649166,32.4839790,1021.41,-0.0789,0.0457,2.1161,121.0,0.03,0.000,0.000,WAYPOINT_KAMIKAZE
2026-08-17T15:17:39.662146,37.8649167,32.4839763,1021.57,-0.0781,0.0467,2.1161,121.0,0.05,0.000,0.000,WAYPOINT_KAMIKAZE
2026-08-17T15:17:40.662128,37.8649169,32.4839753,1021.63,-0.0785,0.0469,2.1158,121.0,0.06,0.000,0.000,WAYPOINT_KAMIKAZE
2026-08-17T15:17:41.661771,37.8649156,32.4839766,1021.57,-0.0784,0.0462,2.1155,121.0,0.04,0.000,0.000,WAYPOINT_KAMIKAZE
2026-08-17T15:17:42.661756,37.8649151,32.4839775,1021.54,-0.0786,0.0457,2.1150,121.0,0.05,0.000,0.000,WAYPOINT_KAMIKAZE
2026-08-17T15:17:43.661869,37.8649152,32.4839775,1021.49,-0.0790,0.0462,2.1142,121.0,0.03,0.000,0.000,WAYPOINT_KAMIKAZE
2026-08-17T15:17:44.661714,37.8649158,32.4839762,1021.52,-0.0791,0.0468,2.1141,121.0,0.02,0.000,0.000,WAYPOINT_KAMIKAZE
2026-08-17T15:17:45.661791,37.8649162,32.4839739,1021.58,-0.0789,0.0477,2.1136,121.0,0.07,0.000,0.000,WAYPOINT_KAMIKAZE
2026-08-17T15:17:46.661800,37.8649157,32.4839746,1021.56,-0.0789,0.0474,2.1136,121.0,0.04,0.000,0.000,WAYPOINT_KAMIKAZE
2026-08-17T15:17:47.661792,37.8649165,32.4839723,1021.59,-0.0790,0.0483,2.1129,121.0,0.09,0.000,0.000,WAYPOINT_KAMIKAZE
2026-08-17T15:17:48.661738,37.8649164,32.4839730,1021.59,-0.0794,0.0478,2.1129,121.0,0.07,0.000,0.000,WAYPOINT_KAMIKAZE
2026-08-17T15:17:49.661700,37.8649170,32.4839706,1021.52,-0.0793,0.0487,2.1129,121.0,0.12,0.000,0.000,WAYPOINT_KAMIKAZE
2026-08-17T15:17:50.662133,37.8649179,32.4839697,1021.53,-0.0798,0.0487,2.1123,121.0,0.13,0.000,0.000,WAYPOINT_KAMIKAZE
2026-08-17T15:17:51.662369,37.8649169,32.4839712,1021.48,-0.0799,0.0475,2.1118,120.0,0.05,0.000,0.000,WAYPOINT_KAMIKAZE
2026-08-17T15:17:52.661763,37.8649172,32.4839712,1021.54,-0.0801,0.0476,2.1114,120.0,0.06,0.000,0.000,WAYPOINT_KAMIKAZE
2026-08-17T15:17:53.661930,37.8649148,32.4839736,1021.50,-0.0798,0.0464,2.1108,120.0,0.04,0.000,0.000,WAYPOINT_KAMIKAZE
2026-08-17T15:17:54.661707,37.8649140,32.4839745,1021.53,-0.0795,0.0461,2.1108,120.0,0.06,0.000,0.000,WAYPOINT_KAMIKAZE
2026-08-17T15:17:55.661935,37.8649137,32.4839734,1021.49,-0.0794,0.0469,2.1104,120.0,0.03,0.000,0.000,WAYPOINT_KAMIKAZE
2026-08-17T15:17:56.661697,37.8649144,32.4839726,1021.53,-0.0797,0.0473,2.1100,120.0,0.01,0.000,0.000,WAYPOINT_KAMIKAZE
2026-08-17T15:17:57.661452,37.8649147,32.4839732,1021.53,-0.0799,0.0473,2.1101,120.0,0.03,0.000,0.000,WAYPOINT_KAMIKAZE
2026-08-17T15:17:58.661500,37.8649139,32.4839761,1021.57,-0.0801,0.0459,2.1098,120.0,0.09,0.000,0.000,WAYPOINT_KAMIKAZE
2026-08-17T15:17:59.663856,37.8649136,32.4839771,1021.58,-0.0801,0.0459,2.1098,120.0,0.11,0.000,0.000,WAYPOINT_KAMIKAZE
2026-08-17T15:18:00.661679,37.8649136,32.4839780,1021.55,-0.0802,0.0466,2.1099,120.0,0.10,0.000,0.000,WAYPOINT_KAMIKAZE
2026-08-17T15:18:01.662802,37.8649140,32.4839774,1021.57,-0.0801,0.0471,2.1094,120.0,0.07,0.000,0.000,WAYPOINT_KAMIKAZE
2026-08-17T15:18:02.661770,37.8649139,32.4839773,1021.65,-0.0800,0.0469,2.1088,120.0,0.09,0.000,0.000,WAYPOINT_KAMIKAZE
2026-08-17T15:18:03.661871,37.8649103,32.4839835,1021.59,-0.0799,0.0445,2.1089,120.0,0.25,0.000,0.000,WAYPOINT_KAMIKAZE
2026-08-17T15:18:04.661729,37.8649085,32.4839868,1021.57,-0.0798,0.0442,2.1089,120.0,0.28,0.000,0.000,WAYPOINT_KAMIKAZE
2026-08-17T15:18:05.661760,37.8649071,32.4839899,1021.60,-0.0797,0.0440,2.1086,120.0,0.29,0.000,0.000,WAYPOINT_KAMIKAZE
2026-08-17T15:18:06.661717,37.8649071,32.4839913,1021.62,-0.0799,0.0445,2.1091,120.0,0.29,0.000,0.000,WAYPOINT_KAMIKAZE
2026-08-17T15:18:07.661705,37.8649058,32.4839948,1021.61,-0.0800,0.0442,2.1090,120.0,0.31,0.000,0.000,WAYPOINT_KAMIKAZE
2026-08-17T15:18:08.661903,37.8649058,32.4839964,1021.54,-0.0803,0.0451,2.1089,120.0,0.26,0.000,0.000,WAYPOINT_KAMIKAZE
2026-08-17T15:18:09.661747,37.8649068,32.4839949,1021.51,-0.0801,0.0468,2.1092,120.0,0.18,0.000,0.000,WAYPOINT_KAMIKAZE
2026-08-17T15:18:10.661828,37.8649081,32.4839933,1021.56,-0.0802,0.0480,2.1088,120.0,0.10,0.000,0.000,WAYPOINT_KAMIKAZE
2026-08-17T15:18:11.661705,37.8649088,32.4839921,1021.67,-0.0800,0.0485,2.1086,120.0,0.07,0.000,0.000,WAYPOINT_KAMIKAZE
2026-08-17T15:18:12.661726,37.8649079,32.4839931,1021.68,-0.0797,0.0486,2.1083,120.0,0.04,0.000,0.000,WAYPOINT_KAMIKAZE
2026-08-17T15:18:13.661764,37.8649087,32.4839897,1021.62,-0.0795,0.0496,2.1078,120.0,0.06,0.000,0.000,WAYPOINT_KAMIKAZE
2026-08-17T15:18:14.662101,37.8649072,32.4839903,1021.57,-0.0792,0.0484,2.1075,120.0,0.02,0.000,0.000,WAYPOINT_KAMIKAZE
2026-08-17T15:18:15.661738,37.8649062,32.4839923,1021.60,-0.0794,0.0478,2.1072,120.0,0.05,0.000,0.000,WAYPOINT_KAMIKAZE
2026-08-17T15:18:16.661907,37.8649054,32.4839939,1021.57,-0.0794,0.0476,2.1076,120.0,0.07,0.000,0.000,WAYPOINT_KAMIKAZE
2026-08-17T15:18:17.661776,37.8649052,32.4839940,1021.52,-0.0797,0.0479,2.1077,120.0,0.04,0.000,0.000,WAYPOINT_KAMIKAZE
2026-08-17T15:18:18.662145,37.8649059,32.4839926,1021.51,-0.0795,0.0487,2.1076,120.0,0.03,0.000,0.000,WAYPOINT_KAMIKAZE
2026-08-17T15:18:19.661791,37.8649061,32.4839912,1021.56,-0.0794,0.0488,2.1076,120.0,0.03,0.000,0.000,WAYPOINT_KAMIKAZE
2026-08-17T15:18:20.661816,37.8649053,32.4839914,1021.53,-0.0792,0.0486,2.1077,120.0,0.04,0.000,0.000,WAYPOINT_KAMIKAZE
2026-08-17T15:18:21.662283,37.8649049,32.4839910,1021.48,-0.0792,0.0492,2.1074,120.0,0.08,0.000,0.000,WAYPOINT_KAMIKAZE
2026-08-17T15:18:22.661734,37.8649069,32.4839863,1021.50,-0.0793,0.0505,2.1075,120.0,0.17,0.000,0.000,WAYPOINT_KAMIKAZE
2026-08-17T15:18:23.661835,37.8649086,32.4839838,1021.52,-0.0795,0.0507,2.1073,120.0,0.22,0.000,0.000,WAYPOINT_KAMIKAZE
2026-08-17T15:18:24.661758,37.8649075,32.4839851,1021.54,-0.0791,0.0484,2.1076,120.0,0.08,0.000,0.000,WAYPOINT_KAMIKAZE
2026-08-17T15:18:25.661841,37.8649051,32.4839890,1021.46,-0.0789,0.0463,2.1073,120.0,0.04,0.000,0.000,WAYPOINT_KAMIKAZE
2026-08-17T15:18:26.662445,37.8649038,32.4839909,1021.43,-0.0789,0.0458,2.1075,120.0,0.09,0.000,0.000,WAYPOINT_KAMIKAZE
2026-08-17T15:18:27.661743,37.8649034,32.4839922,1021.47,-0.0790,0.0456,2.1081,120.0,0.09,0.000,0.000,WAYPOINT_KAMIKAZE
2026-08-17T15:18:28.662357,37.8649025,32.4839950,1021.47,-0.0791,0.0445,2.1079,120.0,0.18,0.000,0.000,WAYPOINT_KAMIKAZE
2026-08-17T15:18:29.661743,37.8649010,32.4839987,1021.50,-0.0791,0.0436,2.1082,120.0,0.25,0.000,0.000,WAYPOINT_KAMIKAZE
2026-08-17T15:18:30.661797,37.8648988,32.4840034,1021.55,-0.0791,0.0429,2.1082,120.0,0.30,0.000,0.000,WAYPOINT_KAMIKAZE
2026-08-17T15:18:31.661839,37.8648989,32.4840033,1021.57,-0.0792,0.0441,2.1082,120.0,0.25,0.000,0.000,WAYPOINT_KAMIKAZE
2026-08-17T15:18:32.661829,37.8648991,32.4840037,1021.61,-0.0796,0.0448,2.1079,120.0,0.23,0.000,0.000,WAYPOINT_KAMIKAZE
2026-08-17T15:18:33.661943,37.8648984,32.4840060,1021.58,-0.0800,0.0450,2.1075,120.0,0.24,0.000,0.000,WAYPOINT_KAMIKAZE
2026-08-17T15:18:34.661959,37.8648979,32.4840085,1021.67,-0.0800,0.0450,2.1074,120.0,0.29,0.000,0.000,WAYPOINT_KAMIKAZE
2026-08-17T15:18:35.662131,37.8648950,32.4840129,1021.60,-0.0799,0.0447,2.1073,120.0,0.29,0.000,0.000,WAYPOINT_KAMIKAZE
2026-08-17T15:18:36.661729,37.8648959,32.4840097,1021.47,-0.0799,0.0473,2.1073,120.0,0.16,0.000,0.000,WAYPOINT_KAMIKAZE
2026-08-17T15:18:37.661740,37.8648948,32.4840116,1021.57,-0.0800,0.0466,2.1074,120.0,0.20,0.000,0.000,WAYPOINT_KAMIKAZE
2026-08-17T15:18:38.661736,37.8648928,32.4840136,1021.53,-0.0796,0.0464,2.1075,120.0,0.24,0.000,0.000,WAYPOINT_KAMIKAZE
2026-08-17T15:18:39.661761,37.8648894,32.4840191,1021.61,-0.0794,0.0449,2.1078,120.0,0.35,0.000,0.000,WAYPOINT_KAMIKAZE
2026-08-17T15:18:40.661826,37.8648884,32.4840212,1021.65,-0.0797,0.0459,2.1081,120.0,0.29,0.000,0.000,WAYPOINT_KAMIKAZE
2026-08-17T15:18:41.662154,37.8648884,32.4840191,1021.67,-0.0795,0.0474,2.1082,120.0,0.20,0.000,0.000,WAYPOINT_KAMIKAZE
2026-08-17T15:18:42.661801,37.8648867,32.4840203,1021.76,-0.0790,0.0475,2.1083,120.0,0.17,0.000,0.000,WAYPOINT_KAMIKAZE
2026-08-17T15:18:43.661980,37.8648876,32.4840168,1021.76,-0.0790,0.0496,2.1082,120.0,0.05,0.000,0.000,WAYPOINT_KAMIKAZE
2026-08-17T15:18:44.661812,37.8648875,32.4840154,1021.67,-0.0787,0.0500,2.1078,120.0,0.05,0.000,0.000,WAYPOINT_KAMIKAZE
2026-08-17T15:18:45.661835,37.8648877,32.4840150,1021.57,-0.0792,0.0501,2.1074,120.0,0.04,0.000,0.000,WAYPOINT_KAMIKAZE
2026-08-17T15:18:46.661796,37.8648868,32.4840159,1021.51,-0.0793,0.0499,2.1073,120.0,0.04,0.000,0.000,WAYPOINT_KAMIKAZE
2026-08-17T15:18:47.661710,37.8648877,32.4840136,1021.48,-0.0797,0.0511,2.1074,120.0,0.13,0.000,0.000,WAYPOINT_KAMIKAZE
2026-08-17T15:18:48.661800,37.8648902,32.4840092,1021.45,-0.0798,0.0526,2.1072,120.0,0.25,0.000,0.000,WAYPOINT_KAMIKAZE
2026-08-17T15:18:49.662043,37.8648924,32.4840057,1021.59,-0.0796,0.0531,2.1064,120.0,0.33,0.000,0.000,WAYPOINT_KAMIKAZE
2026-08-17T15:18:50.662221,37.8648939,32.4840006,1021.68,-0.0793,0.0537,2.1054,120.0,0.40,0.000,0.000,WAYPOINT_KAMIKAZE
2026-08-17T15:18:51.661766,37.8648946,32.4839984,1021.71,-0.0794,0.0529,2.1048,120.0,0.40,0.000,0.000,WAYPOINT_KAMIKAZE
2026-08-17T15:18:52.661787,37.8648977,32.4839931,1021.66,-0.0799,0.0540,2.1042,120.0,0.50,0.000,0.000,WAYPOINT_KAMIKAZE
2026-08-17T15:18:53.662153,37.8648993,32.4839911,1021.65,-0.0801,0.0528,2.1035,120.0,0.46,0.000,0.000,WAYPOINT_KAMIKAZE
2026-08-17T15:18:54.661740,37.8648982,32.4839924,1021.64,-0.0798,0.0505,2.1031,120.0,0.31,0.000,0.000,WAYPOINT_KAMIKAZE
2026-08-17T15:18:55.661733,37.8648997,32.4839900,1021.67,-0.0801,0.0515,2.1025,120.0,0.43,0.000,0.000,WAYPOINT_KAMIKAZE
2026-08-17T15:18:56.662185,37.8649041,32.4839821,1021.65,-0.0802,0.0530,2.1020,120.0,0.54,0.000,0.000,WAYPOINT_KAMIKAZE
2026-08-17T15:18:57.662049,37.8649066,32.4839794,1021.60,-0.0807,0.0524,2.1017,120.0,0.56,0.000,0.000,WAYPOINT_KAMIKAZE
2026-08-17T15:18:58.661775,37.8649106,32.4839724,1021.55,-0.0806,0.0543,2.1014,120.0,0.70,0.000,0.000,WAYPOINT_KAMIKAZE
2026-08-17T15:18:59.661757,37.8649137,32.4839645,1021.48,-0.0800,0.0544,2.1008,120.0,0.73,0.000,0.000,WAYPOINT_KAMIKAZE
2026-08-17T15:19:00.662128,37.8649148,32.4839617,1021.39,-0.0801,0.0524,2.1001,120.0,0.63,0.000,0.000,WAYPOINT_KAMIKAZE
2026-08-17T15:19:01.661792,37.8649144,32.4839638,1021.36,-0.0804,0.0495,2.0997,120.0,0.44,0.000,0.000,WAYPOINT_KAMIKAZE
2026-08-17T15:19:02.661776,37.8649133,32.4839662,1021.40,-0.0804,0.0469,2.1002,120.0,0.27,0.000,0.000,WAYPOINT_KAMIKAZE
2026-08-17T15:19:03.661918,37.8649125,32.4839686,1021.37,-0.0806,0.0451,2.1001,120.0,0.15,0.000,0.000,WAYPOINT_KAMIKAZE
2026-08-17T15:19:04.661895,37.8649119,32.4839712,1021.40,-0.0805,0.0435,2.1003,120.0,0.07,0.000,0.000,WAYPOINT_KAMIKAZE
2026-08-17T15:19:05.661735,37.8649088,32.4839765,1021.45,-0.0799,0.0410,2.1005,120.0,0.19,0.000,0.000,WAYPOINT_KAMIKAZE
2026-08-17T15:19:06.661708,37.8649078,32.4839774,1021.48,-0.0797,0.0424,2.1008,120.0,0.11,0.000,0.000,WAYPOINT_KAMIKAZE
2026-08-17T15:19:07.661842,37.8649092,32.4839733,1021.57,-0.0793,0.0440,2.1013,120.0,0.05,0.000,0.000,WAYPOINT_KAMIKAZE
2026-08-17T15:19:08.661998,37.8649087,32.4839734,1021.63,-0.0791,0.0441,2.1014,120.0,0.06,0.000,0.000,WAYPOINT_KAMIKAZE
2026-08-17T15:19:09.661928,37.8649083,32.4839749,1021.68,-0.0793,0.0437,2.1020,120.0,0.11,0.000,0.000,WAYPOINT_KAMIKAZE
2026-08-17T15:19:10.661949,37.8649073,32.4839794,1021.68,-0.0799,0.0425,2.1025,120.0,0.23,0.000,0.000,WAYPOINT_KAMIKAZE
2026-08-17T15:19:11.661828,37.8649048,32.4839857,1021.66,-0.0797,0.0412,2.1028,120.0,0.33,0.000,0.000,WAYPOINT_KAMIKAZE
2026-08-17T15:19:12.661746,37.8649053,32.4839874,1021.66,-0.0801,0.0424,2.1031,120.0,0.32,0.000,0.000,WAYPOINT_KAMIKAZE
2026-08-17T15:19:13.661829,37.8649026,32.4839949,1021.64,-0.0801,0.0405,2.1039,120.0,0.48,0.000,0.000,WAYPOINT_KAMIKAZE
2026-08-17T15:19:14.662137,37.8648995,32.4840035,1021.61,-0.0799,0.0390,2.1046,120.0,0.67,0.000,0.000,WAYPOINT_KAMIKAZE
2026-08-17T15:19:15.661758,37.8648940,32.4840133,1021.56,-0.0792,0.0381,2.1052,120.0,0.74,0.000,0.000,WAYPOINT_KAMIKAZE
2026-08-17T15:19:16.661929,37.8648921,32.4840151,1021.52,-0.0789,0.0405,2.1053,120.0,0.65,0.000,0.000,WAYPOINT_KAMIKAZE
2026-08-17T15:19:17.661774,37.8648912,32.4840165,1021.52,-0.0789,0.0420,2.1054,120.0,0.59,0.000,0.000,WAYPOINT_KAMIKAZE
2026-08-17T15:19:18.661713,37.8648913,32.4840169,1021.55,-0.0790,0.0443,2.1058,120.0,0.46,0.000,0.000,WAYPOINT_KAMIKAZE
2026-08-17T15:19:19.661889,37.8648912,32.4840168,1021.51,-0.0790,0.0463,2.1059,120.0,0.33,0.000,0.000,WAYPOINT_KAMIKAZE
2026-08-17T15:19:20.662008,37.8648926,32.4840144,1021.45,-0.0793,0.0488,2.1056,120.0,0.19,0.000,0.000,WAYPOINT_KAMIKAZE
2026-08-17T15:19:21.661755,37.8648945,32.4840120,1021.51,-0.0795,0.0503,2.1055,120.0,0.07,0.000,0.000,WAYPOINT_KAMIKAZE
2026-08-17T15:19:22.661779,37.8648938,32.4840138,1021.52,-0.0798,0.0494,2.1051,120.0,0.11,0.000,0.000,WAYPOINT_KAMIKAZE
2026-08-17T15:19:23.662176,37.8648941,32.4840142,1021.46,-0.0800,0.0505,2.1050,120.0,0.06,0.000,0.000,WAYPOINT_KAMIKAZE
2026-08-17T15:19:24.661729,37.8648952,32.4840128,1021.50,-0.0802,0.0513,2.1048,120.0,0.07,0.000,0.000,WAYPOINT_KAMIKAZE
2026-08-17T15:19:25.661839,37.8648950,32.4840125,1021.52,-0.0800,0.0510,2.1044,120.0,0.06,0.000,0.000,WAYPOINT_KAMIKAZE
2026-08-17T15:19:26.661748,37.8648940,32.4840100,1021.51,-0.0793,0.0515,2.1037,120.0,0.11,0.000,0.000,WAYPOINT_KAMIKAZE
2026-08-17T15:19:27.661761,37.8648936,32.4840098,1021.59,-0.0793,0.0509,2.1038,120.0,0.08,0.000,0.000,WAYPOINT_KAMIKAZE
2026-08-17T15:19:28.661810,37.8648926,32.4840119,1021.62,-0.0794,0.0501,2.1036,120.0,0.06,0.000,0.000,WAYPOINT_KAMIKAZE
2026-08-17T15:19:29.661843,37.8648926,32.4840142,1021.56,-0.0800,0.0492,2.1031,120.0,0.04,0.000,0.000,WAYPOINT_KAMIKAZE
2026-08-17T15:19:30.661782,37.8648917,32.4840165,1021.56,-0.0800,0.0483,2.1030,120.0,0.05,0.000,0.000,WAYPOINT_KAMIKAZE
2026-08-17T15:19:31.661852,37.8648918,32.4840167,1021.59,-0.0799,0.0487,2.1028,120.0,0.04,0.000,0.000,WAYPOINT_KAMIKAZE
2026-08-17T15:19:32.661773,37.8648906,32.4840182,1021.55,-0.0796,0.0480,2.1024,120.0,0.05,0.000,0.000,WAYPOINT_KAMIKAZE
2026-08-17T15:19:33.662065,37.8648893,32.4840200,1021.51,-0.0796,0.0473,2.1022,120.0,0.10,0.000,0.000,WAYPOINT_KAMIKAZE
2026-08-17T15:19:34.661711,37.8648897,32.4840207,1021.51,-0.0801,0.0478,2.1024,120.0,0.05,0.000,0.000,WAYPOINT_KAMIKAZE
2026-08-17T15:19:35.662073,37.8648916,32.4840182,1021.55,-0.0802,0.0489,2.1020,120.0,0.09,0.000,0.000,WAYPOINT_KAMIKAZE
2026-08-17T15:19:36.662193,37.8648932,32.4840147,1021.60,-0.0801,0.0497,2.1013,120.0,0.18,0.000,0.000,WAYPOINT_KAMIKAZE
2026-08-17T15:19:37.661771,37.8648947,32.4840115,1021.62,-0.0799,0.0501,2.1009,120.0,0.22,0.000,0.000,WAYPOINT_KAMIKAZE
2026-08-17T15:19:38.662123,37.8648961,32.4840069,1021.63,-0.0794,0.0509,2.1003,120.0,0.31,0.000,0.000,WAYPOINT_KAMIKAZE
2026-08-17T15:19:39.661951,37.8648973,32.4840041,1021.65,-0.0793,0.0499,2.0998,120.0,0.26,0.000,0.000,WAYPOINT_KAMIKAZE
2026-08-17T15:19:40.661743,37.8648970,32.4840046,1021.58,-0.0792,0.0488,2.0996,120.0,0.22,0.000,0.000,WAYPOINT_KAMIKAZE
2026-08-17T15:19:41.661736,37.8648995,32.4840020,1021.53,-0.0801,0.0492,2.0991,120.0,0.28,0.000,0.000,WAYPOINT_KAMIKAZE
2026-08-17T15:19:42.662117,37.8649017,32.4840026,1021.56,-0.0808,0.0482,2.0988,120.0,0.24,0.000,0.000,WAYPOINT_KAMIKAZE
2026-08-17T15:19:43.661726,37.8649025,32.4840033,1021.60,-0.0807,0.0473,2.0989,120.0,0.20,0.000,0.000,WAYPOINT_KAMIKAZE
2026-08-17T15:19:44.661784,37.8649033,32.4840053,1021.66,-0.0810,0.0464,2.0989,120.0,0.17,0.000,0.000,WAYPOINT_KAMIKAZE
2026-08-17T15:19:45.661859,37.8649035,32.4840055,1021.66,-0.0805,0.0463,2.0986,120.0,0.15,0.000,0.000,WAYPOINT_KAMIKAZE
2026-08-17T15:19:46.661764,37.8649043,32.4840037,1021.55,-0.0803,0.0466,2.0985,120.0,0.14,0.000,0.000,WAYPOINT_KAMIKAZE
2026-08-17T15:19:47.665247,37.8649042,32.4840015,1021.54,-0.0797,0.0466,2.0985,120.0,0.13,0.000,0.000,WAYPOINT_KAMIKAZE
2026-08-17T15:19:48.661779,37.8649068,32.4839957,1021.58,-0.0797,0.0484,2.0980,120.0,0.25,0.000,0.000,WAYPOINT_KAMIKAZE
2026-08-17T15:19:49.661730,37.8649086,32.4839916,1021.52,-0.0798,0.0487,2.0983,120.0,0.29,0.000,0.000,WAYPOINT_KAMIKAZE
2026-08-17T15:19:50.661789,37.8649087,32.4839913,1021.46,-0.0796,0.0470,2.0987,120.0,0.18,0.000,0.000,WAYPOINT_KAMIKAZE
2026-08-17T15:19:51.662073,37.8649080,32.4839916,1021.41,-0.0791,0.0459,2.0985,120.0,0.11,0.000,0.000,WAYPOINT_KAMIKAZE
2026-08-17T15:19:52.665618,37.8649067,32.4839925,1021.46,-0.0787,0.0448,2.0985,120.0,0.04,0.000,0.000,WAYPOINT_KAMIKAZE
2026-08-17T15:19:53.661754,37.8649070,32.4839935,1021.58,-0.0790,0.0440,2.0984,120.0,0.03,0.000,0.000,WAYPOINT_KAMIKAZE
2026-08-17T15:19:54.661807,37.8649059,32.4839954,1021.56,-0.0787,0.0437,2.0985,120.0,0.06,0.000,0.000,WAYPOINT_KAMIKAZE
2026-08-17T15:19:55.661789,37.8649055,32.4839953,1021.62,-0.0784,0.0435,2.0992,120.0,0.09,0.000,0.000,WAYPOINT_KAMIKAZE
2026-08-17T15:19:56.661718,37.8649049,32.4839953,1021.66,-0.0782,0.0435,2.0995,120.0,0.10,0.000,0.000,WAYPOINT_KAMIKAZE
2026-08-17T15:19:57.661961,37.8649053,32.4839944,1021.69,-0.0782,0.0445,2.0997,120.0,0.07,0.000,0.000,WAYPOINT_KAMIKAZE
2026-08-17T15:19:58.661735,37.8649043,32.4839961,1021.67,-0.0784,0.0437,2.1000,120.0,0.13,0.000,0.000,WAYPOINT_KAMIKAZE
2026-08-17T15:19:59.661737,37.8649034,32.4839975,1021.67,-0.0785,0.0436,2.0998,120.0,0.15,0.000,0.000,WAYPOINT_KAMIKAZE
2026-08-17T15:20:00.662697,37.8649029,32.4839995,1021.70,-0.0783,0.0432,2.0997,120.0,0.19,0.000,0.000,WAYPOINT_KAMIKAZE
2026-08-17T15:20:01.661980,37.8649015,32.4840013,1021.69,-0.0782,0.0429,2.0999,120.0,0.22,0.000,0.000,WAYPOINT_KAMIKAZE
2026-08-17T15:20:02.662263,37.8648997,32.4840037,1021.68,-0.0780,0.0419,2.1000,120.0,0.33,0.000,0.000,WAYPOINT_KAMIKAZE
2026-08-17T15:20:03.661869,37.8648961,32.4840078,1021.67,-0.0776,0.0414,2.1000,120.0,0.37,0.000,0.000,WAYPOINT_KAMIKAZE
2026-08-17T15:20:04.661788,37.8648968,32.4840061,1021.66,-0.0778,0.0435,2.1001,120.0,0.26,0.000,0.000,WAYPOINT_KAMIKAZE
2026-08-17T15:20:05.661970,37.8648963,32.4840076,1021.64,-0.0784,0.0432,2.1006,120.0,0.29,0.000,0.000,WAYPOINT_KAMIKAZE
2026-08-17T15:20:06.662220,37.8648958,32.4840125,1021.64,-0.0793,0.0428,2.1006,120.0,0.35,0.000,0.000,WAYPOINT_KAMIKAZE
2026-08-17T15:20:07.661974,37.8648951,32.4840138,1021.62,-0.0791,0.0439,2.1007,120.0,0.29,0.000,0.000,WAYPOINT_KAMIKAZE
2026-08-17T15:20:08.661725,37.8648955,32.4840135,1021.63,-0.0789,0.0448,2.1008,120.0,0.23,0.000,0.000,WAYPOINT_KAMIKAZE
2026-08-17T15:20:09.661811,37.8648974,32.4840114,1021.60,-0.0793,0.0463,2.1007,120.0,0.15,0.000,0.000,WAYPOINT_KAMIKAZE
2026-08-17T15:20:10.661810,37.8648971,32.4840149,1021.54,-0.0784,0.0448,2.1002,120.0,0.22,0.000,0.000,WAYPOINT_KAMIKAZE
2026-08-17T15:20:11.661746,37.8648953,32.4840167,1021.51,-0.0780,0.0442,2.1002,120.0,0.24,0.000,0.000,WAYPOINT_KAMIKAZE
2026-08-17T15:20:12.661807,37.8648948,32.4840162,1021.53,-0.0777,0.0457,2.1001,120.0,0.17,0.000,0.000,WAYPOINT_KAMIKAZE
2026-08-17T15:20:13.661724,37.8648953,32.4840165,1021.54,-0.0783,0.0459,2.0998,120.0,0.14,0.000,0.000,WAYPOINT_KAMIKAZE
2026-08-17T15:20:14.661768,37.8648985,32.4840166,1021.53,-0.0791,0.0471,2.0995,120.0,0.09,0.000,0.000,WAYPOINT_KAMIKAZE
2026-08-17T15:20:15.661832,37.8648996,32.4840148,1021.49,-0.0789,0.0476,2.0990,120.0,0.10,0.000,0.000,WAYPOINT_KAMIKAZE
2026-08-17T15:20:16.661696,37.8649018,32.4840120,1021.56,-0.0792,0.0488,2.0987,120.0,0.16,0.000,0.000,WAYPOINT_KAMIKAZE
2026-08-17T15:20:17.661967,37.8649037,32.4840110,1021.64,-0.0792,0.0487,2.0984,120.0,0.16,0.000,0.000,WAYPOINT_KAMIKAZE
2026-08-17T15:20:18.661768,37.8649037,32.4840126,1021.69,-0.0791,0.0478,2.0987,120.0,0.15,0.000,0.000,WAYPOINT_KAMIKAZE
2026-08-17T15:20:19.661719,37.8649038,32.4840086,1021.68,-0.0784,0.0486,2.0985,120.0,0.15,0.000,0.000,WAYPOINT_KAMIKAZE
2026-08-17T15:20:20.661764,37.8649043,32.4840069,1021.61,-0.0785,0.0481,2.0981,120.0,0.15,0.000,0.000,WAYPOINT_KAMIKAZE
2026-08-17T15:20:21.661877,37.8649079,32.4840065,1021.61,-0.0793,0.0484,2.0979,120.0,0.23,0.000,0.000,WAYPOINT_KAMIKAZE
2026-08-17T15:20:22.661875,37.8649096,32.4840044,1021.62,-0.0792,0.0484,2.0977,120.0,0.24,0.000,0.000,WAYPOINT_KAMIKAZE
2026-08-17T15:20:23.661818,37.8649108,32.4840023,1021.59,-0.0785,0.0481,2.0979,120.0,0.24,0.000,0.000,WAYPOINT_KAMIKAZE
2026-08-17T15:20:24.661725,37.8649130,32.4839987,1021.53,-0.0782,0.0488,2.0980,120.0,0.30,0.000,0.000,WAYPOINT_KAMIKAZE
2026-08-17T15:20:25.661800,37.8649132,32.4839956,1021.52,-0.0771,0.0490,2.0979,120.0,0.30,0.000,0.000,WAYPOINT_KAMIKAZE
2026-08-17T15:20:26.661781,37.8649113,32.4839919,1021.48,-0.0760,0.0484,2.0974,120.0,0.28,0.000,0.000,WAYPOINT_KAMIKAZE
2026-08-17T15:20:27.661734,37.8649115,32.4839894,1021.48,-0.0762,0.0481,2.0973,120.0,0.27,0.000,0.000,WAYPOINT_KAMIKAZE
2026-08-17T15:20:28.661848,37.8649123,32.4839870,1021.50,-0.0760,0.0478,2.0975,120.0,0.29,0.000,0.000,WAYPOINT_KAMIKAZE
2026-08-17T15:20:29.662129,37.8649116,32.4839859,1021.53,-0.0763,0.0466,2.0972,120.0,0.19,0.000,0.000,WAYPOINT_KAMIKAZE
2026-08-17T15:20:30.662017,37.8649094,32.4839890,1021.62,-0.0760,0.0451,2.0971,120.0,0.11,0.000,0.000,WAYPOINT_KAMIKAZE
2026-08-17T15:20:31.661826,37.8649086,32.4839877,1021.66,-0.0757,0.0454,2.0969,120.0,0.15,0.000,0.000,WAYPOINT_KAMIKAZE
2026-08-17T15:20:32.661949,37.8649070,32.4839869,1021.69,-0.0758,0.0447,2.0966,120.0,0.12,0.000,0.000,WAYPOINT_KAMIKAZE
2026-08-17T15:20:33.661946,37.8649055,32.4839874,1021.75,-0.0760,0.0446,2.0968,120.0,0.13,0.000,0.000,WAYPOINT_KAMIKAZE
2026-08-17T15:20:34.661833,37.8649069,32.4839847,1021.72,-0.0774,0.0455,2.0964,120.0,0.13,0.000,0.000,WAYPOINT_KAMIKAZE
2026-08-17T15:20:35.661814,37.8649081,32.4839828,1021.61,-0.0776,0.0461,2.0963,120.0,0.14,0.000,0.000,WAYPOINT_KAMIKAZE
2026-08-17T15:20:36.661740,37.8649083,32.4839841,1021.52,-0.0782,0.0453,2.0962,120.0,0.05,0.000,0.000,WAYPOINT_KAMIKAZE
2026-08-17T15:20:37.661796,37.8649086,32.4839870,1021.45,-0.0788,0.0443,2.0966,120.0,0.06,0.000,0.000,WAYPOINT_KAMIKAZE
2026-08-17T15:20:38.661751,37.8649077,32.4839897,1021.45,-0.0787,0.0436,2.0970,120.0,0.11,0.000,0.000,WAYPOINT_KAMIKAZE
2026-08-17T15:20:39.661823,37.8649038,32.4839893,1021.46,-0.0773,0.0435,2.0976,120.0,0.14,0.000,0.000,WAYPOINT_KAMIKAZE
2026-08-17T15:20:40.661785,37.8649035,32.4839890,1021.51,-0.0786,0.0435,2.0977,120.0,0.15,0.000,0.000,WAYPOINT_KAMIKAZE
2026-08-17T15:20:41.661825,37.8649034,32.4839920,1021.57,-0.0790,0.0436,2.0977,120.0,0.15,0.000,0.000,WAYPOINT_KAMIKAZE
2026-08-17T15:20:42.661769,37.8649035,32.4839889,1021.53,-0.0780,0.0454,2.0982,120.0,0.04,0.000,0.000,WAYPOINT_KAMIKAZE
2026-08-17T15:20:43.661898,37.8649055,32.4839910,1021.49,-0.0797,0.0447,2.0980,120.0,0.13,0.000,0.000,WAYPOINT_KAMIKAZE
2026-08-17T15:20:44.661907,37.8649051,32.4839947,1021.45,-0.0798,0.0442,2.0982,120.0,0.18,0.000,0.000,WAYPOINT_KAMIKAZE
2026-08-17T15:20:45.665674,37.8649046,32.4840012,1021.48,-0.0806,0.0428,2.0984,120.0,0.33,0.000,0.000,WAYPOINT_KAMIKAZE
2026-08-17T15:20:46.661788,37.8649068,32.4840069,1021.58,-0.0817,0.0426,2.0988,120.0,0.41,0.000,0.000,WAYPOINT_KAMIKAZE
2026-08-17T15:20:47.661713,37.8649077,32.4840107,1021.58,-0.0818,0.0430,2.0992,120.0,0.42,0.000,0.000,WAYPOINT_KAMIKAZE
2026-08-17T15:20:48.661765,37.8649087,32.4840148,1021.51,-0.0819,0.0429,2.0994,120.0,0.47,0.000,0.000,WAYPOINT_KAMIKAZE
2026-08-17T15:20:49.661863,37.8649098,32.4840178,1021.50,-0.0817,0.0436,2.0997,120.0,0.43,0.000,0.000,WAYPOINT_KAMIKAZE
2026-08-17T15:20:50.661843,37.8649096,32.4840186,1021.50,-0.0809,0.0442,2.1001,120.0,0.40,0.000,0.000,WAYPOINT_KAMIKAZE
2026-08-17T15:20:51.661794,37.8649094,32.4840202,1021.46,-0.0799,0.0454,2.1007,120.0,0.30,0.000,0.000,WAYPOINT_KAMIKAZE
2026-08-17T15:20:52.661754,37.8649072,32.4840164,1021.46,-0.0776,0.0466,2.1008,120.0,0.17,0.000,0.000,WAYPOINT_KAMIKAZE
2026-08-17T15:20:53.661798,37.8649064,32.4840217,1021.37,-0.0787,0.0448,2.1006,120.0,0.30,0.000,0.000,WAYPOINT_KAMIKAZE
2026-08-17T15:20:54.661764,37.8649049,32.4840254,1021.39,-0.0788,0.0449,2.1006,120.0,0.25,0.000,0.000,WAYPOINT_KAMIKAZE
2026-08-17T15:20:55.661733,37.8649053,32.4840222,1021.44,-0.0772,0.0470,2.1011,120.0,0.14,0.000,0.000,WAYPOINT_KAMIKAZE
2026-08-17T15:20:56.661713,37.8649032,32.4840199,1021.52,-0.0765,0.0478,2.1014,120.0,0.07,0.000,0.000,WAYPOINT_KAMIKAZE
2026-08-17T15:20:57.661757,37.8649025,32.4840185,1021.56,-0.0767,0.0486,2.1009,120.0,0.07,0.000,0.000,WAYPOINT_KAMIKAZE
2026-08-17T15:20:58.661710,37.8649018,32.4840150,1021.55,-0.0764,0.0492,2.1005,120.0,0.12,0.000,0.000,WAYPOINT_KAMIKAZE
2026-08-17T15:20:59.661811,37.8648981,32.4840152,1021.63,-0.0758,0.0481,2.1001,120.0,0.20,0.000,0.000,WAYPOINT_KAMIKAZE
2026-08-17T15:21:00.662119,37.8648968,32.4840113,1021.62,-0.0756,0.0495,2.0989,120.0,0.24,0.000,0.000,WAYPOINT_KAMIKAZE
2026-08-17T15:21:01.662257,37.8648972,32.4840070,1021.61,-0.0760,0.0504,2.0983,120.0,0.27,0.000,0.000,WAYPOINT_KAMIKAZE
2026-08-17T15:21:02.661826,37.8648963,32.4840056,1021.63,-0.0763,0.0492,2.0970,120.0,0.24,0.000,0.000,WAYPOINT_KAMIKAZE
2026-08-17T15:21:03.662033,37.8648959,32.4840046,1021.73,-0.0765,0.0486,2.0965,120.0,0.24,0.000,0.000,WAYPOINT_KAMIKAZE
2026-08-17T15:21:04.662420,37.8648954,32.4840044,1021.76,-0.0767,0.0474,2.0961,120.0,0.21,0.000,0.000,WAYPOINT_KAMIKAZE
2026-08-17T15:21:05.661951,37.8648967,32.4840021,1021.64,-0.0770,0.0488,2.0953,120.0,0.19,0.000,0.000,WAYPOINT_KAMIKAZE
2026-08-17T15:21:06.661807,37.8648949,32.4839998,1021.50,-0.0767,0.0483,2.0937,119.0,0.27,0.000,0.000,WAYPOINT_KAMIKAZE
2026-08-17T15:21:07.661709,37.8648911,32.4839944,1021.44,-0.0761,0.0474,2.0917,119.0,0.36,0.000,0.000,WAYPOINT_KAMIKAZE
2026-08-17T15:21:08.661938,37.8648882,32.4839896,1021.52,-0.0756,0.0477,2.0897,119.0,0.39,0.000,0.000,WAYPOINT_KAMIKAZE
2026-08-17T15:21:09.661744,37.8648875,32.4839863,1021.63,-0.0820,0.0455,2.0885,119.0,0.43,0.000,0.000,WAYPOINT_KAMIKAZE
2026-08-17T15:21:10.661718,37.8648838,32.4839830,1021.64,-0.0785,0.0453,2.0847,119.0,0.43,0.000,0.000,WAYPOINT_KAMIKAZE
2026-08-17T15:21:11.662163,37.8648835,32.4839845,1021.71,-0.0829,0.0432,2.0832,119.0,0.29,0.000,0.000,WAYPOINT_KAMIKAZE
2026-08-17T15:21:12.661837,37.8648846,32.4839866,1021.67,-0.0842,0.0431,2.0805,119.0,0.17,0.000,0.000,WAYPOINT_KAMIKAZE
2026-08-17T15:21:13.661725,37.8648867,32.4839876,1021.65,-0.0860,0.0428,2.0763,118.0,0.06,0.000,0.000,WAYPOINT_KAMIKAZE
2026-08-17T15:21:14.661795,37.8648871,32.4839879,1021.69,-0.0865,0.0424,2.0712,118.0,0.01,0.000,0.000,WAYPOINT_KAMIKAZE
2026-08-17T15:21:15.661906,37.8648873,32.4839881,1021.67,-0.0882,0.0413,2.0675,118.0,0.02,0.000,0.000,WAYPOINT_KAMIKAZE
2026-08-17T15:21:16.661810,37.8648872,32.4839873,1021.64,-0.0804,0.0435,2.0607,118.0,0.03,0.000,0.000,WAYPOINT_KAMIKAZE
2026-08-17T15:21:17.662197,37.8648865,32.4839884,1021.57,-0.0786,0.0433,2.0562,117.0,0.08,0.000,0.000,WAYPOINT_KAMIKAZE
2026-08-17T15:21:18.661878,37.8648868,32.4839887,1021.54,-0.0784,0.0437,2.0527,117.0,0.07,0.000,0.000,WAYPOINT_KAMIKAZE
2026-08-17T15:21:19.661756,37.8648867,32.4839886,1021.54,-0.0781,0.0434,2.0493,117.0,0.08,0.000,0.000,WAYPOINT_KAMIKAZE
2026-08-17T15:21:20.661847,37.8648865,32.4839890,1021.50,-0.0715,0.0456,2.0461,117.0,0.09,0.000,0.000,WAYPOINT_KAMIKAZE
2026-08-17T15:21:21.661833,37.8648864,32.4839893,1021.47,-0.0716,0.0458,2.0440,117.0,0.09,0.000,0.000,WAYPOINT_KAMIKAZE
2026-08-17T15:21:22.662089,37.8648859,32.4839892,1021.51,-0.0739,0.0455,2.0415,116.0,0.06,0.000,0.000,WAYPOINT_KAMIKAZE
2026-08-17T15:21:23.662174,37.8648860,32.4839888,1021.56,-0.0736,0.0462,2.0380,116.0,0.04,0.000,0.000,WAYPOINT_KAMIKAZE
2026-08-17T15:21:24.661723,37.8648867,32.4839884,1021.57,-0.0740,0.0461,2.0341,116.0,0.05,0.000,0.000,WAYPOINT_KAMIKAZE
2026-08-17T15:21:25.661778,37.8648872,32.4839884,1021.55,-0.0728,0.0475,2.0299,116.0,0.06,0.000,0.000,WAYPOINT_KAMIKAZE
2026-08-17T15:21:26.661760,37.8648876,32.4839881,1021.55,-0.0726,0.0476,2.0243,115.0,0.07,0.000,0.000,WAYPOINT_KAMIKAZE
2026-08-17T15:21:27.661734,37.8648878,32.4839880,1021.58,-0.0740,0.0471,2.0191,115.0,0.06,0.000,0.000,WAYPOINT_KAMIKAZE
2026-08-17T15:21:28.661789,37.8648879,32.4839891,1021.54,-0.0736,0.0463,2.0139,115.0,0.08,0.000,0.000,WAYPOINT_KAMIKAZE
2026-08-17T15:21:29.662113,37.8648880,32.4839892,1021.51,-0.0726,0.0469,2.0096,115.0,0.05,0.000,0.000,WAYPOINT_KAMIKAZE
2026-08-17T15:21:30.661799,37.8648875,32.4839885,1021.51,-0.0775,0.0465,2.0065,114.0,0.02,0.000,0.000,WAYPOINT_KAMIKAZE
2026-08-17T15:21:31.661797,37.8648883,32.4839886,1021.51,-0.0757,0.0460,2.0002,114.0,0.05,0.000,0.000,WAYPOINT_KAMIKAZE
2026-08-17T15:21:32.661979,37.8648881,32.4839880,1021.51,-0.0751,0.0455,1.9952,114.0,0.02,0.000,0.000,WAYPOINT_KAMIKAZE
2026-08-17T15:21:33.661984,37.8648873,32.4839885,1021.49,-0.0743,0.0455,1.9907,114.0,0.01,0.000,0.000,WAYPOINT_KAMIKAZE
2026-08-17T15:21:34.661758,37.8648871,32.4839871,1021.57,-0.0740,0.0453,1.9859,113.0,0.06,0.000,0.000,WAYPOINT_KAMIKAZE
2026-08-17T15:21:35.662229,37.8648882,32.4839841,1021.69,-0.0744,0.0459,1.9818,113.0,0.11,0.000,0.000,WAYPOINT_KAMIKAZE
2026-08-17T15:21:36.661822,37.8648902,32.4839837,1021.68,-0.0749,0.0460,1.9776,113.0,0.10,0.000,0.000,WAYPOINT_KAMIKAZE
2026-08-17T15:21:37.661726,37.8648918,32.4839844,1021.66,-0.0756,0.0457,1.9733,113.0,0.10,0.000,0.000,WAYPOINT_KAMIKAZE
2026-08-17T15:21:38.661794,37.8648918,32.4839850,1021.61,-0.0750,0.0459,1.9694,112.0,0.06,0.000,0.000,WAYPOINT_KAMIKAZE
2026-08-17T15:21:39.661811,37.8648915,32.4839828,1021.54,-0.0743,0.0461,1.9663,112.0,0.08,0.000,0.000,WAYPOINT_KAMIKAZE
2026-08-17T15:21:40.661818,37.8648914,32.4839820,1021.57,-0.0739,0.0456,1.9623,112.0,0.06,0.000,0.000,WAYPOINT_KAMIKAZE
2026-08-17T15:21:41.662101,37.8648917,32.4839840,1021.59,-0.0744,0.0446,1.9587,112.0,0.02,0.000,0.000,WAYPOINT_KAMIKAZE
2026-08-17T15:21:42.662208,37.8648922,32.4839839,1021.63,-0.0743,0.0446,1.9551,112.0,0.01,0.000,0.000,WAYPOINT_KAMIKAZE
2026-08-17T15:21:43.661835,37.8648915,32.4839833,1021.66,-0.0737,0.0445,1.9520,111.0,0.06,0.000,0.000,WAYPOINT_KAMIKAZE
2026-08-17T15:21:44.661802,37.8648909,32.4839829,1021.63,-0.0739,0.0440,1.9493,111.0,0.06,0.000,0.000,WAYPOINT_KAMIKAZE
2026-08-17T15:21:45.661783,37.8648908,32.4839832,1021.62,-0.0741,0.0443,1.9469,111.0,0.06,0.000,0.000,WAYPOINT_KAMIKAZE
2026-08-17T15:21:46.661719,37.8648907,32.4839830,1021.60,-0.0743,0.0444,1.9438,111.0,0.05,0.000,0.000,WAYPOINT_KAMIKAZE
2026-08-17T15:21:47.661816,37.8648911,32.4839830,1021.54,-0.0750,0.0446,1.9416,111.0,0.03,0.000,0.000,WAYPOINT_KAMIKAZE
2026-08-17T15:21:48.661923,37.8648911,32.4839830,1021.49,-0.0762,0.0441,1.9413,111.0,0.03,0.000,0.000,WAYPOINT_KAMIKAZE
2026-08-17T15:21:49.662008,37.8648910,32.4839836,1021.51,-0.0771,0.0433,1.9387,111.0,0.04,0.000,0.000,WAYPOINT_KAMIKAZE
2026-08-17T15:21:50.661736,37.8648907,32.4839839,1021.47,-0.0758,0.0440,1.9363,110.0,0.05,0.000,0.000,WAYPOINT_KAMIKAZE
2026-08-17T15:21:51.661870,37.8648909,32.4839838,1021.52,-0.0763,0.0438,1.9352,110.0,0.03,0.000,0.000,WAYPOINT_KAMIKAZE
2026-08-17T15:21:52.661795,37.8648911,32.4839843,1021.59,-0.0750,0.0442,1.9330,110.0,0.04,0.000,0.000,WAYPOINT_KAMIKAZE
2026-08-17T15:21:53.661949,37.8648909,32.4839854,1021.58,-0.0763,0.0431,1.9338,110.0,0.07,0.000,0.000,WAYPOINT_KAMIKAZE
2026-08-17T15:21:54.662046,37.8648908,32.4839853,1021.57,-0.0733,0.0451,1.9292,110.0,0.05,0.000,0.000,WAYPOINT_KAMIKAZE
2026-08-17T15:21:55.661810,37.8648909,32.4839858,1021.57,-0.0749,0.0446,1.9272,110.0,0.05,0.000,0.000,WAYPOINT_KAMIKAZE
2026-08-17T15:21:56.661816,37.8648910,32.4839857,1021.60,-0.0744,0.0453,1.9254,110.0,0.04,0.000,0.000,WAYPOINT_KAMIKAZE
2026-08-17T15:21:57.662044,37.8648911,32.4839857,1021.59,-0.0733,0.0463,1.9211,110.0,0.03,0.000,0.000,WAYPOINT_KAMIKAZE
2026-08-17T15:21:58.661770,37.8648924,32.4839856,1021.62,-0.0745,0.0464,1.9192,109.0,0.06,0.000,0.000,WAYPOINT_KAMIKAZE
2026-08-17T15:21:59.662150,37.8648924,32.4839857,1021.60,-0.0736,0.0468,1.9177,109.0,0.04,0.000,0.000,WAYPOINT_KAMIKAZE
2026-08-17T15:22:00.661853,37.8648929,32.4839855,1021.60,-0.0737,0.0473,1.9162,109.0,0.05,0.000,0.000,WAYPOINT_KAMIKAZE
2026-08-17T15:22:01.661790,37.8648930,32.4839854,1021.63,-0.0737,0.0473,1.9146,109.0,0.05,0.000,0.000,WAYPOINT_KAMIKAZE
2026-08-17T15:22:02.662230,37.8648937,32.4839854,1021.65,-0.0730,0.0474,1.9135,109.0,0.06,0.000,0.000,WAYPOINT_KAMIKAZE
2026-08-17T15:22:03.662298,37.8648937,32.4839867,1021.69,-0.0737,0.0473,1.9121,109.0,0.08,0.000,0.000,WAYPOINT_KAMIKAZE
2026-08-17T15:22:04.661859,37.8648945,32.4839877,1021.79,-0.0740,0.0475,1.9111,109.0,0.09,0.000,0.000,WAYPOINT_KAMIKAZE
2026-08-17T15:22:05.661819,37.8648946,32.4839884,1021.80,-0.0738,0.0474,1.9095,109.0,0.08,0.000,0.000,WAYPOINT_KAMIKAZE
2026-08-17T15:22:06.661944,37.8648941,32.4839889,1021.76,-0.0730,0.0474,1.9078,109.0,0.06,0.000,0.000,WAYPOINT_KAMIKAZE
2026-08-17T15:22:07.662215,37.8648945,32.4839886,1021.67,-0.0731,0.0480,1.9069,109.0,0.04,0.000,0.000,WAYPOINT_KAMIKAZE
2026-08-17T15:22:08.661998,37.8648948,32.4839886,1021.67,-0.0727,0.0481,1.9056,109.0,0.03,0.000,0.000,WAYPOINT_KAMIKAZE
2026-08-17T15:22:09.662203,37.8648946,32.4839886,1021.61,-0.0724,0.0482,1.9039,109.0,0.03,0.000,0.000,WAYPOINT_KAMIKAZE
2026-08-17T15:22:10.661846,37.8648952,32.4839876,1021.59,-0.0725,0.0490,1.9028,109.0,0.05,0.000,0.000,WAYPOINT_KAMIKAZE
2026-08-17T15:22:11.661763,37.8648958,32.4839866,1021.58,-0.0725,0.0493,1.9015,108.0,0.09,0.000,0.000,WAYPOINT_KAMIKAZE
2026-08-17T15:22:12.661794,37.8648964,32.4839859,1021.57,-0.0725,0.0491,1.9007,108.0,0.11,0.000,0.000,WAYPOINT_KAMIKAZE
2026-08-17T15:22:13.661861,37.8648973,32.4839848,1021.62,-0.0726,0.0487,1.8991,108.0,0.10,0.000,0.000,WAYPOINT_KAMIKAZE
2026-08-17T15:22:14.662149,37.8648976,32.4839846,1021.60,-0.0729,0.0487,1.8984,108.0,0.09,0.000,0.000,WAYPOINT_KAMIKAZE
2026-08-17T15:22:15.662140,37.8648977,32.4839858,1021.55,-0.0733,0.0480,1.8973,108.0,0.06,0.000,0.000,WAYPOINT_KAMIKAZE
2026-08-17T15:22:16.661727,37.8648976,32.4839867,1021.54,-0.0732,0.0475,1.8968,108.0,0.02,0.000,0.000,WAYPOINT_KAMIKAZE
2026-08-17T15:22:17.661756,37.8648975,32.4839874,1021.53,-0.0734,0.0471,1.8962,108.0,0.03,0.000,0.000,WAYPOINT_KAMIKAZE
2026-08-17T15:22:18.661803,37.8648975,32.4839880,1021.49,-0.0733,0.0472,1.8961,108.0,0.03,0.000,0.000,WAYPOINT_KAMIKAZE
2026-08-17T15:22:19.661749,37.8648975,32.4839887,1021.52,-0.0732,0.0470,1.8956,108.0,0.04,0.000,0.000,WAYPOINT_KAMIKAZE
2026-08-17T15:22:20.661979,37.8648975,32.4839890,1021.55,-0.0732,0.0471,1.8954,108.0,0.04,0.000,0.000,WAYPOINT_KAMIKAZE
2026-08-17T15:22:21.661825,37.8648971,32.4839900,1021.53,-0.0729,0.0466,1.8953,108.0,0.05,0.000,0.000,WAYPOINT_KAMIKAZE
2026-08-17T15:22:22.661874,37.8648973,32.4839899,1021.47,-0.0733,0.0472,1.8951,108.0,0.04,0.000,0.000,WAYPOINT_KAMIKAZE
2026-08-17T15:22:23.661791,37.8648977,32.4839901,1021.45,-0.0734,0.0473,1.8945,108.0,0.04,0.000,0.000,WAYPOINT_KAMIKAZE
2026-08-17T15:22:24.661811,37.8648976,32.4839901,1021.51,-0.0733,0.0475,1.8941,108.0,0.02,0.000,0.000,WAYPOINT_KAMIKAZE
2026-08-17T15:22:25.661977,37.8648975,32.4839901,1021.58,-0.0732,0.0475,1.8947,108.0,0.03,0.000,0.000,WAYPOINT_KAMIKAZE
2026-08-17T15:22:26.661749,37.8648977,32.4839901,1021.59,-0.0737,0.0478,1.8943,108.0,0.02,0.000,0.000,WAYPOINT_KAMIKAZE
2026-08-17T15:22:27.661747,37.8648976,32.4839899,1021.63,-0.0734,0.0480,1.8941,108.0,0.01,0.000,0.000,WAYPOINT_KAMIKAZE
2026-08-17T15:22:28.662137,37.8648976,32.4839903,1021.56,-0.0736,0.0481,1.8940,108.0,0.02,0.000,0.000,WAYPOINT_KAMIKAZE
2026-08-17T15:22:29.662148,37.8648975,32.4839901,1021.51,-0.0734,0.0480,1.8938,108.0,0.02,0.000,0.000,WAYPOINT_KAMIKAZE
2026-08-17T15:22:30.661763,37.8648975,32.4839894,1021.55,-0.0735,0.0485,1.8940,108.0,0.03,0.000,0.000,WAYPOINT_KAMIKAZE
2026-08-17T15:22:31.661765,37.8648975,32.4839898,1021.56,-0.0737,0.0481,1.8943,108.0,0.03,0.000,0.000,WAYPOINT_KAMIKAZE
2026-08-17T15:22:32.662239,37.8648974,32.4839900,1021.54,-0.0738,0.0482,1.8944,108.0,0.03,0.000,0.000,WAYPOINT_KAMIKAZE
2026-08-17T15:22:33.661725,37.8648977,32.4839892,1021.52,-0.0739,0.0485,1.8943,108.0,0.05,0.000,0.000,WAYPOINT_KAMIKAZE
2026-08-17T15:22:34.661754,37.8648977,32.4839894,1021.52,-0.0737,0.0481,1.8944,108.0,0.03,0.000,0.000,WAYPOINT_KAMIKAZE
2026-08-17T15:22:35.661781,37.8648973,32.4839896,1021.53,-0.0734,0.0477,1.8943,108.0,0.01,0.000,0.000,WAYPOINT_KAMIKAZE
2026-08-17T15:22:36.661807,37.8648972,32.4839901,1021.50,-0.0734,0.0477,1.8946,108.0,0.02,0.000,0.000,WAYPOINT_KAMIKAZE
2026-08-17T15:22:37.661746,37.8648974,32.4839900,1021.50,-0.0735,0.0478,1.8943,108.0,0.03,0.000,0.000,WAYPOINT_KAMIKAZE
2026-08-17T15:22:38.661777,37.8648975,32.4839903,1021.52,-0.0734,0.0476,1.8939,108.0,0.03,0.000,0.000,WAYPOINT_KAMIKAZE
2026-08-17T15:22:39.662061,37.8648977,32.4839906,1021.49,-0.0736,0.0472,1.8940,108.0,0.03,0.000,0.000,WAYPOINT_KAMIKAZE
2026-08-17T15:22:40.661999,37.8648975,32.4839911,1021.51,-0.0733,0.0466,1.8944,108.0,0.04,0.000,0.000,WAYPOINT_KAMIKAZE
2026-08-17T15:22:41.661843,37.8648974,32.4839912,1021.54,-0.0732,0.0467,1.8947,108.0,0.03,0.000,0.000,WAYPOINT_KAMIKAZE
2026-08-17T15:22:42.661807,37.8648971,32.4839914,1021.58,-0.0729,0.0464,1.8952,108.0,0.04,0.000,0.000,WAYPOINT_KAMIKAZE
2026-08-17T15:22:43.661719,37.8648968,32.4839921,1021.54,-0.0729,0.0463,1.8959,108.0,0.06,0.000,0.000,WAYPOINT_KAMIKAZE
2026-08-17T15:22:44.661921,37.8648968,32.4839925,1021.49,-0.0728,0.0463,1.8962,108.0,0.05,0.000,0.000,WAYPOINT_KAMIKAZE
2026-08-17T15:22:45.661907,37.8648968,32.4839928,1021.49,-0.0727,0.0463,1.8962,108.0,0.06,0.000,0.000,WAYPOINT_KAMIKAZE
2026-08-17T15:22:46.661710,37.8648960,32.4839937,1021.48,-0.0724,0.0461,1.8966,108.0,0.08,0.000,0.000,WAYPOINT_KAMIKAZE
2026-08-17T15:22:47.661767,37.8648956,32.4839939,1021.48,-0.0721,0.0459,1.8964,108.0,0.07,0.000,0.000,WAYPOINT_KAMIKAZE
2026-08-17T15:22:48.661830,37.8648955,32.4839936,1021.47,-0.0721,0.0463,1.8962,108.0,0.06,0.000,0.000,WAYPOINT_KAMIKAZE
2026-08-17T15:22:49.661835,37.8648954,32.4839938,1021.44,-0.0721,0.0462,1.8965,108.0,0.06,0.000,0.000,WAYPOINT_KAMIKAZE
2026-08-17T15:22:50.661876,37.8648952,32.4839940,1021.46,-0.0724,0.0465,1.8974,108.0,0.05,0.000,0.000,WAYPOINT_KAMIKAZE
2026-08-17T15:22:51.661757,37.8648956,32.4839942,1021.48,-0.0730,0.0468,1.8977,108.0,0.04,0.000,0.000,WAYPOINT_KAMIKAZE
2026-08-17T15:22:52.661770,37.8648960,32.4839947,1021.46,-0.0735,0.0468,1.8982,108.0,0.04,0.000,0.000,WAYPOINT_KAMIKAZE
2026-08-17T15:22:53.661891,37.8648963,32.4839945,1021.52,-0.0736,0.0473,1.8996,108.0,0.04,0.000,0.000,WAYPOINT_KAMIKAZE
2026-08-17T15:22:54.662062,37.8648966,32.4839942,1021.56,-0.0732,0.0474,1.9003,108.0,0.03,0.000,0.000,WAYPOINT_KAMIKAZE
2026-08-17T15:22:55.661727,37.8648966,32.4839939,1021.61,-0.0731,0.0477,1.9010,108.0,0.02,0.000,0.000,WAYPOINT_KAMIKAZE
2026-08-17T15:22:56.661754,37.8648964,32.4839938,1021.68,-0.0729,0.0476,1.9016,108.0,0.01,0.000,0.000,WAYPOINT_KAMIKAZE
2026-08-17T15:22:57.661820,37.8648964,32.4839939,1021.72,-0.0725,0.0477,1.9016,108.0,0.01,0.000,0.000,WAYPOINT_KAMIKAZE
2026-08-17T15:22:58.661868,37.8648965,32.4839932,1021.67,-0.0724,0.0478,1.9021,108.0,0.03,0.000,0.000,WAYPOINT_KAMIKAZE
2026-08-17T15:22:59.662097,37.8648966,32.4839928,1021.63,-0.0722,0.0476,1.9022,108.0,0.04,0.000,0.000,WAYPOINT_KAMIKAZE
2026-08-17T15:23:00.661719,37.8648968,32.4839921,1021.67,-0.0719,0.0476,1.9023,108.0,0.04,0.000,0.000,WAYPOINT_KAMIKAZE
2026-08-17T15:23:01.661836,37.8648974,32.4839917,1021.69,-0.0720,0.0477,1.9027,109.0,0.04,0.000,0.000,WAYPOINT_KAMIKAZE
2026-08-17T15:23:02.661795,37.8648974,32.4839917,1021.71,-0.0718,0.0473,1.9029,109.0,0.02,0.000,0.000,WAYPOINT_KAMIKAZE
2026-08-17T15:23:03.661866,37.8648974,32.4839927,1021.70,-0.0718,0.0466,1.9034,109.0,0.03,0.000,0.000,WAYPOINT_KAMIKAZE
2026-08-17T15:23:04.661827,37.8648974,32.4839928,1021.65,-0.0714,0.0468,1.9043,109.0,0.02,0.000,0.000,WAYPOINT_KAMIKAZE
2026-08-17T15:23:05.661824,37.8648974,32.4839924,1021.62,-0.0708,0.0466,1.9044,109.0,0.02,0.000,0.000,WAYPOINT_KAMIKAZE
2026-08-17T15:23:06.661714,37.8648974,32.4839926,1021.60,-0.0714,0.0466,1.9051,109.0,0.02,0.000,0.000,WAYPOINT_KAMIKAZE
                                                                                                                                                                                                                                                                                                                                                                                                                                                                                                                                                                                                                                                                                                                                                      