timestamp,lat,lon,alt,roll,pitch,yaw,heading,groundspeed,cmd_linear_x,cmd_angular_z,mission_phase
2026-08-17T13:27:15.716751,37.8648967,32.4839552,1024.54,-0.1159,0.1865,-1.6209,267.0,0.03,0.000,0.000,IDLE
2026-08-17T13:27:16.721757,37.8648967,32.4839555,1024.48,-0.0599,0.1407,-1.6169,267.0,0.03,0.000,0.000,IDLE
2026-08-17T13:27:17.719684,37.8648959,32.4839554,1024.55,-0.0647,0.1235,-1.6442,265.0,0.10,0.000,0.000,IDLE
2026-08-17T13:27:18.716630,37.8648954,32.4839541,1024.64,-0.0595,0.1185,-1.7128,261.0,0.14,0.000,0.000,IDLE
2026-08-17T13:27:19.716405,37.8648962,32.4839522,1024.68,-0.0637,0.1176,-1.7720,258.0,0.15,0.000,0.000,IDLE
2026-08-17T13:27:20.716557,37.8648963,32.4839522,1024.69,-0.0577,0.1196,-1.7179,261.0,0.13,0.000,0.000,IDLE
2026-08-17T13:27:21.716578,37.8648962,32.4839513,1024.78,-0.0514,0.1367,-1.6751,264.0,0.16,0.000,0.000,IDLE
2026-08-17T13:27:22.716533,37.8648962,32.4839502,1024.73,-0.0535,0.1418,-1.6491,265.0,0.15,0.000,0.000,IDLE
2026-08-17T13:27:23.716536,37.8648968,32.4839498,1024.71,-0.0533,0.1262,-1.6235,266.0,0.15,0.000,0.000,IDLE
2026-08-17T13:27:24.716558,37.8648975,32.4839489,1024.78,-0.0560,0.1320,-1.5901,268.0,0.13,0.000,0.000,IDLE
2026-08-17T13:27:25.716472,37.8648973,32.4839490,1024.85,-0.0537,0.1327,-1.5585,270.0,0.10,0.000,0.000,IDLE
2026-08-17T13:27:26.716527,37.8648968,32.4839478,1024.81,-0.0650,0.1446,-1.5139,273.0,0.16,0.000,0.000,IDLE
2026-08-17T13:27:27.716557,37.8648958,32.4839479,1024.77,-0.0629,0.1049,-1.5025,273.0,0.13,0.000,0.000,IDLE
2026-08-17T13:27:28.716530,37.8648975,32.4839483,1024.74,-0.0815,0.1489,-1.5155,273.0,0.09,0.000,0.000,IDLE
2026-08-17T13:27:29.716532,37.8648972,32.4839492,1024.85,-0.0693,0.1437,-1.5350,272.0,0.04,0.000,0.000,IDLE
2026-08-17T13:27:30.716670,37.8648964,32.4839499,1024.82,-0.0721,0.1433,-1.5510,271.0,0.06,0.000,0.000,IDLE
2026-08-17T13:27:31.716434,37.8648957,32.4839502,1024.87,-0.0713,0.1424,-1.5692,270.0,0.06,0.000,0.000,IDLE
2026-08-17T13:27:32.716517,37.8648954,32.4839506,1024.88,-0.0688,0.1419,-1.5902,268.0,0.04,0.000,0.000,IDLE
2026-08-17T13:27:33.716751,37.8648948,32.4839507,1024.82,-0.0703,0.1436,-1.6035,268.0,0.01,0.000,0.000,IDLE
2026-08-17T13:27:34.716738,37.8648948,32.4839509,1024.83,-0.0707,0.1422,-1.6363,266.0,0.02,0.000,0.000,IDLE
2026-08-17T13:27:35.716764,37.8648951,32.4839505,1024.88,-0.0719,0.1349,-1.6805,263.0,0.01,0.000,0.000,IDLE
2026-08-17T13:27:36.716913,37.8648951,32.4839507,1024.85,-0.0746,0.1330,-1.7061,262.0,0.01,0.000,0.000,IDLE
2026-08-17T13:27:37.717046,37.8648950,32.4839509,1024.88,-0.0699,0.1386,-1.7048,262.0,0.02,0.000,0.000,IDLE
2026-08-17T13:27:38.716899,37.8648947,32.4839507,1024.88,-0.0704,0.1447,-1.7112,261.0,0.03,0.000,0.000,IDLE
2026-08-17T13:27:39.716772,37.8648939,32.4839506,1024.89,-0.0677,0.1480,-1.7173,261.0,0.04,0.000,0.000,IDLE
2026-08-17T13:27:40.717121,37.8648941,32.4839506,1024.92,-0.0669,0.1412,-1.6949,262.0,0.02,0.000,0.000,IDLE
2026-08-17T13:27:41.716905,37.8648943,32.4839508,1024.89,-0.0758,0.0883,-1.6446,265.0,0.04,0.000,0.000,IDLE
2026-08-17T13:27:42.717392,37.8648943,32.4839507,1024.83,-0.0696,0.1071,-1.5667,270.0,0.09,0.000,0.000,IDLE
2026-08-17T13:27:43.716731,37.8648936,32.4839499,1024.82,-0.0872,0.1363,-1.5562,270.0,0.13,0.000,0.000,IDLE
2026-08-17T13:27:44.716787,37.8648933,32.4839489,1024.78,-0.0792,0.1416,-1.6153,267.0,0.18,0.000,0.000,IDLE
2026-08-17T13:27:45.716806,37.8648931,32.4839475,1024.77,-0.0521,0.1455,-1.7271,261.0,0.13,0.000,0.000,IDLE
2026-08-17T13:27:46.716732,37.8648929,32.4839468,1024.74,-0.0700,0.1333,-1.8152,256.0,0.15,0.000,0.000,IDLE
2026-08-17T13:27:47.716739,37.8648928,32.4839458,1024.80,-0.0654,0.1277,-1.8698,252.0,0.15,0.000,0.000,IDLE
2026-08-17T13:27:48.716722,37.8648933,32.4839455,1024.81,-0.0740,0.1166,-1.8776,252.0,0.16,0.000,0.000,IDLE
2026-08-17T13:27:49.716610,37.8648937,32.4839451,1024.88,-0.0819,0.1226,-1.8629,253.0,0.13,0.000,0.000,IDLE
2026-08-17T13:27:50.716671,37.8648935,32.4839455,1024.91,-0.0837,0.1185,-1.9494,248.0,0.10,0.000,0.000,IDLE
2026-08-17T13:27:51.716943,37.8648932,32.4839451,1024.92,-0.1096,0.0788,-1.9909,245.0,0.10,0.000,0.000,IDLE
2026-08-17T13:27:52.716723,37.8648935,32.4839444,1024.97,-0.0596,0.1391,-1.9096,250.0,0.09,0.000,0.000,IDLE
2026-08-17T13:27:53.716711,37.8648931,32.4839447,1024.95,-0.0718,0.1365,-1.8539,253.0,0.08,0.000,0.000,IDLE
2026-08-17T13:27:54.716783,37.8648922,32.4839442,1024.91,-0.0585,0.0791,-1.8801,252.0,0.19,0.000,0.000,IDLE
2026-08-17T13:27:55.716878,37.8648910,32.4839431,1024.94,-0.0625,0.1066,-2.0039,245.0,0.21,0.000,0.000,IDLE
2026-08-17T13:27:56.716815,37.8648907,32.4839415,1024.92,-0.0749,0.1521,-2.0827,240.0,0.22,0.000,0.000,IDLE
2026-08-17T13:27:57.716709,37.8648908,32.4839407,1024.95,-0.0762,0.1457,-2.0561,242.0,0.16,0.000,0.000,IDLE
2026-08-17T13:27:58.716766,37.8648910,32.4839408,1024.97,-0.0608,0.1122,-2.0536,242.0,0.08,0.000,0.000,IDLE
2026-08-17T13:27:59.716817,37.8648908,32.4839413,1025.03,-0.0872,0.1494,-2.0744,241.0,0.10,0.000,0.000,IDLE
2026-08-17T13:28:00.716851,37.8648899,32.4839395,1025.00,-0.0851,0.1504,-2.0171,244.0,0.22,0.000,0.000,IDLE
2026-08-17T13:28:01.716995,37.8648893,32.4839383,1025.07,-0.0841,0.1717,-1.9859,246.0,0.21,0.000,0.000,IDLE
2026-08-17T13:28:02.716693,37.8648883,32.4839369,1025.05,-0.0839,0.1403,-2.0588,242.0,0.20,0.000,0.000,IDLE
2026-08-17T13:28:03.716804,37.8648877,32.4839347,1025.11,-0.0820,0.1452,-2.1186,238.0,0.25,0.000,0.000,IDLE
2026-08-17T13:28:04.716739,37.8648869,32.4839337,1025.16,-0.0870,0.1934,-2.1473,236.0,0.26,0.000,0.000,IDLE
2026-08-17T13:28:05.716839,37.8648866,32.4839323,1025.15,-0.0928,0.1935,-2.1580,236.0,0.31,0.000,0.000,IDLE
2026-08-17T13:28:06.716901,37.8648852,32.4839311,1025.16,-0.0879,0.1609,-2.1699,235.0,0.25,0.000,0.000,IDLE
2026-08-17T13:28:07.716831,37.8648844,32.4839299,1025.18,-0.0800,0.1458,-2.1470,236.0,0.24,0.000,0.000,IDLE
2026-08-17T13:28:08.727158,37.8648842,32.4839301,1025.09,-0.0677,0.1447,-2.0813,240.0,0.22,0.000,0.000,IDLE
2026-08-17T13:28:09.743716,37.8648834,32.4839299,1025.14,-0.0651,0.1610,-2.0417,243.0,0.25,0.000,0.000,IDLE
2026-08-17T13:28:10.716937,37.8648821,32.4839284,1025.11,-0.0706,0.1488,-2.0802,240.0,0.28,0.000,0.000,IDLE
2026-08-17T13:28:11.716745,37.8648817,32.4839269,1025.10,-0.0672,0.1330,-2.1639,236.0,0.26,0.000,0.000,IDLE
2026-08-17T13:28:12.723605,37.8648822,32.4839257,1025.11,-0.0777,0.1145,-2.2178,232.0,0.24,0.000,0.000,IDLE
2026-08-17T13:28:13.716950,37.8648822,32.4839250,1025.05,-0.0918,0.0989,-2.2113,233.0,0.28,0.000,0.000,IDLE
2026-08-17T13:28:14.716956,37.8648826,32.4839233,1025.05,-0.0748,0.1308,-2.0924,240.0,0.34,0.000,0.000,IDLE
2026-08-17T13:28:15.717415,37.8648828,32.4839219,1025.02,-0.0737,0.1354,-1.9761,246.0,0.29,0.000,0.000,IDLE
2026-08-17T13:28:16.716809,37.8648835,32.4839221,1025.07,-0.0662,0.1411,-1.9045,250.0,0.20,0.000,0.000,IDLE
2026-08-17T13:28:17.717801,37.8648841,32.4839224,1024.98,-0.0671,0.1477,-1.8571,253.0,0.14,0.000,0.000,IDLE
2026-08-17T13:28:18.725539,37.8648849,32.4839225,1024.98,-0.0691,0.1462,-1.8279,255.0,0.12,0.000,0.000,IDLE
2026-08-17T13:28:19.717365,37.8648855,32.4839218,1025.02,-0.0697,0.1430,-1.8090,256.0,0.14,0.000,0.000,IDLE
2026-08-17T13:28:20.716721,37.8648860,32.4839207,1025.01,-0.0680,0.1426,-1.7949,257.0,0.15,0.000,0.000,IDLE
2026-08-17T13:28:21.718779,37.8648867,32.4839196,1024.98,-0.0693,0.1406,-1.7864,257.0,0.16,0.000,0.000,IDLE
2026-08-17T13:28:22.716803,37.8648867,32.4839188,1024.98,-0.0689,0.1399,-1.7806,257.0,0.17,0.000,0.000,IDLE
2026-08-17T13:28:23.717031,37.8648871,32.4839184,1024.94,-0.0708,0.1404,-1.7771,258.0,0.15,0.000,0.000,IDLE
2026-08-17T13:28:24.720901,37.8648873,32.4839188,1024.93,-0.0719,0.1406,-1.7751,258.0,0.12,0.000,0.000,IDLE
2026-08-17T13:28:25.716765,37.8648876,32.4839187,1024.85,-0.0705,0.1392,-1.7734,258.0,0.13,0.000,0.000,IDLE
2026-08-17T13:28:26.717102,37.8648876,32.4839186,1024.83,-0.0709,0.1375,-1.7742,258.0,0.12,0.000,0.000,IDLE
2026-08-17T13:28:27.716938,37.8648879,32.4839188,1024.84,-0.0713,0.1383,-1.7758,258.0,0.10,0.000,0.000,IDLE
2026-08-17T13:28:28.716861,37.8648888,32.4839198,1024.84,-0.0733,0.1433,-1.7795,258.0,0.07,0.000,0.000,IDLE
2026-08-17T13:28:29.716732,37.8648896,32.4839200,1024.83,-0.0752,0.1449,-1.7864,257.0,0.09,0.000,0.000,IDLE
2026-08-17T13:28:30.716694,37.8648898,32.4839196,1024.83,-0.0708,0.1421,-1.7943,257.0,0.10,0.000,0.000,IDLE
2026-08-17T13:28:31.716831,37.8648902,32.4839194,1024.85,-0.0714,0.1395,-1.8074,256.0,0.11,0.000,0.000,IDLE
2026-08-17T13:28:32.716923,37.8648904,32.4839196,1024.90,-0.0707,0.1370,-1.8204,255.0,0.10,0.000,0.000,IDLE
2026-08-17T13:28:33.716984,37.8648903,32.4839196,1024.89,-0.0701,0.1362,-1.8395,254.0,0.10,0.000,0.000,IDLE
2026-08-17T13:28:34.716711,37.8648901,32.4839197,1024.85,-0.0674,0.1364,-1.8685,252.0,0.11,0.000,0.000,IDLE
2026-08-17T13:28:35.716702,37.8648898,32.4839201,1024.86,-0.0707,0.1392,-1.9132,250.0,0.09,0.000,0.000,IDLE
2026-08-17T13:28:36.716773,37.8648897,32.4839207,1024.88,-0.0725,0.1411,-1.9652,247.0,0.10,0.000,0.000,IDLE
2026-08-17T13:28:37.716694,37.8648894,32.4839201,1024.92,-0.0750,0.1387,-2.0258,243.0,0.11,0.000,0.000,IDLE
2026-08-17T13:29:53.015128,37.8648894,32.4839199,1024.93,-0.0729,0.1392,-2.0890,240.0,0.11,0.000,0.000,IDLE
2026-08-17T13:29:53.716964,37.8648894,32.4839198,1024.95,-0.0709,0.1378,-2.1197,238.0,0.12,0.000,0.000,IDLE
2026-08-17T13:29:54.716724,37.8648888,32.4839198,1024.97,-0.0765,0.1411,-2.1847,234.0,0.12,0.000,0.000,IDLE
2026-08-17T13:29:55.716710,37.8648884,32.4839188,1024.95,-0.0733,0.1411,-2.2462,231.0,0.16,0.000,0.000,IDLE
2026-08-17T13:29:56.716770,37.8648885,32.4839182,1024.95,-0.0756,0.1259,-2.2836,229.0,0.19,0.000,0.000,IDLE
2026-08-17T13:29:57.716851,37.8648886,32.4839171,1024.95,-0.0673,0.1450,-2.0164,244.0,0.25,0.000,0.000,IDLE
2026-08-17T13:29:58.716829,37.8648886,32.4839175,1024.92,-0.0702,0.1297,-1.7577,259.0,0.14,0.000,0.000,IDLE
2026-08-17T13:29:59.716930,37.8648886,32.4839180,1024.90,-0.0706,0.1352,-1.6052,268.0,0.08,0.000,0.000,IDLE
2026-08-17T13:30:00.716795,37.8648880,32.4839182,1024.90,-0.0779,0.1364,-1.5767,269.0,0.10,0.000,0.000,IDLE
2026-08-17T13:30:01.716732,37.8648881,32.4839185,1024.86,-0.0774,0.1377,-1.5537,270.0,0.06,0.000,0.000,IDLE
2026-08-17T13:30:02.716865,37.8648881,32.4839191,1024.82,-0.0770,0.1357,-1.5338,272.0,0.07,0.000,0.000,IDLE
2026-08-17T13:30:03.716766,37.8648882,32.4839203,1024.82,-0.0772,0.1386,-1.5266,272.0,0.09,0.000,0.000,IDLE
2026-08-17T13:30:04.716710,37.8648882,32.4839213,1024.82,-0.0748,0.1482,-1.5391,271.0,0.07,0.000,0.000,IDLE
2026-08-17T13:30:05.717085,37.8648883,32.4839225,1024.82,-0.0807,0.1370,-1.5414,271.0,0.06,0.000,0.000,IDLE
2026-08-17T13:30:06.716751,37.8648883,32.4839237,1024.85,-0.0758,0.1191,-1.5179,273.0,0.10,0.000,0.000,IDLE
2026-08-17T13:30:07.716736,37.8648885,32.4839261,1024.88,-0.0799,0.1302,-1.4596,276.0,0.11,0.000,0.000,IDLE
2026-08-17T13:30:08.716764,37.8648884,32.4839274,1024.92,-0.0756,0.1431,-1.4700,275.0,0.05,0.000,0.000,IDLE
2026-08-17T13:30:09.716803,37.8648885,32.4839282,1024.93,-0.0742,0.1362,-1.5201,272.0,0.03,0.000,0.000,IDLE
2026-08-17T13:30:10.716754,37.8648886,32.4839281,1024.92,-0.0732,0.1379,-1.5607,270.0,0.02,0.000,0.000,IDLE
2026-08-17T13:30:11.716845,37.8648884,32.4839280,1024.92,-0.0742,0.1492,-1.5814,269.0,0.04,0.000,0.000,IDLE
2026-08-17T13:30:12.717016,37.8648882,32.4839281,1024.89,-0.0698,0.1449,-1.6086,267.0,0.04,0.000,0.000,IDLE
2026-08-17T13:30:13.716728,37.8648877,32.4839281,1024.88,-0.0698,0.1339,-1.6331,266.0,0.07,0.000,0.000,IDLE
2026-08-17T13:30:14.716812,37.8648878,32.4839280,1024.91,-0.0683,0.1328,-1.6674,264.0,0.05,0.000,0.000,WAYPOINT
2026-08-17T13:30:15.716708,37.8648877,32.4839283,1024.91,-0.0716,0.1314,-1.6979,262.0,0.07,0.000,0.000,WAYPOINT
2026-08-17T13:30:16.717186,37.8648875,32.4839281,1024.91,-0.0763,0.1345,-1.7116,261.0,0.06,0.000,0.000,WAYPOINT
2026-08-17T13:30:17.716757,37.8648880,32.4839275,1024.90,-0.0761,0.1411,-1.7089,262.0,0.08,0.000,0.000,WAYPOINT
2026-08-17T13:30:18.716732,37.8648879,32.4839274,1024.87,-0.0686,0.1443,-1.7071,262.0,0.06,0.000,0.000,WAYPOINT
2026-08-17T13:30:19.716720,37.8648881,32.4839270,1024.89,-0.0699,0.1448,-1.7050,262.0,0.07,0.000,0.000,WAYPOINT
2026-08-17T13:30:20.717208,37.8648882,32.4839262,1024.95,-0.0672,0.1415,-1.7041,262.0,0.09,0.000,0.000,WAYPOINT
2026-08-17T13:30:21.717068,37.8648883,32.4839257,1024.99,-0.0721,0.1402,-1.7013,262.0,0.08,0.000,0.000,WAYPOINT
2026-08-17T13:30:22.716833,37.8648883,32.4839258,1024.98,-0.0696,0.1361,-1.7027,262.0,0.07,0.000,0.000,WAYPOINT
2026-08-17T13:30:23.717068,37.8648880,32.4839256,1024.93,-0.0701,0.1391,-1.7031,262.0,0.07,0.000,0.000,WAYPOINT
2026-08-17T13:30:24.717334,37.8648880,32.4839258,1024.91,-0.0764,0.1387,-1.7023,262.0,0.05,0.000,0.000,WAYPOINT
2026-08-17T13:30:25.717085,37.8648878,32.4839253,1024.84,-0.0727,0.1442,-1.7046,262.0,0.06,0.000,0.000,WAYPOINT
2026-08-17T13:30:26.716848,37.8648878,32.4839252,1024.83,-0.0807,0.1424,-1.7133,261.0,0.05,0.000,0.000,WAYPOINT
2026-08-17T13:30:27.717299,37.8648882,32.4839253,1024.82,-0.0716,0.1418,-1.7251,261.0,0.02,0.000,0.000,WAYPOINT
2026-08-17T13:30:28.716818,37.8648885,32.4839253,1024.81,-0.0774,0.1403,-1.7412,260.0,0.02,0.000,0.000,WAYPOINT
2026-08-17T13:30:29.716861,37.8648884,32.4839249,1024.81,-0.0699,0.1395,-1.7576,259.0,0.05,0.000,0.000,WAYPOINT
2026-08-17T13:30:30.716786,37.8648884,32.4839242,1024.81,-0.0745,0.1398,-1.7789,258.0,0.07,0.000,0.000,WAYPOINT
2026-08-17T13:30:31.717160,37.8648880,32.4839244,1024.86,-0.0727,0.1405,-1.8008,256.0,0.07,0.000,0.000,WAYPOINT
2026-08-17T13:30:32.716786,37.8648879,32.4839243,1024.91,-0.0755,0.1412,-1.8258,255.0,0.06,0.000,0.000,WAYPOINT
2026-08-17T13:30:33.716822,37.8648880,32.4839242,1024.89,-0.0757,0.1411,-1.8505,253.0,0.06,0.000,0.000,WAYPOINT
2026-08-17T13:30:34.716840,37.8648882,32.4839241,1024.91,-0.0738,0.1401,-1.8801,252.0,0.06,0.000,0.000,WAYPOINT
2026-08-17T13:30:35.716833,37.8648879,32.4839241,1024.88,-0.0738,0.1386,-1.9144,250.0,0.06,0.000,0.000,WAYPOINT
2026-08-17T13:30:36.716788,37.8648879,32.4839240,1024.84,-0.0712,0.1407,-1.9526,248.0,0.05,0.000,0.000,WAYPOINT
2026-08-17T13:30:37.716794,37.8648880,32.4839242,1024.78,-0.0671,0.1373,-1.8876,251.0,0.17,0.000,0.000,WAYPOINT
2026-08-17T13:30:38.716742,37.8648884,32.4839233,1024.72,-0.0675,0.1387,-1.6886,263.0,0.09,0.000,0.000,WAYPOINT
2026-08-17T13:30:39.716859,37.8648888,32.4839247,1024.69,-0.0731,0.1381,-1.5551,270.0,0.04,0.000,-0.900,WAYPOINT
2026-08-17T13:30:40.716778,37.8648887,32.4839255,1024.70,-0.0773,0.1428,-1.5567,270.0,0.02,0.000,-0.900,WAYPOINT
2026-08-17T13:30:41.716725,37.8648892,32.4839253,1024.75,-0.0737,0.1347,-1.5033,273.0,0.01,0.000,0.000,WAYPOINT
2026-08-17T13:30:42.716990,37.8648892,32.4839242,1024.79,-0.0771,0.1368,-1.4550,276.0,0.04,0.000,-0.900,WAYPOINT
2026-08-17T13:30:43.716974,37.8648897,32.4839247,1024.85,-0.0788,0.1405,-1.4094,279.0,0.03,0.000,-0.900,WAYPOINT
2026-08-17T13:30:44.716756,37.8648899,32.4839259,1024.86,-0.0775,0.1626,-1.3411,283.0,0.08,0.850,0.000,WAYPOINT
2026-08-17T13:30:45.716926,37.8648910,32.4839258,1024.81,-0.0718,0.1349,-1.1721,292.0,0.14,0.000,0.900,WAYPOINT
2026-08-17T13:30:46.716821,37.8648913,32.4839238,1024.75,-0.0811,0.1508,-1.2703,287.0,0.23,0.000,0.000,WAYPOINT
2026-08-17T13:30:47.716903,37.8648920,32.4839213,1024.73,-0.0745,0.1575,-1.3019,285.0,0.29,0.850,0.000,WAYPOINT
2026-08-17T13:30:48.716712,37.8648932,32.4839181,1024.71,-0.0722,0.1123,-1.2719,287.0,0.33,0.000,-0.900,WAYPOINT
2026-08-17T13:30:49.716778,37.8648941,32.4839159,1024.69,-0.0773,0.1136,-1.1204,295.0,0.26,0.850,0.000,WAYPOINT
2026-08-17T13:30:50.716967,37.8648956,32.4839149,1024.66,-0.0688,0.1139,-0.9846,303.0,0.26,0.000,0.000,WAYPOINT
2026-08-17T13:30:51.716792,37.8648965,32.4839128,1024.65,-0.0740,0.1577,-1.1072,296.0,0.35,0.000,0.000,WAYPOINT
2026-08-17T13:30:52.717192,37.8648980,32.4839095,1024.66,-0.0669,0.1290,-1.1308,295.0,0.28,0.000,0.000,WAYPOINT
2026-08-17T13:30:53.717175,37.8648991,32.4839064,1024.67,-0.0687,0.1339,-1.2137,290.0,0.41,0.000,0.900,WAYPOINT
2026-08-17T13:30:54.716881,37.8649007,32.4839015,1024.63,-0.0673,0.1176,-1.4400,277.0,0.28,0.000,-0.900,WAYPOINT
2026-08-17T13:30:55.716857,37.8649006,32.4838992,1024.61,-0.0816,0.1206,-1.3514,282.0,0.20,0.000,-0.900,WAYPOINT
2026-08-17T13:30:56.716875,37.8649026,32.4838982,1024.57,-0.0600,0.1417,-0.9680,304.0,0.11,0.000,0.900,WAYPOINT
2026-08-17T13:30:57.716764,37.8649017,32.4838978,1024.54,-0.0645,0.1232,-1.0849,297.0,0.16,0.000,0.900,WAYPOINT
2026-08-17T13:30:58.717179,37.8649015,32.4838963,1024.54,-0.0804,0.1386,-1.2644,287.0,0.03,0.000,-0.900,WAYPOINT
2026-08-17T13:30:59.716734,37.8649025,32.4838962,1024.55,-0.0720,0.1330,-0.9532,305.0,0.10,0.000,0.900,WAYPOINT
2026-08-17T13:31:00.717240,37.8649015,32.4838962,1024.56,-0.0689,0.1256,-0.9922,303.0,0.20,0.000,0.900,WAYPOINT
2026-08-17T13:31:01.716923,37.8649004,32.4838951,1024.57,-0.0818,0.1668,-1.2590,287.0,0.14,0.000,-0.900,WAYPOINT
2026-08-17T13:31:02.716721,37.8649021,32.4838938,1024.56,-0.0775,0.1306,-1.0119,302.0,0.14,0.000,0.000,WAYPOINT
2026-08-17T13:31:03.717034,37.8649028,32.4838931,1024.54,-0.0655,0.1114,-0.8950,308.0,0.13,0.000,0.900,WAYPOINT
2026-08-17T13:31:04.716709,37.8649026,32.4838912,1024.53,-0.0767,0.1695,-1.0990,297.0,0.21,0.000,0.000,WAYPOINT
2026-08-17T13:31:05.716779,37.8649044,32.4838888,1024.52,-0.0721,0.1603,-1.2512,288.0,0.28,0.000,-0.900,WAYPOINT
2026-08-17T13:31:06.716728,37.8649054,32.4838856,1024.52,-0.0750,0.1040,-1.1668,293.0,0.28,0.000,0.000,WAYPOINT
2026-08-17T13:31:07.716760,37.8649071,32.4838834,1024.55,-0.0642,0.1001,-1.1242,295.0,0.23,0.000,-0.900,WAYPOINT
2026-08-17T13:31:08.716733,37.8649085,32.4838814,1024.54,-0.0743,0.1157,-0.9284,306.0,0.26,0.000,-0.900,WAYPOINT
2026-08-17T13:31:09.717083,37.8649095,32.4838825,1024.52,-0.0689,0.1252,-0.4546,333.0,0.21,0.000,0.900,WAYPOINT
2026-08-17T13:31:10.716671,37.8649086,32.4838828,1024.49,-0.0699,0.1189,-0.3688,338.0,0.23,0.000,0.900,WAYPOINT
2026-08-17T13:31:11.716693,37.8649073,32.4838822,1024.50,-0.0716,0.1207,-0.6546,322.0,0.25,0.000,-0.900,WAYPOINT
2026-08-17T13:31:12.716731,37.8649079,32.4838819,1024.50,-0.0786,0.1010,-0.6469,322.0,0.11,0.850,0.000,WAYPOINT
2026-08-17T13:31:13.720018,37.8649089,32.4838829,1024.50,-0.0672,0.1248,-0.4580,333.0,0.12,0.000,0.900,WAYPOINT
2026-08-17T13:31:14.716898,37.8649092,32.4838817,1024.54,-0.0761,0.1604,-0.6073,325.0,0.19,0.000,0.000,WAYPOINT
2026-08-17T13:31:15.716720,37.8649111,32.4838792,1024.51,-0.0671,0.1039,-0.9985,302.0,0.22,0.000,-0.900,WAYPOINT
2026-08-17T13:31:16.720035,37.8649130,32.4838776,1024.51,-0.0686,0.1215,-1.1950,291.0,0.28,0.000,-0.900,WAYPOINT
2026-08-17T13:31:17.716854,37.8649159,32.4838775,1024.47,-0.0616,0.1549,-0.8944,308.0,0.31,0.000,0.000,WAYPOINT
2026-08-17T13:31:18.716707,37.8649163,32.4838761,1024.46,-0.0527,0.0979,-1.0532,299.0,0.18,0.000,0.000,WAYPOINT
2026-08-17T13:31:19.716791,37.8649155,32.4838749,1024.47,-0.0674,0.1073,-1.6649,264.0,0.07,0.000,-0.900,WAYPOINT
2026-08-17T13:31:20.716748,37.8649171,32.4838737,1024.52,-0.0712,0.1094,-1.7660,258.0,0.32,0.000,-0.900,WAYPOINT
2026-08-17T13:31:21.717162,37.8649190,32.4838726,1024.52,-0.0728,0.1156,-1.3932,280.0,0.31,0.850,0.000,WAYPOINT
2026-08-17T13:31:22.718118,37.8649193,32.4838730,1024.55,-0.0656,0.1225,-1.1575,293.0,0.16,0.000,0.000,WAYPOINT
2026-08-17T13:31:23.716740,37.8649185,32.4838710,1024.52,-0.0614,0.1126,-1.5976,268.0,0.27,0.000,-0.900,WAYPOINT
2026-08-17T13:31:24.716842,37.8649188,32.4838699,1024.54,-0.0736,0.1333,-1.9073,250.0,0.14,0.000,-0.900,WAYPOINT
2026-08-17T13:31:25.716913,37.8649210,32.4838680,1024.54,-0.0637,0.1309,-1.6171,267.0,0.22,0.000,0.000,WAYPOINT
2026-08-17T13:31:26.716752,37.8649209,32.4838672,1024.56,-0.0490,0.0873,-1.6422,265.0,0.20,0.000,0.000,WAYPOINT
2026-08-17T13:31:27.716784,37.8649195,32.4838661,1024.59,-0.0641,0.1142,-2.1570,236.0,0.14,0.000,0.900,WAYPOINT
2026-08-17T13:31:28.716770,37.8649206,32.4838642,1024.58,-0.0729,0.1130,-2.1892,234.0,0.26,0.000,0.900,WAYPOINT
2026-08-17T13:31:29.717045,37.8649215,32.4838623,1024.59,-0.0738,0.1233,-1.8843,252.0,0.22,0.000,0.000,WAYPOINT
2026-08-17T13:31:30.716749,37.8649208,32.4838612,1024.58,-0.0515,0.0829,-1.8866,251.0,0.24,0.000,0.000,WAYPOINT
2026-08-17T13:31:31.716898,37.8649190,32.4838614,1024.58,-0.0734,0.1083,-2.3823,223.0,0.21,0.000,0.900,WAYPOINT
2026-08-17T13:31:32.716733,37.8649194,32.4838596,1024.56,-0.0743,0.1234,-2.5337,214.0,0.28,0.000,-0.900,WAYPOINT
2026-08-17T13:31:33.716862,37.8649205,32.4838565,1024.56,-0.0689,0.1469,-2.2476,231.0,0.23,0.850,0.000,WAYPOINT
2026-08-17T13:31:34.716758,37.8649206,32.4838566,1024.55,-0.0709,0.1473,-2.0783,240.0,0.13,0.000,0.000,WAYPOINT
2026-08-17T13:31:35.717073,37.8649203,32.4838560,1024.60,-0.0700,0.1464,-1.9847,246.0,0.13,0.000,0.000,WAYPOINT
2026-08-17T13:31:36.716693,37.8649203,32.4838547,1024.68,-0.0700,0.1409,-1.9364,249.0,0.13,0.000,0.000,WAYPOINT
2026-08-17T13:31:37.716887,37.8649204,32.4838539,1024.78,-0.0678,0.1378,-1.9145,250.0,0.12,0.000,0.000,WAYPOINT
2026-08-17T13:31:38.716839,37.8649203,32.4838534,1024.82,-0.0701,0.1394,-1.9056,250.0,0.11,0.000,0.000,WAYPOINT
2026-08-17T13:31:39.716851,37.8649204,32.4838526,1024.85,-0.0689,0.1408,-1.9071,250.0,0.10,0.000,0.000,WAYPOINT
2026-08-17T13:31:40.716940,37.8649206,32.4838516,1024.87,-0.0698,0.1422,-1.9157,250.0,0.11,0.000,0.000,WAYPOINT
2026-08-17T13:31:41.716728,37.8649206,32.4838505,1024.85,-0.0686,0.1442,-1.9286,249.0,0.12,0.000,0.000,WAYPOINT
2026-08-17T13:31:42.716806,37.8649204,32.4838499,1024.85,-0.0693,0.1443,-1.9404,248.0,0.10,0.000,0.000,WAYPOINT
2026-08-17T13:31:43.717704,37.8649201,32.4838492,1024.83,-0.0685,0.1441,-1.9488,248.0,0.10,0.000,0.000,WAYPOINT
2026-08-17T13:31:44.717011,37.8649202,32.4838484,1024.79,-0.0691,0.1430,-1.9545,248.0,0.10,0.000,0.000,WAYPOINT
2026-08-17T13:31:45.716717,37.8649202,32.4838476,1024.78,-0.0693,0.1422,-1.9566,247.0,0.10,0.000,0.000,WAYPOINT
2026-08-17T13:31:46.716725,37.8649199,32.4838464,1024.80,-0.0694,0.1420,-1.9584,247.0,0.13,0.000,0.000,WAYPOINT
2026-08-17T13:31:47.716756,37.8649197,32.4838446,1024.89,-0.0692,0.1410,-1.9584,247.0,0.15,0.000,0.000,WAYPOINT
2026-08-17T13:31:48.716863,37.8649192,32.4838428,1024.94,-0.0701,0.1408,-1.9544,248.0,0.18,0.000,0.000,WAYPOINT
2026-08-17T13:31:49.720043,37.8649193,32.4838415,1024.98,-0.0699,0.1421,-1.9469,248.0,0.17,0.000,0.000,WAYPOINT
2026-08-17T13:31:50.716686,37.8649194,32.4838403,1025.03,-0.0692,0.1426,-1.9358,249.0,0.18,0.000,0.000,WAYPOINT
2026-08-17T13:31:51.717267,37.8649195,32.4838396,1025.05,-0.0697,0.1423,-1.9219,249.0,0.14,0.000,0.000,IDLE
2026-08-17T13:31:52.717220,37.8649193,32.4838393,1024.99,-0.0702,0.1421,-1.9053,250.0,0.12,0.000,0.000,IDLE
2026-08-17T13:31:53.717094,37.8649192,32.4838387,1024.93,-0.0710,0.1411,-1.8885,251.0,0.12,0.000,0.000,IDLE
2026-08-17T13:31:54.716777,37.8649189,32.4838373,1024.92,-0.0705,0.1412,-1.8720,252.0,0.13,0.000,0.000,IDLE
2026-08-17T13:31:55.717006,37.8649188,32.4838364,1024.87,-0.0706,0.1417,-1.8570,253.0,0.14,0.000,0.000,WAYPOINT
2026-08-17T13:31:56.716784,37.8649190,32.4838354,1024.83,-0.0696,0.1419,-1.8434,254.0,0.13,0.000,0.000,WAYPOINT
2026-08-17T13:31:57.716811,37.8649192,32.4838353,1024.84,-0.0693,0.1439,-1.8297,255.0,0.10,0.000,0.000,WAYPOINT
2026-08-17T13:31:58.719210,37.8649192,32.4838350,1024.83,-0.0699,0.1442,-1.8173,255.0,0.08,0.000,0.000,WAYPOINT
2026-08-17T13:31:59.717076,37.8649191,32.4838345,1024.83,-0.0701,0.1457,-1.8055,256.0,0.09,0.000,0.000,WAYPOINT
2026-08-17T13:32:00.716848,37.8649194,32.4838338,1024.85,-0.0691,0.1445,-1.7966,257.0,0.08,0.000,0.000,WAYPOINT
2026-08-17T13:32:01.716772,37.8649195,32.4838337,1024.84,-0.0699,0.1455,-1.7930,257.0,0.06,0.000,0.000,WAYPOINT
2026-08-17T13:32:02.717125,37.8649194,32.4838338,1024.86,-0.0708,0.1469,-1.7986,256.0,0.05,0.000,0.000,WAYPOINT
2026-08-17T13:32:03.716730,37.8649192,32.4838335,1024.87,-0.0699,0.1463,-1.8124,256.0,0.05,0.000,0.000,WAYPOINT
2026-08-17T13:32:04.716847,37.8649195,32.4838330,1024.84,-0.0685,0.1445,-1.8309,255.0,0.06,0.000,0.000,WAYPOINT
2026-08-17T13:32:05.716918,37.8649195,32.4838324,1024.84,-0.0665,0.1405,-1.8490,254.0,0.07,0.000,0.000,WAYPOINT
2026-08-17T13:32:06.716801,37.8649195,32.4838313,1024.89,-0.0652,0.1390,-1.8666,253.0,0.11,0.000,0.000,WAYPOINT
2026-08-17T13:32:07.717037,37.8649191,32.4838303,1024.94,-0.0660,0.1410,-1.8808,252.0,0.13,0.000,0.000,WAYPOINT
2026-08-17T13:32:08.716861,37.8649185,32.4838293,1024.93,-0.0671,0.1450,-1.8917,251.0,0.13,0.000,0.000,WAYPOINT
2026-08-17T13:32:09.717119,37.8649183,32.4838282,1024.89,-0.0691,0.1476,-1.8992,251.0,0.15,0.000,0.000,WAYPOINT
2026-08-17T13:32:10.717175,37.8649182,32.4838271,1024.94,-0.0704,0.1454,-1.9054,250.0,0.13,0.000,0.000,WAYPOINT
2026-08-17T13:32:11.716929,37.8649179,32.4838266,1024.97,-0.0700,0.1424,-1.9111,250.0,0.12,0.000,0.000,WAYPOINT
2026-08-17T13:32:12.716814,37.8649176,32.4838260,1025.02,-0.0701,0.1413,-1.9141,250.0,0.11,0.000,0.000,WAYPOINT
2026-08-17T13:32:13.716727,37.8649178,32.4838255,1025.04,-0.0685,0.1403,-1.9144,250.0,0.10,0.000,0.000,WAYPOINT
2026-08-17T13:32:14.716774,37.8649177,32.4838247,1025.06,-0.0697,0.1412,-1.9163,250.0,0.11,0.000,0.000,WAYPOINT
2026-08-17T13:32:15.716932,37.8649172,32.4838241,1025.03,-0.0706,0.1429,-1.9196,250.0,0.10,0.000,0.000,WAYPOINT
2026-08-17T13:32:16.716733,37.8649168,32.4838237,1024.99,-0.0715,0.1428,-1.9263,249.0,0.10,0.000,0.000,WAYPOINT
2026-08-17T13:32:17.716841,37.8649168,32.4838228,1024.98,-0.0714,0.1422,-1.9376,248.0,0.12,0.000,0.000,WAYPOINT
2026-08-17T13:32:18.716853,37.8649165,32.4838210,1024.95,-0.0706,0.1397,-1.9537,248.0,0.17,0.000,0.000,WAYPOINT
2026-08-17T13:32:19.716769,37.8649165,32.4838197,1024.95,-0.0707,0.1398,-1.9738,246.0,0.18,0.000,0.000,WAYPOINT
2026-08-17T13:32:20.716838,37.8649156,32.4838182,1024.97,-0.0721,0.1406,-1.9997,245.0,0.21,0.000,0.000,WAYPOINT
2026-08-17T13:32:21.716973,37.8649154,32.4838161,1025.03,-0.0690,0.1400,-2.0367,243.0,0.25,0.000,0.000,WAYPOINT
2026-08-17T13:32:22.716705,37.8649153,32.4838145,1025.05,-0.0686,0.1403,-2.0745,241.0,0.22,0.000,0.000,WAYPOINT
2026-08-17T13:32:23.716770,37.8649154,32.4838134,1024.96,-0.0674,0.1410,-2.1084,239.0,0.21,0.000,0.000,WAYPOINT
2026-08-17T13:32:24.717001,37.8649156,32.4838128,1024.91,-0.0693,0.1436,-2.1352,237.0,0.17,0.000,0.000,WAYPOINT
2026-08-17T13:32:25.717396,37.8649165,32.4838125,1024.89,-0.0693,0.1441,-2.1514,236.0,0.13,0.000,0.000,WAYPOINT
2026-08-17T13:32:26.716910,37.8649172,32.4838123,1024.87,-0.0706,0.1452,-2.1574,236.0,0.11,0.000,0.000,WAYPOINT
2026-08-17T13:32:27.716747,37.8649176,32.4838118,1024.86,-0.0705,0.1478,-2.1541,236.0,0.11,0.000,0.000,WAYPOINT
2026-08-17T13:32:28.716758,37.8649174,32.4838111,1024.85,-0.0719,0.1479,-2.1508,236.0,0.10,0.000,0.000,WAYPOINT
2026-08-17T13:32:29.717164,37.8649172,32.4838107,1024.87,-0.0697,0.1420,-2.1420,237.0,0.09,0.000,0.000,WAYPOINT
2026-08-17T13:32:30.716846,37.8649170,32.4838097,1024.87,-0.0705,0.1411,-2.1247,238.0,0.12,0.000,0.000,WAYPOINT
2026-08-17T13:32:31.716880,37.8649164,32.4838078,1024.84,-0.0703,0.1379,-2.0939,240.0,0.18,0.000,0.000,WAYPOINT
2026-08-17T13:32:32.716930,37.8649151,32.4838056,1024.81,-0.0711,0.1391,-2.0547,242.0,0.22,0.000,0.000,WAYPOINT
2026-08-17T13:32:33.717140,37.8649144,32.4838046,1024.83,-0.0713,0.1429,-2.0054,245.0,0.22,0.000,0.000,WAYPOINT
2026-08-17T13:32:34.720412,37.8649136,32.4838036,1024.85,-0.0728,0.1461,-1.9466,248.0,0.22,0.000,0.000,WAYPOINT
2026-08-17T13:32:35.716735,37.8649131,32.4838024,1024.85,-0.0730,0.1452,-1.8837,252.0,0.21,0.000,0.000,WAYPOINT
2026-08-17T13:32:36.717385,37.8649128,32.4838012,1024.86,-0.0702,0.1400,-1.8235,255.0,0.20,0.000,0.000,WAYPOINT
2026-08-17T13:32:37.716854,37.8649123,32.4838003,1024.88,-0.0710,0.1362,-1.7651,258.0,0.20,0.000,0.000,WAYPOINT
2026-08-17T13:32:38.716837,37.8649120,32.4837995,1024.95,-0.0699,0.1411,-1.7173,261.0,0.18,0.000,0.000,WAYPOINT
2026-08-17T13:32:39.716972,37.8649125,32.4837989,1025.02,-0.0693,0.1483,-1.6839,263.0,0.14,0.000,0.000,WAYPOINT
2026-08-17T13:32:40.716892,37.8649127,32.4837984,1025.04,-0.0696,0.1534,-1.6564,265.0,0.14,0.000,0.000,WAYPOINT
2026-08-17T13:32:41.716849,37.8649126,32.4837980,1024.97,-0.0699,0.1492,-1.6306,266.0,0.12,0.000,0.000,WAYPOINT
2026-08-17T13:32:42.717569,37.8649126,32.4837973,1024.90,-0.0688,0.1422,-1.6008,268.0,0.10,0.000,-0.900,WAYPOINT
2026-08-17T13:32:43.720095,37.8649129,32.4837966,1024.84,-0.0678,0.1362,-1.5716,269.0,0.10,0.000,-0.900,WAYPOINT
2026-08-17T13:32:44.717030,37.8649129,32.4837966,1024.79,-0.0687,0.1375,-1.5401,271.0,0.07,0.000,-0.900,WAYPOINT
2026-08-17T13:32:45.716780,37.8649129,32.4837962,1024.72,-0.0706,0.1427,-1.5050,273.0,0.06,0.000,-0.900,WAYPOINT
2026-08-17T13:32:46.718189,37.8649129,32.4837955,1024.71,-0.0712,0.1453,-1.4642,276.0,0.07,0.000,-0.900,WAYPOINT
2026-08-17T13:32:47.716778,37.8649131,32.4837950,1024.68,-0.0727,0.1443,-1.4281,278.0,0.07,0.000,-0.900,WAYPOINT
2026-08-17T13:32:48.716692,37.8649134,32.4837946,1024.65,-0.0646,0.1460,-1.3901,280.0,0.07,0.000,-0.900,WAYPOINT
2026-08-17T13:32:49.716850,37.8649137,32.4837942,1024.65,-0.0648,0.1437,-1.3612,282.0,0.07,0.000,0.000,WAYPOINT
2026-08-17T13:32:50.716720,37.8649142,32.4837937,1024.67,-0.0675,0.1429,-1.3333,283.0,0.07,0.000,0.000,WAYPOINT
2026-08-17T13:32:51.717099,37.8649144,32.4837934,1024.72,-0.0751,0.1443,-1.3108,284.0,0.04,0.000,-0.900,WAYPOINT
2026-08-17T13:32:52.717192,37.8649145,32.4837936,1024.75,-0.0714,0.1460,-1.2887,286.0,0.03,0.000,-0.900,WAYPOINT
2026-08-17T13:32:53.717200,37.8649149,32.4837936,1024.76,-0.0683,0.1472,-1.2728,287.0,0.05,0.000,-0.900,WAYPOINT
2026-08-17T13:32:54.717019,37.8649152,32.4837941,1024.76,-0.0589,0.1455,-1.2579,287.0,0.03,0.000,0.000,WAYPOINT
2026-08-17T13:32:55.716714,37.8649153,32.4837943,1024.73,-0.0650,0.1410,-1.2466,288.0,0.02,0.000,0.000,WAYPOINT
2026-08-17T13:32:56.716699,37.8649156,32.4837942,1024.72,-0.0667,0.1418,-1.2364,289.0,0.00,0.000,0.000,WAYPOINT
2026-08-17T13:32:57.717190,37.8649157,32.4837940,1024.73,-0.0730,0.1448,-1.2286,289.0,0.02,0.000,0.000,WAYPOINT
2026-08-17T13:32:58.716822,37.8649161,32.4837937,1024.65,-0.0727,0.1478,-1.2234,289.0,0.03,0.000,0.000,WAYPOINT
2026-08-17T13:32:59.717070,37.8649163,32.4837936,1024.65,-0.0743,0.1485,-1.2161,290.0,0.03,0.000,0.000,WAYPOINT
2026-08-17T13:33:00.716750,37.8649163,32.4837934,1024.76,-0.0733,0.1447,-1.2082,290.0,0.03,0.000,0.000,WAYPOINT
2026-08-17T13:33:01.720063,37.8649167,32.4837933,1024.72,-0.0719,0.1651,-1.2111,290.0,0.06,0.000,0.000,WAYPOINT
2026-08-17T13:33:02.717035,37.8649173,32.4837915,1024.71,-0.0714,0.1431,-1.2281,289.0,0.36,0.000,0.000,WAYPOINT
2026-08-17T13:33:03.716790,37.8649190,32.4837871,1024.72,-0.0712,0.1348,-1.2347,289.0,0.52,0.000,0.000,WAYPOINT
2026-08-17T13:33:04.716763,37.8649210,32.4837814,1024.78,-0.0719,0.1331,-1.2375,289.0,0.58,0.000,-0.900,WAYPOINT
2026-08-17T13:33:05.716850,37.8649237,32.4837760,1024.81,-0.0858,0.0961,-1.0784,298.0,0.47,0.000,-0.900,WAYPOINT
2026-08-17T13:33:06.717022,37.8649260,32.4837749,1024.79,-0.0740,0.1117,-0.6674,321.0,0.31,0.000,0.000,WAYPOINT
2026-08-17T13:33:07.716866,37.8649271,32.4837754,1024.78,-0.0597,0.1057,-0.4835,332.0,0.19,0.000,0.000,WAYPOINT
2026-08-17T13:33:08.717040,37.8649284,32.4837732,1024.74,-0.0662,0.1534,-0.6955,320.0,0.33,0.000,0.000,WAYPOINT
2026-08-17T13:33:09.717907,37.8649316,32.4837698,1024.70,-0.0661,0.1429,-0.8886,309.0,0.50,0.000,0.000,WAYPOINT
2026-08-17T13:33:10.716761,37.8649354,32.4837653,1024.78,-0.0626,0.1288,-1.0485,299.0,0.54,0.000,0.000,WAYPOINT
2026-08-17T13:33:11.717151,37.8649387,32.4837603,1024.80,-0.0650,0.1262,-1.1985,291.0,0.54,0.000,0.000,WAYPOINT
2026-08-17T13:33:12.716812,37.8649413,32.4837534,1024.72,-0.0625,0.1218,-1.3286,283.0,0.56,0.000,0.000,WAYPOINT
2026-08-17T13:33:13.716906,37.8649429,32.4837470,1024.62,-0.0634,0.1228,-1.4269,278.0,0.55,0.000,0.000,WAYPOINT
2026-08-17T13:33:14.717084,37.8649441,32.4837407,1024.57,-0.0647,0.1248,-1.5087,273.0,0.52,0.000,0.000,WAYPOINT
2026-08-17T13:33:15.716836,37.8649446,32.4837352,1024.54,-0.0670,0.1305,-1.5707,270.0,0.50,0.000,0.000,WAYPOINT
2026-08-17T13:33:16.716765,37.8649453,32.4837291,1024.54,-0.0671,0.1324,-1.6222,267.0,0.49,0.000,0.000,WAYPOINT
2026-08-17T13:33:17.716897,37.8649455,32.4837232,1024.57,-0.0701,0.1346,-1.6591,264.0,0.46,0.000,0.000,WAYPOINT
2026-08-17T13:33:18.716861,37.8649456,32.4837179,1024.59,-0.0705,0.1338,-1.6734,264.0,0.46,0.000,0.000,WAYPOINT
2026-08-17T13:33:19.716977,37.8649462,32.4837126,1024.59,-0.0706,0.1386,-1.6757,264.0,0.45,0.000,0.000,WAYPOINT
2026-08-17T13:33:20.716874,37.8649467,32.4837080,1024.62,-0.0715,0.1385,-1.6696,264.0,0.43,0.000,0.000,WAYPOINT
2026-08-17T13:33:21.716782,37.8649470,32.4837038,1024.64,-0.0715,0.1365,-1.6435,265.0,0.44,0.000,0.000,WAYPOINT
2026-08-17T13:33:22.716965,37.8649472,32.4836991,1024.69,-0.0700,0.1368,-1.6027,268.0,0.45,0.000,0.000,WAYPOINT
2026-08-17T13:33:23.717602,37.8649479,32.4836943,1024.73,-0.0701,0.1411,-1.5546,270.0,0.44,0.000,0.000,WAYPOINT
2026-08-17T13:33:24.716787,37.8649487,32.4836902,1024.75,-0.0697,0.1413,-1.5064,273.0,0.45,0.000,0.000,WAYPOINT
2026-08-17T13:33:25.716805,37.8649495,32.4836849,1024.78,-0.0688,0.1372,-1.4645,276.0,0.47,0.000,0.000,WAYPOINT
2026-08-17T13:33:26.716792,37.8649508,32.4836802,1024.80,-0.0694,0.1366,-1.4237,278.0,0.47,0.000,0.000,WAYPOINT
2026-08-17T13:33:27.716811,37.8649522,32.4836751,1024.84,-0.0692,0.1393,-1.3945,280.0,0.47,0.000,0.000,WAYPOINT
2026-08-17T13:33:28.716761,37.8649532,32.4836705,1024.88,-0.0694,0.1370,-1.3745,281.0,0.46,0.000,0.000,WAYPOINT
2026-08-17T13:33:29.716983,37.8649544,32.4836654,1024.92,-0.0705,0.1358,-1.3504,282.0,0.47,0.000,0.000,WAYPOINT
2026-08-17T13:33:30.716796,37.8649561,32.4836602,1024.94,-0.0693,0.1354,-1.3346,283.0,0.50,0.000,0.000,WAYPOINT
2026-08-17T13:33:31.717418,37.8649581,32.4836549,1024.93,-0.0655,0.1121,-1.3584,282.0,0.31,0.000,0.000,WAYPOINT
2026-08-17T13:33:32.717171,37.8649584,32.4836528,1024.91,-0.0573,0.1278,-1.6171,267.0,0.21,0.000,0.000,WAYPOINT
2026-08-17T13:33:33.717865,37.8649571,32.4836508,1024.88,-0.0676,0.0927,-2.2529,230.0,0.22,0.000,0.000,WAYPOINT
2026-08-17T13:33:34.716960,37.8649564,32.4836504,1024.86,-0.0581,0.1001,-2.8624,196.0,0.13,0.000,0.000,WAYPOINT
2026-08-17T13:33:35.716864,37.8649556,32.4836498,1024.86,-0.0488,0.1090,2.8154,161.0,0.10,0.000,0.000,WAYPOINT
2026-08-17T13:33:36.717036,37.8649546,32.4836499,1024.88,-0.0518,0.0963,2.1727,124.0,0.05,0.000,0.000,WAYPOINT
2026-08-17T13:33:37.716719,37.8649539,32.4836501,1024.91,-0.0562,0.1238,1.7577,100.0,0.11,0.000,0.000,WAYPOINT
2026-08-17T13:33:38.716736,37.8649534,32.4836524,1024.89,-0.0688,0.1434,1.4959,85.0,0.32,0.000,0.000,WAYPOINT
2026-08-17T13:33:39.716704,37.8649537,32.4836577,1024.90,-0.0713,0.1241,1.3715,78.0,0.59,0.000,0.000,WAYPOINT
2026-08-17T13:33:40.716722,37.8649549,32.4836640,1024.95,-0.0678,0.1356,1.2968,74.0,0.65,0.000,0.000,WAYPOINT
2026-08-17T13:33:41.717480,37.8649561,32.4836691,1024.98,-0.0727,0.1302,1.2628,72.0,0.60,0.000,0.000,WAYPOINT
2026-08-17T13:33:42.716801,37.8649572,32.4836739,1025.00,-0.0741,0.1291,1.2902,73.0,0.51,0.000,0.000,WAYPOINT
2026-08-17T13:33:43.716754,37.8649577,32.4836772,1024.98,-0.0715,0.1533,1.3992,80.0,0.41,0.000,0.000,WAYPOINT
2026-08-17T13:33:44.716781,37.8649581,32.4836801,1024.96,-0.0695,0.1528,1.5152,86.0,0.38,0.000,0.000,WAYPOINT
2026-08-17T13:33:45.720123,37.8649579,32.4836839,1024.99,-0.0714,0.1395,1.6391,93.0,0.43,0.000,0.000,WAYPOINT
2026-08-17T13:33:46.720049,37.8649574,32.4836882,1024.97,-0.0719,0.1370,1.7584,100.0,0.44,0.000,0.000,WAYPOINT
2026-08-17T13:33:47.716802,37.8649564,32.4836932,1024.94,-0.0735,0.1368,1.8735,107.0,0.46,0.000,0.000,WAYPOINT
2026-08-17T13:33:48.717051,37.8649553,32.4836978,1024.95,-0.0707,0.1367,1.9804,113.0,0.46,0.000,0.000,WAYPOINT
2026-08-17T13:33:49.716723,37.8649539,32.4837023,1024.91,-0.0700,0.1355,2.0764,118.0,0.46,0.000,0.000,WAYPOINT
2026-08-17T13:33:50.716879,37.8649519,32.4837063,1024.85,-0.0705,0.1352,2.1446,122.0,0.46,0.000,0.000,WAYPOINT
2026-08-17T13:33:51.716873,37.8649494,32.4837108,1024.83,-0.0706,0.1356,2.1875,125.0,0.48,0.000,0.000,WAYPOINT
2026-08-17T13:33:52.716848,37.8649469,32.4837148,1024.83,-0.0693,0.1361,2.2106,126.0,0.48,0.000,0.000,WAYPOINT
2026-08-17T13:33:53.716768,37.8649445,32.4837191,1024.80,-0.0690,0.1332,2.2141,126.0,0.49,0.000,0.000,WAYPOINT
2026-08-17T13:33:54.716725,37.8649413,32.4837240,1024.80,-0.0698,0.1375,2.2375,128.0,0.54,0.000,-0.900,WAYPOINT
2026-08-17T13:33:55.717067,37.8649382,32.4837270,1024.79,-0.0737,0.1154,2.5668,147.0,0.36,0.000,-0.900,WAYPOINT
2026-08-17T13:33:56.717049,37.8649370,32.4837263,1024.78,-0.0680,0.1054,3.0698,175.0,0.27,0.000,-0.900,WAYPOINT
2026-08-17T13:33:57.717401,37.8649375,32.4837259,1024.81,-0.0669,0.1251,-2.6649,207.0,0.12,0.000,0.000,WAYPOINT
2026-08-17T13:33:58.717305,37.8649369,32.4837258,1024.81,-0.0897,0.0915,-2.2101,233.0,0.15,0.000,0.000,WAYPOINT
2026-08-17T13:33:59.717268,37.8649372,32.4837264,1024.86,-0.0826,0.1123,-1.4875,274.0,0.17,0.000,0.000,WAYPOINT
2026-08-17T13:34:00.717497,37.8649362,32.4837263,1024.89,-0.0867,0.1318,-1.1201,295.0,0.14,0.000,0.000,WAYPOINT
2026-08-17T13:34:01.716911,37.8649353,32.4837247,1024.98,-0.0814,0.1384,-1.0127,301.0,0.27,0.000,0.000,WAYPOINT
2026-08-17T13:34:02.717389,37.8649372,32.4837187,1025.02,-0.0815,0.1429,-0.9390,306.0,0.47,0.000,0.000,WAYPOINT
2026-08-17T13:34:03.717132,37.8649386,32.4837165,1025.03,-0.0755,0.1460,-0.8330,312.0,0.57,0.000,0.000,WAYPOINT
2026-08-17T13:34:04.716766,37.8649421,32.4837118,1025.00,-0.0715,0.1341,-0.8092,313.0,0.61,0.000,0.000,WAYPOINT
2026-08-17T13:34:05.717388,37.8649470,32.4837044,1024.94,-0.0710,0.1299,-0.8365,312.0,0.59,0.000,0.000,WAYPOINT
2026-08-17T13:34:06.717402,37.8649501,32.4837001,1024.89,-0.0709,0.1324,-0.8764,309.0,0.56,0.000,0.000,WAYPOINT
2026-08-17T13:34:07.717360,37.8649532,32.4836952,1024.84,-0.0693,0.1325,-0.9255,306.0,0.55,0.000,0.000,WAYPOINT
2026-08-17T13:34:08.716827,37.8649547,32.4836929,1024.83,-0.0658,0.1286,-0.9980,302.0,0.52,0.000,0.000,WAYPOINT
2026-08-17T13:34:09.716975,37.8649583,32.4836854,1024.73,-0.0679,0.1387,-1.1074,296.0,0.50,0.000,0.000,WAYPOINT
2026-08-17T13:34:10.720464,37.8649600,32.4836803,1024.60,-0.0690,0.1329,-1.1945,291.0,0.51,0.000,0.000,WAYPOINT
2026-08-17T13:34:11.717461,37.8649618,32.4836751,1024.49,-0.0708,0.1338,-1.2668,287.0,0.52,0.000,0.000,WAYPOINT
2026-08-17T13:34:12.718224,37.8649625,32.4836727,1024.47,-0.0709,0.1388,-1.3513,282.0,0.49,0.000,0.000,WAYPOINT
2026-08-17T13:34:13.717408,37.8649634,32.4836682,1024.43,-0.0712,0.1374,-1.4184,278.0,0.45,0.000,0.000,WAYPOINT
2026-08-17T13:34:14.717397,37.8649638,32.4836608,1024.50,-0.0721,0.1334,-1.4705,275.0,0.44,0.000,0.000,WAYPOINT
2026-08-17T13:34:15.716737,37.8649640,32.4836582,1024.47,-0.0712,0.1235,-1.5135,273.0,0.39,0.000,0.000,WAYPOINT
2026-08-17T13:34:16.718604,37.8649640,32.4836553,1024.45,-0.0692,0.1316,-1.6673,264.0,0.08,0.000,0.000,WAYPOINT
2026-08-17T13:34:17.716692,37.8649629,32.4836553,1024.49,-0.0685,0.0913,-2.2197,232.0,0.31,0.000,0.000,WAYPOINT
2026-08-17T13:34:18.716679,37.8649616,32.4836552,1024.63,-0.0583,0.1023,-2.8306,197.0,0.20,0.000,0.000,WAYPOINT
2026-08-17T13:34:19.717391,37.8649613,32.4836541,1024.80,-0.0580,0.0964,2.8553,163.0,0.11,0.000,0.000,WAYPOINT
2026-08-17T13:34:20.716858,37.8649613,32.4836540,1024.84,-0.0610,0.0947,2.2393,128.0,0.11,0.000,0.000,WAYPOINT
2026-08-17T13:34:21.717057,37.8649604,32.4836526,1024.96,-0.0632,0.1465,1.8518,106.0,0.10,0.000,0.000,WAYPOINT
2026-08-17T13:34:22.717134,37.8649598,32.4836545,1024.96,-0.0634,0.1576,1.5903,91.0,0.19,0.000,0.000,WAYPOINT
2026-08-17T13:34:23.717099,37.8649599,32.4836591,1024.92,-0.0739,0.1309,1.5029,86.0,0.44,0.000,0.000,WAYPOINT
2026-08-17T13:34:24.716752,37.8649602,32.4836647,1024.86,-0.0641,0.1338,1.4287,81.0,0.55,0.000,0.000,WAYPOINT
2026-08-17T13:34:25.717102,37.8649610,32.4836706,1024.73,-0.0732,0.1244,1.3820,79.0,0.58,0.000,0.000,WAYPOINT
2026-08-17T13:34:26.718028,37.8649616,32.4836757,1024.62,-0.0726,0.1338,1.4110,80.0,0.55,0.000,0.000,WAYPOINT
2026-08-17T13:34:27.717000,37.8649619,32.4836804,1024.55,-0.0749,0.1215,1.4820,84.0,0.49,0.000,0.000,WAYPOINT
2026-08-17T13:34:28.717406,37.8649620,32.4836844,1024.54,-0.0784,0.1228,1.5889,91.0,0.44,0.000,0.000,WAYPOINT
2026-08-17T13:34:29.716711,37.8649611,32.4836885,1024.52,-0.0737,0.1394,1.6952,97.0,0.46,0.000,0.000,WAYPOINT
2026-08-17T13:34:30.722002,37.8649606,32.4836910,1024.51,-0.0738,0.1362,1.7997,103.0,0.49,0.000,0.000,WAYPOINT
2026-08-17T13:34:31.716434,37.8649587,32.4836983,1024.47,-0.0717,0.1330,1.8977,108.0,0.49,0.000,0.000,WAYPOINT
2026-08-17T13:34:32.716431,37.8649569,32.4837036,1024.45,-0.0715,0.1356,1.9897,113.0,0.51,0.000,0.000,WAYPOINT
2026-08-17T13:34:33.717142,37.8649545,32.4837088,1024.45,-0.0695,0.1346,2.0695,118.0,0.53,0.000,0.000,WAYPOINT
2026-08-17T13:34:34.716468,37.8649520,32.4837137,1024.45,-0.0693,0.1348,2.1392,122.0,0.53,0.000,0.000,WAYPOINT
2026-08-17T13:34:35.716416,37.8649502,32.4837171,1024.45,-0.0688,0.1345,2.1969,125.0,0.49,0.000,0.000,WAYPOINT
2026-08-17T13:34:36.717932,37.8649485,32.4837205,1024.44,-0.0693,0.1359,2.2348,128.0,0.45,0.000,0.000,WAYPOINT
2026-08-17T13:34:37.717140,37.8649475,32.4837224,1024.44,-0.0697,0.1354,2.2542,129.0,0.44,0.000,0.000,WAYPOINT
2026-08-17T13:34:38.716533,37.8649440,32.4837283,1024.43,-0.0655,0.1386,2.2534,129.0,0.47,0.000,0.900,WAYPOINT
2026-08-17T13:34:39.716474,37.8649432,32.4837323,1024.47,-0.0629,0.1192,2.0537,117.0,0.35,0.000,0.900,WAYPOINT
2026-08-17T13:34:40.719938,37.8649434,32.4837352,1024.50,-0.0722,0.1251,1.6976,97.0,0.29,0.000,0.000,WAYPOINT
2026-08-17T13:34:41.716402,37.8649441,32.4837374,1024.51,-0.0460,0.0887,1.4004,80.0,0.22,0.000,0.000,WAYPOINT
2026-08-17T13:34:42.716393,37.8649456,32.4837369,1024.52,-0.0664,0.1102,0.7780,44.0,0.28,0.000,0.000,WAYPOINT
2026-08-17T13:34:43.716518,37.8649454,32.4837368,1024.54,-0.0588,0.1080,0.1467,8.0,0.22,0.000,0.000,WAYPOINT
2026-08-17T13:34:44.716350,37.8649449,32.4837373,1024.59,-0.0478,0.1125,-0.4830,332.0,0.21,0.000,0.000,WAYPOINT
2026-08-17T13:34:45.717507,37.8649448,32.4837373,1024.60,-0.0498,0.1152,-1.1234,295.0,0.17,0.000,0.000,WAYPOINT
2026-08-17T13:34:46.716526,37.8649469,32.4837374,1024.67,-0.0602,0.1470,-1.5687,270.0,0.06,0.000,0.000,WAYPOINT
2026-08-17T13:34:47.716658,37.8649478,32.4837360,1024.65,-0.0670,0.1249,-1.8128,256.0,0.16,0.000,0.000,WAYPOINT
2026-08-17T13:34:48.716476,37.8649479,32.4837354,1024.72,-0.0668,0.1269,-1.9198,250.0,0.16,0.000,0.000,WAYPOINT
2026-08-17T13:34:49.717066,37.8649479,32.4837350,1024.71,-0.0686,0.1332,-1.9845,246.0,0.15,0.000,-0.900,WAYPOINT
2026-08-17T13:34:50.716657,37.8649476,32.4837337,1024.68,-0.0709,0.1385,-2.0380,243.0,0.14,0.000,-0.900,WAYPOINT
2026-08-17T13:34:51.716369,37.8649469,32.4837320,1024.68,-0.0762,0.1411,-2.0949,239.0,0.17,0.000,-0.900,WAYPOINT
2026-08-17T13:34:52.716511,37.8649463,32.4837305,1024.70,-0.0727,0.1439,-2.1602,236.0,0.19,0.000,-0.900,WAYPOINT
2026-08-17T13:34:53.716942,37.8649460,32.4837301,1024.65,-0.0704,0.1451,-2.2549,231.0,0.18,0.000,-0.900,WAYPOINT
2026-08-17T13:34:54.716671,37.8649456,32.4837294,1024.60,-0.0716,0.1454,-2.3326,227.0,0.16,0.000,-0.900,WAYPOINT
2026-08-17T13:34:55.716416,37.8649454,32.4837283,1024.59,-0.0709,0.1364,-2.3860,223.0,0.15,0.000,-0.900,WAYPOINT
2026-08-17T13:34:56.717183,37.8649453,32.4837273,1024.61,-0.0736,0.1379,-2.4577,219.0,0.13,0.000,-0.900,WAYPOINT
2026-08-17T13:34:57.718345,37.8649451,32.4837262,1024.60,-0.0716,0.1424,-2.4921,217.0,0.12,0.000,-0.900,WAYPOINT
2026-08-17T13:34:58.716423,37.8649452,32.4837255,1024.58,-0.0718,0.1474,-2.5375,214.0,0.11,0.000,-0.900,WAYPOINT
2026-08-17T13:34:59.716427,37.8649455,32.4837247,1024.56,-0.0721,0.1448,-2.5934,211.0,0.07,0.000,-0.900,WAYPOINT
2026-08-17T13:35:00.716437,37.8649451,32.4837235,1024.59,-0.0724,0.1432,-2.6562,207.0,0.08,0.000,-0.900,WAYPOINT
2026-08-17T13:35:01.716573,37.8649446,32.4837224,1024.61,-0.0735,0.1404,-2.7152,204.0,0.09,0.000,-0.900,WAYPOINT
2026-08-17T13:35:02.716539,37.8649443,32.4837213,1024.58,-0.0736,0.1385,-2.7589,201.0,0.10,0.000,-0.900,WAYPOINT
2026-08-17T13:35:03.716414,37.8649438,32.4837201,1024.55,-0.0758,0.1378,-2.7803,200.0,0.12,0.000,-0.900,WAYPOINT
2026-08-17T13:35:04.716730,37.8649426,32.4837190,1024.43,-0.0728,0.1386,-2.8064,199.0,0.13,0.000,-0.900,WAYPOINT
2026-08-17T13:35:05.716684,37.8649418,32.4837181,1024.42,-0.0696,0.1392,-2.8493,197.0,0.14,0.000,-0.900,WAYPOINT
2026-08-17T13:35:06.716488,37.8649414,32.4837172,1024.48,-0.0687,0.1426,-2.9147,193.0,0.13,0.000,-0.900,WAYPOINT
2026-08-17T13:35:07.717424,37.8649407,32.4837165,1024.44,-0.0678,0.1450,-2.9897,188.0,0.12,0.000,-0.900,WAYPOINT
2026-08-17T13:35:08.716550,37.8649403,32.4837157,1024.48,-0.0690,0.1464,-3.0535,185.0,0.10,0.000,-0.900,WAYPOINT
2026-08-17T13:35:09.716335,37.8649398,32.4837146,1024.53,-0.0673,0.1456,-3.1012,182.0,0.10,0.000,0.000,WAYPOINT
2026-08-17T13:35:10.716549,37.8649393,32.4837139,1024.54,-0.0661,0.1409,-3.1270,180.0,0.10,0.000,0.000,WAYPOINT
2026-08-17T13:35:11.716825,37.8649390,32.4837133,1024.55,-0.0828,0.1346,-3.1276,179.0,0.08,0.000,0.000,WAYPOINT
2026-08-17T13:35:12.716429,37.8649396,32.4837113,1024.54,-0.0812,0.1106,-2.5915,202.0,0.30,0.000,0.000,WAYPOINT
2026-08-17T13:35:13.717280,37.8649407,32.4837122,1024.54,-0.0761,0.1051,-1.9227,240.0,0.24,0.000,0.000,WAYPOINT
2026-08-17T13:35:14.716762,37.8649408,32.4837141,1024.55,-0.0751,0.1217,-1.3950,280.0,0.16,0.000,0.000,WAYPOINT
2026-08-17T13:35:15.717200,37.8649397,32.4837141,1024.61,-0.0719,0.1609,-1.2348,289.0,0.06,0.000,0.000,WAYPOINT
2026-08-17T13:35:16.718159,37.8649398,32.4837116,1024.64,-0.0726,0.1437,-1.1773,292.0,0.23,0.000,0.000,WAYPOINT
2026-08-17T13:35:17.717236,37.8649408,32.4837063,1024.68,-0.0763,0.1381,-1.0973,295.0,0.47,0.000,0.000,WAYPOINT
2026-08-17T13:35:18.716428,37.8649427,32.4837005,1024.71,-0.0718,0.1355,-1.0395,300.0,0.58,0.000,0.000,WAYPOINT
2026-08-17T13:35:19.719000,37.8649450,32.4836953,1024.70,-0.0740,0.1344,-1.0106,302.0,0.59,0.000,0.000,WAYPOINT
2026-08-17T13:35:20.717954,37.8649473,32.4836901,1024.72,-0.0700,0.1311,-1.0467,300.0,0.58,0.000,0.000,WAYPOINT
2026-08-17T13:35:21.716431,37.8649493,32.4836848,1024.72,-0.0708,0.1309,-1.0823,297.0,0.56,0.000,0.000,WAYPOINT
2026-08-17T13:35:22.716799,37.8649509,32.4836793,1024.72,-0.0718,0.1323,-1.1323,295.0,0.55,0.000,0.000,WAYPOINT
2026-08-17T13:35:23.716464,37.8649523,32.4836744,1024.73,-0.0714,0.1365,-1.2250,290.0,0.52,0.000,0.000,WAYPOINT
2026-08-17T13:35:24.716425,37.8649535,32.4836697,1024.75,-0.0708,0.1331,-1.2773,286.0,0.48,0.000,0.000,WAYPOINT
2026-08-17T13:35:25.717208,37.8649540,32.4836641,1024.79,-0.0706,0.1317,-1.3388,283.0,0.50,0.000,0.000,WAYPOINT
2026-08-17T13:35:26.716570,37.8649547,32.4836595,1024.82,-0.0711,0.1330,-1.3885,280.0,0.47,0.000,0.000,WAYPOINT
2026-08-17T13:35:27.716443,37.8649555,32.4836545,1024.83,-0.0715,0.1352,-1.4470,277.0,0.47,0.000,0.000,WAYPOINT
2026-08-17T13:35:28.718298,37.8649560,32.4836500,1024.83,-0.0713,0.1373,-1.4975,274.0,0.45,0.000,0.000,WAYPOINT
2026-08-17T13:35:29.716834,37.8649566,32.4836453,1024.83,-0.0712,0.1342,-1.5440,272.0,0.46,0.000,0.000,WAYPOINT
2026-08-17T13:35:30.717414,37.8649560,32.4836403,1024.88,-0.0718,0.1362,-1.5723,270.0,0.45,0.000,0.000,WAYPOINT
2026-08-17T13:35:31.717227,37.8649560,32.4836344,1024.90,-0.0728,0.1360,-1.5741,269.0,0.49,0.000,0.000,WAYPOINT
2026-08-17T13:35:32.716386,37.8649563,32.4836294,1024.90,-0.0722,0.1363,-1.5744,269.0,0.47,0.000,0.000,WAYPOINT
2026-08-17T13:35:33.716659,37.8649568,32.4836235,1024.85,-0.0721,0.1346,-1.5774,269.0,0.50,0.000,0.000,WAYPOINT
2026-08-17T13:35:34.723006,37.8649570,32.4836169,1024.79,-0.0707,0.1324,-1.5807,269.0,0.52,0.000,0.000,WAYPOINT
2026-08-17T13:35:35.716931,37.8649570,32.4836134,1024.74,-0.0716,0.1133,-1.6571,265.0,0.15,0.000,0.000,WAYPOINT
2026-08-17T13:35:36.716447,37.8649553,32.4836136,1024.71,-0.0610,0.1270,-1.9670,247.0,0.28,0.000,0.000,WAYPOINT
2026-08-17T13:35:37.716590,37.8649544,32.4836135,1024.67,-0.0690,0.0975,-2.6150,210.0,0.24,0.000,0.000,WAYPOINT
2026-08-17T13:35:38.716585,37.8649546,32.4836137,1024.64,-0.0573,0.0903,3.0523,174.0,0.14,0.000,0.000,WAYPOINT
2026-08-17T13:35:39.716772,37.8649547,32.4836134,1024.62,-0.0528,0.0920,2.3222,133.0,0.18,0.000,0.000,WAYPOINT
2026-08-17T13:35:40.717027,37.8649546,32.4836118,1024.55,-0.0638,0.1303,1.8938,108.0,0.19,0.000,0.000,WAYPOINT
2026-08-17T13:35:41.717443,37.8649537,32.4836126,1024.51,-0.0691,0.1560,1.5545,89.0,0.07,0.000,0.000,WAYPOINT
2026-08-17T13:35:42.716788,37.8649538,32.4836139,1024.49,-0.0702,0.1420,1.3388,76.0,0.29,0.000,0.000,WAYPOINT
2026-08-17T13:35:43.716520,37.8649556,32.4836207,1024.47,-0.0732,0.1243,1.2175,69.0,0.52,0.000,0.000,WAYPOINT
2026-08-17T13:35:44.716920,37.8649574,32.4836259,1024.47,-0.0697,0.1332,1.1351,65.0,0.58,0.000,0.000,WAYPOINT
2026-08-17T13:35:45.717569,37.8649595,32.4836307,1024.49,-0.0770,0.1361,1.1111,63.0,0.56,0.000,0.000,WAYPOINT
2026-08-17T13:35:46.716831,37.8649614,32.4836352,1024.55,-0.0773,0.1215,1.1654,65.0,0.51,0.000,0.000,WAYPOINT
2026-08-17T13:35:47.716600,37.8649622,32.4836379,1024.61,-0.0759,0.1410,1.2891,73.0,0.39,0.000,0.000,WAYPOINT
2026-08-17T13:35:48.717387,37.8649627,32.4836417,1024.65,-0.0753,0.1325,1.4049,80.0,0.40,0.000,0.000,WAYPOINT
2026-08-17T13:35:49.716507,37.8649627,32.4836458,1024.64,-0.0750,0.1344,1.5151,86.0,0.45,0.000,0.000,WAYPOINT
2026-08-17T13:35:50.716722,37.8649628,32.4836504,1024.61,-0.0765,0.1350,1.6256,93.0,0.46,0.000,0.000,WAYPOINT
2026-08-17T13:35:51.716403,37.8649619,32.4836552,1024.60,-0.0732,0.1353,1.7327,99.0,0.47,0.000,0.000,WAYPOINT
2026-08-17T13:35:52.717084,37.8649612,32.4836579,1024.61,-0.0727,0.1337,1.8031,103.0,0.48,0.000,0.000,WAYPOINT
2026-08-17T13:35:53.716997,37.8649597,32.4836630,1024.65,-0.0722,0.1345,1.8720,107.0,0.49,0.000,0.000,WAYPOINT
2026-08-17T13:35:54.716477,37.8649573,32.4836713,1024.69,-0.0719,0.1369,1.9377,111.0,0.50,0.000,0.000,WAYPOINT
2026-08-17T13:35:55.717120,37.8649554,32.4836762,1024.67,-0.0697,0.1372,1.9704,112.0,0.50,0.000,0.000,WAYPOINT
2026-08-17T13:35:56.716625,37.8649538,32.4836813,1024.69,-0.0710,0.1368,1.9852,113.0,0.49,0.000,0.000,WAYPOINT
2026-08-17T13:35:57.717182,37.8649516,32.4836872,1024.71,-0.0707,0.1357,2.0103,115.0,0.51,0.000,0.000,WAYPOINT
2026-08-17T13:35:58.717295,37.8649501,32.4836921,1024.75,-0.0713,0.1345,2.0263,116.0,0.49,0.000,0.000,WAYPOINT
2026-08-17T13:35:59.717186,37.8649488,32.4836967,1024.74,-0.0721,0.1334,2.0337,116.0,0.47,0.000,0.000,WAYPOINT
2026-08-17T13:36:00.716455,37.8649470,32.4837016,1024.75,-0.0706,0.1333,2.0251,116.0,0.48,0.000,0.000,WAYPOINT
2026-08-17T13:36:01.717359,37.8649451,32.4837064,1024.74,-0.0710,0.1372,2.0086,115.0,0.47,0.000,0.000,WAYPOINT
2026-08-17T13:36:02.717008,37.8649432,32.4837116,1024.77,-0.0718,0.1353,1.9804,113.0,0.49,0.000,0.000,WAYPOINT
2026-08-17T13:36:03.716779,37.8649416,32.4837172,1024.79,-0.0712,0.1347,1.9445,111.0,0.50,0.000,0.000,WAYPOINT
2026-08-17T13:36:04.722823,37.8649406,32.4837231,1024.76,-0.0736,0.1344,1.8999,108.0,0.51,0.000,0.000,WAYPOINT
2026-08-17T13:36:05.716571,37.8649397,32.4837291,1024.72,-0.0729,0.1342,1.8672,106.0,0.51,0.000,0.000,WAYPOINT
2026-08-17T13:36:06.716812,37.8649387,32.4837349,1024.70,-0.0729,0.1357,1.8586,106.0,0.51,0.000,0.000,WAYPOINT
2026-08-17T13:36:07.716388,37.8649377,32.4837398,1024.69,-0.0709,0.1355,1.8560,106.0,0.48,0.000,0.000,WAYPOINT
2026-08-17T13:36:08.716434,37.8649373,32.4837453,1024.69,-0.0735,0.1349,1.8578,106.0,0.47,0.000,0.000,WAYPOINT
2026-08-17T13:36:09.716401,37.8649369,32.4837515,1024.72,-0.0737,0.1350,1.8746,107.0,0.49,0.000,0.000,WAYPOINT
2026-08-17T13:36:10.716705,37.8649358,32.4837568,1024.77,-0.0729,0.1359,1.8983,108.0,0.48,0.000,0.000,WAYPOINT
2026-08-17T13:36:11.716501,37.8649349,32.4837621,1024.79,-0.0732,0.1366,1.9075,109.0,0.48,0.000,0.000,WAYPOINT
2026-08-17T13:36:12.716406,37.8649340,32.4837675,1024.85,-0.0733,0.1360,1.9039,109.0,0.49,0.000,0.000,WAYPOINT
2026-08-17T13:36:13.716459,37.8649327,32.4837738,1024.86,-0.0718,0.1335,1.9011,108.0,0.53,0.000,0.000,WAYPOINT
2026-08-17T13:36:14.716778,37.8649316,32.4837798,1024.87,-0.0720,0.1328,1.9013,108.0,0.53,0.000,0.000,WAYPOINT
2026-08-17T13:36:15.716738,37.8649302,32.4837856,1024.85,-0.0718,0.1345,1.8967,108.0,0.53,0.000,0.000,WAYPOINT
2026-08-17T13:36:16.716397,37.8649289,32.4837908,1024.85,-0.0703,0.1353,1.8842,107.0,0.51,0.000,0.000,WAYPOINT
2026-08-17T13:36:17.718321,37.8649279,32.4837964,1024.84,-0.0700,0.1345,1.8636,106.0,0.52,0.000,0.000,WAYPOINT
2026-08-17T13:36:18.718953,37.8649275,32.4837994,1024.83,-0.0705,0.1352,1.8487,105.0,0.52,0.000,0.000,WAYPOINT
2026-08-17T13:36:19.716445,37.8649264,32.4838083,1024.79,-0.0714,0.1359,1.8314,104.0,0.52,0.000,0.000,WAYPOINT
2026-08-17T13:36:20.716518,37.8649253,32.4838146,1024.80,-0.0693,0.1339,1.8171,104.0,0.54,0.000,0.000,WAYPOINT
2026-08-17T13:36:21.717043,37.8649245,32.4838209,1024.80,-0.0701,0.1325,1.8043,103.0,0.54,0.000,0.000,WAYPOINT
2026-08-17T13:36:22.716787,37.8649241,32.4838262,1024.79,-0.0711,0.1366,1.7980,103.0,0.51,0.000,0.000,WAYPOINT
2026-08-17T13:36:23.717291,37.8649236,32.4838316,1024.80,-0.0720,0.1346,1.7960,102.0,0.51,0.000,0.000,WAYPOINT
2026-08-17T13:36:24.716453,37.8649230,32.4838370,1024.80,-0.0714,0.1356,1.7978,103.0,0.50,0.000,0.000,WAYPOINT
2026-08-17T13:36:25.716587,37.8649220,32.4838429,1024.85,-0.0707,0.1347,1.8029,103.0,0.52,0.000,0.000,WAYPOINT
2026-08-17T13:36:26.717117,37.8649214,32.4838460,1024.86,-0.0702,0.1335,1.8073,103.0,0.53,0.000,0.000,WAYPOINT
2026-08-17T13:36:27.716795,37.8649202,32.4838541,1024.88,-0.0702,0.1366,1.8071,103.0,0.51,0.000,0.000,WAYPOINT
2026-08-17T13:36:28.716550,37.8649196,32.4838592,1024.86,-0.0703,0.1367,1.8009,103.0,0.49,0.000,0.000,WAYPOINT
2026-08-17T13:36:29.716417,37.8649191,32.4838643,1024.83,-0.0702,0.1362,1.7907,102.0,0.48,0.000,0.000,WAYPOINT
2026-08-17T13:36:30.716819,37.8649185,32.4838697,1024.80,-0.0708,0.1364,1.7886,102.0,0.48,0.000,0.000,WAYPOINT
2026-08-17T13:36:31.716736,37.8649181,32.4838748,1024.73,-0.0706,0.1382,1.7887,102.0,0.47,0.000,0.000,WAYPOINT
2026-08-17T13:36:32.716897,37.8649178,32.4838794,1024.71,-0.0714,0.1386,1.7954,102.0,0.45,0.000,0.000,WAYPOINT
2026-08-17T13:36:33.716644,37.8649173,32.4838853,1024.67,-0.0717,0.1338,1.8045,103.0,0.49,0.000,0.000,WAYPOINT
2026-08-17T13:36:34.716409,37.8649166,32.4838901,1024.66,-0.0708,0.1239,1.8124,103.0,0.40,0.000,0.000,WAYPOINT
2026-08-17T13:36:35.716874,37.8649162,32.4838942,1024.68,-0.0717,0.1363,1.8207,104.0,0.33,0.000,0.000,WAYPOINT
2026-08-17T13:36:36.716630,37.8649156,32.4838978,1024.64,-0.0699,0.1403,1.8273,104.0,0.29,0.000,0.000,WAYPOINT
2026-08-17T13:36:37.716401,37.8649149,32.4839014,1024.60,-0.0705,0.1349,1.8330,105.0,0.28,0.000,0.000,WAYPOINT
2026-08-17T13:36:38.717625,37.8649142,32.4839042,1024.52,-0.0699,0.1467,1.8385,105.0,0.25,0.000,0.000,WAYPOINT
2026-08-17T13:36:39.716926,37.8649137,32.4839072,1024.49,-0.0699,0.1465,1.8424,105.0,0.24,0.000,0.000,WAYPOINT
2026-08-17T13:36:40.717068,37.8649131,32.4839099,1024.54,-0.0701,0.1456,1.8455,105.0,0.25,0.000,0.000,WAYPOINT
2026-08-17T13:36:41.716616,37.8649129,32.4839122,1024.52,-0.0707,0.1437,1.8525,106.0,0.22,0.000,0.000,WAYPOINT
2026-08-17T13:36:42.716492,37.8649129,32.4839143,1024.47,-0.0710,0.1465,1.8571,106.0,0.19,0.000,0.000,WAYPOINT
2026-08-17T13:36:43.716494,37.8649130,32.4839161,1024.48,-0.0711,0.1446,1.8608,106.0,0.17,0.000,0.000,WAYPOINT
2026-08-17T13:36:44.716621,37.8649129,32.4839181,1024.47,-0.0734,0.1433,1.8651,106.0,0.17,0.000,0.000,WAYPOINT
2026-08-17T13:36:45.716405,37.8649128,32.4839198,1024.50,-0.0753,0.1484,1.8721,107.0,0.16,0.000,0.000,WAYPOINT
2026-08-17T13:36:46.716472,37.8649126,32.4839209,1024.50,-0.0719,0.1491,1.8846,107.0,0.13,0.000,0.000,WAYPOINT
2026-08-17T13:36:47.716498,37.8649126,32.4839214,1024.47,-0.0664,0.1550,1.9505,111.0,0.02,0.000,0.000,WAYPOINT
2026-08-17T13:36:48.716404,37.8649120,32.4839217,1024.48,-0.0684,0.1328,2.0297,116.0,0.02,0.000,0.000,WAYPOINT
2026-08-17T13:36:49.716449,37.8649118,32.4839220,1024.50,-0.0742,0.1272,2.1039,120.0,0.03,0.000,0.000,WAYPOINT
2026-08-17T13:36:50.716449,37.8649119,32.4839213,1024.52,-0.0731,0.1341,2.1615,123.0,0.04,0.000,0.000,IDLE
2026-08-17T13:36:51.716544,37.8649119,32.4839206,1024.52,-0.0667,0.1411,2.2171,127.0,0.04,0.000,0.000,IDLE
2026-08-17T13:36:52.716424,37.8649125,32.4839212,1024.47,-0.0743,0.1498,2.2641,129.0,0.02,0.000,0.000,IDLE
2026-08-17T13:36:53.716533,37.8649132,32.4839214,1024.46,-0.0719,0.1502,2.3109,132.0,0.05,0.000,0.000,IDLE
2026-08-17T13:36:54.716423,37.8649138,32.4839217,1024.45,-0.0798,0.1468,2.3526,134.0,0.07,0.000,0.000,IDLE
2026-08-17T13:36:55.716963,37.8649137,32.4839218,1024.51,-0.0782,0.1424,2.3932,137.0,0.05,0.000,0.000,IDLE
2026-08-17T13:36:56.716408,37.8649135,32.4839215,1024.52,-0.0769,0.1393,2.4262,139.0,0.03,0.000,-0.900,WAYPOINT
2026-08-17T13:36:57.716499,37.8649138,32.4839213,1024.53,-0.0748,0.1399,2.4476,140.0,0.03,0.000,-0.900,WAYPOINT
2026-08-17T13:36:58.716581,37.8649133,32.4839215,1024.56,-0.0715,0.1417,2.4608,140.0,0.02,0.000,-0.900,WAYPOINT
2026-08-17T13:36:59.716553,37.8649128,32.4839215,1024.55,-0.0727,0.1427,2.4654,141.0,0.03,0.000,-0.900,WAYPOINT
2026-08-17T13:37:00.716758,37.8649130,32.4839209,1024.56,-0.0724,0.1444,2.4675,141.0,0.03,0.000,-0.900,WAYPOINT
2026-08-17T13:37:01.716692,37.8649128,32.4839204,1024.58,-0.0714,0.1435,2.4708,141.0,0.05,0.000,-0.900,WAYPOINT
2026-08-17T13:37:02.716388,37.8649128,32.4839203,1024.57,-0.0697,0.1439,2.4834,142.0,0.04,0.000,-0.900,WAYPOINT
2026-08-17T13:37:03.716402,37.8649130,32.4839204,1024.55,-0.0758,0.1422,2.5002,143.0,0.02,0.000,-0.900,WAYPOINT
2026-08-17T13:37:04.718119,37.8649134,32.4839206,1024.48,-0.0760,0.1456,2.5144,144.0,0.02,0.000,-0.900,WAYPOINT
2026-08-17T13:37:05.716744,37.8649137,32.4839204,1024.44,-0.0732,0.1451,2.5378,145.0,0.03,0.000,-0.900,WAYPOINT
2026-08-17T13:37:06.716494,37.8649138,32.4839202,1024.42,-0.0723,0.1484,2.5563,146.0,0.03,0.000,-0.900,WAYPOINT
2026-08-17T13:37:07.716612,37.8649137,32.4839203,1024.42,-0.0705,0.1438,2.5734,147.0,0.02,0.000,-0.900,WAYPOINT
2026-08-17T13:37:08.717818,37.8649137,32.4839196,1024.43,-0.0735,0.1411,2.5868,148.0,0.02,0.000,-0.900,WAYPOINT
2026-08-17T13:37:09.716493,37.8649140,32.4839197,1024.47,-0.0723,0.1402,2.5961,148.0,0.03,0.000,-0.900,WAYPOINT
2026-08-17T13:37:10.718805,37.8649146,32.4839194,1024.50,-0.0736,0.1411,2.6044,149.0,0.05,0.000,-0.900,WAYPOINT
2026-08-17T13:37:11.716429,37.8649153,32.4839188,1024.51,-0.0715,0.1442,2.6098,149.0,0.08,0.000,-0.900,WAYPOINT
2026-08-17T13:37:12.716677,37.8649156,32.4839178,1024.56,-0.0690,0.1439,2.6138,149.0,0.08,0.000,-0.900,WAYPOINT
2026-08-17T13:37:13.725489,37.8649154,32.4839175,1024.52,-0.0712,0.1448,2.6128,149.0,0.06,0.000,-0.900,WAYPOINT
2026-08-17T13:37:14.716393,37.8649158,32.4839174,1024.53,-0.0731,0.1453,2.6094,149.0,0.06,0.000,-0.900,WAYPOINT
2026-08-17T13:37:15.718118,37.8649160,32.4839171,1024.55,-0.0736,0.1447,2.6071,149.0,0.05,0.000,-0.900,WAYPOINT
2026-08-17T13:37:16.718133,37.8649159,32.4839173,1024.58,-0.0718,0.1440,2.6036,149.0,0.03,0.000,0.000,WAYPOINT
2026-08-17T13:37:17.717428,37.8649162,32.4839169,1024.59,-0.0722,0.1432,2.5986,148.0,0.03,0.000,0.000,WAYPOINT
2026-08-17T13:37:18.716590,37.8649163,32.4839165,1024.61,-0.0702,0.1426,2.5930,148.0,0.03,0.000,0.000,WAYPOINT
2026-08-17T13:37:19.716991,37.8649165,32.4839162,1024.61,-0.0717,0.1431,2.5931,148.0,0.02,0.000,0.000,WAYPOINT
2026-08-17T13:37:20.716519,37.8649163,32.4839161,1024.60,-0.0707,0.1416,2.5996,148.0,0.01,0.000,0.000,WAYPOINT
2026-08-17T13:37:21.717603,37.8649161,32.4839162,1024.59,-0.0697,0.1415,2.6070,149.0,0.03,0.000,0.000,WAYPOINT
2026-08-17T13:37:22.716710,37.8649163,32.4839156,1024.59,-0.0673,0.1436,2.6173,149.0,0.01,0.000,0.000,WAYPOINT
2026-08-17T13:37:23.716513,37.8649164,32.4839155,1024.67,-0.0722,0.1435,2.6251,150.0,0.00,0.000,0.000,WAYPOINT
2026-08-17T13:37:24.718268,37.8649160,32.4839157,1024.81,-0.0732,0.1429,2.6274,150.0,0.03,0.000,0.000,WAYPOINT
2026-08-17T13:37:25.717243,37.8649158,32.4839158,1024.89,-0.0722,0.1415,2.6244,150.0,0.03,0.000,0.000,WAYPOINT
2026-08-17T13:37:26.716469,37.8649153,32.4839146,1025.03,-0.0736,0.1168,2.9599,169.0,0.24,0.000,0.000,WAYPOINT
2026-08-17T13:37:27.717424,37.8649163,32.4839137,1025.13,-0.0674,0.1075,-2.6608,207.0,0.23,0.000,0.000,WAYPOINT
2026-08-17T13:37:28.716722,37.8649175,32.4839159,1025.16,-0.0758,0.1212,-2.0331,243.0,0.18,0.000,0.000,WAYPOINT
2026-08-17T13:37:29.716417,37.8649167,32.4839173,1025.15,-0.0748,0.1436,-1.7509,259.0,0.10,0.000,0.000,WAYPOINT
2026-08-17T13:37:30.716471,37.8649161,32.4839152,1025.17,-0.0762,0.1421,-1.6100,267.0,0.23,0.000,0.000,WAYPOINT
2026-08-17T13:37:31.718466,37.8649159,32.4839129,1025.19,-0.0672,0.1351,-1.5620,270.0,0.46,0.000,0.000,WAYPOINT
2026-08-17T13:37:32.716450,37.8649151,32.4839046,1025.20,-0.0752,0.1329,-1.4248,278.0,0.60,0.000,0.000,WAYPOINT
2026-08-17T13:37:33.716422,37.8649151,32.4838987,1025.18,-0.0723,0.1269,-1.3884,280.0,0.61,0.000,0.000,WAYPOINT
2026-08-17T13:37:34.716718,37.8649152,32.4838923,1025.14,-0.0715,0.1255,-1.4131,279.0,0.62,0.000,0.000,WAYPOINT
2026-08-17T13:37:35.716580,37.8649151,32.4838874,1025.10,-0.0710,0.1311,-1.4418,277.0,0.56,0.000,0.000,WAYPOINT
2026-08-17T13:37:36.717361,37.8649147,32.4838832,1025.10,-0.0705,0.1341,-1.4895,274.0,0.51,0.000,0.000,WAYPOINT
2026-08-17T13:37:37.716518,37.8649145,32.4838783,1025.08,-0.0687,0.1364,-1.5371,271.0,0.50,0.000,0.000,WAYPOINT
2026-08-17T13:37:38.716439,37.8649141,32.4838735,1025.09,-0.0714,0.1352,-1.5693,270.0,0.49,0.000,0.000,WAYPOINT
2026-08-17T13:37:39.716485,37.8649136,32.4838680,1025.07,-0.0700,0.1250,-1.6145,267.0,0.48,0.000,0.000,WAYPOINT
2026-08-17T13:37:40.716415,37.8649131,32.4838632,1025.06,-0.0713,0.1428,-1.6722,264.0,0.44,0.000,0.000,WAYPOINT
2026-08-17T13:37:41.716467,37.8649123,32.4838582,1025.02,-0.0744,0.1468,-1.7164,261.0,0.45,0.000,0.000,WAYPOINT
2026-08-17T13:37:42.716437,37.8649113,32.4838525,1024.97,-0.0743,0.1400,-1.8022,256.0,0.50,0.000,0.000,WAYPOINT
2026-08-17T13:37:43.716553,37.8649101,32.4838471,1024.95,-0.0682,0.1351,-1.8737,252.0,0.51,0.000,0.000,WAYPOINT
2026-08-17T13:37:44.716455,37.8649086,32.4838417,1024.91,-0.0725,0.1362,-1.9286,249.0,0.50,0.000,0.000,WAYPOINT
2026-08-17T13:37:45.716482,37.8649072,32.4838360,1024.87,-0.0755,0.1180,-1.8168,255.0,0.43,0.000,0.000,WAYPOINT
2026-08-17T13:37:46.716402,37.8649067,32.4838319,1024.84,-0.0777,0.1310,-1.6567,265.0,0.34,0.000,0.000,WAYPOINT
2026-08-17T13:37:47.717242,37.8649064,32.4838279,1024.79,-0.0747,0.1398,-1.5108,273.0,0.37,0.000,0.000,WAYPOINT
2026-08-17T13:37:48.716526,37.8649067,32.4838240,1024.75,-0.0714,0.1435,-1.3820,280.0,0.41,0.000,0.000,WAYPOINT
2026-08-17T13:37:49.718813,37.8649077,32.4838198,1024.73,-0.0684,0.1376,-1.2689,285.0,0.43,0.000,0.000,WAYPOINT
2026-08-17T13:37:50.716739,37.8649094,32.4838155,1024.74,-0.0689,0.1350,-1.1717,292.0,0.44,0.000,0.000,WAYPOINT
2026-08-17T13:37:51.716474,37.8649112,32.4838112,1024.72,-0.0706,0.1372,-1.0986,297.0,0.45,0.000,0.000,WAYPOINT
2026-08-17T13:37:52.716564,37.8649131,32.4838065,1024.70,-0.0720,0.1383,-1.0614,299.0,0.48,0.000,0.000,WAYPOINT
2026-08-17T13:37:53.716457,37.8649155,32.4838018,1024.74,-0.0681,0.1358,-1.0278,301.0,0.50,0.000,0.000,WAYPOINT
2026-08-17T13:37:54.716679,37.8649183,32.4837967,1024.78,-0.0695,0.1357,-0.9377,306.0,0.52,0.000,0.000,WAYPOINT
2026-08-17T13:37:55.716513,37.8649211,32.4837929,1024.84,-0.0674,0.1360,-0.8850,309.0,0.52,0.000,0.000,WAYPOINT
2026-08-17T13:37:56.716477,37.8649242,32.4837886,1024.90,-0.0697,0.1353,-0.8632,310.0,0.52,0.000,0.000,WAYPOINT
2026-08-17T13:37:57.716572,37.8649274,32.4837845,1024.93,-0.0741,0.1350,-0.8520,311.0,0.53,0.000,0.000,WAYPOINT
2026-08-17T13:37:58.722252,37.8649305,32.4837809,1024.95,-0.0744,0.1191,-0.8540,311.0,0.40,0.000,0.000,WAYPOINT
2026-08-17T13:37:59.716647,37.8649313,32.4837790,1024.97,-0.0570,0.1247,-0.9682,304.0,0.12,0.000,0.000,WAYPOINT
2026-08-17T13:38:00.716431,37.8649298,32.4837775,1024.99,-0.0669,0.0960,-1.5684,270.0,0.24,0.000,0.000,WAYPOINT
2026-08-17T13:38:01.716882,37.8649310,32.4837760,1025.02,-0.0700,0.1338,-2.0602,241.0,0.04,0.000,0.000,WAYPOINT
2026-08-17T13:38:02.716679,37.8649313,32.4837739,1025.04,-0.0690,0.1665,-2.2551,230.0,0.21,0.000,0.000,WAYPOINT
2026-08-17T13:38:03.716388,37.8649290,32.4837700,1025.03,-0.0777,0.1401,-2.3352,226.0,0.45,0.000,0.000,WAYPOINT
2026-08-17T13:38:04.716452,37.8649260,32.4837659,1024.98,-0.0701,0.1447,-2.4346,220.0,0.54,0.000,0.000,WAYPOINT
2026-08-17T13:38:05.716800,37.8649227,32.4837622,1024.91,-0.0762,0.1390,-2.4606,219.0,0.55,0.000,0.000,WAYPOINT
2026-08-17T13:38:06.716391,37.8649198,32.4837585,1024.86,-0.0750,0.1416,-2.4390,220.0,0.53,0.000,0.000,WAYPOINT
2026-08-17T13:38:07.716571,37.8649167,32.4837539,1024.83,-0.0753,0.1378,-2.3687,224.0,0.54,0.000,0.000,WAYPOINT
2026-08-17T13:38:08.716493,37.8649142,32.4837497,1024.82,-0.0739,0.1408,-2.2891,228.0,0.50,0.000,0.000,WAYPOINT
2026-08-17T13:38:09.716378,37.8649122,32.4837454,1024.83,-0.0717,0.1403,-2.2242,232.0,0.48,0.000,0.000,WAYPOINT
2026-08-17T13:38:10.716558,37.8649104,32.4837412,1024.82,-0.0702,0.1408,-2.1672,235.0,0.46,0.000,0.000,WAYPOINT
2026-08-17T13:38:11.716643,37.8649088,32.4837364,1024.85,-0.0717,0.1353,-2.1037,239.0,0.46,0.000,0.000,WAYPOINT
2026-08-17T13:38:12.716929,37.8649076,32.4837325,1024.91,-0.0724,0.1370,-2.0550,242.0,0.43,0.000,0.000,WAYPOINT
2026-08-17T13:38:13.716500,37.8649070,32.4837282,1024.99,-0.0716,0.1354,-2.0277,243.0,0.43,0.000,0.000,WAYPOINT
2026-08-17T13:38:14.716544,37.8649056,32.4837229,1025.09,-0.0686,0.1357,-2.0188,244.0,0.46,0.000,0.000,WAYPOINT
2026-08-17T13:38:15.716528,37.8649040,32.4837176,1025.11,-0.0698,0.1348,-1.9901,245.0,0.49,0.000,0.000,WAYPOINT
2026-08-17T13:38:16.716574,37.8649042,32.4837133,1025.12,-0.0701,0.1243,-1.7269,261.0,0.41,0.000,0.000,WAYPOINT
2026-08-17T13:38:17.716505,37.8649037,32.4837098,1025.07,-0.0703,0.1393,-1.5158,273.0,0.38,0.000,0.000,WAYPOINT
2026-08-17T13:38:18.716530,37.8649041,32.4837056,1025.05,-0.0682,0.1414,-1.3512,282.0,0.42,0.000,0.000,WAYPOINT
2026-08-17T13:38:19.716419,37.8649060,32.4837007,1025.03,-0.0689,0.1343,-1.2265,289.0,0.47,0.000,0.000,WAYPOINT
2026-08-17T13:38:20.716459,37.8649085,32.4836961,1025.06,-0.0717,0.1319,-1.1325,295.0,0.50,0.000,0.000,WAYPOINT
2026-08-17T13:38:21.716704,37.8649112,32.4836915,1025.10,-0.0711,0.1336,-1.0735,298.0,0.52,0.000,0.000,WAYPOINT
2026-08-17T13:38:22.716533,37.8649136,32.4836874,1025.10,-0.0713,0.1342,-1.0304,300.0,0.50,0.000,0.000,WAYPOINT
2026-08-17T13:38:23.716858,37.8649159,32.4836835,1025.10,-0.0712,0.1347,-1.0030,302.0,0.49,0.000,0.000,WAYPOINT
2026-08-17T13:38:24.716918,37.8649185,32.4836797,1025.12,-0.0711,0.1342,-0.9832,303.0,0.49,0.000,0.000,WAYPOINT
2026-08-17T13:38:25.716554,37.8649211,32.4836757,1025.15,-0.0739,0.1354,-0.9751,304.0,0.49,0.000,0.000,WAYPOINT
2026-08-17T13:38:26.716488,37.8649240,32.4836717,1025.18,-0.0704,0.1354,-0.9783,303.0,0.49,0.000,0.000,WAYPOINT
2026-08-17T13:38:27.716754,37.8649267,32.4836676,1025.18,-0.0709,0.1336,-0.9831,303.0,0.49,0.000,0.000,WAYPOINT
2026-08-17T13:38:28.716595,37.8649296,32.4836637,1025.18,-0.0715,0.1334,-1.0015,302.0,0.50,0.000,0.000,WAYPOINT
2026-08-17T13:38:29.716742,37.8649327,32.4836590,1025.21,-0.0694,0.1349,-1.0299,300.0,0.52,0.000,0.000,WAYPOINT
2026-08-17T13:38:30.716470,37.8649357,32.4836543,1025.23,-0.0719,0.1330,-1.0570,299.0,0.52,0.000,0.000,WAYPOINT
2026-08-17T13:38:31.716540,37.8649383,32.4836500,1025.24,-0.0717,0.1348,-1.0854,297.0,0.52,0.000,0.000,WAYPOINT
2026-08-17T13:38:32.716582,37.8649408,32.4836452,1025.24,-0.0725,0.1337,-1.1069,296.0,0.51,0.000,0.000,WAYPOINT
2026-08-17T13:38:33.716390,37.8649434,32.4836404,1025.22,-0.0720,0.1344,-1.1228,295.0,0.51,0.000,0.000,WAYPOINT
2026-08-17T13:38:34.720031,37.8649460,32.4836358,1025.19,-0.0720,0.1337,-1.1427,294.0,0.50,0.000,0.000,WAYPOINT
2026-08-17T13:38:35.716695,37.8649478,32.4836323,1025.19,-0.0659,0.1135,-1.1961,291.0,0.28,0.000,0.000,WAYPOINT
2026-08-17T13:38:36.716430,37.8649486,32.4836320,1025.21,-0.0813,0.1406,-1.0205,301.0,0.26,0.000,0.000,WAYPOINT
2026-08-17T13:38:37.716533,37.8649481,32.4836348,1025.17,-0.0632,0.1086,-0.3530,339.0,0.31,0.000,0.000,WAYPOINT
2026-08-17T13:38:38.716730,37.8649445,32.4836352,1025.13,-0.0798,0.1050,0.2945,16.0,0.36,0.000,0.000,WAYPOINT
2026-08-17T13:38:39.716791,37.8649425,32.4836329,1025.13,-0.0887,0.1076,0.9277,53.0,0.39,0.000,0.000,WAYPOINT
2026-08-17T13:38:40.716662,37.8649418,32.4836293,1025.12,-0.0801,0.1264,1.5538,89.0,0.32,0.000,0.000,WAYPOINT
2026-08-17T13:38:41.716536,37.8649433,32.4836285,1025.11,-0.0757,0.1669,1.8401,105.0,0.05,0.000,0.000,WAYPOINT
2026-08-17T13:38:42.717043,37.8649431,32.4836321,1025.10,-0.0723,0.1390,1.9416,111.0,0.29,0.000,0.000,WAYPOINT
2026-08-17T13:38:43.716551,37.8649416,32.4836368,1025.11,-0.0734,0.1299,1.9784,113.0,0.52,0.000,0.000,WAYPOINT
2026-08-17T13:38:44.716880,37.8649388,32.4836423,1025.12,-0.0805,0.1316,2.0548,117.0,0.62,0.000,0.000,WAYPOINT
2026-08-17T13:38:45.716649,37.8649357,32.4836471,1025.12,-0.0714,0.1322,2.0643,118.0,0.62,0.000,0.000,WAYPOINT
2026-08-17T13:38:46.716546,37.8649332,32.4836517,1025.13,-0.0671,0.1234,1.9878,113.0,0.55,0.000,0.000,WAYPOINT
2026-08-17T13:38:47.716818,37.8649314,32.4836566,1025.13,-0.0672,0.1253,1.8848,107.0,0.53,0.000,0.000,WAYPOINT
2026-08-17T13:38:48.716576,37.8649308,32.4836600,1025.17,-0.0704,0.1305,1.7619,100.0,0.45,0.000,0.000,WAYPOINT
2026-08-17T13:38:49.716555,37.8649304,32.4836652,1025.14,-0.0699,0.1306,1.6569,94.0,0.51,0.000,0.000,WAYPOINT
2026-08-17T13:38:50.716562,37.8649303,32.4836706,1025.19,-0.0686,0.1302,1.5695,89.0,0.52,0.000,0.000,WAYPOINT
2026-08-17T13:38:51.716999,37.8649304,32.4836757,1025.22,-0.0709,0.1337,1.5004,85.0,0.52,0.000,0.000,WAYPOINT
2026-08-17T13:38:52.716975,37.8649302,32.4836803,1025.22,-0.0693,0.1326,1.4422,82.0,0.48,0.000,0.000,WAYPOINT
2026-08-17T13:38:53.718392,37.8649309,32.4836852,1025.20,-0.0713,0.1346,1.3899,79.0,0.46,0.000,0.000,WAYPOINT
2026-08-17T13:38:54.716654,37.8649315,32.4836903,1025.19,-0.0710,0.1365,1.3592,77.0,0.45,0.000,0.000,WAYPOINT
2026-08-17T13:38:55.716850,37.8649320,32.4836955,1025.17,-0.0718,0.1362,1.3344,76.0,0.45,0.000,0.000,WAYPOINT
2026-08-17T13:38:56.716773,37.8649329,32.4837004,1025.14,-0.0708,0.1356,1.3151,75.0,0.45,0.000,0.000,WAYPOINT
2026-08-17T13:38:57.716921,37.8649343,32.4837055,1025.13,-0.0730,0.1353,1.3152,75.0,0.46,0.000,0.000,WAYPOINT
2026-08-17T13:38:58.720024,37.8649354,32.4837105,1025.15,-0.0720,0.1362,1.3402,76.0,0.47,0.000,0.000,WAYPOINT
2026-08-17T13:38:59.716844,37.8649363,32.4837155,1025.15,-0.0727,0.1337,1.3663,78.0,0.47,0.000,0.000,WAYPOINT
2026-08-17T13:39:00.716775,37.8649369,32.4837211,1025.16,-0.0723,0.1337,1.3955,79.0,0.49,0.000,0.000,WAYPOINT
2026-08-17T13:39:01.717453,37.8649372,32.4837262,1025.22,-0.0776,0.1445,1.4326,82.0,0.33,0.000,0.000,WAYPOINT
2026-08-17T13:39:02.716793,37.8649380,32.4837314,1025.25,-0.0705,0.1366,1.4691,83.0,0.45,0.000,0.000,WAYPOINT
2026-08-17T13:39:03.716740,37.8649383,32.4837373,1025.26,-0.0660,0.1371,1.4873,85.0,0.54,0.000,0.000,WAYPOINT
2026-08-17T13:39:04.720391,37.8649385,32.4837431,1025.26,-0.0728,0.1290,1.5032,86.0,0.54,0.000,0.000,WAYPOINT
2026-08-17T13:39:05.716695,37.8649387,32.4837487,1025.27,-0.0712,0.1346,1.5562,89.0,0.52,0.000,0.000,WAYPOINT
2026-08-17T13:39:06.716566,37.8649387,32.4837547,1025.29,-0.0716,0.1323,1.6038,91.0,0.53,0.000,0.000,WAYPOINT
2026-08-17T13:39:07.716584,37.8649385,32.4837599,1025.30,-0.0719,0.1345,1.6461,94.0,0.52,0.000,0.000,WAYPOINT
2026-08-17T13:39:08.716649,37.8649382,32.4837655,1025.34,-0.0721,0.1348,1.6668,95.0,0.52,0.000,0.000,WAYPOINT
2026-08-17T13:39:09.716632,37.8649381,32.4837708,1025.34,-0.0718,0.1343,1.6709,95.0,0.50,0.000,0.000,WAYPOINT
2026-08-17T13:39:10.718683,37.8649381,32.4837763,1025.36,-0.0722,0.1332,1.6657,95.0,0.50,0.000,0.000,WAYPOINT
2026-08-17T13:39:11.716511,37.8649378,32.4837818,1025.36,-0.0711,0.1340,1.6633,95.0,0.50,0.000,0.000,WAYPOINT
2026-08-17T13:39:12.716645,37.8649372,32.4837876,1025.39,-0.0680,0.1349,1.6701,95.0,0.51,0.000,0.000,WAYPOINT
2026-08-17T13:39:13.716637,37.8649365,32.4837936,1025.38,-0.0718,0.1305,1.6728,95.0,0.53,0.000,0.000,WAYPOINT
2026-08-17T13:39:14.716653,37.8649365,32.4837992,1025.38,-0.0734,0.1337,1.6710,95.0,0.52,0.000,0.000,WAYPOINT
2026-08-17T13:39:15.716479,37.8649364,32.4838053,1025.43,-0.0719,0.1360,1.6673,95.0,0.52,0.000,0.000,WAYPOINT
2026-08-17T13:39:16.716508,37.8649363,32.4838111,1025.46,-0.0700,0.1305,1.6658,95.0,0.52,0.000,0.000,WAYPOINT
2026-08-17T13:39:17.716664,37.8649359,32.4838169,1025.47,-0.0710,0.1326,1.6636,95.0,0.52,0.000,0.000,WAYPOINT
2026-08-17T13:39:18.716983,37.8649358,32.4838222,1025.50,-0.0707,0.1358,1.6659,95.0,0.49,0.000,0.000,WAYPOINT
2026-08-17T13:39:19.716819,37.8649356,32.4838276,1025.48,-0.0706,0.1339,1.6735,95.0,0.50,0.000,0.000,WAYPOINT
2026-08-17T13:39:20.716634,37.8649356,32.4838328,1025.42,-0.0723,0.1324,1.6816,96.0,0.49,0.000,0.000,WAYPOINT
2026-08-17T13:39:21.716644,37.8649356,32.4838379,1025.39,-0.0717,0.1358,1.6955,97.0,0.47,0.000,0.000,WAYPOINT
2026-08-17T13:39:22.716798,37.8649352,32.4838430,1025.36,-0.0715,0.1358,1.7090,97.0,0.47,0.000,0.000,WAYPOINT
2026-08-17T13:39:23.716708,37.8649352,32.4838487,1025.32,-0.0711,0.1326,1.7187,98.0,0.49,0.000,0.000,WAYPOINT
2026-08-17T13:39:24.716644,37.8649349,32.4838550,1025.26,-0.0700,0.1329,1.7301,99.0,0.52,0.000,0.000,WAYPOINT
2026-08-17T13:39:25.716487,37.8649348,32.4838608,1025.23,-0.0707,0.1357,1.7418,99.0,0.51,0.000,0.000,WAYPOINT
2026-08-17T13:39:26.716493,37.8649347,32.4838667,1025.22,-0.0715,0.1320,1.7549,100.0,0.52,0.000,0.000,WAYPOINT
2026-08-17T13:39:27.716399,37.8649343,32.4838722,1025.20,-0.0712,0.1343,1.7734,101.0,0.50,0.000,0.000,WAYPOINT
2026-08-17T13:39:28.720003,37.8649334,32.4838778,1025.17,-0.0714,0.1342,1.7841,102.0,0.50,0.000,0.000,WAYPOINT
2026-08-17T13:39:29.716941,37.8649329,32.4838833,1025.11,-0.0716,0.1253,1.7926,102.0,0.45,0.000,0.000,WAYPOINT
2026-08-17T13:39:30.716451,37.8649325,32.4838865,1025.12,-0.0685,0.1161,1.8257,104.0,0.15,0.000,0.000,WAYPOINT
2026-08-17T13:39:31.716761,37.8649328,32.4838872,1025.09,-0.0696,0.1396,1.7861,102.0,0.11,0.000,0.000,WAYPOINT
2026-08-17T13:39:32.716561,37.8649326,32.4838879,1025.09,-0.0690,0.1450,1.8131,103.0,0.03,0.000,0.000,WAYPOINT
2026-08-17T13:39:33.716680,37.8649326,32.4838875,1025.09,-0.0719,0.1425,1.8099,103.0,0.04,0.000,0.000,WAYPOINT
2026-08-17T13:39:34.716615,37.8649323,32.4838871,1025.08,-0.0686,0.1390,1.8095,103.0,0.06,0.000,0.000,WAYPOINT
2026-08-17T13:39:35.716671,37.8649324,32.4838865,1025.05,-0.0692,0.1383,1.8111,103.0,0.07,0.000,0.000,WAYPOINT
2026-08-17T13:39:36.716529,37.8649324,32.4838859,1025.03,-0.0641,0.1419,1.8072,103.0,0.07,0.000,0.000,WAYPOINT
2026-08-17T13:39:37.717985,37.8649325,32.4838857,1025.05,-0.0721,0.1411,1.8113,103.0,0.07,0.000,0.000,WAYPOINT
2026-08-17T13:39:38.716777,37.8649327,32.4838858,1025.03,-0.0650,0.1431,1.8127,103.0,0.03,0.000,0.000,WAYPOINT
2026-08-17T13:39:39.716739,37.8649329,32.4838859,1025.06,-0.0641,0.1379,1.8093,103.0,0.01,0.000,0.000,WAYPOINT
2026-08-17T13:39:40.716617,37.8649329,32.4838856,1025.11,-0.0656,0.1338,1.8162,104.0,0.03,0.000,0.000,WAYPOINT
2026-08-17T13:39:41.716495,37.8649333,32.4838857,1025.14,-0.0746,0.1414,1.8137,103.0,0.01,0.000,0.000,WAYPOINT
2026-08-17T13:39:42.716519,37.8649338,32.4838850,1025.13,-0.0659,0.1463,1.8113,103.0,0.02,0.000,0.000,WAYPOINT
2026-08-17T13:39:43.717666,37.8649338,32.4838839,1025.10,-0.0736,0.1449,1.8179,104.0,0.05,0.000,0.000,WAYPOINT
2026-08-17T13:39:44.716538,37.8649336,32.4838826,1025.08,-0.0680,0.1410,1.8122,103.0,0.08,0.000,0.000,WAYPOINT
2026-08-17T13:39:45.716786,37.8649337,32.4838818,1025.05,-0.0699,0.1387,1.8100,103.0,0.05,0.000,0.000,WAYPOINT
2026-08-17T13:39:46.719747,37.8649339,32.4838824,1025.04,-0.0772,0.1340,1.8111,103.0,0.01,0.000,0.000,WAYPOINT
2026-08-17T13:39:47.716390,37.8649343,32.4838821,1025.06,-0.0673,0.1379,1.8086,103.0,0.03,0.000,0.000,WAYPOINT
2026-08-17T13:39:48.716953,37.8649346,32.4838825,1025.07,-0.0717,0.1380,1.8145,103.0,0.03,0.000,0.000,WAYPOINT
2026-08-17T13:39:49.719729,37.8649347,32.4838822,1025.06,-0.0732,0.1451,1.8117,103.0,0.01,0.000,0.000,WAYPOINT
2026-08-17T13:39:50.716484,37.8649353,32.4838818,1025.04,-0.0653,0.1517,1.8092,103.0,0.01,0.000,0.000,WAYPOINT
2026-08-17T13:39:51.716568,37.8649356,32.4838815,1025.04,-0.0754,0.1422,1.8166,104.0,0.03,0.000,0.000,WAYPOINT
2026-08-17T13:39:52.716416,37.8649358,32.4838810,1025.07,-0.0699,0.1393,1.8082,103.0,0.05,0.000,0.000,WAYPOINT
2026-08-17T13:39:53.716591,37.8649363,32.4838802,1025.07,-0.0705,0.1407,1.8122,103.0,0.08,0.000,0.000,WAYPOINT
2026-08-17T13:39:54.716691,37.8649367,32.4838794,1025.09,-0.0729,0.1406,1.8194,104.0,0.10,0.000,0.000,WAYPOINT
2026-08-17T13:39:55.716728,37.8649370,32.4838788,1025.11,-0.0676,0.1424,1.7746,101.0,0.08,0.000,0.000,WAYPOINT
2026-08-17T13:39:56.716790,37.8649375,32.4838775,1024.90,-0.0718,0.1445,1.7090,97.0,0.09,0.000,0.000,WAYPOINT
2026-08-17T13:39:57.716645,37.8649380,32.4838767,1024.77,-0.0708,0.1433,1.6344,93.0,0.08,0.000,0.000,WAYPOINT
2026-08-17T13:39:58.716664,37.8649382,32.4838759,1024.64,-0.0702,0.1425,1.5591,89.0,0.07,0.000,0.000,WAYPOINT
2026-08-17T13:39:59.716568,37.8649377,32.4838755,1024.60,-0.0714,0.1439,1.4907,85.0,0.05,0.000,0.000,WAYPOINT
2026-08-17T13:40:00.717183,37.8649376,32.4838751,1024.56,-0.0688,0.1447,1.4337,82.0,0.06,0.000,0.000,WAYPOINT
2026-08-17T13:40:01.716992,37.8649379,32.4838747,1024.50,-0.0720,0.1456,1.3856,79.0,0.04,0.000,0.000,WAYPOINT
2026-08-17T13:40:02.716625,37.8649376,32.4838742,1024.48,-0.0690,0.1463,1.3467,77.0,0.05,0.000,0.000,WAYPOINT
2026-08-17T13:40:03.716517,37.8649377,32.4838732,1024.50,-0.0680,0.1465,1.3124,75.0,0.06,0.000,0.000,WAYPOINT
2026-08-17T13:40:04.716725,37.8649380,32.4838727,1024.54,-0.0742,0.1437,1.2720,72.0,0.06,0.000,0.000,WAYPOINT
2026-08-17T13:40:05.716737,37.8649380,32.4838723,1024.54,-0.0685,0.1403,1.2317,70.0,0.06,0.000,0.000,WAYPOINT
2026-08-17T13:40:06.716806,37.8649378,32.4838721,1024.53,-0.0641,0.1394,1.1880,68.0,0.05,0.000,0.000,WAYPOINT
2026-08-17T13:40:07.716834,37.8649375,32.4838710,1024.50,-0.0643,0.1423,1.1448,65.0,0.08,0.000,0.000,WAYPOINT
2026-08-17T13:40:08.717054,37.8649375,32.4838707,1024.58,-0.0692,0.1437,1.1021,63.0,0.06,0.000,0.000,WAYPOINT
2026-08-17T13:40:09.716406,37.8649371,32.4838710,1024.61,-0.0713,0.1445,1.0598,60.0,0.05,0.000,0.000,WAYPOINT
2026-08-17T13:40:10.716768,37.8649367,32.4838709,1024.58,-0.0712,0.1440,1.0157,58.0,0.04,0.000,0.000,WAYPOINT
2026-08-17T13:40:11.716511,37.8649367,32.4838708,1024.50,-0.0749,0.1439,0.9675,55.0,0.03,0.000,0.000,WAYPOINT
2026-08-17T13:40:12.716472,37.8649368,32.4838709,1024.52,-0.0735,0.1386,0.9191,52.0,0.01,0.000,0.000,WAYPOINT
2026-08-17T13:40:13.718851,37.8649364,32.4838703,1024.55,-0.0718,0.1367,0.8741,50.0,0.03,0.000,0.000,WAYPOINT
2026-08-17T13:40:14.716538,37.8649364,32.4838704,1024.57,-0.0727,0.1402,0.8281,47.0,0.02,0.000,0.000,WAYPOINT
2026-08-17T13:40:15.716460,37.8649363,32.4838703,1024.58,-0.0716,0.1418,0.7862,45.0,0.02,0.000,0.000,WAYPOINT
2026-08-17T13:40:16.717020,37.8649360,32.4838707,1024.59,-0.0717,0.1437,0.7453,42.0,0.03,0.000,0.000,WAYPOINT
2026-08-17T13:40:17.716786,37.8649360,32.4838719,1024.56,-0.0725,0.1436,0.7012,40.0,0.06,0.000,0.000,WAYPOINT
2026-08-17T13:40:18.716807,37.8649360,32.4838727,1024.49,-0.0712,0.1427,0.6531,37.0,0.07,0.000,0.000,WAYPOINT
2026-08-17T13:40:19.716574,37.8649353,32.4838723,1024.49,-0.0716,0.1414,0.6009,34.0,0.05,0.000,0.000,WAYPOINT
2026-08-17T13:40:20.716480,37.8649352,32.4838726,1024.52,-0.0701,0.1404,0.5431,31.0,0.03,0.000,0.000,WAYPOINT
2026-08-17T13:40:21.717512,37.8649351,32.4838724,1024.54,-0.0702,0.1421,0.4826,27.0,0.02,0.000,0.000,WAYPOINT
2026-08-17T13:40:22.716725,37.8649349,32.4838725,1024.56,-0.0726,0.1412,0.4179,23.0,0.02,0.000,0.000,WAYPOINT
2026-08-17T13:40:23.716537,37.8649347,32.4838725,1024.60,-0.0733,0.1417,0.3492,20.0,0.02,0.000,0.000,WAYPOINT
2026-08-17T13:40:24.716527,37.8649342,32.4838723,1024.57,-0.0742,0.1432,0.2762,15.0,0.04,0.000,0.000,WAYPOINT
2026-08-17T13:40:25.716619,37.8649336,32.4838725,1024.52,-0.0719,0.1427,0.1990,11.0,0.05,0.000,0.000,WAYPOINT
2026-08-17T13:40:26.716871,37.8649337,32.4838729,1024.50,-0.0716,0.1420,0.1192,6.0,0.02,0.000,0.000,WAYPOINT
2026-08-17T13:40:27.716859,37.8649338,32.4838730,1024.54,-0.0757,0.1412,0.0364,2.0,0.01,0.000,0.000,WAYPOINT
2026-08-17T13:40:28.716902,37.8649341,32.4838732,1024.52,-0.0816,0.1406,-0.0512,357.0,0.02,0.000,0.000,WAYPOINT
2026-08-17T13:40:29.716819,37.8649349,32.4838730,1024.50,-0.0724,0.1382,-0.1358,352.0,0.06,0.000,0.000,WAYPOINT
2026-08-17T13:40:30.716619,37.8649351,32.4838728,1024.49,-0.0731,0.1429,-0.2258,347.0,0.06,0.000,0.000,WAYPOINT
2026-08-17T13:40:31.716716,37.8649347,32.4838735,1024.52,-0.0706,0.1427,-0.3150,341.0,0.02,0.000,0.000,WAYPOINT
2026-08-17T13:40:32.716730,37.8649344,32.4838740,1024.50,-0.0739,0.1398,-0.4049,336.0,0.01,0.000,0.000,WAYPOINT
2026-08-17T13:40:33.716592,37.8649341,32.4838745,1024.54,-0.0707,0.1384,-0.4928,331.0,0.02,0.000,0.000,WAYPOINT
2026-08-17T13:40:34.716766,37.8649339,32.4838743,1024.53,-0.0722,0.1401,-0.5802,326.0,0.00,0.000,0.000,WAYPOINT
2026-08-17T13:40:35.716738,37.8649339,32.4838744,1024.48,-0.0716,0.1394,-0.6662,321.0,0.00,0.000,0.000,WAYPOINT
2026-08-17T13:40:36.716523,37.8649348,32.4838746,1024.43,-0.0709,0.1403,-0.7517,316.0,0.05,0.000,0.000,WAYPOINT
2026-08-17T13:40:37.716656,37.8649348,32.4838749,1024.46,-0.0703,0.1388,-0.8346,312.0,0.04,0.000,0.000,WAYPOINT
2026-08-17T13:40:38.716725,37.8649356,32.4838753,1024.44,-0.0694,0.1398,-0.9163,307.0,0.07,0.000,0.000,WAYPOINT
2026-08-17T13:40:39.716687,37.8649366,32.4838751,1024.50,-0.0707,0.1423,-0.9963,302.0,0.09,0.000,0.000,WAYPOINT
2026-08-17T13:40:40.716891,37.8649364,32.4838755,1024.53,-0.0704,0.1443,-1.0749,298.0,0.07,0.000,0.000,WAYPOINT
2026-08-17T13:40:41.720138,37.8649367,32.4838755,1024.60,-0.0715,0.1420,-1.1500,294.0,0.06,0.000,0.000,WAYPOINT
2026-08-17T13:40:42.717053,37.8649371,32.4838755,1024.57,-0.0720,0.1416,-1.2232,289.0,0.07,0.000,0.000,WAYPOINT
2026-08-17T13:40:43.721547,37.8649375,32.4838754,1024.60,-0.0737,0.1430,-1.2926,285.0,0.07,0.000,0.000,WAYPOINT
2026-08-17T13:40:44.716869,37.8649376,32.4838753,1024.60,-0.0676,0.1426,-1.3563,282.0,0.06,0.000,0.000,WAYPOINT
2026-08-17T13:40:45.716969,37.8649376,32.4838754,1024.59,-0.0669,0.1432,-1.4198,278.0,0.04,0.000,0.000,WAYPOINT
2026-08-17T13:40:46.716977,37.8649379,32.4838754,1024.54,-0.0657,0.1421,-1.4793,275.0,0.04,0.000,0.000,WAYPOINT
2026-08-17T13:40:47.716719,37.8649377,32.4838755,1024.53,-0.0729,0.1418,-1.5369,271.0,0.02,0.000,0.000,WAYPOINT
2026-08-17T13:40:48.720124,37.8649381,32.4838760,1024.52,-0.0681,0.1436,-1.5894,268.0,0.04,0.000,0.000,WAYPOINT
2026-08-17T13:40:49.716670,37.8649383,32.4838763,1024.50,-0.0691,0.1420,-1.6402,266.0,0.03,0.000,0.000,WAYPOINT
2026-08-17T13:40:50.716779,37.8649386,32.4838763,1024.49,-0.0687,0.1402,-1.6870,263.0,0.03,0.000,0.000,WAYPOINT
2026-08-17T13:40:51.716788,37.8649384,32.4838767,1024.44,-0.0730,0.1383,-1.7342,260.0,0.01,0.000,0.000,WAYPOINT
2026-08-17T13:40:52.716991,37.8649385,32.4838766,1024.46,-0.0750,0.1407,-1.7774,258.0,0.01,0.000,0.000,WAYPOINT
2026-08-17T13:40:53.716950,37.8649387,32.4838773,1024.50,-0.0751,0.1452,-1.8200,255.0,0.03,0.000,0.000,WAYPOINT
2026-08-17T13:40:54.716899,37.8649386,32.4838780,1024.53,-0.0742,0.1485,-1.8640,253.0,0.04,0.000,0.000,WAYPOINT
2026-08-17T13:40:55.716723,37.8649385,32.4838778,1024.53,-0.0741,0.1465,-1.9067,250.0,0.02,0.000,0.000,WAYPOINT
2026-08-17T13:40:56.717274,37.8649389,32.4838773,1024.50,-0.0730,0.1417,-1.9504,248.0,0.01,0.000,0.000,WAYPOINT
2026-08-17T13:40:57.717423,37.8649389,32.4838776,1024.46,-0.0706,0.1350,-1.9923,245.0,0.00,0.000,0.000,WAYPOINT
2026-08-17T13:40:58.716771,37.8649387,32.4838778,1024.55,-0.0705,0.1340,-2.0331,243.0,0.02,0.000,0.000,WAYPOINT
2026-08-17T13:40:59.716742,37.8649386,32.4838780,1024.52,-0.0703,0.1330,-2.0748,241.0,0.02,0.000,0.000,WAYPOINT
2026-08-17T13:41:00.716710,37.8649387,32.4838787,1024.50,-0.0726,0.1358,-2.1181,238.0,0.03,0.000,0.000,WAYPOINT
2026-08-17T13:41:01.716890,37.8649385,32.4838785,1024.50,-0.0706,0.1388,-2.1627,236.0,0.02,0.000,0.000,WAYPOINT
2026-08-17T13:41:02.716693,37.8649378,32.4838777,1024.54,-0.0699,0.1414,-2.2065,233.0,0.05,0.000,0.000,WAYPOINT
2026-08-17T13:41:03.716565,37.8649377,32.4838771,1024.61,-0.0696,0.1447,-2.2497,231.0,0.05,0.000,0.000,WAYPOINT
2026-08-17T13:41:04.716592,37.8649376,32.4838776,1024.66,-0.0712,0.1503,-2.2920,228.0,0.02,0.000,0.000,WAYPOINT
2026-08-17T13:41:05.716772,37.8649378,32.4838782,1024.71,-0.0713,0.1513,-2.3385,226.0,0.02,0.000,0.000,WAYPOINT
2026-08-17T13:41:06.717049,37.8649374,32.4838781,1024.66,-0.0715,0.1474,-2.3888,223.0,0.03,0.000,0.000,WAYPOINT
2026-08-17T13:41:07.716928,37.8649372,32.4838786,1024.69,-0.0712,0.1433,-2.4399,220.0,0.03,0.000,0.000,WAYPOINT
2026-08-17T13:41:08.716727,37.8649373,32.4838791,1024.68,-0.0694,0.1412,-2.4916,217.0,0.03,0.000,0.000,WAYPOINT
2026-08-17T13:41:09.716669,37.8649373,32.4838792,1024.63,-0.0698,0.1407,-2.5409,214.0,0.02,0.000,0.000,WAYPOINT
2026-08-17T13:41:10.717070,37.8649372,32.4838790,1024.63,-0.0698,0.1415,-2.5896,211.0,0.01,0.000,0.000,WAYPOINT
2026-08-17T13:41:11.716726,37.8649373,32.4838787,1024.67,-0.0702,0.1434,-2.6357,208.0,0.02,0.000,0.000,WAYPOINT
2026-08-17T13:41:12.716624,37.8649374,32.4838785,1024.67,-0.0677,0.1437,-2.6822,206.0,0.02,0.000,0.000,WAYPOINT
2026-08-17T13:41:13.716996,37.8649373,32.4838784,1024.67,-0.0700,0.1444,-2.7271,203.0,0.02,0.000,0.000,WAYPOINT
2026-08-17T13:41:14.717042,37.8649370,32.4838781,1024.68,-0.0697,0.1430,-2.7706,201.0,0.03,0.000,0.000,WAYPOINT
2026-08-17T13:41:15.716615,37.8649366,32.4838781,1024.67,-0.0698,0.1424,-2.8099,199.0,0.03,0.000,0.000,WAYPOINT
2026-08-17T13:41:16.717868,37.8649365,32.4838785,1024.69,-0.0693,0.1443,-2.8506,196.0,0.02,0.000,0.000,WAYPOINT
2026-08-17T13:41:17.716506,37.8649366,32.4838789,1024.59,-0.0718,0.1453,-2.8913,194.0,0.02,0.000,0.000,WAYPOINT
2026-08-17T13:41:18.716766,37.8649363,32.4838788,1024.50,-0.0714,0.1450,-2.9331,191.0,0.01,0.000,0.000,WAYPOINT
2026-08-17T13:41:19.716755,37.8649362,32.4838797,1024.51,-0.0720,0.1448,-2.9761,189.0,0.04,0.000,0.000,WAYPOINT
2026-08-17T13:41:20.716948,37.8649363,32.4838798,1024.43,-0.0697,0.1426,-3.0201,186.0,0.03,0.000,0.000,WAYPOINT
2026-08-17T13:41:21.716655,37.8649363,32.4838799,1024.46,-0.0678,0.1417,-3.0613,184.0,0.04,0.000,0.000,WAYPOINT
2026-08-17T13:41:22.716464,37.8649356,32.4838802,1024.52,-0.0711,0.1419,-3.0986,182.0,0.04,0.000,0.000,WAYPOINT
2026-08-17T13:41:23.716703,37.8649352,32.4838804,1024.54,-0.0712,0.1436,-3.1301,180.0,0.04,0.000,0.000,WAYPOINT
2026-08-17T13:41:24.716389,37.8649347,32.4838809,1024.59,-0.0751,0.1467,3.1268,179.0,0.05,0.000,0.000,WAYPOINT
2026-08-17T13:41:25.716764,37.8649348,32.4838813,1024.60,-0.0752,0.1474,3.1029,177.0,0.04,0.000,0.000,WAYPOINT
2026-08-17T13:41:26.716731,37.8649348,32.4838814,1024.58,-0.0774,0.1455,3.0805,176.0,0.04,0.000,0.000,WAYPOINT
2026-08-17T13:41:27.716626,37.8649347,32.4838816,1024.59,-0.0767,0.1403,3.0598,175.0,0.02,0.000,0.000,WAYPOINT
2026-08-17T13:41:28.716752,37.8649346,32.4838818,1024.64,-0.0612,0.1379,3.0427,174.0,0.02,0.000,0.000,WAYPOINT
2026-08-17T13:41:29.716778,37.8649342,32.4838826,1024.71,-0.0668,0.1466,3.0247,173.0,0.06,0.000,0.000,WAYPOINT
2026-08-17T13:41:30.717556,37.8649339,32.4838837,1024.67,-0.0892,0.1069,2.9579,169.0,0.31,0.000,0.000,WAYPOINT
2026-08-17T13:41:31.716612,37.8649302,32.4838868,1024.66,-0.0898,0.1522,2.8672,164.0,0.43,0.000,0.000,WAYPOINT
2026-08-17T13:41:32.716783,37.8649269,32.4838902,1024.64,-0.0861,0.1242,3.0275,173.0,0.48,0.000,0.000,WAYPOINT
2026-08-17T13:41:33.716755,37.8649235,32.4838939,1024.64,-0.0850,0.1472,-3.0952,182.0,0.45,0.000,0.000,WAYPOINT
2026-08-17T13:41:34.717018,37.8649212,32.4838968,1024.63,-0.0936,0.1283,-2.9467,191.0,0.46,0.000,0.000,WAYPOINT
2026-08-17T13:41:35.716764,37.8649187,32.4838995,1024.63,-0.0902,0.1539,-2.7156,204.0,0.34,0.000,0.000,WAYPOINT
2026-08-17T13:41:36.716539,37.8649151,32.4839014,1024.56,-0.0937,0.1317,-2.5489,213.0,0.35,0.000,0.000,WAYPOINT
2026-08-17T13:41:37.716928,37.8649120,32.4839037,1024.54,-0.0800,0.1674,-2.3333,226.0,0.28,0.000,0.000,WAYPOINT
2026-08-17T13:41:38.716889,37.8649087,32.4839054,1024.59,-0.1026,0.1109,-2.3054,227.0,0.40,0.000,0.000,WAYPOINT
2026-08-17T13:41:39.716679,37.8649067,32.4839068,1024.62,-0.0642,0.1578,-2.1252,238.0,0.32,0.000,0.000,WAYPOINT
2026-08-17T13:41:40.716541,37.8649041,32.4839113,1024.66,-0.0833,0.1328,-2.0130,244.0,0.39,0.000,0.000,WAYPOINT
2026-08-17T13:41:41.716671,37.8649013,32.4839123,1024.70,-0.0674,0.1581,-1.9134,250.0,0.24,0.000,0.000,WAYPOINT
2026-08-17T13:41:42.716712,37.8648994,32.4839137,1024.67,-0.0732,0.1314,-1.7190,261.0,0.26,0.000,0.000,WAYPOINT
2026-08-17T13:41:43.716695,37.8648969,32.4839150,1024.65,-0.0770,0.1404,-1.5673,270.0,0.22,0.000,0.000,WAYPOINT
2026-08-17T13:41:44.716672,37.8648949,32.4839160,1024.65,-0.0760,0.1295,-1.4115,279.0,0.16,0.000,0.000,WAYPOINT
2026-08-17T13:41:45.716857,37.8648931,32.4839166,1024.64,-0.0637,0.1360,-1.2900,286.0,0.12,0.000,0.000,WAYPOINT
2026-08-17T13:41:46.716956,37.8648926,32.4839163,1024.62,-0.0704,0.1455,-1.1687,293.0,0.12,0.000,0.000,WAYPOINT
2026-08-17T13:41:47.718608,37.8648922,32.4839158,1024.54,-0.0653,0.1302,-1.0654,298.0,0.13,0.000,0.000,WAYPOINT
2026-08-17T13:41:48.716608,37.8648904,32.4839166,1024.56,-0.0755,0.1616,-1.2929,285.0,0.20,0.000,0.000,WAYPOINT
2026-08-17T13:41:49.716939,37.8648908,32.4839177,1024.57,-0.0566,0.1351,-1.4559,276.0,0.17,0.000,0.000,WAYPOINT
2026-08-17T13:41:50.716650,37.8648904,32.4839217,1024.63,-0.0623,0.1487,-1.4518,276.0,0.30,0.000,0.000,WAYPOINT
2026-08-17T13:41:51.717493,37.8648895,32.4839239,1024.69,-0.0804,0.1656,-1.5191,272.0,0.06,0.000,0.000,WAYPOINT
2026-08-17T13:41:52.716759,37.8648892,32.4839239,1024.68,-0.0744,0.1317,-1.6023,268.0,0.07,0.000,0.000,WAYPOINT
2026-08-17T13:41:53.716873,37.8648893,32.4839242,1024.61,-0.0728,0.1349,-1.6730,264.0,0.06,0.000,0.000,WAYPOINT
2026-08-17T13:41:54.716830,37.8648892,32.4839247,1024.65,-0.0693,0.1388,-1.7340,260.0,0.07,0.000,0.000,WAYPOINT
2026-08-17T13:41:55.717031,37.8648889,32.4839253,1024.68,-0.0705,0.1473,-1.7858,257.0,0.09,0.000,0.000,WAYPOINT
2026-08-17T13:41:56.716746,37.8648887,32.4839255,1024.62,-0.0750,0.1499,-1.8266,255.0,0.09,0.000,0.000,WAYPOINT
2026-08-17T13:41:57.716795,37.8648881,32.4839260,1024.60,-0.0745,0.1445,-1.8603,253.0,0.10,0.000,0.000,WAYPOINT
2026-08-17T13:41:58.716454,37.8648878,32.4839266,1024.57,-0.0715,0.1422,-1.8899,251.0,0.10,0.000,0.000,WAYPOINT
2026-08-17T13:41:59.716561,37.8648877,32.4839271,1024.63,-0.0724,0.1458,-1.9197,250.0,0.10,0.000,0.000,WAYPOINT
2026-08-17T13:42:00.716498,37.8648875,32.4839270,1024.62,-0.0743,0.1484,-1.9512,248.0,0.07,0.000,0.000,WAYPOINT
2026-08-17T13:42:01.716751,37.8648871,32.4839269,1024.68,-0.0714,0.1423,-1.9871,246.0,0.06,0.000,0.000,WAYPOINT
2026-08-17T13:42:02.716644,37.8648863,32.4839269,1024.69,-0.0722,0.1401,-2.0245,244.0,0.08,0.000,0.000,WAYPOINT
2026-08-17T13:42:03.716525,37.8648857,32.4839284,1024.69,-0.0727,0.1436,-2.0666,241.0,0.10,0.000,0.000,WAYPOINT
2026-08-17T13:42:04.716823,37.8648850,32.4839292,1024.68,-0.0741,0.1429,-2.1162,238.0,0.11,0.000,0.000,WAYPOINT
2026-08-17T13:42:05.716523,37.8648848,32.4839302,1024.72,-0.0726,0.1385,-2.1702,235.0,0.10,0.000,0.000,WAYPOINT
2026-08-17T13:42:06.716954,37.8648840,32.4839303,1024.75,-0.0721,0.1386,-2.2260,232.0,0.10,0.000,0.000,WAYPOINT
2026-08-17T13:42:07.716537,37.8648837,32.4839308,1024.76,-0.0719,0.1414,-2.2822,229.0,0.09,0.000,0.000,WAYPOINT
2026-08-17T13:42:08.716756,37.8648830,32.4839311,1024.74,-0.0728,0.1419,-2.3343,226.0,0.09,0.000,0.000,WAYPOINT
2026-08-17T13:42:09.716767,37.8648825,32.4839312,1024.70,-0.0701,0.1434,-2.3859,223.0,0.08,0.000,0.000,WAYPOINT
2026-08-17T13:42:10.716737,37.8648821,32.4839318,1024.60,-0.0678,0.1424,-2.4393,220.0,0.08,0.000,0.000,WAYPOINT
2026-08-17T13:42:11.717062,37.8648817,32.4839323,1024.67,-0.0718,0.1405,-2.4950,217.0,0.07,0.000,0.000,WAYPOINT
2026-08-17T13:42:12.716535,37.8648809,32.4839331,1024.63,-0.0730,0.1397,-2.5511,213.0,0.09,0.000,0.000,WAYPOINT
2026-08-17T13:42:13.716877,37.8648802,32.4839338,1024.65,-0.0708,0.1392,-2.6069,210.0,0.09,0.000,0.000,WAYPOINT
2026-08-17T13:42:14.716690,37.8648795,32.4839341,1024.64,-0.0706,0.1386,-2.6618,207.0,0.10,0.000,0.000,WAYPOINT
2026-08-17T13:42:15.716721,37.8648787,32.4839345,1024.64,-0.0720,0.1391,-2.7120,204.0,0.11,0.000,0.000,WAYPOINT
2026-08-17T13:42:16.716743,37.8648784,32.4839356,1024.60,-0.0711,0.1417,-2.7571,202.0,0.09,0.000,0.000,WAYPOINT
2026-08-17T13:42:17.717070,37.8648781,32.4839362,1024.66,-0.0703,0.1441,-2.7992,199.0,0.08,0.000,0.000,WAYPOINT
2026-08-17T13:42:18.716778,37.8648775,32.4839360,1024.72,-0.0695,0.1430,-2.8412,197.0,0.07,0.000,0.000,WAYPOINT
2026-08-17T13:42:19.716598,37.8648773,32.4839366,1024.73,-0.0712,0.1425,-2.8825,194.0,0.06,0.000,0.000,WAYPOINT
2026-08-17T13:42:20.716649,37.8648765,32.4839368,1024.70,-0.0705,0.1429,-2.9229,192.0,0.07,0.000,0.000,WAYPOINT
2026-08-17T13:42:21.716583,37.8648761,32.4839369,1024.80,-0.0721,0.1439,-2.9622,190.0,0.06,0.000,0.000,WAYPOINT
2026-08-17T13:42:22.717102,37.8648759,32.4839376,1024.79,-0.0716,0.1438,-2.9991,188.0,0.06,0.000,0.000,WAYPOINT
2026-08-17T13:42:23.716748,37.8648751,32.4839383,1024.79,-0.0732,0.1447,-3.0338,186.0,0.08,0.000,0.000,WAYPOINT
2026-08-17T13:42:24.716578,37.8648750,32.4839389,1024.83,-0.0730,0.1443,-3.0634,184.0,0.07,0.000,0.000,WAYPOINT
2026-08-17T13:42:25.716635,37.8648745,32.4839387,1024.80,-0.0700,0.1423,-3.0896,182.0,0.06,0.000,0.000,WAYPOINT
2026-08-17T13:42:26.716761,37.8648744,32.4839393,1024.78,-0.0693,0.1411,-3.1146,181.0,0.04,0.000,0.000,WAYPOINT
2026-08-17T13:42:27.716481,37.8648746,32.4839398,1024.70,-0.0682,0.1409,-3.1349,180.0,0.02,0.000,0.000,WAYPOINT
2026-08-17T13:42:28.716833,37.8648747,32.4839404,1024.63,-0.0671,0.1428,3.1300,179.0,0.03,0.000,0.000,WAYPOINT
2026-08-17T13:42:29.716872,37.8648745,32.4839407,1024.60,-0.0680,0.1448,3.1124,178.0,0.03,0.000,0.000,WAYPOINT
2026-08-17T13:42:30.716732,37.8648748,32.4839417,1024.60,-0.0702,0.1460,3.0962,177.0,0.06,0.000,0.000,WAYPOINT
2026-08-17T13:42:31.716909,37.8648749,32.4839420,1024.61,-0.0710,0.1449,3.0822,176.0,0.04,0.000,0.000,WAYPOINT
2026-08-17T13:42:32.717002,37.8648747,32.4839422,1024.59,-0.0714,0.1434,3.0686,175.0,0.02,0.000,0.000,WAYPOINT
2026-08-17T13:42:33.717063,37.8648738,32.4839430,1024.56,-0.0696,0.1417,3.0590,175.0,0.05,0.000,0.000,WAYPOINT
2026-08-17T13:42:34.718205,37.8648735,32.4839436,1024.61,-0.0693,0.1419,3.0512,174.0,0.06,0.000,0.000,WAYPOINT
2026-08-17T13:42:35.716674,37.8648734,32.4839443,1024.59,-0.0689,0.1418,3.0484,174.0,0.05,0.000,0.000,WAYPOINT
2026-08-17T13:42:36.716713,37.8648732,32.4839450,1024.50,-0.0702,0.1423,3.0461,174.0,0.06,0.000,0.000,WAYPOINT
2026-08-17T13:42:37.716691,37.8648729,32.4839459,1024.54,-0.0706,0.1420,3.0481,174.0,0.07,0.000,0.000,WAYPOINT
2026-08-17T13:42:38.716868,37.8648730,32.4839465,1024.56,-0.0693,0.1411,3.0532,174.0,0.05,0.000,0.000,WAYPOINT
2026-08-17T13:42:39.716850,37.8648731,32.4839464,1024.52,-0.0680,0.1423,3.0614,175.0,0.02,0.000,0.000,WAYPOINT
2026-08-17T13:42:40.716852,37.8648728,32.4839466,1024.55,-0.0677,0.1414,3.0722,176.0,0.03,0.000,0.000,WAYPOINT
2026-08-17T13:42:41.716722,37.8648723,32.4839467,1024.55,-0.0702,0.1410,3.0866,176.0,0.05,0.000,0.000,WAYPOINT
2026-08-17T13:42:42.718611,37.8648724,32.4839468,1024.58,-0.0699,0.1440,3.1088,178.0,0.03,0.000,0.000,WAYPOINT
2026-08-17T13:42:43.716616,37.8648723,32.4839469,1024.64,-0.0708,0.1455,3.1374,179.0,0.03,0.000,0.000,WAYPOINT
2026-08-17T13:42:44.716879,37.8648726,32.4839473,1024.60,-0.0704,0.1430,-3.1096,181.0,0.02,0.000,0.000,WAYPOINT
2026-08-17T13:42:45.717655,37.8648725,32.4839477,1024.62,-0.0687,0.1417,-3.0704,184.0,0.01,0.000,0.000,WAYPOINT
2026-08-17T13:42:46.717252,37.8648723,32.4839478,1024.56,-0.0706,0.1405,-3.0280,186.0,0.01,0.000,0.000,WAYPOINT
2026-08-17T13:42:47.716831,37.8648723,32.4839480,1024.48,-0.0686,0.1403,-2.9846,189.0,0.02,0.000,0.000,WAYPOINT
2026-08-17T13:42:48.716761,37.8648722,32.4839482,1024.47,-0.0740,0.1421,-2.9418,191.0,0.02,0.000,0.000,WAYPOINT
2026-08-17T13:42:49.717164,37.8648724,32.4839483,1024.51,-0.0793,0.1426,-2.8989,193.0,0.00,0.000,0.000,WAYPOINT
2026-08-17T13:42:50.717170,37.8648727,32.4839482,1024.51,-0.0733,0.1409,-2.8542,196.0,0.03,0.000,0.000,WAYPOINT
2026-08-17T13:42:51.716704,37.8648732,32.4839478,1024.44,-0.0684,0.1432,-2.8124,198.0,0.05,0.000,0.000,WAYPOINT
2026-08-17T13:42:52.719317,37.8648732,32.4839480,1024.47,-0.0721,0.1439,-2.7743,201.0,0.03,0.000,0.000,WAYPOINT
2026-08-17T13:42:53.716868,37.8648730,32.4839475,1024.54,-0.0709,0.1409,-2.7381,203.0,0.04,0.000,0.000,WAYPOINT
2026-08-17T13:42:54.716688,37.8648732,32.4839473,1024.56,-0.0690,0.1420,-2.7040,205.0,0.03,0.000,0.000,WAYPOINT
2026-08-17T13:42:55.716655,37.8648731,32.4839475,1024.61,-0.0722,0.1437,-2.6729,206.0,0.02,0.000,0.000,WAYPOINT
2026-08-17T13:42:56.716804,37.8648730,32.4839481,1024.63,-0.0703,0.1421,-2.6425,208.0,0.02,0.000,0.000,WAYPOINT
2026-08-17T13:42:57.716738,37.8648728,32.4839486,1024.60,-0.0736,0.1424,-2.6164,210.0,0.03,0.000,0.000,WAYPOINT
2026-08-17T13:42:58.716726,37.8648728,32.4839491,1024.57,-0.0709,0.1411,-2.5910,211.0,0.03,0.000,0.000,WAYPOINT
2026-08-17T13:42:59.716929,37.8648728,32.4839492,1024.58,-0.0712,0.1421,-2.5687,212.0,0.03,0.000,0.000,WAYPOINT
2026-08-17T13:43:00.716746,37.8648725,32.4839495,1024.57,-0.0698,0.1424,-2.5459,214.0,0.03,0.000,0.000,WAYPOINT
2026-08-17T13:43:01.717527,37.8648727,32.4839497,1024.60,-0.0716,0.1434,-2.5225,215.0,0.02,0.000,0.000,WAYPOINT
2026-08-17T13:43:02.716725,37.8648729,32.4839491,1024.66,-0.0709,0.1432,-2.4979,216.0,0.02,0.000,0.000,WAYPOINT
2026-08-17T13:43:03.720154,37.8648731,32.4839494,1024.69,-0.0701,0.1427,-2.4731,218.0,0.01,0.000,0.000,WAYPOINT
2026-08-17T13:43:04.716723,37.8648730,32.4839493,1024.72,-0.0704,0.1422,-2.4483,219.0,0.02,0.000,0.000,WAYPOINT
2026-08-17T13:43:05.716895,37.8648733,32.4839497,1024.68,-0.0702,0.1436,-2.4242,221.0,0.01,0.000,0.000,WAYPOINT
2026-08-17T13:43:06.716817,37.8648737,32.4839495,1024.63,-0.0709,0.1436,-2.4024,222.0,0.03,0.000,0.000,WAYPOINT
2026-08-17T13:43:07.717015,37.8648739,32.4839491,1024.57,-0.0704,0.1430,-2.3807,223.0,0.04,0.000,0.000,WAYPOINT
2026-08-17T13:43:08.717009,37.8648738,32.4839493,1024.58,-0.0703,0.1433,-2.3613,224.0,0.02,0.000,0.000,WAYPOINT
2026-08-17T13:43:09.716711,37.8648733,32.4839487,1024.61,-0.0723,0.1430,-2.3411,225.0,0.03,0.000,0.000,WAYPOINT
2026-08-17T13:43:10.716805,37.8648730,32.4839488,1024.61,-0.0707,0.1432,-2.3225,226.0,0.03,0.000,0.000,WAYPOINT
2026-08-17T13:43:11.716874,37.8648730,32.4839484,1024.66,-0.0727,0.1434,-2.3048,227.0,0.03,0.000,0.000,WAYPOINT
2026-08-17T13:43:12.716845,37.8648736,32.4839484,1024.63,-0.0712,0.1441,-2.2908,228.0,0.03,0.000,0.000,WAYPOINT
2026-08-17T13:43:13.716918,37.8648734,32.4839483,1024.59,-0.0713,0.1435,-2.2787,229.0,0.01,0.000,0.000,WAYPOINT
2026-08-17T13:43:14.716891,37.8648728,32.4839487,1024.59,-0.0705,0.1436,-2.2724,229.0,0.03,0.000,0.000,WAYPOINT
2026-08-17T13:43:15.716746,37.8648722,32.4839491,1024.60,-0.0724,0.1448,-2.2698,229.0,0.06,0.000,0.000,WAYPOINT
2026-08-17T13:43:16.716701,37.8648720,32.4839486,1024.62,-0.0761,0.1443,-2.2710,229.0,0.05,0.000,0.000,WAYPOINT
2026-08-17T13:43:17.717094,37.8648718,32.4839481,1024.62,-0.0889,0.1568,-2.2717,229.0,0.07,0.000,0.000,WAYPOINT
2026-08-17T13:43:18.724135,37.8648723,32.4839472,1024.69,-0.0791,0.1536,-2.2341,232.0,0.11,0.000,0.000,WAYPOINT
2026-08-17T13:43:19.716883,37.8648718,32.4839449,1024.73,-0.0792,0.1360,-2.0622,241.0,0.22,0.000,0.000,WAYPOINT
2026-08-17T13:43:20.717429,37.8648710,32.4839437,1024.73,-0.0729,0.1336,-1.9358,249.0,0.17,0.000,0.000,WAYPOINT
2026-08-17T13:43:21.717190,37.8648702,32.4839436,1024.72,-0.0717,0.1461,-1.6224,267.0,0.08,0.000,0.000,WAYPOINT
2026-08-17T13:43:22.721920,37.8648691,32.4839440,1024.70,-0.0723,0.1430,-1.4201,278.0,0.10,0.000,0.000,WAYPOINT
2026-08-17T13:43:23.716736,37.8648692,32.4839431,1024.70,-0.0722,0.1248,-1.2997,285.0,0.06,0.000,0.000,WAYPOINT
2026-08-17T13:43:24.716704,37.8648695,32.4839427,1024.66,-0.0714,0.1302,-1.2636,287.0,0.07,0.000,0.000,WAYPOINT
2026-08-17T13:43:25.717414,37.8648698,32.4839427,1024.60,-0.0722,0.1275,-1.2411,288.0,0.06,0.000,0.000,WAYPOINT
2026-08-17T13:43:26.716683,37.8648698,32.4839427,1024.57,-0.0732,0.1523,-1.1536,293.0,0.04,0.000,0.000,WAYPOINT
2026-08-17T13:43:27.716743,37.8648696,32.4839427,1024.56,-0.0700,0.1503,-1.0860,297.0,0.05,0.000,0.000,WAYPOINT
2026-08-17T13:43:28.716676,37.8648695,32.4839430,1024.55,-0.0712,0.1435,-1.0626,299.0,0.04,0.000,0.000,WAYPOINT
2026-08-17T13:43:29.716881,37.8648696,32.4839425,1024.54,-0.0705,0.1370,-1.0450,300.0,0.05,0.000,0.000,WAYPOINT
2026-08-17T13:43:30.716396,37.8648697,32.4839426,1024.46,-0.0713,0.1362,-1.0315,300.0,0.03,0.000,0.000,WAYPOINT
2026-08-17T13:43:31.717036,37.8648698,32.4839425,1024.51,-0.0710,0.1395,-1.0249,301.0,0.04,0.000,0.000,WAYPOINT
2026-08-17T13:43:32.716659,37.8648699,32.4839419,1024.53,-0.0713,0.1427,-1.0244,301.0,0.05,0.000,0.000,WAYPOINT
2026-08-17T13:43:33.716631,37.8648702,32.4839417,1024.60,-0.0716,0.1468,-1.0273,301.0,0.05,0.000,0.000,WAYPOINT
2026-08-17T13:43:34.716479,37.8648706,32.4839415,1024.69,-0.0705,0.1474,-1.0321,300.0,0.05,0.000,0.000,WAYPOINT
2026-08-17T13:43:35.716893,37.8648706,32.4839411,1024.76,-0.0710,0.1430,-1.0375,300.0,0.04,0.000,0.000,WAYPOINT
2026-08-17T13:43:36.716779,37.8648704,32.4839414,1024.80,-0.0706,0.1397,-1.0426,300.0,0.02,0.000,0.000,WAYPOINT
2026-08-17T13:43:37.716700,37.8648702,32.4839418,1024.84,-0.0708,0.1379,-1.0550,299.0,0.04,0.000,0.000,WAYPOINT
2026-08-17T13:43:38.716638,37.8648703,32.4839415,1024.86,-0.0713,0.1392,-1.0737,298.0,0.04,0.000,0.000,WAYPOINT
2026-08-17T13:43:39.716686,37.8648704,32.4839415,1024.91,-0.0724,0.1444,-1.0953,297.0,0.03,0.000,0.000,WAYPOINT
2026-08-17T13:43:40.717646,37.8648707,32.4839407,1024.92,-0.0717,0.1458,-1.1155,296.0,0.04,0.000,0.000,WAYPOINT
2026-08-17T13:43:41.716666,37.8648707,32.4839410,1024.92,-0.0719,0.1471,-1.1348,294.0,0.02,0.000,0.000,WAYPOINT
2026-08-17T13:43:42.716727,37.8648704,32.4839408,1024.90,-0.0717,0.1472,-1.1533,293.0,0.04,0.000,0.000,WAYPOINT
2026-08-17T13:43:43.716793,37.8648703,32.4839406,1024.88,-0.0731,0.1455,-1.1711,292.0,0.04,0.000,0.000,WAYPOINT
2026-08-17T13:43:44.716712,37.8648704,32.4839403,1024.83,-0.0721,0.1441,-1.1890,291.0,0.04,0.000,0.000,WAYPOINT
2026-08-17T13:43:45.716609,37.8648704,32.4839404,1024.78,-0.0734,0.1413,-1.2085,290.0,0.03,0.000,0.000,WAYPOINT
2026-08-17T13:43:46.717249,37.8648703,32.4839404,1024.71,-0.0733,0.1395,-1.2294,289.0,0.04,0.000,0.000,WAYPOINT
2026-08-17T13:43:47.716766,37.8648702,32.4839404,1024.66,-0.0737,0.1418,-1.2507,288.0,0.04,0.000,0.000,WAYPOINT
2026-08-17T13:43:48.716812,37.8648702,32.4839404,1024.62,-0.0719,0.1426,-1.2747,286.0,0.04,0.000,0.000,WAYPOINT
2026-08-17T13:43:49.717367,37.8648700,32.4839400,1024.62,-0.0720,0.1419,-1.2997,285.0,0.05,0.000,0.000,WAYPOINT
2026-08-17T13:43:50.716970,37.8648700,32.4839396,1024.56,-0.0711,0.1434,-1.3242,284.0,0.05,0.000,0.000,WAYPOINT
2026-08-17T13:43:51.716746,37.8648699,32.4839393,1024.49,-0.0697,0.1451,-1.3492,282.0,0.06,0.000,0.000,WAYPOINT
2026-08-17T13:43:52.716783,37.8648698,32.4839387,1024.49,-0.0707,0.1452,-1.3735,281.0,0.06,0.000,0.000,WAYPOINT
2026-08-17T13:43:53.716841,37.8648697,32.4839382,1024.53,-0.0722,0.1440,-1.3971,279.0,0.07,0.000,0.000,WAYPOINT
2026-08-17T13:43:54.720139,37.8648697,32.4839384,1024.57,-0.0734,0.1439,-1.4193,278.0,0.04,0.000,0.000,IDLE
2026-08-17T13:43:55.716688,37.8648698,32.4839381,1024.55,-0.0726,0.1430,-1.4402,277.0,0.03,0.000,0.000,IDLE
2026-08-17T13:43:56.716811,37.8648698,32.4839375,1024.55,-0.0722,0.1411,-1.4587,276.0,0.04,0.000,0.000,IDLE
2026-08-17T13:43:57.716901,37.8648699,32.4839373,1024.55,-0.0709,0.1411,-1.4753,275.0,0.03,0.000,-0.900,WAYPOINT
2026-08-17T13:43:58.716775,37.8648698,32.4839372,1024.67,-0.0713,0.1434,-1.4899,274.0,0.03,0.000,-0.900,WAYPOINT
2026-08-17T13:43:59.716784,37.8648697,32.4839377,1024.66,-0.0724,0.1451,-1.5037,273.0,0.03,0.000,-0.900,WAYPOINT
2026-08-17T13:44:00.716498,37.8648698,32.4839375,1024.68,-0.0720,0.1449,-1.5171,273.0,0.03,0.000,-0.900,WAYPOINT
2026-08-17T13:44:01.716679,37.8648697,32.4839377,1024.74,-0.0725,0.1434,-1.5313,272.0,0.04,0.000,-0.900,WAYPOINT
2026-08-17T13:44:02.716743,37.8648697,32.4839379,1024.71,-0.0711,0.1421,-1.5468,271.0,0.03,0.000,-0.900,WAYPOINT
2026-08-17T13:44:03.716906,37.8648695,32.4839378,1024.79,-0.0713,0.1424,-1.5632,270.0,0.03,0.000,-0.900,WAYPOINT
2026-08-17T13:44:04.716686,37.8648693,32.4839376,1024.76,-0.0715,0.1420,-1.5801,269.0,0.03,0.000,-0.900,WAYPOINT
2026-08-17T13:44:05.716749,37.8648695,32.4839376,1024.71,-0.0711,0.1406,-1.5974,268.0,0.01,0.000,-0.900,WAYPOINT
2026-08-17T13:44:06.717096,37.8648692,32.4839377,1024.65,-0.0716,0.1416,-1.6131,267.0,0.02,0.000,-0.900,WAYPOINT
2026-08-17T13:44:07.716970,37.8648692,32.4839378,1024.58,-0.0713,0.1440,-1.6247,266.0,0.01,0.000,-0.900,WAYPOINT
2026-08-17T13:44:08.716708,37.8648690,32.4839378,1024.57,-0.0706,0.1434,-1.6351,266.0,0.02,0.000,-0.900,WAYPOINT
2026-08-17T13:44:09.716706,37.8648691,32.4839367,1024.54,-0.0701,0.1608,-1.6447,265.0,0.16,0.000,-0.900,WAYPOINT
2026-08-17T13:44:10.716721,37.8648690,32.4839333,1024.48,-0.0639,0.1506,-1.6439,265.0,0.41,0.000,-0.900,WAYPOINT
2026-08-17T13:44:11.716692,37.8648696,32.4839274,1024.38,-0.0673,0.1350,-1.6536,265.0,0.57,0.000,-0.900,WAYPOINT
2026-08-17T13:44:12.717004,37.8648698,32.4839216,1024.29,-0.0682,0.1353,-1.6683,264.0,0.60,0.000,-0.900,WAYPOINT
2026-08-17T13:44:13.716435,37.8648702,32.4839150,1024.24,-0.0687,0.1331,-1.6941,262.0,0.61,0.000,-0.900,WAYPOINT
2026-08-17T13:44:14.716699,37.8648701,32.4839091,1024.20,-0.0693,0.1317,-1.7257,261.0,0.57,0.000,-0.900,WAYPOINT
2026-08-17T13:44:15.716849,37.8648702,32.4839024,1024.23,-0.0695,0.1332,-1.7691,258.0,0.57,0.000,-0.900,WAYPOINT
2026-08-17T13:44:16.717741,37.8648693,32.4838964,1024.27,-0.0694,0.1336,-1.8154,255.0,0.54,0.000,-0.900,WAYPOINT
2026-08-17T13:44:17.716843,37.8648686,32.4838905,1024.28,-0.0688,0.1359,-1.8677,252.0,0.51,0.000,0.000,WAYPOINT
2026-08-17T13:44:18.716720,37.8648680,32.4838852,1024.29,-0.0706,0.1360,-1.8981,251.0,0.48,0.000,0.000,WAYPOINT
2026-08-17T13:44:19.716771,37.8648676,32.4838798,1024.32,-0.0693,0.1370,-1.9015,251.0,0.48,0.000,0.000,WAYPOINT
2026-08-17T13:44:20.716746,37.8648672,32.4838742,1024.36,-0.0696,0.1366,-1.9331,249.0,0.48,0.000,0.000,WAYPOINT
2026-08-17T13:44:21.716718,37.8648665,32.4838686,1024.40,-0.0707,0.1342,-1.9687,247.0,0.48,0.000,0.000,WAYPOINT
2026-08-17T13:44:22.716833,37.8648658,32.4838634,1024.48,-0.0705,0.1365,-1.9986,245.0,0.47,0.000,0.000,WAYPOINT
2026-08-17T13:44:23.716714,37.8648644,32.4838583,1024.54,-0.0723,0.1372,-2.0160,244.0,0.46,0.000,0.000,WAYPOINT
2026-08-17T13:44:24.716685,37.8648633,32.4838540,1024.60,-0.0717,0.1378,-2.0139,244.0,0.44,0.000,0.000,WAYPOINT
2026-08-17T13:44:25.716439,37.8648622,32.4838495,1024.59,-0.0723,0.1371,-1.9948,245.0,0.44,0.000,0.000,WAYPOINT
2026-08-17T13:44:26.716718,37.8648613,32.4838448,1024.62,-0.0720,0.1379,-1.9639,247.0,0.45,0.000,0.000,WAYPOINT
2026-08-17T13:44:27.716819,37.8648602,32.4838396,1024.64,-0.0708,0.1357,-1.9216,249.0,0.48,0.000,0.000,WAYPOINT
2026-08-17T13:44:28.717220,37.8648592,32.4838344,1024.64,-0.0715,0.1344,-1.8796,252.0,0.49,0.000,0.000,WAYPOINT
2026-08-17T13:44:29.717224,37.8648588,32.4838298,1024.62,-0.0714,0.1358,-1.8407,254.0,0.47,0.000,0.000,WAYPOINT
2026-08-17T13:44:30.716761,37.8648587,32.4838244,1024.63,-0.0706,0.1353,-1.8082,256.0,0.49,0.000,0.000,WAYPOINT
2026-08-17T13:44:31.716734,37.8648583,32.4838192,1024.59,-0.0698,0.1344,-1.7913,257.0,0.49,0.000,0.000,WAYPOINT
2026-08-17T13:44:32.716877,37.8648578,32.4838137,1024.54,-0.0702,0.1348,-1.7748,258.0,0.50,0.000,0.000,WAYPOINT
2026-08-17T13:44:33.716545,37.8648580,32.4838086,1024.51,-0.0695,0.1349,-1.7673,258.0,0.50,0.000,0.000,WAYPOINT
2026-08-17T13:44:34.716828,37.8648578,32.4838030,1024.48,-0.0698,0.1345,-1.7700,258.0,0.50,0.000,0.000,WAYPOINT
2026-08-17T13:44:35.717070,37.8648577,32.4837972,1024.43,-0.0686,0.1343,-1.7776,258.0,0.52,0.000,0.000,WAYPOINT
2026-08-17T13:44:36.716590,37.8648576,32.4837910,1024.43,-0.0687,0.1336,-1.7933,257.0,0.54,0.000,0.000,WAYPOINT
2026-08-17T13:44:37.716853,37.8648573,32.4837851,1024.40,-0.0697,0.1332,-1.8103,256.0,0.54,0.000,0.000,WAYPOINT
2026-08-17T13:44:38.716916,37.8648567,32.4837795,1024.36,-0.0694,0.1340,-1.8273,255.0,0.52,0.000,0.000,WAYPOINT
2026-08-17T13:44:39.716751,37.8648562,32.4837741,1024.35,-0.0696,0.1388,-1.8234,255.0,0.43,0.000,0.000,WAYPOINT
2026-08-17T13:44:40.716863,37.8648560,32.4837705,1024.40,-0.0714,0.1375,-1.8015,256.0,0.35,0.000,0.000,WAYPOINT
2026-08-17T13:44:41.716718,37.8648560,32.4837669,1024.35,-0.0710,0.1392,-1.7811,257.0,0.30,0.000,0.000,WAYPOINT
2026-08-17T13:44:42.716810,37.8648559,32.4837643,1024.33,-0.0719,0.1402,-1.7563,259.0,0.25,0.000,0.000,WAYPOINT
2026-08-17T13:44:43.716710,37.8648560,32.4837620,1024.40,-0.0719,0.1425,-1.7248,261.0,0.21,0.000,0.000,WAYPOINT
2026-08-17T13:44:44.716697,37.8648558,32.4837595,1024.56,-0.0721,0.1433,-1.6926,263.0,0.19,0.000,0.000,WAYPOINT
2026-08-17T13:44:45.716634,37.8648557,32.4837574,1024.62,-0.0713,0.1438,-1.6627,264.0,0.16,0.000,0.000,WAYPOINT
2026-08-17T13:44:46.717469,37.8648556,32.4837552,1024.68,-0.0713,0.1401,-1.6372,266.0,0.16,0.000,0.000,WAYPOINT
2026-08-17T13:44:47.716702,37.8648558,32.4837527,1024.72,-0.0713,0.1413,-1.6159,267.0,0.17,0.000,0.000,WAYPOINT
2026-08-17T13:44:48.716745,37.8648558,32.4837513,1024.69,-0.0719,0.1426,-1.5959,268.0,0.14,0.000,0.000,WAYPOINT
2026-08-17T13:44:49.719164,37.8648560,32.4837493,1024.65,-0.0734,0.1413,-1.5757,269.0,0.14,0.000,0.000,WAYPOINT
2026-08-17T13:44:50.718294,37.8648559,32.4837478,1024.63,-0.0753,0.1430,-1.5578,270.0,0.13,0.000,0.000,WAYPOINT
2026-08-17T13:44:51.718956,37.8648563,32.4837462,1024.67,-0.0738,0.1447,-1.5432,271.0,0.13,0.000,0.000,WAYPOINT
2026-08-17T13:44:52.723576,37.8648568,32.4837447,1024.67,-0.0725,0.1452,-1.5317,272.0,0.13,0.000,0.000,WAYPOINT
2026-08-17T13:44:53.717256,37.8648573,32.4837435,1024.64,-0.0703,0.1430,-1.5188,272.0,0.12,0.000,0.000,WAYPOINT
2026-08-17T13:44:54.716780,37.8648572,32.4837423,1024.69,-0.0708,0.1418,-1.5083,273.0,0.11,0.000,0.000,WAYPOINT
2026-08-17T13:44:55.720102,37.8648574,32.4837413,1024.73,-0.0710,0.1420,-1.4991,274.0,0.09,0.000,0.000,WAYPOINT
2026-08-17T13:44:56.716863,37.8648574,32.4837405,1024.71,-0.0704,0.1407,-1.4901,274.0,0.08,0.000,0.000,WAYPOINT
2026-08-17T13:44:57.717190,37.8648577,32.4837390,1024.68,-0.0719,0.1416,-1.4810,275.0,0.10,0.000,0.000,WAYPOINT
2026-08-17T13:44:58.716746,37.8648580,32.4837383,1024.68,-0.0712,0.1428,-1.4704,275.0,0.08,0.000,0.000,WAYPOINT
2026-08-17T13:44:59.716874,37.8648581,32.4837382,1024.63,-0.0726,0.1442,-1.4640,276.0,0.05,0.000,0.000,WAYPOINT
2026-08-17T13:45:00.716692,37.8648582,32.4837368,1024.59,-0.0703,0.1433,-1.4652,276.0,0.07,0.000,0.000,WAYPOINT
2026-08-17T13:45:01.721822,37.8648582,32.4837353,1024.55,-0.0702,0.1420,-1.4726,275.0,0.09,0.000,0.000,WAYPOINT
2026-08-17T13:45:02.716754,37.8648584,32.4837337,1024.51,-0.0701,0.1400,-1.4843,274.0,0.12,0.000,0.000,WAYPOINT
2026-08-17T13:45:03.716876,37.8648587,32.4837324,1024.46,-0.0707,0.1397,-1.5002,274.0,0.13,0.000,0.000,WAYPOINT
2026-08-17T13:45:04.717195,37.8648586,32.4837313,1024.37,-0.0725,0.1408,-1.5177,273.0,0.13,0.000,0.000,WAYPOINT
2026-08-17T13:45:05.716977,37.8648589,32.4837302,1024.33,-0.0727,0.1430,-1.5396,271.0,0.12,0.000,0.000,WAYPOINT
2026-08-17T13:45:06.717172,37.8648586,32.4837298,1024.37,-0.0730,0.1490,-1.5686,270.0,0.10,0.000,0.000,WAYPOINT
2026-08-17T13:45:07.716758,37.8648588,32.4837286,1024.34,-0.0717,0.1526,-1.6062,267.0,0.09,0.000,0.000,WAYPOINT
2026-08-17T13:45:08.716850,37.8648587,32.4837272,1024.32,-0.0712,0.1469,-1.6604,264.0,0.11,0.000,0.000,WAYPOINT
2026-08-17T13:45:09.717207,37.8648586,32.4837267,1024.36,-0.0709,0.1389,-1.7324,260.0,0.09,0.000,0.000,WAYPOINT
2026-08-17T13:45:10.716695,37.8648584,32.4837260,1024.44,-0.0693,0.1364,-1.8206,255.0,0.10,0.000,0.000,WAYPOINT
2026-08-17T13:45:11.716706,37.8648578,32.4837256,1024.52,-0.0727,0.1398,-1.9168,250.0,0.10,0.000,0.000,WAYPOINT
2026-08-17T13:45:12.716803,37.8648573,32.4837251,1024.47,-0.0731,0.1464,-1.9908,245.0,0.09,0.000,0.000,WAYPOINT
2026-08-17T13:45:13.716758,37.8648567,32.4837238,1024.48,-0.0716,0.1469,-2.0435,242.0,0.10,0.000,0.000,WAYPOINT
2026-08-17T13:45:14.716733,37.8648559,32.4837227,1024.47,-0.0740,0.1498,-2.0763,241.0,0.12,0.000,0.000,WAYPOINT
2026-08-17T13:45:15.716712,37.8648551,32.4837211,1024.52,-0.0728,0.1441,-2.0955,239.0,0.13,0.000,0.000,WAYPOINT
2026-08-17T13:45:16.717001,37.8648540,32.4837205,1024.61,-0.0754,0.1411,-2.1008,239.0,0.15,0.000,0.000,WAYPOINT
2026-08-17T13:45:17.716683,37.8648532,32.4837207,1024.62,-0.0727,0.1411,-2.0929,240.0,0.13,0.000,0.000,WAYPOINT
2026-08-17T13:45:18.717504,37.8648522,32.4837211,1024.56,-0.0709,0.1416,-2.0746,241.0,0.12,0.000,0.000,WAYPOINT
2026-08-17T13:45:19.716785,37.8648511,32.4837208,1024.54,-0.0703,0.1423,-2.0492,242.0,0.12,0.000,0.000,WAYPOINT
2026-08-17T13:45:20.716740,37.8648502,32.4837199,1024.54,-0.0720,0.1417,-2.0207,244.0,0.10,0.000,0.000,WAYPOINT
2026-08-17T13:45:21.716684,37.8648493,32.4837192,1024.51,-0.0731,0.1411,-1.9940,245.0,0.10,0.000,0.000,WAYPOINT
2026-08-17T13:45:22.716587,37.8648493,32.4837188,1024.56,-0.0714,0.1413,-1.9640,247.0,0.07,0.000,0.000,WAYPOINT
2026-08-17T13:45:23.717206,37.8648489,32.4837180,1024.59,-0.0720,0.1425,-1.9279,249.0,0.07,0.000,0.000,WAYPOINT
2026-08-17T13:45:24.716885,37.8648482,32.4837179,1024.60,-0.0704,0.1451,-1.8837,252.0,0.05,0.000,0.000,WAYPOINT
2026-08-17T13:45:25.717206,37.8648473,32.4837180,1024.63,-0.0695,0.1473,-1.8319,255.0,0.05,0.000,0.000,WAYPOINT
2026-08-17T13:45:26.716746,37.8648469,32.4837180,1024.59,-0.0688,0.1457,-1.7677,258.0,0.04,0.000,0.000,WAYPOINT
2026-08-17T13:45:27.716676,37.8648470,32.4837172,1024.64,-0.0706,0.1509,-1.6830,263.0,0.06,0.000,0.000,WAYPOINT
2026-08-17T13:45:28.716676,37.8648468,32.4837166,1024.60,-0.0690,0.1467,-1.5985,268.0,0.05,0.000,0.000,WAYPOINT
2026-08-17T13:45:29.716700,37.8648469,32.4837162,1024.49,-0.0678,0.1400,-1.5114,273.0,0.05,0.000,0.000,WAYPOINT
2026-08-17T13:45:30.716878,37.8648464,32.4837143,1024.44,-0.0694,0.1411,-1.4296,278.0,0.10,0.000,0.000,WAYPOINT
2026-08-17T13:45:31.716780,37.8648460,32.4837137,1024.40,-0.0730,0.1426,-1.3483,282.0,0.09,0.000,0.000,WAYPOINT
2026-08-17T13:45:32.716771,37.8648453,32.4837132,1024.29,-0.0718,0.1398,-1.2720,287.0,0.09,0.000,0.000,WAYPOINT
2026-08-17T13:45:33.716741,37.8648448,32.4837130,1024.20,-0.0725,0.1420,-1.2059,290.0,0.07,0.000,0.000,WAYPOINT
2026-08-17T13:45:34.716726,37.8648442,32.4837122,1024.17,-0.0679,0.1406,-1.1356,294.0,0.08,0.000,0.000,WAYPOINT
2026-08-17T13:45:35.716764,37.8648440,32.4837114,1024.14,-0.0692,0.1409,-1.0683,298.0,0.09,0.000,0.000,WAYPOINT
2026-08-17T13:45:36.716956,37.8648435,32.4837109,1024.15,-0.0741,0.1416,-1.0119,302.0,0.08,0.000,0.000,WAYPOINT
2026-08-17T13:45:37.717035,37.8648425,32.4837104,1024.17,-0.0738,0.1420,-0.9683,304.0,0.08,0.000,0.000,WAYPOINT
2026-08-17T13:45:38.716621,37.8648422,32.4837095,1024.20,-0.0733,0.1418,-0.9351,306.0,0.09,0.000,0.000,WAYPOINT
2026-08-17T13:45:39.716868,37.8648415,32.4837088,1024.25,-0.0739,0.1408,-0.9067,308.0,0.09,0.000,0.000,WAYPOINT
2026-08-17T13:45:40.716798,37.8648410,32.4837083,1024.31,-0.0678,0.1371,-0.8720,310.0,0.08,0.000,0.000,WAYPOINT
2026-08-17T13:45:41.717204,37.8648409,32.4837080,1024.32,-0.0672,0.1359,-0.8265,312.0,0.05,0.000,0.000,WAYPOINT
2026-08-17T13:45:42.716802,37.8648406,32.4837069,1024.33,-0.0651,0.1417,-0.7709,315.0,0.08,0.000,0.000,WAYPOINT
2026-08-17T13:45:43.716857,37.8648402,32.4837062,1024.39,-0.0714,0.1472,-0.6981,320.0,0.08,0.000,0.000,WAYPOINT
2026-08-17T13:45:44.716672,37.8648402,32.4837054,1024.49,-0.0721,0.1470,-0.6119,324.0,0.08,0.000,0.000,WAYPOINT
2026-08-17T13:45:45.716836,37.8648400,32.4837045,1024.51,-0.0747,0.1423,-0.5221,330.0,0.08,0.000,0.000,WAYPOINT
2026-08-17T13:45:46.716709,37.8648400,32.4837039,1024.52,-0.0690,0.1345,-0.4365,334.0,0.06,0.000,0.000,WAYPOINT
2026-08-17T13:45:47.716541,37.8648400,32.4837030,1024.48,-0.0716,0.1398,-0.3625,339.0,0.06,0.000,0.000,WAYPOINT
2026-08-17T13:45:48.716768,37.8648399,32.4837020,1024.45,-0.0703,0.1439,-0.2991,342.0,0.07,0.000,0.000,WAYPOINT
2026-08-17T13:45:49.716821,37.8648400,32.4837012,1024.42,-0.0706,0.1424,-0.2498,345.0,0.07,0.000,0.000,WAYPOINT
2026-08-17T13:45:50.716766,37.8648405,32.4837003,1024.34,-0.0697,0.1457,-0.2219,347.0,0.08,0.000,0.000,WAYPOINT
2026-08-17T13:45:51.716735,37.8648413,32.4837000,1024.23,-0.0690,0.1476,-0.2107,347.0,0.09,0.000,0.000,WAYPOINT
2026-08-17T13:45:52.716785,37.8648415,32.4836993,1024.15,-0.0689,0.1442,-0.2135,347.0,0.08,0.000,0.000,WAYPOINT
2026-08-17T13:45:53.716711,37.8648416,32.4836995,1024.06,-0.0752,0.1486,-0.0220,358.0,0.16,0.000,0.000,WAYPOINT
2026-08-17T13:45:54.716700,37.8648431,32.4837009,1024.02,-0.0699,0.1426,0.2886,16.0,0.39,0.000,0.000,WAYPOINT
2026-08-17T13:45:55.717889,37.8648464,32.4837039,1024.11,-0.0665,0.1408,0.4374,25.0,0.52,0.000,0.000,WAYPOINT
2026-08-17T13:45:56.716633,37.8648493,32.4837076,1024.08,-0.0687,0.1236,0.5133,29.0,0.50,0.000,0.000,WAYPOINT
2026-08-17T13:45:57.716853,37.8648521,32.4837112,1024.02,-0.0665,0.1555,0.5469,31.0,0.48,0.000,0.000,WAYPOINT
2026-08-17T13:45:58.716741,37.8648551,32.4837149,1023.95,-0.0571,0.1362,0.5624,32.0,0.52,0.000,0.000,WAYPOINT
2026-08-17T13:45:59.716716,37.8648587,32.4837189,1023.92,-0.0679,0.1341,0.5648,32.0,0.53,0.000,0.000,WAYPOINT
2026-08-17T13:46:00.716912,37.8648620,32.4837224,1023.87,-0.0661,0.1380,0.5585,32.0,0.51,0.000,0.000,WAYPOINT
2026-08-17T13:46:01.716792,37.8648658,32.4837262,1023.81,-0.0678,0.1338,0.5420,31.0,0.52,0.000,0.000,WAYPOINT
2026-08-17T13:46:02.716795,37.8648689,32.4837296,1023.77,-0.0672,0.1350,0.5319,30.0,0.48,0.000,0.000,WAYPOINT
2026-08-17T13:46:03.716741,37.8648714,32.4837323,1023.73,-0.0712,0.1394,0.5274,30.0,0.44,0.000,0.000,WAYPOINT
2026-08-17T13:46:04.718358,37.8648749,32.4837358,1023.71,-0.0692,0.1381,0.5354,30.0,0.46,0.000,0.000,WAYPOINT
2026-08-17T13:46:05.716708,37.8648781,32.4837395,1023.73,-0.0703,0.1358,0.5392,30.0,0.47,0.000,0.000,WAYPOINT
2026-08-17T13:46:06.716564,37.8648813,32.4837431,1023.86,-0.0768,0.1380,0.5243,30.0,0.45,0.000,0.000,WAYPOINT
2026-08-17T13:46:07.716631,37.8648850,32.4837462,1023.91,-0.0790,0.1307,0.4929,28.0,0.40,0.000,0.000,WAYPOINT
2026-08-17T13:46:08.716847,37.8648873,32.4837473,1023.93,-0.0962,0.1310,0.4344,24.0,0.12,0.000,0.000,WAYPOINT
2026-08-17T13:46:09.717010,37.8648867,32.4837484,1023.89,-0.0758,0.1180,0.9327,53.0,0.32,0.000,0.000,WAYPOINT
2026-08-17T13:46:10.716739,37.8648861,32.4837457,1023.85,-0.0682,0.1233,1.5958,91.0,0.28,0.000,0.000,WAYPOINT
2026-08-17T13:46:11.716889,37.8648876,32.4837441,1023.80,-0.0774,0.1603,1.9186,109.0,0.10,0.000,0.000,WAYPOINT
2026-08-17T13:46:12.717045,37.8648874,32.4837470,1023.80,-0.0778,0.1418,2.0071,115.0,0.18,0.000,0.000,WAYPOINT
2026-08-17T13:46:13.717019,37.8648855,32.4837514,1023.79,-0.0755,0.1357,2.0564,117.0,0.46,0.000,0.000,WAYPOINT
2026-08-17T13:46:14.716922,37.8648825,32.4837567,1023.85,-0.0742,0.1366,2.0621,118.0,0.61,0.000,0.000,WAYPOINT
2026-08-17T13:46:15.717181,37.8648791,32.4837625,1023.83,-0.0679,0.1240,1.9987,114.0,0.66,0.000,0.000,WAYPOINT
2026-08-17T13:46:16.716848,37.8648770,32.4837676,1023.82,-0.0702,0.1320,1.9275,110.0,0.58,0.000,0.000,WAYPOINT
2026-08-17T13:46:17.716777,37.8648754,32.4837727,1023.84,-0.0700,0.1319,1.8588,106.0,0.53,0.000,0.000,WAYPOINT
2026-08-17T13:46:18.716746,37.8648739,32.4837772,1023.79,-0.0714,0.1385,1.8005,103.0,0.50,0.000,0.000,WAYPOINT
2026-08-17T13:46:19.717368,37.8648733,32.4837823,1023.78,-0.0705,0.1322,1.7542,100.0,0.49,0.000,0.000,WAYPOINT
2026-08-17T13:46:20.718421,37.8648730,32.4837873,1023.78,-0.0717,0.1357,1.7148,98.0,0.46,0.000,0.000,WAYPOINT
2026-08-17T13:46:21.716653,37.8648728,32.4837927,1023.76,-0.0726,0.1358,1.6953,97.0,0.46,0.000,0.000,WAYPOINT
2026-08-17T13:46:22.717667,37.8648722,32.4837983,1023.74,-0.0733,0.1367,1.6910,96.0,0.45,0.000,0.000,WAYPOINT
2026-08-17T13:46:23.716881,37.8648722,32.4838037,1023.72,-0.0746,0.1380,1.7065,97.0,0.45,0.000,0.000,WAYPOINT
2026-08-17T13:46:24.716777,37.8648722,32.4838085,1023.71,-0.0718,0.1375,1.7313,99.0,0.43,0.000,0.000,WAYPOINT
2026-08-17T13:46:25.716782,37.8648719,32.4838135,1023.70,-0.0725,0.1382,1.7587,100.0,0.44,0.000,0.000,WAYPOINT
2026-08-17T13:46:26.716786,37.8648718,32.4838190,1023.65,-0.0704,0.1369,1.7886,102.0,0.45,0.000,0.000,WAYPOINT
2026-08-17T13:46:27.716948,37.8648718,32.4838239,1023.60,-0.0726,0.1355,1.8312,104.0,0.45,0.000,0.000,WAYPOINT
2026-08-17T13:46:28.724239,37.8648714,32.4838293,1023.58,-0.0730,0.1355,1.8808,107.0,0.46,0.000,0.000,WAYPOINT
2026-08-17T13:46:29.716635,37.8648704,32.4838345,1023.58,-0.0727,0.1360,1.9262,110.0,0.45,0.000,0.000,WAYPOINT
2026-08-17T13:46:30.716950,37.8648691,32.4838402,1023.56,-0.0713,0.1341,1.9618,112.0,0.48,0.000,0.000,WAYPOINT
2026-08-17T13:46:31.717080,37.8648678,32.4838463,1023.57,-0.0726,0.1321,1.9824,113.0,0.50,0.000,0.000,WAYPOINT
2026-08-17T13:46:32.716723,37.8648662,32.4838531,1023.64,-0.0718,0.1327,1.9941,114.0,0.53,0.000,0.000,WAYPOINT
2026-08-17T13:46:33.716770,37.8648646,32.4838591,1023.71,-0.0702,0.1329,1.9998,114.0,0.53,0.000,0.000,WAYPOINT
2026-08-17T13:46:34.716764,37.8648633,32.4838652,1023.76,-0.0715,0.1310,2.0020,114.0,0.53,0.000,0.000,WAYPOINT
2026-08-17T13:46:35.716724,37.8648623,32.4838707,1023.78,-0.0702,0.1347,1.9952,114.0,0.50,0.000,0.000,WAYPOINT
2026-08-17T13:46:36.719849,37.8648614,32.4838759,1023.80,-0.0717,0.1348,1.9898,114.0,0.48,0.000,0.000,WAYPOINT
2026-08-17T13:46:37.716769,37.8648604,32.4838805,1023.80,-0.0691,0.1354,1.9917,114.0,0.45,0.000,0.000,WAYPOINT
2026-08-17T13:46:38.716828,37.8648595,32.4838850,1023.79,-0.0717,0.1351,1.9821,113.0,0.43,0.000,0.000,WAYPOINT
2026-08-17T13:46:39.716734,37.8648585,32.4838903,1023.78,-0.0711,0.1339,1.9692,112.0,0.46,0.000,0.000,WAYPOINT
2026-08-17T13:46:40.716745,37.8648577,32.4838955,1023.76,-0.0714,0.1281,1.9678,112.0,0.39,0.000,0.000,WAYPOINT
2026-08-17T13:46:41.716693,37.8648569,32.4838983,1023.74,-0.0712,0.1198,1.9901,114.0,0.13,0.000,0.000,WAYPOINT
2026-08-17T13:46:42.716739,37.8648566,32.4839000,1023.74,-0.0702,0.1401,1.9424,111.0,0.11,0.000,0.000,WAYPOINT
2026-08-17T13:46:43.716722,37.8648560,32.4839009,1023.71,-0.0692,0.1514,1.9666,112.0,0.04,0.000,0.000,WAYPOINT
2026-08-17T13:46:44.717054,37.8648557,32.4839013,1023.67,-0.0668,0.1472,1.9704,112.0,0.01,0.000,0.000,WAYPOINT
2026-08-17T13:46:45.716893,37.8648553,32.4839016,1023.64,-0.0608,0.1452,1.9781,113.0,0.03,0.000,0.000,WAYPOINT
2026-08-17T13:46:46.716704,37.8648550,32.4839018,1023.61,-0.0616,0.1419,1.9826,113.0,0.05,0.000,0.000,WAYPOINT
2026-08-17T13:46:47.716742,37.8648550,32.4839008,1023.59,-0.0592,0.1434,1.9828,113.0,0.09,0.000,0.000,WAYPOINT
2026-08-17T13:46:48.716713,37.8648549,32.4838994,1023.59,-0.0599,0.1411,1.9812,113.0,0.14,0.000,0.000,WAYPOINT
2026-08-17T13:46:49.716726,37.8648546,32.4838977,1023.57,-0.0599,0.1412,1.9795,113.0,0.17,0.000,0.000,WAYPOINT
2026-08-17T13:46:50.716827,37.8648548,32.4838969,1023.56,-0.0620,0.1422,1.9802,113.0,0.16,0.000,0.000,WAYPOINT
2026-08-17T13:46:51.716833,37.8648551,32.4838955,1023.55,-0.0693,0.1390,1.9760,113.0,0.19,0.000,0.000,WAYPOINT
2026-08-17T13:46:52.717032,37.8648558,32.4838930,1023.53,-0.0764,0.1362,1.9791,113.0,0.23,0.000,0.000,WAYPOINT
2026-08-17T13:46:53.716853,37.8648567,32.4838902,1023.55,-0.0780,0.1415,1.9820,113.0,0.28,0.000,0.000,WAYPOINT
2026-08-17T13:46:54.716968,37.8648567,32.4838882,1023.58,-0.0759,0.1425,1.9824,113.0,0.27,0.000,0.000,WAYPOINT
2026-08-17T13:46:55.716896,37.8648571,32.4838857,1023.60,-0.0743,0.1446,1.9848,113.0,0.28,0.000,0.000,WAYPOINT
2026-08-17T13:46:56.716721,37.8648574,32.4838833,1023.64,-0.0695,0.1441,1.9890,113.0,0.27,0.000,0.000,WAYPOINT
2026-08-17T13:46:57.716657,37.8648574,32.4838807,1023.65,-0.0654,0.1475,1.9833,113.0,0.27,0.000,0.000,WAYPOINT
2026-08-17T13:46:58.716721,37.8648577,32.4838787,1023.66,-0.0685,0.1492,1.9881,113.0,0.26,0.000,0.000,WAYPOINT
2026-08-17T13:46:59.716722,37.8648579,32.4838768,1023.66,-0.0729,0.1467,1.9877,113.0,0.24,0.000,0.000,WAYPOINT
2026-08-17T13:47:00.716701,37.8648582,32.4838754,1023.68,-0.0726,0.1494,1.9836,113.0,0.22,0.000,0.000,WAYPOINT
2026-08-17T13:47:01.717119,37.8648590,32.4838742,1023.66,-0.0752,0.1412,1.8146,103.0,0.16,0.000,0.000,WAYPOINT
2026-08-17T13:47:02.716668,37.8648595,32.4838740,1023.65,-0.0739,0.1526,1.5989,91.0,0.08,0.000,0.000,WAYPOINT
2026-08-17T13:47:03.716754,37.8648595,32.4838749,1023.63,-0.0694,0.1512,1.6589,95.0,0.04,0.000,0.000,WAYPOINT
2026-08-17T13:47:04.716740,37.8648601,32.4838762,1023.61,-0.0730,0.1245,1.7133,98.0,0.06,0.000,0.000,WAYPOINT
2026-08-17T13:47:05.716676,37.8648605,32.4838764,1023.58,-0.0754,0.1347,1.7154,98.0,0.10,0.000,0.000,WAYPOINT
2026-08-17T13:47:06.717113,37.8648608,32.4838764,1023.58,-0.0764,0.1433,1.7233,98.0,0.11,0.000,0.000,WAYPOINT
2026-08-17T13:47:07.716723,37.8648610,32.4838758,1023.58,-0.0704,0.1429,1.7184,98.0,0.11,0.000,0.000,WAYPOINT
2026-08-17T13:47:08.717010,37.8648607,32.4838752,1023.61,-0.0697,0.1576,1.7791,101.0,0.08,0.000,0.000,WAYPOINT
2026-08-17T13:47:09.718200,37.8648605,32.4838753,1023.65,-0.0708,0.1307,1.7794,101.0,0.08,0.000,0.000,WAYPOINT
2026-08-17T13:47:10.717353,37.8648603,32.4838755,1023.69,-0.0677,0.1266,1.7551,100.0,0.04,0.000,0.000,WAYPOINT
2026-08-17T13:47:11.719413,37.8648605,32.4838764,1023.68,-0.0770,0.1348,1.7323,99.0,0.04,0.000,0.000,WAYPOINT
2026-08-17T13:47:12.716656,37.8648604,32.4838766,1023.69,-0.0727,0.1390,1.7383,99.0,0.04,0.000,0.000,WAYPOINT
2026-08-17T13:47:13.716784,37.8648604,32.4838765,1023.70,-0.0771,0.1347,1.7453,99.0,0.04,0.000,0.000,WAYPOINT
2026-08-17T13:47:14.716580,37.8648605,32.4838762,1023.72,-0.0693,0.1420,1.7393,99.0,0.04,0.000,0.000,WAYPOINT
2026-08-17T13:47:15.717157,37.8648607,32.4838757,1023.76,-0.0748,0.1449,1.7457,100.0,0.07,0.000,0.000,WAYPOINT
2026-08-17T13:47:16.716789,37.8648608,32.4838748,1023.76,-0.0695,0.1551,1.7701,101.0,0.03,0.000,0.000,WAYPOINT
2026-08-17T13:47:17.716788,37.8648609,32.4838752,1023.75,-0.0666,0.1472,1.7841,102.0,0.04,0.000,0.000,WAYPOINT
2026-08-17T13:47:18.716795,37.8648613,32.4838763,1023.73,-0.0719,0.1320,1.7841,102.0,0.05,0.000,0.000,WAYPOINT
2026-08-17T13:47:19.716778,37.8648612,32.4838767,1023.74,-0.0642,0.1380,1.7833,102.0,0.03,0.000,0.000,WAYPOINT
2026-08-17T13:47:20.716787,37.8648610,32.4838773,1023.75,-0.0765,0.1431,1.7851,102.0,0.04,0.000,0.000,WAYPOINT
2026-08-17T13:47:21.716697,37.8648611,32.4838777,1023.78,-0.0725,0.1412,1.7901,102.0,0.02,0.000,0.000,WAYPOINT
2026-08-17T13:47:22.716724,37.8648609,32.4838782,1023.78,-0.0653,0.1365,1.7869,102.0,0.01,0.000,0.000,WAYPOINT
2026-08-17T13:47:23.716726,37.8648606,32.4838782,1023.80,-0.0757,0.1418,1.7960,102.0,0.03,0.000,0.000,WAYPOINT
2026-08-17T13:47:24.716703,37.8648603,32.4838775,1023.80,-0.0668,0.1437,1.7851,102.0,0.08,0.000,0.000,WAYPOINT
2026-08-17T13:47:25.717380,37.8648601,32.4838759,1023.79,-0.0707,0.1450,1.7917,102.0,0.11,0.000,0.000,WAYPOINT
2026-08-17T13:47:26.716969,37.8648602,32.4838751,1023.80,-0.0725,0.1453,1.7636,101.0,0.09,0.000,0.000,WAYPOINT
2026-08-17T13:47:27.716721,37.8648599,32.4838757,1023.80,-0.0694,0.1356,1.7203,98.0,0.02,0.000,0.000,WAYPOINT
2026-08-17T13:47:28.716778,37.8648597,32.4838752,1023.79,-0.0729,0.1521,1.7225,98.0,0.05,0.000,0.000,WAYPOINT
2026-08-17T13:47:29.716729,37.8648598,32.4838754,1023.79,-0.0690,0.1354,1.7044,97.0,0.03,0.000,0.000,WAYPOINT
2026-08-17T13:47:30.716735,37.8648598,32.4838754,1023.78,-0.0710,0.1428,1.7270,98.0,0.02,0.000,0.000,WAYPOINT
2026-08-17T13:47:31.716681,37.8648598,32.4838755,1023.81,-0.0771,0.1522,1.7219,98.0,0.04,0.000,0.000,WAYPOINT
2026-08-17T13:47:32.716709,37.8648597,32.4838759,1023.82,-0.0782,0.1362,1.7184,98.0,0.03,0.000,0.000,WAYPOINT
2026-08-17T13:47:33.716731,37.8648598,32.4838765,1023.84,-0.0694,0.1429,1.7188,98.0,0.04,0.000,0.000,WAYPOINT
2026-08-17T13:47:34.716779,37.8648599,32.4838765,1023.83,-0.0682,0.1456,1.7152,98.0,0.05,0.000,0.000,WAYPOINT
2026-08-17T13:47:35.716852,37.8648597,32.4838766,1023.85,-0.0739,0.1469,1.7187,98.0,0.05,0.000,0.000,WAYPOINT
2026-08-17T13:47:36.716914,37.8648597,32.4838765,1023.86,-0.0657,0.1409,1.7189,98.0,0.07,0.000,0.000,WAYPOINT
2026-08-17T13:47:37.717577,37.8648597,32.4838756,1023.86,-0.0677,0.1433,1.7162,98.0,0.10,0.000,0.000,WAYPOINT
2026-08-17T13:47:38.716850,37.8648595,32.4838753,1023.87,-0.0673,0.1392,1.7154,98.0,0.06,0.000,0.000,WAYPOINT
2026-08-17T13:47:39.716714,37.8648595,32.4838753,1023.86,-0.0673,0.1420,1.7089,97.0,0.02,0.000,0.000,WAYPOINT
2026-08-17T13:47:40.716875,37.8648597,32.4838760,1023.86,-0.0763,0.1400,1.6928,96.0,0.03,0.000,0.000,WAYPOINT
2026-08-17T13:47:41.716739,37.8648597,32.4838763,1023.84,-0.0784,0.1399,1.6960,97.0,0.05,0.000,0.000,WAYPOINT
2026-08-17T13:47:42.716676,37.8648593,32.4838756,1023.83,-0.0837,0.1404,1.6970,97.0,0.09,0.000,0.000,WAYPOINT
2026-08-17T13:47:43.716757,37.8648591,32.4838751,1023.84,-0.0782,0.1573,1.6808,96.0,0.05,0.000,0.000,WAYPOINT
2026-08-17T13:47:44.716990,37.8648589,32.4838752,1023.86,-0.0734,0.1479,1.6754,95.0,0.01,0.000,0.000,WAYPOINT
2026-08-17T13:47:45.717045,37.8648586,32.4838754,1023.88,-0.0703,0.1514,1.6584,95.0,0.02,0.000,0.000,WAYPOINT
2026-08-17T13:47:46.717205,37.8648587,32.4838755,1023.88,-0.0677,0.1456,1.6618,95.0,0.04,0.000,0.000,WAYPOINT
2026-08-17T13:47:47.716791,37.8648588,32.4838754,1023.89,-0.0714,0.1344,1.6586,95.0,0.03,0.000,0.000,WAYPOINT
2026-08-17T13:47:48.716778,37.8648588,32.4838753,1023.91,-0.0694,0.1395,1.6607,95.0,0.05,0.000,0.000,WAYPOINT
2026-08-17T13:47:49.716723,37.8648585,32.4838753,1023.87,-0.0702,0.1344,1.6577,94.0,0.01,0.000,0.000,WAYPOINT
2026-08-17T13:47:50.716637,37.8648586,32.4838752,1023.84,-0.0683,0.1579,1.6457,94.0,0.03,0.000,0.000,WAYPOINT
2026-08-17T13:47:51.716755,37.8648587,32.4838757,1023.83,-0.0658,0.1393,1.6584,95.0,0.06,0.000,0.000,WAYPOINT
2026-08-17T13:47:52.716783,37.8648588,32.4838751,1023.83,-0.0669,0.1498,1.6650,95.0,0.04,0.000,0.000,WAYPOINT
2026-08-17T13:47:53.716784,37.8648588,32.4838753,1023.80,-0.0676,0.1299,1.6703,95.0,0.04,0.000,0.000,WAYPOINT
2026-08-17T13:47:54.716746,37.8648589,32.4838758,1023.79,-0.0764,0.1277,1.6613,95.0,0.04,0.000,0.000,WAYPOINT
2026-08-17T13:47:55.716669,37.8648589,32.4838759,1023.79,-0.0674,0.1375,1.6594,95.0,0.04,0.000,0.000,WAYPOINT
2026-08-17T13:47:56.716725,37.8648588,32.4838760,1023.80,-0.0721,0.1442,1.6637,95.0,0.07,0.000,0.000,WAYPOINT
2026-08-17T13:47:57.716777,37.8648588,32.4838763,1023.81,-0.0740,0.1482,1.6642,95.0,0.06,0.000,0.000,WAYPOINT
2026-08-17T13:47:58.720152,37.8648586,32.4838762,1023.83,-0.0684,0.1445,1.6576,94.0,0.07,0.000,0.000,WAYPOINT
2026-08-17T13:47:59.717823,37.8648586,32.4838754,1023.84,-0.0797,0.1434,1.6639,95.0,0.09,0.000,0.000,WAYPOINT
2026-08-17T13:48:00.716708,37.8648586,32.4838750,1023.85,-0.0752,0.1465,1.6538,94.0,0.02,0.000,0.000,IDLE
2026-08-17T13:48:01.717147,37.8648584,32.4838751,1023.84,-0.0671,0.1425,1.6489,94.0,0.02,0.000,0.000,IDLE
2026-08-17T13:48:02.716661,37.8648584,32.4838760,1023.87,-0.0721,0.1283,1.6395,93.0,0.01,0.000,0.000,IDLE
2026-08-17T13:48:03.716679,37.8648582,32.4838759,1023.87,-0.0676,0.1467,1.6347,93.0,0.02,0.000,0.000,IDLE
2026-08-17T13:48:04.716746,37.8648579,32.4838755,1023.85,-0.0726,0.1451,1.6409,94.0,0.06,0.000,0.000,IDLE
2026-08-17T13:48:05.716921,37.8648577,32.4838753,1023.85,-0.0695,0.1397,1.6370,93.0,0.09,0.000,0.000,IDLE
2026-08-17T13:48:06.717014,37.8648578,32.4838747,1023.86,-0.0689,0.1512,1.6022,91.0,0.06,0.000,0.000,IDLE
2026-08-17T13:48:07.716676,37.8648577,32.4838746,1023.88,-0.0738,0.1451,1.5803,90.0,0.02,0.000,0.000,IDLE
2026-08-17T13:48:08.720645,37.8648577,32.4838753,1023.89,-0.0737,0.1371,1.5889,91.0,0.04,0.000,0.000,IDLE
2026-08-17T13:48:09.716738,37.8648577,32.4838756,1023.92,-0.0781,0.1446,1.6067,92.0,0.03,0.000,0.000,IDLE
2026-08-17T13:48:10.717201,37.8648580,32.4838754,1023.98,-0.0705,0.1436,1.6023,91.0,0.06,0.000,0.000,IDLE
2026-08-17T13:48:11.716749,37.8648583,32.4838752,1024.01,-0.0738,0.1421,1.6071,92.0,0.07,0.000,0.000,IDLE
2026-08-17T13:48:12.716709,37.8648583,32.4838753,1024.00,-0.0726,0.1514,1.6546,94.0,0.03,0.000,0.000,IDLE
2026-08-17T13:48:13.717071,37.8648585,32.4838753,1024.01,-0.0750,0.1544,1.6248,93.0,0.08,0.000,0.000,IDLE
2026-08-17T13:48:14.717501,37.8648581,32.4838752,1023.97,-0.0736,0.1344,1.6379,93.0,0.05,0.000,0.000,IDLE
2026-08-17T13:48:15.716779,37.8648579,32.4838756,1023.96,-0.0712,0.1294,1.6138,92.0,0.02,0.000,0.000,IDLE
2026-08-17T13:48:16.717001,37.8648577,32.4838757,1023.96,-0.0695,0.1447,1.5869,90.0,0.01,0.000,0.000,IDLE
2026-08-17T13:48:17.716927,37.8648577,32.4838755,1024.12,-0.0705,0.1540,1.5547,89.0,0.03,0.000,0.000,IDLE
2026-08-17T13:48:18.716724,37.8648577,32.4838760,1024.23,-0.0695,0.1532,1.5150,86.0,0.03,0.000,0.000,IDLE
2026-08-17T13:48:19.716889,37.8648579,32.4838764,1024.34,-0.0710,0.1473,1.4632,83.0,0.05,0.000,0.000,IDLE
2026-08-17T13:48:20.716941,37.8648578,32.4838764,1024.39,-0.0694,0.1440,1.3926,79.0,0.06,0.000,0.000,IDLE
2026-08-17T13:48:21.716663,37.8648580,32.4838763,1024.36,-0.0715,0.1395,1.3067,74.0,0.07,0.000,0.000,IDLE
2026-08-17T13:48:22.716710,37.8648583,32.4838760,1024.34,-0.0710,0.1387,1.2162,69.0,0.07,0.000,0.000,IDLE
2026-08-17T13:48:23.716714,37.8648583,32.4838755,1024.38,-0.0719,0.1407,1.1323,64.0,0.08,0.000,0.000,IDLE
2026-08-17T13:48:24.718480,37.8648581,32.4838755,1024.35,-0.0727,0.1416,1.0465,59.0,0.06,0.000,0.000,IDLE
2026-08-17T13:48:25.716700,37.8648581,32.4838762,1024.37,-0.0726,0.1420,0.9643,55.0,0.03,0.000,0.000,IDLE
2026-08-17T13:48:26.716938,37.8648582,32.4838759,1024.36,-0.0707,0.1431,0.8755,50.0,0.05,0.000,0.000,IDLE
2026-08-17T13:48:27.720640,37.8648585,32.4838756,1024.42,-0.0703,0.1415,0.7757,44.0,0.08,0.000,0.000,IDLE
2026-08-17T13:48:28.716712,37.8648586,32.4838756,1024.34,-0.0719,0.1411,0.6623,37.0,0.08,0.000,0.000,IDLE
2026-08-17T13:48:29.716706,37.8648593,32.4838758,1024.29,-0.0756,0.1409,0.5422,31.0,0.10,0.000,0.000,IDLE
2026-08-17T13:48:30.716879,37.8648598,32.4838761,1024.20,-0.0744,0.1431,0.4233,24.0,0.09,0.000,0.000,IDLE
2026-08-17T13:48:31.717087,37.8648594,32.4838756,1024.19,-0.0725,0.1441,0.3117,17.0,0.07,0.000,0.000,IDLE
2026-08-17T13:48:32.716999,37.8648595,32.4838756,1024.21,-0.0690,0.1426,0.2090,11.0,0.05,0.000,0.000,IDLE
2026-08-17T13:48:33.716744,37.8648598,32.4838755,1024.22,-0.0676,0.1416,0.1128,6.0,0.06,0.000,0.000,IDLE
2026-08-17T13:48:34.716858,37.8648602,32.4838753,1024.30,-0.0686,0.1413,0.0241,1.0,0.07,0.000,0.000,IDLE
2026-08-17T13:48:35.717018,37.8648601,32.4838752,1024.31,-0.0698,0.1406,-0.0588,356.0,0.06,0.000,0.000,IDLE
2026-08-17T13:48:36.717071,37.8648602,32.4838751,1024.30,-0.0701,0.1425,-0.1352,352.0,0.06,0.000,0.000,IDLE
2026-08-17T13:48:37.716740,37.8648603,32.4838747,1024.30,-0.0708,0.1433,-0.2099,347.0,0.06,0.000,0.000,IDLE
2026-08-17T13:48:38.716652,37.8648605,32.4838745,1024.38,-0.0690,0.1441,-0.2811,343.0,0.06,0.000,0.000,IDLE
2026-08-17T13:48:39.716771,37.8648605,32.4838743,1024.39,-0.0686,0.1432,-0.3566,339.0,0.07,0.000,0.000,IDLE
2026-08-17T13:48:40.717665,37.8648608,32.4838742,1024.33,-0.0701,0.1396,-0.4323,335.0,0.06,0.000,0.000,IDLE
2026-08-17T13:48:41.716668,37.8648612,32.4838739,1024.29,-0.0712,0.1412,-0.5079,330.0,0.07,0.000,0.000,IDLE
2026-08-17T13:48:42.716944,37.8648612,32.4838736,1024.27,-0.0718,0.1439,-0.5850,326.0,0.07,0.000,0.000,IDLE
2026-08-17T13:48:43.716794,37.8648617,32.4838731,1024.28,-0.0703,0.1421,-0.6641,321.0,0.08,0.000,0.000,IDLE
2026-08-17T13:48:44.716788,37.8648617,32.4838730,1024.22,-0.0715,0.1407,-0.7443,317.0,0.08,0.000,0.000,IDLE
2026-08-17T13:48:45.716743,37.8648626,32.4838726,1024.25,-0.0719,0.1372,-0.8210,312.0,0.09,0.000,0.000,IDLE
2026-08-17T13:48:46.717248,37.8648632,32.4838721,1024.32,-0.0719,0.1389,-0.8926,308.0,0.10,0.000,0.000,IDLE
2026-08-17T13:48:47.716869,37.8648632,32.4838719,1024.31,-0.0724,0.1432,-0.9592,305.0,0.08,0.000,0.000,IDLE
2026-08-17T13:48:48.716627,37.8648630,32.4838717,1024.34,-0.0724,0.1409,-1.0218,301.0,0.06,0.000,0.000,IDLE
2026-08-17T13:48:49.716748,37.8648631,32.4838711,1024.35,-0.0706,0.1369,-1.0731,298.0,0.07,0.000,0.000,IDLE
2026-08-17T13:48:50.716720,37.8648630,32.4838709,1024.36,-0.0716,0.1375,-1.1139,296.0,0.06,0.000,0.000,IDLE
2026-08-17T13:48:51.717222,37.8648633,32.4838706,1024.37,-0.0700,0.1415,-1.1434,294.0,0.06,0.000,0.000,IDLE
2026-08-17T13:48:52.716723,37.8648642,32.4838697,1024.39,-0.0689,0.1481,-1.1596,293.0,0.09,0.000,0.000,IDLE
2026-08-17T13:48:53.716895,37.8648648,32.4838690,1024.35,-0.0694,0.1493,-1.1635,293.0,0.10,0.000,0.000,IDLE
2026-08-17T13:48:54.717055,37.8648651,32.4838686,1024.38,-0.0696,0.1484,-1.1613,293.0,0.09,0.000,0.000,IDLE
2026-08-17T13:48:55.716980,37.8648652,32.4838684,1024.36,-0.0698,0.1437,-1.1536,293.0,0.07,0.000,0.000,IDLE
2026-08-17T13:48:56.716761,37.8648650,32.4838680,1024.37,-0.0705,0.1395,-1.1430,294.0,0.05,0.000,0.000,IDLE
2026-08-17T13:48:57.716639,37.8648650,32.4838674,1024.35,-0.0710,0.1375,-1.1363,294.0,0.05,0.000,0.000,IDLE
2026-08-17T13:48:58.716785,37.8648648,32.4838666,1024.34,-0.0711,0.1402,-1.1361,294.0,0.06,0.000,0.000,IDLE
2026-08-17T13:48:59.716730,37.8648650,32.4838661,1024.40,-0.0713,0.1424,-1.1443,294.0,0.06,0.000,0.000,IDLE
2026-08-17T13:49:00.716873,37.8648652,32.4838656,1024.32,-0.0708,0.1385,-1.1590,293.0,0.06,0.000,0.000,IDLE
2026-08-17T13:49:01.716690,37.8648648,32.4838655,1024.30,-0.0708,0.1323,-1.1677,293.0,0.04,0.000,0.000,IDLE
2026-08-17T13:49:02.716881,37.8648648,32.4838652,1024.32,-0.0696,0.1335,-1.1666,293.0,0.04,0.000,0.000,IDLE
2026-08-17T13:49:03.716907,37.8648646,32.4838655,1024.25,-0.0686,0.1390,-1.1700,292.0,0.01,0.000,0.000,IDLE
2026-08-17T13:49:04.717148,37.8648643,32.4838645,1024.21,-0.0686,0.1495,-1.1952,291.0,0.05,0.000,0.000,IDLE
2026-08-17T13:49:05.716843,37.8648640,32.4838635,1024.24,-0.0679,0.1549,-1.2438,288.0,0.08,0.000,0.000,IDLE
2026-08-17T13:49:06.717134,37.8648642,32.4838626,1024.24,-0.0705,0.1520,-1.3110,284.0,0.09,0.000,0.000,IDLE
2026-08-17T13:49:07.716836,37.8648642,32.4838625,1024.20,-0.0684,0.1365,-1.3852,280.0,0.07,0.000,0.000,IDLE
2026-08-17T13:49:08.716671,37.8648638,32.4838620,1024.19,-0.0667,0.1315,-1.4627,276.0,0.07,0.000,0.000,IDLE
2026-08-17T13:49:09.716897,37.8648637,32.4838612,1024.19,-0.0731,0.1397,-1.5391,271.0,0.08,0.000,0.000,IDLE
2026-08-17T13:49:10.716708,37.8648635,32.4838607,1024.11,-0.0727,0.1456,-1.6068,267.0,0.07,0.000,0.000,IDLE
2026-08-17T13:49:11.716856,37.8648639,32.4838598,1024.06,-0.0687,0.1431,-1.6651,264.0,0.09,0.000,0.000,IDLE
2026-08-17T13:49:12.716752,37.8648637,32.4838595,1024.03,-0.0672,0.1398,-1.7179,261.0,0.07,0.000,0.000,IDLE
2026-08-17T13:49:13.716676,37.8648633,32.4838597,1024.10,-0.0666,0.1412,-1.7630,258.0,0.04,0.000,0.000,IDLE
2026-08-17T13:49:14.716745,37.8648630,32.4838593,1024.14,-0.0677,0.1475,-1.8024,256.0,0.03,0.000,0.000,IDLE
2026-08-17T13:49:15.716795,37.8648627,32.4838588,1024.18,-0.0733,0.1524,-1.8307,255.0,0.04,0.000,0.000,IDLE
2026-08-17T13:49:16.716778,37.8648623,32.4838582,1024.18,-0.0743,0.1492,-1.8571,253.0,0.04,0.000,0.000,IDLE
2026-08-17T13:49:17.716791,37.8648621,32.4838577,1024.07,-0.0741,0.1422,-1.8770,252.0,0.04,0.000,0.000,IDLE
2026-08-17T13:49:18.716784,37.8648619,32.4838576,1024.06,-0.0727,0.1356,-1.8919,251.0,0.03,0.000,0.000,IDLE
2026-08-17T13:49:19.716801,37.8648617,32.4838577,1024.13,-0.0720,0.1374,-1.9068,250.0,0.01,0.000,0.000,IDLE
2026-08-17T13:49:20.716801,37.8648612,32.4838578,1024.13,-0.0766,0.1438,-1.9178,250.0,0.01,0.000,0.000,IDLE
2026-08-17T13:49:21.716894,37.8648608,32.4838580,1024.15,-0.0754,0.1459,-1.9290,249.0,0.01,0.000,0.000,IDLE
2026-08-17T13:49:22.716670,37.8648609,32.4838567,1024.20,-0.0738,0.1431,-1.9380,248.0,0.04,0.000,0.000,IDLE
2026-08-17T13:49:23.716953,37.8648603,32.4838566,1024.17,-0.0717,0.1430,-1.9466,248.0,0.04,0.000,0.000,IDLE
2026-08-17T13:49:24.716663,37.8648603,32.4838567,1024.15,-0.0678,0.1460,-1.9523,248.0,0.03,0.000,0.000,IDLE
2026-08-17T13:49:25.717118,37.8648598,32.4838565,1024.16,-0.0665,0.1449,-1.9578,247.0,0.02,0.000,0.000,IDLE
2026-08-17T13:49:26.716925,37.8648595,32.4838566,1024.18,-0.0675,0.1417,-1.9610,247.0,0.01,0.000,0.000,IDLE
2026-08-17T13:49:27.716923,37.8648595,32.4838559,1024.17,-0.0714,0.1409,-1.9637,247.0,0.03,0.000,0.000,IDLE
2026-08-17T13:49:28.716923,37.8648594,32.4838560,1024.19,-0.0691,0.1415,-1.9629,247.0,0.02,0.000,0.000,IDLE
2026-08-17T13:49:29.716718,37.8648590,32.4838565,1024.26,-0.0711,0.1421,-1.9648,247.0,0.02,0.000,0.000,IDLE
2026-08-17T13:49:30.716771,37.8648591,32.4838556,1024.23,-0.0697,0.1424,-1.9620,247.0,0.04,0.000,0.000,IDLE
2026-08-17T13:49:31.720143,37.8648590,32.4838563,1024.22,-0.0717,0.1459,-1.9611,247.0,0.05,0.000,0.000,IDLE
2026-08-17T13:49:32.716702,37.8648591,32.4838568,1024.22,-0.0713,0.1481,-1.9582,247.0,0.07,0.000,0.000,IDLE
2026-08-17T13:49:33.722097,37.8648587,32.4838565,1024.32,-0.0687,0.1461,-1.9549,248.0,0.04,0.000,0.000,IDLE
2026-08-17T13:49:34.716951,37.8648576,32.4838567,1024.35,-0.0709,0.1439,-1.9531,248.0,0.05,0.000,0.000,IDLE
2026-08-17T13:49:35.720066,37.8648575,32.4838569,1024.28,-0.0693,0.1425,-1.9493,248.0,0.05,0.000,0.000,IDLE
2026-08-17T13:49:36.716838,37.8648574,32.4838569,1024.28,-0.0684,0.1436,-1.9470,248.0,0.04,0.000,0.000,IDLE
2026-08-17T13:49:37.716844,37.8648573,32.4838573,1024.20,-0.0691,0.1449,-1.9418,248.0,0.06,0.000,0.000,IDLE
2026-08-17T13:49:38.716742,37.8648569,32.4838572,1024.22,-0.0712,0.1466,-1.9386,248.0,0.05,0.000,0.000,IDLE
2026-08-17T13:49:39.716662,37.8648564,32.4838567,1024.24,-0.0715,0.1449,-1.9368,249.0,0.03,0.000,0.000,IDLE
2026-08-17T13:49:40.716723,37.8648561,32.4838565,1024.24,-0.0724,0.1429,-1.9407,248.0,0.03,0.000,0.000,IDLE
2026-08-17T13:49:41.716716,37.8648561,32.4838563,1024.16,-0.0689,0.1434,-1.9513,248.0,0.02,0.000,0.000,IDLE
2026-08-17T13:49:42.716683,37.8648560,32.4838562,1024.18,-0.0694,0.1439,-1.9695,247.0,0.02,0.000,0.000,IDLE
2026-08-17T13:49:43.716671,37.8648555,32.4838560,1024.18,-0.0682,0.1447,-1.9902,245.0,0.03,0.000,0.000,IDLE
2026-08-17T13:49:44.716865,37.8648550,32.4838562,1024.18,-0.0728,0.1441,-2.0140,244.0,0.05,0.000,0.000,IDLE
2026-08-17T13:49:45.716792,37.8648542,32.4838560,1024.14,-0.0725,0.1438,-2.0409,243.0,0.06,0.000,0.000,IDLE
2026-08-17T13:49:46.716726,37.8648536,32.4838563,1024.19,-0.0725,0.1426,-2.0726,241.0,0.07,0.000,0.000,IDLE
2026-08-17T13:49:47.716851,37.8648534,32.4838559,1024.15,-0.0734,0.1412,-2.1091,239.0,0.05,0.000,0.000,IDLE
2026-08-17T13:49:48.716819,37.8648536,32.4838565,1024.08,-0.0734,0.1433,-2.1434,237.0,0.06,0.000,0.000,IDLE
2026-08-17T13:49:49.717250,37.8648539,32.4838574,1024.07,-0.0734,0.1444,-2.1770,235.0,0.09,0.000,0.000,IDLE
2026-08-17T13:49:50.716740,37.8648540,32.4838583,1024.13,-0.0717,0.1474,-2.2079,233.0,0.12,0.000,0.000,IDLE
2026-08-17T13:49:51.716856,37.8648540,32.4838587,1024.14,-0.0734,0.1490,-2.2365,231.0,0.12,0.000,0.000,IDLE
2026-08-17T13:49:52.716692,37.8648540,32.4838590,1024.13,-0.0751,0.1485,-2.2627,230.0,0.12,0.000,0.000,IDLE
2026-08-17T13:49:53.716775,37.8648539,32.4838599,1024.12,-0.0764,0.1468,-2.2858,229.0,0.14,0.000,0.000,IDLE
2026-08-17T13:49:54.716671,37.8648534,32.4838603,1024.11,-0.0737,0.1449,-2.3055,227.0,0.12,0.000,0.000,IDLE
2026-08-17T13:49:55.716774,37.8648535,32.4838605,1024.13,-0.0716,0.1458,-2.3229,226.0,0.12,0.000,0.000,IDLE
2026-08-17T13:49:56.716825,37.8648533,32.4838607,1024.16,-0.0757,0.1457,-2.3446,225.0,0.11,0.000,0.000,IDLE
2026-08-17T13:49:57.716710,37.8648525,32.4838603,1024.08,-0.0731,0.1440,-2.3684,224.0,0.07,0.000,0.000,IDLE
2026-08-17T13:49:58.716722,37.8648513,32.4838595,1024.06,-0.0772,0.1441,-2.3956,222.0,0.06,0.000,0.000,IDLE
2026-08-17T13:49:59.716984,37.8648509,32.4838603,1024.07,-0.0725,0.1435,-2.4166,221.0,0.07,0.000,0.000,IDLE
2026-08-17T13:50:00.716772,37.8648508,32.4838602,1024.07,-0.0732,0.1424,-2.4357,220.0,0.05,0.000,0.000,IDLE
2026-08-17T13:50:01.717040,37.8648505,32.4838597,1024.04,-0.0687,0.1422,-2.4471,219.0,0.03,0.000,0.000,IDLE
2026-08-17T13:50:02.716920,37.8648500,32.4838593,1024.11,-0.0684,0.1446,-2.4564,219.0,0.01,0.000,0.000,IDLE
2026-08-17T13:50:03.716703,37.8648494,32.4838590,1024.19,-0.0674,0.1465,-2.4586,219.0,0.02,0.000,0.000,IDLE
2026-08-17T13:50:04.716901,37.8648491,32.4838588,1024.21,-0.0678,0.1458,-2.4566,219.0,0.01,0.000,0.000,IDLE
2026-08-17T13:50:05.716812,37.8648488,32.4838589,1024.21,-0.0710,0.1434,-2.4475,219.0,0.02,0.000,0.000,IDLE
2026-08-17T13:50:06.716874,37.8648485,32.4838588,1024.20,-0.0715,0.1427,-2.4348,220.0,0.02,0.000,0.000,IDLE
2026-08-17T13:50:07.716665,37.8648485,32.4838591,1024.14,-0.0753,0.1428,-2.4187,221.0,0.03,0.000,0.000,IDLE
2026-08-17T13:50:08.717246,37.8648480,32.4838596,1024.19,-0.0716,0.1441,-2.3979,222.0,0.05,0.000,0.000,IDLE
2026-08-17T13:50:09.717100,37.8648472,32.4838601,1024.13,-0.0766,0.1465,-2.3772,223.0,0.08,0.000,0.000,IDLE
2026-08-17T13:50:10.716802,37.8648476,32.4838609,1024.14,-0.0827,0.1468,-2.3557,225.0,0.09,0.000,0.000,IDLE
2026-08-17T13:50:11.717204,37.8648474,32.4838619,1024.12,-0.0854,0.1423,-2.3330,226.0,0.09,0.000,0.000,IDLE
2026-08-17T13:50:12.716837,37.8648466,32.4838624,1024.13,-0.0650,0.1384,-2.3104,227.0,0.09,0.000,0.000,IDLE
2026-08-17T13:50:13.716821,37.8648465,32.4838625,1024.11,-0.0605,0.1494,-2.2923,228.0,0.10,0.000,0.000,IDLE
2026-08-17T13:50:14.716656,37.8648463,32.4838639,1024.11,-0.0596,0.1513,-2.2827,229.0,0.13,0.000,0.000,IDLE
2026-08-17T13:50:15.716976,37.8648464,32.4838650,1024.10,-0.0670,0.1488,-2.2803,229.0,0.15,0.000,0.000,IDLE
2026-08-17T13:50:16.720066,37.8648463,32.4838660,1024.12,-0.0712,0.1512,-2.2787,229.0,0.16,0.000,0.000,IDLE
2026-08-17T13:50:17.716793,37.8648462,32.4838663,1024.16,-0.0723,0.1471,-2.2737,229.0,0.13,0.000,0.000,IDLE
2026-08-17T13:50:18.716747,37.8648451,32.4838661,1024.15,-0.0715,0.1378,-2.2672,230.0,0.10,0.000,0.000,IDLE
2026-08-17T13:50:19.716743,37.8648444,32.4838663,1024.10,-0.0727,0.1373,-2.2576,230.0,0.10,0.000,0.000,IDLE
2026-08-17T13:50:20.716784,37.8648437,32.4838664,1024.11,-0.0703,0.1419,-2.2450,231.0,0.09,0.000,0.000,IDLE
2026-08-17T13:50:21.716759,37.8648435,32.4838665,1024.19,-0.0709,0.1454,-2.2321,232.0,0.07,0.000,0.000,IDLE
2026-08-17T13:50:22.716719,37.8648436,32.4838667,1024.16,-0.0698,0.1468,-2.2182,232.0,0.07,0.000,0.000,IDLE
2026-08-17T13:50:23.716773,37.8648437,32.4838666,1024.19,-0.0683,0.1474,-2.2042,233.0,0.06,0.000,0.000,IDLE
2026-08-17T13:50:24.716794,37.8648436,32.4838673,1024.23,-0.0702,0.1452,-2.1900,234.0,0.10,0.000,0.000,IDLE
2026-08-17T13:50:25.716991,37.8648436,32.4838677,1024.22,-0.0724,0.1439,-2.1762,235.0,0.10,0.000,0.000,IDLE
2026-08-17T13:50:26.716770,37.8648433,32.4838674,1024.17,-0.0723,0.1453,-2.1631,236.0,0.08,0.000,0.000,IDLE
2026-08-17T13:50:27.716828,37.8648431,32.4838674,1024.22,-0.0631,0.1435,-2.1494,236.0,0.08,0.000,0.000,IDLE
2026-08-17T13:50:28.716826,37.8648429,32.4838676,1024.15,-0.0606,0.1424,-2.1394,237.0,0.09,0.000,0.000,IDLE
2026-08-17T13:50:29.716709,37.8648426,32.4838678,1024.12,-0.0678,0.1484,-2.1309,237.0,0.09,0.000,0.000,IDLE
2026-08-17T13:50:30.716827,37.8648421,32.4838687,1024.12,-0.0742,0.1486,-2.1216,238.0,0.12,0.000,0.000,IDLE
2026-08-17T13:50:31.716936,37.8648423,32.4838698,1024.08,-0.0835,0.1492,-2.1092,239.0,0.14,0.000,0.000,IDLE
2026-08-17T13:50:32.717077,37.8648423,32.4838699,1024.07,-0.0739,0.1435,-2.0973,239.0,0.11,0.000,0.000,IDLE
2026-08-17T13:50:33.717176,37.8648423,32.4838697,1024.09,-0.0759,0.1416,-2.0793,240.0,0.10,0.000,0.000,IDLE
2026-08-17T13:50:34.717121,37.8648424,32.4838700,1024.09,-0.0675,0.1400,-2.0772,240.0,0.11,0.000,0.000,IDLE
2026-08-17T13:50:35.716764,37.8648403,32.4838708,1024.13,-0.0684,0.1068,-2.5360,214.0,0.34,0.000,0.000,IDLE
2026-08-17T13:50:36.716871,37.8648398,32.4838710,1024.21,-0.0757,0.1065,3.1176,178.0,0.26,0.000,0.000,IDLE
2026-08-17T13:50:37.716733,37.8648400,32.4838710,1024.26,-0.0619,0.0984,2.4914,142.0,0.22,0.000,0.000,IDLE
2026-08-17T13:50:38.717071,37.8648399,32.4838691,1024.34,-0.0550,0.0869,1.8613,106.0,0.17,0.000,0.000,IDLE
2026-08-17T13:50:39.716834,37.8648392,32.4838674,1024.41,-0.0662,0.1122,1.2884,73.0,0.09,0.000,0.000,IDLE
2026-08-17T13:50:40.716598,37.8648387,32.4838683,1024.44,-0.0624,0.1366,0.9921,56.0,0.14,0.000,0.000,IDLE
2026-08-17T13:50:41.716751,37.8648396,32.4838708,1024.44,-0.0729,0.1262,0.8279,47.0,0.46,0.000,0.000,IDLE
2026-08-17T13:50:42.716801,37.8648426,32.4838742,1024.42,-0.0728,0.1269,0.7027,40.0,0.61,0.000,0.000,IDLE
2026-08-17T13:50:43.717164,37.8648463,32.4838767,1024.39,-0.0742,0.1323,0.6177,35.0,0.62,0.000,0.000,IDLE
2026-08-17T13:50:44.716747,37.8648498,32.4838789,1024.38,-0.0744,0.1318,0.6197,35.0,0.58,0.000,0.000,IDLE
2026-08-17T13:50:45.716817,37.8648526,32.4838808,1024.37,-0.0751,0.1281,0.7054,40.0,0.47,0.000,0.000,IDLE
2026-08-17T13:50:46.716718,37.8648540,32.4838823,1024.36,-0.0712,0.1475,0.8559,49.0,0.42,0.000,0.000,IDLE
2026-08-17T13:50:47.717096,37.8648558,32.4838849,1024.37,-0.0697,0.1435,0.9778,56.0,0.43,0.000,0.000,IDLE
2026-08-17T13:50:48.716914,37.8648566,32.4838884,1024.39,-0.0695,0.1339,1.0752,61.0,0.46,0.000,0.000,IDLE
2026-08-17T13:50:49.716798,37.8648572,32.4838925,1024.42,-0.0685,0.1351,1.1630,66.0,0.47,0.000,0.000,IDLE
2026-08-17T13:50:50.716775,37.8648583,32.4838965,1024.44,-0.0696,0.1367,1.2288,70.0,0.46,0.000,0.000,IDLE
2026-08-17T13:50:51.716733,37.8648592,32.4839013,1024.44,-0.0696,0.1354,1.2788,73.0,0.48,0.000,0.000,IDLE
2026-08-17T13:50:52.717689,37.8648600,32.4839059,1024.44,-0.0701,0.1353,1.3166,75.0,0.48,0.000,0.000,IDLE
2026-08-17T13:50:53.716674,37.8648615,32.4839105,1024.46,-0.0720,0.1347,1.3504,77.0,0.48,0.000,0.000,IDLE
2026-08-17T13:50:54.716733,37.8648624,32.4839147,1024.46,-0.0732,0.1370,1.3943,79.0,0.45,0.000,0.000,IDLE
2026-08-17T13:50:55.716799,37.8648629,32.4839191,1024.43,-0.0725,0.1364,1.4283,81.0,0.44,0.000,0.000,IDLE
2026-08-17T13:50:56.716851,37.8648634,32.4839239,1024.44,-0.0729,0.1351,1.4497,83.0,0.44,0.000,0.000,IDLE
2026-08-17T13:50:57.721698,37.8648639,32.4839297,1024.45,-0.0708,0.1343,1.4573,83.0,0.47,0.000,0.000,IDLE
2026-08-17T13:50:58.716714,37.8648646,32.4839353,1024.44,-0.0710,0.1347,1.4617,83.0,0.49,0.000,0.000,IDLE
2026-08-17T13:50:59.716690,37.8648651,32.4839400,1024.45,-0.0719,0.1436,1.4751,84.0,0.36,0.000,0.000,IDLE
2026-08-17T13:51:00.721042,37.8648652,32.4839440,1024.35,-0.0711,0.1409,1.4897,85.0,0.31,0.000,0.000,IDLE
2026-08-17T13:51:01.716772,37.8648649,32.4839456,1024.31,-0.0654,0.1310,1.6153,92.0,0.09,0.000,0.000,IDLE
2026-08-17T13:51:02.716712,37.8648653,32.4839456,1024.24,-0.0666,0.1385,1.7472,100.0,0.09,0.000,0.000,IDLE
2026-08-17T13:51:03.716717,37.8648659,32.4839453,1024.26,-0.0662,0.1442,1.7937,102.0,0.09,0.000,0.000,IDLE
2026-08-17T13:51:04.716748,37.8648662,32.4839447,1024.31,-0.0678,0.1427,1.8240,104.0,0.08,0.000,0.000,IDLE
2026-08-17T13:51:05.716709,37.8648667,32.4839449,1024.30,-0.0695,0.1315,1.8411,105.0,0.06,0.000,0.000,IDLE
2026-08-17T13:51:06.716710,37.8648671,32.4839449,1024.26,-0.0708,0.1457,1.8462,105.0,0.05,0.000,0.000,IDLE
2026-08-17T13:51:07.716912,37.8648677,32.4839436,1024.19,-0.0757,0.1589,1.8468,105.0,0.09,0.000,0.000,IDLE
2026-08-17T13:51:08.716671,37.8648680,32.4839433,1024.19,-0.0696,0.1480,1.8419,105.0,0.07,0.000,0.000,IDLE
2026-08-17T13:51:09.717039,37.8648682,32.4839434,1024.22,-0.0724,0.1311,1.8377,105.0,0.06,0.000,0.000,IDLE
2026-08-17T13:51:10.716671,37.8648682,32.4839438,1024.27,-0.0742,0.1365,1.8253,104.0,0.04,0.000,0.000,IDLE
2026-08-17T13:51:11.716729,37.8648682,32.4839433,1024.28,-0.0710,0.1354,1.8303,104.0,0.02,0.000,0.000,IDLE
2026-08-17T13:51:12.716804,37.8648677,32.4839429,1024.29,-0.0653,0.1477,1.8560,106.0,0.11,0.000,0.000,IDLE
2026-08-17T13:51:13.717261,37.8648677,32.4839405,1024.24,-0.0710,0.1489,1.8576,106.0,0.16,0.000,0.000,IDLE
2026-08-17T13:51:14.717074,37.8648679,32.4839391,1024.26,-0.0706,0.1384,1.7426,99.0,0.16,0.000,0.000,IDLE
2026-08-17T13:51:15.716743,37.8648684,32.4839386,1024.23,-0.0718,0.1152,1.4988,85.0,0.15,0.000,0.000,IDLE
2026-08-17T13:51:16.716847,37.8648690,32.4839384,1024.26,-0.0794,0.1433,1.3172,75.0,0.11,0.000,0.000,IDLE
2026-08-17T13:51:17.716740,37.8648700,32.4839379,1024.29,-0.0678,0.1119,1.1235,64.0,0.17,0.000,0.000,IDLE
2026-08-17T13:51:18.716737,37.8648708,32.4839364,1024.30,-0.0705,0.1272,0.9278,53.0,0.21,0.000,0.000,IDLE
2026-08-17T13:51:19.717110,37.8648717,32.4839359,1024.26,-0.0706,0.1304,0.7393,42.0,0.24,0.000,0.000,IDLE
2026-08-17T13:51:20.716692,37.8648733,32.4839350,1024.26,-0.0688,0.1321,0.4744,27.0,0.29,0.000,0.000,IDLE
2026-08-17T13:51:21.716807,37.8648748,32.4839346,1024.30,-0.0778,0.1364,0.0876,5.0,0.21,0.000,0.000,IDLE
2026-08-17T13:51:22.716781,37.8648762,32.4839350,1024.34,-0.0735,0.1336,-0.1403,351.0,0.18,0.000,0.000,IDLE
2026-08-17T13:51:23.716751,37.8648772,32.4839346,1024.29,-0.0739,0.1365,-0.2841,343.0,0.18,0.000,0.000,IDLE
2026-08-17T13:51:24.716770,37.8648784,32.4839340,1024.35,-0.0777,0.1356,-0.3991,337.0,0.19,0.000,0.000,IDLE
2026-08-17T13:51:25.717068,37.8648800,32.4839332,1024.34,-0.0762,0.1411,-0.4854,332.0,0.20,0.000,0.000,IDLE
2026-08-17T13:51:26.716789,37.8648812,32.4839322,1024.33,-0.0820,0.1561,-0.5597,327.0,0.21,0.000,0.000,IDLE
2026-08-17T13:51:27.716769,37.8648825,32.4839313,1024.33,-0.0792,0.1568,-0.7481,317.0,0.24,0.000,0.000,IDLE
2026-08-17T13:51:28.718599,37.8648842,32.4839307,1024.34,-0.0828,0.1451,-1.0484,299.0,0.20,0.000,0.000,IDLE
2026-08-17T13:51:29.716783,37.8648855,32.4839302,1024.40,-0.0710,0.1484,-1.2638,287.0,0.19,0.000,0.000,IDLE
2026-08-17T13:51:30.716780,37.8648870,32.4839314,1024.41,-0.0625,0.1656,-1.4358,277.0,0.12,0.000,0.000,IDLE
2026-08-17T13:51:31.716759,37.8648880,32.4839328,1024.45,-0.0877,0.1424,-1.4913,274.0,0.07,0.000,0.000,IDLE
2026-08-17T13:51:32.717022,37.8648878,32.4839332,1024.46,-0.0789,0.1615,-1.4973,274.0,0.04,0.000,0.000,IDLE
2026-08-17T13:51:33.716800,37.8648875,32.4839342,1024.47,-0.0787,0.1365,-1.5234,272.0,0.05,0.000,0.000,IDLE
2026-08-17T13:51:34.716838,37.8648876,32.4839340,1024.45,-0.0710,0.1454,-1.5364,271.0,0.05,0.000,0.000,IDLE
2026-08-17T13:51:35.716769,37.8648876,32.4839330,1024.42,-0.0747,0.1288,-1.5620,270.0,0.15,0.000,0.000,IDLE
2026-08-17T13:51:36.716831,37.8648879,32.4839313,1024.43,-0.0727,0.1331,-1.5844,269.0,0.20,0.000,0.000,IDLE
2026-08-17T13:51:37.719208,37.8648883,32.4839268,1024.41,-0.0702,0.1240,-1.6219,267.0,0.50,0.000,0.000,IDLE
2026-08-17T13:51:38.716725,37.8648891,32.4839212,1024.38,-0.0693,0.1423,-1.6526,265.0,0.50,0.000,0.000,IDLE
2026-08-17T13:51:39.716721,37.8648901,32.4839145,1024.37,-0.0703,0.1194,-1.6196,267.0,0.71,0.000,0.000,IDLE
2026-08-17T13:51:40.716782,37.8648913,32.4839074,1024.37,-0.0659,0.1304,-1.5722,269.0,0.65,0.000,0.000,IDLE
2026-08-17T13:51:41.716790,37.8648918,32.4839006,1024.37,-0.0776,0.1532,-1.5302,272.0,0.55,0.000,0.000,IDLE
2026-08-17T13:51:42.716743,37.8648926,32.4838974,1024.38,-0.0801,0.1711,-1.4492,276.0,0.20,0.000,0.000,IDLE
2026-08-17T13:51:43.716716,37.8648931,32.4838963,1024.34,-0.0836,0.1683,-1.4155,278.0,0.09,0.000,0.000,IDLE
2026-08-17T13:51:44.716929,37.8648939,32.4838953,1024.27,-0.0767,0.1471,-1.3963,280.0,0.11,0.000,0.000,IDLE
2026-08-17T13:51:45.717329,37.8648946,32.4838941,1024.24,-0.0800,0.1501,-1.3619,281.0,0.13,0.000,0.000,IDLE
2026-08-17T13:51:46.716824,37.8648947,32.4838917,1024.26,-0.0703,0.1462,-1.3571,282.0,0.22,0.000,0.000,IDLE
2026-08-17T13:51:47.716912,37.8648948,32.4838880,1024.26,-0.0792,0.1393,-1.4439,277.0,0.38,0.000,0.000,IDLE
2026-08-17T13:51:48.716764,37.8648954,32.4838836,1024.28,-0.0796,0.1238,-1.5002,274.0,0.34,0.000,0.000,IDLE
2026-08-17T13:51:49.716746,37.8648951,32.4838794,1024.33,-0.0735,0.1290,-1.5318,272.0,0.41,0.000,0.000,IDLE
2026-08-17T13:51:50.716812,37.8648951,32.4838741,1024.29,-0.0736,0.1361,-1.4868,274.0,0.52,0.000,0.000,IDLE
2026-08-17T13:51:51.716750,37.8648945,32.4838676,1024.23,-0.1137,0.1495,-1.4687,275.0,0.53,0.000,0.000,IDLE
2026-08-17T13:51:52.716945,37.8648933,32.4838632,1024.26,-0.1299,0.1243,-1.4376,277.0,0.42,0.000,0.000,IDLE
2026-08-17T13:51:53.716742,37.8648918,32.4838585,1024.33,-0.1042,0.1362,-1.5018,273.0,0.47,0.000,0.000,IDLE
2026-08-17T13:51:54.716657,37.8648907,32.4838529,1024.39,-0.1167,0.1188,-1.5750,269.0,0.46,0.000,0.000,IDLE
2026-08-17T13:51:55.716745,37.8648904,32.4838488,1024.42,-0.0919,0.1540,-1.5476,271.0,0.39,0.000,0.000,IDLE
2026-08-17T13:51:56.716719,37.8648899,32.4838455,1024.41,-0.1094,0.1353,-1.6167,267.0,0.26,0.000,0.000,IDLE
2026-08-17T13:51:57.717126,37.8648893,32.4838435,1024.39,-0.0771,0.1553,-1.5492,271.0,0.24,0.000,0.000,IDLE
2026-08-17T13:51:58.716748,37.8648890,32.4838419,1024.41,-0.0780,0.1494,-1.6324,266.0,0.04,0.000,0.000,IDLE
2026-08-17T13:51:59.716714,37.8648886,32.4838414,1024.42,-0.0710,0.1401,-1.6637,264.0,0.05,0.000,0.000,IDLE
2026-08-17T13:52:00.716779,37.8648897,32.4838384,1024.40,-0.0521,0.1149,-1.5551,270.0,0.50,0.000,0.000,IDLE
2026-08-17T13:52:01.716812,37.8648920,32.4838339,1024.44,-0.0738,0.1319,-1.4901,274.0,0.44,0.000,0.000,IDLE
2026-08-17T13:52:02.716717,37.8648935,32.4838310,1024.38,-0.0730,0.1404,-1.5124,273.0,0.30,0.000,0.000,IDLE
2026-08-17T13:52:03.716967,37.8648961,32.4838256,1024.43,-0.0661,0.1278,-1.5292,272.0,0.66,0.000,0.000,IDLE
2026-08-17T13:52:04.716756,37.8648994,32.4838193,1024.49,-0.0551,0.0999,-1.5283,272.0,0.74,0.000,0.000,IDLE
2026-08-17T13:52:05.716775,37.8649038,32.4838135,1024.48,-0.0477,0.1373,-1.3751,281.0,0.58,0.000,0.000,IDLE
2026-08-17T13:52:06.716879,37.8649078,32.4838099,1024.49,-0.0732,0.1297,-1.2724,287.0,0.56,0.000,0.000,IDLE
2026-08-17T13:52:07.716862,37.8649104,32.4838060,1024.47,-0.0719,0.1321,-1.2729,287.0,0.41,0.000,0.000,IDLE
2026-08-17T13:52:08.716725,37.8649135,32.4838018,1024.41,-0.0679,0.1339,-1.3607,282.0,0.42,0.000,0.000,IDLE
2026-08-17T13:52:09.716727,37.8649162,32.4837982,1024.35,-0.0603,0.1530,-1.4348,277.0,0.38,0.000,0.000,IDLE
2026-08-17T13:52:10.716783,37.8649187,32.4837956,1024.31,-0.0488,0.1275,-1.3759,281.0,0.53,0.000,0.000,IDLE
2026-08-17T13:52:11.716681,37.8649222,32.4837934,1024.37,-0.0581,0.1434,-1.1530,293.0,0.44,0.000,0.000,IDLE
2026-08-17T13:52:12.716856,37.8649253,32.4837882,1024.38,-0.0715,0.1136,-1.1931,291.0,0.64,0.000,0.000,IDLE
2026-08-17T13:52:13.718117,37.8649281,32.4837834,1024.33,-0.0708,0.1289,-1.2001,291.0,0.48,0.000,0.000,IDLE
2026-08-17T13:52:14.716785,37.8649305,32.4837798,1024.33,-0.0703,0.1381,-1.1884,291.0,0.40,0.000,0.000,IDLE
2026-08-17T13:52:15.716803,37.8649328,32.4837764,1024.36,-0.0721,0.1388,-1.1754,292.0,0.36,0.000,0.000,IDLE
2026-08-17T13:52:16.716986,37.8649348,32.4837729,1024.42,-0.0715,0.1317,-1.1697,292.0,0.36,0.000,0.000,IDLE
2026-08-17T13:52:17.716677,37.8649352,32.4837724,1024.42,-0.0744,0.1622,-1.1798,292.0,0.10,0.000,0.000,IDLE
2026-08-17T13:52:18.717462,37.8649358,32.4837719,1024.42,-0.0721,0.1299,-1.1863,292.0,0.10,0.000,0.000,IDLE
2026-08-17T13:52:19.716882,37.8649362,32.4837708,1024.43,-0.0730,0.1194,-1.1777,292.0,0.11,0.000,0.000,IDLE
2026-08-17T13:52:20.717133,37.8649366,32.4837702,1024.43,-0.0707,0.1273,-1.1562,293.0,0.10,0.000,0.000,IDLE
2026-08-17T13:52:21.717641,37.8649368,32.4837688,1024.39,-0.0752,0.1398,-1.1281,295.0,0.12,0.000,0.000,IDLE
2026-08-17T13:52:22.717248,37.8649370,32.4837673,1024.43,-0.0724,0.1488,-1.0922,297.0,0.14,0.000,0.000,IDLE
2026-08-17T13:52:23.716661,37.8649372,32.4837660,1024.50,-0.0742,0.1534,-1.0913,297.0,0.14,0.000,0.000,IDLE
2026-08-17T13:52:24.716881,37.8649381,32.4837646,1024.54,-0.0735,0.1400,-1.1340,295.0,0.15,0.000,0.000,IDLE
2026-08-17T13:52:25.716806,37.8649392,32.4837633,1024.49,-0.0730,0.1485,-1.2026,291.0,0.18,0.000,0.000,IDLE
2026-08-17T13:52:26.718163,37.8649400,32.4837624,1024.39,-0.0758,0.1662,-1.2795,286.0,0.13,0.000,0.000,IDLE
2026-08-17T13:52:27.716839,37.8649407,32.4837626,1024.39,-0.0740,0.1449,-1.3550,282.0,0.05,0.000,0.000,IDLE
2026-08-17T13:52:28.716697,37.8649403,32.4837637,1024.45,-0.0743,0.1528,-1.4101,279.0,0.02,0.000,0.000,IDLE
2026-08-17T13:52:29.716694,37.8649403,32.4837639,1024.41,-0.0742,0.1487,-1.4574,276.0,0.02,0.000,0.000,IDLE
2026-08-17T13:52:30.717038,37.8649404,32.4837641,1024.43,-0.0733,0.1461,-1.4890,274.0,0.02,0.000,0.000,IDLE
2026-08-17T13:52:31.717045,37.8649408,32.4837639,1024.41,-0.0736,0.1480,-1.5101,273.0,0.03,0.000,0.000,IDLE
2026-08-17T13:52:32.717294,37.8649410,32.4837637,1024.38,-0.0760,0.1488,-1.5312,272.0,0.04,0.000,0.000,IDLE
2026-08-17T13:52:33.716699,37.8649411,32.4837640,1024.35,-0.0768,0.1527,-1.5355,272.0,0.04,0.000,0.000,IDLE
2026-08-17T13:52:34.716697,37.8649413,32.4837636,1024.30,-0.0810,0.1649,-1.5114,273.0,0.03,0.000,0.000,IDLE
2026-08-17T13:52:35.716950,37.8649409,32.4837638,1024.31,-0.0802,0.1633,-1.5294,272.0,0.02,0.000,0.000,IDLE
2026-08-17T13:52:36.716837,37.8649406,32.4837645,1024.31,-0.0687,0.1571,-1.5192,272.0,0.07,0.000,0.000,IDLE
2026-08-17T13:52:37.716694,37.8649403,32.4837649,1024.31,-0.0746,0.1544,-1.5091,273.0,0.04,0.000,0.000,IDLE
2026-08-17T13:52:38.716861,37.8649400,32.4837653,1024.30,-0.0779,0.1534,-1.4913,274.0,0.07,0.000,0.000,IDLE
2026-08-17T13:52:39.719996,37.8649401,32.4837659,1024.35,-0.0672,0.1638,-1.4063,279.0,0.09,0.000,0.000,IDLE
2026-08-17T13:52:40.716693,37.8649401,32.4837677,1024.36,-0.0602,0.1606,-1.1400,294.0,0.18,0.000,0.000,IDLE
2026-08-17T13:52:41.716886,37.8649391,32.4837706,1024.34,-0.0554,0.1675,-0.8534,311.0,0.24,0.000,0.000,IDLE
2026-08-17T13:52:42.717010,37.8649379,32.4837732,1024.32,-0.0546,0.1847,-0.5883,326.0,0.29,0.000,0.000,IDLE
2026-08-17T13:52:43.716771,37.8649363,32.4837753,1024.36,-0.0528,0.1834,-0.2821,343.0,0.34,0.000,0.000,IDLE
2026-08-17T13:52:44.716811,37.8649348,32.4837762,1024.36,-0.0777,0.1489,0.0404,2.0,0.24,0.000,0.000,IDLE
2026-08-17T13:52:45.716763,37.8649324,32.4837772,1024.39,-0.0700,0.1433,0.4768,27.0,0.34,0.000,0.000,IDLE
2026-08-17T13:52:46.716848,37.8649298,32.4837760,1024.38,-0.0486,0.1167,0.8921,51.0,0.26,0.000,0.000,IDLE
2026-08-17T13:52:47.717029,37.8649294,32.4837779,1024.44,-0.0610,0.1135,1.1924,68.0,0.25,0.000,0.000,IDLE
2026-08-17T13:52:48.716945,37.8649282,32.4837809,1024.43,-0.0651,0.1256,1.5009,85.0,0.38,0.000,0.000,IDLE
2026-08-17T13:52:49.716795,37.8649271,32.4837865,1024.44,-0.0654,0.1424,1.4992,85.0,0.46,0.000,0.000,IDLE
2026-08-17T13:52:50.716825,37.8649257,32.4837915,1024.53,-0.0663,0.1492,1.5153,86.0,0.54,0.000,0.000,IDLE
2026-08-17T13:52:51.716763,37.8649231,32.4837963,1024.52,-0.0707,0.1642,1.6733,95.0,0.54,0.000,0.000,IDLE
2026-08-17T13:52:52.716902,37.8649207,32.4838015,1024.48,-0.0670,0.1731,1.7583,100.0,0.58,0.000,0.000,IDLE
2026-08-17T13:52:53.716725,37.8649181,32.4838070,1024.47,-0.0745,0.1633,1.7529,100.0,0.59,0.000,0.000,IDLE
2026-08-17T13:52:54.718314,37.8649160,32.4838128,1024.48,-0.0679,0.1696,1.7559,100.0,0.61,0.000,0.000,IDLE
2026-08-17T13:52:55.716728,37.8649139,32.4838182,1024.50,-0.0729,0.1735,1.7923,102.0,0.59,0.000,0.000,IDLE
2026-08-17T13:52:56.716771,37.8649119,32.4838236,1024.50,-0.0752,0.1314,1.8214,104.0,0.57,0.000,0.000,IDLE
2026-08-17T13:52:57.716658,37.8649099,32.4838277,1024.48,-0.0653,0.1601,1.8582,106.0,0.61,0.000,0.000,IDLE
2026-08-17T13:52:58.716713,37.8649084,32.4838354,1024.42,-0.0796,0.1714,1.7860,102.0,0.76,0.000,0.000,IDLE
2026-08-17T13:52:59.716756,37.8649052,32.4838472,1024.39,-0.0707,0.1070,1.8257,104.0,1.01,0.000,0.000,IDLE
2026-08-17T13:53:00.716746,37.8649028,32.4838543,1024.33,-0.0725,0.1010,1.8560,106.0,0.70,0.000,0.000,IDLE
2026-08-17T13:53:01.716746,37.8649008,32.4838596,1024.34,-0.0759,0.1518,1.8884,108.0,0.39,0.000,0.000,IDLE
2026-08-17T13:53:02.716783,37.8648991,32.4838641,1024.30,-0.0759,0.1494,1.9209,110.0,0.32,0.000,0.000,IDLE
2026-08-17T13:53:03.716746,37.8648977,32.4838678,1024.30,-0.0758,0.1247,1.9490,111.0,0.27,0.000,0.000,IDLE
2026-08-17T13:53:04.717368,37.8648960,32.4838716,1024.32,-0.0734,0.1383,1.9667,112.0,0.42,0.000,0.000,IDLE
2026-08-17T13:53:05.717422,37.8648935,32.4838799,1024.28,-0.0762,0.1145,1.9522,111.0,0.61,0.000,0.000,IDLE
2026-08-17T13:53:06.716674,37.8648912,32.4838864,1024.32,-0.0753,0.1310,1.9879,113.0,0.52,0.000,0.000,IDLE
2026-08-17T13:53:07.716937,37.8648896,32.4838910,1024.32,-0.0739,0.1349,2.0240,115.0,0.42,0.000,0.000,IDLE
2026-08-17T13:53:08.716999,37.8648879,32.4838950,1024.37,-0.0696,0.1370,2.0561,117.0,0.37,0.000,0.000,IDLE
2026-08-17T13:53:09.716918,37.8648867,32.4838995,1024.32,-0.0754,0.1820,2.0979,120.0,0.37,0.000,0.000,IDLE
2026-08-17T13:53:10.716908,37.8648883,32.4839035,1024.29,-0.0636,0.1537,1.8959,108.0,0.41,0.000,0.000,IDLE
2026-08-17T13:53:11.717118,37.8648890,32.4839057,1024.23,-0.0600,0.1565,1.5538,89.0,0.34,0.000,0.000,IDLE
2026-08-17T13:53:12.716837,37.8648890,32.4839087,1024.24,-0.0698,0.1615,1.3031,74.0,0.35,0.000,0.000,IDLE
2026-08-17T13:53:13.716933,37.8648895,32.4839127,1024.27,-0.0672,0.1781,1.1293,64.0,0.31,0.000,0.000,IDLE
2026-08-17T13:53:14.716929,37.8648909,32.4839151,1024.24,-0.0742,0.1426,0.8210,47.0,0.22,0.000,0.000,IDLE
2026-08-17T13:53:15.716782,37.8648917,32.4839156,1024.23,-0.0815,0.1516,0.4185,23.0,0.15,0.000,0.000,IDLE
2026-08-17T13:53:16.717186,37.8648921,32.4839166,1024.27,-0.0881,0.1558,0.0407,2.0,0.10,0.000,0.000,IDLE
2026-08-17T13:53:17.717011,37.8648920,32.4839182,1024.27,-0.0846,0.1458,-0.3482,340.0,0.01,0.000,0.000,IDLE
2026-08-17T13:53:18.716874,37.8648921,32.4839201,1024.31,-0.0631,0.1709,-0.6954,320.0,0.17,0.000,0.000,IDLE
2026-08-17T13:53:19.716743,37.8648916,32.4839238,1024.34,-0.0773,0.1590,-0.9441,305.0,0.27,0.000,0.000,IDLE
2026-08-17T13:53:20.716716,37.8648912,32.4839273,1024.29,-0.0616,0.1691,-1.0671,298.0,0.22,0.000,0.000,IDLE
2026-08-17T13:53:21.716846,37.8648907,32.4839310,1024.28,-0.0795,0.1525,-1.1811,292.0,0.19,0.000,0.000,IDLE
2026-08-17T13:53:22.716674,37.8648907,32.4839344,1024.29,-0.0723,0.1523,-1.3128,284.0,0.17,0.000,0.000,IDLE
2026-08-17T13:53:23.716728,37.8648914,32.4839371,1024.29,-0.0818,0.1405,-1.3689,281.0,0.11,0.000,0.000,IDLE
2026-08-17T13:53:24.716830,37.8648925,32.4839371,1024.29,-0.0795,0.1469,-1.2703,287.0,0.15,0.000,0.000,IDLE
2026-08-17T13:53:25.716669,37.8648933,32.4839367,1024.34,-0.0869,0.1606,-1.1709,292.0,0.10,0.000,0.000,IDLE
2026-08-17T13:53:26.716793,37.8648934,32.4839376,1024.37,-0.0761,0.1555,-1.1072,296.0,0.05,0.000,0.000,IDLE
2026-08-17T13:53:27.716778,37.8648931,32.4839381,1024.32,-0.0907,0.1602,-1.1137,296.0,0.10,0.000,0.000,IDLE
2026-08-17T13:53:28.718817,37.8648931,32.4839395,1024.31,-0.0758,0.1405,-1.2878,286.0,0.08,0.000,0.000,IDLE
2026-08-17T13:53:29.716712,37.8648932,32.4839405,1024.29,-0.0732,0.1280,-1.4288,278.0,0.05,0.000,0.000,IDLE
2026-08-17T13:53:30.716902,37.8648935,32.4839409,1024.35,-0.0752,0.1272,-1.5132,273.0,0.04,0.000,0.000,IDLE
2026-08-17T13:53:31.716818,37.8648934,32.4839408,1024.34,-0.0695,0.1344,-1.5351,272.0,0.08,0.000,0.000,IDLE
2026-08-17T13:53:32.717120,37.8648936,32.4839404,1024.29,-0.0691,0.1390,-1.5201,272.0,0.06,0.000,0.000,IDLE
2026-08-17T13:53:33.717186,37.8648930,32.4839403,1024.28,-0.0722,0.1403,-1.5311,272.0,0.03,0.000,0.000,IDLE
2026-08-17T13:53:34.716703,37.8648918,32.4839402,1024.29,-0.0750,0.1441,-1.5608,270.0,0.05,0.000,0.000,IDLE
2026-08-17T13:53:35.716836,37.8648917,32.4839399,1024.31,-0.0726,0.1431,-1.6016,268.0,0.03,0.000,0.000,IDLE
2026-08-17T13:53:36.716687,37.8648914,32.4839402,1024.24,-0.0726,0.1415,-1.6394,266.0,0.02,0.000,0.000,IDLE
2026-08-17T13:53:37.716727,37.8648912,32.4839415,1024.24,-0.0720,0.1413,-1.6573,265.0,0.06,0.000,0.000,IDLE
2026-08-17T13:53:38.716755,37.8648915,32.4839418,1024.18,-0.0722,0.1407,-1.6636,264.0,0.06,0.000,0.000,IDLE
2026-08-17T13:53:39.716763,37.8648921,32.4839424,1024.21,-0.0706,0.1424,-1.6635,264.0,0.08,0.000,0.000,IDLE
2026-08-17T13:53:40.716986,37.8648924,32.4839428,1024.23,-0.0695,0.1431,-1.6569,265.0,0.09,0.000,0.000,IDLE
2026-08-17T13:53:41.716742,37.8648931,32.4839433,1024.30,-0.0701,0.1439,-1.6460,265.0,0.10,0.000,0.000,IDLE
2026-08-17T13:53:42.716714,37.8648936,32.4839436,1024.34,-0.0721,0.1438,-1.6308,266.0,0.10,0.000,0.000,IDLE
2026-08-17T13:53:43.717518,37.8648943,32.4839433,1024.33,-0.0745,0.1427,-1.6137,267.0,0.11,0.000,0.000,IDLE
2026-08-17T13:53:44.716880,37.8648946,32.4839437,1024.31,-0.0703,0.1420,-1.5954,268.0,0.11,0.000,0.000,IDLE
2026-08-17T13:53:45.716746,37.8648950,32.4839438,1024.32,-0.0691,0.1392,-1.5774,269.0,0.10,0.000,0.000,IDLE
2026-08-17T13:53:46.717066,37.8648960,32.4839438,1024.29,-0.0668,0.1383,-1.5589,270.0,0.13,0.000,0.000,IDLE
2026-08-17T13:53:47.716719,37.8648968,32.4839436,1024.25,-0.0687,0.1383,-1.5445,271.0,0.13,0.000,0.000,IDLE
2026-08-17T13:53:48.716739,37.8648969,32.4839439,1024.21,-0.0723,0.1414,-1.5319,272.0,0.11,0.000,0.000,IDLE
2026-08-17T13:53:49.717046,37.8648982,32.4839441,1024.22,-0.0722,0.1440,-1.5216,272.0,0.15,0.000,0.000,IDLE
2026-08-17T13:53:50.716724,37.8648991,32.4839441,1024.25,-0.0671,0.1412,-1.5107,273.0,0.16,0.000,0.000,IDLE
2026-08-17T13:53:51.716968,37.8648999,32.4839444,1024.27,-0.0681,0.1394,-1.4997,274.0,0.16,0.000,0.000,IDLE
2026-08-17T13:53:52.720675,37.8649007,32.4839445,1024.34,-0.0672,0.1400,-1.4918,274.0,0.16,0.000,0.000,IDLE
2026-08-17T13:53:53.717048,37.8649007,32.4839447,1024.35,-0.0988,0.1235,-1.5050,273.0,0.05,0.000,0.000,IDLE
2026-08-17T13:53:54.716712,37.8649006,32.4839449,1024.32,-0.0698,0.1264,-1.5909,268.0,0.08,0.000,0.000,IDLE
2026-08-17T13:53:55.716731,37.8649000,32.4839460,1024.30,-0.0750,0.1165,-1.5508,271.0,0.11,0.000,0.000,IDLE
2026-08-17T13:53:56.716857,37.8648993,32.4839463,1024.32,-0.0758,0.1290,-1.5098,273.0,0.07,0.000,0.000,IDLE
2026-08-17T13:53:57.716756,37.8648994,32.4839464,1024.33,-0.0613,0.1396,-1.4306,278.0,0.04,0.000,0.000,IDLE
2026-08-17T13:53:58.718282,37.8648996,32.4839467,1024.31,-0.0645,0.1393,-1.3262,284.0,0.05,0.000,0.000,IDLE
2026-08-17T13:53:59.716721,37.8648999,32.4839468,1024.31,-0.0685,0.1357,-1.2724,287.0,0.05,0.000,0.000,IDLE
2026-08-17T13:54:00.716755,37.8649001,32.4839471,1024.30,-0.0686,0.1328,-1.2584,287.0,0.06,0.000,0.000,IDLE
2026-08-17T13:54:01.720980,37.8648997,32.4839481,1024.31,-0.0691,0.1297,-1.2041,291.0,0.08,0.000,0.000,IDLE
2026-08-17T13:54:02.716747,37.8648981,32.4839496,1024.30,-0.0658,0.1281,-1.1208,295.0,0.13,0.000,0.000,IDLE
2026-08-17T13:54:03.716744,37.8648978,32.4839496,1024.25,-0.0699,0.1268,-1.0574,299.0,0.06,0.000,0.000,IDLE
2026-08-17T13:54:04.716705,37.8648982,32.4839495,1024.28,-0.0680,0.1285,-1.0182,301.0,0.03,0.000,0.000,IDLE
2026-08-17T13:54:05.716680,37.8648989,32.4839497,1024.35,-0.0695,0.1320,-1.0107,302.0,0.07,0.000,0.000,IDLE
2026-08-17T13:54:06.716734,37.8648990,32.4839502,1024.36,-0.0994,0.1615,-0.9795,303.0,0.06,0.000,0.000,IDLE
2026-08-17T13:54:07.716816,37.8648993,32.4839499,1024.30,-0.0835,0.0964,-0.9150,307.0,0.04,0.000,0.000,IDLE
2026-08-17T13:54:08.717076,37.8648993,32.4839500,1024.38,-0.1060,0.2126,-0.8661,310.0,0.08,0.000,0.000,IDLE
2026-08-17T13:54:09.716768,37.8648992,32.4839497,1024.35,-0.0831,0.1660,-0.8649,310.0,0.05,0.000,0.000,IDLE
2026-08-17T13:54:10.717064,37.8648997,32.4839494,1024.36,-0.0859,0.1934,-0.9545,305.0,0.16,0.000,0.000,IDLE
2026-08-17T13:54:11.716719,37.8649015,32.4839490,1024.30,-0.0776,0.1357,-1.0159,301.0,0.13,0.000,0.000,IDLE
2026-08-17T13:54:12.716835,37.8649018,32.4839493,1024.35,-0.0908,0.1528,-0.9607,304.0,0.06,0.000,0.000,IDLE
2026-08-17T13:54:13.716725,37.8649005,32.4839498,1024.36,-0.0859,0.2149,-1.0436,300.0,0.05,0.000,0.000,IDLE
2026-08-17T13:54:14.716671,37.8649011,32.4839499,1024.36,-0.0581,0.1451,-0.9847,303.0,0.04,0.000,0.000,IDLE
2026-08-17T13:54:15.716929,37.8649011,32.4839496,1024.44,-0.0843,0.1221,-0.9577,305.0,0.08,0.000,0.000,IDLE
2026-08-17T13:54:16.716856,37.8648992,32.4839495,1024.44,-0.0943,0.1206,-1.1451,294.0,0.27,0.000,0.000,IDLE
2026-08-17T13:54:17.716789,37.8648991,32.4839478,1024.49,-0.0775,0.1283,-1.4115,279.0,0.15,0.000,0.000,IDLE
2026-08-17T13:54:18.716724,37.8648992,32.4839467,1024.50,-0.0916,0.1291,-1.5931,268.0,0.09,0.000,0.000,IDLE
2026-08-17T13:54:19.717295,37.8648993,32.4839455,1024.44,-0.0723,0.1251,-1.7801,258.0,0.11,0.000,0.000,IDLE
2026-08-17T13:54:20.716733,37.8648996,32.4839450,1024.45,-0.0701,0.1319,-1.8552,253.0,0.11,0.000,0.000,IDLE
2026-08-17T13:54:21.716711,37.8648996,32.4839444,1024.44,-0.0737,0.1343,-1.9295,249.0,0.09,0.000,0.000,IDLE
2026-08-17T13:54:22.716756,37.8648997,32.4839440,1024.41,-0.1012,0.1452,-1.9792,246.0,0.09,0.000,0.000,IDLE
2026-08-17T13:54:23.716954,37.8648985,32.4839441,1024.38,-0.0881,0.1461,-1.9809,246.0,0.19,0.000,0.000,IDLE
2026-08-17T13:54:24.716764,37.8648973,32.4839446,1024.37,-0.0901,0.1523,-1.9624,247.0,0.12,0.000,0.000,IDLE
2026-08-17T13:54:25.717181,37.8648976,32.4839449,1024.31,-0.0800,0.1414,-1.8996,251.0,0.04,0.000,0.000,IDLE
2026-08-17T13:54:26.716733,37.8648972,32.4839459,1024.32,-0.0876,0.1450,-1.8725,252.0,0.09,0.000,0.000,IDLE
2026-08-17T13:54:27.716717,37.8648969,32.4839469,1024.35,-0.0838,0.1550,-1.8080,256.0,0.06,0.000,0.000,IDLE
2026-08-17T13:54:28.720313,37.8648960,32.4839481,1024.35,-0.0737,0.1528,-1.7163,261.0,0.11,0.000,0.000,IDLE
2026-08-17T13:54:29.716724,37.8648958,32.4839480,1024.37,-0.0749,0.1500,-1.6787,263.0,0.10,0.000,0.000,IDLE
2026-08-17T13:54:30.716715,37.8648953,32.4839478,1024.41,-0.0754,0.1441,-1.6656,264.0,0.09,0.000,0.000,IDLE
2026-08-17T13:54:31.717115,37.8648946,32.4839473,1024.36,-0.0743,0.1404,-1.6681,264.0,0.07,0.000,0.000,IDLE
2026-08-17T13:54:32.716724,37.8648945,32.4839470,1024.29,-0.0724,0.1401,-1.6744,264.0,0.03,0.000,0.000,IDLE
2026-08-17T13:54:33.716998,37.8648947,32.4839473,1024.30,-0.0710,0.1415,-1.6674,264.0,0.03,0.000,0.000,IDLE
2026-08-17T13:54:34.716727,37.8648946,32.4839475,1024.30,-0.0717,0.1425,-1.6652,264.0,0.03,0.000,0.000,IDLE
2026-08-17T13:54:35.716720,37.8648940,32.4839474,1024.28,-0.0713,0.1418,-1.6738,264.0,0.03,0.000,0.000,IDLE
2026-08-17T13:54:36.716801,37.8648940,32.4839476,1024.29,-0.0719,0.1411,-1.6819,263.0,0.03,0.000,0.000,IDLE
2026-08-17T13:54:37.716821,37.8648939,32.4839482,1024.32,-0.0717,0.1375,-1.6906,263.0,0.03,0.000,0.000,IDLE
2026-08-17T13:54:38.717197,37.8648940,32.4839480,1024.33,-0.0708,0.1432,-1.6812,263.0,0.03,0.000,0.000,IDLE
2026-08-17T13:54:39.716736,37.8648943,32.4839473,1024.40,-0.0705,0.1448,-1.6746,264.0,0.03,0.000,0.000,IDLE
2026-08-17T13:54:40.716994,37.8648943,32.4839467,1024.41,-0.0696,0.1457,-1.6710,264.0,0.04,0.000,0.000,IDLE
2026-08-17T13:54:41.716779,37.8648946,32.4839459,1024.45,-0.0685,0.1450,-1.6668,264.0,0.06,0.000,0.000,IDLE
2026-08-17T13:54:42.716795,37.8648949,32.4839457,1024.46,-0.0676,0.1435,-1.6621,264.0,0.06,0.000,0.000,IDLE
2026-08-17T13:54:43.716739,37.8648956,32.4839452,1024.41,-0.0663,0.1458,-1.6958,262.0,0.07,0.000,0.000,IDLE
2026-08-17T13:54:44.716709,37.8648960,32.4839452,1024.42,-0.0690,0.1420,-1.7454,260.0,0.06,0.000,0.000,IDLE
2026-08-17T13:54:45.717178,37.8648961,32.4839456,1024.39,-0.0689,0.1427,-1.7990,256.0,0.04,0.000,0.000,WAYPOINT
2026-08-17T13:54:46.716709,37.8648959,32.4839461,1024.43,-0.0726,0.1437,-1.8532,253.0,0.03,0.000,0.000,WAYPOINT
2026-08-17T13:54:47.716729,37.8648956,32.4839470,1024.46,-0.0728,0.1449,-1.9055,250.0,0.05,0.000,0.900,WAYPOINT
2026-08-17T13:54:48.716795,37.8648949,32.4839481,1024.40,-0.0738,0.1449,-1.9564,247.0,0.09,0.000,0.900,WAYPOINT
2026-08-17T13:54:49.716801,37.8648945,32.4839488,1024.36,-0.0742,0.1419,-1.9818,246.0,0.08,0.000,0.900,WAYPOINT
2026-08-17T13:54:50.716720,37.8648947,32.4839494,1024.29,-0.0741,0.1430,-1.9993,245.0,0.09,0.000,0.900,WAYPOINT
2026-08-17T13:54:51.716717,37.8648949,32.4839494,1024.31,-0.0737,0.1427,-2.0207,244.0,0.08,0.000,0.900,WAYPOINT
2026-08-17T13:54:52.716682,37.8648946,32.4839498,1024.27,-0.0731,0.1421,-2.0475,242.0,0.07,0.000,-0.900,WAYPOINT
2026-08-17T13:54:53.716730,37.8648948,32.4839510,1024.24,-0.0790,0.1488,-2.0283,243.0,0.06,0.000,-0.900,WAYPOINT
2026-08-17T13:54:54.717107,37.8648955,32.4839518,1024.22,-0.0662,0.1195,-1.8788,252.0,0.17,0.000,0.900,WAYPOINT
2026-08-17T13:54:55.716922,37.8648954,32.4839544,1024.26,-0.0761,0.1354,-2.0415,243.0,0.39,0.000,-0.900,WAYPOINT
2026-08-17T13:54:56.717005,37.8648964,32.4839559,1024.28,-0.0707,0.1557,-2.0453,242.0,0.25,0.000,-0.900,WAYPOINT
2026-08-17T13:54:57.716700,37.8648976,32.4839578,1024.24,-0.0637,0.1436,-1.7067,262.0,0.21,0.000,0.900,WAYPOINT
2026-08-17T13:54:58.717173,37.8648969,32.4839610,1024.24,-0.0771,0.1316,-1.7327,260.0,0.33,0.000,0.900,WAYPOINT
2026-08-17T13:54:59.716693,37.8648958,32.4839621,1024.23,-0.0914,0.1158,-2.0823,240.0,0.20,0.000,-0.900,WAYPOINT
2026-08-17T13:55:00.716904,37.8648962,32.4839590,1024.27,-0.0751,0.1638,-2.0634,241.0,0.22,0.000,-0.900,WAYPOINT
2026-08-17T13:55:01.716863,37.8648974,32.4839580,1024.28,-0.0768,0.1617,-1.8193,255.0,0.08,0.000,0.900,WAYPOINT
2026-08-17T13:55:02.716908,37.8648963,32.4839584,1024.29,-0.0784,0.1036,-1.8986,251.0,0.19,0.000,0.900,WAYPOINT
2026-08-17T13:55:03.717067,37.8648962,32.4839554,1024.32,-0.0643,0.1681,-1.9943,245.0,0.21,0.000,-0.900,WAYPOINT
2026-08-17T13:55:04.717318,37.8648966,32.4839528,1024.30,-0.0719,0.1539,-1.8218,255.0,0.29,0.000,0.900,WAYPOINT
2026-08-17T13:55:05.717084,37.8648963,32.4839525,1024.29,-0.0641,0.1269,-1.8158,255.0,0.08,0.000,0.900,WAYPOINT
2026-08-17T13:55:06.716809,37.8648964,32.4839521,1024.29,-0.0755,0.1536,-1.9128,250.0,0.03,0.000,-0.900,WAYPOINT
2026-08-17T13:55:07.717036,37.8648965,32.4839514,1024.31,-0.0813,0.2010,-1.8217,255.0,0.06,0.000,0.000,WAYPOINT
2026-08-17T13:55:08.716768,37.8648957,32.4839487,1024.35,-0.0683,0.1521,-1.7261,261.0,0.31,0.000,0.000,WAYPOINT
2026-08-17T13:55:09.716938,37.8648953,32.4839426,1024.39,-0.0723,0.1437,-1.6938,262.0,0.53,0.000,0.000,WAYPOINT
2026-08-17T13:55:10.716702,37.8648953,32.4839361,1024.43,-0.0672,0.1340,-1.6979,262.0,0.58,0.000,0.000,WAYPOINT
2026-08-17T13:55:11.717003,37.8648962,32.4839299,1024.46,-0.0695,0.1325,-1.6931,263.0,0.55,0.000,0.000,WAYPOINT
2026-08-17T13:55:12.716740,37.8648965,32.4839239,1024.46,-0.0687,0.1347,-1.7135,261.0,0.52,0.000,0.000,WAYPOINT
2026-08-17T13:55:13.716769,37.8648967,32.4839179,1024.46,-0.0691,0.1356,-1.7501,259.0,0.49,0.000,0.000,WAYPOINT
2026-08-17T13:55:14.716887,37.8648967,32.4839119,1024.45,-0.0689,0.1356,-1.7908,257.0,0.49,0.000,0.000,WAYPOINT
2026-08-17T13:55:15.716868,37.8648966,32.4839055,1024.41,-0.0696,0.1317,-1.8417,254.0,0.50,0.000,0.000,WAYPOINT
2026-08-17T13:55:16.716916,37.8648955,32.4839002,1024.40,-0.0713,0.1385,-1.8896,251.0,0.45,0.000,0.000,WAYPOINT
2026-08-17T13:55:17.717300,37.8648944,32.4838947,1024.40,-0.0720,0.1379,-1.9159,250.0,0.44,0.000,0.000,WAYPOINT
2026-08-17T13:55:18.716882,37.8648935,32.4838895,1024.41,-0.0729,0.1362,-1.9300,249.0,0.43,0.000,0.000,WAYPOINT
2026-08-17T13:55:19.716689,37.8648925,32.4838848,1024.43,-0.0722,0.1352,-1.9436,248.0,0.42,0.000,0.000,WAYPOINT
2026-08-17T13:55:20.717172,37.8648913,32.4838804,1024.44,-0.0729,0.1406,-1.9350,249.0,0.40,0.000,0.000,WAYPOINT
2026-08-17T13:55:21.716664,37.8648902,32.4838751,1024.43,-0.0736,0.1415,-1.8895,251.0,0.42,0.000,0.000,WAYPOINT
2026-08-17T13:55:22.717068,37.8648891,32.4838687,1024.41,-0.0726,0.1317,-1.8476,254.0,0.47,0.000,0.000,WAYPOINT
2026-08-17T13:55:23.716796,37.8648884,32.4838635,1024.40,-0.0728,0.1348,-1.8044,256.0,0.45,0.000,0.000,WAYPOINT
2026-08-17T13:55:24.716789,37.8648876,32.4838584,1024.37,-0.0732,0.1388,-1.7682,258.0,0.44,0.000,0.000,WAYPOINT
2026-08-17T13:55:25.716988,37.8648876,32.4838532,1024.35,-0.0720,0.1372,-1.7273,261.0,0.44,0.000,0.000,WAYPOINT
2026-08-17T13:55:26.717293,37.8648873,32.4838474,1024.36,-0.0735,0.1351,-1.6740,264.0,0.48,0.000,0.000,WAYPOINT
2026-08-17T13:55:27.717282,37.8648883,32.4838413,1024.34,-0.0730,0.1262,-1.4618,276.0,0.48,0.000,0.000,WAYPOINT
2026-08-17T13:55:28.716754,37.8648897,32.4838364,1024.35,-0.0714,0.1313,-1.3067,285.0,0.49,0.000,0.000,WAYPOINT
2026-08-17T13:55:29.717054,37.8648915,32.4838320,1024.38,-0.0709,0.1345,-1.1873,291.0,0.50,0.000,0.000,WAYPOINT
2026-08-17T13:55:30.716671,37.8648941,32.4838275,1024.40,-0.0698,0.1351,-1.0973,297.0,0.51,0.000,0.000,WAYPOINT
2026-08-17T13:55:31.716989,37.8648970,32.4838227,1024.42,-0.0701,0.1388,-1.0366,300.0,0.51,0.000,0.000,WAYPOINT
2026-08-17T13:55:32.717026,37.8648998,32.4838186,1024.42,-0.0701,0.1339,-0.9901,303.0,0.52,0.000,0.000,WAYPOINT
2026-08-17T13:55:33.717078,37.8649026,32.4838147,1024.44,-0.0702,0.1368,-0.9515,305.0,0.50,0.000,0.000,WAYPOINT
2026-08-17T13:55:34.717120,37.8649056,32.4838106,1024.48,-0.0710,0.1427,-0.9263,306.0,0.48,0.000,0.000,WAYPOINT
2026-08-17T13:55:35.717652,37.8649086,32.4838068,1024.54,-0.0708,0.1368,-0.9169,307.0,0.48,0.000,0.000,WAYPOINT
2026-08-17T13:55:36.720231,37.8649119,32.4838030,1024.58,-0.0718,0.1299,-0.9287,306.0,0.51,0.000,0.000,WAYPOINT
2026-08-17T13:55:37.716919,37.8649155,32.4837994,1024.62,-0.0723,0.1407,-0.9543,305.0,0.49,0.000,0.000,WAYPOINT
2026-08-17T13:55:38.716744,37.8649187,32.4837954,1024.65,-0.0725,0.1423,-0.9781,303.0,0.48,0.000,0.000,WAYPOINT
2026-08-17T13:55:39.716886,37.8649213,32.4837909,1024.65,-0.0711,0.1292,-0.9878,303.0,0.50,0.000,0.000,WAYPOINT
2026-08-17T13:55:40.721899,37.8649241,32.4837869,1024.68,-0.0735,0.1379,-0.9798,303.0,0.48,0.000,0.000,WAYPOINT
2026-08-17T13:55:41.716732,37.8649269,32.4837827,1024.70,-0.0745,0.1404,-0.9711,304.0,0.48,0.000,0.000,WAYPOINT
2026-08-17T13:55:42.717083,37.8649296,32.4837788,1024.70,-0.0733,0.1326,-0.9758,304.0,0.48,0.000,0.000,WAYPOINT
2026-08-17T13:55:43.717454,37.8649325,32.4837747,1024.69,-0.0728,0.1329,-0.9875,303.0,0.46,0.000,0.000,WAYPOINT
2026-08-17T13:55:44.717370,37.8649352,32.4837716,1024.69,-0.0700,0.1174,-1.0259,301.0,0.24,0.000,0.000,WAYPOINT
2026-08-17T13:55:45.716710,37.8649361,32.4837710,1024.71,-0.0767,0.1535,-1.0642,299.0,0.07,0.000,0.000,WAYPOINT
2026-08-17T13:55:46.716969,37.8649368,32.4837701,1024.69,-0.0799,0.1411,-1.0490,299.0,0.06,0.000,0.000,WAYPOINT
2026-08-17T13:55:47.716730,37.8649375,32.4837697,1024.69,-0.0769,0.1422,-1.0438,300.0,0.04,0.000,0.000,WAYPOINT
2026-08-17T13:55:48.716847,37.8649372,32.4837696,1024.70,-0.0771,0.1367,-1.0333,300.0,0.02,0.000,0.000,WAYPOINT
2026-08-17T13:55:49.719777,37.8649374,32.4837697,1024.67,-0.0712,0.1405,-1.0371,300.0,0.00,0.000,0.000,WAYPOINT
2026-08-17T13:55:50.716957,37.8649379,32.4837697,1024.66,-0.0699,0.1479,-1.0337,300.0,0.02,0.000,0.000,WAYPOINT
2026-08-17T13:55:51.716682,37.8649384,32.4837694,1024.62,-0.0775,0.1495,-1.0263,301.0,0.02,0.000,0.000,WAYPOINT
2026-08-17T13:55:52.716732,37.8649387,32.4837695,1024.64,-0.0672,0.1466,-1.0351,300.0,0.01,0.000,0.000,WAYPOINT
2026-08-17T13:55:53.717249,37.8649381,32.4837697,1024.64,-0.0778,0.1411,-1.0266,301.0,0.05,0.000,0.000,WAYPOINT
2026-08-17T13:55:54.716710,37.8649374,32.4837697,1024.63,-0.0733,0.1363,-1.0317,300.0,0.05,0.000,0.000,WAYPOINT
2026-08-17T13:55:55.716880,37.8649372,32.4837698,1024.63,-0.0712,0.1349,-1.0302,300.0,0.07,0.000,0.000,WAYPOINT
2026-08-17T13:55:56.717070,37.8649371,32.4837704,1024.62,-0.0767,0.1449,-1.0259,301.0,0.05,0.000,0.000,WAYPOINT
2026-08-17T13:55:57.716738,37.8649368,32.4837707,1024.61,-0.0685,0.1448,-1.0283,301.0,0.05,0.000,0.000,WAYPOINT
2026-08-17T13:55:58.719210,37.8649364,32.4837713,1024.61,-0.0733,0.1409,-1.0237,301.0,0.06,0.000,0.000,WAYPOINT
2026-08-17T13:55:59.716733,37.8649359,32.4837725,1024.62,-0.0751,0.1440,-1.0249,301.0,0.08,0.000,0.000,WAYPOINT
2026-08-17T13:56:00.716738,37.8649349,32.4837734,1024.62,-0.0700,0.1457,-1.0300,300.0,0.08,0.000,0.000,WAYPOINT
2026-08-17T13:56:01.716842,37.8649344,32.4837746,1024.62,-0.0765,0.1477,-1.0219,301.0,0.11,0.000,0.000,WAYPOINT
2026-08-17T13:56:02.716711,37.8649342,32.4837756,1024.62,-0.0734,0.1459,-1.0276,301.0,0.11,0.000,0.000,WAYPOINT
2026-08-17T13:56:03.716890,37.8649337,32.4837765,1024.63,-0.0700,0.1449,-1.0287,301.0,0.11,0.000,0.000,WAYPOINT
2026-08-17T13:56:04.716731,37.8649336,32.4837772,1024.63,-0.0756,0.1386,-1.0216,301.0,0.10,0.000,0.000,WAYPOINT
2026-08-17T13:56:05.717029,37.8649328,32.4837785,1024.64,-0.0703,0.1367,-1.0283,301.0,0.12,0.000,0.000,WAYPOINT
2026-08-17T13:56:06.717073,37.8649320,32.4837796,1024.62,-0.0709,0.1384,-1.0274,301.0,0.12,0.000,0.000,WAYPOINT
2026-08-17T13:56:07.717118,37.8649308,32.4837810,1024.61,-0.0748,0.1406,-1.0208,301.0,0.14,0.000,0.000,WAYPOINT
2026-08-17T13:56:08.717109,37.8649294,32.4837824,1024.59,-0.0688,0.1445,-1.0278,301.0,0.17,0.000,0.000,WAYPOINT
2026-08-17T13:56:09.716750,37.8649282,32.4837839,1024.61,-0.0735,0.1473,-1.0254,301.0,0.19,0.000,0.000,WAYPOINT
2026-08-17T13:56:10.716795,37.8649274,32.4837850,1024.63,-0.0746,0.1434,-1.0236,301.0,0.17,0.000,0.000,WAYPOINT
2026-08-17T13:56:11.716879,37.8649265,32.4837864,1024.66,-0.0684,0.1438,-1.0285,301.0,0.17,0.000,0.000,WAYPOINT
2026-08-17T13:56:12.716790,37.8649258,32.4837878,1024.67,-0.0736,0.1436,-1.0243,301.0,0.17,0.000,0.000,WAYPOINT
2026-08-17T13:56:13.716812,37.8649253,32.4837892,1024.67,-0.0728,0.1392,-1.0240,301.0,0.14,0.000,0.000,WAYPOINT
2026-08-17T13:56:14.716749,37.8649244,32.4837904,1024.67,-0.0707,0.1405,-0.9859,303.0,0.13,0.000,0.000,WAYPOINT
2026-08-17T13:56:15.716990,37.8649246,32.4837907,1024.68,-0.0704,0.1374,-0.9223,307.0,0.01,0.000,0.000,WAYPOINT
2026-08-17T13:56:16.716718,37.8649251,32.4837906,1024.67,-0.0707,0.1478,-0.9617,304.0,0.07,0.000,0.000,WAYPOINT
2026-08-17T13:56:17.716781,37.8649258,32.4837906,1024.67,-0.0689,0.1567,-0.9804,303.0,0.07,0.000,0.000,WAYPOINT
2026-08-17T13:56:18.716720,37.8649257,32.4837908,1024.63,-0.0728,0.1523,-0.9914,303.0,0.05,0.000,0.000,WAYPOINT
2026-08-17T13:56:19.716956,37.8649255,32.4837911,1024.51,-0.0708,0.1452,-0.9950,302.0,0.03,0.000,0.000,WAYPOINT
2026-08-17T13:56:20.716732,37.8649255,32.4837911,1024.42,-0.0734,0.1401,-0.9964,302.0,0.02,0.000,0.000,WAYPOINT
2026-08-17T13:56:21.716870,37.8649259,32.4837911,1024.40,-0.0713,0.1390,-0.9946,303.0,0.03,0.000,0.000,WAYPOINT
2026-08-17T13:56:22.716801,37.8649260,32.4837912,1024.31,-0.0733,0.1414,-0.9911,303.0,0.02,0.000,0.000,WAYPOINT
2026-08-17T13:56:23.716740,37.8649256,32.4837914,1024.34,-0.0733,0.1429,-0.9883,303.0,0.01,0.000,0.000,WAYPOINT
2026-08-17T13:56:24.716732,37.8649258,32.4837916,1024.34,-0.0731,0.1428,-0.9860,303.0,0.01,0.000,0.000,WAYPOINT
2026-08-17T13:56:25.716679,37.8649253,32.4837918,1024.34,-0.0718,0.1433,-0.9856,303.0,0.03,0.000,0.000,WAYPOINT
2026-08-17T13:56:26.716939,37.8649251,32.4837916,1024.30,-0.0723,0.1438,-0.9881,303.0,0.03,0.000,0.000,WAYPOINT
2026-08-17T13:56:27.716744,37.8649247,32.4837915,1024.33,-0.0738,0.1440,-0.9944,303.0,0.04,0.000,0.000,WAYPOINT
2026-08-17T13:56:28.716753,37.8649247,32.4837916,1024.34,-0.0727,0.1442,-1.0052,302.0,0.03,0.000,0.000,WAYPOINT
2026-08-17T13:56:29.716753,37.8649237,32.4837920,1024.38,-0.0729,0.1455,-1.0186,301.0,0.06,0.000,0.000,WAYPOINT
2026-08-17T13:56:30.716888,37.8649229,32.4837925,1024.42,-0.0739,0.1442,-1.0356,300.0,0.08,0.000,0.000,WAYPOINT
2026-08-17T13:56:31.716698,37.8649217,32.4837929,1024.44,-0.0727,0.1441,-1.0525,299.0,0.11,0.000,0.000,WAYPOINT
2026-08-17T13:56:32.716928,37.8649218,32.4837930,1024.42,-0.0727,0.1411,-1.0720,298.0,0.07,0.000,0.000,WAYPOINT
2026-08-17T13:56:33.716819,37.8649221,32.4837929,1024.44,-0.0709,0.1401,-1.0916,297.0,0.03,0.000,0.000,WAYPOINT
2026-08-17T13:56:34.716743,37.8649217,32.4837930,1024.46,-0.0722,0.1414,-1.1116,296.0,0.04,0.000,0.000,WAYPOINT
2026-08-17T13:56:35.716754,37.8649210,32.4837932,1024.48,-0.0711,0.1421,-1.1334,295.0,0.05,0.000,0.000,WAYPOINT
2026-08-17T13:56:36.716797,37.8649203,32.4837933,1024.47,-0.0734,0.1421,-1.1598,293.0,0.07,0.000,0.000,WAYPOINT
2026-08-17T13:56:37.716778,37.8649195,32.4837933,1024.48,-0.0727,0.1403,-1.1923,291.0,0.08,0.000,0.000,WAYPOINT
2026-08-17T13:56:38.716734,37.8649194,32.4837929,1024.45,-0.0727,0.1396,-1.2313,289.0,0.06,0.000,0.000,WAYPOINT
2026-08-17T13:56:39.716948,37.8649193,32.4837930,1024.43,-0.0731,0.1415,-1.2724,287.0,0.05,0.000,0.000,WAYPOINT
2026-08-17T13:56:40.716840,37.8649193,32.4837926,1024.44,-0.0732,0.1459,-1.3159,284.0,0.05,0.000,0.000,WAYPOINT
2026-08-17T13:56:41.716786,37.8649179,32.4837922,1024.43,-0.0737,0.1469,-1.3579,282.0,0.10,0.000,0.000,WAYPOINT
2026-08-17T13:56:42.716710,37.8649176,32.4837921,1024.45,-0.0732,0.1448,-1.3993,279.0,0.09,0.000,0.000,WAYPOINT
2026-08-17T13:56:43.717302,37.8649177,32.4837915,1024.43,-0.0729,0.1403,-1.4415,277.0,0.07,0.000,0.000,WAYPOINT
2026-08-17T13:56:44.716782,37.8649179,32.4837913,1024.41,-0.0720,0.1400,-1.4823,275.0,0.05,0.000,0.000,WAYPOINT
2026-08-17T13:56:45.716721,37.8649174,32.4837910,1024.41,-0.0738,0.1404,-1.5221,272.0,0.05,0.000,0.000,WAYPOINT
2026-08-17T13:56:46.716761,37.8649177,32.4837907,1024.41,-0.0736,0.1433,-1.5589,270.0,0.03,0.000,0.000,WAYPOINT
2026-08-17T13:56:47.716865,37.8649180,32.4837906,1024.45,-0.0727,0.1431,-1.5891,268.0,0.04,0.000,0.000,WAYPOINT
2026-08-17T13:56:48.716926,37.8649185,32.4837897,1024.50,-0.0723,0.1427,-1.6152,267.0,0.06,0.000,0.000,WAYPOINT
2026-08-17T13:56:49.716622,37.8649184,32.4837900,1024.50,-0.0735,0.1402,-1.6389,266.0,0.03,0.000,0.000,WAYPOINT
2026-08-17T13:56:50.716731,37.8649181,32.4837903,1024.52,-0.0725,0.1449,-1.6602,264.0,0.01,0.000,0.000,WAYPOINT
2026-08-17T13:56:51.716724,37.8649182,32.4837906,1024.51,-0.0708,0.1483,-1.6765,263.0,0.01,0.000,0.000,WAYPOINT
2026-08-17T13:56:52.720043,37.8649181,32.4837907,1024.47,-0.0715,0.1505,-1.6929,263.0,0.01,0.000,0.000,WAYPOINT
2026-08-17T13:56:53.717075,37.8649182,32.4837901,1024.45,-0.0716,0.1487,-1.7162,261.0,0.02,0.000,0.000,WAYPOINT
2026-08-17T13:56:54.716949,37.8649184,32.4837902,1024.40,-0.0724,0.1456,-1.7417,260.0,0.02,0.000,0.000,WAYPOINT
2026-08-17T13:56:55.717409,37.8649186,32.4837902,1024.38,-0.0697,0.1403,-1.7698,258.0,0.03,0.000,0.000,WAYPOINT
2026-08-17T13:56:56.716807,37.8649185,32.4837902,1024.37,-0.0704,0.1404,-1.7959,257.0,0.01,0.000,0.000,WAYPOINT
2026-08-17T13:56:57.716727,37.8649181,32.4837900,1024.39,-0.0710,0.1396,-1.8240,255.0,0.02,0.000,0.000,WAYPOINT
2026-08-17T13:56:58.716778,37.8649173,32.4837902,1024.37,-0.0734,0.1378,-1.8502,254.0,0.05,0.000,0.000,WAYPOINT
2026-08-17T13:56:59.716861,37.8649173,32.4837904,1024.32,-0.0724,0.1406,-1.8752,252.0,0.04,0.000,0.000,WAYPOINT
2026-08-17T13:57:00.716733,37.8649172,32.4837906,1024.29,-0.0735,0.1478,-1.9007,251.0,0.03,0.000,0.000,WAYPOINT
2026-08-17T13:57:01.716684,37.8649170,32.4837906,1024.27,-0.0721,0.1519,-1.9253,249.0,0.03,0.000,0.000,WAYPOINT
2026-08-17T13:57:02.716792,37.8649162,32.4837907,1024.27,-0.0714,0.1504,-1.9494,248.0,0.06,0.000,0.000,WAYPOINT
2026-08-17T13:57:03.716711,37.8649162,32.4837904,1024.27,-0.0732,0.1485,-1.9704,247.0,0.05,0.000,0.000,WAYPOINT
2026-08-17T13:57:04.716840,37.8649161,32.4837904,1024.26,-0.0758,0.1424,-1.9935,245.0,0.04,0.000,0.000,WAYPOINT
2026-08-17T13:57:05.717033,37.8649158,32.4837905,1024.26,-0.0771,0.1370,-2.0153,244.0,0.04,0.000,0.000,WAYPOINT
2026-08-17T13:57:06.717290,37.8649160,32.4837911,1024.27,-0.0755,0.1388,-2.0346,243.0,0.05,0.000,0.000,WAYPOINT
2026-08-17T13:57:07.716810,37.8649162,32.4837909,1024.24,-0.0740,0.1385,-2.0526,242.0,0.03,0.000,0.000,WAYPOINT
2026-08-17T13:57:08.716881,37.8649162,32.4837912,1024.23,-0.0575,0.1286,-2.1520,236.0,0.14,0.000,0.000,WAYPOINT
2026-08-17T13:57:09.716947,37.8649149,32.4837918,1024.26,-0.0682,0.1070,-2.6744,206.0,0.27,0.000,0.000,WAYPOINT
2026-08-17T13:57:10.719948,37.8649145,32.4837918,1024.29,-0.0694,0.1182,3.0175,172.0,0.14,0.000,0.000,WAYPOINT
2026-08-17T13:57:11.716864,37.8649138,32.4837919,1024.29,-0.0668,0.1121,2.4533,140.0,0.14,0.000,0.000,WAYPOINT
2026-08-17T13:57:12.716709,37.8649134,32.4837919,1024.30,-0.0708,0.1229,1.9096,109.0,0.05,0.000,0.000,WAYPOINT
2026-08-17T13:57:13.724780,37.8649123,32.4837916,1024.33,-0.0688,0.1367,1.5995,91.0,0.10,0.000,0.000,WAYPOINT
2026-08-17T13:57:14.717069,37.8649117,32.4837940,1024.36,-0.0655,0.1514,1.4223,81.0,0.36,0.000,0.000,WAYPOINT
2026-08-17T13:57:15.717067,37.8649119,32.4837992,1024.42,-0.0716,0.1313,1.3469,77.0,0.57,0.000,0.000,WAYPOINT
2026-08-17T13:57:16.716734,37.8649126,32.4838044,1024.47,-0.0615,0.1429,1.2624,72.0,0.60,0.000,0.000,WAYPOINT
2026-08-17T13:57:17.716734,37.8649137,32.4838094,1024.49,-0.0698,0.1275,1.2532,71.0,0.57,0.000,0.000,WAYPOINT
2026-08-17T13:57:18.716965,37.8649149,32.4838134,1024.49,-0.0722,0.1343,1.2945,74.0,0.51,0.000,0.000,WAYPOINT
2026-08-17T13:57:19.720481,37.8649158,32.4838170,1024.50,-0.0742,0.1375,1.3727,78.0,0.46,0.000,0.000,WAYPOINT
2026-08-17T13:57:20.716698,37.8649163,32.4838210,1024.51,-0.0725,0.1387,1.4636,83.0,0.45,0.000,0.000,WAYPOINT
2026-08-17T13:57:21.716746,37.8649168,32.4838249,1024.50,-0.0711,0.1443,1.5818,90.0,0.43,0.000,0.000,WAYPOINT
2026-08-17T13:57:22.716967,37.8649171,32.4838293,1024.51,-0.0710,0.1369,1.6999,97.0,0.43,0.000,0.000,WAYPOINT
2026-08-17T13:57:23.717270,37.8649165,32.4838343,1024.49,-0.0717,0.1373,1.8341,105.0,0.45,0.000,0.000,WAYPOINT
2026-08-17T13:57:24.717049,37.8649150,32.4838391,1024.47,-0.0695,0.1362,1.9629,112.0,0.46,0.000,0.000,WAYPOINT
2026-08-17T13:57:25.717033,37.8649129,32.4838438,1024.45,-0.0682,0.1353,2.0564,117.0,0.46,0.000,0.000,WAYPOINT
2026-08-17T13:57:26.718313,37.8649107,32.4838484,1024.44,-0.0684,0.1360,2.1162,121.0,0.48,0.000,0.000,WAYPOINT
2026-08-17T13:57:27.717386,37.8649083,32.4838536,1024.45,-0.0675,0.1339,2.1476,123.0,0.51,0.000,0.000,WAYPOINT
2026-08-17T13:57:28.719907,37.8649060,32.4838588,1024.46,-0.0682,0.1341,2.1559,123.0,0.52,0.000,0.000,WAYPOINT
2026-08-17T13:57:29.716712,37.8649039,32.4838633,1024.51,-0.0680,0.1343,2.1434,122.0,0.50,0.000,0.000,WAYPOINT
2026-08-17T13:57:30.716790,37.8649019,32.4838682,1024.56,-0.0683,0.1354,2.1247,121.0,0.50,0.000,0.000,WAYPOINT
2026-08-17T13:57:31.716733,37.8648995,32.4838737,1024.60,-0.0676,0.1315,2.1148,121.0,0.52,0.000,0.000,WAYPOINT
2026-08-17T13:57:32.719230,37.8648978,32.4838783,1024.60,-0.0685,0.1340,2.0938,119.0,0.50,0.000,0.000,WAYPOINT
2026-08-17T13:57:33.716845,37.8648961,32.4838831,1024.58,-0.0677,0.1348,2.0459,117.0,0.49,0.000,0.000,WAYPOINT
2026-08-17T13:57:34.716834,37.8648951,32.4838884,1024.54,-0.0715,0.1358,2.0070,114.0,0.48,0.000,0.000,WAYPOINT
2026-08-17T13:57:35.716878,37.8648933,32.4838937,1024.53,-0.0763,0.1297,2.0029,114.0,0.41,0.000,0.000,WAYPOINT
2026-08-17T13:57:36.716866,37.8648925,32.4838962,1024.51,-0.0825,0.1113,2.0085,115.0,0.10,0.000,0.000,WAYPOINT
2026-08-17T13:57:37.716776,37.8648913,32.4838965,1024.48,-0.0786,0.1085,2.3317,133.0,0.02,0.000,0.000,WAYPOINT
2026-08-17T13:57:38.716736,37.8648923,32.4838979,1024.44,-0.0596,0.1417,2.4873,142.0,0.16,0.000,0.000,WAYPOINT
2026-08-17T13:57:39.716674,37.8648934,32.4838988,1024.42,-0.0658,0.1440,2.4770,141.0,0.10,0.000,0.000,WAYPOINT
2026-08-17T13:57:40.717041,37.8648936,32.4838993,1024.41,-0.0698,0.1363,2.4721,141.0,0.06,0.000,0.000,WAYPOINT
2026-08-17T13:57:41.716799,37.8648939,32.4839013,1024.36,-0.0652,0.1303,2.3095,132.0,0.12,0.000,0.000,WAYPOINT
2026-08-17T13:57:42.717058,37.8648946,32.4839031,1024.36,-0.0699,0.1546,2.1285,121.0,0.14,0.000,0.000,WAYPOINT
2026-08-17T13:57:43.716870,37.8648942,32.4839044,1024.37,-0.0752,0.1364,2.0694,118.0,0.07,0.000,0.000,WAYPOINT
2026-08-17T13:57:44.716750,37.8648961,32.4839055,1024.38,-0.0769,0.1357,1.8816,107.0,0.26,0.000,0.000,WAYPOINT
2026-08-17T13:57:45.716772,37.8648968,32.4839083,1024.38,-0.0744,0.1682,1.6977,97.0,0.24,0.000,0.000,WAYPOINT
2026-08-17T13:57:46.716844,37.8648950,32.4839112,1024.35,-0.0702,0.1295,2.1682,124.0,0.31,0.000,0.000,WAYPOINT
2026-08-17T13:57:47.716698,37.8648949,32.4839115,1024.38,-0.0817,0.1570,2.7295,156.0,0.19,0.000,0.000,WAYPOINT
2026-08-17T13:57:48.716723,37.8648974,32.4839116,1024.33,-0.0677,0.1403,-2.9539,190.0,0.33,0.000,0.000,WAYPOINT
2026-08-17T13:57:49.716712,37.8648986,32.4839134,1024.32,-0.0705,0.1370,-2.5410,214.0,0.24,0.000,0.000,WAYPOINT
2026-08-17T13:57:50.716775,37.8648989,32.4839150,1024.37,-0.0687,0.1425,-2.2893,228.0,0.16,0.000,0.000,WAYPOINT
2026-08-17T13:57:51.716776,37.8648993,32.4839161,1024.29,-0.0721,0.1234,-2.0954,239.0,0.10,0.000,0.000,WAYPOINT
2026-08-17T13:57:52.716726,37.8648985,32.4839156,1024.29,-0.0666,0.1352,-1.9780,246.0,0.22,0.000,0.000,WAYPOINT
2026-08-17T13:57:53.716754,37.8648974,32.4839151,1024.29,-0.0552,0.1482,-1.8397,254.0,0.13,0.000,0.000,WAYPOINT
2026-08-17T13:57:54.716770,37.8648961,32.4839190,1024.34,-0.0609,0.1406,-1.5916,268.0,0.42,0.000,0.000,WAYPOINT
2026-08-17T13:57:55.716875,37.8648946,32.4839227,1024.37,-0.0639,0.1248,-1.4330,277.0,0.30,0.000,0.000,WAYPOINT
2026-08-17T13:57:56.716896,37.8648927,32.4839246,1024.35,-0.0761,0.1228,-1.3435,283.0,0.27,0.000,0.000,WAYPOINT
2026-08-17T13:57:57.716735,37.8648914,32.4839257,1024.32,-0.0725,0.1429,-1.3587,282.0,0.19,0.000,0.000,WAYPOINT
2026-08-17T13:57:58.716732,37.8648913,32.4839262,1024.30,-0.0663,0.1454,-1.3302,283.0,0.05,0.000,0.000,WAYPOINT
2026-08-17T13:57:59.716758,37.8648909,32.4839256,1024.28,-0.0679,0.1471,-1.2494,288.0,0.12,0.000,0.000,WAYPOINT
2026-08-17T13:58:00.717318,37.8648905,32.4839240,1024.30,-0.0709,0.1369,-1.2801,286.0,0.13,0.000,0.000,WAYPOINT
2026-08-17T13:58:01.716826,37.8648905,32.4839237,1024.23,-0.0668,0.1408,-1.3304,283.0,0.10,0.000,0.000,WAYPOINT
2026-08-17T13:58:02.716923,37.8648909,32.4839236,1024.18,-0.0685,0.1415,-1.3677,281.0,0.08,0.000,0.000,WAYPOINT
2026-08-17T13:58:03.716775,37.8648908,32.4839233,1024.22,-0.0734,0.1459,-1.4044,279.0,0.06,0.000,0.000,WAYPOINT
2026-08-17T13:58:04.716731,37.8648906,32.4839232,1024.29,-0.0711,0.1477,-1.4428,277.0,0.05,0.000,0.000,WAYPOINT
2026-08-17T13:58:05.716771,37.8648909,32.4839235,1024.31,-0.0706,0.1532,-1.4800,275.0,0.03,0.000,0.000,WAYPOINT
2026-08-17T13:58:06.719230,37.8648909,32.4839234,1024.26,-0.0700,0.1486,-1.5241,272.0,0.03,0.000,0.000,WAYPOINT
2026-08-17T13:58:07.716939,37.8648906,32.4839234,1024.23,-0.0690,0.1441,-1.5753,269.0,0.04,0.000,0.000,WAYPOINT
2026-08-17T13:58:08.716668,37.8648907,32.4839237,1024.20,-0.0678,0.1445,-1.6297,266.0,0.04,0.000,0.000,WAYPOINT
2026-08-17T13:58:09.722731,37.8648906,32.4839238,1024.21,-0.0683,0.1424,-1.6831,263.0,0.04,0.000,0.000,WAYPOINT
2026-08-17T13:58:10.716780,37.8648902,32.4839243,1024.18,-0.0697,0.1402,-1.7335,260.0,0.06,0.000,0.000,WAYPOINT
2026-08-17T13:58:11.716700,37.8648896,32.4839245,1024.28,-0.0708,0.1381,-1.7813,257.0,0.07,0.000,0.000,WAYPOINT
2026-08-17T13:58:12.716825,37.8648896,32.4839248,1024.25,-0.0707,0.1391,-1.8256,255.0,0.07,0.000,0.000,WAYPOINT
2026-08-17T13:58:13.716884,37.8648892,32.4839251,1024.28,-0.0719,0.1429,-1.8655,253.0,0.08,0.000,0.000,WAYPOINT
2026-08-17T13:58:14.716656,37.8648891,32.4839259,1024.24,-0.0735,0.1452,-1.9015,251.0,0.10,0.000,0.000,WAYPOINT
2026-08-17T13:58:15.716904,37.8648886,32.4839263,1024.22,-0.0727,0.1420,-1.9345,249.0,0.10,0.000,0.000,WAYPOINT
2026-08-17T13:58:16.716776,37.8648884,32.4839268,1024.21,-0.0698,0.1412,-1.9646,247.0,0.11,0.000,0.000,WAYPOINT
2026-08-17T13:58:17.716720,37.8648884,32.4839272,1024.24,-0.0719,0.1429,-1.9915,245.0,0.10,0.000,0.000,WAYPOINT
2026-08-17T13:58:18.716963,37.8648884,32.4839276,1024.29,-0.0706,0.1425,-2.0178,244.0,0.09,0.000,0.000,WAYPOINT
2026-08-17T13:58:19.716725,37.8648882,32.4839289,1024.28,-0.0716,0.1438,-2.0398,243.0,0.12,0.000,0.000,WAYPOINT
2026-08-17T13:58:20.717447,37.8648879,32.4839299,1024.29,-0.0698,0.1435,-2.0635,241.0,0.13,0.000,0.000,WAYPOINT
2026-08-17T13:58:21.716795,37.8648879,32.4839312,1024.29,-0.0679,0.1414,-2.0881,240.0,0.15,0.000,0.000,WAYPOINT
2026-08-17T13:58:22.717073,37.8648879,32.4839317,1024.19,-0.0694,0.1417,-2.1128,238.0,0.13,0.000,0.000,WAYPOINT
2026-08-17T13:58:23.716840,37.8648875,32.4839319,1024.15,-0.0707,0.1436,-2.1368,237.0,0.11,0.000,0.000,WAYPOINT
2026-08-17T13:58:24.716886,37.8648871,32.4839321,1024.18,-0.0695,0.1423,-2.1575,236.0,0.09,0.000,0.000,WAYPOINT
2026-08-17T13:58:25.716823,37.8648871,32.4839323,1024.19,-0.0695,0.1437,-2.1743,235.0,0.08,0.000,0.000,WAYPOINT
2026-08-17T13:58:26.716733,37.8648864,32.4839326,1024.19,-0.0687,0.1431,-2.1868,234.0,0.08,0.000,0.000,WAYPOINT
2026-08-17T13:58:27.716672,37.8648864,32.4839323,1024.21,-0.0667,0.1412,-2.2001,233.0,0.05,0.000,0.000,WAYPOINT
2026-08-17T13:58:28.716794,37.8648864,32.4839327,1024.23,-0.0675,0.1415,-2.2156,233.0,0.06,0.000,0.000,WAYPOINT
2026-08-17T13:58:29.716700,37.8648863,32.4839333,1024.25,-0.0695,0.1432,-2.2326,232.0,0.08,0.000,0.000,WAYPOINT
2026-08-17T13:58:30.716765,37.8648864,32.4839337,1024.29,-0.0704,0.1443,-2.2473,231.0,0.08,0.000,0.000,WAYPOINT
2026-08-17T13:58:31.717065,37.8648862,32.4839343,1024.29,-0.0689,0.1438,-2.2591,230.0,0.09,0.000,0.000,WAYPOINT
2026-08-17T13:58:32.716860,37.8648860,32.4839358,1024.28,-0.0689,0.1432,-2.2709,229.0,0.13,0.000,0.000,WAYPOINT
2026-08-17T13:58:33.716803,37.8648856,32.4839356,1024.25,-0.0721,0.1440,-2.2838,229.0,0.10,0.000,0.000,WAYPOINT
2026-08-17T13:58:34.716930,37.8648853,32.4839362,1024.21,-0.0733,0.1475,-2.3034,228.0,0.11,0.000,0.000,WAYPOINT
2026-08-17T13:58:35.717295,37.8648853,32.4839369,1024.20,-0.0758,0.1478,-2.3273,226.0,0.13,0.000,0.000,WAYPOINT
2026-08-17T13:58:36.716591,37.8648851,32.4839374,1024.26,-0.0765,0.1427,-2.3586,224.0,0.12,0.000,0.000,WAYPOINT
2026-08-17T13:58:37.716843,37.8648852,32.4839378,1024.28,-0.0750,0.1395,-2.3989,222.0,0.13,0.000,0.000,WAYPOINT
2026-08-17T13:58:38.716840,37.8648851,32.4839384,1024.28,-0.0770,0.1410,-2.4455,219.0,0.12,0.000,0.000,WAYPOINT
2026-08-17T13:58:39.716942,37.8648849,32.4839388,1024.24,-0.0766,0.1409,-2.5000,216.0,0.11,0.000,0.000,WAYPOINT
2026-08-17T13:58:40.716918,37.8648845,32.4839392,1024.26,-0.0683,0.1405,-2.5640,213.0,0.10,0.000,0.000,WAYPOINT
2026-08-17T13:58:41.717578,37.8648843,32.4839393,1024.20,-0.0650,0.1450,-2.6284,209.0,0.09,0.000,0.000,WAYPOINT
2026-08-17T13:58:42.716759,37.8648836,32.4839391,1024.19,-0.0686,0.1426,-2.6715,206.0,0.08,0.000,0.000,WAYPOINT
2026-08-17T13:58:43.717108,37.8648835,32.4839395,1024.25,-0.0678,0.1413,-2.6985,205.0,0.07,0.000,0.000,WAYPOINT
2026-08-17T13:58:44.716894,37.8648826,32.4839400,1024.27,-0.0665,0.1415,-2.7139,204.0,0.09,0.000,0.000,WAYPOINT
2026-08-17T13:58:45.716749,37.8648823,32.4839396,1024.24,-0.0675,0.1436,-2.7253,203.0,0.07,0.000,0.000,WAYPOINT
2026-08-17T13:58:46.716715,37.8648819,32.4839402,1024.20,-0.0683,0.1461,-2.7295,203.0,0.08,0.000,0.000,WAYPOINT
2026-08-17T13:58:47.716821,37.8648815,32.4839406,1024.27,-0.0675,0.1624,-2.6288,209.0,0.16,0.000,0.000,WAYPOINT
2026-08-17T13:58:48.717685,37.8648826,32.4839401,1024.21,-0.0645,0.1315,-2.1662,235.0,0.15,0.000,0.000,WAYPOINT
2026-08-17T13:58:49.716902,37.8648828,32.4839406,1024.21,-0.0667,0.1227,-1.9182,250.0,0.09,0.000,0.000,WAYPOINT
2026-08-17T13:58:50.716984,37.8648838,32.4839394,1024.19,-0.0511,0.1756,-1.4805,275.0,0.47,0.000,0.000,WAYPOINT
2026-08-17T13:58:51.716787,37.8648844,32.4839345,1024.13,-0.0620,0.0985,-1.2390,289.0,0.39,0.000,0.000,WAYPOINT
2026-08-17T13:58:52.716691,37.8648847,32.4839300,1024.10,-0.0642,0.1361,-1.2291,289.0,0.52,0.000,0.000,WAYPOINT
2026-08-17T13:58:53.716813,37.8648861,32.4839231,1024.12,-0.0602,0.1132,-1.4162,278.0,0.61,0.000,0.000,WAYPOINT
2026-08-17T13:58:54.716738,37.8648872,32.4839175,1024.18,-0.0636,0.1806,-1.5129,273.0,0.50,0.000,0.000,WAYPOINT
2026-08-17T13:58:55.717127,37.8648891,32.4839106,1024.15,-0.0600,0.1311,-1.5283,272.0,0.77,0.000,0.000,WAYPOINT
2026-08-17T13:58:56.716711,37.8648908,32.4839031,1024.17,-0.0634,0.1352,-1.5525,271.0,0.68,0.000,0.000,WAYPOINT
2026-08-17T13:58:57.716739,37.8648923,32.4838954,1024.27,-0.0682,0.1574,-1.5301,272.0,0.62,0.000,0.000,WAYPOINT
2026-08-17T13:58:58.717145,37.8648937,32.4838889,1024.24,-0.0627,0.1270,-1.5559,270.0,0.67,0.000,0.000,WAYPOINT
2026-08-17T13:58:59.716714,37.8648954,32.4838824,1024.36,-0.0617,0.1669,-1.5363,271.0,0.64,0.000,0.000,WAYPOINT
2026-08-17T13:59:00.717038,37.8648972,32.4838745,1024.39,-0.0691,0.1334,-1.4627,276.0,0.74,0.000,0.000,WAYPOINT
2026-08-17T13:59:01.716994,37.8648990,32.4838675,1024.38,-0.0612,0.1177,-1.4321,277.0,0.71,0.000,0.000,WAYPOINT
2026-08-17T13:59:02.716708,37.8649006,32.4838592,1024.34,-0.0657,0.1332,-1.4301,278.0,0.66,0.000,0.000,WAYPOINT
2026-08-17T13:59:03.717241,37.8649026,32.4838533,1024.25,-0.0542,0.1483,-1.5054,273.0,0.55,0.000,0.000,WAYPOINT
2026-08-17T13:59:04.717987,37.8649041,32.4838465,1024.25,-0.0702,0.1633,-1.6249,266.0,0.55,0.000,0.000,WAYPOINT
2026-08-17T13:59:05.716876,37.8649046,32.4838421,1024.30,-0.0607,0.1296,-1.6670,264.0,0.25,0.000,0.000,WAYPOINT
2026-08-17T13:59:06.717016,37.8649050,32.4838406,1024.23,-0.0689,0.1360,-1.7246,261.0,0.06,0.000,0.000,WAYPOINT
2026-08-17T13:59:07.716844,37.8649055,32.4838399,1024.20,-0.0755,0.1402,-1.7913,257.0,0.05,0.000,0.000,WAYPOINT
2026-08-17T13:59:08.716810,37.8649054,32.4838396,1024.23,-0.0772,0.1439,-1.8612,253.0,0.02,0.000,0.000,WAYPOINT
2026-08-17T13:59:09.716783,37.8649057,32.4838392,1024.25,-0.0775,0.1415,-1.9259,249.0,0.01,0.000,0.000,WAYPOINT
2026-08-17T13:59:10.716849,37.8649058,32.4838393,1024.24,-0.0748,0.1419,-2.0010,245.0,0.02,0.000,0.000,WAYPOINT
2026-08-17T13:59:11.716835,37.8649058,32.4838395,1024.24,-0.0754,0.1425,-2.0814,240.0,0.04,0.000,0.000,WAYPOINT
2026-08-17T13:59:12.718205,37.8649062,32.4838404,1024.21,-0.0719,0.1405,-2.1726,235.0,0.07,0.000,0.000,WAYPOINT
2026-08-17T13:59:13.716721,37.8649064,32.4838407,1024.16,-0.0784,0.1430,-2.1962,234.0,0.07,0.000,0.000,WAYPOINT
2026-08-17T13:59:14.716863,37.8649067,32.4838417,1024.15,-0.0757,0.1472,-2.1419,237.0,0.07,0.000,0.000,WAYPOINT
2026-08-17T13:59:15.717555,37.8649062,32.4838425,1024.13,-0.0763,0.1480,-2.1148,238.0,0.15,0.000,0.000,WAYPOINT
2026-08-17T13:59:16.719055,37.8649072,32.4838442,1024.08,-0.0794,0.1474,-2.1054,239.0,0.17,0.000,0.000,WAYPOINT
2026-08-17T13:59:17.716866,37.8649068,32.4838453,1024.05,-0.0744,0.1486,-2.0916,240.0,0.15,0.000,0.000,WAYPOINT
2026-08-17T13:59:18.716758,37.8649073,32.4838456,1023.99,-0.0783,0.1450,-2.0815,240.0,0.11,0.000,0.000,WAYPOINT
2026-08-17T13:59:19.716807,37.8649074,32.4838458,1023.98,-0.0712,0.1470,-2.0431,242.0,0.06,0.000,0.000,WAYPOINT
2026-08-17T13:59:20.716664,37.8649071,32.4838455,1024.02,-0.0715,0.1390,-1.9479,248.0,0.07,0.000,0.000,WAYPOINT
2026-08-17T13:59:21.717448,37.8649073,32.4838462,1024.02,-0.0722,0.1289,-1.9505,248.0,0.15,0.000,0.000,WAYPOINT
2026-08-17T13:59:22.716714,37.8649076,32.4838467,1024.08,-0.0711,0.1348,-1.9464,248.0,0.12,0.000,0.000,WAYPOINT
2026-08-17T13:59:23.716752,37.8649071,32.4838467,1024.11,-0.0707,0.1396,-1.9093,250.0,0.08,0.000,0.000,WAYPOINT
2026-08-17T13:59:24.717572,37.8649074,32.4838463,1024.09,-0.0720,0.1157,-1.7642,258.0,0.26,0.000,0.000,WAYPOINT
2026-08-17T13:59:25.716689,37.8649096,32.4838423,1024.11,-0.0653,0.1317,-1.6298,266.0,0.40,0.000,0.000,WAYPOINT
2026-08-17T13:59:26.717172,37.8649106,32.4838414,1024.12,-0.0810,0.1273,-1.6452,265.0,0.20,0.000,0.000,WAYPOINT
2026-08-17T13:59:27.716764,37.8649106,32.4838424,1024.17,-0.0899,0.1498,-1.6221,267.0,0.09,0.000,0.000,WAYPOINT
2026-08-17T13:59:28.716784,37.8649101,32.4838425,1024.24,-0.0805,0.1431,-1.5937,268.0,0.12,0.000,0.000,WAYPOINT
2026-08-17T13:59:29.716723,37.8649097,32.4838431,1024.30,-0.0707,0.1421,-1.5448,271.0,0.11,0.000,0.000,WAYPOINT
2026-08-17T13:59:30.717207,37.8649087,32.4838443,1024.32,-0.0664,0.1454,-1.5160,273.0,0.13,0.000,0.000,WAYPOINT
2026-08-17T13:59:31.716705,37.8649072,32.4838483,1024.32,-0.0666,0.1529,-1.4777,275.0,0.55,0.000,0.000,WAYPOINT
2026-08-17T13:59:32.716812,37.8649055,32.4838554,1024.26,-0.0680,0.1737,-1.4344,277.0,0.68,0.000,0.000,WAYPOINT
2026-08-17T13:59:33.720040,37.8649029,32.4838627,1024.24,-0.0726,0.1622,-1.3995,279.0,0.75,0.000,0.000,WAYPOINT
2026-08-17T13:59:34.717097,37.8649007,32.4838700,1024.28,-0.0715,0.1824,-1.4046,279.0,0.70,0.000,0.000,WAYPOINT
2026-08-17T13:59:35.717256,37.8648987,32.4838761,1024.29,-0.0740,0.1527,-1.3984,279.0,0.65,0.000,0.000,WAYPOINT
2026-08-17T13:59:36.716686,37.8648962,32.4838828,1024.29,-0.0739,0.1849,-1.4631,276.0,0.59,0.000,0.000,WAYPOINT
2026-08-17T13:59:37.716774,37.8648952,32.4838874,1024.29,-0.0705,0.1457,-1.5108,273.0,0.49,0.000,0.000,WAYPOINT
2026-08-17T13:59:38.716887,37.8648945,32.4838936,1024.28,-0.0634,0.1586,-1.4780,275.0,0.54,0.000,0.000,WAYPOINT
2026-08-17T13:59:39.716817,37.8648931,32.4839008,1024.25,-0.0583,0.1237,-1.4977,274.0,0.66,0.000,0.000,WAYPOINT
2026-08-17T13:59:40.717071,37.8648917,32.4839098,1024.25,-0.0653,0.1790,-1.4733,275.0,0.68,0.000,0.000,WAYPOINT
2026-08-17T13:59:41.716848,37.8648900,32.4839167,1024.28,-0.0666,0.1463,-1.3818,280.0,0.59,0.000,0.000,WAYPOINT
2026-08-17T13:59:42.716670,37.8648883,32.4839231,1024.37,-0.0818,0.1970,-1.4202,278.0,0.54,0.000,0.000,WAYPOINT
2026-08-17T13:59:43.717345,37.8648878,32.4839293,1024.41,-0.0746,0.1688,-1.5062,273.0,0.58,0.000,0.000,WAYPOINT
2026-08-17T13:59:44.717308,37.8648873,32.4839344,1024.42,-0.0734,0.1475,-1.5172,273.0,0.48,0.000,0.000,WAYPOINT
2026-08-17T13:59:45.716829,37.8648873,32.4839376,1024.43,-0.0761,0.1707,-1.4977,274.0,0.13,0.000,0.000,WAYPOINT
2026-08-17T13:59:46.717004,37.8648877,32.4839370,1024.34,-0.0689,0.1430,-1.5538,270.0,0.06,0.000,0.000,WAYPOINT
2026-08-17T13:59:47.716760,37.8648885,32.4839361,1024.29,-0.0668,0.1429,-1.5991,268.0,0.08,0.000,0.000,WAYPOINT
2026-08-17T13:59:48.720887,37.8648887,32.4839362,1024.28,-0.0699,0.1400,-1.6190,267.0,0.06,0.000,0.000,WAYPOINT
2026-08-17T13:59:49.716746,37.8648883,32.4839369,1024.28,-0.0685,0.1400,-1.6160,267.0,0.03,0.000,0.000,WAYPOINT
2026-08-17T13:59:50.716703,37.8648884,32.4839376,1024.35,-0.0692,0.1409,-1.5968,268.0,0.06,0.000,0.000,WAYPOINT
2026-08-17T13:59:51.717018,37.8648882,32.4839383,1024.35,-0.0686,0.1428,-1.5652,270.0,0.06,0.000,0.000,WAYPOINT
2026-08-17T13:59:52.716711,37.8648880,32.4839389,1024.40,-0.0681,0.1433,-1.5327,272.0,0.06,0.000,0.000,WAYPOINT
2026-08-17T13:59:53.717132,37.8648876,32.4839399,1024.45,-0.0680,0.1432,-1.5055,273.0,0.07,0.000,0.000,WAYPOINT
2026-08-17T13:59:54.716712,37.8648874,32.4839398,1024.42,-0.0686,0.1402,-1.4839,274.0,0.05,0.000,0.000,WAYPOINT
2026-08-17T13:59:55.716734,37.8648879,32.4839390,1024.41,-0.0684,0.1370,-1.4712,275.0,0.03,0.000,0.000,WAYPOINT
2026-08-17T13:59:56.717022,37.8648875,32.4839399,1024.39,-0.0708,0.1422,-1.4391,277.0,0.03,0.000,0.000,WAYPOINT
2026-08-17T13:59:57.716755,37.8648873,32.4839406,1024.42,-0.0716,0.1426,-1.3846,280.0,0.05,0.000,0.000,WAYPOINT
2026-08-17T13:59:58.716759,37.8648873,32.4839407,1024.36,-0.0725,0.1342,-1.3322,283.0,0.02,0.000,0.000,WAYPOINT
2026-08-17T13:59:59.716770,37.8648867,32.4839401,1024.39,-0.0722,0.1416,-1.2991,285.0,0.03,0.000,0.000,WAYPOINT
2026-08-17T14:00:00.716738,37.8648867,32.4839398,1024.34,-0.0738,0.1334,-1.2917,285.0,0.04,0.000,0.000,WAYPOINT
2026-08-17T14:00:01.716961,37.8648865,32.4839390,1024.32,-0.0741,0.1217,-1.3248,284.0,0.04,0.000,0.000,WAYPOINT
2026-08-17T14:00:02.716891,37.8648864,32.4839384,1024.30,-0.0728,0.1241,-1.3678,281.0,0.07,0.000,0.000,WAYPOINT
2026-08-17T14:00:03.716681,37.8648863,32.4839380,1024.32,-0.0663,0.1506,-1.4383,277.0,0.07,0.000,0.000,WAYPOINT
2026-08-17T14:00:04.716663,37.8648860,32.4839374,1024.26,-0.0716,0.1455,-1.5096,273.0,0.07,0.000,0.000,WAYPOINT
2026-08-17T14:00:05.716732,37.8648859,32.4839376,1024.27,-0.0748,0.1444,-1.5601,270.0,0.04,0.000,0.000,WAYPOINT
2026-08-17T14:00:06.720044,37.8648856,32.4839382,1024.27,-0.0704,0.1431,-1.6004,268.0,0.01,0.000,0.000,WAYPOINT
2026-08-17T14:00:07.717257,37.8648853,32.4839386,1024.28,-0.0687,0.1386,-1.6324,266.0,0.02,0.000,0.000,WAYPOINT
2026-08-17T14:00:08.716734,37.8648857,32.4839368,1024.36,-0.0743,0.1551,-1.6543,265.0,0.24,0.000,0.000,WAYPOINT
2026-08-17T14:00:09.717050,37.8648863,32.4839323,1024.35,-0.0666,0.1452,-1.6169,267.0,0.44,0.000,0.000,WAYPOINT
2026-08-17T14:00:10.717010,37.8648865,32.4839277,1024.35,-0.0704,0.1424,-1.6385,266.0,0.38,0.000,0.000,WAYPOINT
2026-08-17T14:00:11.716942,37.8648867,32.4839244,1024.42,-0.0670,0.1404,-1.6193,267.0,0.32,0.000,0.000,WAYPOINT
2026-08-17T14:00:12.716667,37.8648904,32.4839216,1024.47,-0.0705,0.1423,-1.5406,271.0,0.33,0.000,0.000,WAYPOINT
2026-08-17T14:00:13.716903,37.8648946,32.4839180,1024.42,-0.0711,0.1358,-1.5168,273.0,0.44,0.000,0.000,WAYPOINT
2026-08-17T14:00:14.716862,37.8648975,32.4839155,1024.45,-0.0675,0.1364,-1.5395,271.0,0.39,0.000,0.000,WAYPOINT
2026-08-17T14:00:15.716714,37.8648991,32.4839139,1024.49,-0.0715,0.1541,-1.5750,269.0,0.30,0.000,0.000,WAYPOINT
2026-08-17T14:00:16.716663,37.8648998,32.4839124,1024.42,-0.0730,0.1494,-1.6314,266.0,0.21,0.000,0.000,WAYPOINT
2026-08-17T14:00:17.716819,37.8649001,32.4839111,1024.42,-0.0731,0.1454,-1.6731,264.0,0.13,0.000,0.000,WAYPOINT
2026-08-17T14:00:18.716737,37.8648997,32.4839109,1024.44,-0.0702,0.1355,-1.6964,262.0,0.04,0.000,0.000,WAYPOINT
2026-08-17T14:00:19.717448,37.8648996,32.4839106,1024.37,-0.0766,0.1423,-1.7405,260.0,0.01,0.000,0.000,WAYPOINT
2026-08-17T14:00:20.716709,37.8648999,32.4839110,1024.31,-0.0757,0.1528,-1.7956,257.0,0.08,0.000,0.000,WAYPOINT
2026-08-17T14:00:21.716792,37.8649001,32.4839120,1024.31,-0.0764,0.1604,-1.8340,254.0,0.07,0.000,0.000,WAYPOINT
2026-08-17T14:00:22.716982,37.8649001,32.4839116,1024.31,-0.0775,0.1562,-1.8475,254.0,0.04,0.000,0.000,WAYPOINT
2026-08-17T14:00:23.717298,37.8649004,32.4839098,1024.36,-0.0579,0.1438,-1.8248,255.0,0.22,0.000,0.000,WAYPOINT
2026-08-17T14:00:24.716918,37.8649005,32.4839058,1024.35,-0.0641,0.1389,-1.7941,257.0,0.42,0.000,0.000,WAYPOINT
2026-08-17T14:00:25.716955,37.8649009,32.4839008,1024.35,-0.0642,0.1340,-1.7791,258.0,0.47,0.000,0.000,WAYPOINT
2026-08-17T14:00:26.716968,37.8649009,32.4838963,1024.30,-0.0517,0.1658,-1.7657,258.0,0.43,0.000,0.000,WAYPOINT
2026-08-17T14:00:27.716852,37.8649020,32.4838904,1024.20,-0.0645,0.1530,-1.7981,256.0,0.45,0.000,0.000,WAYPOINT
2026-08-17T14:00:28.716743,37.8649042,32.4838850,1024.20,-0.0561,0.1290,-1.6802,263.0,0.58,0.000,0.000,WAYPOINT
2026-08-17T14:00:29.716842,37.8649055,32.4838781,1024.28,-0.0681,0.1479,-1.6038,268.0,0.63,0.000,0.000,WAYPOINT
2026-08-17T14:00:30.717142,37.8649067,32.4838701,1024.29,-0.0583,0.1528,-1.5907,268.0,0.71,0.000,0.000,WAYPOINT
2026-08-17T14:00:31.716804,37.8649087,32.4838623,1024.29,-0.0453,0.1528,-1.5096,273.0,0.71,0.000,0.000,WAYPOINT
2026-08-17T14:00:32.716727,37.8649101,32.4838548,1024.27,-0.0601,0.1464,-1.4934,274.0,0.69,0.000,0.000,WAYPOINT
2026-08-17T14:00:33.716693,37.8649119,32.4838481,1024.29,-0.0633,0.1620,-1.4698,275.0,0.72,0.000,0.000,WAYPOINT
2026-08-17T14:00:34.716745,37.8649140,32.4838400,1024.27,-0.0741,0.1805,-1.4600,276.0,0.71,0.000,0.000,WAYPOINT
2026-08-17T14:00:35.716738,37.8649165,32.4838335,1024.32,-0.0738,0.1891,-1.3985,279.0,0.42,0.000,0.000,WAYPOINT
2026-08-17T14:00:36.716737,37.8649176,32.4838332,1024.26,-0.0786,0.1461,-1.3260,284.0,0.20,0.000,0.000,WAYPOINT
2026-08-17T14:00:37.716736,37.8649176,32.4838331,1024.16,-0.0651,0.1463,-1.2375,289.0,0.10,0.000,0.000,WAYPOINT
2026-08-17T14:00:38.717337,37.8649171,32.4838315,1024.15,-0.0740,0.1644,-1.1228,295.0,0.14,0.000,0.000,WAYPOINT
2026-08-17T14:00:39.716725,37.8649171,32.4838305,1024.19,-0.0766,0.1711,-1.0646,299.0,0.05,0.000,0.000,WAYPOINT
2026-08-17T14:00:40.717066,37.8649164,32.4838301,1024.17,-0.0730,0.1606,-1.0785,298.0,0.04,0.000,0.000,WAYPOINT
2026-08-17T14:00:41.717056,37.8649159,32.4838293,1024.25,-0.0759,0.1253,-1.1027,296.0,0.16,0.000,0.000,WAYPOINT
2026-08-17T14:00:42.717173,37.8649159,32.4838279,1024.30,-0.0739,0.1290,-1.3221,284.0,0.13,0.000,0.000,WAYPOINT
2026-08-17T14:00:43.717293,37.8649159,32.4838271,1024.28,-0.0741,0.1524,-1.3914,280.0,0.08,0.000,0.000,WAYPOINT
2026-08-17T14:00:44.716816,37.8649158,32.4838268,1024.26,-0.0840,0.1430,-1.4132,279.0,0.02,0.000,0.000,WAYPOINT
2026-08-17T14:00:45.716735,37.8649153,32.4838277,1024.32,-0.0813,0.1464,-1.4371,277.0,0.06,0.000,0.000,WAYPOINT
2026-08-17T14:00:46.716658,37.8649147,32.4838278,1024.37,-0.0729,0.1428,-1.5164,273.0,0.07,0.000,0.000,WAYPOINT
2026-08-17T14:00:47.716790,37.8649145,32.4838269,1024.34,-0.0724,0.1305,-1.5385,271.0,0.10,0.000,0.000,WAYPOINT
2026-08-17T14:00:48.716789,37.8649150,32.4838255,1024.35,-0.0776,0.1409,-1.5552,270.0,0.11,0.000,0.000,WAYPOINT
2026-08-17T14:00:49.717160,37.8649151,32.4838248,1024.35,-0.0793,0.1453,-1.5463,271.0,0.09,0.000,0.000,WAYPOINT
2026-08-17T14:00:50.716665,37.8649148,32.4838247,1024.41,-0.0817,0.1494,-1.5520,271.0,0.03,0.000,0.000,WAYPOINT
2026-08-17T14:00:51.716745,37.8649151,32.4838253,1024.41,-0.0822,0.1536,-1.5556,270.0,0.00,0.000,0.000,WAYPOINT
2026-08-17T14:00:52.717140,37.8649146,32.4838255,1024.39,-0.0807,0.1273,-1.5324,272.0,0.17,0.000,0.000,WAYPOINT
2026-08-17T14:00:53.716826,37.8649154,32.4838210,1024.43,-0.0879,0.1150,-1.4027,279.0,0.52,0.000,0.000,WAYPOINT
2026-08-17T14:00:54.716738,37.8649177,32.4838147,1024.45,-0.0726,0.1367,-1.3454,282.0,0.65,0.000,0.000,WAYPOINT
2026-08-17T14:00:55.716798,37.8649210,32.4838084,1024.40,-0.0685,0.1369,-1.2778,286.0,0.68,0.000,0.000,WAYPOINT
2026-08-17T14:00:56.716844,37.8649244,32.4838029,1024.39,-0.0726,0.1630,-1.2791,286.0,0.64,0.000,0.000,WAYPOINT
2026-08-17T14:00:57.716810,37.8649280,32.4837970,1024.39,-0.0555,0.1431,-1.2586,287.0,0.70,0.000,0.000,WAYPOINT
2026-08-17T14:00:58.716891,37.8649318,32.4837918,1024.28,-0.0554,0.1477,-1.1911,291.0,0.69,0.000,0.000,WAYPOINT
2026-08-17T14:00:59.716778,37.8649360,32.4837869,1024.33,-0.0706,0.1672,-1.1564,293.0,0.60,0.000,0.000,WAYPOINT
2026-08-17T14:01:00.718013,37.8649391,32.4837828,1024.32,-0.0607,0.1590,-1.0907,297.0,0.61,0.000,0.000,WAYPOINT
2026-08-17T14:01:01.716687,37.8649429,32.4837784,1024.32,-0.0755,0.1691,-1.0307,300.0,0.58,0.000,0.000,WAYPOINT
2026-08-17T14:01:02.716922,37.8649470,32.4837745,1024.31,-0.0581,0.1547,-0.9654,304.0,0.69,0.000,0.000,WAYPOINT
2026-08-17T14:01:03.716798,37.8649523,32.4837701,1024.29,-0.0657,0.1576,-0.8678,310.0,0.73,0.000,0.000,WAYPOINT
2026-08-17T14:01:04.716788,37.8649558,32.4837677,1024.31,-0.0651,0.2073,-0.7952,314.0,0.32,0.000,0.000,WAYPOINT
2026-08-17T14:01:05.716849,37.8649567,32.4837680,1024.35,-0.0690,0.1573,-0.7544,316.0,0.18,0.000,0.000,WAYPOINT
2026-08-17T14:01:06.716910,37.8649571,32.4837683,1024.35,-0.0726,0.1419,-0.7028,319.0,0.12,0.000,0.000,WAYPOINT
2026-08-17T14:01:07.716701,37.8649573,32.4837684,1024.35,-0.0749,0.1512,-0.6450,323.0,0.09,0.000,0.000,WAYPOINT
2026-08-17T14:01:08.716753,37.8649572,32.4837682,1024.35,-0.0719,0.1761,-0.6103,325.0,0.06,0.000,0.000,WAYPOINT
2026-08-17T14:01:09.716771,37.8649571,32.4837688,1024.37,-0.0707,0.1557,-0.5885,326.0,0.11,0.000,0.000,WAYPOINT
2026-08-17T14:01:10.716798,37.8649560,32.4837688,1024.41,-0.0723,0.1339,-0.5770,326.0,0.08,0.000,0.000,WAYPOINT
2026-08-17T14:01:11.716893,37.8649559,32.4837690,1024.42,-0.0736,0.1425,-0.5714,327.0,0.06,0.000,0.000,WAYPOINT
2026-08-17T14:01:12.716839,37.8649553,32.4837696,1024.44,-0.0737,0.1513,-0.5672,327.0,0.06,0.000,0.000,WAYPOINT
2026-08-17T14:01:13.716686,37.8649555,32.4837695,1024.41,-0.0691,0.1493,-0.5613,327.0,0.04,0.000,0.000,WAYPOINT
2026-08-17T14:01:14.718468,37.8649557,32.4837698,1024.41,-0.0754,0.1592,-0.4804,332.0,0.03,0.000,0.000,WAYPOINT
2026-08-17T14:01:15.718151,37.8649546,32.4837708,1024.40,-0.0680,0.1576,-0.3072,342.0,0.09,0.000,0.000,WAYPOINT
2026-08-17T14:01:16.716775,37.8649546,32.4837706,1024.40,-0.0801,0.1636,-0.2627,344.0,0.10,0.000,0.000,WAYPOINT
2026-08-17T14:01:17.716659,37.8649552,32.4837702,1024.37,-0.0800,0.1608,-0.2455,345.0,0.11,0.000,0.000,WAYPOINT
2026-08-17T14:01:18.718244,37.8649552,32.4837697,1024.39,-0.0723,0.1601,-0.2434,346.0,0.10,0.000,0.000,WAYPOINT
2026-08-17T14:01:19.717901,37.8649544,32.4837703,1024.46,-0.0534,0.1688,-0.2070,348.0,0.07,0.000,0.000,WAYPOINT
2026-08-17T14:01:20.716710,37.8649531,32.4837718,1024.48,-0.0571,0.1626,-0.0357,357.0,0.19,0.000,0.000,WAYPOINT
2026-08-17T14:01:21.716723,37.8649510,32.4837732,1024.42,-0.0611,0.1563,0.2855,16.0,0.20,0.000,0.000,WAYPOINT
2026-08-17T14:01:22.717042,37.8649508,32.4837726,1024.40,-0.0660,0.1579,0.4605,26.0,0.13,0.000,0.000,WAYPOINT
2026-08-17T14:01:23.716791,37.8649508,32.4837724,1024.42,-0.0603,0.1650,0.5878,33.0,0.13,0.000,0.000,WAYPOINT
2026-08-17T14:01:24.717730,37.8649502,32.4837725,1024.35,-0.0567,0.1648,0.7727,44.0,0.13,0.000,0.000,WAYPOINT
2026-08-17T14:01:25.716688,37.8649486,32.4837732,1024.36,-0.0602,0.1594,0.8053,46.0,0.16,0.000,0.000,WAYPOINT
2026-08-17T14:01:26.716715,37.8649472,32.4837747,1024.38,-0.0469,0.1452,0.9623,55.0,0.20,0.000,0.000,WAYPOINT
2026-08-17T14:01:27.716878,37.8649458,32.4837752,1024.37,-0.0567,0.1345,1.1532,66.0,0.23,0.000,0.000,WAYPOINT
2026-08-17T14:01:28.716908,37.8649444,32.4837762,1024.34,-0.0295,0.1566,1.4750,84.0,0.23,0.000,0.000,WAYPOINT
2026-08-17T14:01:29.716682,37.8649428,32.4837777,1024.34,-0.0456,0.1205,1.4623,83.0,0.22,0.000,0.000,WAYPOINT
2026-08-17T14:01:30.716821,37.8649402,32.4837806,1024.40,-0.0426,0.1484,1.6611,95.0,0.30,0.000,0.000,WAYPOINT
2026-08-17T14:01:31.716707,37.8649380,32.4837813,1024.44,-0.0626,0.1273,1.6402,93.0,0.23,0.000,0.000,WAYPOINT
2026-08-17T14:01:32.716730,37.8649356,32.4837834,1024.36,-0.0466,0.1361,1.8669,106.0,0.33,0.000,0.000,WAYPOINT
2026-08-17T14:01:33.716892,37.8649338,32.4837852,1024.35,-0.0690,0.1325,1.9119,109.0,0.25,0.000,0.000,WAYPOINT
2026-08-17T14:01:34.716731,37.8649319,32.4837885,1024.30,-0.0658,0.1524,1.9686,112.0,0.39,0.000,0.000,WAYPOINT
2026-08-17T14:01:35.717274,37.8649293,32.4837911,1024.29,-0.0653,0.1620,2.0270,116.0,0.31,0.000,0.000,WAYPOINT
2026-08-17T14:01:36.716732,37.8649272,32.4837938,1024.26,-0.0654,0.1681,1.9816,113.0,0.28,0.000,0.000,WAYPOINT
2026-08-17T14:01:37.716862,37.8649248,32.4837975,1024.22,-0.0601,0.1501,2.0427,117.0,0.45,0.000,0.000,WAYPOINT
2026-08-17T14:01:38.716694,37.8649227,32.4838028,1024.17,-0.0664,0.1601,1.9599,112.0,0.56,0.000,0.000,WAYPOINT
2026-08-17T14:01:39.716956,37.8649202,32.4838082,1024.17,-0.0595,0.1539,1.9531,111.0,0.59,0.000,0.000,WAYPOINT
2026-08-17T14:01:40.716750,37.8649180,32.4838138,1024.18,-0.0656,0.1652,1.9209,110.0,0.55,0.000,0.000,WAYPOINT
2026-08-17T14:01:41.716774,37.8649157,32.4838192,1024.20,-0.0581,0.1692,1.9273,110.0,0.52,0.000,0.000,WAYPOINT
2026-08-17T14:01:42.716828,37.8649135,32.4838253,1024.21,-0.0685,0.1623,1.8824,107.0,0.58,0.000,0.000,WAYPOINT
2026-08-17T14:01:43.716872,37.8649115,32.4838310,1024.23,-0.0606,0.1860,1.8803,107.0,0.55,0.000,0.000,WAYPOINT
2026-08-17T14:01:44.717001,37.8649096,32.4838374,1024.23,-0.0567,0.1581,1.8090,103.0,0.53,0.000,0.000,WAYPOINT
2026-08-17T14:01:45.716665,37.8649084,32.4838443,1024.24,-0.0583,0.1720,1.6993,97.0,0.64,0.000,0.000,WAYPOINT
2026-08-17T14:01:46.716807,37.8649067,32.4838509,1024.26,-0.0600,0.1582,1.6430,94.0,0.54,0.000,0.000,WAYPOINT
2026-08-17T14:01:47.716700,37.8649042,32.4838569,1024.31,-0.0698,0.1558,1.7036,97.0,0.50,0.000,0.000,WAYPOINT
2026-08-17T14:01:48.717249,37.8649023,32.4838617,1024.33,-0.0871,0.1811,1.8186,104.0,0.43,0.000,0.000,WAYPOINT
2026-08-17T14:01:49.716780,37.8649006,32.4838667,1024.39,-0.0668,0.1988,1.8939,108.0,0.41,0.000,0.000,WAYPOINT
2026-08-17T14:01:50.716725,37.8649004,32.4838722,1024.38,-0.0802,0.2068,1.8343,105.0,0.41,0.000,0.000,WAYPOINT
2026-08-17T14:01:51.716721,37.8648991,32.4838763,1024.36,-0.0622,0.2140,1.8093,103.0,0.28,0.000,0.000,WAYPOINT
2026-08-17T14:01:52.716735,37.8648985,32.4838801,1024.35,-0.0924,0.2098,1.7220,98.0,0.29,0.000,0.000,WAYPOINT
2026-08-17T14:01:53.716808,37.8648977,32.4838843,1024.35,-0.0622,0.2150,1.8759,107.0,0.34,0.000,0.000,WAYPOINT
2026-08-17T14:01:54.716723,37.8648970,32.4838891,1024.29,-0.0877,0.1902,1.7990,103.0,0.37,0.000,0.000,WAYPOINT
2026-08-17T14:01:55.716816,37.8648967,32.4838910,1024.20,-0.0690,0.1909,1.9021,108.0,0.06,0.000,0.000,WAYPOINT
2026-08-17T14:01:56.716861,37.8648970,32.4838926,1024.16,-0.0574,0.1643,1.8749,107.0,0.27,0.000,0.000,WAYPOINT
2026-08-17T14:01:57.716758,37.8648951,32.4838982,1024.23,-0.0750,0.1740,1.8685,107.0,0.51,0.000,0.000,WAYPOINT
2026-08-17T14:01:58.716775,37.8648935,32.4839047,1024.17,-0.0561,0.1652,1.9041,109.0,0.55,0.000,0.000,WAYPOINT
2026-08-17T14:01:59.716816,37.8648928,32.4839107,1024.18,-0.0718,0.1426,1.9158,109.0,0.43,0.000,0.000,WAYPOINT
2026-08-17T14:02:00.716764,37.8648917,32.4839155,1024.24,-0.0731,0.1444,1.9554,112.0,0.42,0.000,0.000,WAYPOINT
2026-08-17T14:02:01.716767,37.8648907,32.4839205,1024.27,-0.0718,0.1509,2.0470,117.0,0.33,0.000,0.000,WAYPOINT
2026-08-17T14:02:02.716757,37.8648899,32.4839248,1024.24,-0.0722,0.1448,2.0472,117.0,0.32,0.000,0.000,WAYPOINT
2026-08-17T14:02:03.720269,37.8648894,32.4839278,1024.26,-0.0682,0.2087,1.9845,113.0,0.24,0.000,0.000,WAYPOINT
2026-08-17T14:02:04.716871,37.8648891,32.4839288,1024.25,-0.0665,0.1780,1.9180,109.0,0.06,0.000,0.000,WAYPOINT
2026-08-17T14:02:05.716787,37.8648889,32.4839294,1024.21,-0.0624,0.1695,1.9381,111.0,0.03,0.000,0.000,WAYPOINT
2026-08-17T14:02:06.716988,37.8648887,32.4839303,1024.15,-0.0537,0.1654,2.0120,115.0,0.03,0.000,0.000,WAYPOINT
2026-08-17T14:02:07.716770,37.8648891,32.4839313,1024.14,-0.0683,0.1698,1.9987,114.0,0.11,0.000,0.000,WAYPOINT
2026-08-17T14:02:08.716833,37.8648894,32.4839310,1024.07,-0.0821,0.1713,1.9657,112.0,0.14,0.000,0.000,WAYPOINT
2026-08-17T14:02:09.716698,37.8648891,32.4839307,1024.07,-0.0794,0.1532,2.0266,116.0,0.09,0.000,0.000,WAYPOINT
2026-08-17T14:02:10.716738,37.8648895,32.4839299,1024.09,-0.0738,0.1429,2.0167,115.0,0.08,0.000,0.000,WAYPOINT
2026-08-17T14:02:11.716764,37.8648899,32.4839290,1024.12,-0.0684,0.1377,2.0547,117.0,0.14,0.000,0.000,WAYPOINT
2026-08-17T14:02:12.716757,37.8648899,32.4839281,1024.18,-0.0673,0.1450,2.0934,119.0,0.12,0.000,0.000,WAYPOINT
2026-08-17T14:02:13.717048,37.8648893,32.4839267,1024.22,-0.0663,0.1513,2.1220,121.0,0.12,0.000,0.000,WAYPOINT
2026-08-17T14:02:14.716725,37.8648889,32.4839262,1024.23,-0.0700,0.1488,2.1499,123.0,0.10,0.000,0.000,WAYPOINT
2026-08-17T14:02:15.716745,37.8648883,32.4839265,1024.23,-0.0682,0.1464,2.1879,125.0,0.06,0.000,0.000,WAYPOINT
2026-08-17T14:02:16.716794,37.8648880,32.4839261,1024.26,-0.0689,0.1485,2.2399,128.0,0.06,0.000,0.000,WAYPOINT
2026-08-17T14:02:17.718406,37.8648880,32.4839251,1024.30,-0.0665,0.1476,2.3071,132.0,0.07,0.000,0.000,WAYPOINT
2026-08-17T14:02:18.716795,37.8648881,32.4839253,1024.34,-0.0681,0.1418,2.3860,136.0,0.04,0.000,0.000,WAYPOINT
2026-08-17T14:02:19.716738,37.8648882,32.4839245,1024.33,-0.0694,0.1383,2.4738,141.0,0.06,0.000,0.000,WAYPOINT
2026-08-17T14:02:20.716677,37.8648884,32.4839246,1024.30,-0.0698,0.1365,2.5688,147.0,0.04,0.000,0.000,WAYPOINT
2026-08-17T14:02:21.717507,37.8648886,32.4839243,1024.34,-0.0660,0.1400,2.6628,152.0,0.05,0.000,0.000,WAYPOINT
2026-08-17T14:02:22.716751,37.8648888,32.4839244,1024.34,-0.0676,0.1417,2.7613,158.0,0.04,0.000,0.000,WAYPOINT
2026-08-17T14:02:23.716760,37.8648890,32.4839243,1024.39,-0.0676,0.1415,2.8589,163.0,0.03,0.000,0.000,WAYPOINT
2026-08-17T14:02:24.716855,37.8648891,32.4839244,1024.36,-0.0688,0.1407,2.9538,169.0,0.03,0.000,0.000,WAYPOINT
2026-08-17T14:02:25.716793,37.8648893,32.4839250,1024.33,-0.0694,0.1421,3.0431,174.0,0.03,0.000,0.000,WAYPOINT
2026-08-17T14:02:26.716718,37.8648901,32.4839249,1024.30,-0.0660,0.1451,3.1254,179.0,0.06,0.000,0.000,WAYPOINT
2026-08-17T14:02:27.716803,37.8648910,32.4839256,1024.28,-0.0666,0.1440,-3.0829,183.0,0.08,0.000,0.000,WAYPOINT
2026-08-17T14:02:28.717039,37.8648915,32.4839253,1024.27,-0.0700,0.1115,-2.7887,200.0,0.23,0.000,0.000,WAYPOINT
2026-08-17T14:02:29.716720,37.8648927,32.4839258,1024.25,-0.0685,0.1123,-2.0932,240.0,0.22,0.000,0.000,WAYPOINT
2026-08-17T14:02:30.717022,37.8648918,32.4839283,1024.28,-0.0720,0.1322,-1.5163,273.0,0.16,0.000,0.000,WAYPOINT
2026-08-17T14:02:31.716698,37.8648904,32.4839290,1024.30,-0.0706,0.1568,-1.2552,288.0,0.13,0.000,0.000,WAYPOINT
2026-08-17T14:02:32.716726,37.8648903,32.4839264,1024.32,-0.0672,0.1334,-1.1507,294.0,0.29,0.000,0.000,WAYPOINT
2026-08-17T14:02:33.716854,37.8648912,32.4839220,1024.37,-0.0794,0.1447,-1.0571,299.0,0.47,0.000,0.000,WAYPOINT
2026-08-17T14:02:34.717126,37.8648932,32.4839162,1024.38,-0.0734,0.1356,-1.0042,302.0,0.61,0.000,0.000,WAYPOINT
2026-08-17T14:02:35.716907,37.8648952,32.4839102,1024.40,-0.0700,0.1292,-0.9913,303.0,0.63,0.000,0.000,WAYPOINT
2026-08-17T14:02:36.716712,37.8648972,32.4839046,1024.38,-0.0711,0.1283,-0.9995,302.0,0.61,0.000,0.000,WAYPOINT
2026-08-17T14:02:37.716712,37.8648990,32.4838999,1024.35,-0.0686,0.1335,-1.0179,301.0,0.57,0.000,0.000,WAYPOINT
2026-08-17T14:02:38.716817,37.8649008,32.4838945,1024.33,-0.0691,0.1338,-1.0435,300.0,0.57,0.000,0.000,WAYPOINT
2026-08-17T14:02:39.716904,37.8649022,32.4838897,1024.32,-0.0698,0.1346,-1.0823,298.0,0.54,0.000,0.000,WAYPOINT
2026-08-17T14:02:40.716725,37.8649036,32.4838849,1024.34,-0.0696,0.1370,-1.1377,294.0,0.53,0.000,0.000,WAYPOINT
2026-08-17T14:02:41.716752,37.8649046,32.4838800,1024.36,-0.0700,0.1358,-1.1975,291.0,0.50,0.000,0.000,WAYPOINT
2026-08-17T14:02:42.716792,37.8649050,32.4838756,1024.38,-0.0704,0.1375,-1.2454,288.0,0.47,0.000,0.000,WAYPOINT
2026-08-17T14:02:43.716676,37.8649056,32.4838704,1024.42,-0.0705,0.1360,-1.3011,285.0,0.47,0.000,0.000,WAYPOINT
2026-08-17T14:02:44.716927,37.8649059,32.4838646,1024.41,-0.0706,0.1359,-1.3501,282.0,0.49,0.000,0.000,WAYPOINT
2026-08-17T14:02:45.716745,37.8649062,32.4838595,1024.41,-0.0714,0.1361,-1.3671,281.0,0.47,0.000,0.000,WAYPOINT
2026-08-17T14:02:46.716700,37.8649068,32.4838547,1024.39,-0.0706,0.1377,-1.3856,280.0,0.46,0.000,0.000,WAYPOINT
2026-08-17T14:02:47.717070,37.8649076,32.4838493,1024.34,-0.0701,0.1362,-1.4120,279.0,0.47,0.000,0.000,WAYPOINT
2026-08-17T14:02:48.716972,37.8649079,32.4838445,1024.31,-0.0694,0.1377,-1.4449,277.0,0.46,0.000,0.000,WAYPOINT
2026-08-17T14:02:49.716672,37.8649081,32.4838383,1024.29,-0.0693,0.1334,-1.4785,275.0,0.50,0.000,0.000,WAYPOINT
2026-08-17T14:02:50.716788,37.8649087,32.4838329,1024.28,-0.0699,0.1353,-1.5029,273.0,0.49,0.000,0.000,WAYPOINT
2026-08-17T14:02:51.716700,37.8649093,32.4838276,1024.24,-0.0738,0.1223,-1.3955,280.0,0.47,0.000,0.000,WAYPOINT
2026-08-17T14:02:52.717242,37.8649105,32.4838230,1024.20,-0.0716,0.1389,-1.2629,287.0,0.46,0.000,0.000,WAYPOINT
2026-08-17T14:02:53.716720,37.8649119,32.4838183,1024.19,-0.0713,0.1371,-1.1604,293.0,0.45,0.000,0.000,WAYPOINT
2026-08-17T14:02:54.717004,37.8649132,32.4838145,1024.19,-0.0709,0.1393,-1.0463,300.0,0.41,0.000,0.000,WAYPOINT
2026-08-17T14:02:55.716761,37.8649158,32.4838111,1024.17,-0.0699,0.1387,-0.9394,306.0,0.42,0.000,0.000,WAYPOINT
2026-08-17T14:02:56.716685,37.8649190,32.4838078,1024.18,-0.0691,0.1361,-0.8655,310.0,0.45,0.000,0.000,WAYPOINT
2026-08-17T14:02:57.716675,37.8649229,32.4838039,1024.19,-0.0679,0.1355,-0.8350,312.0,0.50,0.000,0.000,WAYPOINT
2026-08-17T14:02:58.716743,37.8649265,32.4838001,1024.17,-0.0693,0.1360,-0.8328,312.0,0.51,0.000,0.000,WAYPOINT
2026-08-17T14:02:59.716720,37.8649299,32.4837959,1024.19,-0.0695,0.1362,-0.8259,312.0,0.52,0.000,0.000,WAYPOINT
2026-08-17T14:03:00.716790,37.8649333,32.4837920,1024.24,-0.0711,0.1339,-0.7952,314.0,0.52,0.000,0.000,WAYPOINT
2026-08-17T14:03:01.716739,37.8649367,32.4837883,1024.28,-0.0705,0.1356,-0.7672,316.0,0.53,0.000,0.000,WAYPOINT
2026-08-17T14:03:02.716711,37.8649409,32.4837848,1024.29,-0.0689,0.1364,-0.7680,316.0,0.53,0.000,0.000,WAYPOINT
2026-08-17T14:03:03.716756,37.8649450,32.4837812,1024.33,-0.0696,0.1355,-0.7812,315.0,0.53,0.000,0.000,WAYPOINT
2026-08-17T14:03:04.716694,37.8649488,32.4837777,1024.38,-0.0697,0.1358,-0.7984,314.0,0.51,0.000,0.000,WAYPOINT
2026-08-17T14:03:05.716731,37.8649521,32.4837748,1024.41,-0.0701,0.1382,-0.8065,313.0,0.47,0.000,0.000,WAYPOINT
2026-08-17T14:03:06.717025,37.8649557,32.4837716,1024.42,-0.0709,0.1367,-0.7973,314.0,0.47,0.000,0.000,WAYPOINT
2026-08-17T14:03:07.716723,37.8649585,32.4837691,1024.45,-0.0667,0.1176,-0.8152,313.0,0.31,0.000,0.000,WAYPOINT
2026-08-17T14:03:08.717268,37.8649586,32.4837681,1024.48,-0.0552,0.1376,-1.0153,301.0,0.20,0.000,0.000,WAYPOINT
2026-08-17T14:03:09.721499,37.8649579,32.4837657,1024.47,-0.0711,0.0956,-1.6265,266.0,0.28,0.000,0.000,WAYPOINT
2026-08-17T14:03:10.716793,37.8649584,32.4837645,1024.44,-0.0596,0.1016,-2.2332,232.0,0.15,0.000,0.000,WAYPOINT
2026-08-17T14:03:11.720082,37.8649587,32.4837649,1024.44,-0.0519,0.0974,-2.8344,197.0,0.12,0.000,0.000,WAYPOINT
2026-08-17T14:03:12.716782,37.8649580,32.4837651,1024.46,-0.0501,0.0930,2.8395,162.0,0.11,0.000,0.000,WAYPOINT
2026-08-17T14:03:13.716746,37.8649570,32.4837645,1024.50,-0.0614,0.1478,2.3900,136.0,0.09,0.000,0.000,WAYPOINT
2026-08-17T14:03:14.716859,37.8649549,32.4837650,1024.49,-0.0641,0.1445,2.1164,121.0,0.30,0.000,0.000,WAYPOINT
2026-08-17T14:03:15.717430,37.8649524,32.4837690,1024.47,-0.0681,0.1177,1.9526,111.0,0.56,0.000,0.000,WAYPOINT
2026-08-17T14:03:16.716676,37.8649500,32.4837743,1024.47,-0.0684,0.1284,1.8352,105.0,0.62,0.000,0.000,WAYPOINT
2026-08-17T14:03:17.716859,37.8649485,32.4837801,1024.48,-0.0715,0.1284,1.7723,101.0,0.59,0.000,0.000,WAYPOINT
2026-08-17T14:03:18.717119,37.8649474,32.4837844,1024.48,-0.0723,0.1336,1.7668,101.0,0.51,0.000,0.000,WAYPOINT
2026-08-17T14:03:19.716726,37.8649464,32.4837882,1024.47,-0.0732,0.1261,1.8359,105.0,0.40,0.000,0.000,WAYPOINT
2026-08-17T14:03:20.716786,37.8649453,32.4837906,1024.46,-0.0711,0.1445,1.9879,113.0,0.35,0.000,0.000,WAYPOINT
2026-08-17T14:03:21.716763,37.8649435,32.4837937,1024.49,-0.0687,0.1430,2.1142,121.0,0.41,0.000,0.000,WAYPOINT
2026-08-17T14:03:22.716681,37.8649415,32.4837965,1024.59,-0.0716,0.1413,2.2422,128.0,0.41,0.000,0.000,WAYPOINT
2026-08-17T14:03:23.716846,37.8649390,32.4837998,1024.69,-0.0701,0.1373,2.3798,136.0,0.43,0.000,0.000,WAYPOINT
2026-08-17T14:03:24.716800,37.8649365,32.4838021,1024.69,-0.0705,0.1330,2.4868,142.0,0.35,0.000,0.000,WAYPOINT
2026-08-17T14:03:25.716707,37.8649339,32.4838031,1024.64,-0.0695,0.1405,2.5877,148.0,0.34,0.000,0.000,WAYPOINT
2026-08-17T14:03:26.716753,37.8649301,32.4838054,1024.60,-0.0747,0.1310,2.6268,150.0,0.41,0.000,0.000,WAYPOINT
2026-08-17T14:03:27.717568,37.8649272,32.4838076,1024.58,-0.0733,0.1442,2.6217,150.0,0.41,0.000,0.000,WAYPOINT
2026-08-17T14:03:28.716761,37.8649232,32.4838100,1024.59,-0.0706,0.1375,2.6841,153.0,0.48,0.000,0.000,WAYPOINT
2026-08-17T14:03:29.717049,37.8649190,32.4838122,1024.55,-0.0696,0.1344,2.7316,156.0,0.50,0.000,0.000,WAYPOINT
2026-08-17T14:03:30.716730,37.8649151,32.4838145,1024.50,-0.0704,0.1355,2.7698,158.0,0.50,0.000,0.000,WAYPOINT
2026-08-17T14:03:31.716818,37.8649104,32.4838173,1024.48,-0.0713,0.1324,2.7960,160.0,0.52,0.000,0.000,WAYPOINT
2026-08-17T14:03:32.716744,37.8649055,32.4838201,1024.48,-0.0698,0.1329,2.8089,160.0,0.54,0.000,0.000,WAYPOINT
2026-08-17T14:03:33.716682,37.8649005,32.4838222,1024.48,-0.0685,0.1347,2.7885,159.0,0.53,0.000,0.000,WAYPOINT
2026-08-17T14:03:34.716805,37.8648953,32.4838243,1024.46,-0.0687,0.1299,2.7461,157.0,0.54,0.000,0.000,WAYPOINT
2026-08-17T14:03:35.717223,37.8648914,32.4838268,1024.46,-0.0705,0.1211,2.7411,157.0,0.36,0.000,0.000,WAYPOINT
2026-08-17T14:03:36.716925,37.8648902,32.4838284,1024.44,-0.0555,0.1182,2.5764,147.0,0.25,0.000,0.000,WAYPOINT
2026-08-17T14:03:37.716801,37.8648908,32.4838306,1024.44,-0.0698,0.0914,1.9795,113.0,0.34,0.000,0.000,WAYPOINT
2026-08-17T14:03:38.717203,37.8648902,32.4838306,1024.50,-0.0704,0.1293,1.4558,83.0,0.14,0.000,0.000,WAYPOINT
2026-08-17T14:03:39.716665,37.8648893,32.4838316,1024.52,-0.0670,0.1394,1.1839,67.0,0.02,0.000,0.000,WAYPOINT
2026-08-17T14:03:40.716807,37.8648896,32.4838340,1024.48,-0.0670,0.1383,1.1005,63.0,0.25,0.000,0.000,WAYPOINT
2026-08-17T14:03:41.716988,37.8648916,32.4838369,1024.50,-0.0702,0.1411,1.0396,59.0,0.42,0.000,0.000,WAYPOINT
2026-08-17T14:03:42.716786,37.8648947,32.4838411,1024.48,-0.0725,0.1454,0.9926,56.0,0.53,0.000,0.000,WAYPOINT
2026-08-17T14:03:43.717058,37.8648966,32.4838432,1024.45,-0.0651,0.1592,1.0903,62.0,0.32,0.000,0.000,WAYPOINT
2026-08-17T14:03:44.716714,37.8648981,32.4838473,1024.41,-0.0677,0.1378,1.2126,69.0,0.47,0.000,0.000,WAYPOINT
2026-08-17T14:03:45.716710,37.8648994,32.4838534,1024.43,-0.0709,0.1335,1.2780,73.0,0.54,0.000,0.000,WAYPOINT
2026-08-17T14:03:46.716694,37.8649013,32.4838589,1024.42,-0.0719,0.1338,1.3480,77.0,0.53,0.000,0.000,WAYPOINT
2026-08-17T14:03:47.716795,37.8649026,32.4838634,1024.38,-0.0715,0.1336,1.4329,82.0,0.49,0.000,0.000,WAYPOINT
2026-08-17T14:03:48.717012,37.8649031,32.4838689,1024.38,-0.0708,0.1328,1.5069,86.0,0.49,0.000,0.000,WAYPOINT
2026-08-17T14:03:49.716856,37.8649031,32.4838750,1024.37,-0.0692,0.1348,1.5644,89.0,0.49,0.000,0.000,WAYPOINT
2026-08-17T14:03:50.716857,37.8649040,32.4838811,1024.38,-0.0703,0.1312,1.6170,92.0,0.50,0.000,0.000,WAYPOINT
2026-08-17T14:03:51.716917,37.8649041,32.4838880,1024.40,-0.0700,0.1295,1.6641,95.0,0.52,0.000,0.000,WAYPOINT
2026-08-17T14:03:52.716772,37.8649037,32.4838944,1024.43,-0.0689,0.1322,1.6930,96.0,0.52,0.000,0.000,WAYPOINT
2026-08-17T14:03:53.716660,37.8649034,32.4839002,1024.46,-0.0682,0.1317,1.6995,97.0,0.50,0.000,0.000,WAYPOINT
2026-08-17T14:03:54.716721,37.8649033,32.4839056,1024.49,-0.0674,0.1319,1.6916,96.0,0.49,0.000,0.000,WAYPOINT
2026-08-17T14:03:55.716787,37.8649028,32.4839109,1024.50,-0.0709,0.1121,1.7210,98.0,0.34,0.000,0.000,WAYPOINT
2026-08-17T14:03:56.716681,37.8649027,32.4839124,1024.52,-0.0704,0.1407,1.7537,100.0,0.08,0.000,0.000,WAYPOINT
2026-08-17T14:03:57.716766,37.8649028,32.4839133,1024.51,-0.0747,0.1392,1.7028,97.0,0.07,0.000,0.000,WAYPOINT
2026-08-17T14:03:58.716715,37.8649025,32.4839139,1024.50,-0.0668,0.1445,1.7258,98.0,0.03,0.000,0.000,WAYPOINT
2026-08-17T14:03:59.716806,37.8649019,32.4839143,1024.52,-0.0614,0.1410,1.7303,99.0,0.02,0.000,0.000,WAYPOINT
2026-08-17T14:04:00.720135,37.8649016,32.4839141,1024.54,-0.0588,0.1355,1.7360,99.0,0.04,0.000,0.000,WAYPOINT
2026-08-17T14:04:01.716695,37.8649013,32.4839139,1024.52,-0.0581,0.1354,1.7382,99.0,0.06,0.000,0.000,WAYPOINT
2026-08-17T14:04:02.716825,37.8649012,32.4839137,1024.50,-0.0596,0.1337,1.7391,99.0,0.07,0.000,0.000,WAYPOINT
2026-08-17T14:04:03.716937,37.8649010,32.4839126,1024.51,-0.0632,0.1405,1.7418,99.0,0.09,0.000,0.000,WAYPOINT
2026-08-17T14:04:04.716861,37.8649012,32.4839116,1024.50,-0.0655,0.1466,1.7401,99.0,0.11,0.000,0.000,WAYPOINT
2026-08-17T14:04:05.717040,37.8649014,32.4839107,1024.52,-0.0660,0.1466,1.7462,100.0,0.12,0.000,0.000,WAYPOINT
2026-08-17T14:04:06.717060,37.8649013,32.4839105,1024.57,-0.0652,0.1460,1.7382,99.0,0.05,0.000,0.000,WAYPOINT
2026-08-17T14:04:07.716750,37.8649010,32.4839110,1024.60,-0.0616,0.1410,1.7520,100.0,0.09,0.000,0.000,WAYPOINT
2026-08-17T14:04:08.717061,37.8649011,32.4839117,1024.62,-0.0686,0.1396,1.7323,99.0,0.04,0.000,0.000,WAYPOINT
2026-08-17T14:04:09.718167,37.8649010,32.4839115,1024.63,-0.0722,0.1368,1.7345,99.0,0.02,0.000,0.000,WAYPOINT
2026-08-17T14:04:10.716788,37.8649009,32.4839109,1024.62,-0.0745,0.1386,1.7384,99.0,0.05,0.000,0.000,WAYPOINT
2026-08-17T14:04:11.716800,37.8649006,32.4839100,1024.62,-0.0700,0.1458,1.7408,99.0,0.08,0.000,0.000,WAYPOINT
2026-08-17T14:04:12.717081,37.8649005,32.4839094,1024.59,-0.0615,0.1280,1.7357,99.0,0.07,0.000,0.000,IDLE
2026-08-17T14:04:13.716788,37.8649003,32.4839092,1024.58,-0.0646,0.1367,1.7365,99.0,0.04,0.000,0.000,IDLE
2026-08-17T14:04:14.716877,37.8649005,32.4839084,1024.57,-0.0681,0.1443,1.7348,99.0,0.06,0.000,0.000,IDLE
2026-08-17T14:04:15.716822,37.8649005,32.4839091,1024.53,-0.0691,0.1398,1.7312,99.0,0.04,0.000,0.000,IDLE
2026-08-17T14:04:16.716777,37.8649005,32.4839091,1024.46,-0.0724,0.1378,1.7338,99.0,0.02,0.000,0.000,IDLE
2026-08-17T14:04:17.716723,37.8649001,32.4839096,1024.42,-0.0655,0.1395,1.7347,99.0,0.01,0.000,0.000,IDLE
2026-08-17T14:04:18.716735,37.8648997,32.4839097,1024.42,-0.0674,0.1340,1.7341,99.0,0.02,0.000,0.000,IDLE
2026-08-17T14:04:19.716806,37.8648998,32.4839092,1024.40,-0.0706,0.1395,1.7379,99.0,0.04,0.000,0.000,IDLE
2026-08-17T14:04:20.716944,37.8648993,32.4839090,1024.38,-0.0619,0.1425,1.7369,99.0,0.04,0.000,0.000,IDLE
2026-08-17T14:04:21.716898,37.8648992,32.4839091,1024.34,-0.0690,0.1391,1.7357,99.0,0.02,0.000,0.000,IDLE
2026-08-17T14:04:22.716912,37.8648992,32.4839094,1024.36,-0.0683,0.1423,1.7452,100.0,0.02,0.000,0.000,IDLE
2026-08-17T14:04:23.717571,37.8648988,32.4839100,1024.35,-0.0692,0.1430,1.7556,100.0,0.03,0.000,0.000,IDLE
2026-08-17T14:04:24.716728,37.8648989,32.4839101,1024.32,-0.0704,0.1435,1.7630,101.0,0.01,0.000,0.000,IDLE
2026-08-17T14:04:25.716765,37.8648991,32.4839103,1024.34,-0.0686,0.1387,1.7709,101.0,0.02,0.000,0.000,IDLE
2026-08-17T14:04:26.716762,37.8648991,32.4839108,1024.35,-0.0708,0.1738,1.7808,102.0,0.05,0.000,0.000,IDLE
2026-08-17T14:04:27.718866,37.8648991,32.4839123,1024.32,-0.0650,0.1544,1.8218,104.0,0.10,0.000,0.000,IDLE
2026-08-17T14:04:28.716916,37.8648986,32.4839146,1024.37,-0.0727,0.1417,1.9013,108.0,0.28,0.000,0.000,IDLE
2026-08-17T14:04:29.716833,37.8648977,32.4839190,1024.40,-0.0700,0.1313,1.9230,110.0,0.37,0.000,0.000,IDLE
2026-08-17T14:04:30.716871,37.8648968,32.4839238,1024.43,-0.0673,0.1505,1.9902,114.0,0.42,0.000,0.000,IDLE
2026-08-17T14:04:31.716944,37.8648959,32.4839285,1024.42,-0.0695,0.1568,2.0271,116.0,0.44,0.000,0.000,IDLE
2026-08-17T14:04:32.717083,37.8648945,32.4839331,1024.40,-0.0714,0.1871,2.0495,117.0,0.40,0.000,0.000,IDLE
2026-08-17T14:04:33.716778,37.8648937,32.4839374,1024.33,-0.0796,0.1346,1.9452,111.0,0.38,0.000,0.000,IDLE
2026-08-17T14:04:34.716820,37.8648934,32.4839409,1024.38,-0.0714,0.1647,1.7037,97.0,0.26,0.000,0.000,IDLE
2026-08-17T14:04:35.717076,37.8648935,32.4839421,1024.39,-0.0677,0.1471,1.2112,69.0,0.12,0.000,0.000,IDLE
2026-08-17T14:04:36.716771,37.8648918,32.4839422,1024.40,-0.0698,0.1578,0.7324,41.0,0.08,0.000,0.000,IDLE
2026-08-17T14:04:37.716735,37.8648901,32.4839434,1024.46,-0.0933,0.2442,0.4843,27.0,0.11,0.000,0.000,IDLE
2026-08-17T14:04:38.717161,37.8648906,32.4839447,1024.37,-0.0796,0.1679,0.4349,24.0,0.08,0.000,0.000,IDLE
2026-08-17T14:04:39.716750,37.8648910,32.4839455,1024.35,-0.0788,0.1563,0.4500,25.0,0.06,0.000,0.000,IDLE
2026-08-17T14:04:40.717011,37.8648914,32.4839454,1024.37,-0.0648,0.1221,0.3942,22.0,0.08,0.000,0.000,IDLE
2026-08-17T14:04:41.717407,37.8648905,32.4839460,1024.37,-0.0617,0.1358,0.0979,5.0,0.09,0.000,0.000,IDLE
2026-08-17T14:04:42.716723,37.8648895,32.4839460,1024.40,-0.0770,0.1169,-0.2913,343.0,0.18,0.000,0.000,IDLE
2026-08-17T14:04:43.717197,37.8648898,32.4839461,1024.38,-0.0708,0.1350,-0.6900,320.0,0.07,0.000,0.000,IDLE
2026-08-17T14:04:44.716762,37.8648902,32.4839462,1024.36,-0.0720,0.1419,-0.9447,305.0,0.04,0.000,0.000,IDLE
2026-08-17T14:04:45.716725,37.8648903,32.4839459,1024.41,-0.0664,0.1425,-1.1120,296.0,0.06,0.000,0.000,IDLE
2026-08-17T14:04:46.716835,37.8648901,32.4839453,1024.37,-0.0712,0.1386,-1.2402,288.0,0.07,0.000,0.000,IDLE
2026-08-17T14:04:47.716821,37.8648898,32.4839452,1024.36,-0.0700,0.1389,-1.3490,282.0,0.07,0.000,0.000,IDLE
2026-08-17T14:04:48.716768,37.8648897,32.4839450,1024.34,-0.0701,0.1389,-1.4533,276.0,0.08,0.000,0.000,IDLE
2026-08-17T14:04:49.716805,37.8648898,32.4839446,1024.37,-0.0697,0.1394,-1.5487,271.0,0.08,0.000,0.000,IDLE
2026-08-17T14:04:50.716701,37.8648900,32.4839446,1024.38,-0.0670,0.1403,-1.6366,266.0,0.07,0.000,0.000,IDLE
2026-08-17T14:04:51.717089,37.8648899,32.4839447,1024.44,-0.0698,0.1397,-1.7110,261.0,0.06,0.000,0.000,IDLE
2026-08-17T14:04:52.716919,37.8648894,32.4839448,1024.49,-0.0682,0.1422,-1.7758,258.0,0.05,0.000,0.000,IDLE
2026-08-17T14:04:53.716709,37.8648893,32.4839450,1024.50,-0.0680,0.1448,-1.8269,255.0,0.04,0.000,0.000,IDLE
2026-08-17T14:04:54.716768,37.8648892,32.4839446,1024.45,-0.0722,0.1454,-1.8722,252.0,0.04,0.000,0.000,IDLE
2026-08-17T14:04:55.716681,37.8648894,32.4839435,1024.45,-0.0703,0.1425,-1.9024,251.0,0.07,0.000,0.000,IDLE
2026-08-17T14:04:56.716676,37.8648892,32.4839435,1024.45,-0.0679,0.1400,-1.9177,250.0,0.06,0.000,0.000,IDLE
2026-08-17T14:04:57.716886,37.8648896,32.4839432,1024.45,-0.0670,0.1347,-1.9204,249.0,0.07,0.000,0.000,IDLE
2026-08-17T14:04:58.717211,37.8648905,32.4839429,1024.44,-0.0687,0.1580,-1.7451,260.0,0.25,0.000,0.000,IDLE
2026-08-17T14:04:59.716918,37.8648907,32.4839394,1024.40,-0.0732,0.1406,-1.6538,265.0,0.43,0.000,0.000,IDLE
2026-08-17T14:05:00.717129,37.8648914,32.4839335,1024.36,-0.0700,0.1351,-1.5811,269.0,0.53,0.000,0.000,IDLE
2026-08-17T14:05:01.716987,37.8648921,32.4839272,1024.34,-0.0735,0.1343,-1.5549,270.0,0.57,0.000,0.000,IDLE
2026-08-17T14:05:02.716748,37.8648926,32.4839213,1024.34,-0.0698,0.1282,-1.5625,270.0,0.55,0.000,0.000,IDLE
2026-08-17T14:05:03.717050,37.8648933,32.4839141,1024.36,-0.0685,0.1297,-1.5645,270.0,0.57,0.000,0.000,IDLE
2026-08-17T14:05:04.716760,37.8648942,32.4839082,1024.40,-0.0682,0.1299,-1.5691,270.0,0.54,0.000,0.000,IDLE
2026-08-17T14:05:05.716668,37.8648941,32.4839025,1024.40,-0.0677,0.1317,-1.5863,269.0,0.52,0.000,0.000,IDLE
2026-08-17T14:05:06.716883,37.8648944,32.4838965,1024.43,-0.0687,0.1314,-1.5792,269.0,0.51,0.000,0.000,IDLE
2026-08-17T14:05:07.716690,37.8648948,32.4838909,1024.44,-0.0690,0.1327,-1.5603,270.0,0.50,0.000,0.000,IDLE
2026-08-17T14:05:08.716774,37.8648952,32.4838858,1024.44,-0.0694,0.1340,-1.5433,271.0,0.48,0.000,0.000,IDLE
2026-08-17T14:05:09.717288,37.8648960,32.4838807,1024.45,-0.0705,0.1356,-1.5328,272.0,0.47,0.000,0.000,IDLE
2026-08-17T14:05:10.716784,37.8648971,32.4838750,1024.47,-0.0679,0.1337,-1.5314,272.0,0.50,0.000,0.000,IDLE
2026-08-17T14:05:11.716722,37.8648983,32.4838694,1024.50,-0.0680,0.1344,-1.5405,271.0,0.50,0.000,0.000,IDLE
2026-08-17T14:05:12.716935,37.8648992,32.4838636,1024.48,-0.0679,0.1340,-1.5546,270.0,0.50,0.000,0.000,IDLE
2026-08-17T14:05:13.716713,37.8648997,32.4838579,1024.49,-0.0683,0.1331,-1.5645,270.0,0.50,0.000,0.000,IDLE
2026-08-17T14:05:14.716822,37.8649003,32.4838527,1024.48,-0.0692,0.1358,-1.5629,270.0,0.48,0.000,0.000,IDLE
2026-08-17T14:05:15.716902,37.8649007,32.4838479,1024.46,-0.0699,0.1363,-1.5558,270.0,0.46,0.000,0.000,IDLE
2026-08-17T14:05:16.717071,37.8649013,32.4838427,1024.45,-0.0692,0.1355,-1.5492,271.0,0.46,0.000,0.000,IDLE
2026-08-17T14:05:17.716688,37.8649017,32.4838380,1024.46,-0.0695,0.1350,-1.5350,272.0,0.46,0.000,0.000,IDLE
2026-08-17T14:05:18.716778,37.8649023,32.4838324,1024.49,-0.0706,0.1358,-1.5162,273.0,0.48,0.000,0.000,IDLE
2026-08-17T14:05:19.717379,37.8649037,32.4838265,1024.54,-0.0725,0.1355,-1.4734,275.0,0.51,0.000,0.000,IDLE
2026-08-17T14:05:20.716739,37.8649059,32.4838215,1024.56,-0.0690,0.1352,-1.3107,284.0,0.48,0.000,0.000,IDLE
2026-08-17T14:05:21.720024,37.8649078,32.4838165,1024.57,-0.0709,0.1287,-1.2171,290.0,0.47,0.000,0.000,IDLE
2026-08-17T14:05:22.716959,37.8649102,32.4838121,1024.57,-0.0711,0.1328,-1.1220,295.0,0.48,0.000,0.000,IDLE
2026-08-17T14:05:23.716780,37.8649131,32.4838084,1024.59,-0.0691,0.1337,-1.0277,301.0,0.48,0.000,0.000,IDLE
2026-08-17T14:05:24.716836,37.8649159,32.4838048,1024.65,-0.0701,0.1351,-0.9336,306.0,0.48,0.000,0.000,IDLE
2026-08-17T14:05:25.716938,37.8649197,32.4838018,1024.71,-0.0677,0.1382,-0.8387,311.0,0.49,0.000,0.000,IDLE
2026-08-17T14:05:26.718185,37.8649234,32.4837991,1024.71,-0.0687,0.1350,-0.7709,315.0,0.50,0.000,0.000,IDLE
2026-08-17T14:05:27.716682,37.8649269,32.4837968,1024.70,-0.0687,0.1344,-0.7469,317.0,0.49,0.000,0.000,IDLE
2026-08-17T14:05:28.716772,37.8649308,32.4837945,1024.65,-0.0687,0.1327,-0.7593,316.0,0.49,0.000,0.000,IDLE
2026-08-17T14:05:29.716986,37.8649351,32.4837916,1024.61,-0.0685,0.1345,-0.7866,314.0,0.50,0.000,0.000,IDLE
2026-08-17T14:05:30.718345,37.8649393,32.4837888,1024.58,-0.0679,0.1338,-0.8207,312.0,0.51,0.000,0.000,IDLE
2026-08-17T14:05:31.716697,37.8649428,32.4837853,1024.55,-0.0710,0.1321,-0.8560,310.0,0.51,0.000,0.000,IDLE
2026-08-17T14:05:32.716843,37.8649465,32.4837820,1024.50,-0.0704,0.1332,-0.8818,309.0,0.50,0.000,0.000,IDLE
2026-08-17T14:05:33.716739,37.8649498,32.4837790,1024.47,-0.0699,0.1357,-0.9116,307.0,0.48,0.000,0.000,IDLE
2026-08-17T14:05:34.716884,37.8649530,32.4837757,1024.45,-0.0717,0.1326,-0.9405,306.0,0.48,0.000,0.000,IDLE
2026-08-17T14:05:35.716901,37.8649560,32.4837720,1024.38,-0.0687,0.1194,-0.9761,304.0,0.39,0.000,0.000,IDLE
2026-08-17T14:05:36.716778,37.8649574,32.4837702,1024.31,-0.0584,0.1154,-1.1158,296.0,0.10,0.000,0.000,IDLE
2026-08-17T14:05:37.716807,37.8649561,32.4837687,1024.27,-0.0646,0.0923,-1.6974,262.0,0.29,0.000,0.000,IDLE
2026-08-17T14:05:38.717396,37.8649564,32.4837665,1024.26,-0.0593,0.1026,-2.3152,227.0,0.15,0.000,0.000,IDLE
2026-08-17T14:05:39.717030,37.8649565,32.4837652,1024.25,-0.0451,0.1093,-2.9469,191.0,0.04,0.000,0.000,IDLE
2026-08-17T14:05:40.716859,37.8649557,32.4837645,1024.27,-0.0411,0.1009,2.7053,154.0,0.09,0.000,0.000,IDLE
2026-08-17T14:05:41.716786,37.8649544,32.4837634,1024.32,-0.0507,0.1337,2.2891,131.0,0.13,0.000,0.000,IDLE
2026-08-17T14:05:42.716781,37.8649524,32.4837650,1024.38,-0.0679,0.1562,2.0258,116.0,0.28,0.000,0.000,IDLE
2026-08-17T14:05:43.717235,37.8649503,32.4837695,1024.44,-0.0627,0.1420,1.8754,107.0,0.50,0.000,0.000,IDLE
2026-08-17T14:05:44.716815,37.8649487,32.4837748,1024.48,-0.0612,0.1420,1.7623,100.0,0.54,0.000,0.000,IDLE
2026-08-17T14:05:45.716841,37.8649474,32.4837801,1024.51,-0.0693,0.1325,1.7327,99.0,0.52,0.000,0.000,IDLE
2026-08-17T14:05:46.716811,37.8649467,32.4837845,1024.50,-0.0683,0.1314,1.7676,101.0,0.48,0.000,0.000,IDLE
2026-08-17T14:05:47.716714,37.8649457,32.4837883,1024.45,-0.0692,0.1412,1.8726,107.0,0.42,0.000,0.000,IDLE
2026-08-17T14:05:48.717030,37.8649444,32.4837917,1024.36,-0.0701,0.1449,2.0179,115.0,0.39,0.000,0.000,IDLE
2026-08-17T14:05:49.716736,37.8649425,32.4837952,1024.30,-0.0677,0.1407,2.1669,124.0,0.43,0.000,0.000,IDLE
2026-08-17T14:05:50.717165,37.8649401,32.4837984,1024.27,-0.0657,0.1499,2.3277,133.0,0.39,0.000,0.000,IDLE
2026-08-17T14:05:51.716739,37.8649380,32.4838005,1024.25,-0.0696,0.1479,2.4698,141.0,0.32,0.000,0.000,IDLE
2026-08-17T14:05:52.716875,37.8649368,32.4838020,1024.27,-0.0597,0.2270,2.5021,143.0,0.18,0.000,0.000,IDLE
2026-08-17T14:05:53.716938,37.8649356,32.4838035,1024.23,-0.0605,0.2370,2.5898,148.0,0.12,0.000,0.000,IDLE
2026-08-17T14:05:54.716898,37.8649353,32.4838037,1024.23,-0.0562,0.2416,2.6998,154.0,0.01,0.000,0.000,IDLE
2026-08-17T14:05:55.716944,37.8649345,32.4838038,1024.21,-0.0526,0.2404,2.7791,159.0,0.02,0.000,0.000,IDLE
2026-08-17T14:05:56.716760,37.8649339,32.4838038,1024.15,-0.0476,0.2499,2.8162,161.0,0.03,0.000,0.000,IDLE
2026-08-17T14:05:57.718398,37.8649335,32.4838039,1024.12,-0.0539,0.2367,2.8194,161.0,0.05,0.000,0.000,IDLE
2026-08-17T14:05:58.716849,37.8649351,32.4838034,1024.11,-0.0649,0.2526,2.8085,160.0,0.23,0.000,0.000,IDLE
2026-08-17T14:05:59.717228,37.8649366,32.4838024,1024.15,-0.0672,0.1729,2.8900,165.0,0.13,0.000,0.000,IDLE
2026-08-17T14:06:00.716862,37.8649387,32.4838020,1024.26,-0.0671,0.1790,2.9327,168.0,0.18,0.000,0.000,IDLE
2026-08-17T14:06:01.716727,37.8649403,32.4838019,1024.30,-0.0667,0.1640,2.9822,170.0,0.20,0.000,0.000,IDLE
2026-08-17T14:06:02.716688,37.8649420,32.4838015,1024.32,-0.0679,0.1442,3.0294,173.0,0.20,0.000,0.000,IDLE
2026-08-17T14:06:03.716893,37.8649437,32.4838017,1024.42,-0.0692,0.1314,3.1056,177.0,0.19,0.000,0.000,IDLE
2026-08-17T14:06:04.717053,37.8649453,32.4838019,1024.45,-0.0706,0.1358,-3.0726,183.0,0.19,0.000,0.000,IDLE
2026-08-17T14:06:05.716862,37.8649472,32.4838018,1024.47,-0.0701,0.1422,-2.9501,190.0,0.20,0.000,0.000,IDLE
2026-08-17T14:06:06.716705,37.8649489,32.4838019,1024.42,-0.0695,0.1443,-2.8263,198.0,0.20,0.000,0.000,IDLE
2026-08-17T14:06:07.716692,37.8649511,32.4838020,1024.43,-0.0646,0.1470,-2.7105,204.0,0.22,0.000,0.000,IDLE
2026-08-17T14:06:08.716876,37.8649531,32.4838023,1024.42,-0.0656,0.1481,-2.6063,210.0,0.23,0.000,0.000,IDLE
2026-08-17T14:06:09.716781,37.8649547,32.4838031,1024.43,-0.0627,0.1448,-2.5046,216.0,0.22,0.000,0.000,IDLE
2026-08-17T14:06:10.717274,37.8649559,32.4838040,1024.40,-0.0663,0.1434,-2.4042,222.0,0.20,0.000,0.000,IDLE
2026-08-17T14:06:11.716759,37.8649565,32.4838042,1024.44,-0.0676,0.1431,-2.3079,227.0,0.15,0.000,0.000,IDLE
2026-08-17T14:06:12.716730,37.8649576,32.4838044,1024.36,-0.0716,0.1401,-2.2204,232.0,0.13,0.000,0.000,IDLE
2026-08-17T14:06:13.716702,37.8649586,32.4838048,1024.34,-0.0726,0.1418,-2.1465,237.0,0.12,0.000,0.000,IDLE
2026-08-17T14:06:14.716998,37.8649596,32.4838054,1024.35,-0.0684,0.1419,-2.0889,240.0,0.13,0.000,0.000,IDLE
2026-08-17T14:06:15.716983,37.8649600,32.4838057,1024.34,-0.0682,0.1426,-2.0439,242.0,0.09,0.000,0.000,IDLE
2026-08-17T14:06:16.716716,37.8649607,32.4838061,1024.32,-0.0676,0.1421,-2.0090,244.0,0.08,0.000,0.000,IDLE
2026-08-17T14:06:17.716710,37.8649614,32.4838067,1024.29,-0.0653,0.1411,-1.9818,246.0,0.09,0.000,0.000,IDLE
2026-08-17T14:06:18.716747,37.8649621,32.4838070,1024.27,-0.0662,0.1389,-1.9587,247.0,0.08,0.000,0.000,IDLE
2026-08-17T14:06:19.716721,37.8649622,32.4838075,1024.26,-0.0708,0.1411,-1.9357,249.0,0.07,0.000,0.000,IDLE
2026-08-17T14:06:20.716852,37.8649627,32.4838075,1024.22,-0.0712,0.1416,-1.9145,250.0,0.06,0.000,0.000,IDLE
2026-08-17T14:06:21.716832,37.8649637,32.4838080,1024.22,-0.0702,0.1419,-1.8936,251.0,0.08,0.000,0.000,IDLE
2026-08-17T14:06:22.716652,37.8649646,32.4838088,1024.25,-0.0668,0.1428,-1.8724,252.0,0.10,0.000,0.000,IDLE
2026-08-17T14:06:23.716698,37.8649652,32.4838092,1024.26,-0.0662,0.1440,-1.8512,253.0,0.09,0.000,0.000,IDLE
2026-08-17T14:06:24.716710,37.8649657,32.4838099,1024.30,-0.0662,0.1423,-1.8313,255.0,0.09,0.000,0.000,IDLE
2026-08-17T14:06:25.716960,37.8649665,32.4838102,1024.33,-0.0677,0.1393,-1.8117,256.0,0.09,0.000,0.000,IDLE
2026-08-17T14:06:26.716733,37.8649671,32.4838110,1024.36,-0.0687,0.1400,-1.7917,257.0,0.10,0.000,0.000,IDLE
2026-08-17T14:06:27.717246,37.8649675,32.4838116,1024.37,-0.0708,0.1421,-1.7726,258.0,0.10,0.000,0.000,IDLE
2026-08-17T14:06:28.716938,37.8649675,32.4838123,1024.29,-0.0698,0.1432,-1.7546,259.0,0.09,0.000,0.000,IDLE
2026-08-17T14:06:29.716831,37.8649675,32.4838131,1024.30,-0.0685,0.1319,-1.8356,254.0,0.11,0.000,0.000,IDLE
2026-08-17T14:06:30.716746,37.8649669,32.4838123,1024.35,-0.0678,0.1365,-2.1171,238.0,0.14,0.000,0.000,IDLE
2026-08-17T14:06:31.716787,37.8649658,32.4838107,1024.43,-0.0653,0.1387,-2.4133,221.0,0.24,0.000,0.000,IDLE
2026-08-17T14:06:32.716733,37.8649630,32.4838088,1024.46,-0.0669,0.1289,-2.6276,209.0,0.40,0.000,0.000,IDLE
2026-08-17T14:06:33.716711,37.8649582,32.4838067,1024.47,-0.0666,0.1205,-2.7814,200.0,0.50,0.000,0.000,IDLE
2026-08-17T14:06:34.716703,37.8649532,32.4838053,1024.53,-0.0613,0.1222,-2.9146,193.0,0.54,0.000,0.000,IDLE
2026-08-17T14:06:35.716757,37.8649482,32.4838048,1024.56,-0.0597,0.1267,-3.0160,187.0,0.55,0.000,0.000,IDLE
2026-08-17T14:06:36.716736,37.8649434,32.4838053,1024.56,-0.0721,0.1426,-3.0794,183.0,0.54,0.000,0.000,IDLE
2026-08-17T14:06:37.716757,37.8649392,32.4838051,1024.54,-0.0773,0.1543,3.1277,179.0,0.39,0.000,0.000,IDLE
2026-08-17T14:06:38.716882,37.8649379,32.4838060,1024.58,-0.0615,0.2094,2.9015,166.0,0.22,0.000,0.000,IDLE
2026-08-17T14:06:39.717247,37.8649386,32.4838062,1024.55,-0.0796,0.1279,2.5654,146.0,0.21,0.000,0.000,IDLE
2026-08-17T14:06:40.716936,37.8649396,32.4838049,1024.53,-0.0737,0.1438,2.3212,132.0,0.17,0.000,0.000,IDLE
2026-08-17T14:06:41.716738,37.8649404,32.4838036,1024.52,-0.0745,0.1583,2.1753,124.0,0.15,0.000,0.000,IDLE
2026-08-17T14:06:42.716697,37.8649412,32.4838028,1024.43,-0.0707,0.1561,2.0890,119.0,0.14,0.000,0.000,IDLE
2026-08-17T14:06:43.719039,37.8649421,32.4838020,1024.39,-0.0729,0.1367,2.0340,116.0,0.15,0.000,0.000,IDLE
2026-08-17T14:06:44.716707,37.8649429,32.4838009,1024.37,-0.0693,0.1274,1.9939,114.0,0.15,0.000,0.000,IDLE
2026-08-17T14:06:45.716686,37.8649439,32.4837989,1024.38,-0.0664,0.1352,1.9658,112.0,0.17,0.000,0.000,IDLE
2026-08-17T14:06:46.722703,37.8649446,32.4837972,1024.39,-0.0715,0.1436,1.9881,113.0,0.24,0.000,0.000,IDLE
2026-08-17T14:06:47.716895,37.8649458,32.4837940,1024.38,-0.0694,0.1591,1.9937,114.0,0.40,0.000,0.000,IDLE
2026-08-17T14:06:48.716813,37.8649473,32.4837916,1024.39,-0.0728,0.1488,1.9883,113.0,0.32,0.000,0.000,IDLE
2026-08-17T14:06:49.717040,37.8649483,32.4837894,1024.31,-0.0708,0.1469,1.9856,113.0,0.27,0.000,0.000,IDLE
2026-08-17T14:06:50.717032,37.8649495,32.4837867,1024.29,-0.0696,0.1515,1.9856,113.0,0.26,0.000,0.000,IDLE
2026-08-17T14:06:51.716675,37.8649501,32.4837844,1024.33,-0.0693,0.1521,1.9866,113.0,0.23,0.000,0.000,IDLE
2026-08-17T14:06:52.716865,37.8649503,32.4837825,1024.36,-0.0691,0.1497,1.9851,113.0,0.19,0.000,0.000,IDLE
2026-08-17T14:06:53.716717,37.8649504,32.4837809,1024.38,-0.0667,0.1438,1.9750,113.0,0.16,0.000,0.000,IDLE
2026-08-17T14:06:54.716816,37.8649507,32.4837795,1024.36,-0.0669,0.1406,1.9588,112.0,0.13,0.000,0.000,IDLE
2026-08-17T14:06:55.716681,37.8649507,32.4837783,1024.34,-0.0657,0.1405,1.9383,111.0,0.11,0.000,0.000,IDLE
2026-08-17T14:06:56.716769,37.8649507,32.4837771,1024.33,-0.0687,0.1432,1.9158,109.0,0.10,0.000,0.000,IDLE
2026-08-17T14:06:57.717258,37.8649506,32.4837765,1024.36,-0.0694,0.1431,1.8913,108.0,0.08,0.000,0.000,IDLE
2026-08-17T14:06:58.716778,37.8649504,32.4837753,1024.35,-0.0705,0.1432,1.8698,107.0,0.09,0.000,0.000,IDLE
2026-08-17T14:06:59.716795,37.8649505,32.4837742,1024.31,-0.0695,0.1410,1.8498,105.0,0.09,0.000,0.000,IDLE
2026-08-17T14:07:00.716660,37.8649506,32.4837732,1024.25,-0.0687,0.1393,1.8359,105.0,0.09,0.000,0.000,IDLE
2026-08-17T14:07:01.716719,37.8649508,32.4837719,1024.19,-0.0696,0.1390,1.8270,104.0,0.10,0.000,0.000,IDLE
2026-08-17T14:07:02.717142,37.8649509,32.4837710,1024.16,-0.0695,0.1356,1.8240,104.0,0.09,0.000,0.000,IDLE
2026-08-17T14:07:03.716888,37.8649513,32.4837697,1024.12,-0.0708,0.1371,1.8240,104.0,0.11,0.000,0.000,IDLE
2026-08-17T14:07:04.716766,37.8649515,32.4837688,1024.09,-0.0719,0.1381,1.8263,104.0,0.11,0.000,0.000,IDLE
2026-08-17T14:07:05.716868,37.8649516,32.4837679,1024.08,-0.0705,0.1412,1.8321,104.0,0.11,0.000,0.000,IDLE
2026-08-17T14:07:06.716731,37.8649513,32.4837674,1024.10,-0.0703,0.1474,1.8400,105.0,0.09,0.000,0.000,IDLE
2026-08-17T14:07:07.716793,37.8649511,32.4837664,1024.12,-0.0705,0.1462,1.8491,105.0,0.09,0.000,0.000,IDLE
2026-08-17T14:07:08.717038,37.8649506,32.4837662,1024.08,-0.0712,0.1403,1.8619,106.0,0.07,0.000,0.000,IDLE
2026-08-17T14:07:09.716677,37.8649505,32.4837662,1024.07,-0.0706,0.1367,1.8765,107.0,0.05,0.000,0.000,IDLE
2026-08-17T14:07:10.716802,37.8649507,32.4837648,1024.07,-0.0694,0.1371,1.8931,108.0,0.08,0.000,0.000,IDLE
2026-08-17T14:07:11.716777,37.8649512,32.4837629,1024.04,-0.0692,0.1416,1.9113,109.0,0.12,0.000,0.000,IDLE
2026-08-17T14:07:12.716753,37.8649515,32.4837618,1024.02,-0.0705,0.1435,1.9309,110.0,0.13,0.000,0.000,IDLE
2026-08-17T14:07:13.716781,37.8649516,32.4837612,1024.02,-0.0705,0.1430,1.9510,111.0,0.11,0.000,0.000,IDLE
2026-08-17T14:07:14.716841,37.8649517,32.4837601,1024.01,-0.0691,0.1418,1.9721,112.0,0.12,0.000,0.000,IDLE
2026-08-17T14:07:15.716719,37.8649516,32.4837589,1023.99,-0.0667,0.1388,1.9937,114.0,0.12,0.000,0.000,IDLE
2026-08-17T14:07:16.716876,37.8649522,32.4837584,1024.00,-0.0666,0.1370,2.0158,115.0,0.11,0.000,0.000,IDLE
2026-08-17T14:07:17.716756,37.8649524,32.4837574,1023.99,-0.0679,0.1399,2.0379,116.0,0.12,0.000,0.000,IDLE
2026-08-17T14:07:18.717066,37.8649526,32.4837562,1023.98,-0.0686,0.1450,2.0609,118.0,0.12,0.000,0.000,IDLE
2026-08-17T14:07:19.716840,37.8649524,32.4837556,1024.00,-0.0691,0.1454,2.0857,119.0,0.10,0.000,0.000,IDLE
2026-08-17T14:07:20.716772,37.8649523,32.4837558,1024.01,-0.0701,0.1424,2.1135,121.0,0.07,0.000,0.000,IDLE
2026-08-17T14:07:21.716777,37.8649522,32.4837556,1024.02,-0.0695,0.1405,2.1428,122.0,0.05,0.000,0.000,IDLE
2026-08-17T14:07:22.716809,37.8649524,32.4837549,1024.02,-0.0688,0.1388,2.1734,124.0,0.05,0.000,0.000,IDLE
2026-08-17T14:07:23.716721,37.8649529,32.4837548,1024.04,-0.0683,0.1362,2.2044,126.0,0.04,0.000,0.000,IDLE
2026-08-17T14:07:24.716740,37.8649531,32.4837546,1024.04,-0.0677,0.1326,2.2431,128.0,0.03,0.000,0.000,IDLE
2026-08-17T14:07:25.716806,37.8649529,32.4837539,1024.09,-0.0676,0.1422,2.2898,131.0,0.05,0.000,0.000,IDLE
2026-08-17T14:07:26.716781,37.8649533,32.4837527,1024.10,-0.0684,0.1445,2.3436,134.0,0.07,0.000,0.000,IDLE
2026-08-17T14:07:27.716713,37.8649534,32.4837524,1024.08,-0.0686,0.1416,2.4028,137.0,0.06,0.000,0.000,IDLE
2026-08-17T14:07:28.716692,37.8649535,32.4837518,1024.09,-0.0683,0.1421,2.4655,141.0,0.06,0.000,0.000,IDLE
2026-08-17T14:07:29.716771,37.8649537,32.4837508,1024.09,-0.0685,0.1373,2.5263,144.0,0.08,0.000,0.000,IDLE
2026-08-17T14:07:30.716709,37.8649537,32.4837501,1024.09,-0.0680,0.1319,2.5814,147.0,0.07,0.000,0.000,IDLE
2026-08-17T14:07:31.717016,37.8649535,32.4837499,1024.07,-0.0674,0.1324,2.6302,150.0,0.06,0.000,0.000,IDLE
2026-08-17T14:07:32.716722,37.8649534,32.4837497,1024.07,-0.0679,0.1405,2.6734,153.0,0.05,0.000,0.000,IDLE
2026-08-17T14:07:33.716746,37.8649535,32.4837494,1024.09,-0.0689,0.1476,2.7105,155.0,0.05,0.000,0.000,IDLE
2026-08-17T14:07:34.716844,37.8649532,32.4837493,1024.07,-0.0696,0.1494,2.7430,157.0,0.05,0.000,0.000,IDLE
2026-08-17T14:07:35.717274,37.8649532,32.4837491,1024.06,-0.0679,0.1459,2.7721,158.0,0.05,0.000,0.000,IDLE
2026-08-17T14:07:36.717009,37.8649531,32.4837491,1024.04,-0.0690,0.1396,2.7966,160.0,0.04,0.000,0.000,IDLE
2026-08-17T14:07:37.716720,37.8649532,32.4837487,1024.00,-0.0678,0.1358,2.8196,161.0,0.04,0.000,0.000,IDLE
2026-08-17T14:07:38.716746,37.8649532,32.4837484,1024.03,-0.0688,0.1375,2.8429,162.0,0.04,0.000,0.000,IDLE
2026-08-17T14:07:39.716720,37.8649538,32.4837478,1024.07,-0.0682,0.1434,2.8640,164.0,0.05,0.000,0.000,IDLE
2026-08-17T14:07:40.720161,37.8649547,32.4837476,1024.08,-0.0703,0.1476,2.8848,165.0,0.07,0.000,0.000,IDLE
2026-08-17T14:07:41.716713,37.8649549,32.4837474,1024.09,-0.0691,0.1421,2.8989,166.0,0.06,0.000,0.000,IDLE
2026-08-17T14:07:42.716869,37.8649549,32.4837471,1024.13,-0.0693,0.1404,2.9100,166.0,0.04,0.000,0.000,IDLE
2026-08-17T14:07:43.716800,37.8649549,32.4837473,1024.15,-0.0697,0.1419,2.9190,167.0,0.02,0.000,0.000,IDLE
2026-08-17T14:07:44.716975,37.8649546,32.4837473,1024.17,-0.0692,0.1444,2.9267,167.0,0.01,0.000,0.000,IDLE
2026-08-17T14:07:45.717020,37.8649542,32.4837479,1024.23,-0.0699,0.1407,2.9309,167.0,0.03,0.000,0.000,IDLE
2026-08-17T14:07:46.716796,37.8649536,32.4837483,1024.29,-0.0707,0.1368,2.9317,167.0,0.05,0.000,0.000,IDLE
2026-08-17T14:07:47.716884,37.8649535,32.4837489,1024.34,-0.0709,0.1405,2.9312,167.0,0.05,0.000,0.000,IDLE
2026-08-17T14:07:48.717351,37.8649533,32.4837486,1024.33,-0.0694,0.1428,2.9289,167.0,0.03,0.000,0.000,IDLE
2026-08-17T14:07:49.716751,37.8649527,32.4837489,1024.32,-0.0684,0.1437,2.9207,167.0,0.04,0.000,0.000,IDLE
2026-08-17T14:07:50.716913,37.8649522,32.4837487,1024.25,-0.0689,0.1421,2.9049,166.0,0.04,0.000,0.000,IDLE
2026-08-17T14:07:51.716870,37.8649515,32.4837486,1024.15,-0.0699,0.1414,2.8820,165.0,0.05,0.000,0.000,IDLE
2026-08-17T14:07:52.716888,37.8649511,32.4837486,1024.06,-0.0717,0.1384,2.8542,163.0,0.05,0.000,0.000,IDLE
2026-08-17T14:07:53.716702,37.8649504,32.4837488,1024.02,-0.0719,0.1367,2.8228,161.0,0.06,0.000,0.000,IDLE
2026-08-17T14:07:54.716665,37.8649501,32.4837489,1024.02,-0.0723,0.1390,2.7861,159.0,0.05,0.000,0.000,IDLE
2026-08-17T14:07:55.716780,37.8649496,32.4837487,1024.00,-0.0705,0.1395,2.7530,157.0,0.05,0.000,0.000,IDLE
2026-08-17T14:07:56.716910,37.8649496,32.4837482,1023.97,-0.0682,0.1421,2.7215,155.0,0.03,0.000,0.000,IDLE
2026-08-17T14:07:57.716712,37.8649491,32.4837479,1023.97,-0.0677,0.1418,2.6864,153.0,0.04,0.000,0.000,IDLE
2026-08-17T14:07:58.716730,37.8649485,32.4837478,1023.97,-0.0678,0.1422,2.6471,151.0,0.05,0.000,0.000,IDLE
2026-08-17T14:07:59.716684,37.8649484,32.4837475,1023.98,-0.0687,0.1420,2.6095,149.0,0.03,0.000,0.000,IDLE
2026-08-17T14:08:00.716908,37.8649482,32.4837473,1024.02,-0.0696,0.1427,2.5734,147.0,0.03,0.000,0.000,IDLE
2026-08-17T14:08:01.717208,37.8649475,32.4837475,1024.07,-0.0699,0.1408,2.5335,145.0,0.04,0.000,0.000,IDLE
2026-08-17T14:08:02.716661,37.8649475,32.4837474,1024.13,-0.0691,0.1403,2.4831,142.0,0.03,0.000,0.000,IDLE
2026-08-17T14:08:03.716782,37.8649467,32.4837473,1024.19,-0.0685,0.1369,2.4218,138.0,0.05,0.000,0.000,IDLE
2026-08-17T14:08:04.716752,37.8649455,32.4837477,1024.24,-0.0686,0.1408,2.3544,134.0,0.09,0.000,0.000,IDLE
2026-08-17T14:08:05.716891,37.8649451,32.4837478,1024.24,-0.0676,0.1430,2.2863,130.0,0.07,0.000,0.000,IDLE
2026-08-17T14:08:06.716734,37.8649447,32.4837478,1024.19,-0.0687,0.1434,2.2256,127.0,0.06,0.000,0.000,IDLE
2026-08-17T14:08:07.717165,37.8649447,32.4837475,1024.14,-0.0688,0.1420,2.1690,124.0,0.04,0.000,0.000,IDLE
2026-08-17T14:08:08.716666,37.8649443,32.4837477,1024.12,-0.0685,0.1408,2.1138,121.0,0.03,0.000,0.000,IDLE
2026-08-17T14:08:09.717012,37.8649440,32.4837480,1024.16,-0.0686,0.1362,2.0602,118.0,0.03,0.000,0.000,IDLE
2026-08-17T14:08:10.716851,37.8649433,32.4837483,1024.15,-0.0681,0.1357,2.0117,115.0,0.05,0.000,0.000,IDLE
2026-08-17T14:08:11.716727,37.8649428,32.4837483,1024.12,-0.0673,0.1377,1.9664,112.0,0.05,0.000,0.000,IDLE
2026-08-17T14:08:12.717364,37.8649425,32.4837488,1024.07,-0.0680,0.1438,1.9266,110.0,0.04,0.000,0.000,IDLE
2026-08-17T14:08:13.717432,37.8649421,32.4837490,1024.01,-0.0686,0.1479,1.8949,108.0,0.04,0.000,0.000,IDLE
2026-08-17T14:08:14.716817,37.8649418,32.4837491,1024.00,-0.0682,0.1459,1.8796,107.0,0.05,0.000,0.000,IDLE
2026-08-17T14:08:15.716707,37.8649412,32.4837489,1023.99,-0.0681,0.1427,1.8798,107.0,0.06,0.000,0.000,IDLE
2026-08-17T14:08:16.716980,37.8649411,32.4837490,1023.98,-0.0682,0.1405,1.8886,108.0,0.04,0.000,0.000,IDLE
2026-08-17T14:08:17.716965,37.8649414,32.4837483,1023.95,-0.0686,0.1389,1.9062,109.0,0.05,0.000,0.000,IDLE
2026-08-17T14:08:18.716789,37.8649413,32.4837479,1023.95,-0.0694,0.1382,1.9363,110.0,0.06,0.000,0.000,IDLE
2026-08-17T14:08:19.717742,37.8649413,32.4837476,1023.96,-0.0692,0.1367,1.9726,113.0,0.05,0.000,0.000,IDLE
2026-08-17T14:08:20.716864,37.8649410,32.4837476,1023.98,-0.0694,0.1354,2.0116,115.0,0.04,0.000,0.000,IDLE
2026-08-17T14:08:21.716708,37.8649407,32.4837477,1024.01,-0.0688,0.1390,2.0510,117.0,0.03,0.000,0.000,IDLE
2026-08-17T14:08:22.719126,37.8649408,32.4837480,1024.04,-0.0688,0.1426,2.0899,119.0,0.01,0.000,0.000,IDLE
2026-08-17T14:08:23.717123,37.8649409,32.4837478,1024.05,-0.0681,0.1391,2.1257,121.0,0.02,0.000,0.000,IDLE
2026-08-17T14:08:24.718770,37.8649407,32.4837475,1024.05,-0.0676,0.1326,2.1587,123.0,0.03,0.000,0.000,IDLE
2026-08-17T14:08:25.716982,37.8649404,32.4837471,1024.07,-0.0687,0.1239,2.1897,125.0,0.04,0.000,0.000,IDLE
2026-08-17T14:08:26.717345,37.8649399,32.4837466,1024.06,-0.0692,0.1114,2.2182,127.0,0.05,0.000,0.000,IDLE
2026-08-17T14:08:27.716697,37.8649395,32.4837465,1024.06,-0.0693,0.1084,2.2467,128.0,0.05,0.000,0.000,IDLE
2026-08-17T14:08:28.716865,37.8649392,32.4837469,1024.10,-0.0732,0.1305,2.2772,130.0,0.04,0.000,0.000,IDLE
2026-08-17T14:08:29.716754,37.8649388,32.4837471,1024.13,-0.0668,0.1615,2.3022,131.0,0.20,0.000,0.000,IDLE
2026-08-17T14:08:30.716655,37.8649372,32.4837511,1024.09,-0.0729,0.1523,2.3319,133.0,0.46,0.000,0.000,IDLE
2026-08-17T14:08:31.716729,37.8649354,32.4837564,1024.05,-0.0708,0.1190,2.3293,133.0,0.46,0.000,0.000,IDLE
2026-08-17T14:08:32.716808,37.8649338,32.4837610,1024.05,-0.0758,0.1319,2.3193,132.0,0.38,0.000,0.000,IDLE
2026-08-17T14:08:33.717240,37.8649322,32.4837637,1024.08,-0.0726,0.1359,2.3316,133.0,0.31,0.000,0.000,IDLE
2026-08-17T14:08:34.717273,37.8649311,32.4837662,1024.05,-0.0739,0.1472,2.3328,133.0,0.23,0.000,0.000,IDLE
2026-08-17T14:08:35.716733,37.8649300,32.4837686,1024.02,-0.0702,0.1471,2.2239,127.0,0.34,0.000,0.000,IDLE
2026-08-17T14:08:36.717105,37.8649288,32.4837732,1024.04,-0.0710,0.1273,2.0777,119.0,0.42,0.000,0.000,IDLE
2026-08-17T14:08:37.716784,37.8649267,32.4837776,1024.06,-0.0729,0.1271,2.2782,130.0,0.49,0.000,0.000,IDLE
2026-08-17T14:08:38.718379,37.8649247,32.4837823,1024.08,-0.0724,0.1343,2.2798,130.0,0.49,0.000,0.000,IDLE
2026-08-17T14:08:39.716808,37.8649225,32.4837870,1024.10,-0.0770,0.1463,2.2934,131.0,0.39,0.000,0.000,IDLE
2026-08-17T14:08:40.716698,37.8649211,32.4837907,1024.08,-0.0730,0.1291,2.2576,129.0,0.30,0.000,0.000,IDLE
2026-08-17T14:08:41.716901,37.8649201,32.4837942,1024.06,-0.0787,0.1430,2.2277,127.0,0.30,0.000,0.000,IDLE
2026-08-17T14:08:42.716666,37.8649185,32.4837980,1024.05,-0.0736,0.1494,2.2071,126.0,0.38,0.000,0.000,IDLE
2026-08-17T14:08:43.716867,37.8649169,32.4838034,1024.04,-0.0712,0.1437,2.2191,127.0,0.48,0.000,0.000,IDLE
2026-08-17T14:08:44.716682,37.8649151,32.4838086,1024.01,-0.0784,0.1625,2.1416,122.0,0.48,0.000,0.000,IDLE
2026-08-17T14:08:45.716728,37.8649132,32.4838145,1024.00,-0.0738,0.1539,2.1486,123.0,0.57,0.000,0.000,IDLE
2026-08-17T14:08:46.716840,37.8649119,32.4838211,1024.01,-0.0741,0.1605,2.0776,119.0,0.57,0.000,0.000,IDLE
2026-08-17T14:08:47.717037,37.8649099,32.4838276,1024.03,-0.0709,0.1724,2.0917,119.0,0.57,0.000,0.000,IDLE
2026-08-17T14:08:48.717174,37.8649081,32.4838339,1024.06,-0.0674,0.1595,2.0894,119.0,0.60,0.000,0.000,IDLE
2026-08-17T14:08:49.716822,37.8649055,32.4838436,1024.06,-0.0708,0.2046,2.0759,118.0,1.20,0.000,0.000,IDLE
2026-08-17T14:08:50.716748,37.8649026,32.4838555,1024.05,-0.0704,0.1135,2.0839,119.0,0.80,0.000,0.000,IDLE
2026-08-17T14:08:51.716924,37.8649009,32.4838623,1024.08,-0.0674,0.1295,2.0834,119.0,0.57,0.000,0.000,IDLE
2026-08-17T14:08:52.718351,37.8649000,32.4838665,1024.08,-0.0683,0.1050,2.0717,118.0,0.40,0.000,0.000,IDLE
2026-08-17T14:08:53.716690,37.8648986,32.4838708,1024.07,-0.0687,0.1414,2.0816,119.0,0.31,0.000,0.000,IDLE
2026-08-17T14:08:54.716991,37.8648976,32.4838740,1024.05,-0.0680,0.1538,2.1001,120.0,0.24,0.000,0.000,IDLE
2026-08-17T14:08:55.716998,37.8648962,32.4838769,1024.01,-0.0681,0.1546,2.1295,122.0,0.20,0.000,0.000,IDLE
2026-08-17T14:08:56.717836,37.8648948,32.4838799,1024.00,-0.0679,0.1421,2.1555,123.0,0.21,0.000,0.000,IDLE
2026-08-17T14:08:57.718989,37.8648932,32.4838828,1024.00,-0.0677,0.1291,2.1762,124.0,0.24,0.000,0.000,IDLE
2026-08-17T14:08:58.716797,37.8648922,32.4838848,1024.00,-0.0697,0.1256,2.1873,125.0,0.23,0.000,0.000,IDLE
2026-08-17T14:08:59.717187,37.8648915,32.4838872,1024.00,-0.0694,0.1466,2.1735,124.0,0.26,0.000,0.000,IDLE
2026-08-17T14:09:00.716750,37.8648892,32.4838951,1024.00,-0.0629,0.1223,1.9880,113.0,0.84,0.000,0.000,IDLE
2026-08-17T14:09:01.716707,37.8648880,32.4839028,1024.00,-0.0663,0.1337,1.9516,111.0,0.64,0.000,0.000,IDLE
2026-08-17T14:09:02.716734,37.8648873,32.4839084,1023.96,-0.0688,0.1358,1.9622,112.0,0.50,0.000,0.000,IDLE
2026-08-17T14:09:03.716667,37.8648873,32.4839130,1023.95,-0.0685,0.1502,1.9660,112.0,0.39,0.000,0.000,IDLE
2026-08-17T14:09:04.716728,37.8648866,32.4839178,1023.97,-0.0701,0.1502,1.9711,112.0,0.36,0.000,0.000,IDLE
2026-08-17T14:09:05.717211,37.8648856,32.4839238,1024.00,-0.0790,0.1434,1.9268,110.0,0.57,0.000,0.000,IDLE
2026-08-17T14:09:06.716863,37.8648848,32.4839301,1024.00,-0.0787,0.1271,1.9494,111.0,0.50,0.000,0.000,IDLE
2026-08-17T14:09:07.716897,37.8648848,32.4839357,1024.02,-0.0791,0.1401,1.9552,112.0,0.43,0.000,0.000,IDLE
2026-08-17T14:09:08.716684,37.8648847,32.4839401,1024.02,-0.0725,0.1598,1.9545,111.0,0.28,0.000,0.000,IDLE
2026-08-17T14:09:09.717901,37.8648854,32.4839407,1023.99,-0.0720,0.1347,1.8770,107.0,0.17,0.000,0.000,IDLE
2026-08-17T14:09:10.716686,37.8648854,32.4839408,1023.99,-0.0672,0.1402,1.7997,103.0,0.13,0.000,0.000,IDLE
2026-08-17T14:09:11.718328,37.8648852,32.4839408,1024.00,-0.0646,0.1406,1.7352,99.0,0.08,0.000,0.000,IDLE
2026-08-17T14:09:12.716877,37.8648855,32.4839409,1023.99,-0.0654,0.1492,1.6659,95.0,0.06,0.000,0.000,IDLE
2026-08-17T14:09:13.716798,37.8648855,32.4839409,1024.00,-0.0630,0.1487,1.6026,91.0,0.05,0.000,0.000,IDLE
2026-08-17T14:09:14.717158,37.8648857,32.4839412,1023.99,-0.0694,0.1422,1.5403,88.0,0.04,0.000,0.000,IDLE
2026-08-17T14:09:15.716732,37.8648857,32.4839417,1024.01,-0.0685,0.1384,1.4817,84.0,0.02,0.000,0.000,IDLE
2026-08-17T14:09:16.716870,37.8648856,32.4839418,1024.03,-0.0728,0.1385,1.4206,81.0,0.01,0.000,0.000,IDLE
2026-08-17T14:09:17.716671,37.8648857,32.4839423,1024.05,-0.0699,0.1402,1.3628,78.0,0.01,0.000,0.000,IDLE
2026-08-17T14:09:18.717436,37.8648856,32.4839435,1024.04,-0.0689,0.1414,1.2993,74.0,0.03,0.000,0.000,IDLE
2026-08-17T14:09:19.716920,37.8648852,32.4839435,1024.04,-0.0696,0.1404,1.2421,71.0,0.02,0.000,0.000,IDLE
2026-08-17T14:09:20.716756,37.8648853,32.4839445,1024.05,-0.0685,0.1293,1.1794,67.0,0.03,0.000,0.000,IDLE
2026-08-17T14:09:21.716703,37.8648853,32.4839446,1024.01,-0.0699,0.1367,1.1159,63.0,0.01,0.000,0.000,IDLE
2026-08-17T14:09:22.716678,37.8648848,32.4839440,1023.98,-0.0673,0.1414,1.0493,60.0,0.04,0.000,0.000,IDLE
2026-08-17T14:09:23.717125,37.8648848,32.4839440,1023.96,-0.0697,0.1458,0.9819,56.0,0.01,0.000,0.000,IDLE
2026-08-17T14:09:24.716744,37.8648847,32.4839440,1023.96,-0.0690,0.1444,0.9383,53.0,0.00,0.000,0.000,IDLE
2026-08-17T14:09:25.716693,37.8648847,32.4839435,1023.96,-0.0738,0.1436,0.9161,52.0,0.03,0.000,0.000,IDLE
2026-08-17T14:09:26.716788,37.8648848,32.4839430,1023.94,-0.0696,0.1430,0.8906,51.0,0.05,0.000,0.000,IDLE
2026-08-17T14:09:27.716776,37.8648853,32.4839430,1023.91,-0.0712,0.1425,0.8778,50.0,0.05,0.000,0.000,IDLE
2026-08-17T14:09:28.716682,37.8648851,32.4839419,1023.90,-0.0664,0.1309,0.8745,50.0,0.08,0.000,0.000,IDLE
2026-08-17T14:09:29.717080,37.8648854,32.4839413,1023.88,-0.0682,0.1287,0.8482,48.0,0.08,0.000,0.000,IDLE
2026-08-17T14:09:30.716730,37.8648850,32.4839412,1023.87,-0.0626,0.1328,0.8258,47.0,0.04,0.000,0.000,IDLE
2026-08-17T14:09:31.716795,37.8648848,32.4839417,1023.87,-0.0657,0.1390,0.8025,45.0,0.02,0.000,0.000,IDLE
2026-08-17T14:09:32.716826,37.8648844,32.4839419,1023.89,-0.0682,0.1442,0.7808,44.0,0.01,0.000,0.000,IDLE
2026-08-17T14:09:33.717404,37.8648845,32.4839423,1023.92,-0.0672,0.1468,0.7515,43.0,0.01,0.000,0.000,IDLE
2026-08-17T14:09:34.716725,37.8648846,32.4839423,1023.93,-0.0675,0.1448,0.7209,41.0,0.02,0.000,0.000,IDLE
2026-08-17T14:09:35.716699,37.8648848,32.4839422,1023.96,-0.0706,0.1401,0.6834,39.0,0.02,0.000,0.000,IDLE
2026-08-17T14:09:36.717204,37.8648846,32.4839426,1024.00,-0.0703,0.1361,0.6435,36.0,0.01,0.000,0.000,IDLE
2026-08-17T14:09:37.716678,37.8648839,32.4839423,1024.03,-0.0719,0.1381,0.5978,34.0,0.03,0.000,0.000,IDLE
2026-08-17T14:09:38.716711,37.8648837,32.4839421,1024.03,-0.0714,0.1361,0.5511,31.0,0.03,0.000,0.000,IDLE
2026-08-17T14:09:39.716752,37.8648836,32.4839425,1024.00,-0.0719,0.1377,0.5016,28.0,0.03,0.000,0.000,IDLE
2026-08-17T14:09:40.716825,37.8648834,32.4839433,1024.00,-0.0718,0.1464,0.4559,26.0,0.03,0.000,0.000,IDLE
2026-08-17T14:09:41.716740,37.8648834,32.4839437,1024.00,-0.0685,0.1491,0.4113,23.0,0.04,0.000,0.000,IDLE
2026-08-17T14:09:42.717066,37.8648835,32.4839445,1024.00,-0.0697,0.1424,0.3713,21.0,0.04,0.000,0.000,IDLE
2026-08-17T14:09:43.716854,37.8648834,32.4839452,1023.99,-0.0715,0.1404,0.3329,19.0,0.04,0.000,0.000,IDLE
2026-08-17T14:09:44.716804,37.8648830,32.4839453,1023.95,-0.0693,0.1360,0.2976,17.0,0.04,0.000,0.000,IDLE
2026-08-17T14:09:45.716912,37.8648828,32.4839456,1023.97,-0.0686,0.1365,0.2652,15.0,0.02,0.000,0.000,IDLE
2026-08-17T14:09:46.716696,37.8648826,32.4839461,1023.98,-0.0687,0.1389,0.2336,13.0,0.03,0.000,0.000,IDLE
2026-08-17T14:09:47.716890,37.8648828,32.4839462,1023.95,-0.0679,0.1428,0.2057,11.0,0.01,0.000,0.000,IDLE
2026-08-17T14:09:48.716866,37.8648829,32.4839464,1023.95,-0.0690,0.1418,0.1772,10.0,0.01,0.000,0.000,IDLE
2026-08-17T14:09:49.716738,37.8648826,32.4839472,1023.96,-0.0704,0.1425,0.1510,8.0,0.02,0.000,0.000,IDLE
2026-08-17T14:09:50.716666,37.8648821,32.4839481,1023.94,-0.0696,0.1415,0.1241,7.0,0.04,0.000,0.000,IDLE
2026-08-17T14:09:51.716721,37.8648819,32.4839485,1023.94,-0.0686,0.1417,0.0983,5.0,0.04,0.000,0.000,IDLE
2026-08-17T14:09:52.716676,37.8648817,32.4839488,1023.92,-0.0689,0.1406,0.0737,4.0,0.03,0.000,0.000,IDLE
2026-08-17T14:09:53.716798,37.8648816,32.4839493,1023.92,-0.0712,0.1383,0.0485,2.0,0.03,0.000,0.000,IDLE
2026-08-17T14:09:54.716693,37.8648814,32.4839494,1023.91,-0.0702,0.1367,0.0251,1.0,0.03,0.000,0.000,IDLE
2026-08-17T14:09:55.716913,37.8648812,32.4839498,1023.92,-0.0691,0.1367,0.0022,0.0,0.03,0.000,0.000,IDLE
2026-08-17T14:09:56.716740,37.8648815,32.4839505,1023.91,-0.0689,0.1395,-0.0183,358.0,0.04,0.000,0.000,IDLE
2026-08-17T14:09:57.716750,37.8648815,32.4839508,1023.89,-0.0698,0.1402,-0.0379,357.0,0.04,0.000,0.000,IDLE
2026-08-17T14:09:58.716783,37.8648816,32.4839506,1023.89,-0.0696,0.1396,-0.0559,356.0,0.03,0.000,0.000,IDLE
2026-08-17T14:09:59.716688,37.8648813,32.4839508,1023.88,-0.0695,0.1416,-0.0726,355.0,0.02,0.000,0.000,IDLE
2026-08-17T14:10:00.719715,37.8648812,32.4839514,1023.91,-0.0688,0.1419,-0.0869,355.0,0.03,0.000,0.000,IDLE
2026-08-17T14:10:01.716755,37.8648816,32.4839519,1023.95,-0.0689,0.1401,-0.1005,354.0,0.04,0.000,0.000,IDLE
2026-08-17T14:10:02.716850,37.8648812,32.4839527,1023.96,-0.0700,0.1404,-0.1119,353.0,0.06,0.000,0.000,IDLE
2026-08-17T14:10:03.717220,37.8648804,32.4839530,1023.95,-0.0692,0.1414,-0.1220,353.0,0.06,0.000,0.000,IDLE
2026-08-17T14:10:04.717402,37.8648802,32.4839528,1023.97,-0.0690,0.1419,-0.1306,352.0,0.05,0.000,0.000,IDLE
2026-08-17T14:10:05.717078,37.8648799,32.4839533,1023.96,-0.0688,0.1416,-0.1384,352.0,0.06,0.000,0.000,IDLE
2026-08-17T14:10:06.716871,37.8648794,32.4839538,1024.01,-0.0690,0.1423,-0.1461,351.0,0.07,0.000,0.000,IDLE
2026-08-17T14:10:07.716660,37.8648794,32.4839541,1024.01,-0.0680,0.1426,-0.1522,351.0,0.06,0.000,0.000,IDLE
2026-08-17T14:10:08.716719,37.8648792,32.4839541,1024.00,-0.0670,0.1422,-0.1582,350.0,0.05,0.000,0.000,IDLE
2026-08-17T14:10:09.716780,37.8648792,32.4839541,1023.99,-0.0694,0.1400,-0.1629,350.0,0.03,0.000,0.000,IDLE
2026-08-17T14:10:10.717050,37.8648792,32.4839543,1024.02,-0.0696,0.1407,-0.1666,350.0,0.02,0.000,0.000,IDLE
2026-08-17T14:10:11.716760,37.8648796,32.4839545,1024.00,-0.0684,0.1406,-0.1697,350.0,0.01,0.000,0.000,IDLE
2026-08-17T14:10:12.716774,37.8648794,32.4839545,1023.99,-0.0691,0.1397,-0.1718,350.0,0.01,0.000,0.000,IDLE
2026-08-17T14:10:13.716752,37.8648789,32.4839548,1023.96,-0.0681,0.1419,-0.1518,351.0,0.02,0.000,0.000,IDLE
2026-08-17T14:10:14.717181,37.8648783,32.4839550,1023.93,-0.0693,0.1420,-0.1309,352.0,0.03,0.000,0.000,IDLE
2026-08-17T14:10:15.716662,37.8648785,32.4839551,1023.94,-0.0696,0.1413,-0.1105,353.0,0.02,0.000,0.000,IDLE
2026-08-17T14:10:16.716667,37.8648788,32.4839551,1023.94,-0.0690,0.1408,-0.0903,354.0,0.00,0.000,0.000,IDLE
2026-08-17T14:10:17.716729,37.8648791,32.4839553,1023.94,-0.0689,0.1410,-0.0694,356.0,0.01,0.000,0.000,IDLE
2026-08-17T14:10:18.716767,37.8648790,32.4839558,1023.97,-0.0683,0.1407,-0.0487,357.0,0.02,0.000,0.000,IDLE
2026-08-17T14:10:19.716666,37.8648799,32.4839563,1023.97,-0.0676,0.1400,-0.0267,358.0,0.06,0.000,0.000,IDLE
2026-08-17T14:10:20.716913,37.8648807,32.4839568,1024.00,-0.0675,0.1403,-0.0046,359.0,0.08,0.000,0.000,IDLE
2026-08-17T14:10:21.716797,37.8648810,32.4839572,1024.04,-0.0692,0.1403,0.0185,1.0,0.07,0.000,0.000,IDLE
2026-08-17T14:10:22.717049,37.8648809,32.4839571,1024.10,-0.0681,0.1404,0.0419,2.0,0.05,0.000,0.000,IDLE
2026-08-17T14:10:23.716782,37.8648812,32.4839570,1024.09,-0.0695,0.1391,0.0659,3.0,0.04,0.000,0.000,IDLE
2026-08-17T14:10:24.716804,37.8648811,32.4839570,1024.09,-0.0684,0.1394,0.0878,5.0,0.03,0.000,0.000,IDLE
2026-08-17T14:10:25.716804,37.8648810,32.4839574,1024.12,-0.0701,0.1403,0.1078,6.0,0.02,0.000,0.000,IDLE
2026-08-17T14:10:26.716931,37.8648808,32.4839581,1024.12,-0.0689,0.1404,0.1280,7.0,0.04,0.000,0.000,IDLE
2026-08-17T14:10:27.716699,37.8648812,32.4839586,1024.12,-0.0688,0.1403,0.1490,8.0,0.05,0.000,0.000,IDLE
2026-08-17T14:10:28.716769,37.8648815,32.4839585,1024.09,-0.0687,0.1404,0.1704,9.0,0.04,0.000,0.000,IDLE
2026-08-17T14:10:29.716755,37.8648818,32.4839583,1024.09,-0.0691,0.1409,0.1903,10.0,0.03,0.000,0.000,IDLE
2026-08-17T14:10:30.716909,37.8648816,32.4839582,1024.07,-0.0695,0.1397,0.2090,11.0,0.02,0.000,0.000,IDLE
2026-08-17T14:10:31.716829,37.8648813,32.4839579,1024.03,-0.0692,0.1369,0.2284,13.0,0.02,0.000,0.000,IDLE
2026-08-17T14:10:32.717129,37.8648808,32.4839575,1023.97,-0.0700,0.1385,0.2515,14.0,0.03,0.000,0.000,IDLE
2026-08-17T14:10:33.716725,37.8648806,32.4839576,1023.91,-0.0692,0.1397,0.2791,15.0,0.03,0.000,0.000,IDLE
2026-08-17T14:10:34.717214,37.8648807,32.4839577,1023.88,-0.0698,0.1401,0.3075,17.0,0.02,0.000,0.000,IDLE
2026-08-17T14:10:35.716722,37.8648807,32.4839577,1023.84,-0.0700,0.1406,0.3383,19.0,0.02,0.000,0.000,IDLE
2026-08-17T14:10:36.716790,37.8648804,32.4839577,1023.80,-0.0692,0.1417,0.3693,21.0,0.02,0.000,0.000,IDLE
2026-08-17T14:10:37.716691,37.8648805,32.4839584,1023.77,-0.0688,0.1420,0.3995,22.0,0.02,0.000,0.000,IDLE
2026-08-17T14:10:38.716783,37.8648803,32.4839585,1023.78,-0.0690,0.1427,0.4252,24.0,0.02,0.000,0.000,IDLE
2026-08-17T14:10:39.717028,37.8648803,32.4839584,1023.78,-0.0686,0.1421,0.4471,25.0,0.01,0.000,0.000,IDLE
2026-08-17T14:10:40.716748,37.8648802,32.4839585,1023.80,-0.0686,0.1404,0.4637,26.0,0.00,0.000,0.000,IDLE
2026-08-17T14:10:41.716829,37.8648808,32.4839580,1023.80,-0.0698,0.1398,0.4740,27.0,0.04,0.000,0.000,IDLE
2026-08-17T14:10:42.716833,37.8648806,32.4839578,1023.82,-0.0702,0.1407,0.4790,27.0,0.03,0.000,0.000,IDLE
2026-08-17T14:10:43.716684,37.8648803,32.4839578,1023.82,-0.0702,0.1406,0.4792,27.0,0.02,0.000,0.000,IDLE
2026-08-17T14:10:44.716772,37.8648802,32.4839576,1023.84,-0.0696,0.1409,0.4768,27.0,0.02,0.000,0.000,IDLE
2026-08-17T14:10:45.716692,37.8648801,32.4839578,1023.84,-0.0695,0.1408,0.4709,26.0,0.01,0.000,0.000,IDLE
2026-08-17T14:10:46.716751,37.8648802,32.4839581,1023.82,-0.0689,0.1403,0.4620,26.0,0.01,0.000,0.000,IDLE
2026-08-17T14:10:47.716700,37.8648801,32.4839576,1023.84,-0.0697,0.1403,0.4495,25.0,0.01,0.000,0.000,IDLE
2026-08-17T14:10:48.716932,37.8648799,32.4839573,1023.86,-0.0700,0.1408,0.4347,24.0,0.02,0.000,0.000,IDLE
2026-08-17T14:10:49.716727,37.8648799,32.4839574,1023.86,-0.0698,0.1406,0.4165,23.0,0.01,0.000,0.000,IDLE
2026-08-17T14:10:50.716821,37.8648800,32.4839569,1023.85,-0.0696,0.1410,0.3933,22.0,0.03,0.000,0.000,IDLE
2026-08-17T14:10:51.716691,37.8648797,32.4839568,1023.88,-0.0682,0.1407,0.3678,21.0,0.02,0.000,0.000,IDLE
2026-08-17T14:10:52.717082,37.8648799,32.4839568,1023.87,-0.0680,0.1399,0.3401,19.0,0.02,0.000,0.000,IDLE
2026-08-17T14:10:53.716745,37.8648793,32.4839567,1023.87,-0.0681,0.1406,0.3112,17.0,0.02,0.000,0.000,IDLE
2026-08-17T14:10:54.716707,37.8648797,32.4839567,1023.86,-0.0689,0.1405,0.2809,16.0,0.01,0.000,0.000,IDLE
2026-08-17T14:10:55.716762,37.8648799,32.4839566,1023.85,-0.0698,0.1405,0.2525,14.0,0.02,0.000,0.000,IDLE
2026-08-17T14:10:56.716840,37.8648809,32.4839570,1023.83,-0.0698,0.1400,0.2261,12.0,0.07,0.000,0.000,IDLE
2026-08-17T14:10:57.716698,37.8648815,32.4839569,1023.85,-0.0705,0.1399,0.2011,11.0,0.08,0.000,0.000,IDLE
2026-08-17T14:10:58.716815,37.8648818,32.4839568,1023.88,-0.0708,0.1401,0.1785,10.0,0.07,0.000,0.000,IDLE
2026-08-17T14:10:59.716775,37.8648824,32.4839565,1023.88,-0.0710,0.1404,0.1585,9.0,0.07,0.000,0.000,IDLE
2026-08-17T14:11:00.716980,37.8648821,32.4839565,1023.87,-0.0701,0.1417,0.1396,8.0,0.04,0.000,0.000,IDLE
2026-08-17T14:11:01.716836,37.8648823,32.4839567,1023.83,-0.0685,0.1415,0.1225,7.0,0.03,0.000,0.000,IDLE
2026-08-17T14:11:02.716904,37.8648827,32.4839570,1023.81,-0.0685,0.1409,0.1071,6.0,0.03,0.000,0.000,IDLE
2026-08-17T14:11:03.716836,37.8648831,32.4839570,1023.81,-0.0688,0.1411,0.0925,5.0,0.03,0.000,0.000,IDLE
2026-08-17T14:11:04.716864,37.8648827,32.4839571,1023.82,-0.0695,0.1416,0.0788,4.0,0.01,0.000,0.000,IDLE
2026-08-17T14:11:05.716732,37.8648828,32.4839569,1023.82,-0.0695,0.1411,0.0652,3.0,0.01,0.000,0.000,IDLE
2026-08-17T14:11:06.716871,37.8648829,32.4839569,1023.79,-0.0696,0.1412,0.0513,2.0,0.01,0.000,0.000,IDLE
2026-08-17T14:11:07.716904,37.8648834,32.4839571,1023.81,-0.0690,0.1410,0.0373,2.0,0.02,0.000,0.000,IDLE
2026-08-17T14:11:08.716711,37.8648836,32.4839571,1023.84,-0.0692,0.1409,0.0233,1.0,0.02,0.000,0.000,IDLE
2026-08-17T14:11:09.716858,37.8648839,32.4839577,1023.89,-0.0691,0.1408,0.0105,0.0,0.03,0.000,0.000,IDLE
2026-08-17T14:11:10.716702,37.8648843,32.4839576,1023.89,-0.0688,0.1406,-0.0018,359.0,0.03,0.000,0.000,IDLE
2026-08-17T14:11:11.717064,37.8648844,32.4839580,1023.90,-0.0691,0.1404,-0.0137,359.0,0.03,0.000,0.000,IDLE
2026-08-17T14:11:12.717282,37.8648844,32.4839583,1023.94,-0.0696,0.1408,-0.0252,358.0,0.02,0.000,0.000,IDLE
2026-08-17T14:11:13.716653,37.8648845,32.4839582,1023.93,-0.0697,0.1413,-0.0369,357.0,0.01,0.000,0.000,IDLE
2026-08-17T14:11:14.716670,37.8648844,32.4839581,1023.91,-0.0695,0.1414,-0.0496,357.0,0.00,0.000,0.000,IDLE
2026-08-17T14:11:15.716720,37.8648849,32.4839581,1023.90,-0.0696,0.1404,-0.0616,356.0,0.02,0.000,0.000,IDLE
2026-08-17T14:11:16.716652,37.8648852,32.4839581,1023.91,-0.0702,0.1405,-0.0734,355.0,0.03,0.000,0.000,IDLE
2026-08-17T14:11:17.716687,37.8648852,32.4839581,1023.92,-0.0701,0.1407,-0.0848,355.0,0.02,0.000,0.000,IDLE
2026-08-17T14:11:18.716737,37.8648849,32.4839581,1023.90,-0.0706,0.1411,-0.0963,354.0,0.02,0.000,0.000,IDLE
2026-08-17T14:11:19.716801,37.8648853,32.4839585,1023.90,-0.0700,0.1404,-0.1071,353.0,0.01,0.000,0.000,IDLE
2026-08-17T14:11:20.716934,37.8648854,32.4839590,1023.90,-0.0695,0.1405,-0.1180,353.0,0.01,0.000,0.000,IDLE
2026-08-17T14:11:21.717083,37.8648855,32.4839591,1023.92,-0.0705,0.1410,-0.1264,352.0,0.01,0.000,0.000,IDLE
2026-08-17T14:11:22.716869,37.8648855,32.4839592,1023.93,-0.0700,0.1412,-0.1330,352.0,0.01,0.000,0.000,IDLE
2026-08-17T14:11:23.717166,37.8648851,32.4839593,1023.96,-0.0704,0.1413,-0.1377,352.0,0.02,0.000,0.000,IDLE
2026-08-17T14:11:24.716761,37.8648852,32.4839593,1023.95,-0.0696,0.1410,-0.1417,351.0,0.01,0.000,0.000,IDLE
2026-08-17T14:11:25.716938,37.8648855,32.4839593,1023.98,-0.0694,0.1405,-0.1455,351.0,0.01,0.000,0.000,IDLE
2026-08-17T14:11:26.717267,37.8648858,32.4839593,1024.17,-0.0694,0.1404,-0.1494,351.0,0.02,0.000,0.000,IDLE
2026-08-17T14:11:27.716900,37.8648857,32.4839598,1024.31,-0.0696,0.1412,-0.1541,351.0,0.01,0.000,0.000,IDLE
2026-08-17T14:11:28.716783,37.8648854,32.4839603,1024.37,-0.0693,0.1418,-0.1596,350.0,0.03,0.000,0.000,IDLE
2026-08-17T14:11:29.716665,37.8648851,32.4839603,1024.45,-0.0693,0.1418,-0.1659,350.0,0.03,0.000,0.000,IDLE
2026-08-17T14:11:30.716741,37.8648845,32.4839605,1024.53,-0.0695,0.1421,-0.1735,350.0,0.06,0.000,0.000,IDLE
2026-08-17T14:11:31.717094,37.8648849,32.4839608,1024.59,-0.0691,0.1420,-0.1824,349.0,0.04,0.000,0.000,IDLE
2026-08-17T14:11:32.717472,37.8648853,32.4839612,1024.52,-0.0690,0.1419,-0.1917,349.0,0.03,0.000,0.000,IDLE
2026-08-17T14:11:33.717364,37.8648852,32.4839617,1024.43,-0.0692,0.1419,-0.2009,348.0,0.04,0.000,0.000,IDLE
2026-08-17T14:11:34.720072,37.8648859,32.4839618,1024.42,-0.0695,0.1406,-0.2069,348.0,0.02,0.000,0.000,IDLE
2026-08-17T14:11:35.716762,37.8648865,32.4839619,1024.42,-0.0703,0.1396,-0.1922,348.0,0.02,0.000,0.000,IDLE
2026-08-17T14:11:36.716680,37.8648862,32.4839613,1024.52,-0.0701,0.1406,-0.1574,350.0,0.03,0.000,0.000,IDLE
2026-08-17T14:11:37.718255,37.8648860,32.4839614,1024.55,-0.0704,0.1408,-0.1252,352.0,0.03,0.000,0.000,IDLE
2026-08-17T14:11:38.716726,37.8648858,32.4839618,1024.56,-0.0699,0.1408,-0.0964,354.0,0.03,0.000,0.900,WAYPOINT
2026-08-17T14:11:39.716671,37.8648862,32.4839619,1024.50,-0.0698,0.1406,-0.0734,355.0,0.01,0.000,0.900,WAYPOINT
2026-08-17T14:11:40.716760,37.8648864,32.4839616,1024.51,-0.0693,0.1402,-0.0532,356.0,0.02,0.000,0.900,WAYPOINT
2026-08-17T14:11:41.716731,37.8648863,32.4839616,1024.50,-0.0687,0.1404,-0.0376,357.0,0.02,0.000,0.900,WAYPOINT
2026-08-17T14:11:42.716702,37.8648864,32.4839608,1024.48,-0.0709,0.0978,-0.1336,352.0,0.23,0.000,0.900,WAYPOINT
2026-08-17T14:11:43.716775,37.8648880,32.4839597,1024.49,-0.0735,0.1343,-0.4212,335.0,0.13,0.000,0.000,WAYPOINT
2026-08-17T14:11:44.716690,37.8648890,32.4839593,1024.51,-0.0652,0.1365,-0.5622,327.0,0.12,0.000,0.000,WAYPOINT
2026-08-17T14:11:45.716664,37.8648899,32.4839588,1024.52,-0.0663,0.1368,-0.6439,323.0,0.12,0.000,0.000,WAYPOINT
2026-08-17T14:11:46.716699,37.8648912,32.4839586,1024.54,-0.0698,0.1407,-0.7019,319.0,0.14,0.000,0.000,WAYPOINT
2026-08-17T14:11:47.716717,37.8648917,32.4839586,1024.56,-0.0659,0.1419,-0.7435,317.0,0.11,0.000,0.000,WAYPOINT
2026-08-17T14:11:48.716710,37.8648920,32.4839579,1024.58,-0.0727,0.1418,-0.7781,315.0,0.08,0.000,0.000,WAYPOINT
2026-08-17T14:11:49.716690,37.8648928,32.4839575,1024.57,-0.0689,0.1416,-0.8041,313.0,0.08,0.000,0.000,WAYPOINT
2026-08-17T14:11:50.716718,37.8648936,32.4839572,1024.57,-0.0719,0.1410,-0.8270,312.0,0.09,0.000,0.000,WAYPOINT
2026-08-17T14:11:51.716814,37.8648944,32.4839567,1024.51,-0.0679,0.1398,-0.8436,311.0,0.09,0.000,0.000,WAYPOINT
2026-08-17T14:11:52.717099,37.8648954,32.4839556,1024.45,-0.0716,0.1394,-0.8591,310.0,0.10,0.000,0.000,WAYPOINT
2026-08-17T14:11:53.716982,37.8648959,32.4839553,1024.48,-0.0781,0.1389,-0.8729,309.0,0.09,0.000,0.000,WAYPOINT
2026-08-17T14:11:54.716773,37.8648960,32.4839552,1024.46,-0.0744,0.1423,-0.8817,309.0,0.06,0.000,0.000,WAYPOINT
2026-08-17T14:11:55.716794,37.8648963,32.4839550,1024.51,-0.0862,0.1318,-0.9172,307.0,0.05,0.000,0.000,WAYPOINT
2026-08-17T14:11:56.717070,37.8648969,32.4839542,1024.53,-0.0652,0.1279,-0.9427,305.0,0.08,0.000,0.000,WAYPOINT
2026-08-17T14:11:57.717138,37.8648974,32.4839538,1024.59,-0.0623,0.1361,-0.9735,304.0,0.08,0.000,0.900,WAYPOINT
2026-08-17T14:11:58.716858,37.8648980,32.4839533,1024.53,-0.0596,0.1474,-0.9978,302.0,0.08,0.000,0.900,WAYPOINT
2026-08-17T14:11:59.716900,37.8648986,32.4839530,1024.50,-0.0676,0.1460,-1.0227,301.0,0.07,0.000,0.900,WAYPOINT
2026-08-17T14:12:00.716841,37.8648983,32.4839531,1024.46,-0.0695,0.1420,-1.0433,300.0,0.03,0.000,0.900,WAYPOINT
2026-08-17T14:12:01.716708,37.8648985,32.4839537,1024.46,-0.0701,0.1395,-1.0584,299.0,0.02,0.000,0.900,WAYPOINT
2026-08-17T14:12:02.716705,37.8648995,32.4839537,1024.50,-0.0704,0.1415,-1.0605,299.0,0.07,0.000,0.900,WAYPOINT
2026-08-17T14:12:03.717008,37.8648999,32.4839541,1024.50,-0.0640,0.1464,-1.0582,299.0,0.07,0.000,0.900,WAYPOINT
2026-08-17T14:12:04.716719,37.8649005,32.4839541,1024.53,-0.0664,0.1455,-1.0494,299.0,0.06,-0.550,-0.900,WAYPOINT
2026-08-17T14:12:05.716774,37.8649016,32.4839540,1024.51,-0.0651,0.1404,-1.0406,300.0,0.08,0.000,-0.900,WAYPOINT
2026-08-17T14:12:06.717402,37.8649022,32.4839537,1024.46,-0.0684,0.1343,-1.0297,301.0,0.07,0.000,-0.900,WAYPOINT
2026-08-17T14:12:07.716786,37.8649036,32.4839528,1024.45,-0.0680,0.1337,-1.0182,301.0,0.11,0.000,-0.900,WAYPOINT
2026-08-17T14:12:08.716697,37.8649045,32.4839525,1024.45,-0.0689,0.1415,-1.0035,302.0,0.11,0.000,0.000,WAYPOINT
2026-08-17T14:12:09.716883,37.8649055,32.4839522,1024.43,-0.0706,0.1473,-0.9908,303.0,0.11,0.000,0.000,WAYPOINT
2026-08-17T14:12:10.717166,37.8649061,32.4839523,1024.42,-0.0692,0.1438,-0.9793,303.0,0.10,0.000,0.900,WAYPOINT
2026-08-17T14:12:11.716966,37.8649056,32.4839523,1024.45,-0.0708,0.1415,-0.9676,304.0,0.04,0.000,0.900,WAYPOINT
2026-08-17T14:12:12.716709,37.8649060,32.4839519,1024.44,-0.0722,0.1416,-0.9536,305.0,0.05,-0.550,-0.900,WAYPOINT
2026-08-17T14:12:13.716797,37.8649064,32.4839518,1024.49,-0.0722,0.1413,-0.9388,306.0,0.04,-0.550,-0.900,WAYPOINT
2026-08-17T14:12:14.716867,37.8649067,32.4839515,1024.51,-0.0696,0.1445,-0.9222,307.0,0.04,-0.550,-0.900,WAYPOINT
2026-08-17T14:12:15.716706,37.8649071,32.4839513,1024.50,-0.0667,0.1440,-0.9093,307.0,0.04,-0.550,-0.900,WAYPOINT
2026-08-17T14:12:16.716802,37.8649077,32.4839506,1024.51,-0.0667,0.1388,-0.8989,308.0,0.06,-0.550,-0.900,WAYPOINT
2026-08-17T14:12:17.716811,37.8649080,32.4839503,1024.43,-0.0649,0.1366,-0.8934,308.0,0.05,-0.550,-0.900,WAYPOINT
2026-08-17T14:12:18.716739,37.8649083,32.4839497,1024.44,-0.0671,0.1365,-0.8929,308.0,0.05,0.000,0.900,WAYPOINT
2026-08-17T14:12:19.716898,37.8649079,32.4839494,1024.45,-0.0702,0.1380,-0.8995,308.0,0.04,0.000,0.900,WAYPOINT
2026-08-17T14:12:20.716930,37.8649084,32.4839491,1024.48,-0.0689,0.1406,-0.9113,307.0,0.04,0.000,0.900,WAYPOINT
2026-08-17T14:12:21.716776,37.8649090,32.4839488,1024.46,-0.0671,0.1417,-0.9296,306.0,0.04,0.000,0.900,WAYPOINT
2026-08-17T14:12:22.716658,37.8649103,32.4839480,1024.47,-0.0689,0.1398,-0.9557,305.0,0.07,-0.550,-0.900,WAYPOINT
2026-08-17T14:12:23.716731,37.8649112,32.4839471,1024.57,-0.0710,0.1388,-0.9882,303.0,0.09,-0.550,-0.900,WAYPOINT
2026-08-17T14:12:24.718628,37.8649122,32.4839462,1024.61,-0.0669,0.1399,-1.0265,301.0,0.11,-0.550,-0.900,WAYPOINT
2026-08-17T14:12:25.716741,37.8649125,32.4839461,1024.63,-0.0638,0.1397,-1.0866,297.0,0.07,0.000,0.900,WAYPOINT
2026-08-17T14:12:26.716685,37.8649120,32.4839440,1024.63,-0.0695,0.1615,-1.3195,284.0,0.30,0.000,0.900,WAYPOINT
2026-08-17T14:12:27.716738,37.8649137,32.4839384,1024.63,-0.0689,0.1397,-1.4545,276.0,0.52,0.000,0.900,WAYPOINT
2026-08-17T14:12:28.716968,37.8649161,32.4839323,1024.62,-0.0664,0.1312,-1.5235,272.0,0.59,0.000,-0.900,WAYPOINT
2026-08-17T14:12:29.716860,37.8649178,32.4839258,1024.66,-0.0641,0.1324,-1.5884,269.0,0.62,0.000,-0.900,WAYPOINT
2026-08-17T14:12:30.717047,37.8649187,32.4839199,1024.67,-0.0666,0.1295,-1.6908,263.0,0.55,0.000,0.000,WAYPOINT
2026-08-17T14:12:31.716724,37.8649196,32.4839135,1024.72,-0.0678,0.1314,-1.7856,257.0,0.53,0.000,0.000,WAYPOINT
2026-08-17T14:12:32.717172,37.8649198,32.4839065,1024.70,-0.0663,0.1266,-1.8857,251.0,0.53,0.000,0.000,WAYPOINT
2026-08-17T14:12:33.723150,37.8649191,32.4838996,1024.70,-0.0642,0.1237,-2.0029,245.0,0.52,0.000,0.000,WAYPOINT
2026-08-17T14:12:34.716916,37.8649180,32.4838946,1024.68,-0.0748,0.1667,-2.0854,240.0,0.39,0.000,0.000,WAYPOINT
2026-08-17T14:12:35.716928,37.8649179,32.4838915,1024.69,-0.0701,0.1741,-2.0465,242.0,0.10,0.000,0.000,WAYPOINT
2026-08-17T14:12:36.716775,37.8649171,32.4838974,1024.66,-0.0963,0.2419,-2.0986,239.0,0.42,0.000,0.000,WAYPOINT
2026-08-17T14:12:37.716893,37.8649164,32.4839009,1024.60,-0.0611,0.1677,-2.0055,245.0,0.38,0.000,0.000,WAYPOINT
2026-08-17T14:12:38.716853,37.8649150,32.4839055,1024.58,-0.0651,0.1525,-2.0230,244.0,0.40,0.000,0.000,WAYPOINT
2026-08-17T14:12:39.716669,37.8649132,32.4839059,1024.54,-0.0830,0.1291,-2.1736,235.0,0.35,0.000,0.000,WAYPOINT
2026-08-17T14:12:40.716742,37.8649124,32.4839016,1024.54,-0.0756,0.1421,-2.0495,242.0,0.50,0.000,0.000,WAYPOINT
2026-08-17T14:12:41.716993,37.8649123,32.4838962,1024.52,-0.0699,0.1385,-1.9198,250.0,0.55,0.000,0.000,WAYPOINT
2026-08-17T14:12:42.717714,37.8649125,32.4838903,1024.52,-0.0694,0.1396,-1.8015,256.0,0.56,0.000,0.000,WAYPOINT
2026-08-17T14:12:43.716989,37.8649124,32.4838840,1024.50,-0.0683,0.1320,-1.7173,261.0,0.58,0.000,0.000,WAYPOINT
2026-08-17T14:12:44.717171,37.8649133,32.4838780,1024.47,-0.0662,0.1324,-1.6942,262.0,0.56,0.000,0.000,WAYPOINT
2026-08-17T14:12:45.716786,37.8649138,32.4838725,1024.46,-0.0662,0.1335,-1.7057,262.0,0.53,0.000,0.000,WAYPOINT
2026-08-17T14:12:46.716699,37.8649140,32.4838663,1024.47,-0.0663,0.1338,-1.7342,260.0,0.53,0.000,0.000,WAYPOINT
2026-08-17T14:12:47.716843,37.8649141,32.4838603,1024.49,-0.0660,0.1320,-1.7754,258.0,0.52,0.000,0.000,WAYPOINT
2026-08-17T14:12:48.716936,37.8649139,32.4838543,1024.52,-0.0662,0.1337,-1.8177,255.0,0.51,0.000,0.000,WAYPOINT
2026-08-17T14:12:49.716854,37.8649136,32.4838476,1024.53,-0.0670,0.1336,-1.8591,253.0,0.53,0.000,0.000,WAYPOINT
2026-08-17T14:12:50.716777,37.8649129,32.4838409,1024.54,-0.0671,0.1318,-1.8992,251.0,0.53,0.000,0.000,WAYPOINT
2026-08-17T14:12:51.716746,37.8649120,32.4838346,1024.54,-0.0689,0.1330,-1.9341,249.0,0.52,0.000,0.000,WAYPOINT
2026-08-17T14:12:52.716962,37.8649115,32.4838284,1024.55,-0.0712,0.1322,-1.9221,249.0,0.52,0.000,0.000,WAYPOINT
2026-08-17T14:12:53.716711,37.8649111,32.4838225,1024.54,-0.0708,0.1295,-1.7832,257.0,0.41,0.000,0.000,WAYPOINT
2026-08-17T14:12:54.717319,37.8649108,32.4838193,1024.56,-0.0720,0.1344,-1.6335,266.0,0.32,0.000,0.000,WAYPOINT
2026-08-17T14:12:55.717101,37.8649120,32.4838164,1024.57,-0.0711,0.1333,-1.4506,276.0,0.29,0.000,0.000,WAYPOINT
2026-08-17T14:12:56.716673,37.8649131,32.4838138,1024.57,-0.0695,0.1465,-1.2770,286.0,0.35,0.000,0.000,WAYPOINT
2026-08-17T14:12:57.716812,37.8649148,32.4838097,1024.56,-0.0703,0.1406,-1.1317,295.0,0.41,0.000,0.000,WAYPOINT
2026-08-17T14:12:58.716682,37.8649178,32.4838064,1024.56,-0.0701,0.1375,-0.9964,302.0,0.45,0.000,0.000,WAYPOINT
2026-08-17T14:12:59.716733,37.8649209,32.4838033,1024.55,-0.0694,0.1359,-0.9111,307.0,0.47,0.000,0.000,WAYPOINT
2026-08-17T14:13:00.717909,37.8649246,32.4838001,1024.51,-0.0685,0.1342,-0.8700,310.0,0.50,0.000,0.000,WAYPOINT
2026-08-17T14:13:01.716891,37.8649287,32.4837966,1024.48,-0.0683,0.1344,-0.8547,311.0,0.52,0.000,0.000,WAYPOINT
2026-08-17T14:13:02.716731,37.8649328,32.4837931,1024.48,-0.0685,0.1329,-0.8505,311.0,0.54,0.000,0.000,WAYPOINT
2026-08-17T14:13:03.717330,37.8649364,32.4837901,1024.50,-0.0681,0.1341,-0.8637,310.0,0.51,0.000,0.000,WAYPOINT
2026-08-17T14:13:04.717744,37.8649395,32.4837873,1024.51,-0.0685,0.1342,-0.8832,309.0,0.48,0.000,0.000,WAYPOINT
2026-08-17T14:13:05.716785,37.8649437,32.4837836,1024.49,-0.0686,0.1316,-0.9034,308.0,0.51,0.000,0.000,WAYPOINT
2026-08-17T14:13:06.716836,37.8649477,32.4837798,1024.51,-0.0690,0.1334,-0.9273,306.0,0.52,0.000,0.000,WAYPOINT
2026-08-17T14:13:07.716801,37.8649509,32.4837762,1024.53,-0.0702,0.1332,-0.9494,305.0,0.50,0.000,0.000,WAYPOINT
2026-08-17T14:13:08.716716,37.8649547,32.4837718,1024.55,-0.0682,0.1332,-0.9547,305.0,0.52,0.000,0.000,WAYPOINT
2026-08-17T14:13:09.719991,37.8649584,32.4837679,1024.56,-0.0673,0.1213,-0.9826,303.0,0.46,0.000,0.000,WAYPOINT
2026-08-17T14:13:10.716848,37.8649598,32.4837657,1024.59,-0.0634,0.1228,-1.1203,295.0,0.11,0.000,0.000,WAYPOINT
2026-08-17T14:13:11.716784,37.8649586,32.4837642,1024.57,-0.0626,0.0858,-1.6744,264.0,0.24,0.000,0.000,WAYPOINT
2026-08-17T14:13:12.716864,37.8649587,32.4837629,1024.57,-0.0559,0.1001,-2.2766,229.0,0.11,0.000,0.000,WAYPOINT
2026-08-17T14:13:13.716706,37.8649583,32.4837615,1024.58,-0.0533,0.1065,-2.8745,195.0,0.02,0.000,0.000,WAYPOINT
2026-08-17T14:13:14.716762,37.8649575,32.4837608,1024.56,-0.0499,0.0866,2.8178,161.0,0.08,0.000,0.000,WAYPOINT
2026-08-17T14:13:15.716820,37.8649570,32.4837601,1024.58,-0.0535,0.1389,2.3546,134.0,0.11,0.000,0.000,WAYPOINT
2026-08-17T14:13:16.716796,37.8649557,32.4837618,1024.58,-0.0677,0.1311,2.0443,117.0,0.22,0.000,0.000,WAYPOINT
2026-08-17T14:13:17.717360,37.8649535,32.4837657,1024.57,-0.0726,0.1284,1.9154,109.0,0.49,0.000,0.000,WAYPOINT
2026-08-17T14:13:18.716700,37.8649520,32.4837711,1024.57,-0.0691,0.1380,1.8296,104.0,0.57,0.000,0.000,WAYPOINT
2026-08-17T14:13:19.717014,37.8649510,32.4837764,1024.56,-0.0734,0.1344,1.8187,104.0,0.56,0.000,0.000,WAYPOINT
2026-08-17T14:13:20.716822,37.8649496,32.4837814,1024.53,-0.0745,0.1339,1.8678,107.0,0.51,0.000,0.000,WAYPOINT
2026-08-17T14:13:21.720268,37.8649484,32.4837859,1024.54,-0.0742,0.1377,1.9527,111.0,0.48,0.000,0.000,WAYPOINT
2026-08-17T14:13:22.717051,37.8649468,32.4837895,1024.56,-0.0719,0.1446,2.0738,118.0,0.45,0.000,0.000,WAYPOINT
2026-08-17T14:13:23.716757,37.8649445,32.4837934,1024.58,-0.0706,0.1406,2.2057,126.0,0.46,0.000,0.000,WAYPOINT
2026-08-17T14:13:24.717152,37.8649424,32.4837965,1024.61,-0.0690,0.1385,2.3463,134.0,0.42,0.000,0.000,WAYPOINT
2026-08-17T14:13:25.716697,37.8649388,32.4837996,1024.58,-0.0729,0.1358,2.4978,143.0,0.44,0.000,0.000,WAYPOINT
2026-08-17T14:13:26.716792,37.8649348,32.4838027,1024.54,-0.0727,0.1350,2.6357,151.0,0.46,0.000,0.000,WAYPOINT
2026-08-17T14:13:27.716832,37.8649308,32.4838048,1024.52,-0.0728,0.1339,2.7402,157.0,0.46,0.000,0.000,WAYPOINT
2026-08-17T14:13:28.717231,37.8649268,32.4838065,1024.50,-0.0721,0.1339,2.8445,162.0,0.46,0.000,0.000,WAYPOINT
2026-08-17T14:13:29.716780,37.8649228,32.4838073,1024.50,-0.0668,0.1345,2.9148,167.0,0.45,0.000,0.000,WAYPOINT
2026-08-17T14:13:30.716885,37.8649182,32.4838077,1024.51,-0.0651,0.1331,2.8917,165.0,0.47,0.000,0.000,WAYPOINT
2026-08-17T14:13:31.716795,37.8649135,32.4838088,1024.52,-0.0654,0.1334,2.8211,161.0,0.49,0.000,0.000,WAYPOINT
2026-08-17T14:13:32.716712,37.8649087,32.4838104,1024.52,-0.0673,0.1340,2.7651,158.0,0.52,0.000,0.000,WAYPOINT
2026-08-17T14:13:33.716822,37.8649038,32.4838132,1024.56,-0.0680,0.1314,2.7185,155.0,0.55,0.000,0.000,WAYPOINT
2026-08-17T14:13:34.716862,37.8648989,32.4838168,1024.56,-0.0682,0.1319,2.6778,153.0,0.56,0.000,0.000,WAYPOINT
2026-08-17T14:13:35.717008,37.8648943,32.4838204,1024.55,-0.0700,0.1341,2.6383,151.0,0.56,0.000,0.000,WAYPOINT
2026-08-17T14:13:36.716701,37.8648906,32.4838239,1024.51,-0.0655,0.1165,2.5930,148.0,0.44,0.000,0.000,WAYPOINT
2026-08-17T14:13:37.716736,37.8648890,32.4838260,1024.46,-0.0672,0.1148,2.5133,143.0,0.14,0.000,0.000,WAYPOINT
2026-08-17T14:13:38.716764,37.8648899,32.4838276,1024.45,-0.0608,0.0923,1.9924,114.0,0.34,0.000,0.000,WAYPOINT
2026-08-17T14:13:39.717000,37.8648895,32.4838274,1024.48,-0.0674,0.1247,1.4469,82.0,0.13,0.000,0.000,WAYPOINT
2026-08-17T14:13:40.716755,37.8648886,32.4838284,1024.45,-0.0648,0.1306,1.1768,67.0,0.02,0.000,0.000,WAYPOINT
2026-08-17T14:13:41.716840,37.8648888,32.4838308,1024.45,-0.0653,0.1380,1.0613,60.0,0.24,0.000,0.000,WAYPOINT
2026-08-17T14:13:42.716983,37.8648913,32.4838346,1024.41,-0.0718,0.1336,0.9937,56.0,0.46,0.000,0.000,WAYPOINT
2026-08-17T14:13:43.716910,37.8648948,32.4838389,1024.39,-0.0775,0.1342,0.9662,55.0,0.54,0.000,0.000,WAYPOINT
2026-08-17T14:13:44.717044,37.8648978,32.4838429,1024.37,-0.0770,0.1338,1.0478,60.0,0.54,0.000,0.000,WAYPOINT
2026-08-17T14:13:45.716716,37.8649009,32.4838469,1024.36,-0.0743,0.1337,1.1823,67.0,0.52,0.000,0.000,WAYPOINT
2026-08-17T14:13:46.716681,37.8649034,32.4838524,1024.34,-0.0756,0.1301,1.3319,76.0,0.52,0.000,0.000,WAYPOINT
2026-08-17T14:13:47.716726,37.8649044,32.4838582,1024.34,-0.0736,0.1314,1.4944,85.0,0.49,0.000,0.000,WAYPOINT
2026-08-17T14:13:48.716849,37.8649049,32.4838641,1024.34,-0.0713,0.1310,1.6082,92.0,0.48,0.000,0.000,WAYPOINT
2026-08-17T14:13:49.716719,37.8649051,32.4838704,1024.37,-0.0674,0.1313,1.6752,95.0,0.49,0.000,0.000,WAYPOINT
2026-08-17T14:13:50.716683,37.8649043,32.4838768,1024.39,-0.0698,0.1319,1.7388,99.0,0.51,0.000,0.000,WAYPOINT
2026-08-17T14:13:51.716695,37.8649040,32.4838824,1024.38,-0.0673,0.1330,1.7957,102.0,0.50,0.000,0.000,WAYPOINT
2026-08-17T14:13:52.716989,37.8649034,32.4838880,1024.37,-0.0683,0.1310,1.8129,103.0,0.49,0.000,0.000,WAYPOINT
2026-08-17T14:13:53.716722,37.8649028,32.4838935,1024.36,-0.0671,0.1332,1.7961,102.0,0.50,0.000,0.000,WAYPOINT
2026-08-17T14:13:54.717108,37.8649021,32.4838996,1024.36,-0.0660,0.1336,1.7526,100.0,0.52,0.000,0.000,WAYPOINT
2026-08-17T14:13:55.716899,37.8649022,32.4839052,1024.35,-0.0673,0.1293,1.7243,98.0,0.48,0.000,0.000,WAYPOINT
2026-08-17T14:13:56.716764,37.8649022,32.4839089,1024.36,-0.0655,0.1118,1.7556,100.0,0.20,0.000,0.000,WAYPOINT
2026-08-17T14:13:57.716747,37.8649018,32.4839098,1024.40,-0.0614,0.1499,1.7281,99.0,0.08,0.000,0.000,WAYPOINT
2026-08-17T14:13:58.716750,37.8649013,32.4839107,1024.40,-0.0667,0.1374,1.7349,99.0,0.05,0.000,0.000,WAYPOINT
2026-08-17T14:13:59.717094,37.8649010,32.4839107,1024.39,-0.0763,0.1329,1.7357,99.0,0.06,0.000,0.000,WAYPOINT
2026-08-17T14:14:00.716878,37.8649007,32.4839108,1024.45,-0.0636,0.1470,1.7421,99.0,0.07,0.000,0.000,WAYPOINT
2026-08-17T14:14:01.716721,37.8649001,32.4839111,1024.45,-0.0711,0.1552,1.7684,101.0,0.06,0.000,0.000,WAYPOINT
2026-08-17T14:14:02.716821,37.8648998,32.4839119,1024.47,-0.0608,0.1550,1.8867,108.0,0.16,0.000,0.000,WAYPOINT
2026-08-17T14:14:03.716730,37.8648986,32.4839142,1024.56,-0.0698,0.1513,2.0903,119.0,0.26,0.000,0.000,WAYPOINT
2026-08-17T14:14:04.717045,37.8648975,32.4839164,1024.47,-0.0809,0.1804,2.3217,133.0,0.17,0.000,0.000,WAYPOINT
2026-08-17T14:14:05.717140,37.8648981,32.4839165,1024.40,-0.0840,0.1874,2.7184,155.0,0.10,0.000,0.000,WAYPOINT
2026-08-17T14:14:06.716877,37.8648994,32.4839176,1024.36,-0.0795,0.1633,3.0422,174.0,0.11,0.000,0.000,WAYPOINT
2026-08-17T14:14:07.716749,37.8648992,32.4839194,1024.36,-0.0901,0.1871,-2.9785,189.0,0.09,0.000,0.000,WAYPOINT
2026-08-17T14:14:08.716954,37.8648995,32.4839221,1024.41,-0.0741,0.1535,-2.7202,204.0,0.14,0.000,0.000,WAYPOINT
2026-08-17T14:14:09.717268,37.8648995,32.4839242,1024.40,-0.0692,0.1271,-2.5703,212.0,0.13,0.000,0.000,WAYPOINT
2026-08-17T14:14:10.716855,37.8648990,32.4839255,1024.41,-0.0661,0.1224,-2.4641,218.0,0.11,0.000,0.000,WAYPOINT
2026-08-17T14:14:11.716904,37.8648984,32.4839266,1024.41,-0.0686,0.1293,-2.3884,223.0,0.10,0.000,0.000,WAYPOINT
2026-08-17T14:14:12.717334,37.8648983,32.4839279,1024.39,-0.0716,0.1368,-2.3344,226.0,0.10,0.000,0.000,WAYPOINT
2026-08-17T14:14:13.716832,37.8648983,32.4839288,1024.43,-0.0702,0.1431,-2.2920,228.0,0.08,0.000,0.000,WAYPOINT
2026-08-17T14:14:14.717018,37.8648980,32.4839292,1024.44,-0.0680,0.1454,-2.2569,230.0,0.07,0.000,0.000,WAYPOINT
2026-08-17T14:14:15.716735,37.8648978,32.4839298,1024.55,-0.0637,0.1417,-2.2274,232.0,0.07,0.000,0.000,WAYPOINT
2026-08-17T14:14:16.716674,37.8648979,32.4839303,1024.53,-0.0656,0.1394,-2.2030,233.0,0.06,0.000,0.000,WAYPOINT
2026-08-17T14:14:17.716687,37.8648983,32.4839307,1024.49,-0.0682,0.1409,-2.1817,235.0,0.04,0.000,0.000,WAYPOINT
2026-08-17T14:14:18.716922,37.8648984,32.4839319,1024.53,-0.0700,0.1398,-2.1638,236.0,0.05,0.000,0.000,WAYPOINT
2026-08-17T14:14:19.716705,37.8648983,32.4839328,1024.57,-0.0678,0.1375,-2.1462,237.0,0.06,0.000,0.000,WAYPOINT
2026-08-17T14:14:20.716716,37.8648983,32.4839339,1024.59,-0.0683,0.1410,-2.1273,238.0,0.08,0.000,0.000,WAYPOINT
2026-08-17T14:14:21.716724,37.8648984,32.4839353,1024.55,-0.0697,0.1430,-2.1122,238.0,0.10,0.000,0.000,WAYPOINT
2026-08-17T14:14:22.717364,37.8648988,32.4839360,1024.46,-0.0702,0.1427,-2.0976,239.0,0.10,0.000,0.000,WAYPOINT
2026-08-17T14:14:23.717979,37.8648986,32.4839367,1024.44,-0.0705,0.1409,-2.0856,240.0,0.09,0.000,0.000,WAYPOINT
2026-08-17T14:14:24.716764,37.8648989,32.4839377,1024.47,-0.0681,0.1396,-2.0778,240.0,0.09,0.000,0.000,WAYPOINT
2026-08-17T14:14:25.716791,37.8648992,32.4839383,1024.49,-0.0678,0.1412,-2.0750,241.0,0.08,0.000,0.000,WAYPOINT
2026-08-17T14:14:26.716767,37.8648993,32.4839390,1024.49,-0.0691,0.1440,-2.0746,241.0,0.08,0.000,0.000,WAYPOINT
2026-08-17T14:14:27.724080,37.8648989,32.4839395,1024.55,-0.0726,0.1448,-2.0778,240.0,0.07,0.000,0.000,WAYPOINT
2026-08-17T14:14:28.716686,37.8648987,32.4839401,1024.59,-0.0753,0.1432,-2.0832,240.0,0.07,0.000,0.000,WAYPOINT
2026-08-17T14:14:29.716727,37.8648984,32.4839409,1024.56,-0.0774,0.1411,-2.0917,240.0,0.08,0.000,0.000,WAYPOINT
2026-08-17T14:14:30.717896,37.8648984,32.4839417,1024.55,-0.0772,0.1402,-2.1037,239.0,0.09,0.000,0.000,WAYPOINT
2026-08-17T14:14:31.716723,37.8648984,32.4839416,1024.48,-0.0696,0.1394,-2.1170,238.0,0.06,0.000,0.000,WAYPOINT
2026-08-17T14:14:32.717004,37.8648984,32.4839420,1024.48,-0.0659,0.1417,-2.1320,237.0,0.06,0.000,0.000,WAYPOINT
2026-08-17T14:14:33.716753,37.8648985,32.4839423,1024.49,-0.0687,0.1442,-2.1485,236.0,0.06,0.000,0.000,WAYPOINT
2026-08-17T14:14:34.716939,37.8648986,32.4839429,1024.50,-0.0679,0.1448,-2.1673,235.0,0.07,0.000,0.000,WAYPOINT
2026-08-17T14:14:35.716812,37.8648989,32.4839438,1024.51,-0.0706,0.1475,-2.1680,235.0,0.07,0.000,0.000,WAYPOINT
2026-08-17T14:14:36.716802,37.8648986,32.4839429,1024.56,-0.0724,0.1396,-1.9592,247.0,0.12,0.000,0.000,WAYPOINT
2026-08-17T14:14:37.718034,37.8648985,32.4839401,1024.56,-0.0700,0.1347,-1.7268,261.0,0.36,0.000,0.000,WAYPOINT
2026-08-17T14:14:38.716923,37.8648980,32.4839354,1024.54,-0.0679,0.1390,-1.6230,267.0,0.47,0.000,0.000,WAYPOINT
2026-08-17T14:14:39.716693,37.8648975,32.4839294,1024.58,-0.0688,0.1335,-1.5610,270.0,0.53,0.000,0.000,WAYPOINT
2026-08-17T14:14:40.716802,37.8648974,32.4839228,1024.59,-0.0674,0.1286,-1.5142,273.0,0.56,0.000,0.000,WAYPOINT
2026-08-17T14:14:41.716853,37.8648973,32.4839174,1024.54,-0.0700,0.1309,-1.4540,276.0,0.52,0.000,0.000,WAYPOINT
2026-08-17T14:14:42.716720,37.8648977,32.4839114,1024.48,-0.0688,0.1353,-1.4106,279.0,0.52,0.000,0.000,WAYPOINT
2026-08-17T14:14:43.717004,37.8648986,32.4839059,1024.50,-0.0674,0.1318,-1.3927,280.0,0.51,0.000,0.000,WAYPOINT
2026-08-17T14:14:44.716737,37.8648995,32.4838989,1024.53,-0.0675,0.1299,-1.3734,281.0,0.55,0.000,0.000,WAYPOINT
2026-08-17T14:14:45.716754,37.8649004,32.4838925,1024.53,-0.0688,0.1298,-1.3627,281.0,0.54,0.000,0.000,WAYPOINT
2026-08-17T14:14:46.716710,37.8649018,32.4838868,1024.55,-0.0658,0.1296,-1.3488,282.0,0.53,0.000,0.000,WAYPOINT
2026-08-17T14:14:47.716678,37.8649022,32.4838809,1024.57,-0.0665,0.1336,-1.3637,281.0,0.52,0.000,0.000,WAYPOINT
2026-08-17T14:14:48.720021,37.8649030,32.4838755,1024.58,-0.0684,0.1335,-1.4255,278.0,0.50,0.000,0.000,WAYPOINT
2026-08-17T14:14:49.716774,37.8649031,32.4838703,1024.61,-0.0652,0.1353,-1.4901,274.0,0.37,0.000,0.000,WAYPOINT
2026-08-17T14:14:50.716792,37.8649029,32.4838669,1024.60,-0.0679,0.1421,-1.6435,265.0,0.35,0.000,0.000,WAYPOINT
2026-08-17T14:14:51.716714,37.8649033,32.4838617,1024.55,-0.0707,0.1350,-1.5787,269.0,0.46,0.000,0.000,WAYPOINT
2026-08-17T14:14:52.716708,37.8649036,32.4838561,1024.50,-0.0720,0.1343,-1.5197,272.0,0.51,0.000,0.000,WAYPOINT
2026-08-17T14:14:53.723168,37.8649039,32.4838504,1024.48,-0.0703,0.1342,-1.4969,274.0,0.53,0.000,0.000,WAYPOINT
2026-08-17T14:14:54.716677,37.8649044,32.4838447,1024.44,-0.0694,0.1349,-1.4885,274.0,0.51,0.000,0.000,WAYPOINT
2026-08-17T14:14:55.716721,37.8649053,32.4838395,1024.41,-0.0692,0.1343,-1.4580,276.0,0.49,0.000,0.000,WAYPOINT
2026-08-17T14:14:56.716984,37.8649066,32.4838343,1024.41,-0.0678,0.1348,-1.4520,276.0,0.48,0.000,0.000,WAYPOINT
2026-08-17T14:14:57.717219,37.8649078,32.4838289,1024.43,-0.0663,0.1358,-1.4774,275.0,0.49,0.000,0.000,WAYPOINT
2026-08-17T14:14:58.716770,37.8649092,32.4838226,1024.47,-0.0720,0.1311,-1.4368,277.0,0.51,0.000,0.000,WAYPOINT
2026-08-17T14:14:59.716841,37.8649112,32.4838174,1024.47,-0.0671,0.1489,-1.3109,284.0,0.46,0.000,0.000,WAYPOINT
2026-08-17T14:15:00.717029,37.8649126,32.4838132,1024.49,-0.0666,0.1478,-1.2265,289.0,0.42,0.000,0.000,WAYPOINT
2026-08-17T14:15:01.716786,37.8649144,32.4838096,1024.52,-0.0678,0.1405,-1.1284,295.0,0.41,0.000,0.000,WAYPOINT
2026-08-17T14:15:02.716809,37.8649171,32.4838055,1024.52,-0.0689,0.1379,-1.0310,300.0,0.42,0.000,0.000,WAYPOINT
2026-08-17T14:15:03.716752,37.8649198,32.4838021,1024.52,-0.0691,0.1388,-0.9472,305.0,0.42,0.000,0.000,WAYPOINT
2026-08-17T14:15:04.716978,37.8649228,32.4837991,1024.52,-0.0688,0.1379,-0.8776,309.0,0.44,0.000,0.000,WAYPOINT
2026-08-17T14:15:05.716768,37.8649264,32.4837957,1024.53,-0.0694,0.1341,-0.8314,312.0,0.46,0.000,0.000,WAYPOINT
2026-08-17T14:15:06.716698,37.8649297,32.4837927,1024.54,-0.0690,0.1349,-0.8037,313.0,0.46,0.000,0.000,WAYPOINT
2026-08-17T14:15:07.716930,37.8649336,32.4837892,1024.52,-0.0687,0.1345,-0.7874,314.0,0.49,0.000,0.000,WAYPOINT
2026-08-17T14:15:08.716758,37.8649376,32.4837857,1024.50,-0.0685,0.1350,-0.7645,316.0,0.50,0.000,0.000,WAYPOINT
2026-08-17T14:15:09.716822,37.8649415,32.4837827,1024.49,-0.0685,0.1337,-0.7449,317.0,0.51,0.000,0.000,WAYPOINT
2026-08-17T14:15:10.716990,37.8649449,32.4837797,1024.50,-0.0670,0.1335,-0.7567,316.0,0.48,0.000,0.000,WAYPOINT
2026-08-17T14:15:11.716979,37.8649489,32.4837763,1024.50,-0.0680,0.1345,-0.7786,315.0,0.50,0.000,0.000,WAYPOINT
2026-08-17T14:15:12.716765,37.8649527,32.4837728,1024.48,-0.0684,0.1347,-0.7945,314.0,0.50,0.000,0.000,WAYPOINT
2026-08-17T14:15:13.716657,37.8649572,32.4837691,1024.47,-0.0689,0.1337,-0.8138,313.0,0.51,0.000,0.000,WAYPOINT
2026-08-17T14:15:14.716743,37.8649599,32.4837668,1024.49,-0.0655,0.1094,-0.8656,310.0,0.28,0.000,0.000,WAYPOINT
2026-08-17T14:15:15.716885,37.8649605,32.4837656,1024.50,-0.0567,0.1295,-1.1235,295.0,0.17,0.000,0.000,WAYPOINT
2026-08-17T14:15:16.716743,37.8649597,32.4837638,1024.50,-0.0654,0.0919,-1.7491,259.0,0.22,0.000,0.000,WAYPOINT
2026-08-17T14:15:17.716754,37.8649600,32.4837616,1024.52,-0.0535,0.0895,-2.3586,224.0,0.11,0.000,0.000,WAYPOINT
2026-08-17T14:15:18.716755,37.8649600,32.4837606,1024.51,-0.0535,0.1152,-2.9895,188.0,0.08,0.000,0.000,WAYPOINT
2026-08-17T14:15:19.716742,37.8649590,32.4837597,1024.52,-0.0519,0.1223,2.6444,151.0,0.10,0.000,0.000,WAYPOINT
2026-08-17T14:15:20.717205,37.8649582,32.4837591,1024.52,-0.0535,0.1371,2.2238,127.0,0.12,0.000,0.000,WAYPOINT
2026-08-17T14:15:21.716717,37.8649563,32.4837611,1024.51,-0.0703,0.1379,2.0057,114.0,0.34,0.000,0.000,WAYPOINT
2026-08-17T14:15:22.717185,37.8649534,32.4837662,1024.49,-0.0664,0.1360,1.9083,109.0,0.57,0.000,0.000,WAYPOINT
2026-08-17T14:15:23.716733,37.8649516,32.4837725,1024.46,-0.0689,0.1272,1.8315,104.0,0.61,0.000,0.000,WAYPOINT
2026-08-17T14:15:24.717364,37.8649502,32.4837782,1024.44,-0.0707,0.1331,1.8345,105.0,0.58,0.000,0.000,WAYPOINT
2026-08-17T14:15:25.716798,37.8649490,32.4837828,1024.41,-0.0708,0.1336,1.8791,107.0,0.53,0.000,0.000,WAYPOINT
2026-08-17T14:15:26.716939,37.8649475,32.4837863,1024.39,-0.0713,0.1334,1.9695,112.0,0.47,0.000,0.000,WAYPOINT
2026-08-17T14:15:27.716755,37.8649459,32.4837899,1024.40,-0.0734,0.1271,2.0866,119.0,0.43,0.000,0.000,WAYPOINT
2026-08-17T14:15:28.716788,37.8649442,32.4837936,1024.41,-0.0744,0.1293,2.2182,127.0,0.42,0.000,0.000,WAYPOINT
2026-08-17T14:15:29.716786,37.8649416,32.4837966,1024.45,-0.0737,0.1333,2.3567,135.0,0.43,0.000,0.000,WAYPOINT
2026-08-17T14:15:30.716733,37.8649386,32.4837995,1024.46,-0.0721,0.1355,2.4870,142.0,0.44,0.000,0.000,WAYPOINT
2026-08-17T14:15:31.716770,37.8649354,32.4838021,1024.50,-0.0710,0.1319,2.5861,148.0,0.44,0.000,0.000,WAYPOINT
2026-08-17T14:15:32.716740,37.8649323,32.4838037,1024.51,-0.0722,0.1307,2.6552,152.0,0.42,0.000,0.000,WAYPOINT
2026-08-17T14:15:33.716734,37.8649286,32.4838054,1024.49,-0.0726,0.1318,2.7229,156.0,0.44,0.000,0.000,WAYPOINT
2026-08-17T14:15:34.716795,37.8649245,32.4838071,1024.47,-0.0681,0.1315,2.7746,158.0,0.45,0.000,0.000,WAYPOINT
2026-08-17T14:15:35.716724,37.8649201,32.4838086,1024.46,-0.0693,0.1313,2.7955,160.0,0.47,0.000,0.000,WAYPOINT
2026-08-17T14:15:36.717694,37.8649157,32.4838105,1024.46,-0.0749,0.1303,2.7886,159.0,0.49,0.000,0.000,WAYPOINT
2026-08-17T14:15:37.716751,37.8649114,32.4838125,1024.47,-0.0653,0.1312,2.7619,158.0,0.49,0.000,0.000,WAYPOINT
2026-08-17T14:15:38.716701,37.8649071,32.4838149,1024.49,-0.0678,0.1333,2.7372,156.0,0.50,0.000,0.000,WAYPOINT
2026-08-17T14:15:39.716686,37.8649029,32.4838174,1024.50,-0.0675,0.1327,2.7182,155.0,0.50,0.000,0.000,WAYPOINT
2026-08-17T14:15:40.716775,37.8648987,32.4838201,1024.53,-0.0632,0.1322,2.6860,153.0,0.51,0.000,0.000,WAYPOINT
2026-08-17T14:15:41.716729,37.8648944,32.4838227,1024.53,-0.0723,0.1264,2.6649,152.0,0.47,0.000,0.000,WAYPOINT
2026-08-17T14:15:42.717061,37.8648914,32.4838247,1024.50,-0.0574,0.1071,2.6406,151.0,0.22,0.000,0.000,WAYPOINT
2026-08-17T14:15:43.717322,37.8648918,32.4838267,1024.49,-0.0629,0.1015,2.1394,122.0,0.32,0.000,0.000,WAYPOINT
2026-08-17T14:15:44.716962,37.8648919,32.4838265,1024.52,-0.0697,0.1170,1.5630,89.0,0.15,0.000,0.000,WAYPOINT
2026-08-17T14:15:45.717044,37.8648910,32.4838268,1024.54,-0.0661,0.1390,1.2608,72.0,0.04,0.000,0.000,WAYPOINT
2026-08-17T14:15:46.716784,37.8648913,32.4838288,1024.53,-0.0664,0.1471,1.1342,64.0,0.19,0.000,0.000,WAYPOINT
2026-08-17T14:15:47.716675,37.8648929,32.4838324,1024.54,-0.0724,0.1396,1.1233,64.0,0.42,0.000,0.000,WAYPOINT
2026-08-17T14:15:48.716745,37.8648955,32.4838374,1024.56,-0.0718,0.1399,1.1030,63.0,0.54,0.000,0.000,WAYPOINT
2026-08-17T14:15:49.716689,37.8648981,32.4838422,1024.53,-0.0754,0.1348,1.1651,66.0,0.55,0.000,0.000,WAYPOINT
2026-08-17T14:15:50.716957,37.8649003,32.4838468,1024.50,-0.0748,0.1334,1.2839,73.0,0.52,0.000,0.000,WAYPOINT
2026-08-17T14:15:51.716725,37.8649019,32.4838524,1024.54,-0.0727,0.1323,1.3919,79.0,0.52,0.000,0.000,WAYPOINT
2026-08-17T14:15:52.716888,37.8649027,32.4838582,1024.55,-0.0708,0.1297,1.4822,84.0,0.51,0.000,0.000,WAYPOINT
2026-08-17T14:15:53.716810,37.8649032,32.4838639,1024.59,-0.0692,0.1315,1.5567,89.0,0.49,0.000,0.000,WAYPOINT
2026-08-17T14:15:54.716888,37.8649039,32.4838694,1024.59,-0.0716,0.1305,1.6166,92.0,0.48,0.000,0.000,WAYPOINT
2026-08-17T14:15:55.716678,37.8649037,32.4838758,1024.60,-0.0680,0.1322,1.6967,97.0,0.49,0.000,0.000,WAYPOINT
2026-08-17T14:15:56.716885,37.8649037,32.4838809,1024.58,-0.0700,0.1313,1.7557,100.0,0.47,0.000,0.000,WAYPOINT
2026-08-17T14:15:57.717004,37.8649034,32.4838863,1024.57,-0.0681,0.1323,1.7682,101.0,0.48,0.000,0.000,WAYPOINT
2026-08-17T14:15:58.716727,37.8649028,32.4838925,1024.55,-0.0677,0.1317,1.7935,102.0,0.50,0.000,0.000,WAYPOINT
2026-08-17T14:15:59.716908,37.8649026,32.4838983,1024.56,-0.0696,0.1311,1.7829,102.0,0.51,0.000,0.000,WAYPOINT
2026-08-17T14:16:00.716699,37.8649020,32.4839043,1024.55,-0.0668,0.1325,1.7577,100.0,0.50,0.000,0.000,WAYPOINT
2026-08-17T14:16:01.716744,37.8649016,32.4839094,1024.51,-0.0691,0.1070,1.7929,102.0,0.31,0.000,0.000,WAYPOINT
2026-08-17T14:16:02.716817,37.8649015,32.4839104,1024.50,-0.0654,0.1346,1.8227,104.0,0.08,0.000,0.000,WAYPOINT
2026-08-17T14:16:03.716824,37.8649012,32.4839118,1024.49,-0.0698,0.1231,1.7683,101.0,0.08,0.000,0.000,WAYPOINT
2026-08-17T14:16:04.716720,37.8649007,32.4839126,1024.51,-0.0670,0.1299,1.7855,102.0,0.05,0.000,0.000,WAYPOINT
2026-08-17T14:16:05.717587,37.8649009,32.4839122,1024.51,-0.0644,0.1335,1.7958,102.0,0.03,0.000,0.000,WAYPOINT
2026-08-17T14:16:06.716700,37.8649009,32.4839124,1024.53,-0.0634,0.1373,1.7969,102.0,0.05,0.000,0.000,WAYPOINT
2026-08-17T14:16:07.716770,37.8649006,32.4839125,1024.54,-0.0641,0.1554,1.7975,102.0,0.02,0.000,0.000,WAYPOINT
2026-08-17T14:16:08.716663,37.8649001,32.4839131,1024.56,-0.0639,0.1334,1.8099,103.0,0.06,0.000,0.000,WAYPOINT
2026-08-17T14:16:09.718301,37.8649000,32.4839143,1024.57,-0.0524,0.1461,1.7313,99.0,0.22,0.000,0.000,WAYPOINT
2026-08-17T14:16:10.717000,37.8648990,32.4839171,1024.60,-0.0645,0.1346,1.7566,100.0,0.19,0.000,0.000,WAYPOINT
2026-08-17T14:16:11.717088,37.8648983,32.4839184,1024.61,-0.0623,0.1369,1.8620,106.0,0.13,0.000,0.000,WAYPOINT
2026-08-17T14:16:12.716722,37.8648984,32.4839194,1024.62,-0.0689,0.1443,1.8024,103.0,0.06,0.000,0.000,WAYPOINT
2026-08-17T14:16:13.716948,37.8648980,32.4839200,1024.62,-0.0631,0.1468,1.8180,104.0,0.02,0.000,0.000,WAYPOINT
2026-08-17T14:16:14.717158,37.8648978,32.4839202,1024.64,-0.0634,0.1439,1.8073,103.0,0.00,0.000,0.000,WAYPOINT
2026-08-17T14:16:15.716656,37.8648975,32.4839205,1024.66,-0.0672,0.1433,1.8064,103.0,0.01,0.000,0.000,WAYPOINT
2026-08-17T14:16:16.716840,37.8648974,32.4839203,1024.64,-0.0690,0.1406,1.8056,103.0,0.03,0.000,0.000,WAYPOINT
2026-08-17T14:16:17.718012,37.8648970,32.4839200,1024.61,-0.0651,0.1402,1.8032,103.0,0.04,0.000,0.000,WAYPOINT
2026-08-17T14:16:18.716803,37.8648968,32.4839198,1024.62,-0.0695,0.1435,1.8061,103.0,0.03,0.000,0.000,WAYPOINT
2026-08-17T14:16:19.716829,37.8648966,32.4839191,1024.59,-0.0666,0.1405,1.8013,103.0,0.06,0.000,0.000,WAYPOINT
2026-08-17T14:16:20.716962,37.8648964,32.4839181,1024.58,-0.0676,0.1401,1.8011,103.0,0.07,0.000,0.000,WAYPOINT
2026-08-17T14:16:21.716857,37.8648964,32.4839169,1024.58,-0.0719,0.1410,1.8074,103.0,0.10,0.000,0.000,WAYPOINT
2026-08-17T14:16:22.716983,37.8648967,32.4839161,1024.60,-0.0670,0.1451,1.8019,103.0,0.12,0.000,0.000,WAYPOINT
2026-08-17T14:16:23.716675,37.8648965,32.4839156,1024.58,-0.0693,0.1445,1.7985,103.0,0.10,0.000,0.000,WAYPOINT
2026-08-17T14:16:24.716773,37.8648965,32.4839146,1024.58,-0.0721,0.1420,1.8042,103.0,0.10,0.000,0.000,WAYPOINT
2026-08-17T14:16:25.716776,37.8648965,32.4839139,1024.56,-0.0674,0.1403,1.7824,102.0,0.09,0.000,0.000,WAYPOINT
2026-08-17T14:16:26.716718,37.8648964,32.4839126,1024.54,-0.0693,0.1427,1.7683,101.0,0.10,0.000,0.000,WAYPOINT
2026-08-17T14:16:27.716833,37.8648969,32.4839116,1024.46,-0.0726,0.1438,1.7538,100.0,0.10,0.000,0.000,WAYPOINT
2026-08-17T14:16:28.716768,37.8648970,32.4839113,1024.46,-0.0698,0.1393,1.7424,99.0,0.08,0.000,0.000,WAYPOINT
2026-08-17T14:16:29.717294,37.8648968,32.4839106,1024.47,-0.0695,0.1352,1.7365,99.0,0.07,0.000,0.000,WAYPOINT
2026-08-17T14:16:30.717009,37.8648966,32.4839103,1024.45,-0.0665,0.1378,1.7326,99.0,0.06,0.000,0.000,WAYPOINT
2026-08-17T14:16:31.716865,37.8648965,32.4839104,1024.49,-0.0697,0.1441,1.7344,99.0,0.03,0.000,0.000,WAYPOINT
2026-08-17T14:16:32.716820,37.8648963,32.4839099,1024.45,-0.0698,0.1480,1.7381,99.0,0.03,0.000,0.000,WAYPOINT
2026-08-17T14:16:33.717087,37.8648961,32.4839091,1024.45,-0.0712,0.1477,1.7430,99.0,0.05,0.000,0.000,WAYPOINT
2026-08-17T14:16:34.716997,37.8648961,32.4839083,1024.46,-0.0670,0.1410,1.7526,100.0,0.06,0.000,0.000,WAYPOINT
2026-08-17T14:16:35.716746,37.8648960,32.4839078,1024.49,-0.0661,0.1364,1.7626,100.0,0.05,0.000,0.000,WAYPOINT
2026-08-17T14:16:36.716707,37.8648960,32.4839074,1024.48,-0.0669,0.1366,1.7731,101.0,0.05,0.000,0.000,WAYPOINT
2026-08-17T14:16:37.716680,37.8648956,32.4839072,1024.45,-0.0679,0.1394,1.7842,102.0,0.05,0.000,0.000,WAYPOINT
2026-08-17T14:16:38.716846,37.8648955,32.4839067,1024.47,-0.0673,0.1417,1.7959,102.0,0.05,0.000,0.000,WAYPOINT
2026-08-17T14:16:39.716815,37.8648955,32.4839071,1024.48,-0.0677,0.1408,1.8086,103.0,0.01,0.000,0.000,WAYPOINT
2026-08-17T14:16:40.717018,37.8648956,32.4839069,1024.48,-0.0689,0.1418,1.8207,104.0,0.01,0.000,0.000,WAYPOINT
2026-08-17T14:16:41.717059,37.8648957,32.4839066,1024.46,-0.0678,0.1436,1.8328,105.0,0.02,0.000,0.000,WAYPOINT
2026-08-17T14:16:42.716821,37.8648960,32.4839065,1024.52,-0.0686,0.1446,1.8465,105.0,0.02,0.000,0.000,WAYPOINT
2026-08-17T14:16:43.716802,37.8648961,32.4839064,1024.54,-0.0686,0.1434,1.8601,106.0,0.02,0.000,0.000,WAYPOINT
2026-08-17T14:16:44.716766,37.8648960,32.4839058,1024.53,-0.0682,0.1415,1.8758,107.0,0.03,0.000,0.000,WAYPOINT
2026-08-17T14:16:45.718080,37.8648956,32.4839059,1024.52,-0.0688,0.1400,1.8918,108.0,0.02,0.000,0.000,WAYPOINT
2026-08-17T14:16:46.716804,37.8648958,32.4839058,1024.43,-0.0685,0.1400,1.9103,109.0,0.02,0.000,0.000,WAYPOINT
2026-08-17T14:16:47.716796,37.8648959,32.4839058,1024.43,-0.0674,0.1410,1.9303,110.0,0.01,0.000,0.000,WAYPOINT
2026-08-17T14:16:48.716806,37.8648962,32.4839059,1024.48,-0.0677,0.1405,1.9523,111.0,0.02,0.000,0.000,WAYPOINT
2026-08-17T14:16:49.716882,37.8648962,32.4839060,1024.47,-0.0682,0.1396,1.9759,113.0,0.01,0.000,0.000,WAYPOINT
2026-08-17T14:16:50.716987,37.8648963,32.4839053,1024.44,-0.0678,0.1415,2.0021,114.0,0.03,0.000,0.000,WAYPOINT
2026-08-17T14:16:51.716832,37.8648965,32.4839053,1024.49,-0.0675,0.1433,2.0296,116.0,0.03,0.000,0.000,WAYPOINT
2026-08-17T14:16:52.716675,37.8648967,32.4839044,1024.47,-0.0683,0.1439,2.0605,118.0,0.06,0.000,0.000,WAYPOINT
2026-08-17T14:16:53.717125,37.8648970,32.4839044,1024.46,-0.0691,0.1439,2.0871,119.0,0.05,0.000,0.000,WAYPOINT
2026-08-17T14:16:54.717244,37.8648970,32.4839038,1024.47,-0.0685,0.1450,2.1106,120.0,0.06,0.000,0.000,WAYPOINT
2026-08-17T14:16:55.717497,37.8648965,32.4839039,1024.46,-0.0682,0.1449,2.1300,122.0,0.04,0.000,0.000,WAYPOINT
2026-08-17T14:16:56.716961,37.8648963,32.4839041,1024.46,-0.0690,0.1445,2.1454,122.0,0.04,0.000,0.000,WAYPOINT
2026-08-17T14:16:57.716819,37.8648966,32.4839038,1024.46,-0.0678,0.1428,2.1573,123.0,0.03,0.000,0.000,WAYPOINT
2026-08-17T14:16:58.716980,37.8648963,32.4839043,1024.48,-0.0682,0.1357,2.1663,124.0,0.01,0.000,0.000,WAYPOINT
2026-08-17T14:16:59.717609,37.8648965,32.4839047,1024.52,-0.0697,0.1373,2.1760,124.0,0.01,0.000,0.000,WAYPOINT
2026-08-17T14:17:00.716931,37.8648963,32.4839051,1024.57,-0.0697,0.1443,2.1849,125.0,0.02,0.000,0.000,WAYPOINT
2026-08-17T14:17:01.716687,37.8648962,32.4839055,1024.64,-0.0696,0.1465,2.1933,125.0,0.03,0.000,0.000,WAYPOINT
2026-08-17T14:17:02.716933,37.8648960,32.4839051,1024.59,-0.0697,0.1411,2.2002,126.0,0.01,0.000,0.000,WAYPOINT
2026-08-17T14:17:03.716770,37.8648959,32.4839052,1024.57,-0.0699,0.1382,2.2061,126.0,0.01,0.000,0.000,WAYPOINT
2026-08-17T14:17:04.716660,37.8648957,32.4839058,1024.64,-0.0694,0.1372,2.2141,126.0,0.03,0.000,0.000,WAYPOINT
2026-08-17T14:17:05.716735,37.8648953,32.4839058,1024.60,-0.0685,0.1349,2.2256,127.0,0.03,0.000,0.000,WAYPOINT
2026-08-17T14:17:06.716699,37.8648952,32.4839060,1024.58,-0.0686,0.1379,2.2427,128.0,0.03,0.000,0.000,WAYPOINT
2026-08-17T14:17:07.716786,37.8648955,32.4839058,1024.56,-0.0682,0.1409,2.2624,129.0,0.01,0.000,0.000,WAYPOINT
2026-08-17T14:17:08.717022,37.8648955,32.4839055,1024.51,-0.0680,0.1434,2.2809,130.0,0.01,0.000,0.000,WAYPOINT
2026-08-17T14:17:09.716828,37.8648954,32.4839055,1024.53,-0.0681,0.1433,2.2966,131.0,0.01,0.000,0.000,WAYPOINT
2026-08-17T14:17:10.716672,37.8648951,32.4839056,1024.53,-0.0672,0.1450,2.3100,132.0,0.01,0.000,0.000,WAYPOINT
2026-08-17T14:17:11.716765,37.8648950,32.4839056,1024.50,-0.0641,0.1402,2.3207,132.0,0.01,0.000,0.000,WAYPOINT
2026-08-17T14:17:12.716675,37.8648947,32.4839055,1024.52,-0.0642,0.1402,2.3305,133.0,0.01,0.000,0.000,WAYPOINT
2026-08-17T14:17:13.716699,37.8648943,32.4839057,1024.46,-0.0773,0.1379,2.3314,133.0,0.03,0.000,0.000,WAYPOINT
2026-08-17T14:17:14.716944,37.8648942,32.4839049,1024.47,-0.0708,0.1405,2.3452,134.0,0.04,0.000,0.000,WAYPOINT
2026-08-17T14:17:15.716757,37.8648943,32.4839051,1024.51,-0.0703,0.1432,2.3557,134.0,0.03,0.000,0.000,WAYPOINT
2026-08-17T14:17:16.716726,37.8648946,32.4839048,1024.45,-0.0672,0.1376,2.3699,135.0,0.02,0.000,0.000,WAYPOINT
2026-08-17T14:17:17.716717,37.8648944,32.4839043,1024.42,-0.0671,0.1405,2.3827,136.0,0.03,0.000,0.000,WAYPOINT
2026-08-17T14:17:18.716721,37.8648941,32.4839044,1024.45,-0.0679,0.1450,2.3933,137.0,0.02,0.000,0.000,WAYPOINT
2026-08-17T14:17:19.717012,37.8648942,32.4839037,1024.46,-0.0672,0.1432,2.4050,137.0,0.04,0.000,0.000,WAYPOINT
2026-08-17T14:17:20.716712,37.8648941,32.4839035,1024.46,-0.0703,0.1375,2.4169,138.0,0.03,0.000,0.000,WAYPOINT
2026-08-17T14:17:21.720079,37.8648937,32.4839033,1024.48,-0.0688,0.1371,2.4388,139.0,0.05,0.000,0.000,WAYPOINT
2026-08-17T14:17:22.717042,37.8648939,32.4839034,1024.52,-0.0664,0.1397,2.4678,141.0,0.02,0.000,0.000,WAYPOINT
2026-08-17T14:17:23.718202,37.8648939,32.4839030,1024.51,-0.0697,0.1359,2.5085,143.0,0.02,0.000,0.000,WAYPOINT
2026-08-17T14:17:24.716734,37.8648937,32.4839033,1024.51,-0.0741,0.1376,2.5549,146.0,0.02,0.000,0.000,WAYPOINT
2026-08-17T14:17:25.717140,37.8648932,32.4839033,1024.49,-0.0752,0.1410,2.6083,149.0,0.04,0.000,0.000,WAYPOINT
2026-08-17T14:17:26.716771,37.8648931,32.4839029,1024.49,-0.0739,0.1455,2.6660,152.0,0.03,0.000,0.000,WAYPOINT
2026-08-17T14:17:27.716814,37.8648935,32.4839022,1024.43,-0.0759,0.1482,2.7276,156.0,0.02,0.000,0.000,WAYPOINT
2026-08-17T14:17:28.716691,37.8648931,32.4839017,1024.45,-0.0821,0.1409,2.7883,159.0,0.05,0.000,0.000,WAYPOINT
2026-08-17T14:17:29.717038,37.8648930,32.4839012,1024.49,-0.0698,0.1429,2.8563,163.0,0.06,0.000,0.000,WAYPOINT
2026-08-17T14:17:30.716871,37.8648932,32.4839010,1024.49,-0.0616,0.1362,2.9268,167.0,0.04,0.000,0.000,WAYPOINT
2026-08-17T14:17:31.716715,37.8648931,32.4839000,1024.49,-0.0649,0.1352,2.9828,170.0,0.06,0.000,0.000,WAYPOINT
2026-08-17T14:17:32.716886,37.8648928,32.4838998,1024.48,-0.0669,0.1474,3.0452,174.0,0.05,0.000,0.000,WAYPOINT
2026-08-17T14:17:33.716912,37.8648923,32.4839001,1024.50,-0.0714,0.1535,3.0983,177.0,0.04,0.000,0.000,WAYPOINT
2026-08-17T14:17:34.721021,37.8648919,32.4838999,1024.50,-0.0697,0.1458,-3.1291,180.0,0.04,0.000,0.000,WAYPOINT
2026-08-17T14:17:35.716674,37.8648918,32.4838995,1024.50,-0.0711,0.1368,-3.0812,183.0,0.04,0.000,0.000,WAYPOINT
2026-08-17T14:17:36.717706,37.8648916,32.4838992,1024.48,-0.0703,0.1326,-3.0337,186.0,0.04,0.000,0.000,WAYPOINT
2026-08-17T14:17:37.716910,37.8648917,32.4838989,1024.50,-0.0701,0.1354,-2.9908,188.0,0.04,0.000,0.000,WAYPOINT
2026-08-17T14:17:38.718800,37.8648921,32.4838989,1024.47,-0.0695,0.1406,-2.9491,191.0,0.03,0.000,0.000,WAYPOINT
2026-08-17T14:17:39.716943,37.8648914,32.4838991,1024.50,-0.0704,0.1420,-2.9102,193.0,0.03,0.000,0.000,WAYPOINT
2026-08-17T14:17:40.716924,37.8648916,32.4838986,1024.40,-0.0686,0.1446,-2.8730,195.0,0.03,0.000,0.000,WAYPOINT
2026-08-17T14:17:41.716764,37.8648919,32.4838984,1024.44,-0.0670,0.1456,-2.8368,197.0,0.03,0.000,0.000,WAYPOINT
2026-08-17T14:17:42.716680,37.8648921,32.4838987,1024.48,-0.0677,0.1425,-2.8017,199.0,0.02,0.000,0.000,WAYPOINT
2026-08-17T14:17:43.716826,37.8648922,32.4838984,1024.48,-0.0704,0.1407,-2.7693,201.0,0.02,0.000,0.000,WAYPOINT
2026-08-17T14:17:44.716760,37.8648923,32.4838984,1024.45,-0.0718,0.1410,-2.7385,203.0,0.03,0.000,0.000,WAYPOINT
2026-08-17T14:17:45.716775,37.8648921,32.4838986,1024.48,-0.0713,0.1413,-2.7084,204.0,0.02,0.000,0.000,WAYPOINT
2026-08-17T14:17:46.717005,37.8648912,32.4838984,1024.45,-0.0714,0.1401,-2.6804,206.0,0.02,0.000,0.000,WAYPOINT
2026-08-17T14:17:47.716727,37.8648911,32.4838982,1024.42,-0.0689,0.1413,-2.6514,208.0,0.01,0.000,0.000,WAYPOINT
2026-08-17T14:17:48.717527,37.8648909,32.4838987,1024.40,-0.0655,0.1423,-2.6223,209.0,0.02,0.000,0.000,WAYPOINT
2026-08-17T14:17:49.716764,37.8648912,32.4838991,1024.41,-0.0651,0.1411,-2.5929,211.0,0.03,0.000,0.000,WAYPOINT
2026-08-17T14:17:50.717092,37.8648907,32.4838989,1024.47,-0.0667,0.1379,-2.5619,213.0,0.02,0.000,0.000,WAYPOINT
2026-08-17T14:17:51.718643,37.8648914,32.4838988,1024.50,-0.0721,0.1402,-2.5306,215.0,0.02,0.000,0.000,WAYPOINT
2026-08-17T14:17:52.716727,37.8648914,32.4838988,1024.51,-0.0711,0.1414,-2.4973,216.0,0.01,0.000,0.000,WAYPOINT
2026-08-17T14:17:53.716722,37.8648910,32.4838990,1024.53,-0.0692,0.1413,-2.4640,218.0,0.02,0.000,0.000,WAYPOINT
2026-08-17T14:17:54.716757,37.8648905,32.4838991,1024.56,-0.0670,0.1408,-2.4300,220.0,0.03,0.000,0.000,WAYPOINT
2026-08-17T14:17:55.716910,37.8648902,32.4838988,1024.52,-0.0678,0.1405,-2.3979,222.0,0.03,0.000,0.000,WAYPOINT
2026-08-17T14:17:56.716851,37.8648899,32.4838982,1024.54,-0.0686,0.1407,-2.3663,224.0,0.03,0.000,0.000,WAYPOINT
2026-08-17T14:17:57.717264,37.8648900,32.4838981,1024.58,-0.0703,0.1405,-2.3373,226.0,0.03,0.000,0.000,WAYPOINT
2026-08-17T14:17:58.716728,37.8648896,32.4838980,1024.61,-0.0706,0.1383,-2.3102,227.0,0.03,0.000,0.000,WAYPOINT
2026-08-17T14:17:59.716670,37.8648897,32.4838979,1024.61,-0.0703,0.1383,-2.2833,229.0,0.02,0.000,0.000,WAYPOINT
2026-08-17T14:18:00.716898,37.8648893,32.4838978,1024.59,-0.0682,0.1408,-2.2589,230.0,0.02,0.000,0.000,WAYPOINT
2026-08-17T14:18:01.716884,37.8648892,32.4838981,1024.60,-0.0700,0.1425,-2.2348,231.0,0.02,0.000,0.000,WAYPOINT
2026-08-17T14:18:02.716819,37.8648892,32.4838982,1024.59,-0.0690,0.1417,-2.2120,233.0,0.01,0.000,0.000,WAYPOINT
2026-08-17T14:18:03.717235,37.8648894,32.4838981,1024.51,-0.0688,0.1418,-2.1895,234.0,0.02,0.000,0.000,WAYPOINT
2026-08-17T14:18:04.716867,37.8648896,32.4838978,1024.48,-0.0692,0.1406,-2.1678,235.0,0.02,0.000,0.000,WAYPOINT
2026-08-17T14:18:05.716746,37.8648894,32.4838973,1024.53,-0.0685,0.1391,-2.1467,237.0,0.02,0.000,0.000,WAYPOINT
2026-08-17T14:18:06.717342,37.8648889,32.4838969,1024.51,-0.0685,0.1383,-2.1265,238.0,0.03,0.000,0.000,WAYPOINT
2026-08-17T14:18:07.716726,37.8648887,32.4838965,1024.50,-0.0705,0.1396,-2.1072,239.0,0.04,0.000,0.000,WAYPOINT
2026-08-17T14:18:08.716753,37.8648882,32.4838960,1024.50,-0.0714,0.1395,-2.0884,240.0,0.05,0.000,0.000,WAYPOINT
2026-08-17T14:18:09.717180,37.8648876,32.4838962,1024.55,-0.0704,0.1408,-2.0704,241.0,0.05,0.000,0.000,WAYPOINT
2026-08-17T14:18:10.716712,37.8648867,32.4838954,1024.61,-0.0695,0.1421,-2.0526,242.0,0.07,0.000,0.000,WAYPOINT
2026-08-17T14:18:11.716750,37.8648866,32.4838956,1024.50,-0.0684,0.1413,-2.0360,243.0,0.05,0.000,0.000,WAYPOINT
2026-08-17T14:18:12.716847,37.8648868,32.4838950,1024.41,-0.0674,0.1394,-2.0188,244.0,0.04,0.000,0.000,WAYPOINT
2026-08-17T14:18:13.716717,37.8648870,32.4838945,1024.42,-0.0682,0.1375,-2.0030,245.0,0.04,0.000,0.000,WAYPOINT
2026-08-17T14:18:14.716675,37.8648872,32.4838943,1024.39,-0.0689,0.1392,-1.9868,246.0,0.04,0.000,0.000,WAYPOINT
2026-08-17T14:18:15.720026,37.8648873,32.4838947,1024.36,-0.0703,0.1411,-1.9705,247.0,0.02,0.000,0.000,WAYPOINT
2026-08-17T14:18:16.716743,37.8648878,32.4838951,1024.39,-0.0700,0.1433,-1.9555,247.0,0.04,0.000,0.000,WAYPOINT
2026-08-17T14:18:17.716746,37.8648881,32.4838950,1024.41,-0.0694,0.1451,-1.9388,248.0,0.04,0.000,0.000,WAYPOINT
2026-08-17T14:18:18.718461,37.8648880,32.4838951,1024.44,-0.0682,0.1437,-1.9238,249.0,0.03,0.000,0.000,WAYPOINT
2026-08-17T14:18:19.716802,37.8648879,32.4838954,1024.46,-0.0680,0.1413,-1.9083,250.0,0.03,0.000,0.000,WAYPOINT
2026-08-17T14:18:20.716743,37.8648882,32.4838949,1024.45,-0.0689,0.1392,-1.8943,251.0,0.02,0.000,0.000,WAYPOINT
2026-08-17T14:18:21.716726,37.8648885,32.4838953,1024.46,-0.0676,0.1394,-1.8809,252.0,0.03,0.000,0.000,WAYPOINT
2026-08-17T14:18:22.717046,37.8648888,32.4838951,1024.47,-0.0689,0.1413,-1.8692,252.0,0.03,0.000,0.000,WAYPOINT
2026-08-17T14:18:23.717038,37.8648894,32.4838959,1024.50,-0.0681,0.1420,-1.8606,253.0,0.05,0.000,0.000,WAYPOINT
2026-08-17T14:18:24.716754,37.8648889,32.4838959,1024.53,-0.0680,0.1433,-1.8549,253.0,0.03,0.000,0.000,WAYPOINT
2026-08-17T14:18:25.716788,37.8648889,32.4838960,1024.53,-0.0685,0.1432,-1.8554,253.0,0.02,0.000,0.000,WAYPOINT
2026-08-17T14:18:26.716820,37.8648887,32.4838957,1024.50,-0.0717,0.1421,-1.8619,253.0,0.01,0.000,0.000,WAYPOINT
2026-08-17T14:18:27.717109,37.8648886,32.4838956,1024.47,-0.0701,0.1386,-1.8745,252.0,0.02,0.000,0.000,WAYPOINT
2026-08-17T14:18:28.717040,37.8648886,32.4838957,1024.51,-0.0701,0.1384,-1.8911,251.0,0.03,0.000,0.000,WAYPOINT
2026-08-17T14:18:29.716694,37.8648880,32.4838958,1024.57,-0.0716,0.1401,-1.9107,250.0,0.05,0.000,0.000,WAYPOINT
2026-08-17T14:18:30.716790,37.8648878,32.4838957,1024.57,-0.0713,0.1445,-1.9331,249.0,0.04,0.000,0.000,WAYPOINT
2026-08-17T14:18:31.716751,37.8648878,32.4838956,1024.53,-0.0706,0.1445,-1.9593,247.0,0.04,0.000,0.000,WAYPOINT
2026-08-17T14:18:32.717093,37.8648875,32.4838957,1024.51,-0.0692,0.1394,-1.9906,245.0,0.05,0.000,0.000,WAYPOINT
2026-08-17T14:18:33.717257,37.8648875,32.4838962,1024.54,-0.0677,0.1388,-2.0257,243.0,0.04,0.000,0.000,WAYPOINT
2026-08-17T14:18:34.717023,37.8648877,32.4838965,1024.53,-0.0694,0.1409,-2.0689,241.0,0.04,0.000,0.000,WAYPOINT
2026-08-17T14:18:35.716770,37.8648877,32.4838963,1024.48,-0.0700,0.1433,-2.1157,238.0,0.04,0.000,0.000,WAYPOINT
2026-08-17T14:18:36.716745,37.8648874,32.4838968,1024.51,-0.0735,0.1445,-2.1688,235.0,0.05,0.000,0.000,WAYPOINT
2026-08-17T14:18:37.716940,37.8648867,32.4838972,1024.49,-0.0735,0.1428,-2.2206,232.0,0.06,0.000,0.000,WAYPOINT
2026-08-17T14:18:38.716685,37.8648863,32.4838972,1024.47,-0.0734,0.1425,-2.2667,230.0,0.06,0.000,0.000,WAYPOINT
2026-08-17T14:18:39.716659,37.8648867,32.4838976,1024.48,-0.0699,0.1377,-2.3069,227.0,0.04,0.000,0.000,WAYPOINT
2026-08-17T14:18:40.716848,37.8648870,32.4838978,1024.43,-0.0651,0.1384,-2.3473,225.0,0.04,0.000,0.000,WAYPOINT
2026-08-17T14:18:41.716695,37.8648869,32.4838981,1024.42,-0.0667,0.1396,-2.3888,223.0,0.05,0.000,0.000,WAYPOINT
2026-08-17T14:18:42.716788,37.8648868,32.4838980,1024.44,-0.0682,0.1411,-2.4495,219.0,0.04,0.000,0.000,WAYPOINT
2026-08-17T14:18:43.716757,37.8648867,32.4838984,1024.48,-0.0690,0.1424,-2.5198,215.0,0.05,0.000,0.000,WAYPOINT
2026-08-17T14:18:44.717099,37.8648867,32.4838985,1024.43,-0.0717,0.1425,-2.5968,211.0,0.04,0.000,0.000,WAYPOINT
2026-08-17T14:18:45.716853,37.8648871,32.4838989,1024.37,-0.0694,0.1408,-2.6736,206.0,0.04,0.000,0.000,WAYPOINT
2026-08-17T14:18:46.716798,37.8648871,32.4838991,1024.36,-0.0713,0.1410,-2.7531,202.0,0.04,0.000,0.000,WAYPOINT
2026-08-17T14:18:47.716834,37.8648871,32.4838990,1024.38,-0.0700,0.1395,-2.8349,197.0,0.03,0.000,0.000,WAYPOINT
2026-08-17T14:18:48.716974,37.8648868,32.4838991,1024.40,-0.0715,0.1389,-2.9147,193.0,0.02,0.000,0.000,WAYPOINT
2026-08-17T14:18:49.716770,37.8648861,32.4838991,1024.45,-0.0696,0.1394,-2.9928,188.0,0.04,0.000,0.000,WAYPOINT
2026-08-17T14:18:50.716940,37.8648866,32.4838994,1024.42,-0.0691,0.1408,-3.0720,183.0,0.02,0.000,0.000,WAYPOINT
2026-08-17T14:18:51.717354,37.8648862,32.4839003,1024.42,-0.0669,0.1395,3.1359,179.0,0.05,0.000,0.000,WAYPOINT
2026-08-17T14:18:52.716660,37.8648864,32.4839005,1024.40,-0.0674,0.1410,3.0708,175.0,0.05,0.000,0.000,WAYPOINT
2026-08-17T14:18:53.716960,37.8648863,32.4839010,1024.42,-0.0708,0.1418,3.0187,172.0,0.05,0.000,0.000,WAYPOINT
2026-08-17T14:18:54.716743,37.8648863,32.4839011,1024.48,-0.0703,0.1416,2.9819,170.0,0.04,0.000,0.000,WAYPOINT
2026-08-17T14:18:55.716814,37.8648864,32.4839011,1024.55,-0.0701,0.1413,2.9596,169.0,0.04,0.000,0.000,WAYPOINT
2026-08-17T14:18:56.716887,37.8648865,32.4839019,1024.55,-0.0692,0.1415,2.9485,168.0,0.06,0.000,0.000,WAYPOINT
2026-08-17T14:18:57.717167,37.8648864,32.4839025,1024.55,-0.0721,0.1416,2.9453,168.0,0.07,0.000,0.000,WAYPOINT
2026-08-17T14:18:58.716960,37.8648860,32.4839029,1024.52,-0.0722,0.1426,2.9475,168.0,0.06,0.000,0.000,WAYPOINT
2026-08-17T14:18:59.716941,37.8648857,32.4839034,1024.51,-0.0702,0.1432,2.9534,169.0,0.06,0.000,0.000,WAYPOINT
2026-08-17T14:19:00.716723,37.8648856,32.4839036,1024.52,-0.0689,0.1410,2.9619,169.0,0.05,0.000,0.000,WAYPOINT
2026-08-17T14:19:01.717065,37.8648855,32.4839038,1024.48,-0.0699,0.1393,2.9697,170.0,0.04,0.000,0.000,WAYPOINT
2026-08-17T14:19:02.716682,37.8648849,32.4839040,1024.45,-0.0723,0.1380,2.9772,170.0,0.04,0.000,0.000,WAYPOINT
2026-08-17T14:19:03.716758,37.8648848,32.4839041,1024.40,-0.0733,0.1375,2.9839,170.0,0.03,0.000,0.000,WAYPOINT
2026-08-17T14:19:04.717029,37.8648849,32.4839044,1024.41,-0.0730,0.1413,2.9883,171.0,0.02,0.000,0.000,WAYPOINT
2026-08-17T14:19:05.716905,37.8648851,32.4839045,1024.47,-0.0658,0.1431,3.0015,171.0,0.02,0.000,0.000,WAYPOINT
2026-08-17T14:19:06.716709,37.8648852,32.4839048,1024.47,-0.0634,0.1446,3.0198,173.0,0.03,0.000,0.000,WAYPOINT
2026-08-17T14:19:07.716725,37.8648849,32.4839053,1024.46,-0.0657,0.1429,3.0440,174.0,0.03,0.000,0.000,WAYPOINT
2026-08-17T14:19:08.717044,37.8648842,32.4839064,1024.54,-0.0683,0.1392,3.0727,176.0,0.06,0.000,0.000,WAYPOINT
2026-08-17T14:19:09.716742,37.8648846,32.4839070,1024.55,-0.0647,0.1398,3.1081,178.0,0.04,0.000,0.000,WAYPOINT
2026-08-17T14:19:10.716691,37.8648851,32.4839078,1024.57,-0.0667,0.1416,-3.1374,180.0,0.06,0.000,0.000,WAYPOINT
2026-08-17T14:19:11.717107,37.8648850,32.4839084,1024.55,-0.0694,0.1400,-3.0967,182.0,0.06,0.000,0.000,WAYPOINT
2026-08-17T14:19:12.716878,37.8648847,32.4839089,1024.57,-0.0744,0.1390,-3.0579,184.0,0.05,0.000,0.000,WAYPOINT
2026-08-17T14:19:13.721108,37.8648841,32.4839098,1024.57,-0.0782,0.1388,-3.0206,186.0,0.06,0.000,0.000,WAYPOINT
2026-08-17T14:19:14.716911,37.8648841,32.4839104,1024.54,-0.0712,0.1386,-2.9803,189.0,0.04,0.000,0.000,WAYPOINT
2026-08-17T14:19:15.720382,37.8648839,32.4839113,1024.51,-0.0709,0.1417,-2.9391,191.0,0.05,0.000,0.000,WAYPOINT
2026-08-17T14:19:16.717943,37.8648830,32.4839118,1024.45,-0.0641,0.1409,-2.8923,194.0,0.06,0.000,0.000,WAYPOINT
2026-08-17T14:19:17.717349,37.8648824,32.4839130,1024.46,-0.0653,0.1413,-2.8425,197.0,0.08,0.000,0.000,WAYPOINT
2026-08-17T14:19:18.716789,37.8648814,32.4839136,1024.48,-0.0689,0.1415,-2.7885,200.0,0.09,0.000,0.000,WAYPOINT
2026-08-17T14:19:19.716682,37.8648807,32.4839139,1024.51,-0.0732,0.1410,-2.7352,203.0,0.09,0.000,0.000,WAYPOINT
2026-08-17T14:19:20.716834,37.8648805,32.4839146,1024.51,-0.0732,0.1412,-2.6803,206.0,0.07,0.000,0.000,WAYPOINT
2026-08-17T14:19:21.716954,37.8648802,32.4839155,1024.48,-0.0722,0.1409,-2.6312,209.0,0.07,0.000,0.000,WAYPOINT
2026-08-17T14:19:22.717058,37.8648794,32.4839158,1024.42,-0.0660,0.1401,-2.5904,211.0,0.07,0.000,0.000,WAYPOINT
2026-08-17T14:19:23.718851,37.8648788,32.4839162,1024.39,-0.0660,0.1384,-2.5665,212.0,0.08,0.000,0.000,WAYPOINT
2026-08-17T14:19:24.716935,37.8648784,32.4839170,1024.42,-0.0672,0.1385,-2.5595,213.0,0.08,0.000,0.000,WAYPOINT
2026-08-17T14:19:25.716948,37.8648782,32.4839179,1024.35,-0.0760,0.1398,-2.5556,213.0,0.07,0.000,0.000,WAYPOINT
2026-08-17T14:19:26.716737,37.8648785,32.4839190,1024.31,-0.0801,0.1405,-2.5501,213.0,0.06,0.000,0.000,WAYPOINT
2026-08-17T14:19:27.719207,37.8648778,32.4839195,1024.37,-0.0777,0.1407,-2.5445,214.0,0.04,0.000,0.000,WAYPOINT
2026-08-17T14:19:28.716788,37.8648772,32.4839197,1024.39,-0.0718,0.1399,-2.5395,214.0,0.03,0.000,0.000,WAYPOINT
2026-08-17T14:19:29.716853,37.8648770,32.4839199,1024.39,-0.0628,0.1427,-2.5373,214.0,0.04,0.000,0.000,WAYPOINT
2026-08-17T14:19:30.717047,37.8648764,32.4839201,1024.48,-0.0785,0.1442,-2.5389,214.0,0.06,0.000,0.000,WAYPOINT
2026-08-17T14:19:31.717119,37.8648759,32.4839203,1024.46,-0.0730,0.1360,-2.5437,214.0,0.05,0.000,0.000,WAYPOINT
2026-08-17T14:19:32.716820,37.8648758,32.4839205,1024.47,-0.0774,0.1397,-2.5470,214.0,0.03,0.000,0.000,WAYPOINT
2026-08-17T14:19:33.716667,37.8648753,32.4839209,1024.50,-0.0638,0.1406,-2.5571,213.0,0.04,0.000,0.000,WAYPOINT
2026-08-17T14:19:34.716714,37.8648743,32.4839215,1024.50,-0.0741,0.1396,-2.5655,213.0,0.07,0.000,0.000,WAYPOINT
2026-08-17T14:19:35.716719,37.8648735,32.4839213,1024.53,-0.0569,0.1369,-2.5773,212.0,0.08,0.000,0.000,WAYPOINT
2026-08-17T14:19:36.716713,37.8648729,32.4839218,1024.51,-0.0728,0.1395,-2.5956,211.0,0.07,0.000,0.000,WAYPOINT
2026-08-17T14:19:37.716682,37.8648721,32.4839222,1024.51,-0.0583,0.1387,-2.6157,210.0,0.09,0.000,0.000,WAYPOINT
2026-08-17T14:19:38.716701,37.8648720,32.4839228,1024.56,-0.0732,0.1422,-2.6396,208.0,0.08,0.000,0.000,WAYPOINT
2026-08-17T14:19:39.716684,37.8648718,32.4839238,1024.57,-0.0643,0.1415,-2.6603,207.0,0.08,0.000,0.000,WAYPOINT
2026-08-17T14:19:40.716770,37.8648718,32.4839245,1024.54,-0.0695,0.1433,-2.6887,205.0,0.08,0.000,0.000,WAYPOINT
2026-08-17T14:19:41.716768,37.8648716,32.4839245,1024.48,-0.0682,0.1435,-2.7134,204.0,0.06,0.000,0.000,WAYPOINT
2026-08-17T14:19:42.716860,37.8648713,32.4839251,1024.46,-0.0704,0.1418,-2.7444,202.0,0.06,0.000,0.000,WAYPOINT
2026-08-17T14:19:43.717179,37.8648707,32.4839257,1024.47,-0.0685,0.1403,-2.7699,201.0,0.06,0.000,0.000,WAYPOINT
2026-08-17T14:19:44.717090,37.8648692,32.4839261,1024.44,-0.0643,0.1391,-2.7969,199.0,0.10,0.000,0.000,WAYPOINT
2026-08-17T14:19:45.717958,37.8648687,32.4839258,1024.42,-0.0697,0.1407,-2.8220,198.0,0.08,0.000,0.000,WAYPOINT
2026-08-17T14:19:46.716769,37.8648684,32.4839270,1024.43,-0.0703,0.1428,-2.8471,196.0,0.09,0.000,0.000,WAYPOINT
2026-08-17T14:19:47.716804,37.8648681,32.4839277,1024.39,-0.0742,0.1421,-2.8683,195.0,0.09,0.000,0.000,WAYPOINT
2026-08-17T14:19:48.716784,37.8648676,32.4839280,1024.34,-0.0717,0.1393,-2.8873,194.0,0.07,0.000,0.000,WAYPOINT
2026-08-17T14:19:49.716685,37.8648677,32.4839283,1024.32,-0.0710,0.1397,-2.9029,193.0,0.05,0.000,0.000,WAYPOINT
2026-08-17T14:19:50.716704,37.8648678,32.4839287,1024.30,-0.0693,0.1403,-2.9141,193.0,0.05,0.000,0.000,WAYPOINT
2026-08-17T14:19:51.716700,37.8648675,32.4839292,1024.34,-0.0679,0.1409,-2.9193,192.0,0.05,0.000,0.000,WAYPOINT
2026-08-17T14:19:52.716734,37.8648666,32.4839294,1024.37,-0.0678,0.1407,-2.9180,192.0,0.06,0.000,0.000,WAYPOINT
2026-08-17T14:19:53.716957,37.8648655,32.4839298,1024.43,-0.0692,0.1411,-2.9091,193.0,0.08,0.000,0.000,WAYPOINT
2026-08-17T14:19:54.716705,37.8648648,32.4839301,1024.44,-0.0697,0.1399,-2.8934,194.0,0.08,0.000,0.000,WAYPOINT
2026-08-17T14:19:55.716958,37.8648647,32.4839303,1024.40,-0.0700,0.1406,-2.8746,195.0,0.05,0.000,0.000,WAYPOINT
2026-08-17T14:19:56.716834,37.8648645,32.4839303,1024.45,-0.0668,0.1396,-2.8499,196.0,0.04,0.000,0.000,WAYPOINT
2026-08-17T14:19:57.716804,37.8648642,32.4839306,1024.50,-0.0683,0.1405,-2.8245,198.0,0.03,0.000,0.000,WAYPOINT
2026-08-17T14:19:58.716782,37.8648641,32.4839306,1024.53,-0.0663,0.1423,-2.7915,200.0,0.02,0.000,0.000,WAYPOINT
2026-08-17T14:19:59.717040,37.8648638,32.4839303,1024.56,-0.0728,0.1258,-2.7795,200.0,0.02,0.000,0.000,WAYPOINT
2026-08-17T14:20:00.716967,37.8648642,32.4839300,1024.58,-0.0692,0.1398,-2.8010,199.0,0.05,0.000,0.000,WAYPOINT
2026-08-17T14:20:01.716725,37.8648645,32.4839296,1024.55,-0.0668,0.1386,-2.8163,198.0,0.06,0.000,0.000,WAYPOINT
2026-08-17T14:20:02.716853,37.8648645,32.4839299,1024.51,-0.0682,0.1393,-2.8185,198.0,0.03,0.000,0.000,WAYPOINT
2026-08-17T14:20:03.716761,37.8648643,32.4839298,1024.45,-0.0736,0.1377,-2.8137,198.0,0.01,0.000,0.000,WAYPOINT
2026-08-17T14:20:04.717362,37.8648641,32.4839303,1024.45,-0.0717,0.1389,-2.8023,199.0,0.02,0.000,0.000,WAYPOINT
2026-08-17T14:20:05.716861,37.8648644,32.4839309,1024.42,-0.0713,0.1417,-2.7906,200.0,0.02,0.000,0.000,WAYPOINT
2026-08-17T14:20:06.716736,37.8648647,32.4839314,1024.40,-0.0665,0.1434,-2.7747,201.0,0.04,0.000,0.000,WAYPOINT
2026-08-17T14:20:07.716685,37.8648650,32.4839319,1024.40,-0.0640,0.1446,-2.7598,201.0,0.04,0.000,0.000,WAYPOINT
2026-08-17T14:20:08.716866,37.8648648,32.4839321,1024.41,-0.0624,0.1418,-2.7448,202.0,0.04,0.000,0.000,WAYPOINT
2026-08-17T14:20:09.717020,37.8648650,32.4839320,1024.43,-0.0636,0.1413,-2.7309,203.0,0.02,0.000,0.000,WAYPOINT
2026-08-17T14:20:10.716682,37.8648649,32.4839324,1024.45,-0.0667,0.1403,-2.7182,204.0,0.03,0.000,0.000,WAYPOINT
2026-08-17T14:20:11.717482,37.8648650,32.4839328,1024.51,-0.0730,0.1413,-2.7124,204.0,0.03,0.000,0.000,WAYPOINT
2026-08-17T14:20:12.716689,37.8648653,32.4839333,1024.54,-0.0659,0.1392,-2.7235,203.0,0.03,0.000,0.000,WAYPOINT
2026-08-17T14:20:13.716974,37.8648656,32.4839334,1024.52,-0.0726,0.1409,-2.7518,202.0,0.02,0.000,0.000,WAYPOINT
2026-08-17T14:20:14.716762,37.8648651,32.4839336,1024.45,-0.0688,0.1414,-2.7739,201.0,0.03,0.000,0.000,WAYPOINT
2026-08-17T14:20:15.716764,37.8648654,32.4839338,1024.44,-0.0706,0.1415,-2.8022,199.0,0.04,0.000,0.000,WAYPOINT
2026-08-17T14:20:16.717232,37.8648655,32.4839337,1024.39,-0.0691,0.1413,-2.8256,198.0,0.02,0.000,0.000,WAYPOINT
2026-08-17T14:20:17.716741,37.8648652,32.4839333,1024.34,-0.0702,0.1403,-2.8522,196.0,0.03,0.000,0.000,WAYPOINT
2026-08-17T14:20:18.716862,37.8648651,32.4839333,1024.36,-0.0736,0.1400,-2.8773,195.0,0.01,0.000,0.000,WAYPOINT
2026-08-17T14:20:19.716730,37.8648651,32.4839333,1024.40,-0.0687,0.1387,-2.8986,193.0,0.00,0.000,0.000,WAYPOINT
2026-08-17T14:20:20.716747,37.8648652,32.4839335,1024.40,-0.0677,0.1407,-2.9199,192.0,0.01,0.000,0.000,WAYPOINT
2026-08-17T14:20:21.716730,37.8648655,32.4839335,1024.42,-0.0675,0.1379,-2.9359,191.0,0.01,0.000,0.000,WAYPOINT
2026-08-17T14:20:22.717036,37.8648655,32.4839334,1024.44,-0.0658,0.1400,-2.9457,191.0,0.01,0.000,0.000,WAYPOINT
2026-08-17T14:20:23.716748,37.8648657,32.4839322,1024.43,-0.0527,0.1246,-2.6184,209.0,0.25,0.000,0.000,WAYPOINT
2026-08-17T14:20:24.716741,37.8648678,32.4839330,1024.42,-0.0634,0.1108,-1.9771,246.0,0.29,0.000,0.000,WAYPOINT
2026-08-17T14:20:25.716843,37.8648676,32.4839340,1024.40,-0.0937,0.0808,-1.5659,270.0,0.06,0.000,0.000,WAYPOINT
2026-08-17T14:20:26.716839,37.8648675,32.4839335,1024.40,-0.0839,0.1290,-1.5459,271.0,0.05,0.000,0.000,WAYPOINT
2026-08-17T14:20:27.717027,37.8648685,32.4839343,1024.41,-0.0974,0.1212,-1.4565,276.0,0.11,0.000,0.000,WAYPOINT
2026-08-17T14:20:28.716818,37.8648698,32.4839360,1024.41,-0.0505,0.1311,-1.2872,286.0,0.09,0.000,0.000,WAYPOINT
2026-08-17T14:20:29.716751,37.8648701,32.4839355,1024.42,-0.0606,0.1265,-1.2808,286.0,0.01,0.000,0.000,WAYPOINT
2026-08-17T14:20:30.717409,37.8648693,32.4839354,1024.38,-0.0660,0.1362,-1.2742,287.0,0.07,0.000,0.000,WAYPOINT
2026-08-17T14:20:31.716733,37.8648688,32.4839355,1024.32,-0.0670,0.1338,-1.2847,286.0,0.07,0.000,0.000,WAYPOINT
2026-08-17T14:20:32.716725,37.8648682,32.4839354,1024.32,-0.0666,0.1258,-1.3104,284.0,0.09,0.000,0.000,WAYPOINT
2026-08-17T14:20:33.716831,37.8648683,32.4839346,1024.33,-0.0624,0.1301,-1.3474,282.0,0.08,0.000,0.000,WAYPOINT
2026-08-17T14:20:34.717495,37.8648685,32.4839346,1024.33,-0.0642,0.1282,-1.3738,281.0,0.06,0.000,0.000,WAYPOINT
2026-08-17T14:20:35.716712,37.8648688,32.4839348,1024.30,-0.0689,0.1255,-1.4006,279.0,0.02,0.000,0.000,WAYPOINT
2026-08-17T14:20:36.716783,37.8648687,32.4839345,1024.36,-0.0647,0.1291,-1.4032,279.0,0.02,0.000,0.000,WAYPOINT
2026-08-17T14:20:37.716726,37.8648684,32.4839343,1024.34,-0.0640,0.1295,-1.4099,279.0,0.03,0.000,0.000,WAYPOINT
2026-08-17T14:20:38.716944,37.8648687,32.4839341,1024.36,-0.0646,0.1211,-1.4437,277.0,0.09,0.000,0.000,WAYPOINT
2026-08-17T14:20:39.716854,37.8648688,32.4839346,1024.44,-0.0602,0.1250,-1.5400,271.0,0.05,0.000,0.000,WAYPOINT
2026-08-17T14:20:40.716769,37.8648690,32.4839332,1024.43,-0.0599,0.0967,-1.4903,274.0,0.16,0.000,0.000,WAYPOINT
2026-08-17T14:20:41.716914,37.8648697,32.4839339,1024.43,-0.0512,0.1199,-1.2605,287.0,0.10,0.000,0.000,WAYPOINT
2026-08-17T14:20:42.724145,37.8648693,32.4839347,1024.36,-0.0561,0.1215,-1.1705,292.0,0.07,0.000,0.000,WAYPOINT
2026-08-17T14:20:43.717717,37.8648692,32.4839348,1024.37,-0.0516,0.1172,-1.1009,296.0,0.05,0.000,0.000,WAYPOINT
2026-08-17T14:20:44.717300,37.8648689,32.4839352,1024.39,-0.0493,0.1189,-1.0559,299.0,0.06,0.000,0.000,WAYPOINT
2026-08-17T14:20:45.716772,37.8648690,32.4839359,1024.48,-0.0521,0.1261,-1.0508,299.0,0.06,0.000,0.000,WAYPOINT
2026-08-17T14:20:46.716717,37.8648695,32.4839355,1024.41,-0.0173,-0.0219,-1.0656,298.0,0.18,0.000,0.000,WAYPOINT
2026-08-17T14:20:47.716865,37.8648711,32.4839328,1024.38,-0.0231,-0.0353,-1.1777,292.0,0.28,0.000,0.000,WAYPOINT
2026-08-17T14:20:48.716692,37.8648722,32.4839299,1024.38,-0.0505,0.0749,-1.3181,284.0,0.18,0.000,0.000,WAYPOINT
2026-08-17T14:20:49.717018,37.8648730,32.4839278,1024.43,-0.0715,0.1693,-1.3988,279.0,0.12,0.000,0.000,WAYPOINT
2026-08-17T14:20:50.716718,37.8648732,32.4839259,1024.45,-0.0690,0.1558,-1.4453,277.0,0.12,0.000,0.000,WAYPOINT
2026-08-17T14:20:51.716773,37.8648728,32.4839236,1024.41,-0.0724,0.1413,-1.4737,275.0,0.13,0.000,0.000,WAYPOINT
2026-08-17T14:20:52.717020,37.8648723,32.4839227,1024.37,-0.0538,0.0308,-1.5147,273.0,0.08,0.000,0.000,WAYPOINT
2026-08-17T14:20:53.716680,37.8648716,32.4839232,1024.38,-0.0526,0.0271,-1.6705,264.0,0.09,0.000,0.000,WAYPOINT
2026-08-17T14:20:54.717123,37.8648713,32.4839223,1024.42,-0.0546,0.0321,-1.8115,256.0,0.07,0.000,0.000,WAYPOINT
2026-08-17T14:20:55.716803,37.8648708,32.4839221,1024.43,-0.0547,0.0364,-1.9095,250.0,0.10,0.000,0.000,WAYPOINT
2026-08-17T14:20:56.719214,37.8648699,32.4839215,1024.42,-0.0492,0.1017,-2.0984,239.0,0.12,0.000,0.000,WAYPOINT
2026-08-17T14:20:57.720193,37.8648695,32.4839210,1024.35,-0.0747,0.1264,-2.3014,228.0,0.07,0.000,0.000,WAYPOINT
2026-08-17T14:20:58.716783,37.8648692,32.4839207,1024.30,-0.0734,0.1421,-2.4040,222.0,0.06,0.000,0.000,WAYPOINT
2026-08-17T14:20:59.716822,37.8648689,32.4839203,1024.33,-0.0665,0.1428,-2.4850,217.0,0.07,0.000,0.000,WAYPOINT
2026-08-17T14:21:00.721658,37.8648674,32.4839197,1024.37,-0.0677,0.1376,-2.5840,211.0,0.12,0.000,0.000,WAYPOINT
2026-08-17T14:21:01.717247,37.8648662,32.4839190,1024.36,-0.0731,0.1369,-2.6613,207.0,0.14,0.000,0.000,WAYPOINT
2026-08-17T14:21:02.720258,37.8648654,32.4839189,1024.38,-0.0693,0.1360,-2.7194,204.0,0.15,0.000,0.000,WAYPOINT
2026-08-17T14:21:03.717021,37.8648646,32.4839190,1024.46,-0.0700,0.1461,-2.7639,201.0,0.13,0.000,0.000,WAYPOINT
2026-08-17T14:21:04.718569,37.8648639,32.4839193,1024.42,-0.0681,0.1397,-2.8446,197.0,0.13,0.000,0.000,WAYPOINT
2026-08-17T14:21:05.716695,37.8648635,32.4839192,1024.38,-0.0688,0.1416,-2.9167,192.0,0.11,0.000,0.000,WAYPOINT
2026-08-17T14:21:06.716744,37.8648646,32.4839187,1024.41,-0.0752,0.0993,-2.7190,204.0,0.28,0.000,0.000,WAYPOINT
2026-08-17T14:21:07.716760,37.8648677,32.4839199,1024.37,-0.0590,0.0888,-2.2482,231.0,0.36,0.000,0.000,WAYPOINT
2026-08-17T14:21:08.716752,37.8648701,32.4839228,1024.41,-0.0574,0.0922,-1.8581,253.0,0.48,0.000,0.000,WAYPOINT
2026-08-17T14:21:09.716849,37.8648718,32.4839266,1024.43,-0.0439,0.1021,-1.5303,272.0,0.42,0.000,0.000,WAYPOINT
2026-08-17T14:21:10.716814,37.8648727,32.4839285,1024.41,-0.0523,0.1160,-1.3470,282.0,0.27,0.000,0.000,WAYPOINT
2026-08-17T14:21:11.716740,37.8648744,32.4839296,1024.42,-0.0493,0.1419,-1.3001,285.0,0.35,0.000,0.000,WAYPOINT
2026-08-17T14:21:12.717022,37.8648769,32.4839316,1024.48,-0.0814,0.2031,-1.2971,285.0,0.37,0.000,0.000,WAYPOINT
2026-08-17T14:21:13.716879,37.8648795,32.4839343,1024.49,-0.0545,0.1565,-1.2387,289.0,0.30,0.000,0.000,WAYPOINT
2026-08-17T14:21:14.716853,37.8648813,32.4839353,1024.52,-0.1004,0.1508,-1.1484,294.0,0.16,0.000,0.000,WAYPOINT
2026-08-17T14:21:15.716724,37.8648829,32.4839347,1024.51,-0.0848,0.1418,-1.3244,284.0,0.16,0.000,0.000,WAYPOINT
2026-08-17T14:21:16.716691,37.8648843,32.4839350,1024.53,-0.0819,0.1381,-1.3507,282.0,0.13,0.000,0.000,WAYPOINT
2026-08-17T14:21:17.716761,37.8648844,32.4839349,1024.56,-0.0687,0.1354,-1.3732,281.0,0.07,0.000,0.000,WAYPOINT
2026-08-17T14:21:18.717184,37.8648853,32.4839347,1024.61,-0.0609,0.1716,-1.3579,282.0,0.23,0.000,0.000,WAYPOINT
2026-08-17T14:21:19.716763,37.8648867,32.4839307,1024.65,-0.0684,0.1611,-1.3780,281.0,0.47,0.000,0.000,WAYPOINT
2026-08-17T14:21:20.716842,37.8648876,32.4839257,1024.67,-0.0660,0.1336,-1.4503,276.0,0.54,0.000,0.000,WAYPOINT
2026-08-17T14:21:21.717215,37.8648886,32.4839210,1024.70,-0.0688,0.1326,-1.4311,278.0,0.53,0.000,0.000,WAYPOINT
2026-08-17T14:21:22.716901,37.8648899,32.4839159,1024.72,-0.0680,0.1331,-1.4092,279.0,0.53,0.000,0.000,WAYPOINT
2026-08-17T14:21:23.716800,37.8648911,32.4839102,1024.69,-0.0690,0.1344,-1.3994,279.0,0.52,0.000,0.000,WAYPOINT
2026-08-17T14:21:24.716689,37.8648928,32.4839043,1024.70,-0.0690,0.1353,-1.4077,279.0,0.52,0.000,0.000,WAYPOINT
2026-08-17T14:21:25.717079,37.8648944,32.4838990,1024.75,-0.0687,0.1348,-1.4454,277.0,0.50,0.000,0.000,WAYPOINT
2026-08-17T14:21:26.716910,37.8648955,32.4838931,1024.79,-0.0689,0.1343,-1.4782,275.0,0.50,0.000,0.000,WAYPOINT
2026-08-17T14:21:27.716829,37.8648967,32.4838871,1024.79,-0.0693,0.1348,-1.5029,273.0,0.50,0.000,0.000,WAYPOINT
2026-08-17T14:21:28.717213,37.8648980,32.4838813,1024.78,-0.0685,0.1323,-1.5238,272.0,0.51,0.000,0.000,WAYPOINT
2026-08-17T14:21:29.716905,37.8648989,32.4838751,1024.78,-0.0698,0.1312,-1.5408,271.0,0.51,0.000,0.000,WAYPOINT
2026-08-17T14:21:30.716799,37.8648997,32.4838695,1024.79,-0.0696,0.1336,-1.5629,270.0,0.49,0.000,0.000,WAYPOINT
2026-08-17T14:21:31.716723,37.8649004,32.4838642,1024.80,-0.0698,0.1370,-1.5772,269.0,0.47,0.000,0.000,WAYPOINT
2026-08-17T14:21:32.716751,37.8649010,32.4838591,1024.83,-0.0712,0.1380,-1.5712,269.0,0.46,0.000,0.000,WAYPOINT
2026-08-17T14:21:33.716768,37.8649017,32.4838546,1024.90,-0.0704,0.1408,-1.5663,270.0,0.43,0.000,0.000,WAYPOINT
2026-08-17T14:21:34.716761,37.8649032,32.4838496,1024.99,-0.0704,0.1401,-1.5705,270.0,0.44,0.000,0.000,WAYPOINT
2026-08-17T14:21:35.716681,37.8649043,32.4838449,1025.02,-0.0698,0.1397,-1.5697,270.0,0.44,0.000,0.000,WAYPOINT
2026-08-17T14:21:36.716764,37.8649050,32.4838401,1025.04,-0.0682,0.1398,-1.5610,270.0,0.44,0.000,0.000,WAYPOINT
2026-08-17T14:21:37.716866,37.8649053,32.4838349,1025.04,-0.0696,0.1410,-1.5343,272.0,0.45,0.000,0.000,WAYPOINT
2026-08-17T14:21:38.716890,37.8649067,32.4838296,1025.05,-0.0695,0.1404,-1.5012,273.0,0.46,0.000,0.000,WAYPOINT
2026-08-17T14:21:39.716951,37.8649081,32.4838246,1025.03,-0.0724,0.1225,-1.3985,279.0,0.47,0.000,0.000,WAYPOINT
2026-08-17T14:21:40.716674,37.8649105,32.4838198,1025.04,-0.0660,0.1542,-1.2389,289.0,0.47,0.000,0.000,WAYPOINT
2026-08-17T14:21:41.716800,37.8649128,32.4838154,1025.00,-0.0668,0.1415,-1.1412,294.0,0.48,0.000,0.000,WAYPOINT
2026-08-17T14:21:42.717130,37.8649148,32.4838119,1024.99,-0.0702,0.1330,-1.0311,300.0,0.45,0.000,0.000,WAYPOINT
2026-08-17T14:21:43.716855,37.8649174,32.4838093,1025.01,-0.0690,0.1376,-0.9137,307.0,0.44,0.000,0.000,WAYPOINT
2026-08-17T14:21:44.716729,37.8649207,32.4838064,1025.04,-0.0710,0.1355,-0.8118,313.0,0.47,0.000,0.000,WAYPOINT
2026-08-17T14:21:45.716847,37.8649243,32.4838041,1025.09,-0.0694,0.1363,-0.7385,317.0,0.48,0.000,0.000,WAYPOINT
2026-08-17T14:21:46.716703,37.8649276,32.4838022,1025.17,-0.0676,0.1378,-0.7046,319.0,0.46,0.000,0.000,WAYPOINT
2026-08-17T14:21:47.716701,37.8649316,32.4837999,1025.26,-0.0661,0.1358,-0.7040,319.0,0.48,0.000,0.000,WAYPOINT
2026-08-17T14:21:48.717057,37.8649361,32.4837975,1025.34,-0.0686,0.1329,-0.7232,318.0,0.51,0.000,0.000,WAYPOINT
2026-08-17T14:21:49.716867,37.8649406,32.4837946,1025.43,-0.0675,0.1343,-0.7568,316.0,0.53,0.000,0.000,WAYPOINT
2026-08-17T14:21:50.716696,37.8649450,32.4837913,1025.50,-0.0677,0.1305,-0.8005,314.0,0.55,0.000,0.000,WAYPOINT
2026-08-17T14:21:51.716851,37.8649499,32.4837877,1025.54,-0.0683,0.1297,-0.8474,311.0,0.58,0.000,0.000,WAYPOINT
2026-08-17T14:21:52.716698,37.8649549,32.4837840,1025.56,-0.0663,0.1328,-0.9283,306.0,0.54,0.000,0.000,WAYPOINT
2026-08-17T14:21:53.716855,37.8649588,32.4837804,1025.54,-0.0654,0.1279,-1.0179,301.0,0.52,0.000,0.000,WAYPOINT
2026-08-17T14:21:54.716736,37.8649627,32.4837756,1025.47,-0.0669,0.1289,-1.0950,297.0,0.53,0.000,0.000,WAYPOINT
2026-08-17T14:21:55.716926,37.8649647,32.4837722,1025.42,-0.0663,0.1058,-1.2858,286.0,0.21,0.000,0.000,WAYPOINT
2026-08-17T14:21:56.716699,37.8649649,32.4837702,1025.34,-0.0549,0.0947,-1.7488,259.0,0.21,0.000,0.000,WAYPOINT
2026-08-17T14:21:57.716836,37.8649642,32.4837683,1025.27,-0.0582,0.0896,-2.4336,220.0,0.15,0.000,0.000,WAYPOINT
2026-08-17T14:21:58.716868,37.8649642,32.4837679,1025.16,-0.0435,0.1084,-3.1072,181.0,0.14,0.000,0.000,WAYPOINT
2026-08-17T14:21:59.716722,37.8649635,32.4837679,1025.03,-0.0647,0.1193,2.5897,148.0,0.06,0.000,0.000,WAYPOINT
2026-08-17T14:22:00.716742,37.8649617,32.4837678,1025.11,-0.0630,0.1327,2.2735,130.0,0.16,0.000,0.000,WAYPOINT
2026-08-17T14:22:01.716730,37.8649590,32.4837704,1025.21,-0.0524,0.1493,2.0697,118.0,0.44,0.000,0.000,WAYPOINT
2026-08-17T14:22:02.716882,37.8649561,32.4837753,1025.25,-0.0572,0.1412,1.9781,113.0,0.57,0.000,0.000,WAYPOINT
2026-08-17T14:22:03.717005,37.8649539,32.4837806,1025.22,-0.0677,0.1244,1.9264,110.0,0.56,0.000,0.000,WAYPOINT
2026-08-17T14:22:04.716705,37.8649520,32.4837858,1025.15,-0.0692,0.1297,1.9663,112.0,0.53,0.000,0.000,WAYPOINT
2026-08-17T14:22:05.717324,37.8649499,32.4837902,1025.06,-0.0697,0.1308,2.0514,117.0,0.50,0.000,0.000,WAYPOINT
2026-08-17T14:22:06.716680,37.8649477,32.4837944,1025.00,-0.0729,0.1354,2.1532,123.0,0.49,0.000,0.000,WAYPOINT
2026-08-17T14:22:07.716838,37.8649454,32.4837976,1024.90,-0.0695,0.1369,2.2621,129.0,0.44,0.000,0.000,WAYPOINT
2026-08-17T14:22:08.716773,37.8649423,32.4838007,1024.81,-0.0702,0.1356,2.3765,136.0,0.44,0.000,0.000,WAYPOINT
2026-08-17T14:22:09.718739,37.8649389,32.4838034,1024.68,-0.0703,0.1355,2.4893,142.0,0.43,0.000,0.000,WAYPOINT
2026-08-17T14:22:10.716807,37.8649352,32.4838056,1024.59,-0.0703,0.1359,2.5911,148.0,0.44,0.000,0.000,WAYPOINT
2026-08-17T14:22:11.716796,37.8649314,32.4838076,1024.46,-0.0701,0.1338,2.6652,152.0,0.44,0.000,0.000,WAYPOINT
2026-08-17T14:22:12.717155,37.8649273,32.4838093,1024.34,-0.0708,0.1335,2.7276,156.0,0.46,0.000,0.000,WAYPOINT
2026-08-17T14:22:13.717062,37.8649229,32.4838109,1024.31,-0.0727,0.1332,2.7657,158.0,0.47,0.000,0.000,WAYPOINT
2026-08-17T14:22:14.716776,37.8649186,32.4838128,1024.31,-0.0700,0.1327,2.7792,159.0,0.47,0.000,0.000,WAYPOINT
2026-08-17T14:22:15.716661,37.8649140,32.4838149,1024.31,-0.0687,0.1335,2.7794,159.0,0.50,0.000,0.000,WAYPOINT
2026-08-17T14:22:16.716959,37.8649096,32.4838169,1024.36,-0.0690,0.1317,2.7640,158.0,0.51,0.000,0.000,WAYPOINT
2026-08-17T14:22:17.716832,37.8649047,32.4838195,1024.39,-0.0689,0.1311,2.7466,157.0,0.52,0.000,0.000,WAYPOINT
2026-08-17T14:22:18.716815,37.8648997,32.4838222,1024.41,-0.0676,0.1302,2.7260,156.0,0.54,0.000,0.000,WAYPOINT
2026-08-17T14:22:19.716945,37.8648948,32.4838253,1024.44,-0.0673,0.1296,2.7091,155.0,0.55,0.000,0.000,WAYPOINT
2026-08-17T14:22:20.716722,37.8648910,32.4838279,1024.48,-0.0721,0.1057,2.7283,156.0,0.35,0.000,0.000,WAYPOINT
2026-08-17T14:22:21.717036,37.8648908,32.4838292,1024.52,-0.0543,0.1321,2.6076,149.0,0.26,0.000,0.000,WAYPOINT
2026-08-17T14:22:22.716979,37.8648911,32.4838307,1024.54,-0.0643,0.0914,1.9967,114.0,0.29,0.000,0.000,WAYPOINT
2026-08-17T14:22:23.716736,37.8648907,32.4838302,1024.59,-0.0706,0.1267,1.4514,83.0,0.12,0.000,0.000,WAYPOINT
2026-08-17T14:22:24.716787,37.8648901,32.4838294,1024.58,-0.0675,0.1471,1.1820,67.0,0.07,0.000,0.000,WAYPOINT
2026-08-17T14:22:25.716721,37.8648901,32.4838314,1024.54,-0.0694,0.1362,1.1121,63.0,0.18,0.000,0.000,WAYPOINT
2026-08-17T14:22:26.717031,37.8648919,32.4838351,1024.47,-0.0658,0.1422,1.0577,60.0,0.40,0.000,0.000,WAYPOINT
2026-08-17T14:22:27.716766,37.8648950,32.4838396,1024.44,-0.0722,0.1407,1.0522,60.0,0.52,0.000,0.000,WAYPOINT
2026-08-17T14:22:28.716663,37.8648979,32.4838446,1024.43,-0.0747,0.1311,1.1191,64.0,0.55,0.000,0.000,WAYPOINT
2026-08-17T14:22:29.716915,37.8649001,32.4838498,1024.45,-0.0730,0.1323,1.2427,71.0,0.53,0.000,0.000,WAYPOINT
2026-08-17T14:22:30.718000,37.8649017,32.4838550,1024.44,-0.0723,0.1330,1.3472,77.0,0.50,0.000,0.000,WAYPOINT
2026-08-17T14:22:31.716778,37.8649028,32.4838608,1024.48,-0.0704,0.1302,1.4431,82.0,0.49,0.000,0.000,WAYPOINT
2026-08-17T14:22:32.716945,37.8649036,32.4838671,1024.51,-0.0699,0.1335,1.5313,87.0,0.50,0.000,0.000,WAYPOINT
2026-08-17T14:22:33.716696,37.8649038,32.4838729,1024.51,-0.0709,0.1318,1.6097,92.0,0.50,0.000,0.000,WAYPOINT
2026-08-17T14:22:34.717042,37.8649036,32.4838785,1024.52,-0.0673,0.1319,1.6668,95.0,0.49,0.000,0.000,WAYPOINT
2026-08-17T14:22:35.716773,37.8649031,32.4838836,1024.52,-0.0666,0.1330,1.7001,97.0,0.47,0.000,0.000,WAYPOINT
2026-08-17T14:22:36.718030,37.8649025,32.4838884,1024.49,-0.0671,0.1333,1.7120,98.0,0.45,0.000,0.000,WAYPOINT
2026-08-17T14:22:37.717061,37.8649022,32.4838931,1024.49,-0.0673,0.1343,1.6975,97.0,0.44,0.000,0.000,WAYPOINT
2026-08-17T14:22:38.716798,37.8649019,32.4838981,1024.48,-0.0658,0.1341,1.6658,95.0,0.46,0.000,0.000,WAYPOINT
2026-08-17T14:22:39.716992,37.8649020,32.4839032,1024.43,-0.0678,0.1286,1.6260,93.0,0.47,0.000,0.000,WAYPOINT
2026-08-17T14:22:40.717215,37.8649023,32.4839080,1024.39,-0.0657,0.1153,1.6252,93.0,0.29,0.000,0.000,WAYPOINT
2026-08-17T14:22:41.716800,37.8649024,32.4839096,1024.39,-0.0664,0.1419,1.6241,93.0,0.07,0.000,0.000,WAYPOINT
2026-08-17T14:22:42.716775,37.8649025,32.4839108,1024.40,-0.0710,0.1310,1.5753,90.0,0.07,0.000,0.000,WAYPOINT
2026-08-17T14:22:43.716952,37.8649022,32.4839116,1024.38,-0.0657,0.1341,1.6064,92.0,0.03,0.000,0.000,WAYPOINT
2026-08-17T14:22:44.716781,37.8649023,32.4839116,1024.36,-0.0614,0.1417,1.6174,92.0,0.01,0.000,0.000,WAYPOINT
2026-08-17T14:22:45.716730,37.8649027,32.4839113,1024.38,-0.0621,0.1475,1.6234,93.0,0.04,0.000,0.000,WAYPOINT
2026-08-17T14:22:46.716708,37.8649023,32.4839109,1024.40,-0.0625,0.1488,1.6224,92.0,0.07,0.000,0.000,WAYPOINT
2026-08-17T14:22:47.716790,37.8649023,32.4839106,1024.43,-0.0610,0.1442,1.6266,93.0,0.08,0.000,0.000,WAYPOINT
2026-08-17T14:22:48.720449,37.8649020,32.4839107,1024.43,-0.0607,0.1411,1.6276,93.0,0.07,0.000,0.000,WAYPOINT
2026-08-17T14:22:49.716916,37.8649017,32.4839094,1024.46,-0.0585,0.1389,1.6233,93.0,0.10,0.000,0.000,WAYPOINT
2026-08-17T14:22:50.716744,37.8649010,32.4839082,1024.45,-0.0583,0.1371,1.6279,93.0,0.12,0.000,0.000,WAYPOINT
2026-08-17T14:22:51.716914,37.8649010,32.4839072,1024.44,-0.0647,0.1370,1.6079,92.0,0.10,0.000,0.000,WAYPOINT
2026-08-17T14:22:52.716808,37.8649008,32.4839064,1024.47,-0.0661,0.1372,1.5868,90.0,0.09,0.000,0.000,WAYPOINT
2026-08-17T14:22:53.717639,37.8649007,32.4839059,1024.51,-0.0699,0.1407,1.5661,89.0,0.07,0.000,0.000,WAYPOINT
2026-08-17T14:22:54.717234,37.8649005,32.4839047,1024.44,-0.0698,0.1427,1.5468,88.0,0.08,0.000,0.000,WAYPOINT
2026-08-17T14:22:55.717344,37.8649004,32.4839043,1024.45,-0.0716,0.1428,1.5278,87.0,0.08,0.000,0.000,WAYPOINT
2026-08-17T14:22:56.716687,37.8649002,32.4839036,1024.46,-0.0702,0.1463,1.5090,86.0,0.09,0.000,0.000,WAYPOINT
2026-08-17T14:22:57.716748,37.8648998,32.4839029,1024.46,-0.0690,0.1437,1.4911,85.0,0.09,0.000,0.000,WAYPOINT
2026-08-17T14:22:58.716681,37.8648993,32.4839022,1024.41,-0.0695,0.1430,1.4738,84.0,0.10,0.000,0.000,WAYPOINT
2026-08-17T14:22:59.717164,37.8648985,32.4839015,1024.40,-0.0691,0.1425,1.4571,83.0,0.10,0.000,0.000,WAYPOINT
2026-08-17T14:23:00.716789,37.8648983,32.4839011,1024.45,-0.0687,0.1386,1.4408,82.0,0.09,0.000,0.000,WAYPOINT
2026-08-17T14:23:01.716773,37.8648980,32.4839005,1024.48,-0.0685,0.1400,1.4276,81.0,0.09,0.000,0.000,WAYPOINT
2026-08-17T14:23:02.716758,37.8648979,32.4838999,1024.47,-0.0698,0.1430,1.4161,81.0,0.09,0.000,0.000,WAYPOINT
2026-08-17T14:23:03.720044,37.8648975,32.4838993,1024.44,-0.0691,0.1389,1.4079,80.0,0.08,0.000,0.000,WAYPOINT
2026-08-17T14:23:04.716790,37.8648972,32.4838983,1024.40,-0.0709,0.1509,1.4017,80.0,0.11,0.000,0.000,WAYPOINT
2026-08-17T14:23:05.716714,37.8648970,32.4838976,1024.44,-0.0704,0.1490,1.3977,80.0,0.10,0.000,0.000,WAYPOINT
2026-08-17T14:23:06.717540,37.8648968,32.4838973,1024.44,-0.0693,0.1403,1.3924,79.0,0.09,0.000,0.000,WAYPOINT
2026-08-17T14:23:07.716713,37.8648966,32.4838972,1024.43,-0.0702,0.1341,1.3888,79.0,0.07,0.000,0.000,WAYPOINT
2026-08-17T14:23:08.717567,37.8648963,32.4838966,1024.48,-0.0693,0.1360,1.3828,79.0,0.06,0.000,0.000,WAYPOINT
2026-08-17T14:23:09.716680,37.8648963,32.4838962,1024.45,-0.0699,0.1385,1.3754,78.0,0.05,0.000,0.000,WAYPOINT
2026-08-17T14:23:10.716686,37.8648960,32.4838954,1024.50,-0.0696,0.1440,1.3689,78.0,0.06,0.000,0.000,WAYPOINT
2026-08-17T14:23:11.716733,37.8648962,32.4838947,1024.48,-0.0680,0.1459,1.3640,78.0,0.07,0.000,0.000,WAYPOINT
2026-08-17T14:23:12.716782,37.8648960,32.4838938,1024.50,-0.0688,0.1430,1.3594,77.0,0.07,0.000,0.000,WAYPOINT
2026-08-17T14:23:13.717183,37.8648960,32.4838929,1024.45,-0.0699,0.1371,1.3544,77.0,0.08,0.000,0.000,WAYPOINT
2026-08-17T14:23:14.716744,37.8648960,32.4838921,1024.42,-0.0767,0.1521,1.3569,77.0,0.08,0.000,0.000,WAYPOINT
2026-08-17T14:23:15.716790,37.8648958,32.4838908,1024.44,-0.0719,0.1454,1.3683,78.0,0.14,0.000,0.000,IDLE
2026-08-17T14:23:16.716931,37.8648954,32.4838901,1024.46,-0.0673,0.1515,1.3338,76.0,0.07,0.000,0.000,IDLE
2026-08-17T14:23:17.716742,37.8648955,32.4838905,1024.47,-0.0649,0.1412,1.2671,72.0,0.04,0.000,0.000,IDLE
2026-08-17T14:23:18.716885,37.8648955,32.4838905,1024.48,-0.0675,0.1372,1.2163,69.0,0.04,0.000,0.000,IDLE
2026-08-17T14:23:19.716789,37.8648958,32.4838902,1024.42,-0.0694,0.1438,1.1532,66.0,0.03,0.000,0.000,IDLE
2026-08-17T14:23:20.716851,37.8648959,32.4838905,1024.44,-0.0678,0.1446,1.0757,61.0,0.03,0.000,0.000,IDLE
2026-08-17T14:23:21.718895,37.8648962,32.4838910,1024.45,-0.0728,0.1434,1.0287,58.0,0.04,0.000,0.000,WAYPOINT
2026-08-17T14:23:22.716770,37.8648960,32.4838916,1024.44,-0.0696,0.1420,0.9905,56.0,0.03,0.000,-0.900,WAYPOINT
2026-08-17T14:23:23.716719,37.8648958,32.4838919,1024.47,-0.0696,0.1404,0.9593,54.0,0.02,0.000,-0.900,WAYPOINT
2026-08-17T14:23:24.717284,37.8648961,32.4838921,1024.42,-0.0693,0.1387,0.9346,53.0,0.02,0.000,-0.900,WAYPOINT
2026-08-17T14:23:25.716745,37.8648963,32.4838921,1024.46,-0.0690,0.1372,0.9132,52.0,0.03,0.000,-0.900,WAYPOINT
2026-08-17T14:23:26.716740,37.8648965,32.4838915,1024.48,-0.0719,0.1506,0.8888,50.0,0.05,0.000,-0.900,WAYPOINT
2026-08-17T14:23:27.716698,37.8648964,32.4838915,1024.50,-0.0648,0.1528,0.8403,48.0,0.03,0.000,-0.900,WAYPOINT
2026-08-17T14:23:28.716709,37.8648960,32.4838919,1024.50,-0.0715,0.1573,0.8005,45.0,0.01,0.000,-0.900,WAYPOINT
2026-08-17T14:23:29.716827,37.8648957,32.4838927,1024.48,-0.0792,0.1959,0.8518,48.0,0.20,0.000,-0.900,WAYPOINT
2026-08-17T14:23:30.716733,37.8648955,32.4838962,1024.42,-0.0543,0.1626,0.9793,56.0,0.30,0.000,0.000,WAYPOINT
2026-08-17T14:23:31.717288,37.8648960,32.4839002,1024.39,-0.0648,0.1542,0.8660,49.0,0.32,0.000,0.000,WAYPOINT
2026-08-17T14:23:32.716757,37.8648970,32.4839030,1024.35,-0.0629,0.1449,0.6410,36.0,0.16,0.000,0.000,WAYPOINT
2026-08-17T14:23:33.716724,37.8648971,32.4839037,1024.35,-0.0622,0.1431,0.2012,11.0,0.00,0.000,-0.900,WAYPOINT
2026-08-17T14:23:34.716795,37.8648962,32.4839055,1024.37,-0.0544,0.1435,-0.2830,343.0,0.19,0.000,0.000,WAYPOINT
2026-08-17T14:23:35.716872,37.8648945,32.4839077,1024.41,-0.0703,0.1789,-0.7086,319.0,0.24,0.000,0.000,WAYPOINT
2026-08-17T14:23:36.716814,37.8648936,32.4839107,1024.42,-0.0695,0.1799,-1.0392,300.0,0.38,0.000,-0.900,WAYPOINT
2026-08-17T14:23:37.716715,37.8648935,32.4839140,1024.45,-0.0795,0.1675,-1.3836,280.0,0.34,0.000,0.000,WAYPOINT
2026-08-17T14:23:38.716749,37.8648934,32.4839181,1024.46,-0.0827,0.1320,-1.6188,267.0,0.37,0.000,0.000,WAYPOINT
2026-08-17T14:23:39.716724,37.8648941,32.4839239,1024.44,-0.0604,0.1039,-1.6288,266.0,0.52,0.000,0.000,WAYPOINT
2026-08-17T14:23:40.716881,37.8648934,32.4839288,1024.42,-0.0721,0.1517,-1.5867,269.0,0.35,0.000,0.000,WAYPOINT
2026-08-17T14:23:41.716728,37.8648923,32.4839325,1024.45,-0.0701,0.1494,-1.5705,270.0,0.25,0.000,0.000,WAYPOINT
2026-08-17T14:23:42.716757,37.8648918,32.4839359,1024.48,-0.0780,0.1465,-1.5276,272.0,0.20,0.000,0.000,WAYPOINT
2026-08-17T14:23:43.716744,37.8648915,32.4839387,1024.44,-0.0764,0.1602,-1.4475,277.0,0.13,0.000,0.900,WAYPOINT
2026-08-17T14:23:44.716792,37.8648901,32.4839392,1024.37,-0.0730,0.1515,-1.4142,278.0,0.16,0.000,0.900,WAYPOINT
2026-08-17T14:23:45.716817,37.8648898,32.4839391,1024.38,-0.0738,0.1427,-1.4336,277.0,0.13,0.000,0.900,WAYPOINT
2026-08-17T14:23:46.716834,37.8648901,32.4839387,1024.41,-0.0728,0.1387,-1.4437,277.0,0.09,0.000,0.900,WAYPOINT
2026-08-17T14:23:47.716715,37.8648904,32.4839386,1024.38,-0.0684,0.1366,-1.4521,276.0,0.06,0.000,0.900,WAYPOINT
2026-08-17T14:23:48.720243,37.8648907,32.4839383,1024.39,-0.0665,0.1353,-1.4568,276.0,0.06,0.000,0.900,WAYPOINT
2026-08-17T14:23:49.717322,37.8648908,32.4839387,1024.47,-0.0701,0.1373,-1.4578,276.0,0.04,0.000,0.900,WAYPOINT
2026-08-17T14:23:50.716788,37.8648908,32.4839395,1024.50,-0.0615,0.1432,-1.4602,276.0,0.01,0.000,0.900,WAYPOINT
2026-08-17T14:23:51.716827,37.8648911,32.4839400,1024.49,-0.0656,0.1424,-1.4641,276.0,0.03,0.000,0.900,WAYPOINT
2026-08-17T14:23:52.717157,37.8648912,32.4839403,1024.52,-0.0692,0.1433,-1.4684,275.0,0.04,0.000,0.900,WAYPOINT
2026-08-17T14:23:53.717088,37.8648910,32.4839405,1024.51,-0.0697,0.1419,-1.4802,275.0,0.03,0.000,0.900,WAYPOINT
2026-08-17T14:23:54.716806,37.8648912,32.4839424,1024.49,-0.0698,0.1380,-1.6997,262.0,0.25,0.850,0.000,WAYPOINT
2026-08-17T14:23:55.716735,37.8648916,32.4839430,1024.52,-0.0745,0.1077,-1.8809,252.0,0.10,0.000,0.000,WAYPOINT
2026-08-17T14:23:56.716734,37.8648928,32.4839418,1024.55,-0.0713,0.1497,-1.7788,258.0,0.24,0.000,0.000,WAYPOINT
2026-08-17T14:23:57.720053,37.8648924,32.4839379,1024.54,-0.0676,0.1382,-1.6995,262.0,0.45,0.000,0.000,WAYPOINT
2026-08-17T14:23:58.716775,37.8648926,32.4839317,1024.53,-0.0665,0.1251,-1.6689,264.0,0.58,0.000,0.000,WAYPOINT
2026-08-17T14:23:59.716688,37.8648935,32.4839260,1024.52,-0.0667,0.1300,-1.6027,268.0,0.58,0.000,0.000,WAYPOINT
2026-08-17T14:24:00.717075,37.8648941,32.4839207,1024.52,-0.0643,0.1315,-1.5799,269.0,0.55,0.000,0.000,WAYPOINT
2026-08-17T14:24:01.716755,37.8648945,32.4839149,1024.52,-0.0675,0.1367,-1.5821,269.0,0.54,0.000,0.000,WAYPOINT
2026-08-17T14:24:02.716856,37.8648948,32.4839090,1024.53,-0.0675,0.1344,-1.5466,271.0,0.55,0.000,-0.900,WAYPOINT
2026-08-17T14:24:03.716754,37.8648962,32.4839048,1024.51,-0.0717,0.1175,-1.2484,288.0,0.38,0.000,0.000,WAYPOINT
2026-08-17T14:24:04.716777,37.8648975,32.4839021,1024.49,-0.0607,0.0994,-1.1502,294.0,0.33,0.000,0.000,WAYPOINT
2026-08-17T14:24:05.716874,37.8648988,32.4838982,1024.51,-0.0584,0.1264,-1.2696,287.0,0.43,0.000,0.900,WAYPOINT
2026-08-17T14:24:06.718361,37.8648995,32.4838939,1024.57,-0.0641,0.1339,-1.6056,268.0,0.30,0.850,0.000,WAYPOINT
2026-08-17T14:24:07.716901,37.8649001,32.4838899,1024.56,-0.0734,0.1130,-1.8416,254.0,0.28,0.000,0.000,WAYPOINT
2026-08-17T14:24:08.716758,37.8649001,32.4838856,1024.57,-0.0686,0.1498,-1.8409,254.0,0.44,0.000,0.000,WAYPOINT
2026-08-17T14:24:09.716768,37.8648997,32.4838796,1024.57,-0.0697,0.1432,-1.7881,257.0,0.53,0.000,0.000,WAYPOINT
2026-08-17T14:24:10.717138,37.8648998,32.4838739,1024.54,-0.0704,0.1312,-1.7040,262.0,0.56,0.000,0.000,WAYPOINT
2026-08-17T14:24:11.716809,37.8649005,32.4838678,1024.54,-0.0688,0.1360,-1.6734,264.0,0.59,0.000,-0.900,WAYPOINT
2026-08-17T14:24:12.716751,37.8649025,32.4838636,1024.52,-0.0668,0.1229,-1.3955,280.0,0.42,0.000,-0.900,WAYPOINT
2026-08-17T14:24:13.716812,37.8649039,32.4838625,1024.52,-0.0505,0.1634,-1.0539,299.0,0.31,0.000,0.000,WAYPOINT
2026-08-17T14:24:14.717137,37.8649033,32.4838598,1024.52,-0.0645,0.1539,-1.0791,298.0,0.33,0.000,0.000,WAYPOINT
2026-08-17T14:24:15.717451,37.8649047,32.4838549,1024.53,-0.0680,0.1194,-1.1334,295.0,0.48,0.000,0.900,WAYPOINT
2026-08-17T14:24:16.716918,37.8649053,32.4838505,1024.54,-0.0627,0.1225,-1.4293,278.0,0.38,0.850,0.000,WAYPOINT
2026-08-17T14:24:17.716738,37.8649061,32.4838458,1024.53,-0.0699,0.1095,-1.6340,266.0,0.36,0.000,-0.900,WAYPOINT
2026-08-17T14:24:18.716895,37.8649066,32.4838415,1024.56,-0.0627,0.1500,-1.6472,265.0,0.40,0.000,0.000,WAYPOINT
2026-08-17T14:24:19.716705,37.8649069,32.4838380,1024.58,-0.0667,0.1738,-1.7036,262.0,0.38,0.000,0.000,WAYPOINT
2026-08-17T14:24:20.717382,37.8649068,32.4838328,1024.53,-0.0707,0.1362,-1.7100,262.0,0.49,0.000,0.000,WAYPOINT
2026-08-17T14:24:21.716663,37.8649070,32.4838261,1024.53,-0.0663,0.1247,-1.7482,259.0,0.51,0.000,0.900,WAYPOINT
2026-08-17T14:24:22.716729,37.8649070,32.4838208,1024.53,-0.0762,0.1656,-1.8869,251.0,0.40,0.000,0.000,WAYPOINT
2026-08-17T14:24:23.716983,37.8649062,32.4838185,1024.52,-0.0619,0.1113,-2.1388,237.0,0.15,0.000,0.000,WAYPOINT
2026-08-17T14:24:24.717113,37.8649053,32.4838184,1024.52,-0.0854,0.1029,-2.7160,204.0,0.11,0.000,-0.900,WAYPOINT
2026-08-17T14:24:25.716987,37.8649052,32.4838159,1024.50,-0.0590,0.1350,-2.8797,195.0,0.11,0.000,0.000,WAYPOINT
2026-08-17T14:24:26.716803,37.8649042,32.4838162,1024.47,-0.0775,0.1226,2.9344,168.0,0.05,0.000,-0.900,WAYPOINT
2026-08-17T14:24:27.716829,37.8649026,32.4838140,1024.44,-0.0719,0.1150,2.9843,170.0,0.25,0.000,-0.900,WAYPOINT
2026-08-17T14:24:28.716684,37.8649023,32.4838125,1024.48,-0.0649,0.1637,-2.9657,190.0,0.24,0.000,0.000,WAYPOINT
2026-08-17T14:24:29.716700,37.8649006,32.4838137,1024.42,-0.0448,0.0943,-3.1274,180.0,0.22,0.000,0.000,WAYPOINT
2026-08-17T14:24:30.716700,37.8648998,32.4838146,1024.46,-0.0892,0.1373,2.6963,154.0,0.13,0.000,-0.900,WAYPOINT
2026-08-17T14:24:31.716754,37.8648976,32.4838125,1024.45,-0.0755,0.1227,2.9071,166.0,0.26,0.000,-0.900,WAYPOINT
2026-08-17T14:24:32.717527,37.8648974,32.4838115,1024.42,-0.0701,0.1504,-2.9646,190.0,0.21,0.000,0.000,WAYPOINT
2026-08-17T14:24:33.716675,37.8648964,32.4838128,1024.38,-0.0574,0.0975,-3.1119,181.0,0.28,0.000,0.000,WAYPOINT
2026-08-17T14:24:34.717110,37.8648956,32.4838138,1024.39,-0.0920,0.1440,2.7207,155.0,0.16,0.000,-0.900,WAYPOINT
2026-08-17T14:24:35.717000,37.8648942,32.4838113,1024.38,-0.0762,0.1261,2.9032,166.0,0.26,0.000,-0.900,WAYPOINT
2026-08-17T14:24:36.716782,37.8648946,32.4838107,1024.36,-0.0673,0.1617,-3.0049,187.0,0.19,0.000,0.000,WAYPOINT
2026-08-17T14:24:37.716765,37.8648934,32.4838128,1024.39,-0.0570,0.1059,3.1029,177.0,0.26,0.000,0.000,WAYPOINT
2026-08-17T14:24:38.716857,37.8648932,32.4838140,1024.43,-0.0899,0.1402,2.6682,152.0,0.09,0.000,-0.900,WAYPOINT
2026-08-17T14:24:39.716698,37.8648916,32.4838118,1024.44,-0.0822,0.1303,2.9012,166.0,0.22,0.850,0.000,WAYPOINT
2026-08-17T14:24:40.716678,37.8648916,32.4838114,1024.41,-0.0640,0.1272,-3.1328,180.0,0.14,0.000,0.000,WAYPOINT
2026-08-17T14:24:41.717010,37.8648910,32.4838139,1024.41,-0.0597,0.1042,2.7510,157.0,0.27,0.000,0.000,WAYPOINT
2026-08-17T14:24:42.717031,37.8648906,32.4838138,1024.42,-0.0557,0.0957,2.2129,126.0,0.17,0.000,0.000,WAYPOINT
2026-08-17T14:24:43.716707,37.8648900,32.4838136,1024.43,-0.0473,0.0967,1.6240,93.0,0.13,0.000,0.000,WAYPOINT
2026-08-17T14:24:44.716664,37.8648886,32.4838141,1024.44,-0.0611,0.1531,1.2095,69.0,0.11,0.000,0.000,WAYPOINT
2026-08-17T14:24:45.717103,37.8648884,32.4838153,1024.42,-0.0592,0.1340,1.0048,57.0,0.06,0.000,0.000,WAYPOINT
2026-08-17T14:24:46.717304,37.8648891,32.4838168,1024.42,-0.0640,0.1573,0.7927,45.0,0.25,0.000,0.000,WAYPOINT
2026-08-17T14:24:47.716773,37.8648920,32.4838201,1024.39,-0.0642,0.1467,0.6809,39.0,0.49,0.000,0.000,WAYPOINT
2026-08-17T14:24:48.716816,37.8648960,32.4838229,1024.39,-0.0704,0.1266,0.6129,35.0,0.56,0.000,0.000,WAYPOINT
2026-08-17T14:24:49.716806,37.8649001,32.4838252,1024.40,-0.0714,0.1285,0.5789,33.0,0.55,0.000,0.000,WAYPOINT
2026-08-17T14:24:50.716779,37.8649046,32.4838278,1024.39,-0.0710,0.1287,0.5988,34.0,0.56,0.000,0.000,WAYPOINT
2026-08-17T14:24:51.717259,37.8649084,32.4838309,1024.41,-0.0752,0.1338,0.6770,38.0,0.50,0.850,0.000,WAYPOINT
2026-08-17T14:24:52.716680,37.8649111,32.4838334,1024.42,-0.0708,0.1198,0.7712,44.0,0.37,0.850,0.000,WAYPOINT
2026-08-17T14:24:53.716906,37.8649133,32.4838344,1024.43,-0.0571,0.1015,0.6460,37.0,0.32,0.000,0.900,WAYPOINT
2026-08-17T14:24:54.717891,37.8649148,32.4838347,1024.44,-0.0652,0.1368,0.4029,23.0,0.20,0.000,-0.900,WAYPOINT
2026-08-17T14:24:55.716762,37.8649158,32.4838348,1024.43,-0.0672,0.1274,0.2031,11.0,0.12,0.000,-0.900,WAYPOINT
2026-08-17T14:24:56.716971,37.8649162,32.4838361,1024.45,-0.0629,0.1363,0.3166,18.0,0.09,0.000,-0.900,WAYPOINT
2026-08-17T14:24:57.716777,37.8649165,32.4838359,1024.42,-0.0613,0.1212,0.3194,18.0,0.00,0.000,0.900,WAYPOINT
2026-08-17T14:24:58.716673,37.8649162,32.4838358,1024.40,-0.0672,0.1382,0.1883,10.0,0.06,0.000,-0.900,WAYPOINT
2026-08-17T14:24:59.716694,37.8649152,32.4838362,1024.43,-0.0766,0.1390,0.2888,16.0,0.12,0.000,0.900,WAYPOINT
2026-08-17T14:25:00.716696,37.8649143,32.4838362,1024.44,-0.0814,0.1426,0.4928,28.0,0.13,0.000,0.900,WAYPOINT
2026-08-17T14:25:01.716684,37.8649131,32.4838351,1024.42,-0.0764,0.1093,0.5913,33.0,0.22,0.000,0.900,WAYPOINT
2026-08-17T14:25:02.716703,37.8649115,32.4838326,1024.43,-0.0744,0.1442,0.4196,24.0,0.33,0.000,0.900,WAYPOINT
2026-08-17T14:25:03.716796,37.8649096,32.4838312,1024.45,-0.0843,0.1488,0.1426,8.0,0.33,0.000,0.900,WAYPOINT
2026-08-17T14:25:04.717317,37.8649062,32.4838311,1024.47,-0.0709,0.1385,-0.1434,351.0,0.43,0.000,0.900,WAYPOINT
2026-08-17T14:25:05.716859,37.8649027,32.4838315,1024.49,-0.0713,0.1297,-0.4309,335.0,0.47,0.000,0.900,WAYPOINT
2026-08-17T14:25:06.716964,37.8648991,32.4838332,1024.46,-0.0747,0.1401,-0.7170,318.0,0.46,0.000,0.000,WAYPOINT
2026-08-17T14:25:07.716742,37.8648974,32.4838343,1024.42,-0.0754,0.1313,-0.9240,307.0,0.18,0.000,0.000,WAYPOINT
2026-08-17T14:25:08.717162,37.8648975,32.4838338,1024.40,-0.0759,0.1425,-0.8473,311.0,0.18,0.000,0.000,WAYPOINT
2026-08-17T14:25:09.717604,37.8648998,32.4838304,1024.41,-0.0707,0.1376,-0.7553,316.0,0.45,0.000,0.000,WAYPOINT
2026-08-17T14:25:10.716761,37.8649036,32.4838266,1024.39,-0.0704,0.1330,-0.6933,320.0,0.60,0.000,0.000,WAYPOINT
2026-08-17T14:25:11.716787,37.8649073,32.4838228,1024.37,-0.0710,0.1336,-0.6405,323.0,0.62,0.000,0.000,WAYPOINT
2026-08-17T14:25:12.716723,37.8649112,32.4838193,1024.36,-0.0699,0.1315,-0.6197,324.0,0.61,0.000,0.000,WAYPOINT
2026-08-17T14:25:13.716783,37.8649150,32.4838164,1024.37,-0.0700,0.1340,-0.6039,325.0,0.57,0.000,0.000,WAYPOINT
2026-08-17T14:25:14.717076,37.8649188,32.4838141,1024.37,-0.0693,0.1330,-0.6083,325.0,0.53,0.000,-0.900,WAYPOINT
2026-08-17T14:25:15.716693,37.8649227,32.4838127,1024.35,-0.0849,0.0961,-0.4297,335.0,0.40,0.000,-0.900,WAYPOINT
2026-08-17T14:25:16.716883,37.8649245,32.4838140,1024.34,-0.0767,0.1147,0.0031,0.0,0.33,0.000,-0.900,WAYPOINT
2026-08-17T14:25:17.717333,37.8649243,32.4838145,1024.31,-0.0590,0.1443,0.4593,26.0,0.13,0.000,0.900,WAYPOINT
2026-08-17T14:25:18.716692,37.8649246,32.4838119,1024.29,-0.0647,0.1358,0.4653,26.0,0.23,0.000,0.900,WAYPOINT
2026-08-17T14:25:19.716903,37.8649242,32.4838104,1024.25,-0.0697,0.1185,0.2733,15.0,0.33,0.000,0.900,WAYPOINT
2026-08-17T14:25:20.716705,37.8649227,32.4838094,1024.27,-0.0826,0.1623,0.0836,4.0,0.24,0.000,-0.900,WAYPOINT
2026-08-17T14:25:21.716832,37.8649213,32.4838098,1024.26,-0.0627,0.1395,0.3195,18.0,0.13,0.000,0.900,WAYPOINT
2026-08-17T14:25:22.716721,37.8649193,32.4838069,1024.29,-0.0696,0.1271,0.2843,16.0,0.35,0.850,0.000,WAYPOINT
2026-08-17T14:25:23.716855,37.8649177,32.4838058,1024.26,-0.0815,0.1209,0.2424,13.0,0.10,0.000,0.000,WAYPOINT
2026-08-17T14:25:24.716728,37.8649159,32.4838066,1024.27,-0.0702,0.1095,0.7791,44.0,0.24,0.000,0.000,WAYPOINT
2026-08-17T14:25:25.716701,37.8649145,32.4838036,1024.30,-0.0610,0.1572,1.3779,78.0,0.17,0.000,-0.900,WAYPOINT
2026-08-17T14:25:26.716831,37.8649157,32.4838023,1024.29,-0.0684,0.1482,1.6327,93.0,0.11,0.000,0.000,WAYPOINT
2026-08-17T14:25:27.717537,37.8649158,32.4838032,1024.27,-0.0697,0.1478,1.8232,104.0,0.07,0.000,0.000,WAYPOINT
2026-08-17T14:25:28.716778,37.8649148,32.4838060,1024.25,-0.0653,0.1339,2.0031,114.0,0.30,0.000,0.000,WAYPOINT
2026-08-17T14:25:29.718258,37.8649122,32.4838107,1024.26,-0.0677,0.1379,2.1235,121.0,0.49,0.000,-0.900,WAYPOINT
2026-08-17T14:25:30.717347,37.8649088,32.4838138,1024.26,-0.0703,0.1084,2.3106,132.0,0.40,0.850,0.000,WAYPOINT
2026-08-17T14:25:31.717654,37.8649062,32.4838152,1024.29,-0.0697,0.1196,2.4011,137.0,0.33,0.000,0.000,WAYPOINT
2026-08-17T14:25:32.717432,37.8649041,32.4838163,1024.36,-0.0661,0.1326,2.4370,139.0,0.27,0.000,0.000,WAYPOINT
2026-08-17T14:25:33.716991,37.8649021,32.4838176,1024.39,-0.0675,0.1380,2.4591,140.0,0.25,0.000,0.000,WAYPOINT
2026-08-17T14:25:34.717015,37.8649004,32.4838187,1024.41,-0.0684,0.1394,2.4854,142.0,0.23,0.000,0.000,WAYPOINT
2026-08-17T14:25:35.716714,37.8648988,32.4838193,1024.40,-0.0705,0.1394,2.5195,144.0,0.21,0.000,0.000,WAYPOINT
2026-08-17T14:25:36.716858,37.8648970,32.4838199,1024.47,-0.0708,0.1388,2.5641,146.0,0.20,0.000,0.000,WAYPOINT
2026-08-17T14:25:37.716892,37.8648957,32.4838207,1024.49,-0.0708,0.1386,2.6135,149.0,0.18,0.000,0.000,WAYPOINT
2026-08-17T14:25:38.716711,37.8648942,32.4838211,1024.44,-0.0695,0.1403,2.6545,152.0,0.17,0.000,0.000,WAYPOINT
2026-08-17T14:25:39.716747,37.8648925,32.4838216,1024.44,-0.0709,0.1402,2.6846,153.0,0.17,0.000,0.000,WAYPOINT
2026-08-17T14:25:40.716809,37.8648909,32.4838222,1024.48,-0.0704,0.1403,2.7040,154.0,0.16,0.000,0.000,WAYPOINT
2026-08-17T14:25:41.716863,37.8648897,32.4838226,1024.47,-0.0718,0.1406,2.7125,155.0,0.14,0.000,-0.900,WAYPOINT
2026-08-17T14:25:42.716784,37.8648886,32.4838228,1024.45,-0.0712,0.1464,2.7057,155.0,0.11,0.000,0.000,WAYPOINT
2026-08-17T14:25:43.717223,37.8648876,32.4838235,1024.47,-0.0757,0.1545,2.6693,152.0,0.06,0.000,0.000,WAYPOINT
2026-08-17T14:25:44.716744,37.8648874,32.4838234,1024.53,-0.0769,0.1540,2.6077,149.0,0.08,0.000,0.000,WAYPOINT
2026-08-17T14:25:45.716764,37.8648874,32.4838221,1024.55,-0.0724,0.1417,2.5409,145.0,0.10,0.000,0.000,WAYPOINT
2026-08-17T14:25:46.716825,37.8648881,32.4838210,1024.57,-0.0727,0.1447,2.4788,142.0,0.11,0.000,-0.900,WAYPOINT
2026-08-17T14:25:47.717116,37.8648884,32.4838202,1024.54,-0.0723,0.1423,2.4200,138.0,0.10,0.000,-0.900,WAYPOINT
2026-08-17T14:25:48.716960,37.8648893,32.4838191,1024.55,-0.0724,0.1431,2.3665,135.0,0.12,0.000,0.000,WAYPOINT
2026-08-17T14:25:49.716701,37.8648895,32.4838189,1024.57,-0.0701,0.1418,2.3220,133.0,0.09,0.000,0.000,WAYPOINT
2026-08-17T14:25:50.716762,37.8648899,32.4838183,1024.58,-0.0723,0.1400,2.2866,131.0,0.09,0.000,0.000,WAYPOINT
2026-08-17T14:25:51.716826,37.8648903,32.4838176,1024.58,-0.0710,0.1410,2.2610,129.0,0.09,0.000,0.000,WAYPOINT
2026-08-17T14:25:52.716781,37.8648903,32.4838165,1024.59,-0.0712,0.1420,2.2427,128.0,0.09,0.000,0.000,WAYPOINT
2026-08-17T14:25:53.717052,37.8648901,32.4838159,1024.50,-0.0698,0.1411,2.2297,127.0,0.07,0.000,0.000,WAYPOINT
2026-08-17T14:25:54.716695,37.8648899,32.4838151,1024.46,-0.0701,0.1432,2.2192,127.0,0.07,0.000,0.000,WAYPOINT
2026-08-17T14:25:55.716706,37.8648902,32.4838136,1024.50,-0.0689,0.1461,2.2120,126.0,0.09,0.000,0.000,WAYPOINT
2026-08-17T14:25:56.716783,37.8648901,32.4838125,1024.56,-0.0691,0.1400,2.2068,126.0,0.09,0.000,0.000,WAYPOINT
2026-08-17T14:25:57.716903,37.8648906,32.4838118,1024.54,-0.0687,0.1406,2.2034,126.0,0.09,0.000,0.000,WAYPOINT
2026-08-17T14:25:58.716766,37.8648910,32.4838107,1024.58,-0.0661,0.1463,2.2016,126.0,0.10,0.000,0.000,WAYPOINT
2026-08-17T14:25:59.716784,37.8648913,32.4838097,1024.60,-0.0668,0.1500,2.2013,126.0,0.11,0.000,-0.900,WAYPOINT
2026-08-17T14:26:00.716803,37.8648907,32.4838086,1024.56,-0.0701,0.1431,2.2021,126.0,0.10,0.000,-0.900,WAYPOINT
2026-08-17T14:26:01.716739,37.8648903,32.4838086,1024.58,-0.0721,0.1348,2.2075,126.0,0.08,0.000,-0.900,WAYPOINT
2026-08-17T14:26:02.716738,37.8648903,32.4838092,1024.53,-0.0712,0.1622,2.0954,120.0,0.12,0.000,0.000,WAYPOINT
2026-08-17T14:26:03.716750,37.8648903,32.4838105,1024.53,-0.0419,0.1602,1.7713,101.0,0.27,0.000,0.000,WAYPOINT
2026-08-17T14:26:04.716754,37.8648915,32.4838142,1024.45,-0.0596,0.1530,1.5829,90.0,0.38,0.000,0.000,WAYPOINT
2026-08-17T14:26:05.716729,37.8648923,32.4838192,1024.48,-0.0792,0.1248,1.7237,98.0,0.50,0.850,0.000,WAYPOINT
2026-08-17T14:26:06.716731,37.8648929,32.4838236,1024.45,-0.0898,0.1391,1.8240,104.0,0.39,0.000,0.000,WAYPOINT
2026-08-17T14:26:07.716840,37.8648922,32.4838276,1024.47,-0.0785,0.1369,1.9362,110.0,0.30,0.000,0.000,WAYPOINT
2026-08-17T14:26:08.717024,37.8648918,32.4838313,1024.53,-0.0752,0.1689,1.9368,110.0,0.36,0.000,0.000,WAYPOINT
2026-08-17T14:26:09.716741,37.8648913,32.4838357,1024.55,-0.0760,0.1421,1.8698,107.0,0.34,0.000,0.000,WAYPOINT
2026-08-17T14:26:10.716751,37.8648910,32.4838384,1024.46,-0.0701,0.1504,1.8430,105.0,0.32,0.000,0.000,WAYPOINT
2026-08-17T14:26:11.716727,37.8648905,32.4838447,1024.43,-0.0624,0.1677,1.7788,101.0,0.57,0.000,0.000,WAYPOINT
2026-08-17T14:26:12.717276,37.8648906,32.4838518,1024.47,-0.0611,0.1769,1.6876,96.0,0.62,0.000,0.000,WAYPOINT
2026-08-17T14:26:13.716714,37.8648911,32.4838593,1024.44,-0.0652,0.1466,1.6340,93.0,0.56,0.000,0.000,WAYPOINT
2026-08-17T14:26:14.716703,37.8648914,32.4838628,1024.40,-0.0779,0.1726,1.6874,96.0,0.40,0.000,0.900,WAYPOINT
2026-08-17T14:26:15.716929,37.8648914,32.4838684,1024.37,-0.0679,0.1664,1.7594,100.0,0.57,0.000,-0.900,WAYPOINT
2026-08-17T14:26:16.717094,37.8648915,32.4838754,1024.37,-0.0705,0.1631,1.7848,102.0,0.50,0.850,0.000,WAYPOINT
2026-08-17T14:26:17.717118,37.8648913,32.4838823,1024.40,-0.0694,0.1580,1.7609,100.0,0.78,0.000,0.000,WAYPOINT
2026-08-17T14:26:18.716715,37.8648912,32.4838914,1024.42,-0.0720,0.1211,1.7709,101.0,0.65,0.000,0.000,WAYPOINT
2026-08-17T14:26:19.717059,37.8648913,32.4838979,1024.49,-0.0701,0.1411,1.7926,102.0,0.50,0.000,0.000,WAYPOINT
2026-08-17T14:26:20.717374,37.8648908,32.4839030,1024.50,-0.0667,0.1336,1.8142,103.0,0.42,0.000,0.000,WAYPOINT
2026-08-17T14:26:21.719287,37.8648904,32.4839077,1024.48,-0.0669,0.1291,1.8304,104.0,0.37,0.000,0.000,WAYPOINT
2026-08-17T14:26:22.716742,37.8648900,32.4839117,1024.46,-0.0672,0.1288,1.8454,105.0,0.33,0.000,0.000,WAYPOINT
2026-08-17T14:26:23.716671,37.8648896,32.4839145,1024.48,-0.0673,0.1321,1.8632,106.0,0.29,0.000,0.000,WAYPOINT
2026-08-17T14:26:24.716780,37.8648890,32.4839174,1024.53,-0.0678,0.1405,1.8765,107.0,0.27,0.000,0.000,WAYPOINT
2026-08-17T14:26:25.716704,37.8648880,32.4839207,1024.53,-0.0675,0.1389,1.8907,108.0,0.28,0.000,0.000,WAYPOINT
2026-08-17T14:26:26.716748,37.8648878,32.4839238,1024.55,-0.0678,0.1334,1.9019,108.0,0.28,0.000,0.000,WAYPOINT
2026-08-17T14:26:27.717105,37.8648878,32.4839263,1024.52,-0.0698,0.1432,1.9056,109.0,0.24,0.000,0.000,WAYPOINT
2026-08-17T14:26:28.716753,37.8648876,32.4839287,1024.50,-0.0695,0.1518,1.9063,109.0,0.23,0.000,0.900,WAYPOINT
2026-08-17T14:26:29.717025,37.8648873,32.4839307,1024.50,-0.0714,0.1515,1.9042,109.0,0.21,0.000,0.900,WAYPOINT
2026-08-17T14:26:30.717221,37.8648866,32.4839330,1024.54,-0.0681,0.1507,1.8989,108.0,0.19,0.000,0.900,WAYPOINT
2026-08-17T14:26:31.717090,37.8648861,32.4839342,1024.57,-0.0757,0.1563,1.9607,112.0,0.07,-0.550,-0.900,WAYPOINT
2026-08-17T14:26:32.716756,37.8648869,32.4839335,1024.48,-0.0819,0.1657,2.3237,133.0,0.13,0.000,0.000,IDLE
2026-08-17T14:26:33.716808,37.8648889,32.4839343,1024.43,-0.0851,0.1534,2.7455,157.0,0.14,0.000,0.000,IDLE
2026-08-17T14:26:34.716728,37.8648905,32.4839362,1024.45,-0.0768,0.1487,3.0024,172.0,0.18,0.000,0.000,IDLE
2026-08-17T14:26:35.720132,37.8648917,32.4839370,1024.48,-0.0707,0.1413,-3.1334,180.0,0.16,0.000,0.000,IDLE
2026-08-17T14:26:36.716874,37.8648922,32.4839384,1024.51,-0.0821,0.1387,-3.0467,185.0,0.12,0.000,0.000,IDLE
2026-08-17T14:26:37.716866,37.8648933,32.4839393,1024.54,-0.0695,0.1388,-2.9850,188.0,0.10,0.000,0.000,IDLE
2026-08-17T14:26:38.716905,37.8648946,32.4839385,1024.51,-0.0615,0.1552,-2.7696,201.0,0.20,0.000,0.000,IDLE
2026-08-17T14:26:39.716731,37.8648944,32.4839369,1024.45,-0.0673,0.1278,-2.3630,224.0,0.19,0.000,0.000,IDLE
2026-08-17T14:26:40.716938,37.8648939,32.4839371,1024.44,-0.0708,0.1361,-2.1711,235.0,0.11,0.000,0.000,IDLE
2026-08-17T14:26:41.716694,37.8648935,32.4839366,1024.45,-0.0691,0.1356,-2.0164,244.0,0.10,0.000,0.000,IDLE
2026-08-17T14:26:42.716761,37.8648949,32.4839368,1024.41,-0.0696,0.1321,-1.6493,265.0,0.08,0.000,0.000,IDLE
2026-08-17T14:26:43.717669,37.8648947,32.4839367,1024.38,-0.0674,0.1301,-1.4222,278.0,0.01,0.000,0.000,IDLE
2026-08-17T14:26:44.720091,37.8648945,32.4839365,1024.36,-0.0679,0.1315,-1.2827,286.0,0.04,0.000,0.000,IDLE
2026-08-17T14:26:45.716705,37.8648948,32.4839363,1024.35,-0.0699,0.1355,-1.1799,292.0,0.06,0.000,0.000,IDLE
2026-08-17T14:26:46.716975,37.8648951,32.4839363,1024.40,-0.0720,0.1396,-1.1044,296.0,0.07,0.000,0.000,IDLE
2026-08-17T14:26:47.716981,37.8648961,32.4839364,1024.51,-0.0703,0.1364,-1.0487,299.0,0.08,0.000,0.000,IDLE
2026-08-17T14:26:48.718775,37.8648969,32.4839366,1024.53,-0.0706,0.1318,-1.0103,302.0,0.07,0.000,0.000,IDLE
2026-08-17T14:26:49.716853,37.8648969,32.4839367,1024.54,-0.0752,0.1435,-1.1106,296.0,0.06,0.000,0.000,IDLE
2026-08-17T14:26:50.716754,37.8648972,32.4839369,1024.51,-0.0623,0.1457,-1.3151,284.0,0.04,0.000,0.000,IDLE
2026-08-17T14:26:51.717151,37.8648968,32.4839380,1024.54,-0.0736,0.1390,-1.4619,276.0,0.02,0.000,0.000,IDLE
2026-08-17T14:26:52.717141,37.8648970,32.4839383,1024.48,-0.0680,0.1400,-1.4736,275.0,0.04,0.000,0.000,IDLE
2026-08-17T14:26:53.716958,37.8648966,32.4839381,1024.49,-0.0760,0.1410,-1.4881,274.0,0.03,0.000,0.000,IDLE
2026-08-17T14:26:54.716840,37.8648960,32.4839377,1024.49,-0.0764,0.1388,-1.5120,273.0,0.07,0.000,0.000,WAYPOINT
2026-08-17T14:26:55.716833,37.8648949,32.4839379,1024.48,-0.0814,0.1415,-1.5099,273.0,0.07,0.000,0.000,WAYPOINT
2026-08-17T14:26:56.716714,37.8648943,32.4839384,1024.45,-0.0819,0.1238,-1.4987,274.0,0.11,0.000,0.000,WAYPOINT
2026-08-17T14:26:57.716757,37.8648941,32.4839388,1024.46,-0.0739,0.1335,-1.4654,276.0,0.08,0.000,0.000,WAYPOINT
2026-08-17T14:26:58.720273,37.8648937,32.4839383,1024.51,-0.0728,0.1307,-1.4336,277.0,0.13,0.000,0.000,WAYPOINT
2026-08-17T14:26:59.716770,37.8648930,32.4839378,1024.49,-0.0728,0.1321,-1.4500,276.0,0.15,0.000,0.000,WAYPOINT
2026-08-17T14:27:00.716818,37.8648924,32.4839376,1024.52,-0.0774,0.1197,-1.4657,276.0,0.14,0.000,0.000,WAYPOINT
2026-08-17T14:27:01.716678,37.8648915,32.4839384,1024.52,-0.0759,0.1315,-1.5159,273.0,0.18,0.000,0.000,WAYPOINT
2026-08-17T14:27:02.716681,37.8648911,32.4839390,1024.47,-0.0850,0.1412,-1.5623,270.0,0.12,0.000,0.000,WAYPOINT
2026-08-17T14:27:03.716777,37.8648917,32.4839396,1024.50,-0.0674,0.1476,-1.5989,268.0,0.10,0.000,0.000,WAYPOINT
2026-08-17T14:27:04.716691,37.8648920,32.4839402,1024.48,-0.0744,0.1496,-1.6174,267.0,0.05,0.000,0.000,WAYPOINT
2026-08-17T14:27:05.716797,37.8648920,32.4839399,1024.51,-0.0732,0.1332,-1.5507,271.0,0.09,0.000,0.000,WAYPOINT
2026-08-17T14:27:06.716786,37.8648914,32.4839399,1024.48,-0.0500,0.1418,-1.5782,269.0,0.08,0.000,0.000,WAYPOINT
2026-08-17T14:27:07.716798,37.8648912,32.4839409,1024.48,-0.0446,0.1482,-1.5870,269.0,0.22,0.000,0.000,WAYPOINT
2026-08-17T14:27:08.716897,37.8648914,32.4839424,1024.42,-0.0407,0.1268,-1.5009,274.0,0.08,0.000,0.900,WAYPOINT
2026-08-17T14:27:09.717249,37.8648925,32.4839416,1024.40,-0.0878,0.1410,-1.5960,268.0,0.06,0.000,0.000,WAYPOINT
2026-08-17T14:27:10.716722,37.8648938,32.4839407,1024.39,-0.0738,0.1477,-1.6424,265.0,0.07,0.000,0.000,WAYPOINT
2026-08-17T14:27:11.716858,37.8648934,32.4839411,1024.44,-0.0407,0.1330,-1.6028,268.0,0.14,0.000,0.000,WAYPOINT
2026-08-17T14:27:12.716860,37.8648940,32.4839421,1024.47,-0.0546,0.1194,-1.4806,275.0,0.13,0.000,0.900,WAYPOINT
2026-08-17T14:27:13.716774,37.8648949,32.4839423,1024.49,-0.0432,0.1182,-1.4885,274.0,0.06,0.000,0.900,WAYPOINT
2026-08-17T14:27:14.716722,37.8648956,32.4839424,1024.53,-0.0523,0.1096,-1.5707,270.0,0.09,0.850,0.000,WAYPOINT
2026-08-17T14:27:15.716706,37.8648967,32.4839423,1024.46,-0.0705,0.1110,-1.5916,268.0,0.12,0.000,0.000,WAYPOINT
2026-08-17T14:27:16.716825,37.8648968,32.4839423,1024.51,-0.0701,0.1057,-1.5687,270.0,0.11,0.850,0.000,WAYPOINT
2026-08-17T14:27:17.716795,37.8648971,32.4839422,1024.43,-0.0691,0.1002,-1.5497,271.0,0.10,0.000,0.900,WAYPOINT
2026-08-17T14:27:18.717039,37.8648980,32.4839427,1024.43,-0.0699,0.1034,-1.5542,270.0,0.10,0.000,0.900,WAYPOINT
2026-08-17T14:27:19.716719,37.8648981,32.4839435,1024.44,-0.0742,0.1196,-1.5879,269.0,0.09,0.850,0.000,WAYPOINT
2026-08-17T14:27:20.716914,37.8648983,32.4839434,1024.43,-0.0710,0.1104,-1.5703,270.0,0.10,0.000,0.900,WAYPOINT
2026-08-17T14:27:21.716942,37.8648989,32.4839434,1024.43,-0.0746,0.1063,-1.5735,269.0,0.07,0.000,0.900,WAYPOINT
2026-08-17T14:27:22.716706,37.8648987,32.4839427,1024.38,-0.0774,0.0935,-1.5687,270.0,0.04,0.000,0.900,WAYPOINT
2026-08-17T14:27:23.716712,37.8648990,32.4839428,1024.45,-0.0634,0.0839,-1.5751,269.0,0.02,0.000,0.900,WAYPOINT
2026-08-17T14:27:24.717296,37.8648981,32.4839425,1024.45,-0.0644,0.0718,-1.5764,269.0,0.02,0.000,0.900,WAYPOINT
2026-08-17T14:27:25.716705,37.8648978,32.4839425,1024.45,-0.0591,0.1031,-1.5871,269.0,0.02,0.000,0.900,WAYPOINT
2026-08-17T14:27:26.716743,37.8648967,32.4839425,1024.46,-0.0747,0.0858,-1.5678,270.0,0.07,0.000,0.900,WAYPOINT
2026-08-17T14:27:27.716705,37.8648962,32.4839425,1024.48,-0.0790,0.0761,-1.5425,271.0,0.07,0.000,0.900,WAYPOINT
2026-08-17T14:27:28.716852,37.8648951,32.4839425,1024.48,-0.0806,0.0875,-1.5697,270.0,0.10,0.000,0.900,WAYPOINT
2026-08-17T14:27:29.716821,37.8648941,32.4839422,1024.45,-0.0821,0.0793,-1.5738,269.0,0.11,0.000,0.900,WAYPOINT
2026-08-17T14:27:30.716842,37.8648940,32.4839424,1024.43,-0.0692,0.0873,-1.5996,268.0,0.12,0.000,0.900,WAYPOINT
2026-08-17T14:27:31.716684,37.8648945,32.4839420,1024.34,-0.0872,0.0836,-1.6198,267.0,0.03,0.000,0.000,WAYPOINT
2026-08-17T14:27:32.716714,37.8648943,32.4839429,1024.40,-0.1013,0.0691,-1.5473,271.0,0.08,0.000,0.900,WAYPOINT
2026-08-17T14:27:33.717188,37.8648956,32.4839436,1024.42,-0.0733,0.0936,-1.5216,272.0,0.05,0.000,0.900,WAYPOINT
2026-08-17T14:27:34.716717,37.8648961,32.4839434,1024.42,-0.0765,0.1046,-1.5143,273.0,0.06,0.000,0.900,WAYPOINT
2026-08-17T14:27:35.716844,37.8648958,32.4839435,1024.47,-0.0838,0.0919,-1.5157,273.0,0.03,0.000,0.900,WAYPOINT
2026-08-17T14:27:36.716810,37.8648957,32.4839432,1024.46,-0.0754,0.0948,-1.5426,271.0,0.03,0.000,0.900,WAYPOINT
2026-08-17T14:27:37.717021,37.8648966,32.4839426,1024.47,-0.0905,0.0999,-1.5790,269.0,0.07,0.000,0.900,WAYPOINT
2026-08-17T14:27:38.716738,37.8648985,32.4839422,1024.49,-0.0847,0.1057,-1.5884,269.0,0.11,0.000,0.900,WAYPOINT
2026-08-17T14:27:39.716683,37.8648985,32.4839422,1024.49,-0.1008,0.0876,-1.5558,270.0,0.15,0.000,0.900,WAYPOINT
2026-08-17T14:27:40.717275,37.8649007,32.4839427,1024.45,-0.0758,0.1288,-1.4882,274.0,0.15,0.000,0.900,WAYPOINT
2026-08-17T14:27:41.716856,37.8649007,32.4839427,1024.45,-0.0828,0.1488,-1.5611,270.0,0.08,0.000,0.900,WAYPOINT
2026-08-17T14:27:42.716923,37.8649015,32.4839417,1024.54,-0.0680,0.1259,-1.6000,268.0,0.13,0.000,0.900,WAYPOINT
2026-08-17T14:27:43.716739,37.8649015,32.4839417,1024.54,-0.0746,0.1217,-1.5522,271.0,0.06,0.000,0.900,WAYPOINT
2026-08-17T14:27:44.716756,37.8649006,32.4839431,1024.56,-0.0750,0.1273,-1.5021,273.0,0.05,0.000,0.900,WAYPOINT
2026-08-17T14:27:45.716768,37.8649006,32.4839431,1024.56,-0.0913,0.0983,-1.4570,276.0,0.02,0.000,0.900,WAYPOINT
2026-08-17T14:27:46.716857,37.8648998,32.4839432,1024.50,-0.0990,0.0923,-1.4211,278.0,0.04,0.000,0.900,WAYPOINT
2026-08-17T14:27:47.716848,37.8648998,32.4839432,1024.50,-0.1023,0.0985,-1.4643,276.0,0.07,0.000,0.900,WAYPOINT
2026-08-17T14:27:48.716726,37.8649001,32.4839416,1024.49,-0.0823,0.1275,-1.4632,276.0,0.06,0.000,0.900,WAYPOINT
2026-08-17T14:27:49.716696,37.8649001,32.4839416,1024.49,-0.0811,0.0885,-1.4453,277.0,0.11,0.000,0.900,WAYPOINT
2026-08-17T14:27:50.716715,37.8648999,32.4839401,1024.50,-0.0800,0.0901,-1.4924,274.0,0.08,0.000,0.900,WAYPOINT
2026-08-17T14:27:51.717201,37.8648999,32.4839401,1024.50,-0.0925,0.0944,-1.5275,272.0,0.01,0.000,0.900,WAYPOINT
2026-08-17T14:27:52.716744,37.8649003,32.4839413,1024.44,-0.0816,0.0925,-1.4925,274.0,0.03,0.000,0.000,WAYPOINT
2026-08-17T14:27:53.717176,37.8649003,32.4839413,1024.44,-0.0981,0.1145,-1.4555,276.0,0.05,0.000,0.000,WAYPOINT
2026-08-17T14:27:54.716721,37.8649005,32.4839409,1024.45,-0.0909,0.0960,-1.4794,275.0,0.04,0.000,0.000,WAYPOINT
2026-08-17T14:27:55.717017,37.8649005,32.4839409,1024.45,-0.1048,0.1005,-1.4910,274.0,0.03,0.000,0.000,WAYPOINT
2026-08-17T14:27:56.716808,37.8649005,32.4839414,1024.45,-0.0748,0.1530,-1.4984,274.0,0.04,0.000,0.000,WAYPOINT
2026-08-17T14:27:57.716728,37.8648997,32.4839407,1024.50,-0.0671,0.1458,-1.4908,274.0,0.08,0.000,0.000,WAYPOINT
2026-08-17T14:27:58.716729,37.8648997,32.4839407,1024.50,-0.0587,0.1557,-1.5314,272.0,0.04,0.000,0.000,WAYPOINT
2026-08-17T14:27:59.716712,37.8649002,32.4839400,1024.50,-0.0684,0.1731,-1.6111,267.0,0.02,0.000,0.000,WAYPOINT
2026-08-17T14:28:00.716691,37.8649006,32.4839398,1024.53,-0.0733,0.1622,-1.6497,265.0,0.01,0.000,0.000,WAYPOINT
2026-08-17T14:28:01.716664,37.8649007,32.4839395,1024.57,-0.0776,0.1665,-1.6505,265.0,0.05,0.000,0.000,WAYPOINT
2026-08-17T14:28:02.716775,37.8649007,32.4839395,1024.57,-0.0719,0.1628,-1.6329,266.0,0.07,0.000,0.000,WAYPOINT
2026-08-17T14:28:03.719517,37.8649008,32.4839403,1024.60,-0.0498,0.0939,-1.5973,268.0,0.03,0.000,0.000,WAYPOINT
2026-08-17T14:28:04.716760,37.8649008,32.4839403,1024.60,-0.0576,0.1111,-1.5922,268.0,0.05,0.000,0.000,WAYPOINT
2026-08-17T14:28:05.716749,37.8649008,32.4839410,1024.64,-0.0608,0.1373,-1.5897,268.0,0.05,0.000,0.000,WAYPOINT
2026-08-17T14:28:06.716605,37.8649009,32.4839411,1024.65,-0.0625,0.1648,-1.5910,268.0,0.07,0.000,0.000,WAYPOINT
2026-08-17T14:28:07.716691,37.8649009,32.4839411,1024.65,-0.0689,0.1489,-1.5986,268.0,0.06,0.000,0.000,WAYPOINT
2026-08-17T14:28:08.717039,37.8649019,32.4839415,1024.62,-0.0717,0.1489,-1.6139,267.0,0.05,0.000,0.000,WAYPOINT
2026-08-17T14:28:09.716741,37.8649022,32.4839413,1024.61,-0.0732,0.1452,-1.6156,267.0,0.05,0.000,0.000,WAYPOINT
2026-08-17T14:28:10.716679,37.8649022,32.4839413,1024.61,-0.0743,0.1473,-1.6335,266.0,0.02,0.000,0.000,WAYPOINT
2026-08-17T14:28:11.716770,37.8649028,32.4839398,1024.58,-0.0769,0.1340,-1.6767,263.0,0.03,0.000,0.000,WAYPOINT
2026-08-17T14:28:12.716757,37.8649030,32.4839398,1024.58,-0.0700,0.1449,-1.6827,263.0,0.04,0.000,0.000,WAYPOINT
2026-08-17T14:28:13.716760,37.8649030,32.4839402,1024.53,-0.0739,0.1409,-1.7411,260.0,0.04,0.000,0.000,WAYPOINT
2026-08-17T14:28:14.716705,37.8649029,32.4839405,1024.48,-0.0652,0.1438,-1.7783,258.0,0.03,0.000,0.000,WAYPOINT
2026-08-17T14:28:15.716762,37.8649028,32.4839405,1024.46,-0.0716,0.1422,-1.8208,255.0,0.02,0.000,0.000,WAYPOINT
2026-08-17T14:28:16.716797,37.8649024,32.4839407,1024.49,-0.0712,0.1413,-1.8614,253.0,0.03,0.000,0.000,WAYPOINT
2026-08-17T14:28:17.716683,37.8649025,32.4839405,1024.50,-0.0718,0.1403,-1.9038,250.0,0.02,0.000,0.000,WAYPOINT
2026-08-17T14:28:18.718949,37.8649024,32.4839409,1024.50,-0.0718,0.1401,-1.9459,248.0,0.03,0.000,0.000,WAYPOINT
2026-08-17T14:28:19.716736,37.8649026,32.4839415,1024.46,-0.0643,0.1416,-1.9931,245.0,0.04,0.000,0.000,WAYPOINT
2026-08-17T14:28:20.716756,37.8649024,32.4839421,1024.46,-0.0720,0.1416,-2.0454,242.0,0.07,0.000,0.000,WAYPOINT
2026-08-17T14:28:21.717098,37.8649021,32.4839425,1024.45,-0.0721,0.1442,-2.1052,239.0,0.08,0.000,0.000,WAYPOINT
2026-08-17T14:28:22.716738,37.8649021,32.4839428,1024.39,-0.0745,0.1441,-2.1760,235.0,0.07,0.000,0.000,WAYPOINT
2026-08-17T14:28:23.716683,37.8649014,32.4839422,1024.46,-0.0665,0.1418,-2.2504,231.0,0.06,0.000,0.000,WAYPOINT
2026-08-17T14:28:24.716890,37.8649008,32.4839424,1024.47,-0.0718,0.1380,-2.3340,226.0,0.08,0.000,0.000,WAYPOINT
2026-08-17T14:28:25.716680,37.8649006,32.4839424,1024.44,-0.0676,0.1387,-2.4171,221.0,0.07,0.000,0.000,WAYPOINT
2026-08-17T14:28:26.717073,37.8648993,32.4839424,1024.45,-0.0746,0.1380,-2.4936,217.0,0.09,0.000,0.000,WAYPOINT
2026-08-17T14:28:27.716731,37.8648986,32.4839423,1024.46,-0.0639,0.1442,-2.5551,213.0,0.08,0.000,0.000,WAYPOINT
2026-08-17T14:28:28.716776,37.8648979,32.4839419,1024.44,-0.0696,0.1425,-2.6053,210.0,0.07,0.000,0.000,WAYPOINT
2026-08-17T14:28:29.716927,37.8648975,32.4839420,1024.49,-0.0681,0.1415,-2.6414,208.0,0.06,0.000,0.000,WAYPOINT
2026-08-17T14:28:30.716723,37.8648970,32.4839427,1024.47,-0.0722,0.1395,-2.6677,207.0,0.05,0.000,0.000,WAYPOINT
2026-08-17T14:28:31.717296,37.8648964,32.4839439,1024.44,-0.0671,0.1386,-2.6930,205.0,0.08,0.000,0.000,WAYPOINT
2026-08-17T14:28:32.717195,37.8648957,32.4839445,1024.46,-0.0709,0.1397,-2.7145,204.0,0.09,0.000,0.000,WAYPOINT
2026-08-17T14:28:33.716843,37.8648946,32.4839447,1024.44,-0.0704,0.1418,-2.7327,203.0,0.09,0.000,0.000,WAYPOINT
2026-08-17T14:28:34.716782,37.8648938,32.4839449,1024.51,-0.0705,0.1411,-2.7476,202.0,0.09,0.000,0.000,WAYPOINT
2026-08-17T14:28:35.717471,37.8648933,32.4839451,1024.46,-0.0705,0.1414,-2.7608,201.0,0.08,0.000,0.000,WAYPOINT
2026-08-17T14:28:36.717247,37.8648928,32.4839457,1024.47,-0.0676,0.1421,-2.7727,201.0,0.08,0.000,0.000,WAYPOINT
2026-08-17T14:28:37.716854,37.8648924,32.4839462,1024.45,-0.0711,0.1428,-2.7795,200.0,0.08,0.000,0.000,WAYPOINT
2026-08-17T14:28:38.716757,37.8648923,32.4839461,1024.46,-0.0667,0.1421,-2.7827,200.0,0.04,0.000,0.000,WAYPOINT
2026-08-17T14:28:39.716715,37.8648922,32.4839459,1024.49,-0.0706,0.1401,-2.7848,200.0,0.02,0.000,0.000,WAYPOINT
2026-08-17T14:28:40.716754,37.8648915,32.4839458,1024.47,-0.0675,0.1413,-2.7877,200.0,0.02,0.000,0.000,WAYPOINT
2026-08-17T14:28:41.719271,37.8648913,32.4839462,1024.47,-0.0700,0.1434,-2.7882,200.0,0.03,0.000,0.000,WAYPOINT
2026-08-17T14:28:42.716960,37.8648906,32.4839468,1024.44,-0.0679,0.1431,-2.7843,200.0,0.05,0.000,0.000,WAYPOINT
2026-08-17T14:28:43.717079,37.8648900,32.4839471,1024.44,-0.0695,0.1416,-2.7785,200.0,0.05,0.000,0.000,WAYPOINT
2026-08-17T14:28:44.719178,37.8648896,32.4839473,1024.46,-0.0711,0.1401,-2.7696,201.0,0.05,0.000,0.000,WAYPOINT
2026-08-17T14:28:45.716771,37.8648895,32.4839481,1024.43,-0.0703,0.1411,-2.7605,201.0,0.06,0.000,0.000,WAYPOINT
2026-08-17T14:28:46.717052,37.8648891,32.4839485,1024.45,-0.0702,0.1410,-2.7500,202.0,0.06,0.000,0.000,WAYPOINT
2026-08-17T14:28:47.716783,37.8648888,32.4839486,1024.52,-0.0683,0.1412,-2.7387,203.0,0.05,0.000,0.000,WAYPOINT
2026-08-17T14:28:48.719968,37.8648886,32.4839489,1024.49,-0.0689,0.1414,-2.7284,203.0,0.04,0.000,0.000,WAYPOINT
2026-08-17T14:28:49.716761,37.8648877,32.4839489,1024.43,-0.0679,0.1408,-2.7194,204.0,0.04,0.000,0.000,WAYPOINT
2026-08-17T14:28:50.716905,37.8648877,32.4839494,1024.48,-0.0680,0.1406,-2.7115,204.0,0.03,0.000,0.000,WAYPOINT
2026-08-17T14:28:51.717004,37.8648867,32.4839493,1024.54,-0.0684,0.1401,-2.7045,205.0,0.04,0.000,0.000,WAYPOINT
2026-08-17T14:28:52.716838,37.8648860,32.4839498,1024.54,-0.0686,0.1402,-2.6985,205.0,0.06,0.000,0.000,WAYPOINT
2026-08-17T14:28:53.716794,37.8648853,32.4839502,1024.54,-0.0688,0.1399,-2.6924,205.0,0.07,0.000,0.000,WAYPOINT
2026-08-17T14:28:54.716705,37.8648848,32.4839502,1024.55,-0.0681,0.1399,-2.6849,206.0,0.06,0.000,0.000,WAYPOINT
2026-08-17T14:28:55.716997,37.8648844,32.4839500,1024.57,-0.0689,0.1406,-2.6753,206.0,0.05,0.000,0.000,WAYPOINT
2026-08-17T14:28:56.716773,37.8648842,32.4839502,1024.63,-0.0680,0.1405,-2.6604,207.0,0.04,0.000,0.000,WAYPOINT
2026-08-17T14:28:57.716798,37.8648849,32.4839492,1024.60,-0.0462,0.1213,-2.4772,218.0,0.36,0.000,0.000,WAYPOINT
2026-08-17T14:28:58.716702,37.8648856,32.4839489,1024.56,-0.0582,0.1251,-2.0562,242.0,0.14,0.000,0.000,WAYPOINT
2026-08-17T14:28:59.717266,37.8648851,32.4839490,1024.52,-0.0646,0.1274,-1.8878,251.0,0.06,0.000,0.000,WAYPOINT
2026-08-17T14:29:00.716809,37.8648849,32.4839488,1024.48,-0.0650,0.1345,-1.8025,256.0,0.07,0.000,0.000,WAYPOINT
2026-08-17T14:29:01.716707,37.8648854,32.4839481,1024.49,-0.0661,0.1402,-1.7484,259.0,0.07,0.000,0.000,WAYPOINT
2026-08-17T14:29:02.716723,37.8648854,32.4839483,1024.48,-0.0671,0.1425,-1.7077,262.0,0.05,0.000,0.000,WAYPOINT
2026-08-17T14:29:03.717001,37.8648854,32.4839478,1024.55,-0.0685,0.1423,-1.6728,264.0,0.06,0.000,0.000,WAYPOINT
2026-08-17T14:29:04.716716,37.8648854,32.4839465,1024.57,-0.0688,0.1402,-1.6422,265.0,0.09,0.000,0.000,WAYPOINT
2026-08-17T14:29:05.716669,37.8648858,32.4839462,1024.55,-0.0684,0.1392,-1.6141,267.0,0.08,0.000,0.000,WAYPOINT
2026-08-17T14:29:06.716697,37.8648862,32.4839460,1024.51,-0.0673,0.1390,-1.5873,269.0,0.08,0.000,0.000,WAYPOINT
2026-08-17T14:29:07.717013,37.8648863,32.4839458,1024.49,-0.0682,0.1392,-1.5613,270.0,0.07,0.000,0.000,WAYPOINT
2026-08-17T14:29:08.716680,37.8648868,32.4839455,1024.49,-0.0680,0.1394,-1.5381,271.0,0.08,0.000,0.000,WAYPOINT
2026-08-17T14:29:09.716728,37.8648869,32.4839448,1024.44,-0.0683,0.1399,-1.5171,273.0,0.07,0.000,0.000,WAYPOINT
2026-08-17T14:29:10.717894,37.8648869,32.4839449,1024.47,-0.0684,0.1419,-1.5004,274.0,0.05,0.000,0.000,WAYPOINT
2026-08-17T14:29:11.716871,37.8648868,32.4839441,1024.48,-0.0686,0.1419,-1.4871,274.0,0.04,0.000,0.000,WAYPOINT
2026-08-17T14:29:12.716775,37.8648872,32.4839442,1024.47,-0.0683,0.1428,-1.4802,275.0,0.03,0.000,0.000,WAYPOINT
2026-08-17T14:29:13.716761,37.8648871,32.4839438,1024.49,-0.0692,0.1416,-1.4809,275.0,0.02,0.000,0.000,WAYPOINT
2026-08-17T14:29:14.716829,37.8648873,32.4839436,1024.46,-0.0692,0.1417,-1.4867,274.0,0.01,0.000,0.000,WAYPOINT
2026-08-17T14:29:15.716910,37.8648876,32.4839441,1024.44,-0.0689,0.1420,-1.4962,274.0,0.03,0.000,0.000,WAYPOINT
2026-08-17T14:29:16.716788,37.8648878,32.4839442,1024.42,-0.0690,0.1421,-1.5075,273.0,0.04,0.000,0.000,WAYPOINT
2026-08-17T14:29:17.716847,37.8648879,32.4839437,1024.44,-0.0686,0.1417,-1.5181,273.0,0.02,0.000,0.000,WAYPOINT
2026-08-17T14:29:18.716719,37.8648884,32.4839435,1024.46,-0.0689,0.1416,-1.5289,272.0,0.03,0.000,0.000,WAYPOINT
2026-08-17T14:29:19.716830,37.8648883,32.4839429,1024.50,-0.0689,0.1412,-1.5389,271.0,0.02,0.000,0.000,WAYPOINT
2026-08-17T14:29:20.717025,37.8648881,32.4839422,1024.47,-0.0691,0.1407,-1.5502,271.0,0.03,0.000,0.000,WAYPOINT
2026-08-17T14:29:21.718972,37.8648876,32.4839417,1024.49,-0.0693,0.1411,-1.5663,270.0,0.04,0.000,0.000,WAYPOINT
2026-08-17T14:29:22.716861,37.8648873,32.4839415,1024.51,-0.0677,0.1413,-1.5891,268.0,0.05,0.000,0.000,WAYPOINT
2026-08-17T14:29:23.716696,37.8648870,32.4839413,1024.51,-0.0691,0.1417,-1.6198,267.0,0.06,0.000,0.000,WAYPOINT
2026-08-17T14:29:24.716703,37.8648865,32.4839410,1024.47,-0.0698,0.1418,-1.6565,265.0,0.07,0.000,0.000,WAYPOINT
2026-08-17T14:29:25.716738,37.8648859,32.4839408,1024.42,-0.0690,0.1418,-1.7042,262.0,0.07,0.000,0.000,WAYPOINT
2026-08-17T14:29:26.716853,37.8648852,32.4839407,1024.38,-0.0723,0.1435,-1.7627,259.0,0.08,0.000,0.000,WAYPOINT
2026-08-17T14:29:27.717030,37.8648845,32.4839407,1024.36,-0.0761,0.1414,-1.8244,255.0,0.09,0.000,0.000,WAYPOINT
2026-08-17T14:29:28.716813,37.8648872,32.4839369,1024.07,-0.0797,0.1407,-1.9481,248.0,0.00,0.000,0.000,WAYPOINT
2026-08-17T14:29:29.717218,37.8648872,32.4839369,1024.21,-0.0776,0.1423,-2.0051,245.0,0.00,0.000,0.000,WAYPOINT
2026-08-17T14:29:30.716814,37.8648878,32.4839412,1024.29,-0.0714,0.1413,-2.0209,244.0,0.06,0.000,0.000,WAYPOINT
2026-08-17T14:29:31.717098,37.8648874,32.4839410,1024.36,-0.0699,0.1401,-2.0878,240.0,0.02,0.000,0.000,WAYPOINT
2026-08-17T14:29:32.716886,37.8648875,32.4839408,1024.44,-0.0716,0.1422,-2.1489,236.0,0.02,0.000,0.000,WAYPOINT
2026-08-17T14:29:33.716849,37.8648874,32.4839412,1024.43,-0.0711,0.1422,-2.2065,233.0,0.04,0.000,0.000,WAYPOINT
2026-08-17T14:29:34.717070,37.8648879,32.4839404,1024.45,-0.0729,0.1411,-2.1895,234.0,0.16,0.000,0.000,WAYPOINT
2026-08-17T14:29:35.716820,37.8648870,32.4839362,1024.56,-0.0749,0.1451,-2.0245,244.0,0.35,0.000,0.000,WAYPOINT
2026-08-17T14:29:36.716840,37.8648860,32.4839331,1024.58,-0.0707,0.1408,-2.0030,245.0,0.29,0.000,0.000,WAYPOINT
2026-08-17T14:29:37.716793,37.8648852,32.4839309,1024.58,-0.0725,0.1392,-2.0118,244.0,0.25,0.000,0.000,WAYPOINT
2026-08-17T14:29:38.716821,37.8648843,32.4839289,1024.55,-0.0743,0.1409,-2.0380,243.0,0.23,0.000,0.000,WAYPOINT
2026-08-17T14:29:39.717035,37.8648836,32.4839280,1024.57,-0.0589,0.0934,-2.1233,238.0,0.11,0.000,0.000,WAYPOINT
2026-08-17T14:29:40.716744,37.8648847,32.4839300,1024.62,-0.0716,0.1658,-2.1948,234.0,0.23,0.000,0.000,WAYPOINT
2026-08-17T14:29:41.716722,37.8648848,32.4839310,1024.60,-0.0752,0.1274,-2.2318,232.0,0.16,0.000,0.000,WAYPOINT
2026-08-17T14:29:42.717216,37.8648843,32.4839308,1024.57,-0.0669,0.1258,-2.2349,231.0,0.03,0.000,0.000,WAYPOINT
2026-08-17T14:29:43.716742,37.8648837,32.4839301,1024.65,-0.0702,0.1306,-2.1154,238.0,0.06,0.000,0.000,WAYPOINT
2026-08-17T14:29:44.716884,37.8648834,32.4839308,1024.66,-0.0695,0.1389,-2.0328,243.0,0.06,0.000,0.000,WAYPOINT
2026-08-17T14:29:45.716808,37.8648840,32.4839317,1024.64,-0.0677,0.1448,-1.9769,246.0,0.03,0.000,0.000,WAYPOINT
2026-08-17T14:29:46.716740,37.8648841,32.4839329,1024.60,-0.0689,0.1450,-1.9411,248.0,0.07,0.000,0.000,WAYPOINT
2026-08-17T14:29:47.716866,37.8648845,32.4839333,1024.62,-0.0637,0.1461,-1.9247,249.0,0.07,0.000,0.000,WAYPOINT
2026-08-17T14:29:48.716654,37.8648851,32.4839340,1024.64,-0.0674,0.1438,-1.9219,249.0,0.08,0.000,0.000,WAYPOINT
2026-08-17T14:29:49.716771,37.8648847,32.4839340,1024.64,-0.0652,0.1418,-1.9330,249.0,0.06,0.000,0.000,WAYPOINT
2026-08-17T14:29:50.717057,37.8648848,32.4839345,1024.64,-0.0725,0.1353,-1.9510,248.0,0.06,0.000,0.000,WAYPOINT
2026-08-17T14:29:51.716781,37.8648846,32.4839346,1024.61,-0.0768,0.1436,-1.7985,256.0,0.08,0.000,0.000,WAYPOINT
2026-08-17T14:29:52.716813,37.8648841,32.4839319,1024.57,-0.0764,0.1488,-1.5191,272.0,0.35,0.000,0.000,WAYPOINT
2026-08-17T14:29:53.716753,37.8648846,32.4839277,1024.54,-0.0689,0.1365,-1.3553,282.0,0.48,0.000,0.000,WAYPOINT
2026-08-17T14:29:54.717007,37.8648860,32.4839212,1024.53,-0.0672,0.1316,-1.3072,285.0,0.59,0.000,0.000,WAYPOINT
2026-08-17T14:29:55.716761,37.8648880,32.4839152,1024.50,-0.0674,0.1299,-1.2951,285.0,0.62,0.000,0.000,WAYPOINT
2026-08-17T14:29:56.716690,37.8648897,32.4839094,1024.49,-0.0659,0.1297,-1.2998,285.0,0.62,0.000,0.000,WAYPOINT
2026-08-17T14:29:57.720035,37.8648909,32.4839032,1024.47,-0.0668,0.1284,-1.3145,284.0,0.61,0.000,0.000,WAYPOINT
2026-08-17T14:29:58.716770,37.8648924,32.4838969,1024.46,-0.0683,0.1303,-1.3339,283.0,0.60,0.000,0.000,WAYPOINT
2026-08-17T14:29:59.716752,37.8648940,32.4838902,1024.46,-0.0670,0.1287,-1.3538,282.0,0.61,0.000,0.000,WAYPOINT
2026-08-17T14:30:00.717154,37.8648951,32.4838837,1024.47,-0.0680,0.1284,-1.3674,281.0,0.60,0.000,0.000,WAYPOINT
2026-08-17T14:30:01.716677,37.8648968,32.4838767,1024.47,-0.0693,0.1312,-1.3721,281.0,0.61,0.000,0.000,WAYPOINT
2026-08-17T14:30:02.716685,37.8648981,32.4838705,1024.45,-0.0695,0.1289,-1.3694,281.0,0.60,0.000,0.000,WAYPOINT
2026-08-17T14:30:03.717105,37.8648996,32.4838643,1024.40,-0.0712,0.1311,-1.3445,282.0,0.58,0.000,0.000,WAYPOINT
2026-08-17T14:30:04.716732,37.8649019,32.4838582,1024.38,-0.0709,0.1305,-1.2997,285.0,0.59,0.000,0.000,WAYPOINT
2026-08-17T14:30:05.716775,37.8649046,32.4838521,1024.37,-0.0713,0.1310,-1.2324,289.0,0.61,0.000,0.000,WAYPOINT
2026-08-17T14:30:06.716734,37.8649076,32.4838458,1024.34,-0.0725,0.1298,-1.1269,295.0,0.63,0.000,0.000,WAYPOINT
2026-08-17T14:30:07.717066,37.8649115,32.4838397,1024.27,-0.0710,0.1274,-1.0076,302.0,0.66,0.000,0.000,WAYPOINT
2026-08-17T14:30:08.716731,37.8649155,32.4838345,1024.26,-0.0726,0.1292,-0.8847,309.0,0.66,0.000,0.000,WAYPOINT
2026-08-17T14:30:09.717112,37.8649203,32.4838302,1024.23,-0.0702,0.1256,-0.7558,316.0,0.64,0.000,0.000,WAYPOINT
2026-08-17T14:30:10.716673,37.8649254,32.4838266,1024.18,-0.0704,0.1271,-0.6689,321.0,0.62,0.000,0.000,WAYPOINT
2026-08-17T14:30:11.716835,37.8649310,32.4838231,1024.15,-0.0669,0.1284,-0.6353,323.0,0.63,0.000,0.000,WAYPOINT
2026-08-17T14:30:12.716766,37.8649358,32.4838195,1024.15,-0.0649,0.1404,-0.6701,321.0,0.55,0.000,0.000,WAYPOINT
2026-08-17T14:30:13.716910,37.8649396,32.4838168,1024.16,-0.0654,0.1636,-0.7354,317.0,0.38,0.000,0.000,WAYPOINT
2026-08-17T14:30:14.717098,37.8649427,32.4838143,1024.17,-0.0653,0.1598,-0.7882,314.0,0.23,0.000,0.000,WAYPOINT
2026-08-17T14:30:15.716606,37.8649440,32.4838129,1024.19,-0.0677,0.1637,-0.8277,312.0,0.07,0.000,0.000,WAYPOINT
2026-08-17T14:30:16.716863,37.8649440,32.4838131,1024.27,-0.0675,0.1709,-0.8354,312.0,0.09,0.000,0.000,WAYPOINT
2026-08-17T14:30:17.716732,37.8649431,32.4838140,1024.28,-0.0717,0.1365,-0.8219,312.0,0.14,0.000,0.000,WAYPOINT
2026-08-17T14:30:18.716747,37.8649416,32.4838148,1024.31,-0.0714,0.1387,-0.8089,313.0,0.15,0.000,0.000,WAYPOINT
2026-08-17T14:30:19.716714,37.8649409,32.4838157,1024.33,-0.0706,0.1409,-0.8027,314.0,0.14,0.000,0.000,WAYPOINT
2026-08-17T14:30:20.717068,37.8649409,32.4838161,1024.32,-0.0763,0.1397,-0.8003,314.0,0.11,0.000,0.000,WAYPOINT
2026-08-17T14:30:21.716886,37.8649393,32.4838185,1024.37,-0.0737,0.1453,-0.6323,323.0,0.35,0.000,0.000,WAYPOINT
2026-08-17T14:30:22.716769,37.8649362,32.4838195,1024.39,-0.0693,0.1618,-0.3356,340.0,0.31,0.000,0.000,WAYPOINT
2026-08-17T14:30:23.718129,37.8649336,32.4838195,1024.41,-0.0653,0.1608,0.0613,3.0,0.34,0.000,0.000,WAYPOINT
2026-08-17T14:30:24.716960,37.8649308,32.4838175,1024.47,-0.0647,0.1441,0.3714,21.0,0.41,0.000,0.000,WAYPOINT
2026-08-17T14:30:25.716774,37.8649291,32.4838160,1024.45,-0.0780,0.1075,0.4956,28.0,0.14,0.000,0.000,WAYPOINT
2026-08-17T14:30:26.717108,37.8649289,32.4838185,1024.49,-0.0741,0.1156,0.7018,40.0,0.13,0.000,0.000,WAYPOINT
2026-08-17T14:30:27.717296,37.8649285,32.4838198,1024.51,-0.1131,0.0970,0.8962,51.0,0.12,0.000,0.000,WAYPOINT
2026-08-17T14:30:28.717033,37.8649262,32.4838212,1024.51,-0.0858,0.1271,1.1558,66.0,0.29,0.000,0.000,WAYPOINT
2026-08-17T14:30:29.716871,37.8649257,32.4838248,1024.48,-0.0785,0.0990,1.1888,68.0,0.30,0.000,0.000,WAYPOINT
2026-08-17T14:30:30.720891,37.8649247,32.4838281,1024.45,-0.0674,0.0918,1.2870,73.0,0.24,0.000,0.000,WAYPOINT
2026-08-17T14:30:31.716925,37.8649228,32.4838302,1024.44,-0.0616,0.0696,1.3823,79.0,0.30,0.000,0.000,WAYPOINT
2026-08-17T14:30:32.716944,37.8649213,32.4838332,1024.36,-0.0586,0.1007,1.6095,92.0,0.31,0.000,0.000,WAYPOINT
2026-08-17T14:30:33.716732,37.8649206,32.4838358,1024.28,-0.0683,0.0755,1.4245,81.0,0.36,0.000,0.000,WAYPOINT
2026-08-17T14:30:34.717041,37.8649194,32.4838402,1024.28,-0.0891,0.0865,1.4683,84.0,0.32,0.000,0.000,WAYPOINT
2026-08-17T14:30:35.716737,37.8649180,32.4838421,1024.31,-0.0725,0.0510,1.3589,77.0,0.24,0.000,0.000,WAYPOINT
2026-08-17T14:30:36.716705,37.8649159,32.4838465,1024.39,-0.0738,0.0687,1.6004,91.0,0.45,0.000,0.000,WAYPOINT
2026-08-17T14:30:37.716668,37.8649141,32.4838508,1024.46,-0.0675,0.1346,1.7326,99.0,0.48,0.000,0.000,WAYPOINT
2026-08-17T14:30:38.716915,37.8649123,32.4838558,1024.44,-0.0664,0.1348,1.8195,104.0,0.47,0.000,0.000,WAYPOINT
2026-08-17T14:30:39.716700,37.8649106,32.4838607,1024.51,-0.0683,0.1458,1.8371,105.0,0.55,0.000,0.000,WAYPOINT
2026-08-17T14:30:40.717099,37.8649090,32.4838665,1024.50,-0.0716,0.1615,1.7904,102.0,0.53,0.000,0.000,WAYPOINT
2026-08-17T14:30:41.716680,37.8649078,32.4838720,1024.53,-0.0707,0.1407,1.7505,100.0,0.48,0.000,0.000,WAYPOINT
2026-08-17T14:30:42.716883,37.8649052,32.4838796,1024.55,-0.0675,0.1178,1.8356,105.0,0.78,0.000,0.000,WAYPOINT
2026-08-17T14:30:43.716889,37.8649025,32.4838871,1024.56,-0.0670,0.1239,1.8845,107.0,0.63,0.000,0.000,WAYPOINT
2026-08-17T14:30:44.716740,37.8649002,32.4838930,1024.56,-0.0682,0.1308,1.9207,110.0,0.52,0.000,0.000,WAYPOINT
2026-08-17T14:30:45.717001,37.8648982,32.4838982,1024.59,-0.0691,0.1431,1.9404,111.0,0.45,0.000,0.000,IDLE
2026-08-17T14:30:46.718335,37.8648966,32.4839026,1024.61,-0.0701,0.1466,1.9554,112.0,0.38,0.000,0.000,IDLE
2026-08-17T14:30:47.717009,37.8648952,32.4839061,1024.58,-0.0689,0.1390,1.9831,113.0,0.34,0.000,0.000,IDLE
2026-08-17T14:30:48.716999,37.8648938,32.4839097,1024.57,-0.0690,0.1262,2.0189,115.0,0.32,0.000,0.000,IDLE
2026-08-17T14:30:49.716826,37.8648928,32.4839126,1024.51,-0.0679,0.1239,2.0511,117.0,0.29,0.000,0.000,IDLE
2026-08-17T14:30:50.716672,37.8648915,32.4839148,1024.49,-0.0697,0.1250,2.0936,119.0,0.26,0.000,0.000,WAYPOINT
2026-08-17T14:30:51.720111,37.8648905,32.4839171,1024.57,-0.0679,0.1296,2.1356,122.0,0.25,0.000,0.000,WAYPOINT
2026-08-17T14:30:52.716750,37.8648893,32.4839195,1024.55,-0.0683,0.1371,2.1729,124.0,0.23,0.000,0.000,WAYPOINT
2026-08-17T14:30:53.716804,37.8648882,32.4839212,1024.60,-0.0679,0.1408,2.2110,126.0,0.21,0.000,0.000,WAYPOINT
2026-08-17T14:30:54.716759,37.8648875,32.4839233,1024.48,-0.0648,0.1418,2.2132,126.0,0.25,0.000,0.000,WAYPOINT
2026-08-17T14:30:55.716750,37.8648858,32.4839263,1024.40,-0.0673,0.1306,2.1241,121.0,0.28,0.000,0.000,WAYPOINT
2026-08-17T14:30:56.716812,37.8648848,32.4839288,1024.44,-0.0675,0.1314,2.0839,119.0,0.24,0.000,0.000,WAYPOINT
2026-08-17T14:30:57.716711,37.8648846,32.4839295,1024.38,-0.0682,0.1515,2.0745,118.0,0.00,0.000,0.000,WAYPOINT
2026-08-17T14:30:58.716747,37.8648847,32.4839290,1024.38,-0.0692,0.1529,2.0812,119.0,0.03,0.000,0.000,WAYPOINT
2026-08-17T14:30:59.717198,37.8648851,32.4839286,1024.47,-0.0669,0.1447,2.0895,119.0,0.05,0.000,0.000,WAYPOINT
2026-08-17T14:31:00.716724,37.8648849,32.4839289,1024.46,-0.0700,0.1411,2.0935,119.0,0.02,0.000,0.000,WAYPOINT
2026-08-17T14:31:01.716691,37.8648848,32.4839289,1024.48,-0.0693,0.1399,2.0931,119.0,0.01,0.000,0.000,WAYPOINT
2026-08-17T14:31:02.716835,37.8648850,32.4839281,1024.49,-0.0735,0.1417,2.0900,119.0,0.03,0.000,0.000,WAYPOINT
2026-08-17T14:31:03.716862,37.8648853,32.4839273,1024.49,-0.0728,0.1438,2.0843,119.0,0.05,0.000,0.000,WAYPOINT
2026-08-17T14:31:04.716767,37.8648851,32.4839261,1024.45,-0.0722,0.1414,2.0762,118.0,0.07,0.000,0.000,IDLE
2026-08-17T14:31:05.717111,37.8648853,32.4839250,1024.42,-0.0693,0.1425,2.0650,118.0,0.09,0.000,0.000,IDLE
2026-08-17T14:31:06.716825,37.8648851,32.4839247,1024.39,-0.0684,0.1395,2.0506,117.0,0.07,0.000,0.000,IDLE
2026-08-17T14:31:07.716890,37.8648854,32.4839238,1024.44,-0.0686,0.1392,2.0324,116.0,0.08,0.000,0.000,IDLE
2026-08-17T14:31:08.716897,37.8648852,32.4839229,1024.44,-0.0703,0.1454,2.0147,115.0,0.08,0.000,0.000,IDLE
2026-08-17T14:31:09.716668,37.8648849,32.4839228,1024.43,-0.0678,0.1467,1.9926,114.0,0.07,0.000,0.000,IDLE
2026-08-17T14:31:10.716909,37.8648841,32.4839231,1024.36,-0.0674,0.1447,1.9666,112.0,0.05,0.000,0.000,IDLE
2026-08-17T14:31:11.716709,37.8648837,32.4839238,1024.42,-0.0702,0.1427,1.9366,110.0,0.05,0.000,0.000,IDLE
2026-08-17T14:31:12.716793,37.8648834,32.4839247,1024.49,-0.0687,0.1389,1.9062,109.0,0.06,0.000,0.000,IDLE
2026-08-17T14:31:13.716847,37.8648832,32.4839251,1024.54,-0.0685,0.1387,1.8750,107.0,0.06,0.000,0.000,IDLE
2026-08-17T14:31:14.716940,37.8648825,32.4839261,1024.51,-0.0694,0.1402,1.8437,105.0,0.09,0.000,0.000,IDLE
2026-08-17T14:31:15.716783,37.8648823,32.4839262,1024.51,-0.0699,0.1419,1.8135,103.0,0.07,0.000,0.000,IDLE
2026-08-17T14:31:16.716778,37.8648822,32.4839257,1024.52,-0.0700,0.1437,1.7847,102.0,0.04,0.000,0.000,IDLE
2026-08-17T14:31:17.716792,37.8648818,32.4839260,1024.51,-0.0689,0.1412,1.7571,100.0,0.05,0.000,0.000,IDLE
2026-08-17T14:31:18.717571,37.8648808,32.4839265,1024.50,-0.0681,0.1391,1.7314,99.0,0.08,0.000,0.000,IDLE
2026-08-17T14:31:19.716726,37.8648800,32.4839268,1024.49,-0.0685,0.1413,1.7055,97.0,0.09,0.000,0.000,IDLE
2026-08-17T14:31:20.716790,37.8648794,32.4839270,1024.40,-0.0685,0.1405,1.6811,96.0,0.09,0.000,0.000,IDLE
2026-08-17T14:31:21.716769,37.8648796,32.4839277,1024.42,-0.0674,0.1367,1.6551,94.0,0.06,0.000,0.000,IDLE
2026-08-17T14:31:22.716724,37.8648790,32.4839283,1024.41,-0.0685,0.1366,1.6310,93.0,0.07,0.000,0.000,IDLE
2026-08-17T14:31:23.716789,37.8648785,32.4839283,1024.41,-0.0688,0.1402,1.6073,92.0,0.06,0.000,0.000,IDLE
2026-08-17T14:31:24.716786,37.8648779,32.4839278,1024.41,-0.0703,0.1433,1.5847,90.0,0.06,0.000,0.000,IDLE
2026-08-17T14:31:25.716730,37.8648773,32.4839278,1024.41,-0.0704,0.1435,1.5641,89.0,0.07,0.000,0.000,IDLE
2026-08-17T14:31:26.717042,37.8648768,32.4839280,1024.41,-0.0685,0.1412,1.5437,88.0,0.07,0.000,0.000,IDLE
2026-08-17T14:31:27.720060,37.8648765,32.4839283,1024.47,-0.0666,0.1403,1.5231,87.0,0.05,0.000,0.000,IDLE
2026-08-17T14:31:28.716824,37.8648758,32.4839290,1024.43,-0.0672,0.1418,1.4999,85.0,0.05,0.000,0.000,IDLE
2026-08-17T14:31:29.716766,37.8648752,32.4839291,1024.41,-0.0691,0.1425,1.4763,84.0,0.06,0.000,0.000,IDLE
2026-08-17T14:31:30.716813,37.8648748,32.4839292,1024.45,-0.0690,0.1437,1.4534,83.0,0.05,0.000,0.000,IDLE
2026-08-17T14:31:31.716965,37.8648745,32.4839296,1024.43,-0.0715,0.1428,1.4290,81.0,0.04,0.000,0.000,IDLE
2026-08-17T14:31:32.716688,37.8648741,32.4839299,1024.41,-0.0685,0.1416,1.4047,80.0,0.05,0.000,0.000,IDLE
2026-08-17T14:31:33.716706,37.8648740,32.4839303,1024.44,-0.0702,0.1423,1.3805,79.0,0.02,0.000,0.000,IDLE
2026-08-17T14:31:34.716900,37.8648734,32.4839306,1024.49,-0.0707,0.1406,1.3549,77.0,0.03,0.000,0.000,IDLE
2026-08-17T14:31:35.716738,37.8648728,32.4839310,1024.49,-0.0686,0.1410,1.3292,76.0,0.04,0.000,0.000,IDLE
2026-08-17T14:31:36.716761,37.8648725,32.4839311,1024.40,-0.0675,0.1384,1.3009,74.0,0.03,0.000,0.000,IDLE
2026-08-17T14:31:37.716836,37.8648723,32.4839315,1024.43,-0.0695,0.1416,1.2750,73.0,0.02,0.000,0.000,IDLE
2026-08-17T14:31:38.716829,37.8648725,32.4839304,1024.43,-0.0892,0.1341,1.2502,71.0,0.19,0.000,0.000,IDLE
2026-08-17T14:31:39.717670,37.8648731,32.4839285,1024.43,-0.0863,0.1531,1.3305,76.0,0.20,0.000,0.000,IDLE
2026-08-17T14:31:40.717479,37.8648739,32.4839275,1024.44,-0.0890,0.1810,1.2042,68.0,0.12,0.000,0.000,IDLE
2026-08-17T14:31:41.716765,37.8648746,32.4839279,1024.37,-0.0832,0.1581,0.9365,53.0,0.15,0.000,0.000,IDLE
2026-08-17T14:31:42.716898,37.8648749,32.4839285,1024.32,-0.0844,0.1749,0.9293,53.0,0.12,0.000,0.000,IDLE
2026-08-17T14:31:43.716755,37.8648753,32.4839263,1024.35,-0.0805,0.1568,0.9428,54.0,0.23,0.000,0.000,IDLE
2026-08-17T14:31:44.716962,37.8648750,32.4839245,1024.34,-0.0902,0.1668,0.9017,51.0,0.15,0.000,0.000,IDLE
2026-08-17T14:31:45.716742,37.8648750,32.4839228,1024.37,-0.0941,0.1641,0.7391,42.0,0.22,0.000,0.000,IDLE
2026-08-17T14:31:46.716703,37.8648751,32.4839216,1024.46,-0.0907,0.1649,0.5744,32.0,0.18,0.000,0.000,IDLE
2026-08-17T14:31:47.717159,37.8648752,32.4839206,1024.42,-0.0735,0.1353,0.4911,28.0,0.07,0.000,0.000,IDLE
2026-08-17T14:31:48.716856,37.8648757,32.4839210,1024.42,-0.0667,0.1577,0.3137,17.0,0.16,0.000,0.000,IDLE
2026-08-17T14:31:49.716751,37.8648775,32.4839216,1024.49,-0.0641,0.1602,-0.1800,349.0,0.19,0.000,0.000,IDLE
2026-08-17T14:31:50.716811,37.8648788,32.4839224,1024.50,-0.0511,0.1225,-0.4732,332.0,0.22,0.000,0.000,IDLE
2026-08-17T14:31:51.716978,37.8648798,32.4839240,1024.53,-0.0716,0.1463,-0.6507,322.0,0.17,0.000,0.000,IDLE
2026-08-17T14:31:52.716712,37.8648810,32.4839240,1024.54,-0.0686,0.1515,-0.7532,316.0,0.07,0.000,0.000,IDLE
2026-08-17T14:31:53.717041,37.8648813,32.4839238,1024.53,-0.0715,0.1415,-0.8339,312.0,0.02,0.000,0.000,IDLE
2026-08-17T14:31:54.716723,37.8648817,32.4839236,1024.50,-0.0734,0.1397,-0.9000,308.0,0.04,0.000,0.000,IDLE
2026-08-17T14:31:55.716759,37.8648827,32.4839232,1024.52,-0.0683,0.1399,-0.9609,304.0,0.07,0.000,0.000,IDLE
2026-08-17T14:31:56.716727,37.8648830,32.4839232,1024.55,-0.0694,0.1378,-1.0301,300.0,0.07,0.000,0.000,IDLE
2026-08-17T14:31:57.717221,37.8648831,32.4839232,1024.58,-0.0670,0.1367,-1.1182,295.0,0.07,0.000,0.000,IDLE
2026-08-17T14:31:58.717130,37.8648833,32.4839228,1024.60,-0.0657,0.1386,-1.2171,290.0,0.08,0.000,0.000,IDLE
2026-08-17T14:31:59.717128,37.8648832,32.4839223,1024.53,-0.0690,0.1382,-1.3134,284.0,0.09,0.000,0.000,IDLE
2026-08-17T14:32:00.716756,37.8648838,32.4839219,1024.55,-0.0720,0.1398,-1.4009,279.0,0.08,0.000,0.000,IDLE
2026-08-17T14:32:01.716777,37.8648830,32.4839224,1024.52,-0.0767,0.1442,-1.4669,275.0,0.03,0.000,0.000,IDLE
2026-08-17T14:32:02.716724,37.8648835,32.4839222,1024.48,-0.0743,0.1129,-1.3487,282.0,0.14,0.000,0.000,IDLE
2026-08-17T14:32:03.716738,37.8648831,32.4839224,1024.48,-0.0839,0.1279,-1.3167,284.0,0.04,0.000,0.000,IDLE
2026-08-17T14:32:04.716714,37.8648833,32.4839232,1024.43,-0.0751,0.1173,-1.4400,277.0,0.06,0.000,0.000,IDLE
2026-08-17T14:32:05.716711,37.8648823,32.4839235,1024.49,-0.0794,0.1319,-1.4788,275.0,0.05,0.000,0.000,IDLE
2026-08-17T14:32:06.716976,37.8648813,32.4839239,1024.52,-0.0684,0.1392,-1.5429,271.0,0.06,0.000,0.000,IDLE
2026-08-17T14:32:07.717024,37.8648808,32.4839244,1024.48,-0.0726,0.1399,-1.5681,270.0,0.06,0.000,0.000,IDLE
2026-08-17T14:32:08.716879,37.8648812,32.4839244,1024.44,-0.0668,0.1452,-1.5958,268.0,0.04,0.000,0.000,IDLE
2026-08-17T14:32:09.716756,37.8648810,32.4839245,1024.46,-0.0688,0.1428,-1.6242,266.0,0.03,0.000,0.000,IDLE
2026-08-17T14:32:10.716729,37.8648811,32.4839255,1024.49,-0.0655,0.1376,-1.6433,265.0,0.05,0.000,0.000,IDLE
2026-08-17T14:32:11.716738,37.8648807,32.4839255,1024.43,-0.0655,0.1383,-1.6396,266.0,0.02,0.000,0.000,IDLE
2026-08-17T14:32:12.716699,37.8648798,32.4839256,1024.35,-0.0760,0.1351,-1.6320,266.0,0.06,0.000,0.000,IDLE
2026-08-17T14:32:13.716846,37.8648798,32.4839260,1024.36,-0.0801,0.1430,-1.5998,268.0,0.06,0.000,0.000,IDLE
2026-08-17T14:32:14.716787,37.8648797,32.4839263,1024.38,-0.0718,0.1392,-1.5677,270.0,0.06,0.000,0.000,IDLE
2026-08-17T14:32:15.716683,37.8648795,32.4839259,1024.37,-0.0710,0.1282,-1.5444,271.0,0.02,0.000,0.000,IDLE
2026-08-17T14:32:16.716897,37.8648793,32.4839256,1024.44,-0.0686,0.1309,-1.4826,275.0,0.04,0.000,0.000,IDLE
2026-08-17T14:32:17.716775,37.8648777,32.4839258,1024.44,-0.0713,0.1355,-1.4698,275.0,0.09,0.000,0.000,IDLE
2026-08-17T14:32:18.716772,37.8648771,32.4839261,1024.49,-0.0700,0.1360,-1.4332,277.0,0.08,0.000,0.000,IDLE
2026-08-17T14:32:19.716796,37.8648769,32.4839270,1024.60,-0.0736,0.1300,-1.3810,280.0,0.05,0.000,0.000,IDLE
2026-08-17T14:32:20.716993,37.8648777,32.4839283,1024.57,-0.0793,0.1297,-1.3439,283.0,0.02,0.000,0.000,IDLE
2026-08-17T14:32:21.717042,37.8648787,32.4839282,1024.42,-0.0732,0.1319,-1.3968,279.0,0.04,0.000,0.000,IDLE
2026-08-17T14:32:22.716992,37.8648792,32.4839279,1024.36,-0.0729,0.1364,-1.4738,275.0,0.06,0.000,0.000,IDLE
2026-08-17T14:32:23.716825,37.8648797,32.4839285,1024.44,-0.0786,0.1366,-1.5336,272.0,0.06,0.000,0.000,IDLE
2026-08-17T14:32:24.717202,37.8648789,32.4839288,1024.58,-0.0799,0.1447,-1.5694,270.0,0.05,0.000,0.000,IDLE
2026-08-17T14:32:25.716758,37.8648782,32.4839294,1024.55,-0.0750,0.1368,-1.5122,273.0,0.10,0.000,0.000,IDLE
2026-08-17T14:32:26.720111,37.8648765,32.4839305,1024.45,-0.0696,0.1523,-1.4746,275.0,0.14,0.000,0.000,IDLE
2026-08-17T14:32:27.716853,37.8648750,32.4839314,1024.36,-0.0771,0.1391,-1.4649,276.0,0.15,0.000,0.000,IDLE
2026-08-17T14:32:28.716776,37.8648749,32.4839305,1024.40,-0.0717,0.1435,-1.4239,278.0,0.07,0.000,0.000,IDLE
2026-08-17T14:32:29.716701,37.8648743,32.4839308,1024.38,-0.0715,0.1416,-1.3681,281.0,0.10,0.000,0.000,IDLE
2026-08-17T14:32:30.716992,37.8648736,32.4839316,1024.45,-0.0715,0.1381,-1.3114,284.0,0.09,0.000,0.000,IDLE
2026-08-17T14:32:31.717051,37.8648736,32.4839326,1024.50,-0.0723,0.1387,-1.2389,289.0,0.08,0.000,0.000,IDLE
2026-08-17T14:32:32.716898,37.8648730,32.4839330,1024.52,-0.0719,0.1464,-1.1716,292.0,0.09,0.000,0.000,IDLE
2026-08-17T14:32:33.716842,37.8648728,32.4839335,1024.53,-0.0654,0.1518,-1.1093,296.0,0.08,0.000,0.000,IDLE
2026-08-17T14:32:34.716725,37.8648730,32.4839341,1024.55,-0.0673,0.1429,-1.0514,299.0,0.07,0.000,0.000,IDLE
2026-08-17T14:32:35.716878,37.8648730,32.4839348,1024.57,-0.0679,0.1388,-0.9955,302.0,0.06,0.000,0.000,IDLE
2026-08-17T14:32:36.716691,37.8648735,32.4839351,1024.49,-0.0696,0.1349,-0.9338,306.0,0.04,0.000,0.000,IDLE
2026-08-17T14:32:37.716855,37.8648734,32.4839356,1024.43,-0.0664,0.1410,-0.8651,310.0,0.04,0.000,0.000,IDLE
2026-08-17T14:32:38.716755,37.8648732,32.4839363,1024.44,-0.0678,0.1456,-0.7980,314.0,0.05,0.000,0.000,IDLE
2026-08-17T14:32:39.716763,37.8648731,32.4839367,1024.40,-0.0707,0.1456,-0.7329,318.0,0.04,0.000,0.000,IDLE
2026-08-17T14:32:40.717024,37.8648728,32.4839362,1024.44,-0.0802,0.1259,-0.7178,318.0,0.15,0.000,0.000,IDLE
2026-08-17T14:32:41.716738,37.8648726,32.4839357,1024.42,-0.0746,0.1453,-0.8345,312.0,0.04,0.000,0.000,IDLE
2026-08-17T14:32:42.716760,37.8648737,32.4839361,1024.36,-0.0619,0.1423,-0.9409,306.0,0.04,0.000,0.000,IDLE
2026-08-17T14:32:43.716978,37.8648750,32.4839362,1024.32,-0.0854,0.1278,-1.0622,299.0,0.07,0.000,0.000,IDLE
2026-08-17T14:32:44.717111,37.8648755,32.4839350,1024.35,-0.0784,0.1303,-1.1613,293.0,0.12,0.000,0.000,IDLE
2026-08-17T14:32:45.716792,37.8648763,32.4839342,1024.36,-0.0775,0.1362,-1.2655,287.0,0.06,0.000,0.000,IDLE
2026-08-17T14:32:46.716748,37.8648772,32.4839336,1024.37,-0.0696,0.1412,-1.3975,279.0,0.05,0.000,0.000,IDLE
2026-08-17T14:32:47.716704,37.8648778,32.4839327,1024.38,-0.0684,0.1448,-1.5100,273.0,0.06,0.000,0.000,IDLE
2026-08-17T14:32:48.716838,37.8648780,32.4839326,1024.41,-0.0696,0.1380,-1.6096,267.0,0.03,0.000,0.000,IDLE
2026-08-17T14:32:49.716726,37.8648787,32.4839326,1024.45,-0.0725,0.1382,-1.6945,262.0,0.03,0.000,0.000,IDLE
2026-08-17T14:32:50.716778,37.8648791,32.4839328,1024.44,-0.0715,0.1402,-1.7683,258.0,0.03,0.000,0.000,IDLE
2026-08-17T14:32:51.716720,37.8648788,32.4839329,1024.54,-0.0670,0.1424,-1.8342,254.0,0.03,0.000,0.000,IDLE
2026-08-17T14:32:52.716866,37.8648793,32.4839325,1024.51,-0.0625,0.1415,-1.8945,251.0,0.03,0.000,0.000,IDLE
2026-08-17T14:32:53.716761,37.8648799,32.4839329,1024.49,-0.0637,0.1381,-1.9520,248.0,0.03,0.000,0.000,IDLE
2026-08-17T14:32:54.716855,37.8648799,32.4839328,1024.49,-0.0684,0.1350,-2.0006,245.0,0.04,0.000,0.000,IDLE
2026-08-17T14:32:55.716796,37.8648802,32.4839320,1024.56,-0.0754,0.1352,-2.0470,242.0,0.03,0.000,0.000,IDLE
2026-08-17T14:32:56.716734,37.8648807,32.4839322,1024.53,-0.0751,0.1432,-2.0867,240.0,0.00,0.000,0.000,IDLE
2026-08-17T14:32:57.717259,37.8648811,32.4839322,1024.49,-0.0765,0.1361,-2.0273,243.0,0.06,0.000,0.000,IDLE
2026-08-17T14:32:58.716875,37.8648814,32.4839325,1024.46,-0.0699,0.1418,-1.9543,248.0,0.03,0.000,0.000,IDLE
2026-08-17T14:32:59.716747,37.8648821,32.4839331,1024.45,-0.0697,0.1427,-1.9027,250.0,0.04,0.000,0.000,IDLE
2026-08-17T14:33:00.717001,37.8648821,32.4839327,1024.43,-0.0719,0.1403,-1.8704,252.0,0.01,0.000,0.000,IDLE
2026-08-17T14:33:01.716728,37.8648825,32.4839323,1024.48,-0.0683,0.1408,-1.8497,254.0,0.02,0.000,0.000,IDLE
2026-08-17T14:33:02.716770,37.8648836,32.4839313,1024.48,-0.0661,0.1387,-1.8347,254.0,0.07,0.000,0.000,IDLE
2026-08-17T14:33:03.717072,37.8648845,32.4839316,1024.45,-0.0683,0.1400,-1.8228,255.0,0.07,0.000,0.000,IDLE
2026-08-17T14:33:04.716802,37.8648857,32.4839315,1024.43,-0.0709,0.1418,-1.8107,256.0,0.11,0.000,0.000,IDLE
2026-08-17T14:33:05.716703,37.8648859,32.4839320,1024.33,-0.0707,0.1384,-1.7947,257.0,0.07,0.000,0.000,IDLE
2026-08-17T14:33:06.716747,37.8648852,32.4839327,1024.34,-0.0802,0.1432,-1.7703,258.0,0.05,0.000,0.000,IDLE
2026-08-17T14:33:07.716886,37.8648849,32.4839330,1024.35,-0.0799,0.1421,-1.7486,259.0,0.05,0.000,0.000,IDLE
2026-08-17T14:33:08.716823,37.8648853,32.4839334,1024.35,-0.0687,0.1435,-1.7264,261.0,0.06,0.000,0.000,IDLE
2026-08-17T14:33:09.716772,37.8648848,32.4839342,1024.39,-0.0709,0.1402,-1.7127,261.0,0.07,0.000,0.000,IDLE
2026-08-17T14:33:10.717029,37.8648853,32.4839340,1024.39,-0.0582,0.1402,-1.7101,262.0,0.04,0.000,0.000,WAYPOINT
2026-08-17T14:33:11.716803,37.8648848,32.4839345,1024.43,-0.0698,0.1383,-1.7160,261.0,0.06,0.000,0.000,WAYPOINT
2026-08-17T14:33:12.716959,37.8648844,32.4839349,1024.40,-0.0683,0.1378,-1.7300,260.0,0.07,0.000,0.900,WAYPOINT
2026-08-17T14:33:13.716758,37.8648846,32.4839351,1024.32,-0.0771,0.1388,-1.7449,260.0,0.05,0.000,0.900,WAYPOINT
2026-08-17T14:33:14.716949,37.8648839,32.4839352,1024.37,-0.0767,0.1397,-1.7619,259.0,0.04,0.000,-0.900,WAYPOINT
2026-08-17T14:33:15.718051,37.8648834,32.4839353,1024.35,-0.0683,0.1435,-1.7770,258.0,0.04,0.000,-0.900,WAYPOINT
2026-08-17T14:33:16.716741,37.8648835,32.4839358,1024.34,-0.0654,0.1413,-1.7946,257.0,0.03,0.000,-0.900,WAYPOINT
2026-08-17T14:33:17.716773,37.8648833,32.4839358,1024.38,-0.0665,0.1407,-1.8153,255.0,0.03,0.000,-0.900,WAYPOINT
2026-08-17T14:33:18.716807,37.8648835,32.4839357,1024.38,-0.0681,0.1406,-1.8387,254.0,0.02,0.000,-0.900,WAYPOINT
2026-08-17T14:33:19.716881,37.8648838,32.4839361,1024.39,-0.0679,0.1404,-1.8604,253.0,0.00,0.000,-0.900,WAYPOINT
2026-08-17T14:33:20.716761,37.8648837,32.4839365,1024.41,-0.0724,0.1409,-1.8737,252.0,0.02,0.850,0.000,WAYPOINT
2026-08-17T14:33:21.716857,37.8648833,32.4839370,1024.46,-0.0699,0.1389,-1.8613,253.0,0.02,0.000,0.000,WAYPOINT
2026-08-17T14:33:22.716904,37.8648830,32.4839372,1024.53,-0.0697,0.1349,-1.7235,261.0,0.09,0.000,-0.900,WAYPOINT
2026-08-17T14:33:23.716883,37.8648830,32.4839365,1024.55,-0.0688,0.1372,-1.5775,269.0,0.06,0.000,-0.900,WAYPOINT
2026-08-17T14:33:24.716812,37.8648833,32.4839361,1024.54,-0.0703,0.1422,-1.4923,274.0,0.04,0.000,-0.900,WAYPOINT
2026-08-17T14:33:25.716753,37.8648838,32.4839356,1024.49,-0.0709,0.1434,-1.4473,277.0,0.03,0.000,-0.900,WAYPOINT
2026-08-17T14:33:26.716753,37.8648845,32.4839345,1024.41,-0.0690,0.1411,-1.4099,279.0,0.06,0.000,-0.900,WAYPOINT
2026-08-17T14:33:27.716769,37.8648855,32.4839343,1024.36,-0.0671,0.1412,-1.3747,281.0,0.08,0.000,-0.900,WAYPOINT
2026-08-17T14:33:28.716753,37.8648858,32.4839341,1024.39,-0.0649,0.1409,-1.3371,283.0,0.07,0.850,0.000,WAYPOINT
2026-08-17T14:33:29.716831,37.8648855,32.4839341,1024.41,-0.0666,0.1405,-1.3002,285.0,0.04,0.000,-0.900,WAYPOINT
2026-08-17T14:33:30.716639,37.8648851,32.4839345,1024.42,-0.0692,0.1401,-1.2578,287.0,0.03,0.000,-0.900,WAYPOINT
2026-08-17T14:33:31.717297,37.8648855,32.4839344,1024.40,-0.0662,0.1397,-1.2120,290.0,0.03,0.850,0.000,WAYPOINT
2026-08-17T14:33:32.716690,37.8648855,32.4839342,1024.33,-0.0687,0.1396,-1.1681,293.0,0.01,0.000,0.000,WAYPOINT
2026-08-17T14:33:33.717427,37.8648858,32.4839343,1024.42,-0.0690,0.1403,-1.1257,295.0,0.02,0.000,0.900,WAYPOINT
2026-08-17T14:33:34.716697,37.8648858,32.4839349,1024.45,-0.0687,0.1403,-1.0950,297.0,0.02,0.850,0.000,WAYPOINT
2026-08-17T14:33:35.716742,37.8648858,32.4839349,1024.56,-0.0692,0.1411,-1.0800,298.0,0.01,0.000,0.900,WAYPOINT
2026-08-17T14:33:36.718292,37.8648860,32.4839348,1024.55,-0.0679,0.1399,-1.0966,297.0,0.01,0.000,0.900,WAYPOINT
2026-08-17T14:33:37.716726,37.8648855,32.4839349,1024.51,-0.0683,0.1403,-1.1248,295.0,0.03,0.000,0.900,WAYPOINT
2026-08-17T14:33:38.717384,37.8648851,32.4839356,1024.47,-0.0675,0.1440,-1.1522,293.0,0.05,0.000,0.900,WAYPOINT
2026-08-17T14:33:39.716884,37.8648848,32.4839358,1024.43,-0.0680,0.1432,-1.1945,291.0,0.05,0.000,0.900,WAYPOINT
2026-08-17T14:33:40.716732,37.8648842,32.4839358,1024.44,-0.0689,0.1411,-1.2392,289.0,0.07,0.000,0.900,WAYPOINT
2026-08-17T14:33:41.716805,37.8648839,32.4839366,1024.47,-0.0695,0.1425,-1.2861,286.0,0.08,0.000,-0.900,WAYPOINT
2026-08-17T14:33:42.717380,37.8648833,32.4839373,1024.45,-0.0699,0.1418,-1.3263,284.0,0.09,0.000,0.900,WAYPOINT
2026-08-17T14:33:43.716863,37.8648837,32.4839374,1024.46,-0.0702,0.1418,-1.3623,281.0,0.06,0.000,-0.900,WAYPOINT
2026-08-17T14:33:44.716718,37.8648842,32.4839376,1024.48,-0.0684,0.1432,-1.3880,280.0,0.05,0.000,-0.900,WAYPOINT
2026-08-17T14:33:45.716828,37.8648830,32.4839390,1024.50,-0.0680,0.1452,-1.4231,278.0,0.10,0.000,-0.900,WAYPOINT
2026-08-17T14:33:46.719060,37.8648820,32.4839400,1024.47,-0.0685,0.1468,-1.4722,275.0,0.12,0.000,-0.900,WAYPOINT
2026-08-17T14:33:47.716973,37.8648821,32.4839411,1024.45,-0.0691,0.1466,-1.5157,273.0,0.12,0.000,-0.900,WAYPOINT
2026-08-17T14:33:48.716972,37.8648815,32.4839420,1024.48,-0.0705,0.1458,-1.5497,271.0,0.13,0.000,-0.900,WAYPOINT
2026-08-17T14:33:49.716731,37.8648813,32.4839431,1024.47,-0.0697,0.1417,-1.5791,269.0,0.13,0.000,-0.900,WAYPOINT
2026-08-17T14:33:50.716920,37.8648808,32.4839444,1024.38,-0.0694,0.1428,-1.6181,267.0,0.14,0.000,-0.900,WAYPOINT
2026-08-17T14:33:51.717070,37.8648807,32.4839454,1024.42,-0.0696,0.1418,-1.6721,264.0,0.13,0.000,-0.900,WAYPOINT
2026-08-17T14:33:52.716867,37.8648809,32.4839457,1024.43,-0.0673,0.1441,-1.7383,260.0,0.09,0.000,0.900,WAYPOINT
2026-08-17T14:33:53.716935,37.8648812,32.4839459,1024.45,-0.0690,0.1398,-1.8888,251.0,0.06,0.000,0.000,WAYPOINT
2026-08-17T14:33:54.716761,37.8648819,32.4839451,1024.47,-0.0662,0.1644,-1.8026,256.0,0.21,0.000,0.000,WAYPOINT
2026-08-17T14:33:55.716713,37.8648831,32.4839423,1024.46,-0.0706,0.1241,-1.5479,271.0,0.26,0.000,0.000,WAYPOINT
2026-08-17T14:33:56.716716,37.8648846,32.4839401,1024.49,-0.0737,0.1260,-1.4179,278.0,0.24,0.000,0.000,WAYPOINT
2026-08-17T14:33:57.716766,37.8648850,32.4839390,1024.52,-0.0739,0.1353,-1.3350,283.0,0.18,0.000,0.000,WAYPOINT
2026-08-17T14:33:58.717124,37.8648853,32.4839385,1024.52,-0.0766,0.1421,-1.2650,287.0,0.12,0.000,0.000,WAYPOINT
2026-08-17T14:33:59.716811,37.8648855,32.4839385,1024.49,-0.0712,0.1471,-1.1998,291.0,0.08,0.000,0.000,WAYPOINT
2026-08-17T14:34:00.721332,37.8648863,32.4839381,1024.49,-0.0678,0.1452,-1.1423,294.0,0.07,0.000,0.000,WAYPOINT
2026-08-17T14:34:01.717148,37.8648877,32.4839372,1024.48,-0.0664,0.1419,-1.0917,297.0,0.10,0.000,0.000,WAYPOINT
2026-08-17T14:34:02.716712,37.8648880,32.4839369,1024.48,-0.0672,0.1400,-1.0486,299.0,0.07,0.000,0.000,WAYPOINT
2026-08-17T14:34:03.717016,37.8648885,32.4839367,1024.49,-0.0691,0.1395,-1.0094,302.0,0.06,0.000,0.000,WAYPOINT
2026-08-17T14:34:04.716710,37.8648893,32.4839364,1024.49,-0.0679,0.1382,-0.9649,304.0,0.07,0.000,0.000,WAYPOINT
2026-08-17T14:34:05.716792,37.8648898,32.4839363,1024.49,-0.0644,0.1499,-0.9886,303.0,0.03,0.000,0.000,WAYPOINT
2026-08-17T14:34:06.717047,37.8648901,32.4839369,1024.47,-0.0686,0.1512,-1.1809,292.0,0.07,0.000,0.000,WAYPOINT
2026-08-17T14:34:07.716800,37.8648909,32.4839382,1024.46,-0.0678,0.1458,-1.2916,286.0,0.10,0.000,0.000,WAYPOINT
2026-08-17T14:34:08.716731,37.8648915,32.4839390,1024.46,-0.0669,0.1398,-1.3524,282.0,0.11,0.000,0.000,WAYPOINT
2026-08-17T14:34:09.718223,37.8648920,32.4839397,1024.46,-0.0705,0.1369,-1.3813,280.0,0.10,0.000,0.000,WAYPOINT
2026-08-17T14:34:10.716712,37.8648921,32.4839404,1024.47,-0.0715,0.1404,-1.3903,280.0,0.09,0.000,0.000,WAYPOINT
2026-08-17T14:34:11.716809,37.8648920,32.4839410,1024.49,-0.0742,0.1408,-1.3861,280.0,0.09,0.000,0.000,WAYPOINT
2026-08-17T14:34:12.716946,37.8648921,32.4839414,1024.48,-0.0718,0.1417,-1.3708,281.0,0.08,0.000,0.000,WAYPOINT
2026-08-17T14:34:13.716726,37.8648923,32.4839416,1024.48,-0.0698,0.1435,-1.3452,282.0,0.06,0.000,0.000,WAYPOINT
2026-08-17T14:34:14.717635,37.8648924,32.4839419,1024.48,-0.0703,0.1435,-1.3066,285.0,0.06,0.000,0.000,WAYPOINT
2026-08-17T14:34:15.717364,37.8648923,32.4839423,1024.45,-0.0605,0.1375,-1.4603,276.0,0.15,0.000,0.000,WAYPOINT
2026-08-17T14:34:16.716724,37.8648921,32.4839429,1024.46,-0.0739,0.1418,-1.6303,266.0,0.10,0.000,0.000,WAYPOINT
2026-08-17T14:34:17.716727,37.8648925,32.4839425,1024.46,-0.0696,0.1339,-1.7241,261.0,0.04,0.000,0.000,WAYPOINT
2026-08-17T14:34:18.716774,37.8648926,32.4839424,1024.45,-0.0756,0.1206,-1.7523,259.0,0.04,0.000,0.000,WAYPOINT
2026-08-17T14:34:19.716743,37.8648925,32.4839417,1024.45,-0.0759,0.1296,-1.7625,259.0,0.06,0.000,0.000,WAYPOINT
2026-08-17T14:34:20.716825,37.8648925,32.4839411,1024.45,-0.0746,0.1383,-1.7502,259.0,0.08,0.000,0.000,WAYPOINT
2026-08-17T14:34:21.716741,37.8648929,32.4839412,1024.44,-0.0686,0.1413,-1.7204,261.0,0.06,0.000,0.000,WAYPOINT
2026-08-17T14:34:22.716745,37.8648934,32.4839414,1024.42,-0.0754,0.1385,-1.6827,263.0,0.03,0.000,0.000,WAYPOINT
2026-08-17T14:34:23.716867,37.8648943,32.4839421,1024.41,-0.0821,0.1195,-1.6380,266.0,0.10,0.000,0.000,WAYPOINT
2026-08-17T14:34:24.716888,37.8648954,32.4839430,1024.38,-0.0769,0.1330,-1.5697,270.0,0.12,0.000,0.000,WAYPOINT
2026-08-17T14:34:25.716703,37.8648958,32.4839435,1024.38,-0.0740,0.1340,-1.5049,273.0,0.10,0.000,0.000,WAYPOINT
2026-08-17T14:34:26.717374,37.8648952,32.4839444,1024.42,-0.0673,0.1400,-1.4372,277.0,0.09,0.000,0.000,WAYPOINT
2026-08-17T14:34:27.720030,37.8648950,32.4839453,1024.40,-0.0624,0.1438,-1.3373,283.0,0.10,0.000,0.000,WAYPOINT
2026-08-17T14:34:28.717139,37.8648945,32.4839459,1024.43,-0.0660,0.1389,-1.1811,292.0,0.11,0.000,0.000,WAYPOINT
2026-08-17T14:34:29.716768,37.8648951,32.4839461,1024.50,-0.0654,0.1417,-1.0977,297.0,0.02,0.000,0.000,WAYPOINT
2026-08-17T14:34:30.717175,37.8648953,32.4839444,1024.46,-0.0683,0.1538,-1.2326,289.0,0.27,0.000,0.000,WAYPOINT
2026-08-17T14:34:31.716994,37.8648970,32.4839390,1024.40,-0.0672,0.1326,-1.3651,281.0,0.53,0.000,0.000,WAYPOINT
2026-08-17T14:34:32.716740,37.8648990,32.4839327,1024.38,-0.0651,0.1292,-1.4527,276.0,0.62,0.000,0.000,WAYPOINT
2026-08-17T14:34:33.717002,37.8649016,32.4839257,1024.36,-0.0636,0.1277,-1.4994,274.0,0.67,0.000,0.000,WAYPOINT
2026-08-17T14:34:34.716884,37.8649029,32.4839194,1024.36,-0.0645,0.1299,-1.5308,272.0,0.64,0.000,0.000,WAYPOINT
2026-08-17T14:34:35.716788,37.8649040,32.4839128,1024.38,-0.0638,0.1326,-1.5602,270.0,0.63,0.000,0.000,WAYPOINT
2026-08-17T14:34:36.716970,37.8649054,32.4839056,1024.36,-0.0663,0.1383,-1.5847,269.0,0.63,0.000,0.000,WAYPOINT
2026-08-17T14:34:37.716783,37.8649069,32.4838983,1024.41,-0.0648,0.1354,-1.5881,269.0,0.65,0.000,0.000,WAYPOINT
2026-08-17T14:34:38.716819,37.8649085,32.4838912,1024.46,-0.0669,0.1337,-1.5889,268.0,0.65,0.000,0.000,WAYPOINT
2026-08-17T14:34:39.716739,37.8649094,32.4838844,1024.49,-0.0650,0.1282,-1.5892,268.0,0.64,0.000,0.000,WAYPOINT
2026-08-17T14:34:40.716792,37.8649104,32.4838772,1024.46,-0.0663,0.1297,-1.5914,268.0,0.63,0.000,0.000,WAYPOINT
2026-08-17T14:34:41.717555,37.8649117,32.4838702,1024.47,-0.0673,0.1268,-1.5910,268.0,0.64,0.000,0.000,WAYPOINT
2026-08-17T14:34:42.716749,37.8649131,32.4838629,1024.48,-0.0696,0.1328,-1.5724,269.0,0.62,0.000,0.000,WAYPOINT
2026-08-17T14:34:43.716866,37.8649147,32.4838554,1024.43,-0.0704,0.1274,-1.5133,273.0,0.66,0.000,0.000,WAYPOINT
2026-08-17T14:34:44.716998,37.8649171,32.4838475,1024.43,-0.0698,0.1306,-1.3930,280.0,0.71,0.000,0.000,WAYPOINT
2026-08-17T14:34:45.716738,37.8649205,32.4838405,1024.44,-0.0707,0.1281,-1.2317,289.0,0.75,0.000,0.000,WAYPOINT
2026-08-17T14:34:46.716700,37.8649250,32.4838343,1024.43,-0.0704,0.1259,-1.0634,299.0,0.77,0.000,0.000,WAYPOINT
2026-08-17T14:34:47.716706,37.8649302,32.4838294,1024.40,-0.0717,0.1269,-0.8821,309.0,0.77,0.000,0.000,WAYPOINT
2026-08-17T14:34:48.716823,37.8649353,32.4838253,1024.48,-0.0691,0.1260,-0.7611,316.0,0.73,0.000,0.000,WAYPOINT
2026-08-17T14:34:49.717490,37.8649404,32.4838217,1024.53,-0.0663,0.1276,-0.7290,318.0,0.69,0.000,0.000,WAYPOINT
2026-08-17T14:34:50.716788,37.8649457,32.4838177,1024.58,-0.0682,0.1214,-0.7406,317.0,0.71,0.000,0.000,WAYPOINT
2026-08-17T14:34:51.717018,37.8649509,32.4838135,1024.62,-0.0697,0.1500,-0.7680,316.0,0.64,0.000,0.000,WAYPOINT
2026-08-17T14:34:52.716778,37.8649522,32.4838136,1024.63,-0.0815,0.1371,-0.8650,310.0,0.15,0.000,0.000,WAYPOINT
2026-08-17T14:34:53.716963,37.8649519,32.4838159,1024.60,-0.1056,0.1222,-1.0642,299.0,0.36,0.000,0.000,WAYPOINT
2026-08-17T14:34:54.718494,37.8649516,32.4838203,1024.50,-0.0895,0.1025,-1.1464,294.0,0.42,0.000,0.000,WAYPOINT
2026-08-17T14:34:55.716775,37.8649514,32.4838235,1024.47,-0.0632,0.1419,-1.2211,290.0,0.28,0.000,0.000,WAYPOINT
2026-08-17T14:34:56.716745,37.8649508,32.4838239,1024.44,-0.1071,0.1346,-1.3690,281.0,0.23,0.000,0.000,WAYPOINT
2026-08-17T14:34:57.717350,37.8649498,32.4838221,1024.50,-0.0841,0.1283,-1.5157,273.0,0.25,0.000,0.000,WAYPOINT
2026-08-17T14:34:58.716660,37.8649479,32.4838215,1024.46,-0.0868,0.1219,-1.8017,256.0,0.30,0.000,0.000,WAYPOINT
2026-08-17T14:34:59.716999,37.8649471,32.4838203,1024.52,-0.0736,0.0962,-1.9978,245.0,0.22,0.000,0.000,WAYPOINT
2026-08-17T14:35:00.716995,37.8649456,32.4838187,1024.54,-0.0761,0.1554,-2.3631,224.0,0.21,0.000,0.000,WAYPOINT
2026-08-17T14:35:01.716746,37.8649441,32.4838171,1024.53,-0.0982,0.1767,-2.3802,223.0,0.29,0.000,0.000,WAYPOINT
2026-08-17T14:35:02.716677,37.8649410,32.4838165,1024.51,-0.0751,0.1345,-2.6530,208.0,0.34,0.000,0.000,WAYPOINT
2026-08-17T14:35:03.718561,37.8649380,32.4838163,1024.49,-0.0727,0.0724,-2.8245,198.0,0.36,0.000,0.000,WAYPOINT
2026-08-17T14:35:04.717028,37.8649342,32.4838170,1024.52,-0.0902,0.1121,3.1005,177.0,0.34,0.000,0.000,WAYPOINT
2026-08-17T14:35:05.716621,37.8649313,32.4838180,1024.54,-0.0797,0.1137,2.9630,169.0,0.37,0.000,0.000,IDLE
2026-08-17T14:35:06.716710,37.8649278,32.4838198,1024.57,-0.0752,0.1377,2.5514,146.0,0.37,0.000,0.000,IDLE
2026-08-17T14:35:07.716754,37.8649225,32.4838228,1024.61,-0.0708,0.1177,2.4495,140.0,0.51,0.000,0.000,IDLE
2026-08-17T14:35:08.716700,37.8649199,32.4838257,1024.65,-0.0786,0.1196,2.2738,130.0,0.47,0.000,0.000,IDLE
2026-08-17T14:35:09.716705,37.8649178,32.4838298,1024.63,-0.0729,0.1216,2.1092,120.0,0.42,0.000,0.000,IDLE
2026-08-17T14:35:10.716664,37.8649154,32.4838348,1024.50,-0.0603,0.0967,1.9859,113.0,0.49,0.000,0.000,IDLE
2026-08-17T14:35:11.716871,37.8649136,32.4838396,1024.49,-0.0680,0.1355,1.9468,111.0,0.44,0.000,0.000,IDLE
2026-08-17T14:35:12.717535,37.8649120,32.4838449,1024.47,-0.0678,0.1523,1.9257,110.0,0.42,0.000,0.000,IDLE
2026-08-17T14:35:13.717041,37.8649107,32.4838485,1024.48,-0.0540,0.2268,1.9458,111.0,0.41,0.000,0.000,IDLE
2026-08-17T14:35:14.716704,37.8649095,32.4838540,1024.44,-0.0758,0.1274,1.9186,109.0,0.38,0.000,0.000,IDLE
2026-08-17T14:35:15.716764,37.8649088,32.4838579,1024.46,-0.0599,0.1440,1.8515,106.0,0.48,0.000,0.000,IDLE
2026-08-17T14:35:16.716942,37.8649081,32.4838628,1024.37,-0.0711,0.1212,1.7781,101.0,0.46,0.000,0.000,IDLE
2026-08-17T14:35:17.716769,37.8649076,32.4838674,1024.35,-0.0590,0.1222,1.7983,103.0,0.62,0.000,0.000,IDLE
2026-08-17T14:35:18.716746,37.8649072,32.4838736,1024.28,-0.0679,0.1313,1.7384,99.0,0.48,0.000,0.000,IDLE
2026-08-17T14:35:19.717082,37.8649068,32.4838786,1024.32,-0.0676,0.1468,1.7199,98.0,0.37,0.000,0.000,IDLE
2026-08-17T14:35:20.716724,37.8649061,32.4838828,1024.37,-0.0669,0.1524,1.7186,98.0,0.30,0.000,0.000,IDLE
2026-08-17T14:35:21.716945,37.8649060,32.4838861,1024.38,-0.0693,0.1460,1.7531,100.0,0.23,0.000,0.000,IDLE
2026-08-17T14:35:22.716887,37.8649057,32.4838886,1024.43,-0.0689,0.1267,1.8020,103.0,0.19,0.000,0.000,IDLE
2026-08-17T14:35:23.716786,37.8649050,32.4838925,1024.45,-0.0751,0.1302,1.7863,102.0,0.33,0.000,0.000,IDLE
2026-08-17T14:35:24.716713,37.8649046,32.4838958,1024.50,-0.0709,0.1268,1.7911,102.0,0.26,0.000,0.000,IDLE
2026-08-17T14:35:25.717070,37.8649047,32.4838981,1024.48,-0.0774,0.1639,1.7730,101.0,0.21,0.000,0.000,IDLE
2026-08-17T14:35:26.717215,37.8649040,32.4839017,1024.45,-0.0655,0.1562,1.7793,101.0,0.28,0.000,0.000,IDLE
2026-08-17T14:35:27.716698,37.8649040,32.4839061,1024.42,-0.0669,0.1161,1.6959,97.0,0.31,0.000,0.000,IDLE
2026-08-17T14:35:28.717005,37.8649046,32.4839085,1024.44,-0.0723,0.1311,1.6647,95.0,0.23,0.000,0.000,IDLE
2026-08-17T14:35:29.716724,37.8649052,32.4839107,1024.45,-0.0738,0.1509,1.6560,94.0,0.18,0.000,0.000,IDLE
2026-08-17T14:35:30.720732,37.8649054,32.4839132,1024.43,-0.0735,0.1524,1.6432,94.0,0.17,0.000,0.000,IDLE
2026-08-17T14:35:31.716846,37.8649054,32.4839156,1024.45,-0.0787,0.1487,1.6501,94.0,0.21,0.000,0.000,IDLE
2026-08-17T14:35:32.717297,37.8649053,32.4839195,1024.51,-0.0814,0.1522,1.6870,96.0,0.28,0.000,0.000,IDLE
2026-08-17T14:35:33.716749,37.8649052,32.4839239,1024.50,-0.0809,0.1586,1.7125,98.0,0.28,0.000,0.000,IDLE
2026-08-17T14:35:34.716954,37.8649044,32.4839277,1024.47,-0.0968,0.2080,1.7599,100.0,0.41,0.000,-0.900,DRIVETEST
2026-08-17T14:35:35.716733,37.8649045,32.4839307,1024.47,-0.0768,0.1818,1.8387,105.0,0.09,0.000,-0.900,DRIVETEST
2026-08-17T14:35:36.717126,37.8649044,32.4839290,1024.52,-0.0663,0.1836,2.0086,115.0,0.19,0.000,-0.900,DRIVETEST
2026-08-17T14:35:37.716772,37.8649055,32.4839275,1024.51,-0.0742,0.1933,2.1146,121.0,0.05,0.850,0.000,DRIVETEST
2026-08-17T14:35:38.716947,37.8649054,32.4839275,1024.42,-0.0689,0.2273,2.2539,129.0,0.08,0.000,-0.900,DRIVETEST
2026-08-17T14:35:39.716678,37.8649072,32.4839249,1024.39,-0.0597,0.1595,2.5301,144.0,0.34,0.000,-0.900,DRIVETEST
2026-08-17T14:35:40.716725,37.8649082,32.4839233,1024.36,-0.0516,0.1345,2.9565,169.0,0.16,0.000,-0.900,DRIVETEST
2026-08-17T14:35:41.716937,37.8649084,32.4839242,1024.36,-0.0655,0.1437,-2.8800,194.0,0.02,0.000,-0.900,DRIVETEST
2026-08-17T14:35:42.717008,37.8649086,32.4839260,1024.44,-0.0703,0.1727,-2.5631,213.0,0.12,0.000,-0.900,DRIVETEST
2026-08-17T14:35:43.716978,37.8649090,32.4839269,1024.43,-0.0588,0.1332,-2.1299,237.0,0.14,0.000,-0.900,DRIVETEST
2026-08-17T14:35:44.716927,37.8649096,32.4839287,1024.39,-0.0559,0.1270,-1.7102,262.0,0.16,0.000,0.900,DRIVETEST
2026-08-17T14:35:45.716751,37.8649095,32.4839297,1024.35,-0.0669,0.1369,-1.4963,274.0,0.16,0.000,-0.900,DRIVETEST
2026-08-17T14:35:46.717029,37.8649092,32.4839298,1024.34,-0.0771,0.1370,-1.4664,275.0,0.13,0.000,0.900,DRIVETEST
2026-08-17T14:35:47.716833,37.8649089,32.4839306,1024.32,-0.0640,0.1247,-1.4967,274.0,0.16,0.000,0.900,DRIVETEST
2026-08-17T14:35:48.717320,37.8649082,32.4839304,1024.32,-0.0582,0.1096,-1.8128,256.0,0.21,0.000,0.900,DRIVETEST
2026-08-17T14:35:49.716844,37.8649082,32.4839308,1024.32,-0.0762,0.1381,-2.1505,236.0,0.07,0.000,-0.900,DRIVETEST
2026-08-17T14:35:50.716727,37.8649086,32.4839304,1024.29,-0.0740,0.1193,-1.9307,249.0,0.17,0.000,-0.900,DRIVETEST
2026-08-17T14:35:51.716785,37.8649082,32.4839311,1024.21,-0.0735,0.1214,-1.6782,263.0,0.07,0.000,0.900,DRIVETEST
2026-08-17T14:35:52.716718,37.8649075,32.4839328,1024.17,-0.0675,0.1258,-1.8746,252.0,0.16,0.000,0.900,DRIVETEST
2026-08-17T14:35:53.716698,37.8649077,32.4839330,1024.20,-0.0830,0.1456,-2.1164,238.0,0.06,0.000,-0.900,DRIVETEST
2026-08-17T14:35:54.716695,37.8649088,32.4839329,1024.19,-0.0736,0.1260,-1.8125,256.0,0.22,0.000,0.900,DRIVETEST
2026-08-17T14:35:55.716755,37.8649078,32.4839342,1024.17,-0.0742,0.1144,-1.7171,261.0,0.18,0.000,0.900,DRIVETEST
2026-08-17T14:35:56.717995,37.8649077,32.4839376,1024.18,-0.0793,0.1235,-1.9029,250.0,0.37,0.000,0.900,DRIVETEST
2026-08-17T14:35:57.716778,37.8649090,32.4839417,1024.24,-0.0822,0.1358,-2.0634,241.0,0.38,0.000,-0.900,DRIVETEST
2026-08-17T14:35:58.717101,37.8649110,32.4839447,1024.25,-0.0735,0.1212,-1.8040,256.0,0.35,0.000,-0.900,DRIVETEST
2026-08-17T14:35:59.716932,37.8649118,32.4839478,1024.26,-0.0599,0.1320,-1.4360,277.0,0.26,0.000,-0.900,DRIVETEST
2026-08-17T14:36:00.716729,37.8649119,32.4839481,1024.23,-0.0689,0.1144,-1.0529,299.0,0.23,0.000,0.900,DRIVETEST
2026-08-17T14:36:01.716801,37.8649106,32.4839478,1024.21,-0.0707,0.1068,-0.9377,306.0,0.20,0.000,0.900,DRIVETEST
2026-08-17T14:36:02.716832,37.8649089,32.4839491,1024.18,-0.0681,0.1189,-1.1171,296.0,0.32,0.000,0.900,DRIVETEST
2026-08-17T14:36:03.716819,37.8649092,32.4839490,1024.18,-0.0761,0.1863,-1.3237,284.0,0.18,0.000,0.900,DRIVETEST
2026-08-17T14:36:04.716755,37.8649112,32.4839461,1024.16,-0.0671,0.1270,-1.3530,282.0,0.28,0.000,0.900,DRIVETEST
2026-08-17T14:36:05.716729,37.8649111,32.4839457,1024.16,-0.0680,0.1213,-1.5530,271.0,0.04,0.000,0.900,DRIVETEST
2026-08-17T14:36:06.716738,37.8649115,32.4839465,1024.23,-0.0660,0.1444,-1.6957,262.0,0.15,0.850,0.000,DRIVETEST
2026-08-17T14:36:07.716777,37.8649122,32.4839433,1024.25,-0.0674,0.1602,-1.5530,271.0,0.15,0.000,-0.900,DRIVETEST
2026-08-17T14:36:08.716777,37.8649120,32.4839443,1024.21,-0.0576,0.1461,-1.5104,273.0,0.06,0.000,0.900,DRIVETEST
2026-08-17T14:36:09.717278,37.8649115,32.4839454,1024.20,-0.0457,0.1213,-1.6477,265.0,0.09,0.000,0.900,DRIVETEST
2026-08-17T14:36:10.716719,37.8649113,32.4839453,1024.19,-0.0473,0.1193,-1.6646,264.0,0.05,0.000,0.900,DRIVETEST
2026-08-17T14:36:11.717014,37.8649117,32.4839455,1024.20,-0.0513,0.1210,-1.6370,266.0,0.06,0.000,0.900,DRIVETEST
2026-08-17T14:36:12.716834,37.8649123,32.4839455,1024.19,-0.0692,0.1397,-1.5441,271.0,0.07,0.000,-0.900,DRIVETEST
2026-08-17T14:36:13.716789,37.8649127,32.4839464,1024.25,-0.0652,0.1450,-1.4913,274.0,0.12,0.000,0.900,DRIVETEST
2026-08-17T14:36:14.716818,37.8649128,32.4839478,1024.29,-0.0657,0.1444,-1.5222,272.0,0.14,0.000,0.900,DRIVETEST
2026-08-17T14:36:15.716747,37.8649126,32.4839487,1024.27,-0.0686,0.1486,-1.5440,271.0,0.17,0.000,0.900,DRIVETEST
2026-08-17T14:36:16.716717,37.8649123,32.4839500,1024.30,-0.0690,0.1367,-1.5475,271.0,0.14,0.000,0.900,DRIVETEST
2026-08-17T14:36:17.716787,37.8649116,32.4839505,1024.25,-0.0580,0.1727,-1.6139,267.0,0.13,0.000,0.900,DRIVETEST
2026-08-17T14:36:18.716915,37.8649120,32.4839500,1024.31,-0.0177,0.1513,-1.6361,266.0,0.07,0.000,-0.900,DRIVETEST
2026-08-17T14:36:19.717203,37.8649122,32.4839497,1024.32,-0.0608,0.1551,-1.5900,268.0,0.05,0.000,-0.900,DRIVETEST
2026-08-17T14:36:20.716735,37.8649123,32.4839497,1024.38,-0.0618,0.1620,-1.5687,270.0,0.04,0.850,0.000,DRIVETEST
2026-08-17T14:36:21.716722,37.8649117,32.4839503,1024.43,-0.0508,0.1488,-1.6057,268.0,0.07,0.000,-0.900,DRIVETEST
2026-08-17T14:36:22.716731,37.8649116,32.4839511,1024.50,-0.1203,0.2113,-1.6563,265.0,0.11,0.000,-0.900,DRIVETEST
2026-08-17T14:36:23.717635,37.8649112,32.4839509,1024.45,-0.1059,0.1784,-1.7304,260.0,0.02,0.000,-0.900,DRIVETEST
2026-08-17T14:36:24.716709,37.8649114,32.4839501,1024.39,-0.0869,0.1691,-1.7176,261.0,0.09,0.000,-0.900,DRIVETEST
2026-08-17T14:36:25.716751,37.8649114,32.4839498,1024.40,-0.0710,0.1736,-1.6756,264.0,0.03,0.000,-0.900,DRIVETEST
2026-08-17T14:36:26.716784,37.8649113,32.4839500,1024.38,-0.0749,0.1564,-1.7186,261.0,0.03,0.000,-0.900,DRIVETEST
2026-08-17T14:36:27.716790,37.8649108,32.4839500,1024.36,-0.0736,0.1658,-1.7374,260.0,0.01,0.850,0.000,DRIVETEST
2026-08-17T14:36:28.716701,37.8649109,32.4839496,1024.38,-0.0656,0.1816,-1.6717,264.0,0.05,0.000,-0.900,DRIVETEST
2026-08-17T14:36:29.717125,37.8649110,32.4839492,1024.35,-0.0898,0.1775,-1.6384,266.0,0.03,0.000,-0.900,DRIVETEST
2026-08-17T14:36:30.716844,37.8649110,32.4839497,1024.34,-0.0842,0.1865,-1.6442,265.0,0.06,0.000,-0.900,DRIVETEST
2026-08-17T14:36:31.716969,37.8649107,32.4839497,1024.19,-0.0818,0.1788,-1.6812,263.0,0.03,0.000,-0.900,DRIVETEST
2026-08-17T14:36:32.716842,37.8649106,32.4839494,1024.21,-0.0777,0.1831,-1.6730,264.0,0.01,0.000,-0.900,DRIVETEST
2026-08-17T14:36:33.716684,37.8649107,32.4839495,1024.24,-0.0748,0.1794,-1.6490,265.0,0.02,0.000,-0.900,DRIVETEST
2026-08-17T14:36:34.716685,37.8649106,32.4839497,1024.29,-0.0806,0.1687,-1.6541,265.0,0.05,0.000,-0.900,DRIVETEST
2026-08-17T14:36:35.716971,37.8649108,32.4839497,1024.31,-0.0707,0.1764,-1.6558,265.0,0.05,0.000,-0.900,DRIVETEST
2026-08-17T14:36:36.717220,37.8649106,32.4839501,1024.29,-0.0772,0.1733,-1.6630,264.0,0.05,0.000,-0.900,DRIVETEST
2026-08-17T14:36:37.717196,37.8649107,32.4839505,1024.30,-0.0844,0.1685,-1.6774,263.0,0.06,0.000,-0.900,DRIVETEST
2026-08-17T14:36:38.716809,37.8649109,32.4839500,1024.42,-0.0749,0.1778,-1.6540,265.0,0.05,0.000,-0.900,DRIVETEST
2026-08-17T14:36:39.716829,37.8649105,32.4839499,1024.40,-0.0744,0.1673,-1.6802,263.0,0.03,0.000,-0.900,DRIVETEST
2026-08-17T14:36:40.716843,37.8649096,32.4839486,1024.42,-0.0797,0.1529,-1.6930,263.0,0.05,0.000,-0.900,DRIVETEST
2026-08-17T14:36:41.716765,37.8649094,32.4839480,1024.48,-0.0809,0.2007,-1.6161,267.0,0.02,0.000,-0.900,DRIVETEST
2026-08-17T14:36:42.718791,37.8649085,32.4839473,1024.50,-0.0730,0.2055,-1.6412,265.0,0.10,0.000,-0.900,DRIVETEST
2026-08-17T14:36:43.716992,37.8649083,32.4839467,1024.51,-0.0721,0.1956,-1.6742,264.0,0.08,0.000,-0.900,DRIVETEST
2026-08-17T14:36:44.716870,37.8649084,32.4839462,1024.55,-0.0676,0.1955,-1.6641,264.0,0.07,0.000,-0.900,DRIVETEST
2026-08-17T14:36:45.716766,37.8649084,32.4839465,1024.52,-0.0685,0.1831,-1.6701,264.0,0.03,0.000,-0.900,DRIVETEST
2026-08-17T14:36:46.717356,37.8649086,32.4839471,1024.50,-0.0681,0.2116,-1.6214,267.0,0.03,0.000,-0.900,DRIVETEST
2026-08-17T14:36:47.717052,37.8649086,32.4839479,1024.52,-0.0736,0.2124,-1.6460,265.0,0.08,0.000,-0.900,DRIVETEST
2026-08-17T14:36:48.717274,37.8649091,32.4839476,1024.55,-0.0697,0.2153,-1.6561,265.0,0.05,0.000,-0.900,DRIVETEST
2026-08-17T14:36:49.716812,37.8649095,32.4839477,1024.47,-0.0617,0.2017,-1.6664,264.0,0.05,0.000,-0.900,DRIVETEST
2026-08-17T14:36:50.716736,37.8649090,32.4839480,1024.43,-0.0598,0.1710,-1.7162,261.0,0.06,0.000,-0.900,DRIVETEST
2026-08-17T14:36:51.717690,37.8649088,32.4839485,1024.40,-0.0476,0.1652,-1.7256,261.0,0.07,0.000,-0.900,DRIVETEST
2026-08-17T14:36:52.717012,37.8649084,32.4839481,1024.49,-0.0606,0.1840,-1.7168,261.0,0.03,0.000,-0.900,DRIVETEST
2026-08-17T14:36:53.716851,37.8649091,32.4839479,1024.49,-0.0659,0.1731,-1.7016,262.0,0.05,0.000,-0.900,DRIVETEST
2026-08-17T14:36:54.718377,37.8649094,32.4839482,1024.50,-0.0637,0.1715,-1.6859,263.0,0.05,0.000,-0.900,DRIVETEST
2026-08-17T14:36:55.716790,37.8649098,32.4839482,1024.52,-0.0667,0.1724,-1.6849,263.0,0.07,0.000,-0.900,DRIVETEST
2026-08-17T14:36:56.716722,37.8649100,32.4839482,1024.47,-0.0616,0.1747,-1.6828,263.0,0.07,0.000,-0.900,DRIVETEST
2026-08-17T14:36:57.716695,37.8649096,32.4839485,1024.45,-0.0639,0.1749,-1.7040,262.0,0.04,0.000,-0.900,DRIVETEST
2026-08-17T14:36:58.716716,37.8649098,32.4839472,1024.49,-0.0796,0.1842,-1.6207,267.0,0.15,0.850,0.000,DRIVETEST
2026-08-17T14:36:59.716749,37.8649103,32.4839442,1024.54,-0.0741,0.1499,-1.5823,269.0,0.38,0.000,-0.900,DRIVETEST
2026-08-17T14:37:00.716704,37.8649115,32.4839405,1024.55,-0.0669,0.1488,-1.4203,278.0,0.34,0.000,0.900,DRIVETEST
2026-08-17T14:37:01.716714,37.8649124,32.4839369,1024.53,-0.0651,0.1279,-1.3757,281.0,0.37,0.000,-0.900,DRIVETEST
2026-08-17T14:37:02.716873,37.8649145,32.4839346,1024.54,-0.0527,0.1311,-1.1776,292.0,0.21,0.000,0.900,DRIVETEST
2026-08-17T14:37:03.720473,37.8649139,32.4839347,1024.52,-0.0579,0.1293,-1.2738,287.0,0.10,0.000,0.900,DRIVETEST
2026-08-17T14:37:04.716704,37.8649136,32.4839345,1024.48,-0.0723,0.1168,-1.4369,277.0,0.07,0.000,-0.900,DRIVETEST
2026-08-17T14:37:05.716720,37.8649140,32.4839346,1024.48,-0.0617,0.1433,-1.2651,287.0,0.10,0.000,0.900,DRIVETEST
2026-08-17T14:37:06.716731,37.8649138,32.4839325,1024.44,-0.0585,0.1146,-1.3676,281.0,0.14,0.000,-0.900,DRIVETEST
2026-08-17T14:37:07.716785,37.8649149,32.4839315,1024.43,-0.0710,0.1175,-1.2570,287.0,0.18,0.000,0.900,DRIVETEST
2026-08-17T14:37:08.717088,37.8649142,32.4839319,1024.44,-0.0768,0.1630,-1.1893,291.0,0.08,0.000,0.900,DRIVETEST
2026-08-17T14:37:09.716727,37.8649143,32.4839291,1024.41,-0.0606,0.1196,-1.3835,280.0,0.23,0.000,-0.900,DRIVETEST
2026-08-17T14:37:10.716717,37.8649152,32.4839271,1024.43,-0.0743,0.1221,-1.4281,278.0,0.20,0.000,0.900,DRIVETEST
2026-08-17T14:37:11.716799,37.8649160,32.4839266,1024.46,-0.0624,0.1090,-1.2948,285.0,0.03,0.000,0.900,DRIVETEST
2026-08-17T14:37:12.717213,37.8649155,32.4839280,1024.48,-0.0675,0.1246,-1.4298,278.0,0.21,0.000,-0.900,DRIVETEST
2026-08-17T14:37:13.716774,37.8649152,32.4839300,1024.55,-0.0618,0.1339,-1.3821,280.0,0.21,0.000,0.900,DRIVETEST
2026-08-17T14:37:14.720310,37.8649139,32.4839318,1024.58,-0.0705,0.1001,-1.2847,286.0,0.30,0.000,0.900,DRIVETEST
2026-08-17T14:37:15.716701,37.8649119,32.4839350,1024.68,-0.0884,0.1551,-1.4347,277.0,0.37,0.000,-0.900,DRIVETEST
2026-08-17T14:37:16.716892,37.8649118,32.4839377,1024.69,-0.0630,0.1389,-1.2358,289.0,0.25,0.000,0.900,DRIVETEST
2026-08-17T14:37:17.717616,37.8649098,32.4839407,1024.70,-0.0743,0.1424,-1.3274,286.0,0.44,0.000,0.900,DRIVETEST
2026-08-17T14:37:18.716949,37.8649081,32.4839449,1024.71,-0.0759,0.1352,-1.4796,275.0,0.49,0.000,0.900,DRIVETEST
2026-08-17T14:37:19.717530,37.8649070,32.4839466,1024.74,-0.0814,0.1225,-1.6220,265.0,0.16,0.000,-0.900,DRIVETEST
2026-08-17T14:37:20.716837,37.8649078,32.4839451,1024.73,-0.0747,0.1160,-1.4564,276.0,0.14,0.850,0.000,DRIVETEST
2026-08-17T14:37:21.717725,37.8649077,32.4839445,1024.67,-0.0791,0.1088,-1.3280,283.0,0.14,0.000,-0.900,DRIVETEST
2026-08-17T14:37:22.717947,37.8649077,32.4839445,1024.66,-0.0811,0.1087,-1.2397,287.0,0.02,0.000,-0.900,DRIVETEST
2026-08-17T14:37:23.718064,37.8649071,32.4839442,1024.60,-0.0703,0.1291,-1.2811,289.0,0.12,0.000,0.900,DRIVETEST
2026-08-17T14:37:24.717317,37.8649074,32.4839427,1024.57,-0.0776,0.1247,-1.3759,279.0,0.04,0.000,-0.900,DRIVETEST
2026-08-17T14:37:25.718334,37.8649082,32.4839427,1024.54,-0.0661,0.1138,-1.2571,287.0,0.10,0.000,0.900,DRIVETEST
2026-08-17T14:37:26.716982,37.8649070,32.4839431,1024.54,-0.0657,0.1343,-1.3392,283.0,0.07,0.000,-0.900,DRIVETEST
2026-08-17T14:37:27.717630,37.8649079,32.4839426,1024.53,-0.0698,0.1162,-1.2334,285.0,0.13,0.000,-0.900,DRIVETEST
2026-08-17T14:37:28.718035,37.8649078,32.4839440,1024.51,-0.0673,0.1034,-1.1709,293.0,0.10,0.000,0.900,DRIVETEST
2026-08-17T14:37:29.716802,37.8649068,32.4839455,1024.51,-0.0647,0.1109,-1.2482,288.0,0.23,0.850,0.000,DRIVETEST
2026-08-17T14:37:30.716968,37.8649066,32.4839456,1024.50,-0.0709,0.1063,-1.3583,282.0,0.02,0.000,-0.900,DRIVETEST
2026-08-17T14:37:31.717801,37.8649076,32.4839451,1024.56,-0.0673,0.1486,-1.1740,291.0,0.07,0.000,0.900,DRIVETEST
2026-08-17T14:37:32.717082,37.8649074,32.4839436,1024.60,-0.0689,0.1332,-1.2140,290.0,0.16,0.000,0.900,DRIVETEST
2026-08-17T14:37:33.717175,37.8649088,32.4839411,1024.67,-0.0737,0.1290,-1.3711,281.0,0.22,0.000,-0.900,DRIVETEST
2026-08-17T14:37:34.716907,37.8649103,32.4839395,1024.74,-0.0844,0.1073,-1.3372,283.0,0.21,0.000,0.900,DRIVETEST
2026-08-17T14:37:35.717128,37.8649101,32.4839393,1024.82,-0.0837,0.0967,-1.3137,284.0,0.08,0.000,-0.900,DRIVETEST
2026-08-17T14:37:36.716752,37.8649089,32.4839397,1024.91,-0.0618,0.1338,-1.3600,282.0,0.14,0.000,0.900,DRIVETEST
2026-08-17T14:37:37.717515,37.8649083,32.4839407,1024.91,-0.0757,0.1054,-1.4795,276.0,0.11,0.000,0.900,DRIVETEST
2026-08-17T14:37:38.716845,37.8649077,32.4839418,1024.78,-0.0723,0.1361,-1.5708,270.0,0.08,0.000,0.900,DRIVETEST
2026-08-17T14:37:39.717716,37.8649073,32.4839425,1024.69,-0.0558,0.1001,-1.6856,264.0,0.05,0.850,0.000,DRIVETEST
2026-08-17T14:37:40.716473,37.8649075,32.4839423,1024.58,-0.0654,0.1356,-1.7841,259.0,0.07,0.000,-0.900,DRIVETEST
2026-08-17T14:37:41.716667,37.8649080,32.4839416,1024.49,-0.0621,0.1361,-1.8395,255.0,0.05,0.850,0.000,DRIVETEST
2026-08-17T14:37:42.717242,37.8649081,32.4839410,1024.43,-0.0595,0.1410,-1.8722,253.0,0.06,0.850,0.000,DRIVETEST
2026-08-17T14:37:43.716746,37.8649080,32.4839412,1024.42,-0.0632,0.1333,-1.8915,251.0,0.02,0.000,0.000,IDLE
2026-08-17T14:37:44.719827,37.8649077,32.4839418,1024.41,-0.0644,0.1292,-1.9154,250.0,0.03,0.000,0.000,IDLE
2026-08-17T14:37:45.717257,37.8649071,32.4839425,1024.53,-0.0727,0.1321,-1.9556,248.0,0.07,0.000,0.000,IDLE
2026-08-17T14:37:46.716393,37.8649069,32.4839431,1024.60,-0.0693,0.1410,-1.9611,247.0,0.08,0.000,0.000,IDLE
2026-08-17T14:37:47.716923,37.8649068,32.4839433,1024.66,-0.0626,0.1309,-1.9894,246.0,0.06,0.000,0.000,IDLE
2026-08-17T14:37:48.716548,37.8649067,32.4839429,1024.60,-0.0654,0.1310,-2.0574,243.0,0.07,0.000,0.000,IDLE
2026-08-17T14:37:49.716622,37.8649062,32.4839420,1024.55,-0.0633,0.1314,-2.0736,240.0,0.09,0.000,0.000,IDLE
2026-08-17T14:37:50.716882,37.8649064,32.4839415,1024.53,-0.0646,0.1398,-1.9876,245.0,0.07,0.000,0.900,WAYPOINT
2026-08-17T14:37:51.716694,37.8649065,32.4839420,1024.50,-0.0633,0.1336,-1.9294,249.0,0.03,0.850,0.000,WAYPOINT
2026-08-17T14:37:52.716568,37.8649066,32.4839432,1024.42,-0.0736,0.1349,-1.9212,249.0,0.07,0.000,-0.900,WAYPOINT
2026-08-17T14:37:53.716486,37.8649070,32.4839430,1024.38,-0.0695,0.1399,-1.9412,248.0,0.05,0.000,0.000,WAYPOINT
2026-08-17T14:37:54.716459,37.8649071,32.4839432,1024.36,-0.0658,0.1425,-1.9793,247.0,0.06,0.000,0.900,WAYPOINT
2026-08-17T14:37:55.716671,37.8649070,32.4839434,1024.41,-0.0657,0.1449,-2.0219,244.0,0.06,0.000,0.900,WAYPOINT
2026-08-17T14:37:56.716494,37.8649078,32.4839434,1024.43,-0.0646,0.1462,-2.0754,241.0,0.07,0.000,0.900,WAYPOINT
2026-08-17T14:37:57.717539,37.8649078,32.4839437,1024.45,-0.0698,0.1442,-2.1383,238.0,0.07,0.000,0.900,WAYPOINT
2026-08-17T14:37:58.716432,37.8649076,32.4839440,1024.49,-0.0612,0.1388,-2.1975,234.0,0.08,0.000,0.900,WAYPOINT
2026-08-17T14:37:59.716802,37.8649080,32.4839444,1024.42,-0.0330,0.1135,-2.0552,239.0,0.22,0.000,0.900,WAYPOINT
2026-08-17T14:38:00.717573,37.8649086,32.4839455,1024.38,-0.0147,0.1501,-1.9491,248.0,0.06,0.000,0.900,WAYPOINT
2026-08-17T14:38:01.719000,37.8649087,32.4839455,1024.37,-0.0691,0.1358,-1.9490,248.0,0.04,0.000,0.900,WAYPOINT
2026-08-17T14:38:02.717616,37.8649085,32.4839454,1024.37,-0.0780,0.1184,-1.9794,247.0,0.05,0.000,0.900,WAYPOINT
2026-08-17T14:38:03.716389,37.8649084,32.4839444,1024.39,-0.0697,0.0970,-2.0037,245.0,0.05,0.000,0.900,WAYPOINT
2026-08-17T14:38:04.716512,37.8649077,32.4839436,1024.40,-0.0687,0.1104,-1.9557,247.0,0.05,0.000,0.900,WAYPOINT
2026-08-17T14:38:05.716584,37.8649077,32.4839439,1024.38,-0.0737,0.1302,-1.9315,249.0,0.02,0.000,0.900,WAYPOINT
2026-08-17T14:38:06.716858,37.8649076,32.4839439,1024.47,-0.0660,0.1175,-1.9478,248.0,0.02,0.000,0.000,WAYPOINT
2026-08-17T14:38:07.716387,37.8649077,32.4839431,1024.53,-0.0647,0.1143,-1.9485,248.0,0.04,0.000,0.000,WAYPOINT
2026-08-17T14:38:08.716606,37.8649080,32.4839430,1024.52,-0.0625,0.1221,-1.9250,249.0,0.03,0.000,0.000,WAYPOINT
2026-08-17T14:38:09.716660,37.8649077,32.4839433,1024.51,-0.0544,0.1069,-1.9415,249.0,0.01,0.000,0.000,WAYPOINT
2026-08-17T14:38:10.716369,37.8649077,32.4839425,1024.49,-0.0506,0.1034,-1.9488,248.0,0.03,0.000,0.000,WAYPOINT
2026-08-17T14:38:11.716828,37.8649078,32.4839424,1024.44,-0.0484,0.1086,-1.9303,249.0,0.02,0.000,0.000,WAYPOINT
2026-08-17T14:38:12.716511,37.8649078,32.4839426,1024.40,-0.0515,0.1094,-1.9422,248.0,0.03,0.000,0.000,WAYPOINT
2026-08-17T14:38:13.716970,37.8649080,32.4839425,1024.40,-0.0501,0.1197,-1.9426,248.0,0.03,0.000,0.000,WAYPOINT
2026-08-17T14:38:14.716532,37.8649075,32.4839429,1024.42,-0.0432,0.1632,-1.9203,249.0,0.01,0.000,0.000,WAYPOINT
2026-08-17T14:38:15.716755,37.8649074,32.4839421,1024.54,-0.0449,0.1693,-1.7768,258.0,0.24,0.000,0.000,WAYPOINT
2026-08-17T14:38:16.717364,37.8649072,32.4839383,1024.75,-0.0616,0.1376,-1.6471,265.0,0.43,0.000,0.000,WAYPOINT
2026-08-17T14:38:17.716923,37.8649071,32.4839329,1024.82,-0.0741,0.1327,-1.6183,267.0,0.50,0.000,0.000,WAYPOINT
2026-08-17T14:38:18.718130,37.8649070,32.4839267,1024.81,-0.0696,0.1327,-1.5781,269.0,0.55,0.000,0.000,WAYPOINT
2026-08-17T14:38:19.717032,37.8649078,32.4839206,1024.75,-0.0682,0.1324,-1.5594,270.0,0.55,0.000,0.000,WAYPOINT
2026-08-17T14:38:20.716870,37.8649087,32.4839145,1024.70,-0.0707,0.1297,-1.5434,271.0,0.57,0.000,-0.900,WAYPOINT
2026-08-17T14:38:21.716647,37.8649106,32.4839091,1024.67,-0.0594,0.1638,-1.3276,283.0,0.41,0.000,0.000,WAYPOINT
2026-08-17T14:38:22.717156,37.8649111,32.4839049,1024.66,-0.0577,0.1147,-1.4357,277.0,0.28,0.000,0.900,WAYPOINT
2026-08-17T14:38:23.716766,37.8649104,32.4839017,1024.70,-0.0628,0.1192,-1.7079,262.0,0.24,0.000,-0.900,WAYPOINT
2026-08-17T14:38:24.716697,37.8649107,32.4838981,1024.69,-0.0741,0.1173,-1.7856,257.0,0.22,0.000,-0.900,WAYPOINT
2026-08-17T14:38:25.716440,37.8649113,32.4838964,1024.67,-0.0704,0.1254,-1.6402,266.0,0.18,0.000,0.000,WAYPOINT
2026-08-17T14:38:26.716762,37.8649104,32.4838948,1024.66,-0.0694,0.1441,-1.6844,264.0,0.30,0.000,0.000,WAYPOINT
2026-08-17T14:38:27.717115,37.8649100,32.4838896,1024.67,-0.0737,0.1377,-1.6757,263.0,0.51,0.000,0.000,WAYPOINT
2026-08-17T14:38:28.716440,37.8649097,32.4838833,1024.68,-0.0703,0.1316,-1.7000,262.0,0.59,0.000,0.000,WAYPOINT
2026-08-17T14:38:29.716715,37.8649095,32.4838762,1024.69,-0.0691,0.1312,-1.7114,261.0,0.61,0.000,0.900,WAYPOINT
2026-08-17T14:38:30.716414,37.8649090,32.4838695,1024.66,-0.0572,0.1036,-1.8896,251.0,0.42,0.000,0.900,WAYPOINT
2026-08-17T14:38:31.716657,37.8649079,32.4838648,1024.65,-0.0678,0.1076,-1.9741,246.0,0.43,0.000,0.000,WAYPOINT
2026-08-17T14:38:32.716657,37.8649075,32.4838604,1024.70,-0.0711,0.1497,-1.8212,253.0,0.45,0.000,0.000,WAYPOINT
2026-08-17T14:38:33.717088,37.8649070,32.4838545,1024.73,-0.0692,0.1302,-1.7338,260.0,0.58,0.000,0.000,WAYPOINT
2026-08-17T14:38:34.716620,37.8649065,32.4838473,1024.81,-0.0726,0.1297,-1.6921,263.0,0.63,0.000,0.000,WAYPOINT
2026-08-17T14:38:35.717019,37.8649072,32.4838400,1024.80,-0.0715,0.1237,-1.5759,269.0,0.64,0.000,0.000,WAYPOINT
2026-08-17T14:38:36.716491,37.8649079,32.4838338,1024.76,-0.0622,0.1121,-1.6197,267.0,0.44,0.000,0.000,WAYPOINT
2026-08-17T14:38:37.716396,37.8649082,32.4838285,1024.83,-0.0641,0.1260,-1.7422,260.0,0.49,0.000,0.000,WAYPOINT
2026-08-17T14:38:38.716466,37.8649078,32.4838227,1024.89,-0.0660,0.1122,-1.8033,256.0,0.32,0.000,0.000,WAYPOINT
2026-08-17T14:38:39.716525,37.8649078,32.4838205,1024.91,-0.0852,0.1467,-1.7346,255.0,0.11,0.000,0.000,WAYPOINT
2026-08-17T14:38:40.716666,37.8649098,32.4838211,1024.88,-0.0658,0.1024,-1.1086,296.0,0.35,0.000,0.000,WAYPOINT
2026-08-17T14:38:41.716969,37.8649082,32.4838230,1024.88,-0.0689,0.1404,-0.6965,320.0,0.14,0.000,0.000,WAYPOINT
2026-08-17T14:38:42.716417,37.8649065,32.4838222,1024.87,-0.0703,0.1496,-0.6002,324.0,0.08,0.000,0.000,WAYPOINT
2026-08-17T14:38:43.716483,37.8649079,32.4838204,1024.81,-0.0682,0.1474,-0.5721,327.0,0.26,0.000,0.000,WAYPOINT
2026-08-17T14:38:44.716493,37.8649113,32.4838176,1024.77,-0.0653,0.1367,-0.5556,328.0,0.48,0.000,0.000,WAYPOINT
2026-08-17T14:38:45.716489,37.8649162,32.4838145,1024.77,-0.0674,0.1415,-0.5841,326.0,0.65,0.000,0.000,WAYPOINT
2026-08-17T14:38:46.716413,37.8649222,32.4838110,1024.79,-0.0662,0.1316,-0.6439,323.0,0.68,0.000,0.000,WAYPOINT
2026-08-17T14:38:47.716592,37.8649282,32.4838071,1024.85,-0.0644,0.1214,-0.6998,319.0,0.71,0.000,0.900,WAYPOINT
2026-08-17T14:38:48.716803,37.8649326,32.4838034,1024.88,-0.0634,0.1179,-0.9117,307.0,0.44,0.000,0.900,WAYPOINT
2026-08-17T14:38:49.717117,37.8649352,32.4837995,1024.95,-0.0726,0.1405,-1.0709,298.0,0.41,0.000,0.000,WAYPOINT
2026-08-17T14:38:50.716414,37.8649366,32.4837964,1024.99,-0.0660,0.1063,-1.4018,279.0,0.16,0.000,0.000,WAYPOINT
2026-08-17T14:38:51.716566,37.8649358,32.4837948,1025.03,-0.0709,0.0923,-2.0480,242.0,0.18,0.000,0.000,WAYPOINT
2026-08-17T14:38:52.716706,37.8649358,32.4837951,1025.06,-0.0536,0.0964,-2.6850,206.0,0.20,0.000,0.000,WAYPOINT
2026-08-17T14:38:53.716492,37.8649354,32.4837950,1025.01,-0.0510,0.1068,2.9780,170.0,0.14,0.000,0.000,WAYPOINT
2026-08-17T14:38:54.716506,37.8649347,32.4837950,1025.02,-0.0714,0.1117,2.4349,139.0,0.08,0.000,0.000,WAYPOINT
2026-08-17T14:38:55.716616,37.8649336,32.4837946,1025.01,-0.0620,0.1259,2.1378,122.0,0.13,0.000,0.000,WAYPOINT
2026-08-17T14:38:56.717286,37.8649318,32.4837960,1025.00,-0.0663,0.1337,2.0724,118.0,0.43,0.000,0.000,WAYPOINT
2026-08-17T14:38:57.717314,37.8649291,32.4837994,1024.97,-0.0699,0.1273,2.1964,125.0,0.60,0.000,0.000,WAYPOINT
2026-08-17T14:38:58.716528,37.8649258,32.4838035,1024.93,-0.0632,0.1435,2.2702,130.0,0.67,0.000,0.000,WAYPOINT
2026-08-17T14:38:59.716390,37.8649222,32.4838082,1024.89,-0.0704,0.1280,2.3245,133.0,0.71,0.000,0.000,WAYPOINT
2026-08-17T14:39:00.716650,37.8649184,32.4838126,1024.87,-0.0765,0.1098,2.4202,136.0,0.68,0.000,-0.900,WAYPOINT
2026-08-17T14:39:01.716491,37.8649149,32.4838152,1024.87,-0.0670,0.1325,2.5541,146.0,0.48,0.000,0.000,WAYPOINT
2026-08-17T14:39:02.716396,37.8649121,32.4838179,1024.87,-0.0731,0.1593,2.5475,145.0,0.50,0.000,0.000,WAYPOINT
2026-08-17T14:39:03.716568,37.8649080,32.4838214,1024.86,-0.0743,0.1296,2.6160,149.0,0.59,0.000,-0.900,WAYPOINT
2026-08-17T14:39:04.716466,37.8649042,32.4838226,1024.83,-0.0733,0.1249,2.9862,171.0,0.32,0.850,0.000,WAYPOINT
2026-08-17T14:39:05.716535,37.8649024,32.4838222,1024.80,-0.0488,0.0809,3.0683,175.0,0.15,0.000,-0.900,WAYPOINT
2026-08-17T14:39:06.716542,37.8649012,32.4838225,1024.80,-0.0462,0.1145,2.9214,167.0,0.21,0.000,0.000,WAYPOINT
2026-08-17T14:39:07.716532,37.8649005,32.4838235,1024.76,-0.0884,0.1457,2.4332,139.0,0.13,0.000,-0.900,WAYPOINT
2026-08-17T14:39:08.716385,37.8648996,32.4838221,1024.78,-0.0849,0.1341,2.5357,145.0,0.19,0.000,-0.900,WAYPOINT
2026-08-17T14:39:09.716484,37.8648996,32.4838200,1024.82,-0.0660,0.1667,2.8743,164.0,0.20,0.000,0.000,WAYPOINT
2026-08-17T14:39:10.716393,37.8648983,32.4838215,1024.81,-0.0511,0.1044,2.7077,155.0,0.21,0.000,0.000,WAYPOINT
2026-08-17T14:39:11.716704,37.8648982,32.4838237,1024.82,-0.0830,0.1455,2.2907,131.0,0.03,0.000,-0.900,WAYPOINT
2026-08-17T14:39:12.716454,37.8648968,32.4838220,1024.83,-0.0737,0.1302,2.4964,143.0,0.23,0.000,-0.900,WAYPOINT
2026-08-17T14:39:13.716670,37.8648965,32.4838211,1024.80,-0.0624,0.1546,2.8739,164.0,0.15,0.000,0.000,WAYPOINT
2026-08-17T14:39:14.716445,37.8648961,32.4838226,1024.79,-0.0496,0.1009,2.7009,154.0,0.28,0.000,0.000,WAYPOINT
2026-08-17T14:39:15.716573,37.8648968,32.4838246,1024.80,-0.0886,0.1430,2.3061,132.0,0.05,0.000,-0.900,WAYPOINT
2026-08-17T14:39:16.716391,37.8648952,32.4838236,1024.80,-0.0793,0.1311,2.5445,145.0,0.19,0.000,-0.900,WAYPOINT
2026-08-17T14:39:17.716389,37.8648950,32.4838223,1024.73,-0.0682,0.1152,2.9808,170.0,0.18,0.000,-0.900,WAYPOINT
2026-08-17T14:39:18.716401,37.8648954,32.4838225,1024.73,-0.0733,0.1103,-2.9634,190.0,0.09,0.000,-0.900,WAYPOINT
2026-08-17T14:39:19.716444,37.8648945,32.4838224,1024.69,-0.0665,0.1631,-2.6108,210.0,0.11,0.000,0.000,WAYPOINT
2026-08-17T14:39:20.716394,37.8648936,32.4838217,1024.66,-0.0705,0.1100,-2.0389,243.0,0.16,0.000,0.000,WAYPOINT
2026-08-17T14:39:21.716680,37.8648944,32.4838227,1024.61,-0.0799,0.1001,-1.3405,283.0,0.18,0.000,0.000,WAYPOINT
2026-08-17T14:39:22.716484,37.8648934,32.4838236,1024.63,-0.0836,0.1060,-0.7399,317.0,0.24,0.000,0.000,WAYPOINT
2026-08-17T14:39:23.716454,37.8648913,32.4838250,1024.69,-0.0827,0.1177,-0.1373,352.0,0.32,0.000,0.000,WAYPOINT
2026-08-17T14:39:24.716508,37.8648898,32.4838244,1024.75,-0.0722,0.1280,0.2079,11.0,0.14,0.000,0.900,WAYPOINT
2026-08-17T14:39:25.716395,37.8648907,32.4838229,1024.80,-0.0675,0.1138,0.2016,11.0,0.32,0.000,0.900,WAYPOINT
2026-08-17T14:39:26.716566,37.8648901,32.4838216,1024.88,-0.0746,0.1246,-0.0038,359.0,0.37,0.850,0.000,WAYPOINT
2026-08-17T14:39:27.716430,37.8648892,32.4838211,1024.92,-0.0800,0.1244,-0.1047,354.0,0.11,0.000,0.000,WAYPOINT
2026-08-17T14:39:28.716558,37.8648890,32.4838214,1024.97,-0.0726,0.1574,0.0661,3.0,0.15,0.000,0.900,WAYPOINT
2026-08-17T14:39:29.716512,37.8648898,32.4838200,1024.97,-0.0728,0.1291,-0.1146,353.0,0.21,0.850,0.000,WAYPOINT
2026-08-17T14:39:30.716510,37.8648907,32.4838194,1024.94,-0.0801,0.1090,-0.1677,350.0,0.20,0.000,0.000,WAYPOINT
2026-08-17T14:39:31.716619,37.8648931,32.4838204,1024.88,-0.0730,0.1357,0.0906,5.0,0.51,0.000,0.000,WAYPOINT
2026-08-17T14:39:32.716502,37.8648981,32.4838209,1024.78,-0.0529,0.1007,0.1211,6.0,0.54,0.850,0.000,WAYPOINT
2026-08-17T14:39:33.716483,37.8649021,32.4838208,1024.77,-0.0696,0.0968,0.1058,6.0,0.43,0.000,0.000,WAYPOINT
2026-08-17T14:39:34.716525,37.8649046,32.4838222,1024.72,-0.0620,0.1546,0.4245,24.0,0.34,0.000,0.000,WAYPOINT
2026-08-17T14:39:35.716571,37.8649072,32.4838236,1024.68,-0.0601,0.1218,0.5577,31.0,0.38,0.000,0.900,WAYPOINT
2026-08-17T14:39:36.716389,37.8649103,32.4838243,1024.68,-0.0695,0.1204,0.3170,18.0,0.28,0.850,0.000,WAYPOINT
2026-08-17T14:39:37.716432,37.8649125,32.4838254,1024.70,-0.0917,0.0925,0.3363,19.0,0.22,0.000,0.000,WAYPOINT
2026-08-17T14:39:38.716649,37.8649119,32.4838280,1024.68,-0.0620,0.1000,0.9118,52.0,0.28,0.000,0.900,WAYPOINT
2026-08-17T14:39:39.716479,37.8649115,32.4838258,1024.66,-0.0723,0.1740,1.1540,66.0,0.09,0.000,0.000,WAYPOINT
2026-08-17T14:39:40.716468,37.8649112,32.4838269,1024.61,-0.0806,0.1210,1.7186,98.0,0.17,0.000,-0.900,WAYPOINT
2026-08-17T14:39:41.719053,37.8649112,32.4838260,1024.60,-0.0630,0.1321,2.1819,125.0,0.03,0.000,0.000,WAYPOINT
2026-08-17T14:39:42.716620,37.8649117,32.4838272,1024.59,-0.0809,0.1331,2.4076,137.0,0.10,0.000,0.000,WAYPOINT
2026-08-17T14:39:43.716533,37.8649102,32.4838283,1024.62,-0.0793,0.1412,2.7034,154.0,0.34,0.000,-0.900,WAYPOINT
2026-08-17T14:39:44.717315,37.8649079,32.4838292,1024.58,-0.0732,0.1269,3.1140,178.0,0.18,0.850,0.000,WAYPOINT
2026-08-17T14:39:45.716572,37.8649061,32.4838296,1024.57,-0.0781,0.1106,-2.9097,193.0,0.19,0.000,0.000,WAYPOINT
2026-08-17T14:39:46.716915,37.8649042,32.4838291,1024.57,-0.0712,0.1215,-2.7371,203.0,0.27,0.000,0.000,WAYPOINT
2026-08-17T14:39:47.716716,37.8649019,32.4838282,1024.54,-0.0727,0.1181,-2.6177,210.0,0.09,0.000,0.000,WAYPOINT
2026-08-17T14:39:48.716743,37.8649014,32.4838271,1024.49,-0.0673,0.1291,-2.0609,241.0,0.11,0.000,-0.900,WAYPOINT
2026-08-17T14:39:49.717040,37.8649014,32.4838281,1024.47,-0.0894,0.1071,-1.5498,271.0,0.06,0.000,0.000,WAYPOINT
2026-08-17T14:39:50.716786,37.8649013,32.4838288,1024.42,-0.0752,0.1086,-0.9115,307.0,0.23,0.000,0.000,WAYPOINT
2026-08-17T14:39:51.716711,37.8648997,32.4838298,1024.40,-0.0751,0.1424,-0.4641,329.0,0.23,0.000,0.900,WAYPOINT
2026-08-17T14:39:52.716438,37.8648983,32.4838281,1024.43,-0.0784,0.1261,-0.3606,339.0,0.16,0.000,0.000,WAYPOINT
2026-08-17T14:39:53.716383,37.8648992,32.4838273,1024.49,-0.0673,0.1349,-0.2282,346.0,0.17,0.000,0.000,WAYPOINT
2026-08-17T14:39:54.716507,37.8649016,32.4838262,1024.49,-0.0760,0.1466,-0.1278,352.0,0.37,0.000,0.000,WAYPOINT
2026-08-17T14:39:55.716837,37.8649054,32.4838256,1024.47,-0.0722,0.1355,-0.0773,355.0,0.51,0.000,0.000,WAYPOINT
2026-08-17T14:39:56.716544,37.8649104,32.4838254,1024.50,-0.0653,0.1149,-0.1795,349.0,0.59,0.000,0.900,WAYPOINT
2026-08-17T14:39:57.716478,37.8649150,32.4838245,1024.52,-0.0786,0.1527,-0.3750,338.0,0.47,0.000,0.000,WAYPOINT
2026-08-17T14:39:58.716720,37.8649185,32.4838237,1024.49,-0.0496,0.0814,-0.4542,333.0,0.26,0.000,0.000,WAYPOINT
2026-08-17T14:39:59.716783,37.8649186,32.4838218,1024.51,-0.0607,0.0965,-1.0370,300.0,0.22,0.000,0.000,WAYPOINT
2026-08-17T14:40:00.716660,37.8649182,32.4838218,1024.54,-0.0836,0.1264,-1.6290,266.0,0.09,0.000,0.900,WAYPOINT
2026-08-17T14:40:01.716723,37.8649190,32.4838217,1024.53,-0.0557,0.1280,-1.9488,248.0,0.08,0.000,0.000,WAYPOINT
2026-08-17T14:40:02.716608,37.8649182,32.4838206,1024.47,-0.0565,0.0996,-2.4532,219.0,0.13,0.000,0.000,WAYPOINT
2026-08-17T14:40:03.716635,37.8649179,32.4838209,1024.46,-0.0583,0.0932,-3.0651,184.0,0.12,0.000,0.000,WAYPOINT
2026-08-17T14:40:04.717399,37.8649175,32.4838203,1024.43,-0.0802,0.1464,2.8407,162.0,0.07,0.000,-0.900,WAYPOINT
2026-08-17T14:40:05.716622,37.8649169,32.4838185,1024.37,-0.0667,0.1158,3.1065,177.0,0.28,0.000,-0.900,WAYPOINT
2026-08-17T14:40:06.716472,37.8649173,32.4838186,1024.32,-0.0638,0.1233,-2.9084,193.0,0.13,0.000,0.000,WAYPOINT
2026-08-17T14:40:07.716989,37.8649163,32.4838195,1024.32,-0.0544,0.1228,-3.0940,182.0,0.36,0.000,0.000,WAYPOINT
2026-08-17T14:40:08.716711,37.8649128,32.4838196,1024.33,-0.0832,0.1126,2.9942,171.0,0.52,0.000,0.000,WAYPOINT
2026-08-17T14:40:09.716630,37.8649090,32.4838194,1024.40,-0.0777,0.1144,2.9140,166.0,0.45,0.000,0.000,WAYPOINT
2026-08-17T14:40:10.716479,37.8649057,32.4838205,1024.45,-0.0833,0.1021,2.8335,162.0,0.44,0.000,0.000,WAYPOINT
2026-08-17T14:40:11.716602,37.8649037,32.4838230,1024.58,-0.0790,0.1071,2.6924,154.0,0.42,0.000,0.000,WAYPOINT
2026-08-17T14:40:12.716563,37.8649030,32.4838271,1024.63,-0.0795,0.1140,2.3863,136.0,0.48,0.000,0.000,WAYPOINT
2026-08-17T14:40:13.716557,37.8649013,32.4838316,1024.57,-0.0707,0.1224,2.0220,115.0,0.38,0.000,0.000,WAYPOINT
2026-08-17T14:40:14.722540,37.8648997,32.4838344,1024.56,-0.0729,0.1468,1.6795,96.0,0.31,0.000,-0.900,WAYPOINT
2026-08-17T14:40:15.716404,37.8648986,32.4838372,1024.54,-0.0694,0.1039,1.4925,85.0,0.35,0.000,0.000,WAYPOINT
2026-08-17T14:40:16.716578,37.8648977,32.4838394,1024.59,-0.0715,0.1119,1.3959,79.0,0.29,0.000,0.000,IDLE
2026-08-17T14:40:17.716619,37.8648980,32.4838410,1024.57,-0.0844,0.1317,1.3711,78.0,0.30,0.000,0.000,IDLE
2026-08-17T14:40:18.716407,37.8648983,32.4838425,1024.63,-0.0674,0.1221,1.3976,80.0,0.33,0.000,0.000,IDLE
2026-08-17T14:40:19.716480,37.8648977,32.4838452,1024.61,-0.0654,0.1198,1.5133,86.0,0.27,0.000,0.000,IDLE
2026-08-17T14:40:20.716431,37.8648978,32.4838461,1024.58,-0.0553,0.1146,1.5689,89.0,0.24,0.000,0.000,IDLE
2026-08-17T14:40:21.716646,37.8648967,32.4838486,1024.59,-0.0599,0.1079,1.6370,93.0,0.31,0.000,0.000,IDLE
2026-08-17T14:40:22.716459,37.8648971,32.4838537,1024.50,-0.0556,0.0702,1.5315,87.0,0.36,0.000,0.000,IDLE
2026-08-17T14:40:23.716768,37.8648963,32.4838575,1024.51,-0.0542,0.0977,1.6915,96.0,0.37,0.000,0.000,IDLE
2026-08-17T14:40:24.716646,37.8648965,32.4838619,1024.43,-0.0594,0.0992,1.6726,95.0,0.39,0.000,0.000,IDLE
2026-08-17T14:40:25.716902,37.8648964,32.4838660,1024.30,-0.0547,0.1138,1.7412,99.0,0.47,0.000,0.000,IDLE
2026-08-17T14:40:26.716483,37.8648960,32.4838715,1024.30,-0.0672,0.1453,1.7220,98.0,0.44,0.000,0.000,IDLE
2026-08-17T14:40:27.716664,37.8648948,32.4838762,1024.29,-0.0758,0.1399,1.7539,100.0,0.35,0.000,0.000,IDLE
2026-08-17T14:40:28.716524,37.8648940,32.4838798,1024.39,-0.0745,0.1565,1.7601,100.0,0.38,0.000,0.000,IDLE
2026-08-17T14:40:29.716551,37.8648934,32.4838848,1024.46,-0.0673,0.1183,1.7428,99.0,0.41,0.000,0.000,IDLE
2026-08-17T14:40:30.716573,37.8648932,32.4838889,1024.39,-0.0729,0.1487,1.7602,100.0,0.31,0.000,0.000,IDLE
2026-08-17T14:40:31.716707,37.8648934,32.4838925,1024.33,-0.0679,0.1607,1.6903,96.0,0.22,0.000,0.000,IDLE
2026-08-17T14:40:32.716484,37.8648944,32.4838951,1024.42,-0.0661,0.1573,1.6271,93.0,0.31,0.000,0.000,IDLE
2026-08-17T14:40:33.716730,37.8648953,32.4838986,1024.51,-0.0644,0.1693,1.5770,90.0,0.27,0.000,0.000,IDLE
2026-08-17T14:40:34.717111,37.8648955,32.4839023,1024.56,-0.0618,0.1689,1.6542,94.0,0.30,0.000,0.000,IDLE
2026-08-17T14:40:35.716650,37.8648959,32.4839067,1024.51,-0.0688,0.1564,1.6043,91.0,0.34,0.000,0.000,IDLE
2026-08-17T14:40:36.716760,37.8648963,32.4839114,1024.49,-0.0752,0.1488,1.5573,89.0,0.34,0.000,0.000,IDLE
2026-08-17T14:40:37.716540,37.8648974,32.4839144,1024.52,-0.0648,0.1959,1.5595,89.0,0.31,0.000,0.000,IDLE
2026-08-17T14:40:38.716488,37.8648984,32.4839185,1024.45,-0.0759,0.1226,1.5281,87.0,0.36,0.000,0.000,IDLE
2026-08-17T14:40:39.716689,37.8648993,32.4839220,1024.42,-0.0668,0.1547,1.5725,90.0,0.30,0.000,0.000,IDLE
2026-08-17T14:40:40.716916,37.8649003,32.4839254,1024.46,-0.0720,0.1698,1.6011,91.0,0.34,0.000,0.000,IDLE
2026-08-17T14:40:41.716595,37.8649014,32.4839283,1024.45,-0.0734,0.1852,1.7259,98.0,0.23,0.000,0.000,IDLE
2026-08-17T14:40:42.716397,37.8649015,32.4839311,1024.43,-0.0591,0.1829,2.0078,115.0,0.16,0.000,0.000,IDLE
2026-08-17T14:40:43.716442,37.8649012,32.4839341,1024.49,-0.0755,0.1593,2.2970,131.0,0.09,0.000,0.000,IDLE
2026-08-17T14:40:44.716501,37.8649015,32.4839352,1024.51,-0.0770,0.1706,2.7741,158.0,0.17,0.000,0.000,IDLE
2026-08-17T14:40:45.716712,37.8649037,32.4839365,1024.57,-0.0869,0.1341,-3.0273,186.0,0.21,0.000,0.000,IDLE
2026-08-17T14:40:46.716584,37.8649055,32.4839395,1024.41,-0.0824,0.1338,-2.7106,204.0,0.22,0.000,0.000,IDLE
2026-08-17T14:40:47.716662,37.8649060,32.4839421,1024.32,-0.0729,0.1367,-2.5529,213.0,0.14,0.000,0.000,IDLE
2026-08-17T14:40:48.716463,37.8649065,32.4839426,1024.40,-0.0686,0.1323,-2.2453,231.0,0.08,0.000,0.000,IDLE
2026-08-17T14:40:49.716637,37.8649065,32.4839434,1024.41,-0.0728,0.1394,-1.8767,252.0,0.04,0.000,0.000,IDLE
2026-08-17T14:40:50.716949,37.8649066,32.4839447,1024.36,-0.0703,0.1526,-1.7211,261.0,0.11,0.000,0.000,IDLE
2026-08-17T14:40:51.718172,37.8649061,32.4839455,1024.36,-0.0647,0.1357,-1.7388,260.0,0.12,0.000,0.000,IDLE
2026-08-17T14:40:52.717182,37.8649062,32.4839459,1024.39,-0.0674,0.1397,-1.7838,257.0,0.11,0.000,0.000,IDLE
2026-08-17T14:40:53.716667,37.8649060,32.4839469,1024.44,-0.0738,0.1275,-1.7198,261.0,0.07,0.000,0.000,IDLE
2026-08-17T14:40:54.716957,37.8649062,32.4839473,1024.49,-0.0706,0.1352,-1.5530,271.0,0.05,0.000,0.000,IDLE
2026-08-17T14:40:55.716428,37.8649059,32.4839468,1024.50,-0.0699,0.1297,-1.5041,273.0,0.05,0.000,0.000,IDLE
2026-08-17T14:40:56.716575,37.8649060,32.4839468,1024.52,-0.0668,0.1361,-1.5094,273.0,0.06,0.000,0.000,IDLE
2026-08-17T14:40:57.717546,37.8649059,32.4839469,1024.60,-0.0686,0.1346,-1.4558,276.0,0.04,0.000,0.000,IDLE
2026-08-17T14:40:58.716430,37.8649054,32.4839475,1024.67,-0.0671,0.1306,-1.3943,280.0,0.05,0.000,0.000,IDLE
2026-08-17T14:40:59.716401,37.8649051,32.4839476,1024.76,-0.0693,0.1287,-1.3956,280.0,0.05,0.000,0.000,IDLE
2026-08-17T14:41:00.716693,37.8649043,32.4839471,1024.62,-0.0666,0.1274,-1.4357,277.0,0.09,0.000,0.000,IDLE
2026-08-17T14:41:01.716704,37.8649039,32.4839466,1024.56,-0.0669,0.1181,-1.5228,272.0,0.10,0.000,0.000,IDLE
2026-08-17T14:41:02.716749,37.8649036,32.4839468,1024.52,-0.0696,0.1258,-1.5894,268.0,0.09,0.000,0.000,IDLE
2026-08-17T14:41:03.716836,37.8649030,32.4839463,1024.42,-0.0699,0.1368,-1.6208,267.0,0.08,0.000,0.000,IDLE
2026-08-17T14:41:04.716785,37.8649029,32.4839457,1024.34,-0.0696,0.1523,-1.5848,269.0,0.02,0.000,0.000,IDLE
2026-08-17T14:41:05.716639,37.8649029,32.4839453,1024.40,-0.0677,0.1445,-1.5412,271.0,0.04,0.000,0.000,IDLE
2026-08-17T14:41:06.716519,37.8649028,32.4839460,1024.39,-0.0673,0.1364,-1.5080,273.0,0.10,0.000,0.000,IDLE
2026-08-17T14:41:07.718692,37.8649035,32.4839477,1024.42,-0.0708,0.1282,-1.4125,279.0,0.28,0.000,0.000,IDLE
2026-08-17T14:41:08.716852,37.8649042,32.4839497,1024.41,-0.0700,0.1425,-1.3568,282.0,0.17,0.000,0.000,IDLE
2026-08-17T14:41:09.716871,37.8649043,32.4839501,1024.47,-0.0668,0.1380,-1.4341,277.0,0.01,0.000,0.000,IDLE
2026-08-17T14:41:10.718582,37.8649047,32.4839490,1024.56,-0.0678,0.1330,-1.5390,271.0,0.05,0.000,0.000,IDLE
2026-08-17T14:41:11.717092,37.8649055,32.4839482,1024.54,-0.0692,0.1450,-1.5777,269.0,0.07,0.000,0.000,IDLE
2026-08-17T14:41:12.718089,37.8649058,32.4839492,1024.49,-0.0683,0.1421,-1.5954,268.0,0.05,0.000,0.000,IDLE
2026-08-17T14:41:13.718057,37.8649064,32.4839494,1024.44,-0.0680,0.1413,-1.6126,267.0,0.05,0.000,0.000,IDLE
2026-08-17T14:41:14.716607,37.8649064,32.4839487,1024.40,-0.0696,0.1406,-1.6070,267.0,0.04,0.000,0.000,IDLE
2026-08-17T14:41:15.716683,37.8649062,32.4839479,1024.31,-0.0700,0.1325,-1.6119,267.0,0.07,0.000,0.000,IDLE
2026-08-17T14:41:16.719122,37.8649065,32.4839467,1024.32,-0.0704,0.1339,-1.6349,266.0,0.06,0.000,0.000,IDLE
2026-08-17T14:41:17.716617,37.8649064,32.4839466,1024.37,-0.0707,0.1399,-1.6755,264.0,0.05,0.000,0.000,IDLE
2026-08-17T14:41:18.716874,37.8649066,32.4839459,1024.38,-0.0713,0.1465,-1.7310,260.0,0.06,0.000,0.000,IDLE
2026-08-17T14:41:19.717417,37.8649065,32.4839459,1024.35,-0.0716,0.1461,-1.7867,257.0,0.05,0.000,0.000,IDLE
2026-08-17T14:41:20.716487,37.8649062,32.4839451,1024.30,-0.0722,0.1435,-1.8382,254.0,0.05,0.000,0.000,IDLE
2026-08-17T14:41:21.716912,37.8649057,32.4839452,1024.42,-0.0722,0.1441,-1.8910,251.0,0.05,0.000,0.000,IDLE
2026-08-17T14:41:22.716628,37.8649059,32.4839451,1024.35,-0.0714,0.1436,-1.9420,248.0,0.04,0.000,0.000,IDLE
2026-08-17T14:41:23.717261,37.8649060,32.4839449,1024.29,-0.0730,0.1432,-1.9892,246.0,0.03,0.000,0.000,IDLE
2026-08-17T14:41:24.716790,37.8649060,32.4839454,1024.26,-0.0724,0.1407,-2.0369,243.0,0.05,0.000,0.000,IDLE
2026-08-17T14:41:25.716682,37.8649061,32.4839466,1024.34,-0.0742,0.1380,-2.0888,240.0,0.10,0.000,0.000,IDLE
2026-08-17T14:41:26.716718,37.8649067,32.4839484,1024.40,-0.0708,0.1456,-2.1218,238.0,0.21,0.000,0.000,IDLE
2026-08-17T14:41:27.716697,37.8649075,32.4839502,1024.37,-0.0678,0.1414,-2.0248,243.0,0.21,0.000,0.000,IDLE
2026-08-17T14:41:28.716526,37.8649078,32.4839510,1024.38,-0.0686,0.1445,-1.9699,247.0,0.15,0.000,0.000,IDLE
2026-08-17T14:41:29.716658,37.8649075,32.4839505,1024.54,-0.0701,0.1431,-1.9528,248.0,0.11,0.000,0.000,IDLE
2026-08-17T14:41:30.716711,37.8649073,32.4839512,1024.52,-0.0745,0.1388,-1.9665,247.0,0.10,0.000,0.000,IDLE
2026-08-17T14:41:31.716507,37.8649066,32.4839517,1024.54,-0.0714,0.1375,-1.9908,245.0,0.07,0.000,0.000,IDLE
2026-08-17T14:41:32.716476,37.8649065,32.4839516,1024.49,-0.0709,0.1405,-2.0231,244.0,0.05,0.000,0.000,IDLE
2026-08-17T14:41:33.716888,37.8649067,32.4839513,1024.44,-0.0686,0.1380,-2.0716,241.0,0.03,0.000,0.000,IDLE
2026-08-17T14:41:34.716818,37.8649066,32.4839509,1024.41,-0.0720,0.1388,-2.0874,240.0,0.03,0.000,0.000,IDLE
2026-08-17T14:41:35.716494,37.8649067,32.4839506,1024.48,-0.0698,0.1410,-2.2009,233.0,0.04,0.000,0.000,IDLE
2026-08-17T14:41:36.716647,37.8649068,32.4839511,1024.46,-0.0715,0.1441,-2.2746,229.0,0.01,0.000,0.000,IDLE
2026-08-17T14:41:37.716519,37.8649068,32.4839511,1024.46,-0.0723,0.1406,-2.3608,224.0,0.03,0.000,0.000,IDLE
2026-08-17T14:41:38.716642,37.8649066,32.4839526,1024.37,-0.0698,0.1405,-2.4500,219.0,0.04,0.000,0.000,IDLE
2026-08-17T14:41:39.716650,37.8649066,32.4839526,1024.37,-0.0669,0.1381,-2.5415,214.0,0.05,0.000,0.000,IDLE
2026-08-17T14:41:40.716568,37.8649066,32.4839531,1024.28,-0.0677,0.1384,-2.6335,209.0,0.05,0.000,0.000,IDLE
2026-08-17T14:41:41.716427,37.8649066,32.4839531,1024.28,-0.0698,0.1404,-2.7343,203.0,0.06,0.000,0.000,IDLE
2026-08-17T14:41:42.717002,37.8649061,32.4839546,1024.33,-0.0754,0.1427,-2.8255,198.0,0.08,0.000,0.000,IDLE
2026-08-17T14:41:43.716783,37.8649061,32.4839546,1024.33,-0.0734,0.1447,-2.8921,194.0,0.04,0.000,0.000,IDLE
2026-08-17T14:41:44.716441,37.8649058,32.4839531,1024.48,-0.0657,0.1309,-2.6139,210.0,0.24,0.000,0.000,IDLE
2026-08-17T14:41:45.716877,37.8649058,32.4839531,1024.48,-0.0653,0.1333,-2.3134,227.0,0.20,0.000,0.000,IDLE
2026-08-17T14:41:46.716792,37.8649051,32.4839509,1024.46,-0.0684,0.1343,-2.0202,244.0,0.14,0.000,0.000,IDLE
2026-08-17T14:41:47.716594,37.8649051,32.4839509,1024.46,-0.0688,0.1410,-1.8088,256.0,0.10,0.000,0.000,IDLE
2026-08-17T14:41:48.716706,37.8649066,32.4839492,1024.47,-0.0668,0.1361,-1.7168,261.0,0.11,0.000,0.000,IDLE
2026-08-17T14:41:49.716706,37.8649074,32.4839490,1024.41,-0.0630,0.1212,-1.6507,265.0,0.11,0.000,0.000,IDLE
2026-08-17T14:41:50.717074,37.8649078,32.4839489,1024.32,-0.0700,0.1363,-1.6145,267.0,0.11,0.000,0.000,IDLE
2026-08-17T14:41:51.716689,37.8649075,32.4839490,1024.25,-0.0684,0.1369,-1.5982,268.0,0.08,0.000,0.000,IDLE
2026-08-17T14:41:52.716628,37.8649071,32.4839493,1024.21,-0.0697,0.1406,-1.5824,269.0,0.05,0.000,0.000,IDLE
2026-08-17T14:41:53.716686,37.8649069,32.4839493,1024.31,-0.0673,0.1424,-1.5612,270.0,0.05,0.000,0.000,IDLE
2026-08-17T14:41:54.716453,37.8649066,32.4839498,1024.31,-0.0682,0.1416,-1.5372,271.0,0.04,0.000,0.000,IDLE
2026-08-17T14:41:55.716680,37.8649065,32.4839490,1024.32,-0.0691,0.1479,-1.5069,273.0,0.05,0.000,0.000,IDLE
2026-08-17T14:41:56.716661,37.8649061,32.4839488,1024.30,-0.0693,0.1436,-1.4708,275.0,0.04,0.000,0.000,IDLE
2026-08-17T14:41:57.716677,37.8649062,32.4839485,1024.35,-0.0696,0.1391,-1.4358,277.0,0.05,0.000,0.000,IDLE
2026-08-17T14:41:58.716649,37.8649063,32.4839487,1024.41,-0.0690,0.1340,-1.4052,279.0,0.03,0.000,0.000,IDLE
2026-08-17T14:41:59.716805,37.8649064,32.4839485,1024.43,-0.0685,0.1329,-1.3793,280.0,0.02,0.000,0.000,IDLE
2026-08-17T14:42:00.716816,37.8649067,32.4839485,1024.48,-0.0699,0.1360,-1.3596,282.0,0.02,0.000,0.000,IDLE
2026-08-17T14:42:01.717003,37.8649067,32.4839482,1024.54,-0.0706,0.1429,-1.3409,283.0,0.03,0.000,0.000,IDLE
2026-08-17T14:42:02.716698,37.8649066,32.4839475,1024.51,-0.0683,0.1514,-1.3204,284.0,0.03,0.000,0.000,IDLE
2026-08-17T14:42:03.716771,37.8649068,32.4839469,1024.56,-0.0699,0.1503,-1.2886,286.0,0.04,0.000,0.000,IDLE
2026-08-17T14:42:04.716806,37.8649068,32.4839464,1024.62,-0.0698,0.1441,-1.2577,287.0,0.03,0.000,0.000,IDLE
2026-08-17T14:42:05.716560,37.8649070,32.4839461,1024.58,-0.0680,0.1408,-1.2231,289.0,0.03,0.000,0.000,IDLE
2026-08-17T14:42:06.716913,37.8649073,32.4839463,1024.47,-0.0693,0.1395,-1.1883,291.0,0.03,0.000,0.000,IDLE
2026-08-17T14:42:07.716486,37.8649066,32.4839468,1024.33,-0.0775,0.1392,-1.2070,290.0,0.11,0.000,0.000,IDLE
2026-08-17T14:42:08.716641,37.8649060,32.4839460,1024.31,-0.0733,0.1297,-1.5019,273.0,0.15,0.000,0.000,IDLE
2026-08-17T14:42:09.716743,37.8649061,32.4839454,1024.37,-0.0736,0.1331,-1.7563,259.0,0.06,0.000,0.000,IDLE
2026-08-17T14:42:10.716713,37.8649063,32.4839448,1024.40,-0.0721,0.1360,-1.9079,250.0,0.02,0.000,0.000,IDLE
2026-08-17T14:42:11.716663,37.8649066,32.4839451,1024.33,-0.0802,0.1348,-1.9908,245.0,0.03,0.000,0.000,IDLE
2026-08-17T14:42:12.716927,37.8649068,32.4839451,1024.36,-0.0679,0.1394,-2.0120,244.0,0.06,0.000,0.000,IDLE
2026-08-17T14:42:13.716804,37.8649065,32.4839460,1024.30,-0.0302,0.1488,-1.9245,249.0,0.05,0.000,0.000,IDLE
2026-08-17T14:42:14.716833,37.8649067,32.4839464,1024.20,-0.0386,0.1247,-1.8702,252.0,0.05,0.000,0.000,IDLE
2026-08-17T14:42:15.716683,37.8649072,32.4839480,1024.17,-0.0396,0.1398,-1.8131,256.0,0.13,0.000,0.000,IDLE
2026-08-17T14:42:16.716715,37.8649080,32.4839483,1024.16,-0.0414,0.1387,-1.7984,256.0,0.13,0.000,0.000,IDLE
2026-08-17T14:42:17.716876,37.8649081,32.4839488,1024.11,-0.0234,0.1400,-1.8151,256.0,0.11,0.000,0.000,IDLE
2026-08-17T14:42:18.717034,37.8649078,32.4839483,1024.13,-0.0294,0.1245,-1.8428,254.0,0.06,0.000,0.000,IDLE
2026-08-17T14:42:19.716469,37.8649078,32.4839487,1024.16,-0.0303,0.1168,-1.8480,254.0,0.04,0.000,0.000,IDLE
2026-08-17T14:42:20.716427,37.8649080,32.4839486,1024.20,-0.0378,0.1090,-1.8280,255.0,0.03,0.000,0.000,IDLE
2026-08-17T14:42:21.716616,37.8649083,32.4839485,1024.28,-0.0350,0.1150,-1.7715,258.0,0.05,0.000,0.000,IDLE
2026-08-17T14:42:22.716837,37.8649086,32.4839491,1024.38,-0.0381,0.1153,-1.7607,259.0,0.06,0.000,0.000,IDLE
2026-08-17T14:42:23.716673,37.8649084,32.4839496,1024.37,-0.0409,0.1149,-1.7918,257.0,0.05,0.000,0.000,IDLE
                                                                                                                                                                                                                                                                                                                                                                                                                                                                                                                                                                                                                                                                                                                                                                                                                                                                                                                                                                                                                                                                                                                                                                                                                                                                                                                                                                                                                                                                                 