timestamp,lat,lon,alt,roll,pitch,yaw,heading,groundspeed,cmd_linear_x,cmd_angular_z,mission_phase
2026-08-17T11:55:46.015044,0.0000000,0.0000000,0.00,-0.1146,0.0361,-0.8517,311.0,0.00,0.000,0.000,IDLE
2026-08-17T11:55:47.014914,0.0000000,0.0000000,0.50,-0.1147,0.0362,-0.8510,311.0,0.00,0.000,0.000,IDLE
2026-08-17T11:55:48.015043,0.0000000,0.0000000,0.57,-0.1147,0.0361,-0.8515,311.0,0.00,0.000,0.000,IDLE
2026-08-17T11:55:49.015059,0.0000000,0.0000000,0.60,-0.1148,0.0359,-0.8530,311.0,0.00,0.000,0.000,IDLE
2026-08-17T11:55:50.015047,0.0000000,0.0000000,0.62,-0.1149,0.0358,-0.8551,311.0,0.00,0.000,0.000,IDLE
2026-08-17T11:55:51.015028,0.0000000,0.0000000,0.47,-0.1149,0.0359,-0.8548,311.0,0.00,0.000,0.000,IDLE
2026-08-17T11:55:52.015075,0.0000000,0.0000000,0.59,-0.1150,0.0358,-0.8571,310.0,0.00,0.000,0.000,IDLE
2026-08-17T11:55:53.015073,0.0000000,0.0000000,0.88,-0.1150,0.0358,-0.8592,310.0,0.00,0.000,0.000,IDLE
2026-08-17T11:55:54.015052,0.0000000,0.0000000,0.67,-0.1149,0.0360,-0.8583,310.0,0.00,0.000,0.000,IDLE
2026-08-17T11:55:55.015055,0.0000000,0.0000000,0.69,-0.1147,0.0360,-0.8579,310.0,0.00,0.000,0.000,IDLE
2026-08-17T11:55:56.014890,0.0000000,0.0000000,0.67,-0.1146,0.0361,-0.8566,310.0,0.00,0.000,0.000,IDLE
2026-08-17T11:55:57.015087,0.0000000,0.0000000,0.78,-0.1145,0.0361,-0.8557,310.0,0.00,0.000,0.000,IDLE
2026-08-17T11:55:58.015121,0.0000000,0.0000000,0.62,-0.1144,0.0362,-0.8571,310.0,0.00,0.000,0.000,IDLE
2026-08-17T11:55:59.014895,0.0000000,0.0000000,0.53,-0.1144,0.0363,-0.8562,310.0,0.00,0.000,0.000,IDLE
2026-08-17T11:56:00.015151,0.0000000,0.0000000,0.86,-0.1141,0.0367,-0.8509,311.0,0.00,0.000,0.000,IDLE
2026-08-17T11:56:01.015007,0.0000000,0.0000000,0.66,-0.1142,0.0367,-0.8490,311.0,0.00,0.000,0.000,IDLE
2026-08-17T11:56:02.015006,0.0000000,0.0000000,0.69,-0.1141,0.0369,-0.8461,311.0,0.00,0.000,0.000,IDLE
2026-08-17T11:56:03.015122,0.0000000,0.0000000,0.64,-0.1141,0.0368,-0.8457,311.0,0.00,0.000,0.000,IDLE
2026-08-17T11:56:04.015102,0.0000000,0.0000000,0.76,-0.1140,0.0369,-0.8444,311.0,0.00,0.000,0.000,IDLE
2026-08-17T11:56:05.014928,0.0000000,0.0000000,0.87,-0.1140,0.0367,-0.8450,311.0,0.00,0.000,0.000,IDLE
2026-08-17T11:56:06.015000,0.0000000,0.0000000,0.77,-0.1141,0.0367,-0.8460,311.0,0.00,0.000,0.000,IDLE
2026-08-17T11:56:07.015069,0.0000000,0.0000000,0.69,-0.1141,0.0365,-0.8459,311.0,0.00,0.000,0.000,IDLE
2026-08-17T11:56:08.015146,0.0000000,0.0000000,0.75,-0.1143,0.0364,-0.8473,311.0,0.00,0.000,0.000,IDLE
2026-08-17T11:56:09.014919,0.0000000,0.0000000,0.70,-0.1145,0.0363,-0.8476,311.0,0.00,0.000,0.000,IDLE
2026-08-17T11:56:10.015226,0.0000000,0.0000000,0.72,-0.1145,0.0360,-0.8501,311.0,0.00,0.000,0.000,IDLE
2026-08-17T11:56:11.014996,0.0000000,0.0000000,0.62,-0.1147,0.0360,-0.8510,311.0,0.00,0.000,0.000,IDLE
2026-08-17T11:56:12.014962,0.0000000,0.0000000,0.67,-0.1147,0.0357,-0.8546,311.0,0.00,0.000,0.000,IDLE
2026-08-17T11:56:13.014999,0.0000000,0.0000000,0.61,-0.1146,0.0359,-0.8543,311.0,0.00,0.000,0.000,IDLE
2026-08-17T11:56:14.014992,0.0000000,0.0000000,0.70,-0.1146,0.0361,-0.8537,311.0,0.00,0.000,0.000,IDLE
2026-08-17T11:56:15.014968,0.0000000,0.0000000,0.69,-0.1147,0.0359,-0.8559,310.0,0.00,0.000,0.000,IDLE
2026-08-17T11:56:16.015086,0.0000000,0.0000000,0.53,-0.1146,0.0360,-0.8559,310.0,0.00,0.000,0.000,IDLE
2026-08-17T11:56:17.014918,0.0000000,0.0000000,0.67,-0.1145,0.0360,-0.8573,310.0,0.00,0.000,0.000,IDLE
2026-08-17T11:56:18.014957,0.0000000,0.0000000,0.65,-0.1145,0.0360,-0.8574,310.0,0.00,0.000,0.000,IDLE
2026-08-17T11:56:19.014888,0.0000000,0.0000000,0.71,-0.1146,0.0360,-0.8587,310.0,0.00,0.000,0.000,IDLE
2026-08-17T11:56:20.014950,0.0000000,0.0000000,0.79,-0.1145,0.0362,-0.8576,310.0,0.00,0.000,0.000,IDLE
2026-08-17T11:56:21.014910,0.0000000,0.0000000,0.60,-0.1146,0.0359,-0.8596,310.0,0.00,0.000,0.000,IDLE
2026-08-17T11:56:22.015088,0.0000000,0.0000000,0.86,-0.1144,0.0363,-0.8568,310.0,0.00,0.000,0.000,IDLE
2026-08-17T11:56:23.014893,0.0000000,0.0000000,0.64,-0.1143,0.0362,-0.8574,310.0,0.00,0.000,0.000,IDLE
2026-08-17T11:56:24.014901,0.0000000,0.0000000,0.62,-0.1144,0.0361,-0.8587,310.0,0.00,0.000,0.000,IDLE
2026-08-17T11:56:25.014997,0.0000000,0.0000000,0.74,-0.1142,0.0363,-0.8577,310.0,0.00,0.000,0.000,IDLE
2026-08-17T11:56:26.015037,0.0000000,0.0000000,1.02,-0.1142,0.0362,-0.8594,310.0,0.00,0.000,0.000,IDLE
2026-08-17T11:56:27.015503,0.0000000,0.0000000,0.96,-0.1142,0.0362,-0.8595,310.0,0.00,0.000,0.000,IDLE
2026-08-17T11:56:28.015018,0.0000000,0.0000000,0.77,-0.1141,0.0364,-0.8576,310.0,0.00,0.000,0.000,IDLE
2026-08-17T11:56:29.014870,0.0000000,0.0000000,0.93,-0.1142,0.0364,-0.8580,310.0,0.00,0.000,0.000,IDLE
2026-08-17T11:56:30.014974,0.0000000,0.0000000,0.88,-0.1141,0.0367,-0.8543,311.0,0.00,0.000,0.000,IDLE
2026-08-17T11:56:31.014912,0.0000000,0.0000000,0.62,-0.1141,0.0366,-0.8549,311.0,0.00,0.000,0.000,IDLE
2026-08-17T11:56:32.014958,0.0000000,0.0000000,0.75,-0.1141,0.0367,-0.8543,311.0,0.00,0.000,0.000,IDLE
2026-08-17T11:56:33.014901,0.0000000,0.0000000,0.66,-0.1141,0.0369,-0.8531,311.0,0.00,0.000,0.000,IDLE
2026-08-17T11:56:34.015085,0.0000000,0.0000000,0.80,-0.1140,0.0371,-0.8505,311.0,0.00,0.000,0.000,IDLE
2026-08-17T11:56:35.015049,0.0000000,0.0000000,0.91,-0.1140,0.0373,-0.8472,311.0,0.00,0.000,0.000,IDLE
2026-08-17T11:56:36.015004,0.0000000,0.0000000,0.77,-0.1141,0.0373,-0.8470,311.0,0.00,0.000,0.000,IDLE
2026-08-17T11:56:37.015116,0.0000000,0.0000000,0.94,-0.1143,0.0369,-0.8497,311.0,0.00,0.000,0.000,IDLE
2026-08-17T11:56:38.014954,0.0000000,0.0000000,0.72,-0.1145,0.0366,-0.8506,311.0,0.00,0.000,0.000,IDLE
2026-08-17T11:56:39.015049,0.0000000,0.0000000,0.72,-0.1145,0.0367,-0.8494,311.0,0.00,0.000,0.000,IDLE
2026-08-17T11:56:40.015147,0.0000000,0.0000000,0.98,-0.1147,0.0363,-0.8533,311.0,0.00,0.000,0.000,IDLE
2026-08-17T11:56:41.015257,0.0000000,0.0000000,0.79,-0.1148,0.0363,-0.8555,310.0,0.00,0.000,0.000,IDLE
2026-08-17T11:56:42.014903,0.0000000,0.0000000,0.98,-0.1148,0.0361,-0.8579,310.0,0.00,0.000,0.000,IDLE
2026-08-17T11:56:43.015023,0.0000000,0.0000000,0.85,-0.1147,0.0364,-0.8556,310.0,0.00,0.000,0.000,IDLE
2026-08-17T11:56:44.015048,0.0000000,0.0000000,0.70,-0.1147,0.0364,-0.8554,311.0,0.00,0.000,0.000,IDLE
2026-08-17T11:56:45.014913,0.0000000,0.0000000,0.75,-0.1146,0.0366,-0.8531,311.0,0.00,0.000,0.000,IDLE
2026-08-17T11:56:46.014974,0.0000000,0.0000000,0.83,-0.1140,0.0367,-0.8513,311.0,0.00,0.000,0.000,IDLE
2026-08-17T11:56:47.015409,0.0000000,0.0000000,0.74,-0.1146,0.0366,-0.8499,311.0,0.00,0.000,0.000,IDLE
2026-08-17T11:56:48.015097,0.0000000,0.0000000,0.72,-0.1139,0.0366,-0.8490,311.0,0.00,0.000,0.000,IDLE
2026-08-17T11:56:49.014983,0.0000000,0.0000000,0.68,-0.1114,0.0377,-0.8459,311.0,0.00,0.000,0.000,IDLE
2026-08-17T11:56:50.015200,0.0000000,0.0000000,0.54,-0.1143,0.0364,-0.8458,311.0,0.00,0.000,0.000,IDLE
2026-08-17T11:56:51.016091,0.0000000,0.0000000,0.61,-0.1144,0.0361,-0.8456,311.0,0.00,0.000,0.000,IDLE
2026-08-17T11:56:52.014893,0.0000000,0.0000000,0.74,-0.1148,0.0358,-0.8497,311.0,0.00,0.000,0.000,IDLE
2026-08-17T11:56:53.015106,0.0000000,0.0000000,0.78,-0.1149,0.0357,-0.8498,311.0,0.00,0.000,0.000,IDLE
2026-08-17T11:56:54.014917,0.0000000,0.0000000,0.84,-0.1150,0.0355,-0.8507,311.0,0.00,0.000,0.000,IDLE
2026-08-17T11:56:55.014994,0.0000000,0.0000000,0.85,-0.1151,0.0354,-0.8516,311.0,0.00,0.000,0.000,IDLE
2026-08-17T11:56:56.014923,0.0000000,0.0000000,0.68,-0.1151,0.0353,-0.8528,311.0,0.00,0.000,0.000,IDLE
2026-08-17T11:56:57.014871,0.0000000,0.0000000,0.66,-0.1152,0.0352,-0.8530,311.0,0.00,0.000,0.000,IDLE
2026-08-17T11:56:58.015024,0.0000000,0.0000000,0.75,-0.1152,0.0352,-0.8536,311.0,0.00,0.000,0.000,IDLE
2026-08-17T11:56:59.016213,0.0000000,0.0000000,0.58,-0.1153,0.0350,-0.8566,310.0,0.00,0.000,0.000,IDLE
2026-08-17T11:57:00.015044,0.0000000,0.0000000,0.67,-0.1153,0.0351,-0.8569,310.0,0.00,0.000,0.000,IDLE
2026-08-17T11:57:01.015012,0.0000000,0.0000000,0.60,-0.1155,0.0349,-0.8609,310.0,0.00,0.000,0.000,IDLE
2026-08-17T11:57:02.014924,0.0000000,0.0000000,0.53,-0.1154,0.0351,-0.8602,310.0,0.00,0.000,0.000,IDLE
2026-08-17T11:57:03.014915,0.0000000,0.0000000,0.66,-0.1153,0.0353,-0.8603,310.0,0.00,0.000,0.000,IDLE
2026-08-17T11:57:04.015014,0.0000000,0.0000000,0.55,-0.1154,0.0354,-0.8614,310.0,0.00,0.000,0.000,IDLE
2026-08-17T11:57:05.014895,0.0000000,0.0000000,0.50,-0.1155,0.0355,-0.8616,310.0,0.00,0.000,0.000,IDLE
2026-08-17T11:57:06.015917,0.0000000,0.0000000,0.64,-0.1156,0.0353,-0.8626,310.0,0.00,0.000,0.000,IDLE
2026-08-17T11:57:07.015017,0.0000000,0.0000000,0.60,-0.1155,0.0354,-0.8605,310.0,0.00,0.000,0.000,IDLE
2026-08-17T11:57:08.014918,0.0000000,0.0000000,0.59,-0.1154,0.0357,-0.8596,310.0,0.00,0.000,0.000,IDLE
2026-08-17T11:57:09.014978,0.0000000,0.0000000,0.64,-0.1153,0.0354,-0.8624,310.0,0.00,0.000,0.000,IDLE
2026-08-17T11:57:10.014965,0.0000000,0.0000000,0.57,-0.1153,0.0353,-0.8639,310.0,0.00,0.000,0.000,IDLE
2026-08-17T11:57:11.014925,0.0000000,0.0000000,0.44,-0.1153,0.0355,-0.8627,310.0,0.00,0.000,0.000,IDLE
2026-08-17T11:57:12.014978,0.0000000,0.0000000,0.43,-0.1151,0.0358,-0.8596,310.0,0.00,0.000,0.000,IDLE
2026-08-17T11:57:13.015037,0.0000000,0.0000000,0.49,-0.1152,0.0357,-0.8593,310.0,0.00,0.000,0.000,IDLE
2026-08-17T11:57:14.014885,0.0000000,0.0000000,0.65,-0.1153,0.0357,-0.8593,310.0,0.00,0.000,0.000,IDLE
2026-08-17T11:57:15.015050,0.0000000,0.0000000,0.50,-0.1152,0.0357,-0.8586,310.0,0.00,0.000,0.000,IDLE
2026-08-17T11:57:16.014982,0.0000000,0.0000000,0.52,-0.1153,0.0357,-0.8589,310.0,0.00,0.000,0.000,IDLE
2026-08-17T11:57:17.014998,0.0000000,0.0000000,0.56,-0.1154,0.0357,-0.8593,310.0,0.00,0.000,0.000,IDLE
2026-08-17T11:57:18.015024,0.0000000,0.0000000,0.47,-0.1154,0.0356,-0.8604,310.0,0.00,0.000,0.000,IDLE
2026-08-17T11:57:19.014984,0.0000000,0.0000000,0.71,-0.1153,0.0359,-0.8592,310.0,0.00,0.000,0.000,IDLE
2026-08-17T11:57:20.015522,0.0000000,0.0000000,0.50,-0.1153,0.0358,-0.8595,310.0,0.00,0.000,0.000,IDLE
2026-08-17T11:57:21.014988,0.0000000,0.0000000,0.63,-0.1154,0.0357,-0.8616,310.0,0.00,0.000,0.000,IDLE
2026-08-17T11:57:22.014866,0.0000000,0.0000000,0.54,-0.1154,0.0354,-0.8637,310.0,0.00,0.000,0.000,IDLE
2026-08-17T11:57:23.014965,0.0000000,0.0000000,0.52,-0.1153,0.0357,-0.8624,310.0,0.00,0.000,0.000,IDLE
2026-08-17T11:57:24.016387,0.0000000,0.0000000,0.74,-0.1151,0.0360,-0.8607,310.0,0.00,0.000,0.000,IDLE
2026-08-17T11:57:25.014963,0.0000000,0.0000000,0.59,-0.1150,0.0362,-0.8580,310.0,0.00,0.000,0.000,IDLE
2026-08-17T11:57:26.015601,0.0000000,0.0000000,0.47,-0.1149,0.0361,-0.8578,310.0,0.00,0.000,0.000,IDLE
2026-08-17T11:57:27.015154,0.0000000,0.0000000,0.69,-0.1150,0.0360,-0.8579,310.0,0.00,0.000,0.000,IDLE
2026-08-17T11:57:28.014993,0.0000000,0.0000000,0.69,-0.1150,0.0357,-0.8583,310.0,0.00,0.000,0.000,IDLE
2026-08-17T11:57:29.015203,0.0000000,0.0000000,0.67,-0.1150,0.0357,-0.8579,310.0,0.00,0.000,0.000,IDLE
2026-08-17T11:57:30.014866,0.0000000,0.0000000,0.62,-0.1149,0.0359,-0.8558,310.0,0.00,0.000,0.000,IDLE
2026-08-17T11:57:31.015070,0.0000000,0.0000000,0.66,-0.1150,0.0357,-0.8581,310.0,0.00,0.000,0.000,IDLE
2026-08-17T11:57:32.014994,0.0000000,0.0000000,0.77,-0.1150,0.0358,-0.8576,310.0,0.00,0.000,0.000,IDLE
2026-08-17T11:57:33.015000,0.0000000,0.0000000,0.49,-0.1151,0.0357,-0.8581,310.0,0.00,0.000,0.000,IDLE
2026-08-17T11:57:34.014996,0.0000000,0.0000000,0.57,-0.1153,0.0354,-0.8597,310.0,0.00,0.000,0.000,IDLE
2026-08-17T11:57:35.015294,0.0000000,0.0000000,0.59,-0.1153,0.0355,-0.8580,310.0,0.00,0.000,0.000,IDLE
2026-08-17T11:57:36.014962,0.0000000,0.0000000,0.48,-0.1153,0.0356,-0.8571,310.0,0.00,0.000,0.000,IDLE
2026-08-17T11:57:37.015134,0.0000000,0.0000000,0.28,-0.1153,0.0358,-0.8549,311.0,0.00,0.000,0.000,IDLE
2026-08-17T11:57:38.014905,0.0000000,0.0000000,0.46,-0.1154,0.0355,-0.8566,310.0,0.00,0.000,0.000,IDLE
2026-08-17T11:57:39.014924,0.0000000,0.0000000,0.54,-0.1153,0.0354,-0.8580,310.0,0.00,0.000,0.000,IDLE
2026-08-17T11:57:40.014882,0.0000000,0.0000000,0.66,-0.1153,0.0354,-0.8574,310.0,0.00,0.000,0.000,IDLE
2026-08-17T11:57:41.015041,0.0000000,0.0000000,0.39,-0.1153,0.0354,-0.8579,310.0,0.00,0.000,0.000,IDLE
2026-08-17T11:57:42.014914,0.0000000,0.0000000,0.49,-0.1154,0.0353,-0.8587,310.0,0.00,0.000,0.000,IDLE
2026-08-17T11:57:43.014898,0.0000000,0.0000000,0.29,-0.1152,0.0354,-0.8576,310.0,0.00,0.000,0.000,IDLE
2026-08-17T11:57:44.015089,0.0000000,0.0000000,0.47,-0.1152,0.0355,-0.8575,310.0,0.00,0.000,0.000,IDLE
2026-08-17T11:57:45.015289,0.0000000,0.0000000,0.44,-0.1153,0.0354,-0.8585,310.0,0.00,0.000,0.000,IDLE
2026-08-17T11:57:46.014989,0.0000000,0.0000000,0.32,-0.1154,0.0354,-0.8581,310.0,0.00,0.000,0.000,IDLE
2026-08-17T11:57:47.015270,0.0000000,0.0000000,0.44,-0.1154,0.0354,-0.8580,310.0,0.00,0.000,0.000,IDLE
2026-08-17T11:57:48.014972,0.0000000,0.0000000,0.40,-0.1154,0.0354,-0.8587,310.0,0.00,0.000,0.000,IDLE
2026-08-17T11:57:49.014867,0.0000000,0.0000000,0.33,-0.1153,0.0354,-0.8579,310.0,0.00,0.000,0.000,IDLE
2026-08-17T11:57:50.014918,0.0000000,0.0000000,0.38,-0.1151,0.0354,-0.8583,310.0,0.00,0.000,0.000,IDLE
2026-08-17T11:57:51.014979,0.0000000,0.0000000,0.40,-0.1151,0.0354,-0.8579,310.0,0.00,0.000,0.000,IDLE
2026-08-17T11:57:52.015479,0.0000000,0.0000000,0.63,-0.1151,0.0355,-0.8575,310.0,0.00,0.000,0.000,IDLE
2026-08-17T11:57:53.014927,0.0000000,0.0000000,0.41,-0.1151,0.0351,-0.8602,310.0,0.00,0.000,0.000,IDLE
2026-08-17T11:57:54.015036,0.0000000,0.0000000,0.33,-0.1152,0.0351,-0.8604,310.0,0.00,0.000,0.000,IDLE
2026-08-17T11:57:55.015482,0.0000000,0.0000000,0.50,-0.1152,0.0354,-0.8594,310.0,0.00,0.000,0.000,IDLE
2026-08-17T11:57:56.015042,0.0000000,0.0000000,0.33,-0.1153,0.0352,-0.8610,310.0,0.00,0.000,0.000,IDLE
2026-08-17T11:57:57.014886,0.0000000,0.0000000,0.50,-0.1153,0.0353,-0.8611,310.0,0.00,0.000,0.000,IDLE
2026-08-17T11:57:58.014922,0.0000000,0.0000000,0.54,-0.1154,0.0354,-0.8623,310.0,0.00,0.000,0.000,IDLE
2026-08-17T11:57:59.014881,0.0000000,0.0000000,0.44,-0.1155,0.0353,-0.8622,310.0,0.00,0.000,0.000,IDLE
2026-08-17T11:58:00.017488,0.0000000,0.0000000,0.38,-0.1153,0.0356,-0.8592,310.0,0.00,0.000,0.000,IDLE
2026-08-17T11:58:01.016235,0.0000000,0.0000000,0.18,-0.1154,0.0355,-0.8598,310.0,0.00,0.000,0.000,IDLE
2026-08-17T11:58:02.015076,0.0000000,0.0000000,0.51,-0.1153,0.0358,-0.8577,310.0,0.00,0.000,0.000,IDLE
2026-08-17T11:58:03.016869,0.0000000,0.0000000,0.57,-0.1152,0.0362,-0.8545,311.0,0.00,0.000,0.000,IDLE
2026-08-17T11:58:04.015878,0.0000000,0.0000000,0.46,-0.1152,0.0360,-0.8550,311.0,0.00,0.000,0.000,IDLE
2026-08-17T11:58:05.015572,0.0000000,0.0000000,0.32,-0.1150,0.0362,-0.8524,311.0,0.00,0.000,0.000,IDLE
2026-08-17T11:58:06.014894,0.0000000,0.0000000,0.23,-0.1149,0.0363,-0.8495,311.0,0.00,0.000,0.000,IDLE
2026-08-17T11:58:07.014988,0.0000000,0.0000000,0.38,-0.1150,0.0360,-0.8509,311.0,0.00,0.000,0.000,IDLE
2026-08-17T11:58:08.016796,0.0000000,0.0000000,0.34,-0.1150,0.0359,-0.8520,311.0,0.00,0.000,0.000,IDLE
2026-08-17T11:58:09.015235,0.0000000,0.0000000,0.38,-0.1151,0.0356,-0.8541,311.0,0.00,0.000,0.000,IDLE
2026-08-17T11:58:10.014920,0.0000000,0.0000000,0.42,-0.1151,0.0356,-0.8552,311.0,0.00,0.000,0.000,IDLE
2026-08-17T11:58:11.015008,0.0000000,0.0000000,0.46,-0.1152,0.0357,-0.8553,311.0,0.00,0.000,0.000,IDLE
2026-08-17T11:58:12.015016,0.0000000,0.0000000,0.32,-0.1151,0.0360,-0.8535,311.0,0.00,0.000,0.000,IDLE
2026-08-17T11:58:13.015117,0.0000000,0.0000000,0.37,-0.1153,0.0358,-0.8548,311.0,0.00,0.000,0.000,IDLE
2026-08-17T11:58:14.014986,0.0000000,0.0000000,0.28,-0.1153,0.0359,-0.8539,311.0,0.00,0.000,0.000,IDLE
2026-08-17T11:58:15.015189,0.0000000,0.0000000,0.26,-0.1152,0.0359,-0.8530,311.0,0.00,0.000,0.000,IDLE
2026-08-17T11:58:16.015312,0.0000000,0.0000000,0.32,-0.1152,0.0361,-0.8497,311.0,0.00,0.000,0.000,IDLE
2026-08-17T11:58:17.015025,0.0000000,0.0000000,0.44,-0.1154,0.0361,-0.8504,311.0,0.00,0.000,0.000,IDLE
2026-08-17T11:58:18.015342,0.0000000,0.0000000,0.54,-0.1154,0.0360,-0.8516,311.0,0.00,0.000,0.000,IDLE
2026-08-17T11:58:19.015050,0.0000000,0.0000000,0.29,-0.1154,0.0362,-0.8506,311.0,0.00,0.000,0.000,IDLE
2026-08-17T11:58:20.015281,0.0000000,0.0000000,0.32,-0.1155,0.0360,-0.8528,311.0,0.00,0.000,0.000,IDLE
2026-08-17T11:58:21.016120,0.0000000,0.0000000,0.40,-0.1155,0.0361,-0.8530,311.0,0.00,0.000,0.000,IDLE
2026-08-17T11:58:22.015147,0.0000000,0.0000000,0.44,-0.1152,0.0364,-0.8500,311.0,0.00,0.000,0.000,IDLE
2026-08-17T11:58:23.015942,0.0000000,0.0000000,0.42,-0.1153,0.0362,-0.8519,311.0,0.00,0.000,0.000,IDLE
2026-08-17T11:58:24.015045,0.0000000,0.0000000,0.39,-0.1153,0.0362,-0.8526,311.0,0.00,0.000,0.000,IDLE
2026-08-17T11:58:25.015091,0.0000000,0.0000000,0.62,-0.1153,0.0362,-0.8534,311.0,0.00,0.000,0.000,IDLE
2026-08-17T11:58:26.017521,0.0000000,0.0000000,0.30,-0.1153,0.0362,-0.8524,311.0,0.00,0.000,0.000,IDLE
2026-08-17T11:58:27.015225,0.0000000,0.0000000,0.49,-0.1153,0.0362,-0.8537,311.0,0.00,0.000,0.000,IDLE
2026-08-17T11:58:28.015027,0.0000000,0.0000000,0.40,-0.1153,0.0363,-0.8525,311.0,0.00,0.000,0.000,IDLE
2026-08-17T11:58:29.015421,0.0000000,0.0000000,0.28,-0.1153,0.0365,-0.8514,311.0,0.00,0.000,0.000,IDLE
2026-08-17T11:58:30.015031,0.0000000,0.0000000,0.34,-0.1152,0.0366,-0.8488,311.0,0.00,0.000,0.000,IDLE
2026-08-17T11:58:31.015055,0.0000000,0.0000000,0.50,-0.1152,0.0367,-0.8471,311.0,0.00,0.000,0.000,IDLE
2026-08-17T11:58:32.014912,0.0000000,0.0000000,0.58,-0.1152,0.0367,-0.8469,311.0,0.00,0.000,0.000,IDLE
2026-08-17T11:58:33.015006,0.0000000,0.0000000,0.21,-0.1154,0.0365,-0.8481,311.0,0.00,0.000,0.000,IDLE
2026-08-17T11:58:34.015058,0.0000000,0.0000000,0.26,-0.1153,0.0365,-0.8476,311.0,0.00,0.000,0.000,IDLE
2026-08-17T11:58:35.014987,0.0000000,0.0000000,0.48,-0.1154,0.0365,-0.8486,311.0,0.00,0.000,0.000,IDLE
2026-08-17T11:58:36.015970,0.0000000,0.0000000,0.36,-0.1157,0.0362,-0.8527,311.0,0.00,0.000,0.000,IDLE
2026-08-17T11:58:37.015042,0.0000000,0.0000000,0.37,-0.1156,0.0364,-0.8506,311.0,0.00,0.000,0.000,IDLE
2026-08-17T11:58:38.014924,0.0000000,0.0000000,0.32,-0.1157,0.0358,-0.8565,310.0,0.00,0.000,0.000,IDLE
2026-08-17T11:58:39.014977,0.0000000,0.0000000,0.23,-0.1155,0.0358,-0.8567,310.0,0.00,0.000,0.000,IDLE
2026-08-17T11:58:40.015009,0.0000000,0.0000000,0.47,-0.1155,0.0358,-0.8569,310.0,0.00,0.000,0.000,IDLE
2026-08-17T11:58:41.015036,0.0000000,0.0000000,0.24,-0.1154,0.0357,-0.8562,310.0,0.00,0.000,0.000,IDLE
2026-08-17T11:58:42.014898,0.0000000,0.0000000,0.40,-0.1153,0.0349,-0.8583,310.0,0.00,0.000,0.000,IDLE
2026-08-17T11:58:43.015025,0.0000000,0.0000000,0.42,-0.1153,0.0342,-0.8597,310.0,0.00,0.000,0.000,IDLE
2026-08-17T11:58:44.015129,0.0000000,0.0000000,0.66,-0.1154,0.0354,-0.8605,310.0,0.00,0.000,0.000,IDLE
2026-08-17T11:58:45.018397,0.0000000,0.0000000,0.42,-0.1153,0.0355,-0.8592,310.0,0.00,0.000,0.000,IDLE
2026-08-17T11:58:46.015150,0.0000000,0.0000000,0.57,-0.1154,0.0355,-0.8607,310.0,0.00,0.000,0.000,IDLE
2026-08-17T11:58:47.015292,0.0000000,0.0000000,0.45,-0.1155,0.0354,-0.8610,310.0,0.00,0.000,0.000,IDLE
2026-08-17T11:58:48.015293,0.0000000,0.0000000,0.44,-0.1154,0.0354,-0.8603,310.0,0.00,0.000,0.000,IDLE
2026-08-17T11:58:49.014912,0.0000000,0.0000000,0.47,-0.1155,0.0352,-0.8614,310.0,0.00,0.000,0.000,IDLE
2026-08-17T11:58:50.015015,0.0000000,0.0000000,0.45,-0.1154,0.0354,-0.8602,310.0,0.00,0.000,0.000,IDLE
2026-08-17T11:58:51.014974,0.0000000,0.0000000,0.43,-0.1154,0.0354,-0.8624,310.0,0.00,0.000,0.000,IDLE
2026-08-17T11:58:52.015695,0.0000000,0.0000000,0.60,-0.1151,0.0356,-0.8603,310.0,0.00,0.000,0.000,IDLE
2026-08-17T11:58:53.014908,0.0000000,0.0000000,0.52,-0.1152,0.0356,-0.8604,310.0,0.00,0.000,0.000,IDLE
2026-08-17T11:58:54.015019,0.0000000,0.0000000,0.60,-0.1153,0.0353,-0.8618,310.0,0.00,0.000,0.000,IDLE
2026-08-17T11:58:55.017367,0.0000000,0.0000000,0.55,-0.1152,0.0354,-0.8597,310.0,0.00,0.000,0.000,IDLE
2026-08-17T11:58:56.015076,0.0000000,0.0000000,0.52,-0.1151,0.0356,-0.8581,310.0,0.00,0.000,0.000,IDLE
2026-08-17T11:58:57.015174,0.0000000,0.0000000,0.35,-0.1153,0.0355,-0.8594,310.0,0.00,0.000,0.000,IDLE
2026-08-17T11:58:58.015028,0.0000000,0.0000000,0.35,-0.1154,0.0354,-0.8605,310.0,0.00,0.000,0.000,IDLE
2026-08-17T11:58:59.015014,0.0000000,0.0000000,0.47,-0.1156,0.0351,-0.8624,310.0,0.00,0.000,0.000,IDLE
2026-08-17T11:59:00.015327,0.0000000,0.0000000,0.64,-0.1157,0.0351,-0.8631,310.0,0.00,0.000,0.000,IDLE
2026-08-17T11:59:01.014925,0.0000000,0.0000000,0.66,-0.1158,0.0351,-0.8630,310.0,0.00,0.000,0.000,IDLE
2026-08-17T11:59:02.014992,0.0000000,0.0000000,0.58,-0.1157,0.0353,-0.8622,310.0,0.00,0.000,0.000,IDLE
2026-08-17T11:59:03.014900,0.0000000,0.0000000,0.48,-0.1157,0.0353,-0.8630,310.0,0.00,0.000,0.000,IDLE
2026-08-17T11:59:04.015039,0.0000000,0.0000000,0.62,-0.1156,0.0355,-0.8625,310.0,0.00,0.000,0.000,IDLE
2026-08-17T11:59:05.015678,0.0000000,0.0000000,0.51,-0.1155,0.0355,-0.8625,310.0,0.00,0.000,0.000,IDLE
2026-08-17T11:59:06.015091,0.0000000,0.0000000,0.52,-0.1154,0.0357,-0.8603,310.0,0.00,0.000,0.000,IDLE
2026-08-17T11:59:07.015009,0.0000000,0.0000000,0.52,-0.1155,0.0358,-0.8594,310.0,0.00,0.000,0.000,IDLE
2026-08-17T11:59:08.015017,0.0000000,0.0000000,0.61,-0.1156,0.0357,-0.8617,310.0,0.00,0.000,0.000,IDLE
2026-08-17T11:59:09.015016,0.0000000,0.0000000,0.48,-0.1157,0.0355,-0.8630,310.0,0.00,0.000,0.000,IDLE
2026-08-17T11:59:10.015006,0.0000000,0.0000000,0.60,-0.1155,0.0359,-0.8596,310.0,0.00,0.000,0.000,IDLE
2026-08-17T11:59:11.014916,0.0000000,0.0000000,0.57,-0.1154,0.0359,-0.8580,310.0,0.00,0.000,0.000,IDLE
2026-08-17T11:59:12.015315,0.0000000,0.0000000,0.58,-0.1155,0.0358,-0.8584,310.0,0.00,0.000,0.000,IDLE
2026-08-17T11:59:13.015143,0.0000000,0.0000000,0.61,-0.1156,0.0358,-0.8587,310.0,0.00,0.000,0.000,IDLE
2026-08-17T11:59:14.015064,0.0000000,0.0000000,0.54,-0.1158,0.0357,-0.8606,310.0,0.00,0.000,0.000,IDLE
2026-08-17T11:59:15.015310,0.0000000,0.0000000,0.76,-0.1158,0.0357,-0.8602,310.0,0.00,0.000,0.000,IDLE
2026-08-17T11:59:16.015023,0.0000000,0.0000000,0.56,-0.1158,0.0356,-0.8611,310.0,0.00,0.000,0.000,IDLE
2026-08-17T11:59:17.015328,0.0000000,0.0000000,0.50,-0.1155,0.0358,-0.8596,310.0,0.00,0.000,0.000,IDLE
2026-08-17T11:59:18.015083,0.0000000,0.0000000,0.44,-0.1155,0.0360,-0.8583,310.0,0.00,0.000,0.000,IDLE
2026-08-17T11:59:19.015482,0.0000000,0.0000000,0.44,-0.1156,0.0360,-0.8586,310.0,0.00,0.000,0.000,IDLE
2026-08-17T11:59:20.017052,0.0000000,0.0000000,0.44,-0.1157,0.0359,-0.8598,310.0,0.00,0.000,0.000,IDLE
2026-08-17T11:59:21.014925,0.0000000,0.0000000,0.58,-0.1157,0.0358,-0.8602,310.0,0.00,0.000,0.000,IDLE
2026-08-17T11:59:22.014900,0.0000000,0.0000000,0.54,-0.1155,0.0359,-0.8591,310.0,0.00,0.000,0.000,IDLE
2026-08-17T11:59:23.015389,0.0000000,0.0000000,0.46,-0.1155,0.0359,-0.8583,310.0,0.00,0.000,0.000,IDLE
2026-08-17T11:59:24.015041,0.0000000,0.0000000,0.27,-0.1153,0.0361,-0.8554,310.0,0.00,0.000,0.000,IDLE
2026-08-17T11:59:25.015014,0.0000000,0.0000000,0.26,-0.1154,0.0359,-0.8555,310.0,0.00,0.000,0.000,IDLE
2026-08-17T11:59:26.015093,0.0000000,0.0000000,0.39,-0.1153,0.0360,-0.8537,311.0,0.00,0.000,0.000,IDLE
2026-08-17T11:59:27.015277,0.0000000,0.0000000,0.42,-0.1155,0.0359,-0.8548,311.0,0.00,0.000,0.000,IDLE
2026-08-17T11:59:28.015193,0.0000000,0.0000000,0.44,-0.1155,0.0358,-0.8564,310.0,0.00,0.000,0.000,IDLE
2026-08-17T11:59:29.014981,0.0000000,0.0000000,0.44,-0.1156,0.0356,-0.8596,310.0,0.00,0.000,0.000,IDLE
2026-08-17T11:59:30.014998,0.0000000,0.0000000,0.48,-0.1155,0.0356,-0.8601,310.0,0.00,0.000,0.000,IDLE
2026-08-17T11:59:31.015536,0.0000000,0.0000000,0.37,-0.1155,0.0353,-0.8626,310.0,0.00,0.000,0.000,IDLE
2026-08-17T11:59:32.015071,0.0000000,0.0000000,0.43,-0.1155,0.0353,-0.8627,310.0,0.00,0.000,0.000,IDLE
2026-08-17T11:59:33.015093,0.0000000,0.0000000,0.48,-0.1155,0.0351,-0.8639,310.0,0.00,0.000,0.000,IDLE
2026-08-17T11:59:34.017206,0.0000000,0.0000000,0.29,-0.1153,0.0353,-0.8631,310.0,0.00,0.000,0.000,IDLE
2026-08-17T11:59:35.015412,0.0000000,0.0000000,0.29,-0.1153,0.0355,-0.8614,310.0,0.00,0.000,0.000,IDLE
2026-08-17T11:59:36.022699,0.0000000,0.0000000,0.23,-0.1153,0.0355,-0.8608,310.0,0.00,0.000,0.000,IDLE
2026-08-17T11:59:37.015000,0.0000000,0.0000000,0.47,-0.1153,0.0356,-0.8614,310.0,0.00,0.000,0.000,IDLE
2026-08-17T11:59:38.015089,0.0000000,0.0000000,0.52,-0.1152,0.0358,-0.8599,310.0,0.00,0.000,0.000,IDLE
2026-08-17T11:59:39.014913,0.0000000,0.0000000,0.47,-0.1153,0.0358,-0.8594,310.0,0.00,0.000,0.000,IDLE
2026-08-17T11:59:40.015249,0.0000000,0.0000000,0.37,-0.1154,0.0357,-0.8596,310.0,0.00,0.000,0.000,IDLE
2026-08-17T11:59:41.014967,0.0000000,0.0000000,0.34,-0.1155,0.0357,-0.8605,310.0,0.00,0.000,0.000,IDLE
2026-08-17T11:59:42.015025,0.0000000,0.0000000,0.25,-0.1154,0.0357,-0.8607,310.0,0.00,0.000,0.000,IDLE
2026-08-17T11:59:43.014975,0.0000000,0.0000000,0.31,-0.1154,0.0359,-0.8602,310.0,0.00,0.000,0.000,IDLE
2026-08-17T11:59:44.014993,0.0000000,0.0000000,0.57,-0.1155,0.0361,-0.8575,310.0,0.00,0.000,0.000,IDLE
2026-08-17T11:59:45.015185,0.0000000,0.0000000,0.27,-0.1154,0.0362,-0.8564,310.0,0.00,0.000,0.000,IDLE
2026-08-17T11:59:46.015114,0.0000000,0.0000000,0.62,-0.1155,0.0362,-0.8561,310.0,0.00,0.000,0.000,IDLE
2026-08-17T11:59:47.014916,0.0000000,0.0000000,0.27,-0.1155,0.0362,-0.8552,311.0,0.00,0.000,0.000,IDLE
2026-08-17T11:59:48.015084,0.0000000,0.0000000,0.31,-0.1153,0.0363,-0.8522,311.0,0.00,0.000,0.000,IDLE
2026-08-17T11:59:49.014913,0.0000000,0.0000000,0.29,-0.1154,0.0360,-0.8529,311.0,0.00,0.000,0.000,IDLE
2026-08-17T11:59:50.015025,0.0000000,0.0000000,0.22,-0.1155,0.0357,-0.8555,310.0,0.00,0.000,0.000,IDLE
2026-08-17T11:59:51.015224,0.0000000,0.0000000,0.36,-0.1155,0.0355,-0.8573,310.0,0.00,0.000,0.000,IDLE
2026-08-17T11:59:52.015040,0.0000000,0.0000000,0.41,-0.1155,0.0355,-0.8579,310.0,0.00,0.000,0.000,IDLE
2026-08-17T11:59:53.015250,0.0000000,0.0000000,0.32,-0.1154,0.0357,-0.8550,311.0,0.00,0.000,0.000,IDLE
2026-08-17T11:59:54.014895,0.0000000,0.0000000,0.46,-0.1153,0.0358,-0.8540,311.0,0.00,0.000,0.000,IDLE
2026-08-17T11:59:55.015024,0.0000000,0.0000000,0.48,-0.1154,0.0356,-0.8551,311.0,0.00,0.000,0.000,IDLE
2026-08-17T11:59:56.015201,0.0000000,0.0000000,0.39,-0.1154,0.0356,-0.8548,311.0,0.00,0.000,0.000,IDLE
2026-08-17T11:59:57.014906,0.0000000,0.0000000,0.63,-0.1153,0.0357,-0.8529,311.0,0.00,0.000,0.000,IDLE
2026-08-17T11:59:58.014989,0.0000000,0.0000000,0.61,-0.1154,0.0355,-0.8550,311.0,0.00,0.000,0.000,IDLE
2026-08-17T11:59:59.015063,0.0000000,0.0000000,0.48,-0.1151,0.0358,-0.8523,311.0,0.00,0.000,0.000,IDLE
2026-08-17T12:00:00.014971,0.0000000,0.0000000,0.56,-0.1153,0.0354,-0.8560,310.0,0.00,0.000,0.000,IDLE
2026-08-17T12:00:01.015016,0.0000000,0.0000000,0.60,-0.1153,0.0354,-0.8557,310.0,0.00,0.000,0.000,IDLE
2026-08-17T12:00:02.015235,0.0000000,0.0000000,0.54,-0.1152,0.0353,-0.8569,310.0,0.00,0.000,0.000,IDLE
2026-08-17T12:00:03.015383,0.0000000,0.0000000,0.60,-0.1153,0.0351,-0.8588,310.0,0.00,0.000,0.000,IDLE
2026-08-17T12:00:04.014972,0.0000000,0.0000000,0.83,-0.1151,0.0353,-0.8573,310.0,0.00,0.000,0.000,IDLE
2026-08-17T12:00:05.015779,0.0000000,0.0000000,0.50,-0.1150,0.0354,-0.8560,310.0,0.00,0.000,0.000,IDLE
2026-08-17T12:00:06.015098,0.0000000,0.0000000,0.79,-0.1150,0.0352,-0.8572,310.0,0.00,0.000,0.000,IDLE
2026-08-17T12:00:07.015005,0.0000000,0.0000000,0.59,-0.1151,0.0352,-0.8577,310.0,0.00,0.000,0.000,IDLE
2026-08-17T12:00:08.015014,0.0000000,0.0000000,0.68,-0.1151,0.0352,-0.8567,310.0,0.00,0.000,0.000,IDLE
2026-08-17T12:00:09.015405,0.0000000,0.0000000,0.71,-0.1152,0.0353,-0.8567,310.0,0.00,0.000,0.000,IDLE
2026-08-17T12:00:10.015029,0.0000000,0.0000000,0.58,-0.1153,0.0352,-0.8570,310.0,0.00,0.000,0.000,IDLE
2026-08-17T12:00:11.015263,0.0000000,0.0000000,0.56,-0.1152,0.0352,-0.8562,310.0,0.00,0.000,0.000,IDLE
2026-08-17T12:00:12.014924,0.0000000,0.0000000,0.64,-0.1152,0.0353,-0.8561,310.0,0.00,0.000,0.000,IDLE
2026-08-17T12:00:13.015132,0.0000000,0.0000000,0.69,-0.1151,0.0355,-0.8551,311.0,0.00,0.000,0.000,IDLE
2026-08-17T12:00:14.015009,0.0000000,0.0000000,0.61,-0.1154,0.0350,-0.8582,310.0,0.00,0.000,0.000,IDLE
2026-08-17T12:00:15.015934,0.0000000,0.0000000,0.70,-0.1155,0.0349,-0.8594,310.0,0.00,0.000,0.000,IDLE
2026-08-17T12:00:16.015361,0.0000000,0.0000000,0.65,-0.1154,0.0351,-0.8588,310.0,0.00,0.000,0.000,IDLE
2026-08-17T12:00:17.015676,0.0000000,0.0000000,0.95,-0.1154,0.0354,-0.8577,310.0,0.00,0.000,0.000,IDLE
2026-08-17T12:00:18.014920,0.0000000,0.0000000,0.59,-0.1153,0.0353,-0.8573,310.0,0.00,0.000,0.000,IDLE
2026-08-17T12:00:19.014896,0.0000000,0.0000000,0.63,-0.1154,0.0353,-0.8577,310.0,0.00,0.000,0.000,IDLE
2026-08-17T12:00:20.016808,0.0000000,0.0000000,0.80,-0.1154,0.0355,-0.8555,310.0,0.00,0.000,0.000,IDLE
2026-08-17T12:00:21.014920,0.0000000,0.0000000,0.84,-0.1153,0.0356,-0.8526,311.0,0.00,0.000,0.000,IDLE
2026-08-17T12:00:22.014929,0.0000000,0.0000000,0.70,-0.1153,0.0356,-0.8538,311.0,0.00,0.000,0.000,IDLE
2026-08-17T12:00:23.014997,0.0000000,0.0000000,0.79,-0.1152,0.0358,-0.8513,311.0,0.00,0.000,0.000,IDLE
2026-08-17T12:00:24.014989,0.0000000,0.0000000,0.95,-0.1153,0.0356,-0.8528,311.0,0.00,0.000,0.000,IDLE
2026-08-17T12:00:25.015035,0.0000000,0.0000000,0.76,-0.1154,0.0355,-0.8539,311.0,0.00,0.000,0.000,IDLE
2026-08-17T12:00:26.015431,0.0000000,0.0000000,0.60,-0.1154,0.0355,-0.8531,311.0,0.00,0.000,0.000,IDLE
2026-08-17T12:00:27.015207,0.0000000,0.0000000,0.56,-0.1155,0.0354,-0.8534,311.0,0.00,0.000,0.000,IDLE
2026-08-17T12:00:28.015047,0.0000000,0.0000000,0.76,-0.1154,0.0355,-0.8540,311.0,0.00,0.000,0.000,IDLE
2026-08-17T12:00:29.019259,0.0000000,0.0000000,0.59,-0.1154,0.0356,-0.8525,311.0,0.00,0.000,0.000,IDLE
2026-08-17T12:00:30.015271,0.0000000,0.0000000,0.44,-0.1155,0.0354,-0.8536,311.0,0.00,0.000,0.000,IDLE
2026-08-17T12:00:31.018716,0.0000000,0.0000000,0.75,-0.1156,0.0353,-0.8547,311.0,0.00,0.000,0.000,IDLE
2026-08-17T12:00:32.016022,0.0000000,0.0000000,0.70,-0.1156,0.0351,-0.8559,310.0,0.00,0.000,0.000,IDLE
2026-08-17T12:00:33.014895,0.0000000,0.0000000,0.61,-0.1156,0.0350,-0.8569,310.0,0.00,0.000,0.000,IDLE
2026-08-17T12:00:34.014974,0.0000000,0.0000000,0.44,-0.1157,0.0350,-0.8576,310.0,0.00,0.000,0.000,IDLE
2026-08-17T12:00:35.015240,0.0000000,0.0000000,0.52,-0.1156,0.0352,-0.8561,310.0,0.00,0.000,0.000,IDLE
2026-08-17T12:00:36.015027,0.0000000,0.0000000,0.47,-0.1155,0.0354,-0.8544,311.0,0.00,0.000,0.000,IDLE
2026-08-17T12:00:37.015253,0.0000000,0.0000000,0.55,-0.1155,0.0356,-0.8536,311.0,0.00,0.000,0.000,IDLE
2026-08-17T12:00:38.015000,0.0000000,0.0000000,0.44,-0.1154,0.0358,-0.8518,311.0,0.00,0.000,0.000,IDLE
2026-08-17T12:00:39.015905,0.0000000,0.0000000,0.43,-0.1152,0.0360,-0.8497,311.0,0.00,0.000,0.000,IDLE
2026-08-17T12:00:40.016728,0.0000000,0.0000000,0.38,-0.1152,0.0362,-0.8469,311.0,0.00,0.000,0.000,IDLE
2026-08-17T12:00:41.015314,0.0000000,0.0000000,0.68,-0.1151,0.0364,-0.8462,311.0,0.00,0.000,0.000,IDLE
2026-08-17T12:00:42.014983,0.0000000,0.0000000,0.69,-0.1152,0.0360,-0.8478,311.0,0.00,0.000,0.000,IDLE
2026-08-17T12:00:43.017672,0.0000000,0.0000000,0.46,-0.1153,0.0359,-0.8476,311.0,0.00,0.000,0.000,IDLE
2026-08-17T12:00:44.015587,0.0000000,0.0000000,0.61,-0.1154,0.0356,-0.8485,311.0,0.00,0.000,0.000,IDLE
2026-08-17T12:00:45.014981,0.0000000,0.0000000,0.65,-0.1155,0.0354,-0.8502,311.0,0.00,0.000,0.000,IDLE
2026-08-17T12:00:46.014893,0.0000000,0.0000000,0.68,-0.1154,0.0355,-0.8488,311.0,0.00,0.000,0.000,IDLE
2026-08-17T12:00:47.015000,0.0000000,0.0000000,0.83,-0.1156,0.0353,-0.8505,311.0,0.00,0.000,0.000,IDLE
2026-08-17T12:00:48.015085,0.0000000,0.0000000,0.67,-0.1155,0.0352,-0.8499,311.0,0.00,0.000,0.000,IDLE
2026-08-17T12:00:49.017858,0.0000000,0.0000000,0.74,-0.1155,0.0350,-0.8518,311.0,0.00,0.000,0.000,IDLE
2026-08-17T12:00:50.015013,0.0000000,0.0000000,0.89,-0.1156,0.0351,-0.8524,311.0,0.00,0.000,0.000,IDLE
2026-08-17T12:00:51.014911,0.0000000,0.0000000,0.53,-0.1156,0.0352,-0.8527,311.0,0.00,0.000,0.000,IDLE
2026-08-17T12:00:52.015025,0.0000000,0.0000000,0.68,-0.1155,0.0355,-0.8509,311.0,0.00,0.000,0.000,IDLE
2026-08-17T12:00:53.014923,0.0000000,0.0000000,0.75,-0.1153,0.0355,-0.8505,311.0,0.00,0.000,0.000,IDLE
2026-08-17T12:00:54.014976,0.0000000,0.0000000,0.50,-0.1153,0.0355,-0.8498,311.0,0.00,0.000,0.000,IDLE
2026-08-17T12:00:55.015198,0.0000000,0.0000000,0.70,-0.1155,0.0351,-0.8527,311.0,0.00,0.000,0.000,IDLE
2026-08-17T12:00:56.014914,0.0000000,0.0000000,0.67,-0.1154,0.0354,-0.8504,311.0,0.00,0.000,0.000,IDLE
2026-08-17T12:00:57.015817,0.0000000,0.0000000,0.63,-0.1154,0.0353,-0.8518,311.0,0.00,0.000,0.000,IDLE
2026-08-17T12:00:58.014972,0.0000000,0.0000000,0.62,-0.1157,0.0351,-0.8546,311.0,0.00,0.000,0.000,IDLE
2026-08-17T12:00:59.014998,0.0000000,0.0000000,0.75,-0.1158,0.0350,-0.8575,310.0,0.00,0.000,0.000,IDLE
2026-08-17T12:01:00.015157,0.0000000,0.0000000,0.83,-0.1158,0.0351,-0.8576,310.0,0.00,0.000,0.000,IDLE
2026-08-17T12:01:01.015089,0.0000000,0.0000000,0.59,-0.1156,0.0355,-0.8559,310.0,0.00,0.000,0.000,IDLE
2026-08-17T12:01:02.015059,0.0000000,0.0000000,0.49,-0.1156,0.0354,-0.8565,310.0,0.00,0.000,0.000,IDLE
2026-08-17T12:01:03.014974,0.0000000,0.0000000,0.57,-0.1155,0.0357,-0.8547,311.0,0.00,0.000,0.000,IDLE
2026-08-17T12:01:04.014975,0.0000000,0.0000000,0.67,-0.1155,0.0358,-0.8544,311.0,0.00,0.000,0.000,IDLE
2026-08-17T12:01:05.017550,0.0000000,0.0000000,0.64,-0.1155,0.0357,-0.8547,311.0,0.00,0.000,0.000,IDLE
2026-08-17T12:01:06.014895,0.0000000,0.0000000,0.69,-0.1156,0.0355,-0.8555,310.0,0.00,0.000,0.000,IDLE
2026-08-17T12:01:07.016983,0.0000000,0.0000000,0.68,-0.1156,0.0355,-0.8571,310.0,0.00,0.000,0.000,IDLE
2026-08-17T12:01:08.014965,0.0000000,0.0000000,0.56,-0.1157,0.0354,-0.8586,310.0,0.00,0.000,0.000,IDLE
2026-08-17T12:01:09.015262,0.0000000,0.0000000,0.88,-0.1157,0.0354,-0.8589,310.0,0.00,0.000,0.000,IDLE
2026-08-17T12:01:10.015000,0.0000000,0.0000000,0.72,-0.1156,0.0354,-0.8579,310.0,0.00,0.000,0.000,IDLE
2026-08-17T12:01:11.014976,0.0000000,0.0000000,0.77,-0.1155,0.0355,-0.8559,310.0,0.00,0.000,0.000,IDLE
2026-08-17T12:01:12.015454,0.0000000,0.0000000,0.95,-0.1155,0.0357,-0.8541,311.0,0.00,0.000,0.000,IDLE
2026-08-17T12:01:13.015194,0.0000000,0.0000000,0.91,-0.1154,0.0357,-0.8530,311.0,0.00,0.000,0.000,IDLE
2026-08-17T12:01:14.014971,0.0000000,0.0000000,0.88,-0.1155,0.0356,-0.8540,311.0,0.00,0.000,0.000,IDLE
2026-08-17T12:01:15.015118,0.0000000,0.0000000,0.84,-0.1155,0.0353,-0.8563,310.0,0.00,0.000,0.000,IDLE
2026-08-17T12:01:16.015061,0.0000000,0.0000000,0.86,-0.1156,0.0352,-0.8575,310.0,0.00,0.000,0.000,IDLE
2026-08-17T12:01:17.015684,0.0000000,0.0000000,0.97,-0.1155,0.0353,-0.8566,310.0,0.00,0.000,0.000,IDLE
2026-08-17T12:01:18.015066,0.0000000,0.0000000,0.81,-0.1155,0.0353,-0.8584,310.0,0.00,0.000,0.000,IDLE
2026-08-17T12:01:19.014889,0.0000000,0.0000000,0.85,-0.1155,0.0355,-0.8600,310.0,0.00,0.000,0.000,IDLE
2026-08-17T12:01:20.015106,0.0000000,0.0000000,0.92,-0.1154,0.0355,-0.8610,310.0,0.00,0.000,0.000,IDLE
2026-08-17T12:01:21.015007,0.0000000,0.0000000,0.84,-0.1154,0.0355,-0.8607,310.0,0.00,0.000,0.000,IDLE
2026-08-17T12:01:22.015202,0.0000000,0.0000000,1.00,-0.1151,0.0359,-0.8582,310.0,0.00,0.000,0.000,IDLE
2026-08-17T12:01:23.015150,0.0000000,0.0000000,0.97,-0.1150,0.0360,-0.8564,310.0,0.00,0.000,0.000,IDLE
2026-08-17T12:01:24.015286,0.0000000,0.0000000,1.16,-0.1149,0.0362,-0.8542,311.0,0.00,0.000,0.000,IDLE
2026-08-17T12:01:25.014986,0.0000000,0.0000000,0.92,-0.1149,0.0362,-0.8540,311.0,0.00,0.000,0.000,IDLE
2026-08-17T12:01:26.015566,0.0000000,0.0000000,0.90,-0.1151,0.0361,-0.8561,310.0,0.00,0.000,0.000,IDLE
2026-08-17T12:01:27.015062,0.0000000,0.0000000,1.01,-0.1150,0.0361,-0.8570,310.0,0.00,0.000,0.000,IDLE
2026-08-17T12:01:28.015051,0.0000000,0.0000000,0.95,-0.1152,0.0359,-0.8582,310.0,0.00,0.000,0.000,IDLE
2026-08-17T12:01:29.015032,0.0000000,0.0000000,0.87,-0.1152,0.0358,-0.8586,310.0,0.00,0.000,0.000,IDLE
2026-08-17T12:01:30.015028,0.0000000,0.0000000,1.01,-0.1153,0.0358,-0.8601,310.0,0.00,0.000,0.000,IDLE
2026-08-17T12:01:31.015156,0.0000000,0.0000000,1.04,-0.1153,0.0360,-0.8579,310.0,0.00,0.000,0.000,IDLE
2026-08-17T12:01:32.015049,0.0000000,0.0000000,0.89,-0.1151,0.0364,-0.8549,311.0,0.00,0.000,0.000,IDLE
2026-08-17T12:01:33.014997,0.0000000,0.0000000,0.89,-0.1151,0.0366,-0.8526,311.0,0.00,0.000,0.000,IDLE
2026-08-17T12:01:34.014955,0.0000000,0.0000000,0.82,-0.1150,0.0366,-0.8535,311.0,0.00,0.000,0.000,IDLE
2026-08-17T12:01:35.015144,0.0000000,0.0000000,0.94,-0.1150,0.0364,-0.8536,311.0,0.00,0.000,0.000,IDLE
2026-08-17T12:01:36.014986,0.0000000,0.0000000,0.95,-0.1151,0.0361,-0.8541,311.0,0.00,0.000,0.000,IDLE
2026-08-17T12:01:37.015235,0.0000000,0.0000000,0.91,-0.1151,0.0361,-0.8545,311.0,0.00,0.000,0.000,IDLE
2026-08-17T12:01:38.014968,0.0000000,0.0000000,0.82,-0.1151,0.0360,-0.8544,311.0,0.00,0.000,0.000,IDLE
2026-08-17T12:01:39.015677,0.0000000,0.0000000,0.84,-0.1152,0.0357,-0.8569,310.0,0.00,0.000,0.000,IDLE
2026-08-17T12:01:40.015030,0.0000000,0.0000000,0.79,-0.1153,0.0356,-0.8571,310.0,0.00,0.000,0.000,IDLE
2026-08-17T12:01:41.015048,0.0000000,0.0000000,0.82,-0.1153,0.0355,-0.8583,310.0,0.00,0.000,0.000,IDLE
2026-08-17T12:01:42.014988,0.0000000,0.0000000,0.65,-0.1155,0.0352,-0.8626,310.0,0.00,0.000,0.000,IDLE
2026-08-17T12:01:43.015013,0.0000000,0.0000000,0.87,-0.1156,0.0351,-0.8633,310.0,0.00,0.000,0.000,IDLE
2026-08-17T12:01:44.015051,0.0000000,0.0000000,0.83,-0.1154,0.0354,-0.8618,310.0,0.00,0.000,0.000,IDLE
2026-08-17T12:01:45.014924,0.0000000,0.0000000,0.93,-0.1155,0.0353,-0.8627,310.0,0.00,0.000,0.000,IDLE
2026-08-17T12:01:46.014885,0.0000000,0.0000000,0.78,-0.1155,0.0354,-0.8631,310.0,0.00,0.000,0.000,IDLE
2026-08-17T12:01:47.014982,0.0000000,0.0000000,0.93,-0.1152,0.0355,-0.8620,310.0,0.00,0.000,0.000,IDLE
2026-08-17T12:01:48.014904,0.0000000,0.0000000,0.69,-0.1152,0.0354,-0.8626,310.0,0.00,0.000,0.000,IDLE
2026-08-17T12:01:49.014902,0.0000000,0.0000000,1.07,-0.1151,0.0354,-0.8611,310.0,0.00,0.000,0.000,IDLE
2026-08-17T12:01:50.015575,0.0000000,0.0000000,1.06,-0.1153,0.0353,-0.8624,310.0,0.00,0.000,0.000,IDLE
2026-08-17T12:01:51.016799,0.0000000,0.0000000,1.04,-0.1154,0.0352,-0.8631,310.0,0.00,0.000,0.000,IDLE
2026-08-17T12:01:52.014916,0.0000000,0.0000000,1.10,-0.1154,0.0354,-0.8624,310.0,0.00,0.000,0.000,IDLE
2026-08-17T12:01:53.014927,0.0000000,0.0000000,0.95,-0.1153,0.0359,-0.8592,310.0,0.00,0.000,0.000,IDLE
2026-08-17T12:01:54.015607,0.0000000,0.0000000,1.04,-0.1153,0.0359,-0.8602,310.0,0.00,0.000,0.000,IDLE
2026-08-17T12:01:55.014981,0.0000000,0.0000000,0.94,-0.1154,0.0358,-0.8632,310.0,0.00,0.000,0.000,IDLE
2026-08-17T12:01:56.015016,0.0000000,0.0000000,0.96,-0.1153,0.0359,-0.8618,310.0,0.00,0.000,0.000,IDLE
2026-08-17T12:01:57.015140,0.0000000,0.0000000,1.03,-0.1154,0.0359,-0.8621,310.0,0.00,0.000,0.000,IDLE
2026-08-17T12:01:58.014909,0.0000000,0.0000000,0.97,-0.1154,0.0360,-0.8625,310.0,0.00,0.000,0.000,IDLE
2026-08-17T12:01:59.014963,0.0000000,0.0000000,0.97,-0.1155,0.0363,-0.8590,310.0,0.00,0.000,0.000,IDLE
2026-08-17T12:02:00.015043,0.0000000,0.0000000,0.70,-0.1155,0.0364,-0.8584,310.0,0.00,0.000,0.000,IDLE
2026-08-17T12:02:01.015131,0.0000000,0.0000000,0.72,-0.1155,0.0364,-0.8574,310.0,0.00,0.000,0.000,IDLE
2026-08-17T12:02:02.015064,0.0000000,0.0000000,0.72,-0.1153,0.0366,-0.8564,310.0,0.00,0.000,0.000,IDLE
2026-08-17T12:02:03.014920,0.0000000,0.0000000,0.87,-0.1151,0.0367,-0.8539,311.0,0.00,0.000,0.000,IDLE
2026-08-17T12:02:04.014930,0.0000000,0.0000000,0.87,-0.1152,0.0366,-0.8548,311.0,0.00,0.000,0.000,IDLE
2026-08-17T12:02:05.015093,0.0000000,0.0000000,1.03,-0.1151,0.0366,-0.8528,311.0,0.00,0.000,0.000,IDLE
2026-08-17T12:02:06.015189,0.0000000,0.0000000,0.84,-0.1150,0.0365,-0.8514,311.0,0.00,0.000,0.000,IDLE
2026-08-17T12:02:07.016529,0.0000000,0.0000000,1.13,-0.1152,0.0361,-0.8534,311.0,0.00,0.000,0.000,IDLE
2026-08-17T12:02:08.015445,0.0000000,0.0000000,0.80,-0.1153,0.0360,-0.8543,311.0,0.00,0.000,0.000,IDLE
2026-08-17T12:02:09.014971,0.0000000,0.0000000,0.77,-0.1152,0.0360,-0.8542,311.0,0.00,0.000,0.000,IDLE
2026-08-17T12:02:10.014948,0.0000000,0.0000000,0.81,-0.1152,0.0361,-0.8546,311.0,0.00,0.000,0.000,IDLE
2026-08-17T12:02:11.014925,0.0000000,0.0000000,0.85,-0.1152,0.0362,-0.8532,311.0,0.00,0.000,0.000,IDLE
2026-08-17T12:02:12.015000,0.0000000,0.0000000,0.95,-0.1151,0.0361,-0.8534,311.0,0.00,0.000,0.000,IDLE
2026-08-17T12:02:13.015248,0.0000000,0.0000000,0.95,-0.1152,0.0361,-0.8527,311.0,0.00,0.000,0.000,IDLE
2026-08-17T12:02:14.014993,0.0000000,0.0000000,0.82,-0.1152,0.0362,-0.8519,311.0,0.00,0.000,0.000,IDLE
2026-08-17T12:02:15.015118,0.0000000,0.0000000,1.03,-0.1154,0.0358,-0.8537,311.0,0.00,0.000,0.000,IDLE
2026-08-17T12:02:16.015381,0.0000000,0.0000000,0.96,-0.1154,0.0358,-0.8533,311.0,0.00,0.000,0.000,IDLE
2026-08-17T12:02:17.014924,0.0000000,0.0000000,0.67,-0.1154,0.0358,-0.8531,311.0,0.00,0.000,0.000,IDLE
2026-08-17T12:02:18.015994,0.0000000,0.0000000,0.81,-0.1155,0.0355,-0.8552,311.0,0.00,0.000,0.000,IDLE
2026-08-17T12:02:19.014974,0.0000000,0.0000000,0.52,-0.1155,0.0355,-0.8550,311.0,0.00,0.000,0.000,IDLE
2026-08-17T12:02:20.015054,0.0000000,0.0000000,0.57,-0.1155,0.0353,-0.8559,310.0,0.00,0.000,0.000,IDLE
2026-08-17T12:02:21.014975,0.0000000,0.0000000,0.67,-0.1157,0.0352,-0.8586,310.0,0.00,0.000,0.000,IDLE
2026-08-17T12:02:22.015024,0.0000000,0.0000000,0.72,-0.1157,0.0353,-0.8590,310.0,0.00,0.000,0.000,IDLE
2026-08-17T12:02:23.015056,0.0000000,0.0000000,0.94,-0.1157,0.0353,-0.8596,310.0,0.00,0.000,0.000,IDLE
2026-08-17T12:02:24.015003,0.0000000,0.0000000,0.76,-0.1157,0.0354,-0.8612,310.0,0.00,0.000,0.000,IDLE
2026-08-17T12:02:25.015327,0.0000000,0.0000000,0.77,-0.1156,0.0354,-0.8617,310.0,0.00,0.000,0.000,IDLE
2026-08-17T12:02:26.015423,0.0000000,0.0000000,1.05,-0.1156,0.0355,-0.8633,310.0,0.00,0.000,0.000,IDLE
2026-08-17T12:02:27.014918,0.0000000,0.0000000,1.02,-0.1156,0.0355,-0.8630,310.0,0.00,0.000,0.000,IDLE
2026-08-17T12:02:28.015092,0.0000000,0.0000000,0.86,-0.1155,0.0356,-0.8625,310.0,0.00,0.000,0.000,IDLE
2026-08-17T12:02:29.014966,0.0000000,0.0000000,0.87,-0.1155,0.0357,-0.8627,310.0,0.00,0.000,0.000,IDLE
2026-08-17T12:02:30.014914,0.0000000,0.0000000,0.94,-0.1157,0.0357,-0.8627,310.0,0.00,0.000,0.000,IDLE
2026-08-17T12:02:31.015086,0.0000000,0.0000000,0.75,-0.1156,0.0359,-0.8616,310.0,0.00,0.000,0.000,IDLE
2026-08-17T12:02:32.014928,0.0000000,0.0000000,0.83,-0.1156,0.0359,-0.8607,310.0,0.00,0.000,0.000,IDLE
2026-08-17T12:02:33.014970,0.0000000,0.0000000,0.92,-0.1156,0.0364,-0.8592,310.0,0.00,0.000,0.000,IDLE
2026-08-17T12:02:34.015001,0.0000000,0.0000000,0.64,-0.1156,0.0365,-0.8586,310.0,0.00,0.000,0.000,IDLE
2026-08-17T12:02:35.018724,0.0000000,0.0000000,0.97,-0.1155,0.0365,-0.8589,310.0,0.00,0.000,0.000,IDLE
2026-08-17T12:02:36.019300,0.0000000,0.0000000,0.76,-0.1154,0.0365,-0.8586,310.0,0.00,0.000,0.000,IDLE
2026-08-17T12:02:37.014984,0.0000000,0.0000000,0.74,-0.1156,0.0363,-0.8601,310.0,0.00,0.000,0.000,IDLE
2026-08-17T12:02:38.015439,0.0000000,0.0000000,0.82,-0.1155,0.0362,-0.8604,310.0,0.00,0.000,0.000,IDLE
2026-08-17T12:02:39.017061,0.0000000,0.0000000,0.92,-0.1155,0.0360,-0.8599,310.0,0.00,0.000,0.000,IDLE
2026-08-17T12:02:40.014973,0.0000000,0.0000000,0.77,-0.1156,0.0359,-0.8602,310.0,0.00,0.000,0.000,IDLE
2026-08-17T12:02:41.015150,0.0000000,0.0000000,0.80,-0.1156,0.0357,-0.8615,310.0,0.00,0.000,0.000,IDLE
2026-08-17T12:02:42.014911,0.0000000,0.0000000,1.01,-0.1156,0.0358,-0.8610,310.0,0.00,0.000,0.000,IDLE
2026-08-17T12:02:43.015094,0.0000000,0.0000000,0.87,-0.1155,0.0359,-0.8588,310.0,0.00,0.000,0.000,IDLE
2026-08-17T12:02:44.015207,0.0000000,0.0000000,0.98,-0.1155,0.0358,-0.8601,310.0,0.00,0.000,0.000,IDLE
2026-08-17T12:02:45.019386,0.0000000,0.0000000,0.98,-0.1155,0.0358,-0.8587,310.0,0.00,0.000,0.000,IDLE
2026-08-17T12:02:46.015298,0.0000000,0.0000000,0.90,-0.1155,0.0358,-0.8584,310.0,0.00,0.000,0.000,IDLE
2026-08-17T12:02:47.014983,0.0000000,0.0000000,0.59,-0.1155,0.0357,-0.8583,310.0,0.00,0.000,0.000,IDLE
2026-08-17T12:02:48.014879,0.0000000,0.0000000,0.95,-0.1154,0.0359,-0.8557,310.0,0.00,0.000,0.000,IDLE
2026-08-17T12:02:49.014926,0.0000000,0.0000000,0.79,-0.1152,0.0359,-0.8537,311.0,0.00,0.000,0.000,IDLE
2026-08-17T12:02:50.015068,0.0000000,0.0000000,0.99,-0.1153,0.0358,-0.8534,311.0,0.00,0.000,0.000,IDLE
2026-08-17T12:02:51.014919,0.0000000,0.0000000,0.88,-0.1153,0.0358,-0.8532,311.0,0.00,0.000,0.000,IDLE
2026-08-17T12:02:52.014956,0.0000000,0.0000000,0.66,-0.1154,0.0355,-0.8560,310.0,0.00,0.000,0.000,IDLE
2026-08-17T12:02:53.016709,0.0000000,0.0000000,0.74,-0.1155,0.0355,-0.8555,310.0,0.00,0.000,0.000,IDLE
2026-08-17T12:02:54.014960,0.0000000,0.0000000,0.77,-0.1155,0.0354,-0.8570,310.0,0.00,0.000,0.000,IDLE
2026-08-17T12:02:55.014915,0.0000000,0.0000000,0.81,-0.1156,0.0355,-0.8577,310.0,0.00,0.000,0.000,IDLE
2026-08-17T12:02:56.014960,0.0000000,0.0000000,0.66,-0.1155,0.0356,-0.8569,310.0,0.00,0.000,0.000,IDLE
2026-08-17T12:02:57.014991,0.0000000,0.0000000,0.80,-0.1155,0.0359,-0.8552,311.0,0.00,0.000,0.000,IDLE
2026-08-17T12:02:58.015287,0.0000000,0.0000000,0.74,-0.1155,0.0358,-0.8549,311.0,0.00,0.000,0.000,IDLE
2026-08-17T12:02:59.014916,0.0000000,0.0000000,0.69,-0.1154,0.0357,-0.8550,311.0,0.00,0.000,0.000,IDLE
2026-08-17T12:03:00.014981,0.0000000,0.0000000,0.79,-0.1155,0.0357,-0.8546,311.0,0.00,0.000,0.000,IDLE
2026-08-17T12:03:01.015462,0.0000000,0.0000000,0.87,-0.1153,0.0358,-0.8523,311.0,0.00,0.000,0.000,IDLE
2026-08-17T12:03:02.015049,0.0000000,0.0000000,1.00,-0.1155,0.0357,-0.8529,311.0,0.00,0.000,0.000,IDLE
2026-08-17T12:03:03.015240,0.0000000,0.0000000,0.96,-0.1155,0.0357,-0.8515,311.0,0.00,0.000,0.000,IDLE
2026-08-17T12:03:04.015243,0.0000000,0.0000000,0.99,-0.1156,0.0359,-0.8499,311.0,0.00,0.000,0.000,IDLE
2026-08-17T12:03:05.015040,0.0000000,0.0000000,1.01,-0.1157,0.0356,-0.8538,311.0,0.00,0.000,0.000,IDLE
2026-08-17T12:03:06.014972,0.0000000,0.0000000,0.91,-0.1160,0.0351,-0.8592,310.0,0.00,0.000,0.000,IDLE
2026-08-17T12:03:07.015232,0.0000000,0.0000000,1.08,-0.1159,0.0351,-0.8602,310.0,0.00,0.000,0.000,IDLE
2026-08-17T12:03:08.015034,0.0000000,0.0000000,0.95,-0.1157,0.0354,-0.8578,310.0,0.00,0.000,0.000,IDLE
2026-08-17T12:03:09.015023,0.0000000,0.0000000,1.01,-0.1159,0.0353,-0.8593,310.0,0.00,0.000,0.000,IDLE
2026-08-17T12:03:10.014900,0.0000000,0.0000000,1.19,-0.1157,0.0357,-0.8544,311.0,0.00,0.000,0.000,IDLE
2026-08-17T12:03:11.015017,0.0000000,0.0000000,1.22,-0.1157,0.0357,-0.8544,311.0,0.00,0.000,0.000,IDLE
2026-08-17T12:03:12.014919,0.0000000,0.0000000,1.33,-0.1158,0.0355,-0.8564,310.0,0.00,0.000,0.000,IDLE
2026-08-17T12:03:13.015124,0.0000000,0.0000000,1.21,-0.1158,0.0358,-0.8552,311.0,0.00,0.000,0.000,IDLE
2026-08-17T12:03:14.015029,0.0000000,0.0000000,1.19,-0.1157,0.0358,-0.8548,311.0,0.00,0.000,0.000,IDLE
2026-08-17T12:03:15.015520,0.0000000,0.0000000,1.01,-0.1158,0.0359,-0.8548,311.0,0.00,0.000,0.000,IDLE
2026-08-17T12:03:16.014926,0.0000000,0.0000000,0.95,-0.1156,0.0362,-0.8527,311.0,0.00,0.000,0.000,IDLE
2026-08-17T12:03:17.015270,0.0000000,0.0000000,1.10,-0.1156,0.0363,-0.8513,311.0,0.00,0.000,0.000,IDLE
2026-08-17T12:03:18.015125,0.0000000,0.0000000,1.02,-0.1156,0.0360,-0.8532,311.0,0.00,0.000,0.000,IDLE
2026-08-17T12:03:19.015469,0.0000000,0.0000000,1.03,-0.1156,0.0360,-0.8522,311.0,0.00,0.000,0.000,IDLE
2026-08-17T12:03:20.015150,0.0000000,0.0000000,0.97,-0.1156,0.0359,-0.8512,311.0,0.00,0.000,0.000,IDLE
2026-08-17T12:03:21.016038,0.0000000,0.0000000,0.91,-0.1155,0.0359,-0.8503,311.0,0.00,0.000,0.000,IDLE
2026-08-17T12:03:22.016181,0.0000000,0.0000000,0.79,-0.1155,0.0358,-0.8502,311.0,0.00,0.000,0.000,IDLE
2026-08-17T12:03:23.015038,0.0000000,0.0000000,0.82,-0.1155,0.0358,-0.8504,311.0,0.00,0.000,0.000,IDLE
2026-08-17T12:03:24.014918,0.0000000,0.0000000,0.65,-0.1156,0.0358,-0.8491,311.0,0.00,0.000,0.000,IDLE
2026-08-17T12:03:25.015213,0.0000000,0.0000000,0.80,-0.1156,0.0359,-0.8487,311.0,0.00,0.000,0.000,IDLE
2026-08-17T12:03:26.014977,0.0000000,0.0000000,0.52,-0.1156,0.0358,-0.8502,311.0,0.00,0.000,0.000,IDLE
2026-08-17T12:03:27.015053,0.0000000,0.0000000,0.71,-0.1156,0.0359,-0.8495,311.0,0.00,0.000,0.000,IDLE
2026-08-17T12:03:28.015112,0.0000000,0.0000000,0.74,-0.1156,0.0359,-0.8493,311.0,0.00,0.000,0.000,IDLE
2026-08-17T12:03:29.014982,0.0000000,0.0000000,0.66,-0.1158,0.0353,-0.8548,311.0,0.00,0.000,0.000,IDLE
2026-08-17T12:03:30.014925,0.0000000,0.0000000,0.83,-0.1158,0.0350,-0.8575,310.0,0.00,0.000,0.000,IDLE
2026-08-17T12:03:31.014971,0.0000000,0.0000000,0.97,-0.1159,0.0348,-0.8611,310.0,0.00,0.000,0.000,IDLE
2026-08-17T12:03:32.015580,0.0000000,0.0000000,0.96,-0.1157,0.0353,-0.8575,310.0,0.00,0.000,0.000,IDLE
2026-08-17T12:03:33.014987,0.0000000,0.0000000,0.91,-0.1157,0.0352,-0.8596,310.0,0.00,0.000,0.000,IDLE
2026-08-17T12:03:34.014926,0.0000000,0.0000000,0.65,-0.1156,0.0355,-0.8592,310.0,0.00,0.000,0.000,IDLE
2026-08-17T12:03:35.015046,0.0000000,0.0000000,0.64,-0.1155,0.0356,-0.8577,310.0,0.00,0.000,0.000,IDLE
2026-08-17T12:03:36.015202,0.0000000,0.0000000,0.39,-0.1157,0.0356,-0.8591,310.0,0.00,0.000,0.000,IDLE
2026-08-17T12:03:37.014954,0.0000000,0.0000000,0.72,-0.1157,0.0355,-0.8594,310.0,0.00,0.000,0.000,IDLE
2026-08-17T12:03:38.014989,0.0000000,0.0000000,0.73,-0.1158,0.0353,-0.8617,310.0,0.00,0.000,0.000,IDLE
2026-08-17T12:03:39.015156,0.0000000,0.0000000,0.64,-0.1158,0.0353,-0.8628,310.0,0.00,0.000,0.000,IDLE
2026-08-17T12:03:40.014966,0.0000000,0.0000000,0.92,-0.1157,0.0356,-0.8616,310.0,0.00,0.000,0.000,IDLE
2026-08-17T12:03:41.015218,0.0000000,0.0000000,0.77,-0.1157,0.0357,-0.8625,310.0,0.00,0.000,0.000,IDLE
2026-08-17T12:03:42.014948,0.0000000,0.0000000,0.79,-0.1156,0.0359,-0.8615,310.0,0.00,0.000,0.000,IDLE
2026-08-17T12:03:43.015564,0.0000000,0.0000000,0.93,-0.1155,0.0359,-0.8608,310.0,0.00,0.000,0.000,IDLE
2026-08-17T12:03:44.014996,0.0000000,0.0000000,0.96,-0.1156,0.0358,-0.8629,310.0,0.00,0.000,0.000,IDLE
2026-08-17T12:03:45.015310,0.0000000,0.0000000,1.01,-0.1154,0.0361,-0.8615,310.0,0.00,0.000,0.000,IDLE
2026-08-17T12:03:46.015460,0.0000000,0.0000000,0.95,-0.1154,0.0361,-0.8607,310.0,0.00,0.000,0.000,IDLE
2026-08-17T12:03:47.014929,0.0000000,0.0000000,0.87,-0.1154,0.0361,-0.8622,310.0,0.00,0.000,0.000,IDLE
2026-08-17T12:03:48.014982,0.0000000,0.0000000,0.93,-0.1153,0.0364,-0.8591,310.0,0.00,0.000,0.000,IDLE
2026-08-17T12:03:49.014957,0.0000000,0.0000000,0.75,-0.1154,0.0364,-0.8600,310.0,0.00,0.000,0.000,IDLE
2026-08-17T12:03:50.015285,0.0000000,0.0000000,1.05,-0.1155,0.0367,-0.8575,310.0,0.00,0.000,0.000,IDLE
2026-08-17T12:03:51.014967,0.0000000,0.0000000,0.80,-0.1154,0.0368,-0.8555,310.0,0.00,0.000,0.000,IDLE
2026-08-17T12:03:52.014993,0.0000000,0.0000000,0.86,-0.1154,0.0369,-0.8547,311.0,0.00,0.000,0.000,IDLE
2026-08-17T12:03:53.016558,0.0000000,0.0000000,0.86,-0.1156,0.0366,-0.8566,310.0,0.00,0.000,0.000,IDLE
2026-08-17T12:03:54.015007,0.0000000,0.0000000,0.72,-0.1156,0.0365,-0.8573,310.0,0.00,0.000,0.000,IDLE
2026-08-17T12:03:55.015141,0.0000000,0.0000000,0.84,-0.1157,0.0364,-0.8600,310.0,0.00,0.000,0.000,IDLE
2026-08-17T12:03:56.014993,0.0000000,0.0000000,0.89,-0.1156,0.0368,-0.8567,310.0,0.00,0.000,0.000,IDLE
2026-08-17T12:03:57.014967,0.0000000,0.0000000,1.00,-0.1156,0.0367,-0.8568,310.0,0.00,0.000,0.000,IDLE
2026-08-17T12:03:58.014917,0.0000000,0.0000000,0.65,-0.1155,0.0364,-0.8571,310.0,0.00,0.000,0.000,IDLE
2026-08-17T12:03:59.014978,0.0000000,0.0000000,0.69,-0.1155,0.0363,-0.8574,310.0,0.00,0.000,0.000,IDLE
2026-08-17T12:04:00.015013,0.0000000,0.0000000,0.67,-0.1157,0.0361,-0.8601,310.0,0.00,0.000,0.000,IDLE
2026-08-17T12:04:01.015110,0.0000000,0.0000000,0.89,-0.1155,0.0364,-0.8569,310.0,0.00,0.000,0.000,IDLE
2026-08-17T12:04:02.015175,0.0000000,0.0000000,0.59,-0.1155,0.0363,-0.8578,310.0,0.00,0.000,0.000,IDLE
2026-08-17T12:04:03.015006,0.0000000,0.0000000,0.58,-0.1155,0.0361,-0.8587,310.0,0.00,0.000,0.000,IDLE
2026-08-17T12:04:04.015146,0.0000000,0.0000000,0.82,-0.1155,0.0361,-0.8579,310.0,0.00,0.000,0.000,IDLE
2026-08-17T12:04:05.014995,0.0000000,0.0000000,0.62,-0.1154,0.0362,-0.8579,310.0,0.00,0.000,0.000,IDLE
2026-08-17T12:04:06.015075,0.0000000,0.0000000,0.72,-0.1155,0.0361,-0.8581,310.0,0.00,0.000,0.000,IDLE
2026-08-17T12:04:07.014899,0.0000000,0.0000000,0.76,-0.1155,0.0362,-0.8574,310.0,0.00,0.000,0.000,IDLE
2026-08-17T12:04:08.015395,0.0000000,0.0000000,0.52,-0.1155,0.0361,-0.8585,310.0,0.00,0.000,0.000,IDLE
2026-08-17T12:04:09.015021,0.0000000,0.0000000,0.68,-0.1155,0.0364,-0.8576,310.0,0.00,0.000,0.000,IDLE
2026-08-17T12:04:10.015173,0.0000000,0.0000000,0.72,-0.1152,0.0369,-0.8548,311.0,0.00,0.000,0.000,IDLE
2026-08-17T12:04:11.014989,0.0000000,0.0000000,0.79,-0.1153,0.0367,-0.8571,310.0,0.00,0.000,0.000,IDLE
2026-08-17T12:04:12.019103,0.0000000,0.0000000,0.87,-0.1153,0.0367,-0.8583,310.0,0.00,0.000,0.000,IDLE
2026-08-17T12:04:13.014880,0.0000000,0.0000000,0.92,-0.1152,0.0369,-0.8584,310.0,0.00,0.000,0.000,IDLE
2026-08-17T12:04:14.015020,0.0000000,0.0000000,0.87,-0.1151,0.0373,-0.8541,311.0,0.00,0.000,0.000,IDLE
2026-08-17T12:04:15.014874,0.0000000,0.0000000,0.81,-0.1152,0.0370,-0.8562,310.0,0.00,0.000,0.000,IDLE
2026-08-17T12:04:16.014910,0.0000000,0.0000000,0.87,-0.1154,0.0369,-0.8574,310.0,0.00,0.000,0.000,IDLE
2026-08-17T12:04:17.014962,0.0000000,0.0000000,0.82,-0.1154,0.0370,-0.8558,310.0,0.00,0.000,0.000,IDLE
2026-08-17T12:04:18.014999,0.0000000,0.0000000,0.93,-0.1153,0.0370,-0.8557,310.0,0.00,0.000,0.000,IDLE
2026-08-17T12:04:19.014991,0.0000000,0.0000000,0.82,-0.1154,0.0368,-0.8560,310.0,0.00,0.000,0.000,IDLE
2026-08-17T12:04:20.014918,0.0000000,0.0000000,0.84,-0.1154,0.0367,-0.8566,310.0,0.00,0.000,0.000,IDLE
2026-08-17T12:04:21.014925,0.0000000,0.0000000,0.91,-0.1155,0.0367,-0.8555,310.0,0.00,0.000,0.000,IDLE
2026-08-17T12:04:22.014898,0.0000000,0.0000000,1.06,-0.1153,0.0365,-0.8555,310.0,0.00,0.000,0.000,IDLE
2026-08-17T12:04:23.014918,0.0000000,0.0000000,1.10,-0.1151,0.0365,-0.8549,311.0,0.00,0.000,0.000,IDLE
2026-08-17T12:04:24.015027,0.0000000,0.0000000,1.00,-0.1151,0.0366,-0.8534,311.0,0.00,0.000,0.000,IDLE
2026-08-17T12:04:25.015869,0.0000000,0.0000000,0.93,-0.1152,0.0364,-0.8540,311.0,0.00,0.000,0.000,IDLE
2026-08-17T12:04:26.015381,0.0000000,0.0000000,0.95,-0.1153,0.0360,-0.8561,310.0,0.00,0.000,0.000,IDLE
2026-08-17T12:04:27.016866,0.0000000,0.0000000,0.86,-0.1153,0.0358,-0.8575,310.0,0.00,0.000,0.000,IDLE
2026-08-17T12:04:28.014890,0.0000000,0.0000000,0.92,-0.1152,0.0359,-0.8558,310.0,0.00,0.000,0.000,IDLE
2026-08-17T12:04:29.020133,0.0000000,0.0000000,1.00,-0.1153,0.0357,-0.8576,310.0,0.00,0.000,0.000,IDLE
2026-08-17T12:04:30.015200,0.0000000,0.0000000,1.07,-0.1155,0.0354,-0.8594,310.0,0.00,0.000,0.000,IDLE
2026-08-17T12:04:31.015023,0.0000000,0.0000000,1.10,-0.1156,0.0354,-0.8604,310.0,0.00,0.000,0.000,IDLE
2026-08-17T12:04:32.015018,0.0000000,0.0000000,0.94,-0.1158,0.0351,-0.8628,310.0,0.00,0.000,0.000,IDLE
2026-08-17T12:04:33.016991,0.0000000,0.0000000,0.98,-0.1157,0.0350,-0.8638,310.0,0.00,0.000,0.000,IDLE
2026-08-17T12:04:34.015031,0.0000000,0.0000000,0.99,-0.1155,0.0351,-0.8639,310.0,0.00,0.000,0.000,IDLE
2026-08-17T12:04:35.015438,0.0000000,0.0000000,0.99,-0.1155,0.0351,-0.8640,310.0,0.00,0.000,0.000,IDLE
2026-08-17T12:04:36.018335,0.0000000,0.0000000,0.79,-0.1156,0.0350,-0.8664,310.0,0.00,0.000,0.000,IDLE
2026-08-17T12:04:37.014927,0.0000000,0.0000000,1.08,-0.1156,0.0352,-0.8673,310.0,0.00,0.000,0.000,IDLE
2026-08-17T12:04:38.019468,0.0000000,0.0000000,0.97,-0.1156,0.0354,-0.8668,310.0,0.00,0.000,0.000,IDLE
2026-08-17T12:04:39.015359,0.0000000,0.0000000,0.86,-0.1154,0.0356,-0.8638,310.0,0.00,0.000,0.000,IDLE
2026-08-17T12:04:40.023952,0.0000000,0.0000000,1.13,-0.1154,0.0356,-0.8643,310.0,0.00,0.000,0.000,IDLE
2026-08-17T12:04:41.014928,0.0000000,0.0000000,1.01,-0.1154,0.0357,-0.8626,310.0,0.00,0.000,0.000,IDLE
2026-08-17T12:04:42.015026,0.0000000,0.0000000,1.02,-0.1154,0.0359,-0.8621,310.0,0.00,0.000,0.000,IDLE
2026-08-17T12:04:43.015028,0.0000000,0.0000000,0.90,-0.1153,0.0358,-0.8617,310.0,0.00,0.000,0.000,IDLE
2026-08-17T12:04:44.015335,0.0000000,0.0000000,0.98,-0.1152,0.0358,-0.8622,310.0,0.00,0.000,0.000,IDLE
2026-08-17T12:04:45.015535,0.0000000,0.0000000,1.08,-0.1152,0.0357,-0.8631,310.0,0.00,0.000,0.000,IDLE
2026-08-17T12:04:46.014970,0.0000000,0.0000000,1.17,-0.1152,0.0358,-0.8621,310.0,0.00,0.000,0.000,IDLE
2026-08-17T12:04:47.015404,0.0000000,0.0000000,1.07,-0.1150,0.0361,-0.8590,310.0,0.00,0.000,0.000,IDLE
2026-08-17T12:04:48.015166,0.0000000,0.0000000,1.12,-0.1150,0.0362,-0.8570,310.0,0.00,0.000,0.000,IDLE
2026-08-17T12:04:49.015106,0.0000000,0.0000000,1.24,-0.1151,0.0361,-0.8562,310.0,0.00,0.000,0.000,IDLE
2026-08-17T12:04:50.014910,0.0000000,0.0000000,1.12,-0.1150,0.0360,-0.8568,310.0,0.00,0.000,0.000,IDLE
2026-08-17T12:04:51.015150,0.0000000,0.0000000,1.17,-0.1152,0.0361,-0.8574,310.0,0.00,0.000,0.000,IDLE
2026-08-17T12:04:52.015921,0.0000000,0.0000000,1.34,-0.1153,0.0360,-0.8579,310.0,0.00,0.000,0.000,IDLE
2026-08-17T12:04:53.015036,0.0000000,0.0000000,1.19,-0.1153,0.0362,-0.8566,310.0,0.00,0.000,0.000,IDLE
2026-08-17T12:04:54.014978,0.0000000,0.0000000,1.15,-0.1154,0.0359,-0.8596,310.0,0.00,0.000,0.000,IDLE
2026-08-17T12:04:55.015018,0.0000000,0.0000000,1.41,-0.1155,0.0360,-0.8573,310.0,0.00,0.000,0.000,IDLE
2026-08-17T12:04:56.014989,0.0000000,0.0000000,1.15,-0.1155,0.0361,-0.8571,310.0,0.00,0.000,0.000,IDLE
2026-08-17T12:04:57.014997,0.0000000,0.0000000,1.06,-0.1153,0.0365,-0.8522,311.0,0.00,0.000,0.000,IDLE
2026-08-17T12:04:58.015051,0.0000000,0.0000000,1.05,-0.1153,0.0366,-0.8508,311.0,0.00,0.000,0.000,IDLE
2026-08-17T12:04:59.015301,0.0000000,0.0000000,1.00,-0.1154,0.0366,-0.8507,311.0,0.00,0.000,0.000,IDLE
2026-08-17T12:05:00.015507,0.0000000,0.0000000,1.11,-0.1155,0.0361,-0.8541,311.0,0.00,0.000,0.000,IDLE
2026-08-17T12:05:01.015894,0.0000000,0.0000000,1.04,-0.1155,0.0362,-0.8545,311.0,0.00,0.000,0.000,IDLE
2026-08-17T12:05:02.015014,0.0000000,0.0000000,1.10,-0.1155,0.0362,-0.8545,311.0,0.00,0.000,0.000,IDLE
2026-08-17T12:05:03.015616,0.0000000,0.0000000,1.23,-0.1155,0.0363,-0.8532,311.0,0.00,0.000,0.000,IDLE
2026-08-17T12:05:04.014919,0.0000000,0.0000000,1.07,-0.1155,0.0363,-0.8521,311.0,0.00,0.000,0.000,IDLE
2026-08-17T12:05:05.015117,0.0000000,0.0000000,1.14,-0.1156,0.0361,-0.8524,311.0,0.00,0.000,0.000,IDLE
2026-08-17T12:05:06.015151,0.0000000,0.0000000,1.28,-0.1155,0.0361,-0.8515,311.0,0.00,0.000,0.000,IDLE
2026-08-17T12:05:07.014870,0.0000000,0.0000000,1.12,-0.1156,0.0358,-0.8536,311.0,0.00,0.000,0.000,IDLE
2026-08-17T12:05:08.015044,0.0000000,0.0000000,1.04,-0.1155,0.0359,-0.8524,311.0,0.00,0.000,0.000,IDLE
2026-08-17T12:05:09.015049,0.0000000,0.0000000,1.02,-0.1155,0.0360,-0.8502,311.0,0.00,0.000,0.000,IDLE
2026-08-17T12:05:10.015524,0.0000000,0.0000000,1.06,-0.1157,0.0357,-0.8524,311.0,0.00,0.000,0.000,IDLE
2026-08-17T12:05:11.015101,0.0000000,0.0000000,0.97,-0.1156,0.0357,-0.8525,311.0,0.00,0.000,0.000,IDLE
2026-08-17T12:05:12.014974,0.0000000,0.0000000,1.07,-0.1156,0.0357,-0.8527,311.0,0.00,0.000,0.000,IDLE
2026-08-17T12:05:13.015330,0.0000000,0.0000000,1.03,-0.1155,0.0358,-0.8523,311.0,0.00,0.000,0.000,IDLE
2026-08-17T12:05:14.014981,0.0000000,0.0000000,1.02,-0.1154,0.0359,-0.8503,311.0,0.00,0.000,0.000,IDLE
2026-08-17T12:05:15.015064,0.0000000,0.0000000,0.89,-0.1154,0.0359,-0.8494,311.0,0.00,0.000,0.000,IDLE
2026-08-17T12:05:16.015146,0.0000000,0.0000000,1.07,-0.1154,0.0356,-0.8506,311.0,0.00,0.000,0.000,IDLE
2026-08-17T12:05:17.015298,0.0000000,0.0000000,1.09,-0.1155,0.0354,-0.8517,311.0,0.00,0.000,0.000,IDLE
2026-08-17T12:05:18.014924,0.0000000,0.0000000,0.97,-0.1157,0.0354,-0.8528,311.0,0.00,0.000,0.000,IDLE
2026-08-17T12:05:19.015048,0.0000000,0.0000000,1.10,-0.1157,0.0357,-0.8515,311.0,0.00,0.000,0.000,IDLE
2026-08-17T12:05:20.014924,0.0000000,0.0000000,1.20,-0.1157,0.0357,-0.8504,311.0,0.00,0.000,0.000,IDLE
2026-08-17T12:05:21.015023,0.0000000,0.0000000,1.21,-0.1156,0.0355,-0.8520,311.0,0.00,0.000,0.000,IDLE
2026-08-17T12:05:22.015271,0.0000000,0.0000000,1.18,-0.1155,0.0357,-0.8510,311.0,0.00,0.000,0.000,IDLE
2026-08-17T12:05:23.015502,0.0000000,0.0000000,1.15,-0.1154,0.0358,-0.8506,311.0,0.00,0.000,0.000,IDLE
2026-08-17T12:05:24.014889,0.0000000,0.0000000,1.10,-0.1154,0.0358,-0.8520,311.0,0.00,0.000,0.000,IDLE
2026-08-17T12:05:25.019232,0.0000000,0.0000000,1.13,-0.1156,0.0353,-0.8560,310.0,0.00,0.000,0.000,IDLE
2026-08-17T12:05:26.015775,0.0000000,0.0000000,1.10,-0.1158,0.0351,-0.8592,310.0,0.00,0.000,0.000,IDLE
2026-08-17T12:05:27.014918,0.0000000,0.0000000,1.05,-0.1159,0.0349,-0.8613,310.0,0.00,0.000,0.000,IDLE
2026-08-17T12:05:28.015008,0.0000000,0.0000000,1.26,-0.1157,0.0353,-0.8592,310.0,0.00,0.000,0.000,IDLE
2026-08-17T12:05:29.017660,0.0000000,0.0000000,1.13,-0.1157,0.0355,-0.8592,310.0,0.00,0.000,0.000,IDLE
2026-08-17T12:05:30.015084,0.0000000,0.0000000,0.99,-0.1158,0.0354,-0.8619,310.0,0.00,0.000,0.000,IDLE
2026-08-17T12:05:31.014926,0.0000000,0.0000000,1.28,-0.1157,0.0354,-0.8612,310.0,0.00,0.000,0.000,IDLE
2026-08-17T12:05:32.017839,0.0000000,0.0000000,0.96,-0.1157,0.0356,-0.8603,310.0,0.00,0.000,0.000,IDLE
2026-08-17T12:05:33.020306,0.0000000,0.0000000,1.08,-0.1154,0.0361,-0.8567,310.0,0.00,0.000,0.000,IDLE
2026-08-17T12:05:34.015048,0.0000000,0.0000000,1.17,-0.1156,0.0359,-0.8590,310.0,0.00,0.000,0.000,IDLE
2026-08-17T12:05:35.014897,0.0000000,0.0000000,1.15,-0.1158,0.0356,-0.8622,310.0,0.00,0.000,0.000,IDLE
2026-08-17T12:05:36.020099,0.0000000,0.0000000,1.10,-0.1158,0.0356,-0.8635,310.0,0.00,0.000,0.000,IDLE
2026-08-17T12:05:37.014987,0.0000000,0.0000000,1.11,-0.1158,0.0357,-0.8635,310.0,0.00,0.000,0.000,IDLE
2026-08-17T12:05:38.015043,0.0000000,0.0000000,0.95,-0.1156,0.0358,-0.8627,310.0,0.00,0.000,0.000,IDLE
2026-08-17T12:05:39.015004,0.0000000,0.0000000,1.16,-0.1157,0.0356,-0.8642,310.0,0.00,0.000,0.000,IDLE
2026-08-17T12:05:40.014992,0.0000000,0.0000000,1.10,-0.1156,0.0357,-0.8635,310.0,0.00,0.000,0.000,IDLE
2026-08-17T12:05:41.014914,0.0000000,0.0000000,1.05,-0.1155,0.0357,-0.8634,310.0,0.00,0.000,0.000,IDLE
2026-08-17T12:05:42.014984,0.0000000,0.0000000,1.06,-0.1155,0.0360,-0.8607,310.0,0.00,0.000,0.000,IDLE
2026-08-17T12:05:43.015238,0.0000000,0.0000000,1.21,-0.1153,0.0362,-0.8577,310.0,0.00,0.000,0.000,IDLE
2026-08-17T12:05:44.015090,0.0000000,0.0000000,1.01,-0.1154,0.0360,-0.8586,310.0,0.00,0.000,0.000,IDLE
2026-08-17T12:05:45.014928,0.0000000,0.0000000,1.00,-0.1155,0.0359,-0.8585,310.0,0.00,0.000,0.000,IDLE
2026-08-17T12:05:46.015073,0.0000000,0.0000000,1.05,-0.1156,0.0359,-0.8586,310.0,0.00,0.000,0.000,IDLE
2026-08-17T12:05:47.015065,0.0000000,0.0000000,1.04,-0.1156,0.0358,-0.8581,310.0,0.00,0.000,0.000,IDLE
2026-08-17T12:05:48.014990,0.0000000,0.0000000,1.04,-0.1156,0.0359,-0.8577,310.0,0.00,0.000,0.000,IDLE
2026-08-17T12:05:49.015650,0.0000000,0.0000000,1.02,-0.1155,0.0357,-0.8595,310.0,0.00,0.000,0.000,IDLE
2026-08-17T12:05:50.014873,0.0000000,0.0000000,1.26,-0.1156,0.0356,-0.8597,310.0,0.00,0.000,0.000,IDLE
2026-08-17T12:05:51.014954,0.0000000,0.0000000,1.32,-0.1156,0.0357,-0.8588,310.0,0.00,0.000,0.000,IDLE
2026-08-17T12:05:52.014957,0.0000000,0.0000000,1.09,-0.1155,0.0358,-0.8571,310.0,0.00,0.000,0.000,IDLE
2026-08-17T12:05:53.014906,0.0000000,0.0000000,1.14,-0.1155,0.0358,-0.8558,310.0,0.00,0.000,0.000,IDLE
2026-08-17T12:05:54.015338,0.0000000,0.0000000,1.07,-0.1154,0.0355,-0.8582,310.0,0.00,0.000,0.000,IDLE
2026-08-17T12:05:55.015079,0.0000000,0.0000000,1.14,-0.1154,0.0357,-0.8582,310.0,0.00,0.000,0.000,IDLE
2026-08-17T12:05:56.015037,0.0000000,0.0000000,0.97,-0.1155,0.0356,-0.8587,310.0,0.00,0.000,0.000,IDLE
2026-08-17T12:05:57.014846,0.0000000,0.0000000,0.92,-0.1154,0.0355,-0.8592,310.0,0.00,0.000,0.000,IDLE
2026-08-17T12:05:58.015029,0.0000000,0.0000000,0.74,-0.1156,0.0354,-0.8599,310.0,0.00,0.000,0.000,IDLE
2026-08-17T12:05:59.014863,0.0000000,0.0000000,0.95,-0.1156,0.0355,-0.8595,310.0,0.00,0.000,0.000,IDLE
2026-08-17T12:06:00.014910,0.0000000,0.0000000,0.94,-0.1155,0.0358,-0.8571,310.0,0.00,0.000,0.000,IDLE
2026-08-17T12:06:01.015237,0.0000000,0.0000000,0.95,-0.1157,0.0357,-0.8590,310.0,0.00,0.000,0.000,IDLE
2026-08-17T12:06:02.014897,0.0000000,0.0000000,0.79,-0.1156,0.0359,-0.8580,310.0,0.00,0.000,0.000,IDLE
2026-08-17T12:06:03.014909,0.0000000,0.0000000,0.76,-0.1155,0.0360,-0.8564,310.0,0.00,0.000,0.000,IDLE
2026-08-17T12:06:04.015028,0.0000000,0.0000000,0.92,-0.1153,0.0361,-0.8552,311.0,0.00,0.000,0.000,IDLE
2026-08-17T12:06:05.015373,0.0000000,0.0000000,0.85,-0.1152,0.0364,-0.8516,311.0,0.00,0.000,0.000,IDLE
2026-08-17T12:06:06.015151,0.0000000,0.0000000,0.89,-0.1153,0.0361,-0.8530,311.0,0.00,0.000,0.000,IDLE
2026-08-17T12:06:07.014986,0.0000000,0.0000000,0.75,-0.1153,0.0360,-0.8535,311.0,0.00,0.000,0.000,IDLE
2026-08-17T12:06:08.015271,0.0000000,0.0000000,0.84,-0.1153,0.0361,-0.8525,311.0,0.00,0.000,0.000,IDLE
2026-08-17T12:06:09.015117,0.0000000,0.0000000,0.79,-0.1154,0.0359,-0.8519,311.0,0.00,0.000,0.000,IDLE
2026-08-17T12:06:10.014961,0.0000000,0.0000000,0.74,-0.1156,0.0356,-0.8543,311.0,0.00,0.000,0.000,IDLE
2026-08-17T12:06:11.015095,0.0000000,0.0000000,0.78,-0.1156,0.0359,-0.8526,311.0,0.00,0.000,0.000,IDLE
2026-08-17T12:06:12.015095,0.0000000,0.0000000,0.52,-0.1156,0.0358,-0.8541,311.0,0.00,0.000,0.000,IDLE
2026-08-17T12:06:13.016098,0.0000000,0.0000000,0.81,-0.1155,0.0357,-0.8550,311.0,0.00,0.000,0.000,IDLE
2026-08-17T12:06:14.014910,0.0000000,0.0000000,0.84,-0.1155,0.0356,-0.8578,310.0,0.00,0.000,0.000,IDLE
2026-08-17T12:06:15.015027,0.0000000,0.0000000,1.00,-0.1155,0.0356,-0.8566,310.0,0.00,0.000,0.000,IDLE
2026-08-17T12:06:16.014995,0.0000000,0.0000000,0.84,-0.1157,0.0351,-0.8613,310.0,0.00,0.000,0.000,IDLE
2026-08-17T12:06:17.015275,0.0000000,0.0000000,0.91,-0.1158,0.0353,-0.8608,310.0,0.00,0.000,0.000,IDLE
2026-08-17T12:06:18.014858,0.0000000,0.0000000,0.90,-0.1158,0.0354,-0.8626,310.0,0.00,0.000,0.000,IDLE
2026-08-17T12:06:19.014906,0.0000000,0.0000000,0.81,-0.1160,0.0353,-0.8659,310.0,0.00,0.000,0.000,IDLE
2026-08-17T12:06:20.015070,0.0000000,0.0000000,0.66,-0.1159,0.0355,-0.8651,310.0,0.00,0.000,0.000,IDLE
2026-08-17T12:06:21.014976,0.0000000,0.0000000,0.64,-0.1159,0.0357,-0.8641,310.0,0.00,0.000,0.000,IDLE
2026-08-17T12:06:22.015089,0.0000000,0.0000000,0.88,-0.1157,0.0360,-0.8611,310.0,0.00,0.000,0.000,IDLE
2026-08-17T12:06:23.015175,0.0000000,0.0000000,0.76,-0.1157,0.0361,-0.8606,310.0,0.00,0.000,0.000,IDLE
2026-08-17T12:06:24.014742,0.0000000,0.0000000,0.73,-0.1158,0.0360,-0.8619,310.0,0.00,0.000,0.000,IDLE
2026-08-17T12:06:25.015122,0.0000000,0.0000000,0.84,-0.1158,0.0359,-0.8614,310.0,0.00,0.000,0.000,IDLE
2026-08-17T12:06:26.015185,0.0000000,0.0000000,1.02,-0.1157,0.0361,-0.8602,310.0,0.00,0.000,0.000,IDLE
2026-08-17T12:06:27.014995,0.0000000,0.0000000,1.09,-0.1158,0.0359,-0.8617,310.0,0.00,0.000,0.000,IDLE
2026-08-17T12:06:28.015027,0.0000000,0.0000000,1.04,-0.1157,0.0361,-0.8599,310.0,0.00,0.000,0.000,IDLE
2026-08-17T12:06:29.015020,0.0000000,0.0000000,1.09,-0.1157,0.0357,-0.8624,310.0,0.00,0.000,0.000,IDLE
2026-08-17T12:06:30.015173,0.0000000,0.0000000,1.00,-0.1155,0.0359,-0.8590,310.0,0.00,0.000,0.000,IDLE
2026-08-17T12:06:31.015835,0.0000000,0.0000000,0.90,-0.1156,0.0358,-0.8596,310.0,0.00,0.000,0.000,IDLE
2026-08-17T12:06:32.015098,0.0000000,0.0000000,0.88,-0.1157,0.0356,-0.8615,310.0,0.00,0.000,0.000,IDLE
2026-08-17T12:06:33.014917,0.0000000,0.0000000,0.56,-0.1156,0.0356,-0.8611,310.0,0.00,0.000,0.000,IDLE
2026-08-17T12:06:34.015066,0.0000000,0.0000000,0.99,-0.1154,0.0358,-0.8592,310.0,0.00,0.000,0.000,IDLE
2026-08-17T12:06:35.015168,0.0000000,0.0000000,0.81,-0.1155,0.0355,-0.8605,310.0,0.00,0.000,0.000,IDLE
2026-08-17T12:06:36.015132,0.0000000,0.0000000,0.80,-0.1156,0.0355,-0.8615,310.0,0.00,0.000,0.000,IDLE
2026-08-17T12:06:37.014901,0.0000000,0.0000000,0.86,-0.1155,0.0355,-0.8613,310.0,0.00,0.000,0.000,IDLE
2026-08-17T12:06:38.015160,0.0000000,0.0000000,0.78,-0.1155,0.0355,-0.8609,310.0,0.00,0.000,0.000,IDLE
2026-08-17T12:06:39.014991,0.0000000,0.0000000,0.84,-0.1154,0.0357,-0.8595,310.0,0.00,0.000,0.000,IDLE
2026-08-17T12:06:40.015116,0.0000000,0.0000000,0.95,-0.1154,0.0357,-0.8596,310.0,0.00,0.000,0.000,IDLE
2026-08-17T12:06:41.014861,0.0000000,0.0000000,1.09,-0.1153,0.0358,-0.8592,310.0,0.00,0.000,0.000,IDLE
2026-08-17T12:06:42.014833,0.0000000,0.0000000,1.10,-0.1153,0.0359,-0.8570,310.0,0.00,0.000,0.000,IDLE
2026-08-17T12:06:43.014872,0.0000000,0.0000000,1.00,-0.1153,0.0359,-0.8565,310.0,0.00,0.000,0.000,IDLE
2026-08-17T12:06:44.014984,0.0000000,0.0000000,0.92,-0.1154,0.0359,-0.8561,310.0,0.00,0.000,0.000,IDLE
2026-08-17T12:06:45.014902,0.0000000,0.0000000,0.99,-0.1154,0.0360,-0.8552,311.0,0.00,0.000,0.000,IDLE
2026-08-17T12:06:46.014898,0.0000000,0.0000000,1.15,-0.1153,0.0363,-0.8525,311.0,0.00,0.000,0.000,IDLE
2026-08-17T12:06:47.015120,0.0000000,0.0000000,1.02,-0.1153,0.0364,-0.8510,311.0,0.00,0.000,0.000,IDLE
2026-08-17T12:06:48.016060,0.0000000,0.0000000,0.97,-0.1153,0.0364,-0.8502,311.0,0.00,0.000,0.000,IDLE
2026-08-17T12:06:49.017693,0.0000000,0.0000000,0.80,-0.1153,0.0363,-0.8504,311.0,0.00,0.000,0.000,IDLE
2026-08-17T12:06:50.015048,0.0000000,0.0000000,1.02,-0.1151,0.0362,-0.8488,311.0,0.00,0.000,0.000,IDLE
2026-08-17T12:06:51.015027,0.0000000,0.0000000,1.17,-0.1153,0.0358,-0.8511,311.0,0.00,0.000,0.000,IDLE
2026-08-17T12:06:52.014955,0.0000000,0.0000000,1.10,-0.1153,0.0358,-0.8502,311.0,0.00,0.000,0.000,IDLE
2026-08-17T12:06:53.015121,0.0000000,0.0000000,1.06,-0.1153,0.0357,-0.8505,311.0,0.00,0.000,0.000,IDLE
2026-08-17T12:06:54.014985,0.0000000,0.0000000,1.15,-0.1155,0.0355,-0.8527,311.0,0.00,0.000,0.000,IDLE
2026-08-17T12:06:55.019549,0.0000000,0.0000000,1.12,-0.1154,0.0358,-0.8504,311.0,0.00,0.000,0.000,IDLE
2026-08-17T12:06:56.015029,0.0000000,0.0000000,1.22,-0.1154,0.0358,-0.8495,311.0,0.00,0.000,0.000,IDLE
2026-08-17T12:06:57.015137,0.0000000,0.0000000,1.16,-0.1155,0.0357,-0.8491,311.0,0.00,0.000,0.000,IDLE
2026-08-17T12:06:58.014929,0.0000000,0.0000000,1.07,-0.1156,0.0357,-0.8498,311.0,0.00,0.000,0.000,IDLE
2026-08-17T12:06:59.017630,0.0000000,0.0000000,1.19,-0.1157,0.0357,-0.8502,311.0,0.00,0.000,0.000,IDLE
2026-08-17T12:07:00.014929,0.0000000,0.0000000,1.01,-0.1158,0.0356,-0.8498,311.0,0.00,0.000,0.000,IDLE
2026-08-17T12:07:01.014927,0.0000000,0.0000000,1.26,-0.1161,0.0354,-0.8532,311.0,0.00,0.000,0.000,IDLE
2026-08-17T12:07:02.015052,0.0000000,0.0000000,1.32,-0.1160,0.0354,-0.8543,311.0,0.00,0.000,0.000,IDLE
2026-08-17T12:07:03.015279,0.0000000,0.0000000,1.32,-0.1159,0.0356,-0.8543,311.0,0.00,0.000,0.000,IDLE
2026-08-17T12:07:04.014898,0.0000000,0.0000000,1.25,-0.1158,0.0357,-0.8537,311.0,0.00,0.000,0.000,IDLE
2026-08-17T12:07:05.014949,0.0000000,0.0000000,1.14,-0.1158,0.0359,-0.8537,311.0,0.00,0.000,0.000,IDLE
2026-08-17T12:07:06.015612,0.0000000,0.0000000,1.21,-0.1158,0.0358,-0.8535,311.0,0.00,0.000,0.000,IDLE
2026-08-17T12:07:07.015150,0.0000000,0.0000000,1.14,-0.1158,0.0355,-0.8560,310.0,0.00,0.000,0.000,IDLE
2026-08-17T12:07:08.014885,0.0000000,0.0000000,1.23,-0.1157,0.0354,-0.8559,310.0,0.00,0.000,0.000,IDLE
2026-08-17T12:07:09.014964,0.0000000,0.0000000,1.12,-0.1155,0.0357,-0.8534,311.0,0.00,0.000,0.000,IDLE
2026-08-17T12:07:10.014898,0.0000000,0.0000000,1.22,-0.1155,0.0355,-0.8544,311.0,0.00,0.000,0.000,IDLE
2026-08-17T12:07:11.015041,0.0000000,0.0000000,1.05,-0.1156,0.0353,-0.8561,310.0,0.00,0.000,0.000,IDLE
2026-08-17T12:07:12.014988,0.0000000,0.0000000,1.12,-0.1155,0.0353,-0.8563,310.0,0.00,0.000,0.000,IDLE
2026-08-17T12:07:13.015430,0.0000000,0.0000000,1.09,-0.1154,0.0354,-0.8557,310.0,0.00,0.000,0.000,IDLE
2026-08-17T12:07:14.015022,0.0000000,0.0000000,1.20,-0.1157,0.0353,-0.8567,310.0,0.00,0.000,0.000,IDLE
2026-08-17T12:07:15.015022,0.0000000,0.0000000,1.19,-0.1156,0.0356,-0.8558,310.0,0.00,0.000,0.000,IDLE
2026-08-17T12:07:16.014897,0.0000000,0.0000000,1.14,-0.1157,0.0354,-0.8583,310.0,0.00,0.000,0.000,IDLE
2026-08-17T12:07:17.015430,0.0000000,0.0000000,1.43,-0.1156,0.0356,-0.8562,310.0,0.00,0.000,0.000,IDLE
2026-08-17T12:07:18.014833,0.0000000,0.0000000,1.19,-0.1157,0.0355,-0.8559,310.0,0.00,0.000,0.000,IDLE
2026-08-17T12:07:19.015113,0.0000000,0.0000000,1.19,-0.1156,0.0352,-0.8578,310.0,0.00,0.000,0.000,IDLE
2026-08-17T12:07:20.016804,0.0000000,0.0000000,1.18,-0.1156,0.0353,-0.8587,310.0,0.00,0.000,0.000,IDLE
2026-08-17T12:07:21.014912,0.0000000,0.0000000,1.06,-0.1156,0.0353,-0.8588,310.0,0.00,0.000,0.000,IDLE
2026-08-17T12:07:22.014860,0.0000000,0.0000000,1.17,-0.1155,0.0354,-0.8587,310.0,0.00,0.000,0.000,IDLE
2026-08-17T12:07:23.015190,0.0000000,0.0000000,1.05,-0.1155,0.0356,-0.8589,310.0,0.00,0.000,0.000,IDLE
2026-08-17T12:07:24.015791,0.0000000,0.0000000,1.24,-0.1155,0.0358,-0.8586,310.0,0.00,0.000,0.000,IDLE
2026-08-17T12:07:25.015312,0.0000000,0.0000000,1.24,-0.1155,0.0359,-0.8582,310.0,0.00,0.000,0.000,IDLE
2026-08-17T12:07:26.015150,0.0000000,0.0000000,1.19,-0.1155,0.0359,-0.8589,310.0,0.00,0.000,0.000,IDLE
2026-08-17T12:07:27.014908,0.0000000,0.0000000,0.97,-0.1155,0.0359,-0.8576,310.0,0.00,0.000,0.000,IDLE
2026-08-17T12:07:28.014761,0.0000000,0.0000000,1.15,-0.1155,0.0358,-0.8592,310.0,0.00,0.000,0.000,IDLE
2026-08-17T12:07:29.015131,0.0000000,0.0000000,1.10,-0.1156,0.0356,-0.8598,310.0,0.00,0.000,0.000,IDLE
2026-08-17T12:07:30.015060,0.0000000,0.0000000,1.23,-0.1155,0.0358,-0.8581,310.0,0.00,0.000,0.000,IDLE
2026-08-17T12:07:31.015132,0.0000000,0.0000000,1.12,-0.1156,0.0356,-0.8601,310.0,0.00,0.000,0.000,IDLE
2026-08-17T12:07:32.014705,0.0000000,0.0000000,1.24,-0.1156,0.0358,-0.8584,310.0,0.00,0.000,0.000,IDLE
2026-08-17T12:07:33.014891,0.0000000,0.0000000,1.18,-0.1156,0.0357,-0.8591,310.0,0.00,0.000,0.000,IDLE
2026-08-17T12:07:34.023938,0.0000000,0.0000000,1.10,-0.1156,0.0356,-0.8607,310.0,0.00,0.000,0.000,IDLE
2026-08-17T12:07:35.015016,0.0000000,0.0000000,1.14,-0.1155,0.0357,-0.8593,310.0,0.00,0.000,0.000,IDLE
2026-08-17T12:07:36.015689,0.0000000,0.0000000,1.29,-0.1154,0.0358,-0.8596,310.0,0.00,0.000,0.000,IDLE
2026-08-17T12:07:37.014990,0.0000000,0.0000000,1.10,-0.1152,0.0363,-0.8561,310.0,0.00,0.000,0.000,IDLE
2026-08-17T12:07:38.015050,0.0000000,0.0000000,0.92,-0.1151,0.0363,-0.8559,310.0,0.00,0.000,0.000,IDLE
2026-08-17T12:07:39.015423,0.0000000,0.0000000,1.07,-0.1153,0.0361,-0.8591,310.0,0.00,0.000,0.000,IDLE
2026-08-17T12:07:40.014886,0.0000000,0.0000000,1.22,-0.1154,0.0360,-0.8597,310.0,0.00,0.000,0.000,IDLE
2026-08-17T12:07:41.015173,0.0000000,0.0000000,1.10,-0.1154,0.0362,-0.8600,310.0,0.00,0.000,0.000,IDLE
2026-08-17T12:07:42.015118,0.0000000,0.0000000,1.24,-0.1154,0.0363,-0.8585,310.0,0.00,0.000,0.000,IDLE
2026-08-17T12:07:43.014970,0.0000000,0.0000000,1.10,-0.1154,0.0363,-0.8581,310.0,0.00,0.000,0.000,IDLE
2026-08-17T12:07:44.015028,0.0000000,0.0000000,1.13,-0.1154,0.0361,-0.8579,310.0,0.00,0.000,0.000,IDLE
2026-08-17T12:07:45.014988,0.0000000,0.0000000,1.19,-0.1152,0.0363,-0.8549,311.0,0.00,0.000,0.000,IDLE
2026-08-17T12:07:46.014966,0.0000000,0.0000000,1.21,-0.1152,0.0362,-0.8550,311.0,0.00,0.000,0.000,IDLE
2026-08-17T12:07:47.015049,0.0000000,0.0000000,1.07,-0.1150,0.0363,-0.8527,311.0,0.00,0.000,0.000,IDLE
2026-08-17T12:07:48.015031,0.0000000,0.0000000,1.07,-0.1150,0.0364,-0.8518,311.0,0.00,0.000,0.000,IDLE
2026-08-17T12:07:49.014949,0.0000000,0.0000000,1.32,-0.1150,0.0363,-0.8523,311.0,0.00,0.000,0.000,IDLE
2026-08-17T12:07:50.014923,0.0000000,0.0000000,1.21,-0.1151,0.0362,-0.8527,311.0,0.00,0.000,0.000,IDLE
2026-08-17T12:07:51.015061,0.0000000,0.0000000,1.16,-0.1154,0.0361,-0.8543,311.0,0.00,0.000,0.000,IDLE
2026-08-17T12:07:52.014919,0.0000000,0.0000000,1.28,-0.1154,0.0361,-0.8549,311.0,0.00,0.000,0.000,IDLE
2026-08-17T12:07:53.014889,0.0000000,0.0000000,1.13,-0.1154,0.0361,-0.8542,311.0,0.00,0.000,0.000,IDLE
2026-08-17T12:07:54.015132,0.0000000,0.0000000,1.30,-0.1152,0.0364,-0.8507,311.0,0.00,0.000,0.000,IDLE
2026-08-17T12:07:55.015038,0.0000000,0.0000000,1.18,-0.1154,0.0363,-0.8495,311.0,0.00,0.000,0.000,IDLE
2026-08-17T12:07:56.014911,0.0000000,0.0000000,1.10,-0.1154,0.0362,-0.8479,311.0,0.00,0.000,0.000,IDLE
2026-08-17T12:07:57.014916,0.0000000,0.0000000,1.17,-0.1155,0.0358,-0.8496,311.0,0.00,0.000,0.000,IDLE
2026-08-17T12:07:58.015011,0.0000000,0.0000000,1.31,-0.1156,0.0355,-0.8527,311.0,0.00,0.000,0.000,IDLE
2026-08-17T12:07:59.015012,0.0000000,0.0000000,1.18,-0.1157,0.0352,-0.8553,311.0,0.00,0.000,0.000,IDLE
2026-08-17T12:08:00.014970,0.0000000,0.0000000,1.25,-0.1157,0.0353,-0.8558,310.0,0.00,0.000,0.000,IDLE
2026-08-17T12:08:01.015076,0.0000000,0.0000000,1.25,-0.1156,0.0353,-0.8563,310.0,0.00,0.000,0.000,IDLE
2026-08-17T12:08:02.014958,0.0000000,0.0000000,1.29,-0.1155,0.0354,-0.8556,310.0,0.00,0.000,0.000,IDLE
2026-08-17T12:08:03.015024,0.0000000,0.0000000,1.21,-0.1155,0.0354,-0.8554,310.0,0.00,0.000,0.000,IDLE
2026-08-17T12:08:04.014920,0.0000000,0.0000000,1.23,-0.1155,0.0355,-0.8534,311.0,0.00,0.000,0.000,IDLE
2026-08-17T12:08:05.015100,0.0000000,0.0000000,1.04,-0.1154,0.0358,-0.8516,311.0,0.00,0.000,0.000,IDLE
2026-08-17T12:08:06.015142,0.0000000,0.0000000,1.02,-0.1155,0.0358,-0.8534,311.0,0.00,0.000,0.000,IDLE
2026-08-17T12:08:07.015051,0.0000000,0.0000000,1.16,-0.1156,0.0357,-0.8546,311.0,0.00,0.000,0.000,IDLE
2026-08-17T12:08:08.015273,0.0000000,0.0000000,1.26,-0.1157,0.0356,-0.8561,310.0,0.00,0.000,0.000,IDLE
2026-08-17T12:08:09.014909,0.0000000,0.0000000,1.11,-0.1158,0.0354,-0.8590,310.0,0.00,0.000,0.000,IDLE
2026-08-17T12:08:10.015254,0.0000000,0.0000000,1.17,-0.1155,0.0356,-0.8571,310.0,0.00,0.000,0.000,IDLE
2026-08-17T12:08:11.015044,0.0000000,0.0000000,1.18,-0.1158,0.0354,-0.8599,310.0,0.00,0.000,0.000,IDLE
2026-08-17T12:08:12.014914,0.0000000,0.0000000,1.22,-0.1159,0.0351,-0.8630,310.0,0.00,0.000,0.000,IDLE
2026-08-17T12:08:13.015020,0.0000000,0.0000000,1.19,-0.1157,0.0353,-0.8631,310.0,0.00,0.000,0.000,IDLE
2026-08-17T12:08:14.014967,0.0000000,0.0000000,1.21,-0.1156,0.0357,-0.8608,310.0,0.00,0.000,0.000,IDLE
2026-08-17T12:08:15.015102,0.0000000,0.0000000,1.18,-0.1155,0.0357,-0.8612,310.0,0.00,0.000,0.000,IDLE
2026-08-17T12:08:16.015175,0.0000000,0.0000000,1.21,-0.1155,0.0360,-0.8602,310.0,0.00,0.000,0.000,IDLE
2026-08-17T12:08:17.014798,0.0000000,0.0000000,1.27,-0.1155,0.0358,-0.8617,310.0,0.00,0.000,0.000,IDLE
2026-08-17T12:08:18.015247,0.0000000,0.0000000,1.48,-0.1156,0.0358,-0.8607,310.0,0.00,0.000,0.000,IDLE
2026-08-17T12:08:19.014917,0.0000000,0.0000000,1.17,-0.1155,0.0357,-0.8610,310.0,0.00,0.000,0.000,IDLE
2026-08-17T12:08:20.015241,0.0000000,0.0000000,1.19,-0.1156,0.0356,-0.8618,310.0,0.00,0.000,0.000,IDLE
2026-08-17T12:08:21.014900,0.0000000,0.0000000,1.28,-0.1155,0.0360,-0.8598,310.0,0.00,0.000,0.000,IDLE
2026-08-17T12:08:22.014993,0.0000000,0.0000000,1.24,-0.1154,0.0364,-0.8558,310.0,0.00,0.000,0.000,IDLE
2026-08-17T12:08:23.014919,0.0000000,0.0000000,1.41,-0.1155,0.0361,-0.8587,310.0,0.00,0.000,0.000,IDLE
2026-08-17T12:08:24.014978,0.0000000,0.0000000,1.56,-0.1154,0.0365,-0.8555,310.0,0.00,0.000,0.000,IDLE
2026-08-17T12:08:25.014923,0.0000000,0.0000000,1.38,-0.1154,0.0366,-0.8556,310.0,0.00,0.000,0.000,IDLE
2026-08-17T12:08:26.014859,0.0000000,0.0000000,1.27,-0.1156,0.0364,-0.8589,310.0,0.00,0.000,0.000,IDLE
2026-08-17T12:08:27.015128,0.0000000,0.0000000,1.55,-0.1156,0.0364,-0.8572,310.0,0.00,0.000,0.000,IDLE
2026-08-17T12:08:28.015100,0.0000000,0.0000000,1.43,-0.1156,0.0360,-0.8594,310.0,0.00,0.000,0.000,IDLE
2026-08-17T12:08:29.014592,0.0000000,0.0000000,1.39,-0.1156,0.0359,-0.8595,310.0,0.00,0.000,0.000,IDLE
2026-08-17T12:08:30.014907,0.0000000,0.0000000,1.40,-0.1156,0.0362,-0.8584,310.0,0.00,0.000,0.000,IDLE
2026-08-17T12:08:31.015244,0.0000000,0.0000000,1.43,-0.1156,0.0363,-0.8566,310.0,0.00,0.000,0.000,IDLE
2026-08-17T12:08:32.015152,0.0000000,0.0000000,1.43,-0.1156,0.0362,-0.8570,310.0,0.00,0.000,0.000,IDLE
2026-08-17T12:08:33.015213,0.0000000,0.0000000,1.48,-0.1157,0.0362,-0.8556,310.0,0.00,0.000,0.000,IDLE
2026-08-17T12:08:34.015148,0.0000000,0.0000000,1.56,-0.1157,0.0362,-0.8558,310.0,0.00,0.000,0.000,IDLE
2026-08-17T12:08:35.016278,0.0000000,0.0000000,1.43,-0.1155,0.0364,-0.8543,311.0,0.00,0.000,0.000,IDLE
2026-08-17T12:08:36.014983,0.0000000,0.0000000,1.54,-0.1154,0.0364,-0.8535,311.0,0.00,0.000,0.000,IDLE
2026-08-17T12:08:37.016989,0.0000000,0.0000000,1.49,-0.1155,0.0363,-0.8556,310.0,0.00,0.000,0.000,IDLE
2026-08-17T12:08:38.017912,0.0000000,0.0000000,1.37,-0.1156,0.0361,-0.8571,310.0,0.00,0.000,0.000,IDLE
2026-08-17T12:08:39.015061,0.0000000,0.0000000,1.42,-0.1155,0.0361,-0.8565,310.0,0.00,0.000,0.000,IDLE
2026-08-17T12:08:40.015144,0.0000000,0.0000000,1.39,-0.1155,0.0358,-0.8602,310.0,0.00,0.000,0.000,IDLE
2026-08-17T12:08:41.014790,0.0000000,0.0000000,1.39,-0.1152,0.0362,-0.8571,310.0,0.00,0.000,0.000,IDLE
2026-08-17T12:08:42.015057,0.0000000,0.0000000,1.46,-0.1154,0.0361,-0.8586,310.0,0.00,0.000,0.000,IDLE
2026-08-17T12:08:43.014977,0.0000000,0.0000000,1.37,-0.1152,0.0365,-0.8551,311.0,0.00,0.000,0.000,IDLE
2026-08-17T12:08:44.014928,0.0000000,0.0000000,1.34,-0.1153,0.0365,-0.8551,311.0,0.00,0.000,0.000,IDLE
2026-08-17T12:08:45.014895,0.0000000,0.0000000,1.41,-0.1151,0.0367,-0.8532,311.0,0.00,0.000,0.000,IDLE
2026-08-17T12:08:46.014904,0.0000000,0.0000000,1.42,-0.1151,0.0368,-0.8506,311.0,0.00,0.000,0.000,IDLE
2026-08-17T12:08:47.015116,0.0000000,0.0000000,1.19,-0.1153,0.0365,-0.8524,311.0,0.00,0.000,0.000,IDLE
2026-08-17T12:08:48.015077,0.0000000,0.0000000,1.31,-0.1153,0.0365,-0.8521,311.0,0.00,0.000,0.000,IDLE
2026-08-17T12:08:49.016366,0.0000000,0.0000000,1.32,-0.1154,0.0364,-0.8533,311.0,0.00,0.000,0.000,IDLE
2026-08-17T12:08:50.021559,0.0000000,0.0000000,1.14,-0.1154,0.0363,-0.8529,311.0,0.00,0.000,0.000,IDLE
2026-08-17T12:08:51.015088,0.0000000,0.0000000,1.30,-0.1154,0.0362,-0.8547,311.0,0.00,0.000,0.000,IDLE
2026-08-17T12:08:52.017523,0.0000000,0.0000000,1.01,-0.1154,0.0362,-0.8542,311.0,0.00,0.000,0.000,IDLE
2026-08-17T12:08:53.014978,0.0000000,0.0000000,1.08,-0.1155,0.0359,-0.8555,310.0,0.00,0.000,0.000,IDLE
2026-08-17T12:08:54.014824,0.0000000,0.0000000,1.25,-0.1154,0.0359,-0.8544,311.0,0.00,0.000,0.000,IDLE
2026-08-17T12:08:55.015061,0.0000000,0.0000000,0.99,-0.1153,0.0360,-0.8534,311.0,0.00,0.000,0.000,IDLE
2026-08-17T12:08:56.014879,0.0000000,0.0000000,0.98,-0.1153,0.0362,-0.8514,311.0,0.00,0.000,0.000,IDLE
2026-08-17T12:08:57.021290,0.0000000,0.0000000,1.10,-0.1153,0.0359,-0.8526,311.0,0.00,0.000,0.000,IDLE
2026-08-17T12:08:58.014992,0.0000000,0.0000000,0.91,-0.1153,0.0357,-0.8545,311.0,0.00,0.000,0.000,IDLE
2026-08-17T12:08:59.021234,0.0000000,0.0000000,1.06,-0.1154,0.0357,-0.8543,311.0,0.00,0.000,0.000,IDLE
2026-08-17T12:09:00.015114,0.0000000,0.0000000,0.77,-0.1154,0.0355,-0.8553,311.0,0.00,0.000,0.000,IDLE
2026-08-17T12:09:01.014896,0.0000000,0.0000000,0.89,-0.1154,0.0354,-0.8558,310.0,0.00,0.000,0.000,IDLE
2026-08-17T12:09:02.015101,0.0000000,0.0000000,1.01,-0.1154,0.0355,-0.8553,311.0,0.00,0.000,0.000,IDLE
2026-08-17T12:09:03.017119,0.0000000,0.0000000,0.69,-0.1153,0.0356,-0.8550,311.0,0.00,0.000,0.000,IDLE
2026-08-17T12:09:04.014926,0.0000000,0.0000000,0.76,-0.1152,0.0358,-0.8534,311.0,0.00,0.000,0.000,IDLE
2026-08-17T12:09:05.015466,0.0000000,0.0000000,0.88,-0.1152,0.0360,-0.8516,311.0,0.00,0.000,0.000,IDLE
2026-08-17T12:09:06.014711,0.0000000,0.0000000,0.96,-0.1153,0.0361,-0.8519,311.0,0.00,0.000,0.000,IDLE
2026-08-17T12:09:07.015049,0.0000000,0.0000000,0.93,-0.1153,0.0362,-0.8511,311.0,0.00,0.000,0.000,IDLE
2026-08-17T12:09:08.015053,0.0000000,0.0000000,0.92,-0.1154,0.0364,-0.8500,311.0,0.00,0.000,0.000,IDLE
2026-08-17T12:09:09.015248,0.0000000,0.0000000,0.76,-0.1156,0.0361,-0.8518,311.0,0.00,0.000,0.000,IDLE
2026-08-17T12:09:10.014980,0.0000000,0.0000000,1.05,-0.1156,0.0359,-0.8526,311.0,0.00,0.000,0.000,IDLE
2026-08-17T12:09:11.014620,0.0000000,0.0000000,0.73,-0.1156,0.0362,-0.8497,311.0,0.00,0.000,0.000,IDLE
2026-08-17T12:09:12.015032,0.0000000,0.0000000,1.00,-0.1155,0.0362,-0.8487,311.0,0.00,0.000,0.000,IDLE
2026-08-17T12:09:13.014898,0.0000000,0.0000000,0.98,-0.1156,0.0359,-0.8506,311.0,0.00,0.000,0.000,IDLE
2026-08-17T12:09:14.014845,0.0000000,0.0000000,1.08,-0.1156,0.0358,-0.8514,311.0,0.00,0.000,0.000,IDLE
2026-08-17T12:09:15.014987,0.0000000,0.0000000,1.04,-0.1157,0.0355,-0.8539,311.0,0.00,0.000,0.000,IDLE
2026-08-17T12:09:16.014986,0.0000000,0.0000000,1.15,-0.1157,0.0353,-0.8567,310.0,0.00,0.000,0.000,IDLE
2026-08-17T12:09:17.014727,0.0000000,0.0000000,1.14,-0.1157,0.0353,-0.8580,310.0,0.00,0.000,0.000,IDLE
2026-08-17T12:09:18.015204,0.0000000,0.0000000,1.20,-0.1157,0.0353,-0.8578,310.0,0.00,0.000,0.000,IDLE
2026-08-17T12:09:19.014760,0.0000000,0.0000000,1.02,-0.1157,0.0354,-0.8579,310.0,0.00,0.000,0.000,IDLE
2026-08-17T12:09:20.014964,0.0000000,0.0000000,1.09,-0.1156,0.0356,-0.8571,310.0,0.00,0.000,0.000,IDLE
2026-08-17T12:09:21.014913,0.0000000,0.0000000,1.07,-0.1154,0.0358,-0.8560,310.0,0.00,0.000,0.000,IDLE
2026-08-17T12:09:22.014979,0.0000000,0.0000000,1.25,-0.1155,0.0356,-0.8572,310.0,0.00,0.000,0.000,IDLE
2026-08-17T12:09:23.014814,0.0000000,0.0000000,1.11,-0.1155,0.0353,-0.8608,310.0,0.00,0.000,0.000,IDLE
2026-08-17T12:09:24.014913,0.0000000,0.0000000,0.96,-0.1155,0.0353,-0.8615,310.0,0.00,0.000,0.000,IDLE
2026-08-17T12:09:25.015048,0.0000000,0.0000000,1.10,-0.1154,0.0353,-0.8616,310.0,0.00,0.000,0.000,IDLE
2026-08-17T12:09:26.015112,0.0000000,0.0000000,1.25,-0.1153,0.0356,-0.8617,310.0,0.00,0.000,0.000,IDLE
2026-08-17T12:09:27.018984,0.0000000,0.0000000,1.19,-0.1153,0.0356,-0.8616,310.0,0.00,0.000,0.000,IDLE
2026-08-17T12:09:28.015391,0.0000000,0.0000000,0.93,-0.1154,0.0355,-0.8626,310.0,0.00,0.000,0.000,IDLE
2026-08-17T12:09:29.014914,0.0000000,0.0000000,1.14,-0.1155,0.0355,-0.8638,310.0,0.00,0.000,0.000,IDLE
2026-08-17T12:09:30.016111,0.0000000,0.0000000,0.98,-0.1152,0.0359,-0.8604,310.0,0.00,0.000,0.000,IDLE
2026-08-17T12:09:31.014963,0.0000000,0.0000000,1.01,-0.1151,0.0363,-0.8571,310.0,0.00,0.000,0.000,IDLE
2026-08-17T12:09:32.016390,0.0000000,0.0000000,1.10,-0.1152,0.0363,-0.8569,310.0,0.00,0.000,0.000,IDLE
2026-08-17T12:09:33.015044,0.0000000,0.0000000,0.95,-0.1153,0.0361,-0.8572,310.0,0.00,0.000,0.000,IDLE
2026-08-17T12:09:34.014984,0.0000000,0.0000000,1.09,-0.1154,0.0361,-0.8575,310.0,0.00,0.000,0.000,IDLE
2026-08-17T12:09:35.015316,0.0000000,0.0000000,0.97,-0.1155,0.0360,-0.8598,310.0,0.00,0.000,0.000,IDLE
2026-08-17T12:09:36.014911,0.0000000,0.0000000,0.93,-0.1156,0.0362,-0.8592,310.0,0.00,0.000,0.000,IDLE
2026-08-17T12:09:37.015226,0.0000000,0.0000000,1.05,-0.1155,0.0361,-0.8597,310.0,0.00,0.000,0.000,IDLE
2026-08-17T12:09:38.015178,0.0000000,0.0000000,1.06,-0.1155,0.0361,-0.8606,310.0,0.00,0.000,0.000,IDLE
2026-08-17T12:09:39.015185,0.0000000,0.0000000,1.04,-0.1156,0.0360,-0.8609,310.0,0.00,0.000,0.000,IDLE
2026-08-17T12:09:40.014863,0.0000000,0.0000000,1.11,-0.1156,0.0358,-0.8640,310.0,0.00,0.000,0.000,IDLE
2026-08-17T12:09:41.015014,0.0000000,0.0000000,1.20,-0.1157,0.0359,-0.8621,310.0,0.00,0.000,0.000,IDLE
2026-08-17T12:09:42.014964,0.0000000,0.0000000,1.24,-0.1157,0.0358,-0.8623,310.0,0.00,0.000,0.000,IDLE
2026-08-17T12:09:43.015488,0.0000000,0.0000000,1.18,-0.1158,0.0357,-0.8647,310.0,0.00,0.000,0.000,IDLE
2026-08-17T12:09:44.014811,0.0000000,0.0000000,1.24,-0.1156,0.0361,-0.8612,310.0,0.00,0.000,0.000,IDLE
2026-08-17T12:09:45.014900,0.0000000,0.0000000,1.04,-0.1155,0.0358,-0.8620,310.0,0.00,0.000,0.000,IDLE
2026-08-17T12:09:46.014607,0.0000000,0.0000000,1.19,-0.1156,0.0358,-0.8607,310.0,0.00,0.000,0.000,IDLE
2026-08-17T12:09:47.015172,0.0000000,0.0000000,0.90,-0.1156,0.0357,-0.8619,310.0,0.00,0.000,0.000,IDLE
2026-08-17T12:09:48.014887,0.0000000,0.0000000,1.14,-0.1155,0.0359,-0.8596,310.0,0.00,0.000,0.000,IDLE
2026-08-17T12:09:49.015223,0.0000000,0.0000000,1.19,-0.1157,0.0359,-0.8592,310.0,0.00,0.000,0.000,IDLE
2026-08-17T12:09:50.014826,0.0000000,0.0000000,1.33,-0.1157,0.0359,-0.8593,310.0,0.00,0.000,0.000,IDLE
2026-08-17T12:09:51.014866,0.0000000,0.0000000,1.35,-0.1159,0.0356,-0.8622,310.0,0.00,0.000,0.000,IDLE
2026-08-17T12:09:52.015114,0.0000000,0.0000000,1.20,-0.1158,0.0355,-0.8632,310.0,0.00,0.000,0.000,IDLE
2026-08-17T12:09:53.014651,0.0000000,0.0000000,1.31,-0.1157,0.0358,-0.8612,310.0,0.00,0.000,0.000,IDLE
2026-08-17T12:09:54.015341,0.0000000,0.0000000,1.23,-0.1157,0.0358,-0.8606,310.0,0.00,0.000,0.000,IDLE
2026-08-17T12:09:55.015261,0.0000000,0.0000000,1.15,-0.1155,0.0360,-0.8594,310.0,0.00,0.000,0.000,IDLE
2026-08-17T12:09:56.016178,0.0000000,0.0000000,1.35,-0.1153,0.0362,-0.8580,310.0,0.00,0.000,0.000,IDLE
2026-08-17T12:09:57.018482,0.0000000,0.0000000,1.29,-0.1155,0.0360,-0.8599,310.0,0.00,0.000,0.000,IDLE
2026-08-17T12:09:58.015335,0.0000000,0.0000000,1.24,-0.1154,0.0361,-0.8589,310.0,0.00,0.000,0.000,IDLE
2026-08-17T12:09:59.015283,0.0000000,0.0000000,1.37,-0.1154,0.0363,-0.8570,310.0,0.00,0.000,0.000,IDLE
2026-08-17T12:10:00.015024,0.0000000,0.0000000,1.31,-0.1154,0.0363,-0.8560,310.0,0.00,0.000,0.000,IDLE
2026-08-17T12:10:01.014997,0.0000000,0.0000000,1.47,-0.1153,0.0363,-0.8539,311.0,0.00,0.000,0.000,IDLE
2026-08-17T12:10:02.014988,0.0000000,0.0000000,1.46,-0.1153,0.0363,-0.8526,311.0,0.00,0.000,0.000,IDLE
2026-08-17T12:10:03.014973,0.0000000,0.0000000,1.29,-0.1152,0.0364,-0.8504,311.0,0.00,0.000,0.000,IDLE
2026-08-17T12:10:04.015875,0.0000000,0.0000000,1.33,-0.1153,0.0365,-0.8501,311.0,0.00,0.000,0.000,IDLE
2026-08-17T12:10:05.014913,0.0000000,0.0000000,1.26,-0.1155,0.0361,-0.8530,311.0,0.00,0.000,0.000,IDLE
2026-08-17T12:10:06.014809,0.0000000,0.0000000,1.35,-0.1153,0.0364,-0.8500,311.0,0.00,0.000,0.000,IDLE
2026-08-17T12:10:07.014960,0.0000000,0.0000000,1.23,-0.1154,0.0362,-0.8500,311.0,0.00,0.000,0.000,IDLE
2026-08-17T12:10:08.015478,0.0000000,0.0000000,1.37,-0.1155,0.0360,-0.8524,311.0,0.00,0.000,0.000,IDLE
2026-08-17T12:10:09.015093,0.0000000,0.0000000,1.26,-0.1155,0.0360,-0.8522,311.0,0.00,0.000,0.000,IDLE
2026-08-17T12:10:10.015130,0.0000000,0.0000000,1.27,-0.1155,0.0359,-0.8516,311.0,0.00,0.000,0.000,IDLE
2026-08-17T12:10:11.014923,0.0000000,0.0000000,1.19,-0.1156,0.0357,-0.8533,311.0,0.00,0.000,0.000,IDLE
2026-08-17T12:10:12.015540,0.0000000,0.0000000,1.36,-0.1156,0.0357,-0.8528,311.0,0.00,0.000,0.000,IDLE
2026-08-17T12:10:13.015105,0.0000000,0.0000000,1.21,-0.1154,0.0359,-0.8493,311.0,0.00,0.000,0.000,IDLE
2026-08-17T12:10:14.014824,0.0000000,0.0000000,1.25,-0.1155,0.0356,-0.8508,311.0,0.00,0.000,0.000,IDLE
2026-08-17T12:10:15.015593,0.0000000,0.0000000,1.30,-0.1156,0.0353,-0.8534,311.0,0.00,0.000,0.000,IDLE
2026-08-17T12:10:16.014694,0.0000000,0.0000000,1.24,-0.1155,0.0353,-0.8534,311.0,0.00,0.000,0.000,IDLE
2026-08-17T12:10:17.015006,0.0000000,0.0000000,1.23,-0.1157,0.0352,-0.8539,311.0,0.00,0.000,0.000,IDLE
2026-08-17T12:10:18.014665,0.0000000,0.0000000,1.23,-0.1158,0.0353,-0.8542,311.0,0.00,0.000,0.000,IDLE
2026-08-17T12:10:19.014794,0.0000000,0.0000000,1.41,-0.1157,0.0355,-0.8529,311.0,0.00,0.000,0.000,IDLE
2026-08-17T12:10:20.014635,0.0000000,0.0000000,1.25,-0.1158,0.0357,-0.8532,311.0,0.00,0.000,0.000,IDLE
2026-08-17T12:10:21.014639,0.0000000,0.0000000,1.30,-0.1159,0.0356,-0.8556,310.0,0.00,0.000,0.000,IDLE
2026-08-17T12:10:22.015182,0.0000000,0.0000000,1.34,-0.1156,0.0358,-0.8531,311.0,0.00,0.000,0.000,IDLE
2026-08-17T12:10:23.015288,0.0000000,0.0000000,1.11,-0.1157,0.0358,-0.8531,311.0,0.00,0.000,0.000,IDLE
2026-08-17T12:10:24.014962,0.0000000,0.0000000,1.10,-0.1157,0.0360,-0.8519,311.0,0.00,0.000,0.000,IDLE
2026-08-17T12:10:25.015092,0.0000000,0.0000000,1.27,-0.1158,0.0359,-0.8525,311.0,0.00,0.000,0.000,IDLE
2026-08-17T12:10:26.015596,0.0000000,0.0000000,1.28,-0.1157,0.0360,-0.8521,311.0,0.00,0.000,0.000,IDLE
2026-08-17T12:10:27.015616,0.0000000,0.0000000,1.42,-0.1158,0.0361,-0.8513,311.0,0.00,0.000,0.000,IDLE
2026-08-17T12:10:28.014755,0.0000000,0.0000000,1.31,-0.1157,0.0361,-0.8518,311.0,0.00,0.000,0.000,IDLE
2026-08-17T12:10:29.014745,0.0000000,0.0000000,1.31,-0.1159,0.0359,-0.8537,311.0,0.00,0.000,0.000,IDLE
2026-08-17T12:10:30.014956,0.0000000,0.0000000,1.37,-0.1158,0.0358,-0.8556,310.0,0.00,0.000,0.000,IDLE
2026-08-17T12:10:31.014900,0.0000000,0.0000000,1.25,-0.1158,0.0357,-0.8566,310.0,0.00,0.000,0.000,IDLE
2026-08-17T12:10:32.015089,0.0000000,0.0000000,1.31,-0.1156,0.0360,-0.8533,311.0,0.00,0.000,0.000,IDLE
2026-08-17T12:10:33.014919,0.0000000,0.0000000,1.35,-0.1158,0.0357,-0.8554,310.0,0.00,0.000,0.000,IDLE
2026-08-17T12:10:34.014735,0.0000000,0.0000000,1.51,-0.1159,0.0357,-0.8568,310.0,0.00,0.000,0.000,IDLE
2026-08-17T12:10:35.014851,0.0000000,0.0000000,1.39,-0.1160,0.0357,-0.8588,310.0,0.00,0.000,0.000,IDLE
2026-08-17T12:10:36.015451,0.0000000,0.0000000,1.38,-0.1160,0.0357,-0.8603,310.0,0.00,0.000,0.000,IDLE
2026-08-17T12:10:37.014786,0.0000000,0.0000000,1.55,-0.1159,0.0357,-0.8621,310.0,0.00,0.000,0.000,IDLE
2026-08-17T12:10:38.015037,0.0000000,0.0000000,1.46,-0.1159,0.0355,-0.8634,310.0,0.00,0.000,0.000,IDLE
2026-08-17T12:10:39.014810,0.0000000,0.0000000,1.34,-0.1159,0.0356,-0.8633,310.0,0.00,0.000,0.000,IDLE
2026-08-17T12:10:40.014916,0.0000000,0.0000000,1.51,-0.1157,0.0359,-0.8614,310.0,0.00,0.000,0.000,IDLE
2026-08-17T12:10:41.014971,0.0000000,0.0000000,1.42,-0.1157,0.0359,-0.8616,310.0,0.00,0.000,0.000,IDLE
2026-08-17T12:10:42.015386,0.0000000,0.0000000,1.37,-0.1158,0.0356,-0.8624,310.0,0.00,0.000,0.000,IDLE
2026-08-17T12:10:43.015014,0.0000000,0.0000000,1.39,-0.1156,0.0359,-0.8602,310.0,0.00,0.000,0.000,IDLE
2026-08-17T12:10:44.015105,0.0000000,0.0000000,1.34,-0.1153,0.0361,-0.8579,310.0,0.00,0.000,0.000,IDLE
2026-08-17T12:10:45.014800,0.0000000,0.0000000,1.34,-0.1155,0.0359,-0.8595,310.0,0.00,0.000,0.000,IDLE
2026-08-17T12:10:46.014913,0.0000000,0.0000000,1.45,-0.1153,0.0363,-0.8558,310.0,0.00,0.000,0.000,IDLE
2026-08-17T12:10:47.015484,0.0000000,0.0000000,1.54,-0.1153,0.0361,-0.8562,310.0,0.00,0.000,0.000,IDLE
2026-08-17T12:10:48.014739,0.0000000,0.0000000,1.53,-0.1154,0.0359,-0.8570,310.0,0.00,0.000,0.000,IDLE
2026-08-17T12:10:49.014714,0.0000000,0.0000000,1.27,-0.1156,0.0359,-0.8582,310.0,0.00,0.000,0.000,IDLE
2026-08-17T12:10:50.014961,0.0000000,0.0000000,1.57,-0.1155,0.0360,-0.8578,310.0,0.00,0.000,0.000,IDLE
2026-08-17T12:10:51.015046,0.0000000,0.0000000,1.37,-0.1154,0.0362,-0.8563,310.0,0.00,0.000,0.000,IDLE
2026-08-17T12:10:52.014959,0.0000000,0.0000000,1.40,-0.1155,0.0360,-0.8564,310.0,0.00,0.000,0.000,IDLE
2026-08-17T12:10:53.015126,0.0000000,0.0000000,1.45,-0.1155,0.0360,-0.8563,310.0,0.00,0.000,0.000,IDLE
2026-08-17T12:10:54.016777,0.0000000,0.0000000,1.52,-0.1156,0.0358,-0.8573,310.0,0.00,0.000,0.000,IDLE
2026-08-17T12:10:55.014747,0.0000000,0.0000000,1.56,-0.1156,0.0357,-0.8582,310.0,0.00,0.000,0.000,IDLE
2026-08-17T12:10:56.014986,0.0000000,0.0000000,1.37,-0.1155,0.0359,-0.8571,310.0,0.00,0.000,0.000,IDLE
2026-08-17T12:10:57.014973,0.0000000,0.0000000,1.64,-0.1155,0.0361,-0.8563,310.0,0.00,0.000,0.000,IDLE
2026-08-17T12:10:58.014837,0.0000000,0.0000000,1.61,-0.1155,0.0362,-0.8570,310.0,0.00,0.000,0.000,IDLE
2026-08-17T12:10:59.015166,0.0000000,0.0000000,1.44,-0.1155,0.0361,-0.8587,310.0,0.00,0.000,0.000,IDLE
2026-08-17T12:11:00.018052,0.0000000,0.0000000,1.50,-0.1156,0.0360,-0.8588,310.0,0.00,0.000,0.000,IDLE
2026-08-17T12:11:01.015842,0.0000000,0.0000000,1.44,-0.1156,0.0360,-0.8597,310.0,0.00,0.000,0.000,IDLE
2026-08-17T12:11:02.014820,0.0000000,0.0000000,1.29,-0.1155,0.0358,-0.8610,310.0,0.00,0.000,0.000,IDLE
2026-08-17T12:11:03.015535,0.0000000,0.0000000,1.38,-0.1156,0.0357,-0.8619,310.0,0.00,0.000,0.000,IDLE
2026-08-17T12:11:04.021427,0.0000000,0.0000000,1.48,-0.1155,0.0356,-0.8626,310.0,0.00,0.000,0.000,IDLE
2026-08-17T12:11:05.015179,0.0000000,0.0000000,1.43,-0.1155,0.0356,-0.8631,310.0,0.00,0.000,0.000,IDLE
2026-08-17T12:11:06.015575,0.0000000,0.0000000,1.65,-0.1157,0.0357,-0.8630,310.0,0.00,0.000,0.000,IDLE
2026-08-17T12:11:07.014818,0.0000000,0.0000000,1.53,-0.1156,0.0358,-0.8632,310.0,0.00,0.000,0.000,IDLE
2026-08-17T12:11:08.014901,0.0000000,0.0000000,1.53,-0.1154,0.0361,-0.8604,310.0,0.00,0.000,0.000,IDLE
2026-08-17T12:11:09.014764,0.0000000,0.0000000,1.53,-0.1154,0.0362,-0.8588,310.0,0.00,0.000,0.000,IDLE
2026-08-17T12:11:10.014748,0.0000000,0.0000000,1.47,-0.1154,0.0363,-0.8581,310.0,0.00,0.000,0.000,IDLE
2026-08-17T12:11:11.014863,0.0000000,0.0000000,1.52,-0.1155,0.0362,-0.8578,310.0,0.00,0.000,0.000,IDLE
2026-08-17T12:11:12.014665,0.0000000,0.0000000,1.64,-0.1155,0.0362,-0.8567,310.0,0.00,0.000,0.000,IDLE
2026-08-17T12:11:13.014904,0.0000000,0.0000000,1.43,-0.1154,0.0363,-0.8547,311.0,0.00,0.000,0.000,IDLE
2026-08-17T12:11:14.014978,0.0000000,0.0000000,1.43,-0.1153,0.0362,-0.8556,310.0,0.00,0.000,0.000,IDLE
2026-08-17T12:11:15.014863,0.0000000,0.0000000,1.56,-0.1154,0.0360,-0.8585,310.0,0.00,0.000,0.000,IDLE
2026-08-17T12:11:16.014866,0.0000000,0.0000000,1.60,-0.1153,0.0360,-0.8574,310.0,0.00,0.000,0.000,IDLE
2026-08-17T12:11:17.016438,0.0000000,0.0000000,1.60,-0.1153,0.0360,-0.8571,310.0,0.00,0.000,0.000,IDLE
2026-08-17T12:11:18.014571,0.0000000,0.0000000,1.63,-0.1153,0.0362,-0.8561,310.0,0.00,0.000,0.000,IDLE
2026-08-17T12:11:19.014971,0.0000000,0.0000000,1.65,-0.1153,0.0363,-0.8548,311.0,0.00,0.000,0.000,IDLE
2026-08-17T12:11:20.014752,0.0000000,0.0000000,1.66,-0.1154,0.0362,-0.8559,310.0,0.00,0.000,0.000,IDLE
2026-08-17T12:11:21.014897,0.0000000,0.0000000,1.70,-0.1154,0.0360,-0.8569,310.0,0.00,0.000,0.000,IDLE
2026-08-17T12:11:22.015196,0.0000000,0.0000000,1.72,-0.1154,0.0358,-0.8583,310.0,0.00,0.000,0.000,IDLE
2026-08-17T12:11:23.016453,0.0000000,0.0000000,1.79,-0.1155,0.0358,-0.8589,310.0,0.00,0.000,0.000,IDLE
2026-08-17T12:11:24.015230,0.0000000,0.0000000,1.84,-0.1156,0.0358,-0.8587,310.0,0.00,0.000,0.000,IDLE
2026-08-17T12:11:25.014685,0.0000000,0.0000000,1.60,-0.1159,0.0355,-0.8635,310.0,0.00,0.000,0.000,IDLE
2026-08-17T12:11:26.014909,0.0000000,0.0000000,1.55,-0.1158,0.0356,-0.8630,310.0,0.00,0.000,0.000,IDLE
2026-08-17T12:11:27.014696,0.0000000,0.0000000,1.63,-0.1160,0.0357,-0.8639,310.0,0.00,0.000,0.000,IDLE
2026-08-17T12:11:28.014919,0.0000000,0.0000000,1.80,-0.1159,0.0354,-0.8652,310.0,0.00,0.000,0.000,IDLE
2026-08-17T12:11:29.014916,0.0000000,0.0000000,1.62,-0.1159,0.0356,-0.8645,310.0,0.00,0.000,0.000,IDLE
2026-08-17T12:11:30.014670,0.0000000,0.0000000,1.51,-0.1159,0.0356,-0.8654,310.0,0.00,0.000,0.000,IDLE
2026-08-17T12:11:31.014687,0.0000000,0.0000000,1.50,-0.1159,0.0357,-0.8658,310.0,0.00,0.000,0.000,IDLE
2026-08-17T12:11:32.015316,0.0000000,0.0000000,1.55,-0.1157,0.0361,-0.8638,310.0,0.00,0.000,0.000,IDLE
2026-08-17T12:11:33.014755,0.0000000,0.0000000,1.44,-0.1157,0.0361,-0.8643,310.0,0.00,0.000,0.000,IDLE
2026-08-17T12:11:34.014881,0.0000000,0.0000000,1.32,-0.1156,0.0363,-0.8638,310.0,0.00,0.000,0.000,IDLE
2026-08-17T12:11:35.014793,0.0000000,0.0000000,1.27,-0.1157,0.0363,-0.8629,310.0,0.00,0.000,0.000,IDLE
2026-08-17T12:11:36.014659,0.0000000,0.0000000,1.45,-0.1157,0.0364,-0.8636,310.0,0.00,0.000,0.000,IDLE
2026-08-17T12:11:37.014870,0.0000000,0.0000000,1.24,-0.1157,0.0362,-0.8659,310.0,0.00,0.000,0.000,IDLE
2026-08-17T12:11:38.014596,0.0000000,0.0000000,1.29,-0.1157,0.0364,-0.8657,310.0,0.00,0.000,0.000,IDLE
2026-08-17T12:11:39.015012,0.0000000,0.0000000,1.23,-0.1157,0.0365,-0.8652,310.0,0.00,0.000,0.000,IDLE
2026-08-17T12:11:40.016500,0.0000000,0.0000000,1.28,-0.1156,0.0367,-0.8636,310.0,0.00,0.000,0.000,IDLE
2026-08-17T12:11:41.014622,0.0000000,0.0000000,1.33,-0.1156,0.0365,-0.8650,310.0,0.00,0.000,0.000,IDLE
2026-08-17T12:11:42.014777,0.0000000,0.0000000,1.25,-0.1156,0.0365,-0.8642,310.0,0.00,0.000,0.000,IDLE
2026-08-17T12:11:43.015038,0.0000000,0.0000000,1.24,-0.1157,0.0366,-0.8625,310.0,0.00,0.000,0.000,IDLE
2026-08-17T12:11:44.014607,0.0000000,0.0000000,1.46,-0.1155,0.0366,-0.8601,310.0,0.00,0.000,0.000,IDLE
2026-08-17T12:11:45.014877,0.0000000,0.0000000,1.44,-0.1156,0.0365,-0.8613,310.0,0.00,0.000,0.000,IDLE
2026-08-17T12:11:46.015605,0.0000000,0.0000000,1.48,-0.1156,0.0361,-0.8621,310.0,0.00,0.000,0.000,IDLE
2026-08-17T12:11:47.015127,0.0000000,0.0000000,1.37,-0.1156,0.0359,-0.8638,310.0,0.00,0.000,0.000,IDLE
2026-08-17T12:11:48.014657,0.0000000,0.0000000,1.25,-0.1155,0.0360,-0.8624,310.0,0.00,0.000,0.000,IDLE
2026-08-17T12:11:49.015041,0.0000000,0.0000000,1.38,-0.1155,0.0360,-0.8602,310.0,0.00,0.000,0.000,IDLE
2026-08-17T12:11:50.016716,0.0000000,0.0000000,1.33,-0.1155,0.0357,-0.8618,310.0,0.00,0.000,0.000,IDLE
2026-08-17T12:11:51.015038,0.0000000,0.0000000,1.36,-0.1155,0.0357,-0.8609,310.0,0.00,0.000,0.000,IDLE
2026-08-17T12:11:52.014882,0.0000000,0.0000000,1.38,-0.1158,0.0354,-0.8633,310.0,0.00,0.000,0.000,IDLE
2026-08-17T12:11:53.014753,0.0000000,0.0000000,1.35,-0.1157,0.0355,-0.8624,310.0,0.00,0.000,0.000,IDLE
2026-08-17T12:11:54.015134,0.0000000,0.0000000,1.43,-0.1158,0.0356,-0.8631,310.0,0.00,0.000,0.000,IDLE
2026-08-17T12:11:55.014917,0.0000000,0.0000000,1.30,-0.1157,0.0359,-0.8616,310.0,0.00,0.000,0.000,IDLE
2026-08-17T12:11:56.014985,0.0000000,0.0000000,1.42,-0.1156,0.0361,-0.8608,310.0,0.00,0.000,0.000,IDLE
2026-08-17T12:11:57.016652,0.0000000,0.0000000,1.38,-0.1156,0.0360,-0.8620,310.0,0.00,0.000,0.000,IDLE
2026-08-17T12:11:58.014616,0.0000000,0.0000000,1.52,-0.1154,0.0362,-0.8600,310.0,0.00,0.000,0.000,IDLE
2026-08-17T12:11:59.015190,0.0000000,0.0000000,1.44,-0.1155,0.0362,-0.8602,310.0,0.00,0.000,0.000,IDLE
2026-08-17T12:12:00.015768,0.0000000,0.0000000,1.53,-0.1155,0.0361,-0.8612,310.0,0.00,0.000,0.000,IDLE
2026-08-17T12:12:01.019556,0.0000000,0.0000000,1.61,-0.1156,0.0358,-0.8630,310.0,0.00,0.000,0.000,IDLE
2026-08-17T12:12:02.014823,0.0000000,0.0000000,1.67,-0.1156,0.0357,-0.8651,310.0,0.00,0.000,0.000,IDLE
2026-08-17T12:12:03.016479,0.0000000,0.0000000,1.66,-0.1154,0.0358,-0.8664,310.0,0.00,0.000,0.000,IDLE
2026-08-17T12:12:04.014691,0.0000000,0.0000000,1.57,-0.1152,0.0359,-0.8658,310.0,0.00,0.000,0.000,IDLE
2026-08-17T12:12:05.014728,0.0000000,0.0000000,1.70,-0.1153,0.0358,-0.8664,310.0,0.00,0.000,0.000,IDLE
2026-08-17T12:12:06.015528,0.0000000,0.0000000,1.78,-0.1152,0.0359,-0.8656,310.0,0.00,0.000,0.000,IDLE
2026-08-17T12:12:07.019686,0.0000000,0.0000000,1.58,-0.1153,0.0359,-0.8671,310.0,0.00,0.000,0.000,IDLE
2026-08-17T12:12:08.014808,0.0000000,0.0000000,1.50,-0.1154,0.0358,-0.8673,310.0,0.00,0.000,0.000,IDLE
2026-08-17T12:12:09.015092,0.0000000,0.0000000,1.63,-0.1155,0.0357,-0.8698,310.0,0.00,0.000,0.000,IDLE
2026-08-17T12:12:10.014897,0.0000000,0.0000000,1.62,-0.1154,0.0360,-0.8675,310.0,0.00,0.000,0.000,IDLE
2026-08-17T12:12:11.016136,0.0000000,0.0000000,1.78,-0.1154,0.0361,-0.8659,310.0,0.00,0.000,0.000,IDLE
2026-08-17T12:12:12.014855,0.0000000,0.0000000,1.68,-0.1155,0.0359,-0.8682,310.0,0.00,0.000,0.000,IDLE
2026-08-17T12:12:13.014971,0.0000000,0.0000000,1.52,-0.1155,0.0359,-0.8675,310.0,0.00,0.000,0.000,IDLE
2026-08-17T12:12:14.014842,0.0000000,0.0000000,1.64,-0.1151,0.0366,-0.8594,310.0,0.00,0.000,0.000,IDLE
2026-08-17T12:12:15.014847,0.0000000,0.0000000,1.71,-0.1153,0.0367,-0.8590,310.0,0.00,0.000,0.000,IDLE
2026-08-17T12:12:16.015321,0.0000000,0.0000000,1.61,-0.1153,0.0367,-0.8577,310.0,0.00,0.000,0.000,IDLE
2026-08-17T12:12:17.015138,0.0000000,0.0000000,1.54,-0.1154,0.0365,-0.8581,310.0,0.00,0.000,0.000,IDLE
2026-08-17T12:12:18.014614,0.0000000,0.0000000,1.29,-0.1154,0.0365,-0.8579,310.0,0.00,0.000,0.000,IDLE
2026-08-17T12:12:19.014672,0.0000000,0.0000000,1.50,-0.1154,0.0366,-0.8582,310.0,0.00,0.000,0.000,IDLE
2026-08-17T12:12:20.014855,0.0000000,0.0000000,1.50,-0.1153,0.0367,-0.8565,310.0,0.00,0.000,0.000,IDLE
2026-08-17T12:12:21.014912,0.0000000,0.0000000,1.60,-0.1153,0.0366,-0.8552,311.0,0.00,0.000,0.000,IDLE
2026-08-17T12:12:22.015080,0.0000000,0.0000000,1.62,-0.1153,0.0367,-0.8541,311.0,0.00,0.000,0.000,IDLE
2026-08-17T12:12:23.014792,0.0000000,0.0000000,1.59,-0.1154,0.0363,-0.8566,310.0,0.00,0.000,0.000,IDLE
2026-08-17T12:12:24.014975,0.0000000,0.0000000,1.50,-0.1154,0.0364,-0.8545,311.0,0.00,0.000,0.000,IDLE
2026-08-17T12:12:25.015676,0.0000000,0.0000000,1.59,-0.1155,0.0361,-0.8567,310.0,0.00,0.000,0.000,IDLE
2026-08-17T12:12:26.014627,0.0000000,0.0000000,1.64,-0.1154,0.0361,-0.8568,310.0,0.00,0.000,0.000,IDLE
2026-08-17T12:12:27.014876,0.0000000,0.0000000,1.52,-0.1153,0.0362,-0.8549,311.0,0.00,0.000,0.000,IDLE
2026-08-17T12:12:28.015322,0.0000000,0.0000000,1.62,-0.1153,0.0362,-0.8550,311.0,0.00,0.000,0.000,IDLE
2026-08-17T12:12:29.014746,0.0000000,0.0000000,1.52,-0.1152,0.0361,-0.8532,311.0,0.00,0.000,0.000,IDLE
2026-08-17T12:12:30.014753,0.0000000,0.0000000,1.61,-0.1154,0.0357,-0.8550,311.0,0.00,0.000,0.000,IDLE
2026-08-17T12:12:31.014975,0.0000000,0.0000000,1.77,-0.1154,0.0358,-0.8544,311.0,0.00,0.000,0.000,IDLE
2026-08-17T12:12:32.014786,0.0000000,0.0000000,1.54,-0.1155,0.0356,-0.8564,310.0,0.00,0.000,0.000,IDLE
2026-08-17T12:12:33.014914,0.0000000,0.0000000,1.55,-0.1156,0.0355,-0.8570,310.0,0.00,0.000,0.000,IDLE
2026-08-17T12:12:34.015103,0.0000000,0.0000000,1.65,-0.1154,0.0356,-0.8551,311.0,0.00,0.000,0.000,IDLE
2026-08-17T12:12:35.015055,0.0000000,0.0000000,1.67,-0.1156,0.0353,-0.8571,310.0,0.00,0.000,0.000,IDLE
2026-08-17T12:12:36.014899,0.0000000,0.0000000,1.49,-0.1155,0.0355,-0.8553,311.0,0.00,0.000,0.000,IDLE
2026-08-17T12:12:37.020006,0.0000000,0.0000000,1.42,-0.1155,0.0356,-0.8548,311.0,0.00,0.000,0.000,IDLE
2026-08-17T12:12:38.014852,0.0000000,0.0000000,1.52,-0.1156,0.0356,-0.8552,311.0,0.00,0.000,0.000,IDLE
2026-08-17T12:12:39.014764,0.0000000,0.0000000,1.60,-0.1157,0.0354,-0.8560,310.0,0.00,0.000,0.000,IDLE
2026-08-17T12:12:40.014861,0.0000000,0.0000000,1.37,-0.1158,0.0353,-0.8556,310.0,0.00,0.000,0.000,IDLE
2026-08-17T12:12:41.015366,0.0000000,0.0000000,1.45,-0.1158,0.0352,-0.8565,310.0,0.00,0.000,0.000,IDLE
2026-08-17T12:12:42.015094,0.0000000,0.0000000,1.42,-0.1159,0.0352,-0.8578,310.0,0.00,0.000,0.000,IDLE
2026-08-17T12:12:43.014833,0.0000000,0.0000000,1.51,-0.1158,0.0351,-0.8593,310.0,0.00,0.000,0.000,IDLE
2026-08-17T12:12:44.015345,0.0000000,0.0000000,1.32,-0.1158,0.0352,-0.8610,310.0,0.00,0.000,0.000,IDLE
2026-08-17T12:12:45.014884,0.0000000,0.0000000,1.36,-0.1157,0.0352,-0.8619,310.0,0.00,0.000,0.000,IDLE
2026-08-17T12:12:46.017304,0.0000000,0.0000000,1.37,-0.1156,0.0355,-0.8592,310.0,0.00,0.000,0.000,IDLE
2026-08-17T12:12:47.014646,0.0000000,0.0000000,1.27,-0.1156,0.0357,-0.8581,310.0,0.00,0.000,0.000,IDLE
2026-08-17T12:12:48.014695,0.0000000,0.0000000,1.46,-0.1158,0.0355,-0.8589,310.0,0.00,0.000,0.000,IDLE
2026-08-17T12:12:49.014628,0.0000000,0.0000000,1.19,-0.1157,0.0357,-0.8560,310.0,0.00,0.000,0.000,IDLE
2026-08-17T12:12:50.014983,0.0000000,0.0000000,1.47,-0.1155,0.0360,-0.8531,311.0,0.00,0.000,0.000,IDLE
2026-08-17T12:12:51.014760,0.0000000,0.0000000,1.30,-0.1154,0.0359,-0.8527,311.0,0.00,0.000,0.000,IDLE
2026-08-17T12:12:52.014772,0.0000000,0.0000000,1.35,-0.1155,0.0359,-0.8518,311.0,0.00,0.000,0.000,IDLE
2026-08-17T12:12:53.015249,0.0000000,0.0000000,1.43,-0.1155,0.0359,-0.8508,311.0,0.00,0.000,0.000,IDLE
2026-08-17T12:12:54.014578,0.0000000,0.0000000,1.22,-0.1156,0.0355,-0.8541,311.0,0.00,0.000,0.000,IDLE
2026-08-17T12:12:55.014783,0.0000000,0.0000000,1.19,-0.1158,0.0352,-0.8567,310.0,0.00,0.000,0.000,IDLE
2026-08-17T12:12:56.014791,0.0000000,0.0000000,1.17,-0.1157,0.0354,-0.8555,310.0,0.00,0.000,0.000,IDLE
2026-08-17T12:12:57.014867,0.0000000,0.0000000,1.35,-0.1158,0.0353,-0.8578,310.0,0.00,0.000,0.000,IDLE
2026-08-17T12:12:58.018205,0.0000000,0.0000000,1.29,-0.1157,0.0354,-0.8580,310.0,0.00,0.000,0.000,IDLE
2026-08-17T12:12:59.014636,0.0000000,0.0000000,1.44,-0.1157,0.0354,-0.8586,310.0,0.00,0.000,0.000,IDLE
2026-08-17T12:13:00.014893,0.0000000,0.0000000,1.45,-0.1156,0.0354,-0.8590,310.0,0.00,0.000,0.000,IDLE
2026-08-17T12:13:01.015194,0.0000000,0.0000000,1.47,-0.1154,0.0356,-0.8582,310.0,0.00,0.000,0.000,IDLE
2026-08-17T12:13:02.014897,0.0000000,0.0000000,1.65,-0.1155,0.0358,-0.8591,310.0,0.00,0.000,0.000,IDLE
2026-08-17T12:13:03.017378,0.0000000,0.0000000,1.25,-0.1156,0.0359,-0.8608,310.0,0.00,0.000,0.000,IDLE
2026-08-17T12:13:04.014675,0.0000000,0.0000000,1.47,-0.1155,0.0359,-0.8615,310.0,0.00,0.000,0.000,IDLE
2026-08-17T12:13:05.015901,0.0000000,0.0000000,1.44,-0.1154,0.0359,-0.8620,310.0,0.00,0.000,0.000,IDLE
2026-08-17T12:13:06.017921,0.0000000,0.0000000,1.48,-0.1155,0.0358,-0.8640,310.0,0.00,0.000,0.000,IDLE
2026-08-17T12:13:07.014755,0.0000000,0.0000000,1.40,-0.1155,0.0359,-0.8645,310.0,0.00,0.000,0.000,IDLE
2026-08-17T12:13:08.015205,0.0000000,0.0000000,1.37,-0.1154,0.0359,-0.8645,310.0,0.00,0.000,0.000,IDLE
2026-08-17T12:13:09.019612,0.0000000,0.0000000,1.27,-0.1154,0.0361,-0.8630,310.0,0.00,0.000,0.000,IDLE
2026-08-17T12:13:10.015983,0.0000000,0.0000000,1.50,-0.1153,0.0361,-0.8621,310.0,0.00,0.000,0.000,IDLE
2026-08-17T12:13:11.018870,0.0000000,0.0000000,1.26,-0.1153,0.0362,-0.8616,310.0,0.00,0.000,0.000,IDLE
2026-08-17T12:13:12.014697,0.0000000,0.0000000,1.37,-0.1154,0.0361,-0.8617,310.0,0.00,0.000,0.000,IDLE
2026-08-17T12:13:13.015853,0.0000000,0.0000000,1.38,-0.1154,0.0359,-0.8628,310.0,0.00,0.000,0.000,IDLE
2026-08-17T12:13:14.019212,0.0000000,0.0000000,1.27,-0.1154,0.0359,-0.8631,310.0,0.00,0.000,0.000,IDLE
2026-08-17T12:13:15.014962,0.0000000,0.0000000,1.44,-0.1154,0.0361,-0.8613,310.0,0.00,0.000,0.000,IDLE
2026-08-17T12:13:16.014637,0.0000000,0.0000000,1.12,-0.1153,0.0363,-0.8588,310.0,0.00,0.000,0.000,IDLE
2026-08-17T12:13:17.014864,0.0000000,0.0000000,1.37,-0.1152,0.0362,-0.8586,310.0,0.00,0.000,0.000,IDLE
2026-08-17T12:13:18.014679,0.0000000,0.0000000,1.11,-0.1153,0.0362,-0.8596,310.0,0.00,0.000,0.000,IDLE
2026-08-17T12:13:19.014729,0.0000000,0.0000000,1.19,-0.1152,0.0363,-0.8585,310.0,0.00,0.000,0.000,IDLE
2026-08-17T12:13:20.014681,0.0000000,0.0000000,1.19,-0.1152,0.0363,-0.8579,310.0,0.00,0.000,0.000,IDLE
2026-08-17T12:13:21.014900,0.0000000,0.0000000,1.30,-0.1152,0.0365,-0.8568,310.0,0.00,0.000,0.000,IDLE
2026-08-17T12:13:22.014717,0.0000000,0.0000000,1.23,-0.1152,0.0365,-0.8562,310.0,0.00,0.000,0.000,IDLE
2026-08-17T12:13:23.014756,0.0000000,0.0000000,1.14,-0.1153,0.0363,-0.8577,310.0,0.00,0.000,0.000,IDLE
2026-08-17T12:13:24.014810,0.0000000,0.0000000,1.12,-0.1155,0.0362,-0.8588,310.0,0.00,0.000,0.000,IDLE
2026-08-17T12:13:25.015565,0.0000000,0.0000000,1.13,-0.1156,0.0361,-0.8601,310.0,0.00,0.000,0.000,IDLE
2026-08-17T12:13:26.014805,0.0000000,0.0000000,1.11,-0.1156,0.0359,-0.8605,310.0,0.00,0.000,0.000,IDLE
2026-08-17T12:13:27.014858,0.0000000,0.0000000,1.22,-0.1155,0.0359,-0.8609,310.0,0.00,0.000,0.000,IDLE
2026-08-17T12:13:28.014828,0.0000000,0.0000000,1.44,-0.1154,0.0360,-0.8608,310.0,0.00,0.000,0.000,IDLE
2026-08-17T12:13:29.015632,0.0000000,0.0000000,1.19,-0.1152,0.0361,-0.8592,310.0,0.00,0.000,0.000,IDLE
2026-08-17T12:13:30.014878,0.0000000,0.0000000,1.42,-0.1153,0.0360,-0.8596,310.0,0.00,0.000,0.000,IDLE
2026-08-17T12:13:31.014691,0.0000000,0.0000000,1.29,-0.1153,0.0359,-0.8591,310.0,0.00,0.000,0.000,IDLE
2026-08-17T12:13:32.015140,0.0000000,0.0000000,1.34,-0.1153,0.0359,-0.8594,310.0,0.00,0.000,0.000,IDLE
2026-08-17T12:13:33.014710,0.0000000,0.0000000,1.50,-0.1152,0.0360,-0.8579,310.0,0.00,0.000,0.000,IDLE
2026-08-17T12:13:34.014715,0.0000000,0.0000000,1.37,-0.1154,0.0358,-0.8606,310.0,0.00,0.000,0.000,IDLE
2026-08-17T12:13:35.015301,0.0000000,0.0000000,1.41,-0.1154,0.0360,-0.8603,310.0,0.00,0.000,0.000,IDLE
2026-08-17T12:13:36.014980,0.0000000,0.0000000,1.39,-0.1154,0.0361,-0.8590,310.0,0.00,0.000,0.000,IDLE
2026-08-17T12:13:37.014545,0.0000000,0.0000000,1.61,-0.1154,0.0361,-0.8584,310.0,0.00,0.000,0.000,IDLE
2026-08-17T12:13:38.014599,0.0000000,0.0000000,1.53,-0.1153,0.0360,-0.8588,310.0,0.00,0.000,0.000,IDLE
2026-08-17T12:13:39.014860,0.0000000,0.0000000,1.33,-0.1153,0.0360,-0.8589,310.0,0.00,0.000,0.000,IDLE
2026-08-17T12:13:40.015078,0.0000000,0.0000000,1.50,-0.1154,0.0358,-0.8602,310.0,0.00,0.000,0.000,IDLE
2026-08-17T12:13:41.014760,0.0000000,0.0000000,1.46,-0.1156,0.0356,-0.8630,310.0,0.00,0.000,0.000,IDLE
2026-08-17T12:13:42.014780,0.0000000,0.0000000,1.19,-0.1156,0.0358,-0.8618,310.0,0.00,0.000,0.000,IDLE
2026-08-17T12:13:43.014677,0.0000000,0.0000000,1.25,-0.1156,0.0357,-0.8626,310.0,0.00,0.000,0.000,IDLE
2026-08-17T12:13:44.014803,0.0000000,0.0000000,1.34,-0.1156,0.0356,-0.8642,310.0,0.00,0.000,0.000,IDLE
2026-08-17T12:13:45.014669,0.0000000,0.0000000,1.44,-0.1157,0.0356,-0.8646,310.0,0.00,0.000,0.000,IDLE
2026-08-17T12:13:46.014890,0.0000000,0.0000000,1.46,-0.1158,0.0354,-0.8657,310.0,0.00,0.000,0.000,IDLE
2026-08-17T12:13:47.015094,0.0000000,0.0000000,1.24,-0.1158,0.0355,-0.8660,310.0,0.00,0.000,0.000,IDLE
2026-08-17T12:13:48.015228,0.0000000,0.0000000,1.25,-0.1157,0.0357,-0.8633,310.0,0.00,0.000,0.000,IDLE
2026-08-17T12:13:49.015129,0.0000000,0.0000000,1.49,-0.1157,0.0357,-0.8636,310.0,0.00,0.000,0.000,IDLE
2026-08-17T12:13:50.015016,0.0000000,0.0000000,1.51,-0.1155,0.0361,-0.8598,310.0,0.00,0.000,0.000,IDLE
2026-08-17T12:13:51.014707,0.0000000,0.0000000,1.31,-0.1155,0.0362,-0.8577,310.0,0.00,0.000,0.000,IDLE
2026-08-17T12:13:52.014906,0.0000000,0.0000000,1.40,-0.1155,0.0362,-0.8572,310.0,0.00,0.000,0.000,IDLE
2026-08-17T12:13:53.014688,0.0000000,0.0000000,1.44,-0.1154,0.0364,-0.8559,310.0,0.00,0.000,0.000,IDLE
2026-08-17T12:13:54.014820,0.0000000,0.0000000,1.41,-0.1155,0.0361,-0.8557,310.0,0.00,0.000,0.000,IDLE
2026-08-17T12:13:55.014556,0.0000000,0.0000000,1.36,-0.1155,0.0361,-0.8549,311.0,0.00,0.000,0.000,IDLE
2026-08-17T12:13:56.027740,0.0000000,0.0000000,1.41,-0.1155,0.0363,-0.8543,311.0,0.00,0.000,0.000,IDLE
2026-08-17T12:13:57.014679,0.0000000,0.0000000,1.47,-0.1154,0.0362,-0.8541,311.0,0.00,0.000,0.000,IDLE
2026-08-17T12:13:58.014674,0.0000000,0.0000000,1.54,-0.1154,0.0361,-0.8546,311.0,0.00,0.000,0.000,IDLE
2026-08-17T12:13:59.014887,0.0000000,0.0000000,1.18,-0.1157,0.0358,-0.8575,310.0,0.00,0.000,0.000,IDLE
2026-08-17T12:14:00.014829,0.0000000,0.0000000,1.23,-0.1158,0.0355,-0.8607,310.0,0.00,0.000,0.000,IDLE
2026-08-17T12:14:01.014637,0.0000000,0.0000000,1.19,-0.1155,0.0359,-0.8574,310.0,0.00,0.000,0.000,IDLE
2026-08-17T12:14:02.014599,0.0000000,0.0000000,1.29,-0.1154,0.0359,-0.8572,310.0,0.00,0.000,0.000,IDLE
2026-08-17T12:14:03.014889,0.0000000,0.0000000,1.24,-0.1155,0.0360,-0.8557,310.0,0.00,0.000,0.000,IDLE
2026-08-17T12:14:04.014608,0.0000000,0.0000000,1.32,-0.1154,0.0359,-0.8570,310.0,0.00,0.000,0.000,IDLE
2026-08-17T12:14:05.019535,0.0000000,0.0000000,1.21,-0.1154,0.0358,-0.8585,310.0,0.00,0.000,0.000,IDLE
2026-08-17T12:14:06.014603,0.0000000,0.0000000,1.25,-0.1154,0.0358,-0.8595,310.0,0.00,0.000,0.000,IDLE
2026-08-17T12:14:07.014721,0.0000000,0.0000000,1.29,-0.1154,0.0357,-0.8602,310.0,0.00,0.000,0.000,IDLE
2026-08-17T12:14:08.014547,0.0000000,0.0000000,1.24,-0.1156,0.0355,-0.8606,310.0,0.00,0.000,0.000,IDLE
2026-08-17T12:14:09.016579,0.0000000,0.0000000,1.12,-0.1156,0.0355,-0.8604,310.0,0.00,0.000,0.000,IDLE
2026-08-17T12:14:10.014636,0.0000000,0.0000000,1.27,-0.1157,0.0355,-0.8605,310.0,0.00,0.000,0.000,IDLE
2026-08-17T12:14:11.017486,0.0000000,0.0000000,1.07,-0.1156,0.0357,-0.8586,310.0,0.00,0.000,0.000,IDLE
2026-08-17T12:14:12.014927,0.0000000,0.0000000,1.04,-0.1156,0.0353,-0.8618,310.0,0.00,0.000,0.000,IDLE
2026-08-17T12:14:13.014590,0.0000000,0.0000000,1.09,-0.1155,0.0358,-0.8597,310.0,0.00,0.000,0.000,IDLE
2026-08-17T12:14:14.014712,0.0000000,0.0000000,1.10,-0.1154,0.0360,-0.8596,310.0,0.00,0.000,0.000,IDLE
2026-08-17T12:14:15.014596,0.0000000,0.0000000,1.07,-0.1153,0.0359,-0.8601,310.0,0.00,0.000,0.000,IDLE
2026-08-17T12:14:16.015355,0.0000000,0.0000000,1.07,-0.1152,0.0359,-0.8597,310.0,0.00,0.000,0.000,IDLE
2026-08-17T12:14:17.014600,0.0000000,0.0000000,1.20,-0.1153,0.0358,-0.8605,310.0,0.00,0.000,0.000,IDLE
2026-08-17T12:14:18.014636,0.0000000,0.0000000,1.29,-0.1153,0.0359,-0.8598,310.0,0.00,0.000,0.000,IDLE
2026-08-17T12:14:19.014809,0.0000000,0.0000000,1.32,-0.1153,0.0361,-0.8588,310.0,0.00,0.000,0.000,IDLE
2026-08-17T12:14:20.015245,0.0000000,0.0000000,1.35,-0.1151,0.0362,-0.8564,310.0,0.00,0.000,0.000,IDLE
2026-08-17T12:14:21.014641,0.0000000,0.0000000,1.12,-0.1153,0.0362,-0.8577,310.0,0.00,0.000,0.000,IDLE
2026-08-17T12:14:22.014744,0.0000000,0.0000000,1.12,-0.1153,0.0360,-0.8582,310.0,0.00,0.000,0.000,IDLE
2026-08-17T12:14:23.014871,0.0000000,0.0000000,1.24,-0.1154,0.0360,-0.8582,310.0,0.00,0.000,0.000,IDLE
2026-08-17T12:14:24.014727,0.0000000,0.0000000,1.24,-0.1154,0.0358,-0.8586,310.0,0.00,0.000,0.000,IDLE
2026-08-17T12:14:25.014748,0.0000000,0.0000000,1.18,-0.1154,0.0358,-0.8574,310.0,0.00,0.000,0.000,IDLE
2026-08-17T12:14:26.014675,0.0000000,0.0000000,1.19,-0.1154,0.0359,-0.8558,310.0,0.00,0.000,0.000,IDLE
2026-08-17T12:14:27.016441,0.0000000,0.0000000,1.12,-0.1155,0.0359,-0.8556,310.0,0.00,0.000,0.000,IDLE
2026-08-17T12:14:28.016045,0.0000000,0.0000000,0.88,-0.1154,0.0359,-0.8546,311.0,0.00,0.000,0.000,IDLE
2026-08-17T12:14:29.014851,0.0000000,0.0000000,1.00,-0.1152,0.0363,-0.8516,311.0,0.00,0.000,0.000,IDLE
2026-08-17T12:14:30.015212,0.0000000,0.0000000,1.06,-0.1153,0.0362,-0.8514,311.0,0.00,0.000,0.000,IDLE
2026-08-17T12:14:31.014727,0.0000000,0.0000000,1.13,-0.1154,0.0363,-0.8513,311.0,0.00,0.000,0.000,IDLE
2026-08-17T12:14:32.015331,0.0000000,0.0000000,1.13,-0.1154,0.0364,-0.8508,311.0,0.00,0.000,0.000,IDLE
2026-08-17T12:14:33.015252,0.0000000,0.0000000,1.10,-0.1154,0.0364,-0.8508,311.0,0.00,0.000,0.000,IDLE
2026-08-17T12:14:34.014852,0.0000000,0.0000000,1.12,-0.1155,0.0363,-0.8513,311.0,0.00,0.000,0.000,IDLE
2026-08-17T12:14:35.014785,0.0000000,0.0000000,1.10,-0.1156,0.0362,-0.8518,311.0,0.00,0.000,0.000,IDLE
2026-08-17T12:14:36.014750,0.0000000,0.0000000,1.18,-0.1155,0.0362,-0.8516,311.0,0.00,0.000,0.000,IDLE
2026-08-17T12:14:37.015077,0.0000000,0.0000000,0.89,-0.1155,0.0360,-0.8518,311.0,0.00,0.000,0.000,IDLE
2026-08-17T12:14:38.015414,0.0000000,0.0000000,1.05,-0.1155,0.0360,-0.8531,311.0,0.00,0.000,0.000,IDLE
2026-08-17T12:14:39.014602,0.0000000,0.0000000,0.99,-0.1157,0.0360,-0.8534,311.0,0.00,0.000,0.000,IDLE
2026-08-17T12:14:40.014629,0.0000000,0.0000000,0.77,-0.1157,0.0359,-0.8551,311.0,0.00,0.000,0.000,IDLE
2026-08-17T12:14:41.014721,0.0000000,0.0000000,0.85,-0.1159,0.0357,-0.8584,310.0,0.00,0.000,0.000,IDLE
2026-08-17T12:14:42.014678,0.0000000,0.0000000,1.01,-0.1158,0.0359,-0.8572,310.0,0.00,0.000,0.000,IDLE
2026-08-17T12:14:43.014670,0.0000000,0.0000000,0.97,-0.1157,0.0359,-0.8573,310.0,0.00,0.000,0.000,IDLE
2026-08-17T12:14:44.014627,0.0000000,0.0000000,1.22,-0.1158,0.0359,-0.8554,310.0,0.00,0.000,0.000,IDLE
2026-08-17T12:14:45.015469,0.0000000,0.0000000,1.15,-0.1159,0.0359,-0.8560,310.0,0.00,0.000,0.000,IDLE
2026-08-17T12:14:46.014650,0.0000000,0.0000000,1.24,-0.1159,0.0361,-0.8541,311.0,0.00,0.000,0.000,IDLE
2026-08-17T12:14:47.014816,0.0000000,0.0000000,1.19,-0.1159,0.0362,-0.8538,311.0,0.00,0.000,0.000,IDLE
2026-08-17T12:14:48.014619,0.0000000,0.0000000,1.22,-0.1157,0.0363,-0.8516,311.0,0.00,0.000,0.000,IDLE
2026-08-17T12:14:49.014689,0.0000000,0.0000000,1.18,-0.1156,0.0363,-0.8506,311.0,0.00,0.000,0.000,IDLE
2026-08-17T12:14:50.014783,0.0000000,0.0000000,1.29,-0.1155,0.0363,-0.8493,311.0,0.00,0.000,0.000,IDLE
2026-08-17T12:14:51.014641,0.0000000,0.0000000,1.17,-0.1155,0.0362,-0.8508,311.0,0.00,0.000,0.000,IDLE
2026-08-17T12:14:52.020523,0.0000000,0.0000000,1.28,-0.1157,0.0361,-0.8527,311.0,0.00,0.000,0.000,IDLE
2026-08-17T12:14:53.014621,0.0000000,0.0000000,1.19,-0.1157,0.0361,-0.8528,311.0,0.00,0.000,0.000,IDLE
2026-08-17T12:14:54.014611,0.0000000,0.0000000,1.12,-0.1157,0.0361,-0.8542,311.0,0.00,0.000,0.000,IDLE
2026-08-17T12:14:55.014717,0.0000000,0.0000000,1.04,-0.1157,0.0361,-0.8543,311.0,0.00,0.000,0.000,IDLE
2026-08-17T12:14:56.014748,0.0000000,0.0000000,1.13,-0.1156,0.0362,-0.8536,311.0,0.00,0.000,0.000,IDLE
2026-08-17T12:14:57.014966,0.0000000,0.0000000,1.14,-0.1156,0.0362,-0.8537,311.0,0.00,0.000,0.000,IDLE
2026-08-17T12:14:58.015957,0.0000000,0.0000000,1.25,-0.1155,0.0364,-0.8541,311.0,0.00,0.000,0.000,IDLE
2026-08-17T12:14:59.015785,0.0000000,0.0000000,1.30,-0.1156,0.0364,-0.8544,311.0,0.00,0.000,0.000,IDLE
2026-08-17T12:15:00.015207,0.0000000,0.0000000,0.99,-0.1153,0.0366,-0.8519,311.0,0.00,0.000,0.000,IDLE
2026-08-17T12:15:01.014834,0.0000000,0.0000000,1.12,-0.1153,0.0367,-0.8519,311.0,0.00,0.000,0.000,IDLE
2026-08-17T12:15:02.014618,0.0000000,0.0000000,1.09,-0.1152,0.0369,-0.8512,311.0,0.00,0.000,0.000,IDLE
2026-08-17T12:15:03.014988,0.0000000,0.0000000,1.17,-0.1153,0.0368,-0.8523,311.0,0.00,0.000,0.000,IDLE
2026-08-17T12:15:04.019897,0.0000000,0.0000000,1.20,-0.1154,0.0369,-0.8513,311.0,0.00,0.000,0.000,IDLE
2026-08-17T12:15:05.019573,0.0000000,0.0000000,1.18,-0.1153,0.0367,-0.8500,311.0,0.00,0.000,0.000,IDLE
2026-08-17T12:15:06.014663,0.0000000,0.0000000,1.25,-0.1155,0.0365,-0.8514,311.0,0.00,0.000,0.000,IDLE
2026-08-17T12:15:07.014685,0.0000000,0.0000000,1.23,-0.1153,0.0365,-0.8491,311.0,0.00,0.000,0.000,IDLE
2026-08-17T12:15:08.014688,0.0000000,0.0000000,1.22,-0.1155,0.0363,-0.8497,311.0,0.00,0.000,0.000,IDLE
2026-08-17T12:15:09.014789,0.0000000,0.0000000,1.35,-0.1156,0.0363,-0.8489,311.0,0.00,0.000,0.000,IDLE
2026-08-17T12:15:10.016070,0.0000000,0.0000000,1.15,-0.1157,0.0361,-0.8511,311.0,0.00,0.000,0.000,IDLE
2026-08-17T12:15:11.019496,0.0000000,0.0000000,1.31,-0.1157,0.0359,-0.8518,311.0,0.00,0.000,0.000,IDLE
2026-08-17T12:15:12.014980,0.0000000,0.0000000,1.36,-0.1158,0.0358,-0.8535,311.0,0.00,0.000,0.000,IDLE
2026-08-17T12:15:13.014600,0.0000000,0.0000000,1.24,-0.1156,0.0360,-0.8508,311.0,0.00,0.000,0.000,IDLE
2026-08-17T12:15:14.015129,0.0000000,0.0000000,1.42,-0.1156,0.0357,-0.8532,311.0,0.00,0.000,0.000,IDLE
2026-08-17T12:15:15.014568,0.0000000,0.0000000,1.51,-0.1157,0.0357,-0.8539,311.0,0.00,0.000,0.000,IDLE
2026-08-17T12:15:16.014715,0.0000000,0.0000000,1.44,-0.1157,0.0355,-0.8551,311.0,0.00,0.000,0.000,IDLE
2026-08-17T12:15:17.014720,0.0000000,0.0000000,1.41,-0.1157,0.0354,-0.8553,311.0,0.00,0.000,0.000,IDLE
2026-08-17T12:15:18.014826,0.0000000,0.0000000,1.54,-0.1158,0.0354,-0.8572,310.0,0.00,0.000,0.000,IDLE
2026-08-17T12:15:19.015349,0.0000000,0.0000000,1.41,-0.1159,0.0355,-0.8593,310.0,0.00,0.000,0.000,IDLE
2026-08-17T12:15:20.015058,0.0000000,0.0000000,1.48,-0.1158,0.0358,-0.8585,310.0,0.00,0.000,0.000,IDLE
2026-08-17T12:15:21.014600,0.0000000,0.0000000,1.50,-0.1160,0.0357,-0.8605,310.0,0.00,0.000,0.000,IDLE
2026-08-17T12:15:22.014660,0.0000000,0.0000000,1.44,-0.1159,0.0359,-0.8598,310.0,0.00,0.000,0.000,IDLE
2026-08-17T12:15:23.014877,0.0000000,0.0000000,1.57,-0.1157,0.0360,-0.8591,310.0,0.00,0.000,0.000,IDLE
2026-08-17T12:15:24.015115,0.0000000,0.0000000,1.42,-0.1155,0.0361,-0.8582,310.0,0.00,0.000,0.000,IDLE
2026-08-17T12:15:25.014608,0.0000000,0.0000000,1.70,-0.1154,0.0360,-0.8571,310.0,0.00,0.000,0.000,IDLE
2026-08-17T12:15:26.015358,0.0000000,0.0000000,1.58,-0.1154,0.0359,-0.8585,310.0,0.00,0.000,0.000,IDLE
2026-08-17T12:15:27.016839,0.0000000,0.0000000,1.52,-0.1152,0.0361,-0.8557,310.0,0.00,0.000,0.000,IDLE
2026-08-17T12:15:28.014846,0.0000000,0.0000000,1.69,-0.1153,0.0361,-0.8560,310.0,0.00,0.000,0.000,IDLE
2026-08-17T12:15:29.014615,0.0000000,0.0000000,1.77,-0.1153,0.0360,-0.8570,310.0,0.00,0.000,0.000,IDLE
2026-08-17T12:15:30.014671,0.0000000,0.0000000,1.59,-0.1151,0.0364,-0.8544,311.0,0.00,0.000,0.000,IDLE
2026-08-17T12:15:31.014885,0.0000000,0.0000000,1.62,-0.1152,0.0364,-0.8546,311.0,0.00,0.000,0.000,IDLE
2026-08-17T12:15:32.014711,0.0000000,0.0000000,1.67,-0.1151,0.0364,-0.8546,311.0,0.00,0.000,0.000,IDLE
2026-08-17T12:15:33.014739,0.0000000,0.0000000,1.48,-0.1151,0.0364,-0.8535,311.0,0.00,0.000,0.000,IDLE
2026-08-17T12:15:34.014582,0.0000000,0.0000000,1.59,-0.1151,0.0365,-0.8511,311.0,0.00,0.000,0.000,IDLE
2026-08-17T12:15:35.014633,0.0000000,0.0000000,1.54,-0.1152,0.0362,-0.8527,311.0,0.00,0.000,0.000,IDLE
2026-08-17T12:15:36.014734,0.0000000,0.0000000,1.73,-0.1153,0.0363,-0.8524,311.0,0.00,0.000,0.000,IDLE
2026-08-17T12:15:37.014603,0.0000000,0.0000000,1.67,-0.1154,0.0361,-0.8547,311.0,0.00,0.000,0.000,IDLE
2026-08-17T12:15:38.014718,0.0000000,0.0000000,1.54,-0.1156,0.0358,-0.8565,310.0,0.00,0.000,0.000,IDLE
2026-08-17T12:15:39.014594,0.0000000,0.0000000,1.75,-0.1157,0.0357,-0.8596,310.0,0.00,0.000,0.000,IDLE
2026-08-17T12:15:40.014583,0.0000000,0.0000000,1.76,-0.1158,0.0355,-0.8619,310.0,0.00,0.000,0.000,IDLE
2026-08-17T12:15:41.014597,0.0000000,0.0000000,1.67,-0.1159,0.0354,-0.8631,310.0,0.00,0.000,0.000,IDLE
2026-08-17T12:15:42.014994,0.0000000,0.0000000,1.83,-0.1160,0.0352,-0.8664,310.0,0.00,0.000,0.000,IDLE
2026-08-17T12:15:43.014592,0.0000000,0.0000000,1.71,-0.1158,0.0355,-0.8655,310.0,0.00,0.000,0.000,IDLE
2026-08-17T12:15:44.014607,0.0000000,0.0000000,1.80,-0.1157,0.0356,-0.8646,310.0,0.00,0.000,0.000,IDLE
2026-08-17T12:15:45.014710,0.0000000,0.0000000,1.67,-0.1157,0.0356,-0.8651,310.0,0.00,0.000,0.000,IDLE
2026-08-17T12:15:46.016026,0.0000000,0.0000000,1.67,-0.1157,0.0356,-0.8659,310.0,0.00,0.000,0.000,IDLE
2026-08-17T12:15:47.016155,0.0000000,0.0000000,1.72,-0.1156,0.0359,-0.8637,310.0,0.00,0.000,0.000,IDLE
2026-08-17T12:15:48.014639,0.0000000,0.0000000,1.72,-0.1155,0.0358,-0.8641,310.0,0.00,0.000,0.000,IDLE
2026-08-17T12:15:49.014970,0.0000000,0.0000000,1.57,-0.1156,0.0356,-0.8654,310.0,0.00,0.000,0.000,IDLE
2026-08-17T12:15:50.014603,0.0000000,0.0000000,1.51,-0.1156,0.0355,-0.8666,310.0,0.00,0.000,0.000,IDLE
2026-08-17T12:15:51.014668,0.0000000,0.0000000,1.60,-0.1156,0.0355,-0.8666,310.0,0.00,0.000,0.000,IDLE
2026-08-17T12:15:52.014827,0.0000000,0.0000000,1.61,-0.1155,0.0356,-0.8673,310.0,0.00,0.000,0.000,IDLE
2026-08-17T12:15:53.014581,0.0000000,0.0000000,1.80,-0.1157,0.0355,-0.8681,310.0,0.00,0.000,0.000,IDLE
2026-08-17T12:15:54.015074,0.0000000,0.0000000,1.59,-0.1156,0.0355,-0.8686,310.0,0.00,0.000,0.000,IDLE
2026-08-17T12:15:55.015221,0.0000000,0.0000000,1.59,-0.1155,0.0358,-0.8668,310.0,0.00,0.000,0.000,IDLE
2026-08-17T12:15:56.014634,0.0000000,0.0000000,1.66,-0.1154,0.0360,-0.8655,310.0,0.00,0.000,0.000,IDLE
2026-08-17T12:15:57.015987,0.0000000,0.0000000,1.61,-0.1153,0.0362,-0.8650,310.0,0.00,0.000,0.000,IDLE
2026-08-17T12:15:58.014610,0.0000000,0.0000000,1.52,-0.1152,0.0362,-0.8628,310.0,0.00,0.000,0.000,IDLE
2026-08-17T12:15:59.015009,0.0000000,0.0000000,1.55,-0.1153,0.0363,-0.8631,310.0,0.00,0.000,0.000,IDLE
2026-08-17T12:16:00.019141,0.0000000,0.0000000,1.63,-0.1153,0.0363,-0.8633,310.0,0.00,0.000,0.000,IDLE
2026-08-17T12:16:01.015251,0.0000000,0.0000000,1.60,-0.1153,0.0360,-0.8643,310.0,0.00,0.000,0.000,IDLE
2026-08-17T12:16:02.015389,0.0000000,0.0000000,1.55,-0.1153,0.0362,-0.8621,310.0,0.00,0.000,0.000,IDLE
2026-08-17T12:16:03.018209,0.0000000,0.0000000,1.67,-0.1153,0.0361,-0.8615,310.0,0.00,0.000,0.000,IDLE
2026-08-17T12:16:04.014633,0.0000000,0.0000000,1.69,-0.1155,0.0358,-0.8639,310.0,0.00,0.000,0.000,IDLE
2026-08-17T12:16:05.014745,0.0000000,0.0000000,1.65,-0.1155,0.0359,-0.8631,310.0,0.00,0.000,0.000,IDLE
2026-08-17T12:16:06.015107,0.0000000,0.0000000,1.60,-0.1156,0.0357,-0.8648,310.0,0.00,0.000,0.000,IDLE
2026-08-17T12:16:07.014624,0.0000000,0.0000000,1.72,-0.1156,0.0359,-0.8639,310.0,0.00,0.000,0.000,IDLE
2026-08-17T12:16:08.014662,0.0000000,0.0000000,1.69,-0.1158,0.0357,-0.8667,310.0,0.00,0.000,0.000,IDLE
2026-08-17T12:16:09.014640,0.0000000,0.0000000,1.60,-0.1159,0.0353,-0.8702,310.0,0.00,0.000,0.000,IDLE
2026-08-17T12:16:10.014609,0.0000000,0.0000000,1.71,-0.1159,0.0356,-0.8689,310.0,0.00,0.000,0.000,IDLE
2026-08-17T12:16:11.014552,0.0000000,0.0000000,1.55,-0.1157,0.0358,-0.8675,310.0,0.00,0.000,0.000,IDLE
2026-08-17T12:16:12.014584,0.0000000,0.0000000,1.44,-0.1157,0.0360,-0.8659,310.0,0.00,0.000,0.000,IDLE
2026-08-17T12:16:13.014598,0.0000000,0.0000000,1.58,-0.1156,0.0360,-0.8657,310.0,0.00,0.000,0.000,IDLE
2026-08-17T12:16:14.014763,0.0000000,0.0000000,1.61,-0.1155,0.0363,-0.8628,310.0,0.00,0.000,0.000,IDLE
2026-08-17T12:16:15.014590,0.0000000,0.0000000,1.58,-0.1155,0.0363,-0.8620,310.0,0.00,0.000,0.000,IDLE
2026-08-17T12:16:16.014686,0.0000000,0.0000000,1.85,-0.1154,0.0364,-0.8590,310.0,0.00,0.000,0.000,IDLE
2026-08-17T12:16:17.014651,0.0000000,0.0000000,1.49,-0.1154,0.0363,-0.8576,310.0,0.00,0.000,0.000,IDLE
2026-08-17T12:16:18.014729,0.0000000,0.0000000,1.64,-0.1154,0.0363,-0.8557,310.0,0.00,0.000,0.000,IDLE
2026-08-17T12:16:19.014643,0.0000000,0.0000000,1.69,-0.1155,0.0360,-0.8572,310.0,0.00,0.000,0.000,IDLE
2026-08-17T12:16:20.015011,0.0000000,0.0000000,1.48,-0.1156,0.0358,-0.8596,310.0,0.00,0.000,0.000,IDLE
2026-08-17T12:16:21.014648,0.0000000,0.0000000,1.66,-0.1157,0.0356,-0.8613,310.0,0.00,0.000,0.000,IDLE
2026-08-17T12:16:22.014651,0.0000000,0.0000000,1.59,-0.1156,0.0356,-0.8608,310.0,0.00,0.000,0.000,IDLE
2026-08-17T12:16:23.014638,0.0000000,0.0000000,1.60,-0.1156,0.0357,-0.8590,310.0,0.00,0.000,0.000,IDLE
2026-08-17T12:16:24.014762,0.0000000,0.0000000,1.79,-0.1155,0.0360,-0.8561,310.0,0.00,0.000,0.000,IDLE
2026-08-17T12:16:25.015175,0.0000000,0.0000000,1.63,-0.1156,0.0358,-0.8570,310.0,0.00,0.000,0.000,IDLE
2026-08-17T12:16:26.014629,0.0000000,0.0000000,1.71,-0.1156,0.0358,-0.8573,310.0,0.00,0.000,0.000,IDLE
2026-08-17T12:16:27.014630,0.0000000,0.0000000,1.70,-0.1156,0.0358,-0.8573,310.0,0.00,0.000,0.000,IDLE
2026-08-17T12:16:28.014633,0.0000000,0.0000000,1.83,-0.1155,0.0360,-0.8554,310.0,0.00,0.000,0.000,IDLE
2026-08-17T12:16:29.015881,0.0000000,0.0000000,1.65,-0.1156,0.0360,-0.8556,311.0,0.00,0.000,0.000,IDLE
2026-08-17T12:16:30.014788,0.0000000,0.0000000,1.72,-0.1156,0.0360,-0.8552,311.0,0.00,0.000,0.000,IDLE
2026-08-17T12:16:31.015291,0.0000000,0.0000000,1.54,-0.1156,0.0360,-0.8561,310.0,0.00,0.000,0.000,IDLE
