timestamp,lat,lon,alt,roll,pitch,yaw,heading,groundspeed,heading_setpoint,speed_setpoint,cmd_linear_x,cmd_angular_z,mission_phase
2026-08-18T20:25:21.156532,0.0000000,0.0000000,0.00,0.0000,0.0000,0.0000,0.0,0.00,0.0,0.00,0.000,0.000,IDLE
2026-08-18T20:25:22.156580,0.0000000,0.0000000,0.00,0.0000,0.0000,0.0000,0.0,0.00,0.0,0.00,0.000,0.000,IDLE
2026-08-18T20:25:23.156495,0.0000000,0.0000000,0.00,0.0000,0.0000,0.0000,0.0,0.00,0.0,0.00,0.000,0.000,IDLE
2026-08-18T20:25:24.156648,0.0000000,0.0000000,0.00,0.0000,0.0000,0.0000,0.0,0.00,0.0,0.00,0.000,0.000,IDLE
2026-08-18T20:25:25.156492,0.0000000,0.0000000,0.00,0.0000,0.0000,0.0000,0.0,0.00,0.0,0.00,0.000,0.000,IDLE
2026-08-18T20:25:26.162976,0.0000000,0.0000000,0.00,0.0000,0.0000,0.0000,0.0,0.00,0.0,0.00,0.000,0.000,IDLE
2026-08-18T20:25:27.156495,0.0000000,0.0000000,0.00,0.0000,0.0000,0.0000,0.0,0.00,0.0,0.00,0.000,0.000,IDLE
2026-08-18T20:25:28.156502,0.0000000,0.0000000,0.00,0.0000,0.0000,0.0000,0.0,0.00,0.0,0.00,0.000,0.000,IDLE
2026-08-18T20:25:29.156573,0.0000000,0.0000000,0.00,0.0000,0.0000,0.0000,0.0,0.00,0.0,0.00,0.000,0.000,IDLE
2026-08-18T20:25:30.156594,0.0000000,0.0000000,0.00,0.0000,0.0000,0.0000,0.0,0.00,0.0,0.00,0.000,0.000,IDLE
2026-08-18T20:25:31.156527,0.0000000,0.0000000,0.00,0.0000,0.0000,0.0000,0.0,0.00,0.0,0.00,0.000,0.000,IDLE
2026-08-18T20:25:32.156508,0.0000000,0.0000000,0.00,0.0000,0.0000,0.0000,0.0,0.00,0.0,0.00,0.000,0.000,IDLE
2026-08-18T20:25:33.156566,0.0000000,0.0000000,0.00,0.0000,0.0000,0.0000,0.0,0.00,0.0,0.00,0.000,0.000,IDLE
2026-08-18T20:25:34.156566,0.0000000,0.0000000,0.00,0.0000,0.0000,0.0000,0.0,0.00,0.0,0.00,0.000,0.000,IDLE
2026-08-18T20:25:35.156599,0.0000000,0.0000000,0.00,0.0000,0.0000,0.0000,0.0,0.00,0.0,0.00,0.000,0.000,IDLE
2026-08-18T20:25:36.156484,0.0000000,0.0000000,0.00,0.0000,0.0000,0.0000,0.0,0.00,0.0,0.00,0.000,0.000,IDLE
2026-08-18T20:25:37.156541,0.0000000,0.0000000,0.00,0.0000,0.0000,0.0000,0.0,0.00,0.0,0.00,0.000,0.000,IDLE
2026-08-18T20:25:38.156518,0.0000000,0.0000000,0.00,0.0000,0.0000,0.0000,0.0,0.00,0.0,0.00,0.000,0.000,IDLE
2026-08-18T20:25:39.156550,0.0000000,0.0000000,0.00,0.0000,0.0000,0.0000,0.0,0.00,0.0,0.00,0.000,0.000,IDLE
2026-08-18T20:25:40.156498,0.0000000,0.0000000,0.00,0.0000,0.0000,0.0000,0.0,0.00,0.0,0.00,0.000,0.000,IDLE
2026-08-18T20:25:41.156614,0.0000000,0.0000000,0.00,0.0000,0.0000,0.0000,0.0,0.00,0.0,0.00,0.000,0.000,IDLE
2026-08-18T20:25:42.156573,0.0000000,0.0000000,0.00,0.0000,0.0000,0.0000,0.0,0.00,0.0,0.00,0.000,0.000,IDLE
2026-08-18T20:25:43.156524,0.0000000,0.0000000,0.00,0.0000,0.0000,0.0000,0.0,0.00,0.0,0.00,0.000,0.000,IDLE
2026-08-18T20:25:44.156564,0.0000000,0.0000000,0.00,0.0000,0.0000,0.0000,0.0,0.00,0.0,0.00,0.000,0.000,IDLE
2026-08-18T20:25:45.156533,0.0000000,0.0000000,0.00,0.0000,0.0000,0.0000,0.0,0.00,0.0,0.00,0.000,0.000,IDLE
2026-08-18T20:25:46.156604,0.0000000,0.0000000,0.00,0.0000,0.0000,0.0000,0.0,0.00,0.0,0.00,0.000,0.000,IDLE
2026-08-18T20:25:47.156502,0.0000000,0.0000000,0.00,0.0000,0.0000,0.0000,0.0,0.00,0.0,0.00,0.000,0.000,IDLE
2026-08-18T20:25:48.156481,0.0000000,0.0000000,0.00,0.0000,0.0000,0.0000,0.0,0.00,0.0,0.00,0.000,0.000,IDLE
2026-08-18T20:25:49.156510,0.0000000,0.0000000,0.00,0.0000,0.0000,0.0000,0.0,0.00,0.0,0.00,0.000,0.000,IDLE
2026-08-18T20:25:50.156606,0.0000000,0.0000000,0.00,0.0000,0.0000,0.0000,0.0,0.00,0.0,0.00,0.000,0.000,IDLE
2026-08-18T20:25:51.156530,0.0000000,0.0000000,0.00,0.0000,0.0000,0.0000,0.0,0.00,0.0,0.00,0.000,0.000,IDLE
2026-08-18T20:25:52.156503,0.0000000,0.0000000,0.00,0.0000,0.0000,0.0000,0.0,0.00,0.0,0.00,0.000,0.000,IDLE
2026-08-18T20:25:53.156547,0.0000000,0.0000000,0.00,0.0000,0.0000,0.0000,0.0,0.00,0.0,0.00,0.000,0.000,IDLE
2026-08-18T20:25:54.156626,0.0000000,0.0000000,0.00,0.0000,0.0000,0.0000,0.0,0.00,0.0,0.00,0.000,0.000,IDLE
2026-08-18T20:25:55.156615,0.0000000,0.0000000,0.00,0.0000,0.0000,0.0000,0.0,0.00,0.0,0.00,0.000,0.000,IDLE
2026-08-18T20:25:56.156622,0.0000000,0.0000000,0.00,0.0000,0.0000,0.0000,0.0,0.00,0.0,0.00,0.000,0.000,IDLE
2026-08-18T20:25:57.156582,0.0000000,0.0000000,0.00,0.0000,0.0000,0.0000,0.0,0.00,0.0,0.00,0.000,0.000,IDLE
2026-08-18T20:25:58.156568,0.0000000,0.0000000,0.00,0.0000,0.0000,0.0000,0.0,0.00,0.0,0.00,0.000,0.000,IDLE
2026-08-18T20:25:59.156657,0.0000000,0.0000000,0.00,0.0000,0.0000,0.0000,0.0,0.00,0.0,0.00,0.000,0.000,IDLE
2026-08-18T20:26:00.156528,0.0000000,0.0000000,0.00,0.0000,0.0000,0.0000,0.0,0.00,0.0,0.00,0.000,0.000,IDLE
2026-08-18T20:26:01.156640,0.0000000,0.0000000,0.00,0.0000,0.0000,0.0000,0.0,0.00,0.0,0.00,0.000,0.000,IDLE
2026-08-18T20:26:02.156551,0.0000000,0.0000000,0.00,0.0000,0.0000,0.0000,0.0,0.00,0.0,0.00,0.000,0.000,IDLE
2026-08-18T20:26:03.156557,0.0000000,0.0000000,0.00,0.0000,0.0000,0.0000,0.0,0.00,0.0,0.00,0.000,0.000,IDLE
2026-08-18T20:26:04.156616,0.0000000,0.0000000,0.00,0.0000,0.0000,0.0000,0.0,0.00,0.0,0.00,0.000,0.000,IDLE
2026-08-18T20:26:05.156616,0.0000000,0.0000000,0.00,0.0000,0.0000,0.0000,0.0,0.00,0.0,0.00,0.000,0.000,IDLE
2026-08-18T20:26:06.156576,0.0000000,0.0000000,0.00,0.0000,0.0000,0.0000,0.0,0.00,0.0,0.00,0.000,0.000,IDLE
2026-08-18T20:26:07.156475,0.0000000,0.0000000,0.00,0.0000,0.0000,0.0000,0.0,0.00,0.0,0.00,0.000,0.000,IDLE
2026-08-18T20:26:08.156545,0.0000000,0.0000000,0.00,0.0000,0.0000,0.0000,0.0,0.00,0.0,0.00,0.000,0.000,IDLE
2026-08-18T20:26:09.156625,0.0000000,0.0000000,0.00,0.0000,0.0000,0.0000,0.0,0.00,0.0,0.00,0.000,0.000,IDLE
2026-08-18T20:26:10.156523,0.0000000,0.0000000,0.00,0.0000,0.0000,0.0000,0.0,0.00,0.0,0.00,0.000,0.000,IDLE
2026-08-18T20:26:11.156622,0.0000000,0.0000000,0.00,0.0000,0.0000,0.0000,0.0,0.00,0.0,0.00,0.000,0.000,IDLE
2026-08-18T20:26:12.156600,0.0000000,0.0000000,0.00,0.0000,0.0000,0.0000,0.0,0.00,0.0,0.00,0.000,0.000,IDLE
2026-08-18T20:26:13.156685,0.0000000,0.0000000,0.00,0.0000,0.0000,0.0000,0.0,0.00,0.0,0.00,0.000,0.000,IDLE
2026-08-18T20:26:14.161712,0.0000000,0.0000000,0.00,0.0000,0.0000,0.0000,0.0,0.00,0.0,0.00,0.000,0.000,IDLE
2026-08-18T20:26:15.158517,0.0000000,0.0000000,0.00,0.0000,0.0000,0.0000,0.0,0.00,0.0,0.00,0.000,0.000,IDLE
2026-08-18T20:26:16.156463,0.0000000,0.0000000,0.00,0.0000,0.0000,0.0000,0.0,0.00,0.0,0.00,0.000,0.000,IDLE
2026-08-18T20:26:17.156496,0.0000000,0.0000000,0.00,0.0000,0.0000,0.0000,0.0,0.00,0.0,0.00,0.000,0.000,IDLE
2026-08-18T20:26:18.158016,0.0000000,0.0000000,0.00,0.0000,0.0000,0.0000,0.0,0.00,0.0,0.00,0.000,0.000,IDLE
2026-08-18T20:26:19.160300,0.0000000,0.0000000,0.00,0.0000,0.0000,0.0000,0.0,0.00,0.0,0.00,0.000,0.000,IDLE
2026-08-18T20:26:20.159172,0.0000000,0.0000000,0.00,0.0000,0.0000,0.0000,0.0,0.00,0.0,0.00,0.000,0.000,IDLE
2026-08-18T20:26:21.156516,0.0000000,0.0000000,0.00,0.0000,0.0000,0.0000,0.0,0.00,0.0,0.00,0.000,0.000,IDLE
2026-08-18T20:26:22.156548,0.0000000,0.0000000,0.00,0.0000,0.0000,0.0000,0.0,0.00,0.0,0.00,0.000,0.000,IDLE
2026-08-18T20:26:23.156528,0.0000000,0.0000000,0.00,0.0000,0.0000,0.0000,0.0,0.00,0.0,0.00,0.000,0.000,IDLE
2026-08-18T20:26:24.156489,0.0000000,0.0000000,0.00,0.0000,0.0000,0.0000,0.0,0.00,0.0,0.00,0.000,0.000,IDLE
2026-08-18T20:26:25.156655,0.0000000,0.0000000,0.00,0.0000,0.0000,0.0000,0.0,0.00,0.0,0.00,0.000,0.000,IDLE
2026-08-18T20:26:26.156641,0.0000000,0.0000000,0.00,0.0000,0.0000,0.0000,0.0,0.00,0.0,0.00,0.000,0.000,IDLE
2026-08-18T20:26:27.156561,0.0000000,0.0000000,0.00,0.0000,0.0000,0.0000,0.0,0.00,0.0,0.00,0.000,0.000,IDLE
2026-08-18T20:26:28.156541,0.0000000,0.0000000,0.00,0.0000,0.0000,0.0000,0.0,0.00,0.0,0.00,0.000,0.000,IDLE
2026-08-18T20:26:29.156499,0.0000000,0.0000000,0.00,0.0000,0.0000,0.0000,0.0,0.00,0.0,0.00,0.000,0.000,IDLE
2026-08-18T20:26:30.156517,0.0000000,0.0000000,0.00,0.0000,0.0000,0.0000,0.0,0.00,0.0,0.00,0.000,0.000,IDLE
2026-08-18T20:26:31.156594,0.0000000,0.0000000,0.00,0.0000,0.0000,0.0000,0.0,0.00,0.0,0.00,0.000,0.000,IDLE
2026-08-18T20:26:32.156518,0.0000000,0.0000000,0.00,0.0000,0.0000,0.0000,0.0,0.00,0.0,0.00,0.000,0.000,IDLE
2026-08-18T20:26:33.156583,0.0000000,0.0000000,0.00,0.0000,0.0000,0.0000,0.0,0.00,0.0,0.00,0.000,0.000,IDLE
2026-08-18T20:26:34.156503,0.0000000,0.0000000,0.00,0.0000,0.0000,0.0000,0.0,0.00,0.0,0.00,0.000,0.000,IDLE
2026-08-18T20:26:35.156609,0.0000000,0.0000000,0.00,0.0000,0.0000,0.0000,0.0,0.00,0.0,0.00,0.000,0.000,IDLE
2026-08-18T20:26:36.156510,0.0000000,0.0000000,0.00,0.0000,0.0000,0.0000,0.0,0.00,0.0,0.00,0.000,0.000,IDLE
2026-08-18T20:26:37.156506,0.0000000,0.0000000,0.00,0.0000,0.0000,0.0000,0.0,0.00,0.0,0.00,0.000,0.000,IDLE
2026-08-18T20:26:38.160339,0.0000000,0.0000000,0.00,0.0000,0.0000,0.0000,0.0,0.00,0.0,0.00,0.000,0.000,IDLE
2026-08-18T20:26:39.156499,0.0000000,0.0000000,0.00,0.0000,0.0000,0.0000,0.0,0.00,0.0,0.00,0.000,0.000,IDLE
2026-08-18T20:26:40.156515,0.0000000,0.0000000,0.00,0.0000,0.0000,0.0000,0.0,0.00,0.0,0.00,0.000,0.000,IDLE
2026-08-18T20:26:41.156497,0.0000000,0.0000000,0.00,0.0000,0.0000,0.0000,0.0,0.00,0.0,0.00,0.000,0.000,IDLE
2026-08-18T20:26:42.156593,0.0000000,0.0000000,0.00,0.0000,0.0000,0.0000,0.0,0.00,0.0,0.00,0.000,0.000,IDLE
2026-08-18T20:26:43.156540,0.0000000,0.0000000,0.00,0.0000,0.0000,0.0000,0.0,0.00,0.0,0.00,0.000,0.000,IDLE
2026-08-18T20:26:44.156583,0.0000000,0.0000000,0.00,0.0000,0.0000,0.0000,0.0,0.00,0.0,0.00,0.000,0.000,IDLE
2026-08-18T20:26:45.156519,0.0000000,0.0000000,0.00,0.0000,0.0000,0.0000,0.0,0.00,0.0,0.00,0.000,0.000,IDLE
2026-08-18T20:26:46.156498,0.0000000,0.0000000,0.00,0.0000,0.0000,0.0000,0.0,0.00,0.0,0.00,0.000,0.000,IDLE
2026-08-18T20:26:47.156518,0.0000000,0.0000000,0.00,0.0000,0.0000,0.0000,0.0,0.00,0.0,0.00,0.000,0.000,IDLE
2026-08-18T20:26:48.156524,0.0000000,0.0000000,0.00,0.0000,0.0000,0.0000,0.0,0.00,0.0,0.00,0.000,0.000,IDLE
2026-08-18T20:26:49.156574,0.0000000,0.0000000,0.00,0.0000,0.0000,0.0000,0.0,0.00,0.0,0.00,0.000,0.000,IDLE
2026-08-18T20:26:50.156546,0.0000000,0.0000000,0.00,0.0000,0.0000,0.0000,0.0,0.00,0.0,0.00,0.000,0.000,IDLE
2026-08-18T20:26:51.156497,0.0000000,0.0000000,0.00,0.0000,0.0000,0.0000,0.0,0.00,0.0,0.00,0.000,0.000,IDLE
2026-08-18T20:26:52.156580,0.0000000,0.0000000,0.00,0.0000,0.0000,0.0000,0.0,0.00,0.0,0.00,0.000,0.000,IDLE
2026-08-18T20:26:53.156480,0.0000000,0.0000000,0.00,0.0000,0.0000,0.0000,0.0,0.00,0.0,0.00,0.000,0.000,IDLE
2026-08-18T20:26:54.156592,0.0000000,0.0000000,0.00,0.0000,0.0000,0.0000,0.0,0.00,0.0,0.00,0.000,0.000,IDLE
2026-08-19T01:33:38.244829,0.0000000,0.0000000,0.00,0.0000,0.0000,0.0000,0.0,0.00,0.0,0.00,0.000,0.000,IDLE
2026-08-19T01:33:39.156689,0.0000000,0.0000000,0.00,0.0000,0.0000,0.0000,0.0,0.00,0.0,0.00,0.000,0.000,IDLE
2026-08-19T01:33:40.156713,0.0000000,0.0000000,0.00,0.0000,0.0000,0.0000,0.0,0.00,0.0,0.00,0.000,0.000,IDLE
2026-08-19T01:33:41.156506,0.0000000,0.0000000,0.00,0.0000,0.0000,0.0000,0.0,0.00,0.0,0.00,0.000,0.000,IDLE
2026-08-19T01:33:42.156504,0.0000000,0.0000000,0.00,0.0000,0.0000,0.0000,0.0,0.00,0.0,0.00,0.000,0.000,IDLE
2026-08-19T01:33:43.156506,0.0000000,0.0000000,0.00,0.0000,0.0000,0.0000,0.0,0.00,0.0,0.00,0.000,0.000,IDLE
2026-08-19T01:33:44.156499,0.0000000,0.0000000,0.00,0.0000,0.0000,0.0000,0.0,0.00,0.0,0.00,0.000,0.000,IDLE
2026-08-19T01:33:45.156501,0.0000000,0.0000000,0.00,0.0000,0.0000,0.0000,0.0,0.00,0.0,0.00,0.000,0.000,IDLE
2026-08-19T01:33:46.156486,0.0000000,0.0000000,0.00,0.0000,0.0000,0.0000,0.0,0.00,0.0,0.00,0.000,0.000,IDLE
2026-08-19T01:33:47.156514,0.0000000,0.0000000,0.00,0.0000,0.0000,0.0000,0.0,0.00,0.0,0.00,0.000,0.000,IDLE
2026-08-19T01:33:48.156567,0.0000000,0.0000000,0.00,0.0000,0.0000,0.0000,0.0,0.00,0.0,0.00,0.000,0.000,IDLE
2026-08-19T01:33:49.157586,0.0000000,0.0000000,0.00,0.0000,0.0000,0.0000,0.0,0.00,0.0,0.00,0.000,0.000,IDLE
2026-08-19T01:33:50.156542,0.0000000,0.0000000,0.00,0.0000,0.0000,0.0000,0.0,0.00,0.0,0.00,0.000,0.000,IDLE
2026-08-19T01:33:51.156521,0.0000000,0.0000000,0.00,0.0000,0.0000,0.0000,0.0,0.00,0.0,0.00,0.000,0.000,IDLE
2026-08-19T01:33:52.156556,0.0000000,0.0000000,0.00,0.0000,0.0000,0.0000,0.0,0.00,0.0,0.00,0.000,0.000,IDLE
2026-08-19T01:33:53.156540,0.0000000,0.0000000,0.00,0.0000,0.0000,0.0000,0.0,0.00,0.0,0.00,0.000,0.000,IDLE
2026-08-19T01:33:54.156472,0.0000000,0.0000000,0.00,0.0000,0.0000,0.0000,0.0,0.00,0.0,0.00,0.000,0.000,IDLE
2026-08-19T01:33:55.156498,0.0000000,0.0000000,0.00,0.0000,0.0000,0.0000,0.0,0.00,0.0,0.00,0.000,0.000,IDLE
2026-08-19T01:33:56.156564,0.0000000,0.0000000,0.00,0.0000,0.0000,0.0000,0.0,0.00,0.0,0.00,0.000,0.000,IDLE
2026-08-19T01:33:57.156483,0.0000000,0.0000000,0.00,0.0000,0.0000,0.0000,0.0,0.00,0.0,0.00,0.000,0.000,IDLE
2026-08-19T01:33:58.156607,0.0000000,0.0000000,0.00,0.0000,0.0000,0.0000,0.0,0.00,0.0,0.00,0.000,0.000,IDLE
2026-08-19T01:33:59.156513,0.0000000,0.0000000,0.00,0.0000,0.0000,0.0000,0.0,0.00,0.0,0.00,0.000,0.000,IDLE
2026-08-19T01:34:00.156614,0.0000000,0.0000000,0.00,0.0000,0.0000,0.0000,0.0,0.00,0.0,0.00,0.000,0.000,IDLE
2026-08-19T01:34:01.156574,0.0000000,0.0000000,0.00,0.0000,0.0000,0.0000,0.0,0.00,0.0,0.00,0.000,0.000,IDLE
2026-08-19T01:34:02.158848,0.0000000,0.0000000,0.00,0.0000,0.0000,0.0000,0.0,0.00,0.0,0.00,0.000,0.000,IDLE
2026-08-19T01:34:03.156540,0.0000000,0.0000000,0.00,0.0000,0.0000,0.0000,0.0,0.00,0.0,0.00,0.000,0.000,IDLE
2026-08-19T01:34:04.156488,0.0000000,0.0000000,0.00,0.0000,0.0000,0.0000,0.0,0.00,0.0,0.00,0.000,0.000,IDLE
2026-08-19T01:34:05.156527,0.0000000,0.0000000,0.00,0.0000,0.0000,0.0000,0.0,0.00,0.0,0.00,0.000,0.000,IDLE
2026-08-19T01:34:06.156615,0.0000000,0.0000000,0.00,0.0000,0.0000,0.0000,0.0,0.00,0.0,0.00,0.000,0.000,IDLE
2026-08-19T01:34:07.156535,0.0000000,0.0000000,0.00,0.0000,0.0000,0.0000,0.0,0.00,0.0,0.00,0.000,0.000,IDLE
2026-08-19T01:34:08.156594,0.0000000,0.0000000,0.00,0.0000,0.0000,0.0000,0.0,0.00,0.0,0.00,0.000,0.000,IDLE
2026-08-19T01:34:09.156628,0.0000000,0.0000000,0.00,0.0000,0.0000,0.0000,0.0,0.00,0.0,0.00,0.000,0.000,IDLE
2026-08-19T01:34:10.156482,0.0000000,0.0000000,0.00,0.0000,0.0000,0.0000,0.0,0.00,0.0,0.00,0.000,0.000,IDLE
2026-08-19T01:34:11.156509,0.0000000,0.0000000,0.00,0.0000,0.0000,0.0000,0.0,0.00,0.0,0.00,0.000,0.000,IDLE
2026-08-19T01:34:12.156481,0.0000000,0.0000000,0.00,0.0000,0.0000,0.0000,0.0,0.00,0.0,0.00,0.000,0.000,IDLE
2026-08-19T01:34:13.156636,0.0000000,0.0000000,0.00,0.0000,0.0000,0.0000,0.0,0.00,0.0,0.00,0.000,0.000,IDLE
2026-08-19T01:34:14.156569,0.0000000,0.0000000,0.00,0.0000,0.0000,0.0000,0.0,0.00,0.0,0.00,0.000,0.000,IDLE
2026-08-19T01:34:15.156502,0.0000000,0.0000000,0.00,0.0000,0.0000,0.0000,0.0,0.00,0.0,0.00,0.000,0.000,IDLE
2026-08-19T01:34:16.156472,0.0000000,0.0000000,0.00,0.0000,0.0000,0.0000,0.0,0.00,0.0,0.00,0.000,0.000,IDLE
2026-08-19T01:34:17.156604,0.0000000,0.0000000,0.00,0.0000,0.0000,0.0000,0.0,0.00,0.0,0.00,0.000,0.000,IDLE
2026-08-19T01:34:18.156582,0.0000000,0.0000000,0.00,0.0000,0.0000,0.0000,0.0,0.00,0.0,0.00,0.000,0.000,IDLE
2026-08-19T01:34:19.156531,0.0000000,0.0000000,0.00,0.0000,0.0000,0.0000,0.0,0.00,0.0,0.00,0.000,0.000,IDLE
2026-08-19T01:34:20.156483,0.0000000,0.0000000,0.00,0.0000,0.0000,0.0000,0.0,0.00,0.0,0.00,0.000,0.000,IDLE
2026-08-19T01:34:21.156654,0.0000000,0.0000000,0.00,0.0000,0.0000,0.0000,0.0,0.00,0.0,0.00,0.000,0.000,IDLE
2026-08-19T01:34:22.156588,0.0000000,0.0000000,0.00,0.0000,0.0000,0.0000,0.0,0.00,0.0,0.00,0.000,0.000,IDLE
2026-08-19T01:34:23.156594,0.0000000,0.0000000,0.00,0.0000,0.0000,0.0000,0.0,0.00,0.0,0.00,0.000,0.000,IDLE
2026-08-19T01:34:24.156540,0.0000000,0.0000000,0.00,0.0000,0.0000,0.0000,0.0,0.00,0.0,0.00,0.000,0.000,IDLE
2026-08-19T01:34:25.156535,0.0000000,0.0000000,0.00,0.0000,0.0000,0.0000,0.0,0.00,0.0,0.00,0.000,0.000,IDLE
2026-08-19T01:34:26.156611,0.0000000,0.0000000,0.00,0.0000,0.0000,0.0000,0.0,0.00,0.0,0.00,0.000,0.000,IDLE
2026-08-19T01:34:27.156490,0.0000000,0.0000000,0.00,0.0000,0.0000,0.0000,0.0,0.00,0.0,0.00,0.000,0.000,IDLE
2026-08-19T01:34:28.156467,0.0000000,0.0000000,0.00,0.0000,0.0000,0.0000,0.0,0.00,0.0,0.00,0.000,0.000,IDLE
2026-08-19T01:34:29.156511,0.0000000,0.0000000,0.00,0.0000,0.0000,0.0000,0.0,0.00,0.0,0.00,0.000,0.000,IDLE
2026-08-19T01:34:30.156626,0.0000000,0.0000000,0.00,0.0000,0.0000,0.0000,0.0,0.00,0.0,0.00,0.000,0.000,IDLE
2026-08-19T01:34:31.156620,0.0000000,0.0000000,0.00,0.0000,0.0000,0.0000,0.0,0.00,0.0,0.00,0.000,0.000,IDLE
2026-08-19T01:34:32.156530,0.0000000,0.0000000,0.00,0.0000,0.0000,0.0000,0.0,0.00,0.0,0.00,0.000,0.000,IDLE
2026-08-19T01:34:33.156471,0.0000000,0.0000000,0.00,0.0000,0.0000,0.0000,0.0,0.00,0.0,0.00,0.000,0.000,IDLE
2026-08-19T01:34:34.156602,0.0000000,0.0000000,0.00,0.0000,0.0000,0.0000,0.0,0.00,0.0,0.00,0.000,0.000,IDLE
2026-08-19T01:34:35.156662,0.0000000,0.0000000,0.00,0.0000,0.0000,0.0000,0.0,0.00,0.0,0.00,0.000,0.000,IDLE
2026-08-19T01:34:36.156465,0.0000000,0.0000000,0.00,0.0000,0.0000,0.0000,0.0,0.00,0.0,0.00,0.000,0.000,IDLE
2026-08-19T01:34:37.156481,0.0000000,0.0000000,0.00,0.0000,0.0000,0.0000,0.0,0.00,0.0,0.00,0.000,0.000,IDLE
2026-08-19T01:34:38.156605,0.0000000,0.0000000,0.00,0.0000,0.0000,0.0000,0.0,0.00,0.0,0.00,0.000,0.000,IDLE
2026-08-19T01:34:39.156469,0.0000000,0.0000000,0.00,0.0000,0.0000,0.0000,0.0,0.00,0.0,0.00,0.000,0.000,IDLE
2026-08-19T01:34:40.156569,0.0000000,0.0000000,0.00,0.0000,0.0000,0.0000,0.0,0.00,0.0,0.00,0.000,0.000,IDLE
2026-08-19T01:34:41.156523,0.0000000,0.0000000,0.00,0.0000,0.0000,0.0000,0.0,0.00,0.0,0.00,0.000,0.000,IDLE
2026-08-19T01:34:42.156497,0.0000000,0.0000000,0.00,0.0000,0.0000,0.0000,0.0,0.00,0.0,0.00,0.000,0.000,IDLE
2026-08-19T01:34:43.156667,0.0000000,0.0000000,0.00,0.0000,0.0000,0.0000,0.0,0.00,0.0,0.00,0.000,0.000,IDLE
2026-08-19T01:34:44.156695,0.0000000,0.0000000,0.00,0.0000,0.0000,0.0000,0.0,0.00,0.0,0.00,0.000,0.000,IDLE
2026-08-19T01:34:45.156528,0.0000000,0.0000000,0.00,0.0000,0.0000,0.0000,0.0,0.00,0.0,0.00,0.000,0.000,IDLE
2026-08-19T01:34:46.156486,0.0000000,0.0000000,0.00,0.0000,0.0000,0.0000,0.0,0.00,0.0,0.00,0.000,0.000,IDLE
2026-08-19T01:34:47.156609,0.0000000,0.0000000,0.00,0.0000,0.0000,0.0000,0.0,0.00,0.0,0.00,0.000,0.000,IDLE
2026-08-19T01:34:48.156627,0.0000000,0.0000000,0.00,0.0000,0.0000,0.0000,0.0,0.00,0.0,0.00,0.000,0.000,IDLE
2026-08-19T01:34:49.156577,0.0000000,0.0000000,0.00,0.0000,0.0000,0.0000,0.0,0.00,0.0,0.00,0.000,0.000,IDLE
2026-08-19T01:34:50.156474,0.0000000,0.0000000,0.00,0.0000,0.0000,0.0000,0.0,0.00,0.0,0.00,0.000,0.000,IDLE
2026-08-19T01:34:51.156630,0.0000000,0.0000000,0.00,0.0000,0.0000,0.0000,0.0,0.00,0.0,0.00,0.000,0.000,IDLE
2026-08-19T01:34:52.156638,0.0000000,0.0000000,0.00,0.0000,0.0000,0.0000,0.0,0.00,0.0,0.00,0.000,0.000,IDLE
2026-08-19T01:34:53.156497,0.0000000,0.0000000,0.00,0.0000,0.0000,0.0000,0.0,0.00,0.0,0.00,0.000,0.000,IDLE
2026-08-19T01:34:54.156479,0.0000000,0.0000000,0.00,0.0000,0.0000,0.0000,0.0,0.00,0.0,0.00,0.000,0.000,IDLE
2026-08-19T01:34:55.156609,0.0000000,0.0000000,0.00,0.0000,0.0000,0.0000,0.0,0.00,0.0,0.00,0.000,0.000,IDLE
2026-08-19T01:34:56.156612,0.0000000,0.0000000,0.00,0.0000,0.0000,0.0000,0.0,0.00,0.0,0.00,0.000,0.000,IDLE
2026-08-19T01:34:57.156602,0.0000000,0.0000000,0.00,0.0000,0.0000,0.0000,0.0,0.00,0.0,0.00,0.000,0.000,IDLE
2026-08-19T01:34:58.156494,0.0000000,0.0000000,0.00,0.0000,0.0000,0.0000,0.0,0.00,0.0,0.00,0.000,0.000,IDLE
2026-08-19T01:34:59.156567,0.0000000,0.0000000,0.00,0.0000,0.0000,0.0000,0.0,0.00,0.0,0.00,0.000,0.000,IDLE
2026-08-19T01:35:00.156611,0.0000000,0.0000000,0.00,0.0000,0.0000,0.0000,0.0,0.00,0.0,0.00,0.000,0.000,IDLE
2026-08-19T01:35:01.156599,0.0000000,0.0000000,0.00,0.0000,0.0000,0.0000,0.0,0.00,0.0,0.00,0.000,0.000,IDLE
2026-08-19T01:35:02.156472,0.0000000,0.0000000,0.00,0.0000,0.0000,0.0000,0.0,0.00,0.0,0.00,0.000,0.000,IDLE
2026-08-19T01:35:03.156478,0.0000000,0.0000000,0.00,0.0000,0.0000,0.0000,0.0,0.00,0.0,0.00,0.000,0.000,IDLE
2026-08-19T01:35:04.156596,0.0000000,0.0000000,0.00,0.0000,0.0000,0.0000,0.0,0.00,0.0,0.00,0.000,0.000,IDLE
2026-08-19T01:35:05.156610,0.0000000,0.0000000,0.00,0.0000,0.0000,0.0000,0.0,0.00,0.0,0.00,0.000,0.000,IDLE
2026-08-19T01:35:06.156498,0.0000000,0.0000000,0.00,0.0000,0.0000,0.0000,0.0,0.00,0.0,0.00,0.000,0.000,IDLE
2026-08-19T01:35:07.156471,0.0000000,0.0000000,0.00,0.0000,0.0000,0.0000,0.0,0.00,0.0,0.00,0.000,0.000,IDLE
2026-08-19T01:35:08.156608,0.0000000,0.0000000,0.00,0.0000,0.0000,0.0000,0.0,0.00,0.0,0.00,0.000,0.000,IDLE
2026-08-19T01:35:09.156574,0.0000000,0.0000000,0.00,0.0000,0.0000,0.0000,0.0,0.00,0.0,0.00,0.000,0.000,IDLE
2026-08-19T01:35:10.156499,0.0000000,0.0000000,0.00,0.0000,0.0000,0.0000,0.0,0.00,0.0,0.00,0.000,0.000,IDLE
2026-08-19T01:35:11.156476,0.0000000,0.0000000,0.00,0.0000,0.0000,0.0000,0.0,0.00,0.0,0.00,0.000,0.000,IDLE
2026-08-19T01:35:12.156682,0.0000000,0.0000000,0.00,0.0000,0.0000,0.0000,0.0,0.00,0.0,0.00,0.000,0.000,IDLE
2026-08-19T01:35:13.156462,0.0000000,0.0000000,0.00,0.0000,0.0000,0.0000,0.0,0.00,0.0,0.00,0.000,0.000,IDLE
2026-08-19T01:35:14.157016,0.0000000,0.0000000,0.00,0.0000,0.0000,0.0000,0.0,0.00,0.0,0.00,0.000,0.000,IDLE
2026-08-19T01:35:15.156630,0.0000000,0.0000000,0.00,0.0000,0.0000,0.0000,0.0,0.00,0.0,0.00,0.000,0.000,IDLE
2026-08-19T01:35:16.156477,0.0000000,0.0000000,0.00,0.0000,0.0000,0.0000,0.0,0.00,0.0,0.00,0.000,0.000,IDLE
2026-08-19T01:35:17.156680,0.0000000,0.0000000,0.00,0.0000,0.0000,0.0000,0.0,0.00,0.0,0.00,0.000,0.000,IDLE
2026-08-19T01:35:18.156660,0.0000000,0.0000000,0.00,0.0000,0.0000,0.0000,0.0,0.00,0.0,0.00,0.000,0.000,IDLE
2026-08-19T01:35:19.156516,0.0000000,0.0000000,0.00,0.0000,0.0000,0.0000,0.0,0.00,0.0,0.00,0.000,0.000,IDLE
2026-08-19T01:35:20.156550,0.0000000,0.0000000,0.00,0.0000,0.0000,0.0000,0.0,0.00,0.0,0.00,0.000,0.000,IDLE
2026-08-19T01:35:21.156604,0.0000000,0.0000000,0.00,0.0000,0.0000,0.0000,0.0,0.00,0.0,0.00,0.000,0.000,IDLE
2026-08-19T01:35:22.156616,0.0000000,0.0000000,0.00,0.0000,0.0000,0.0000,0.0,0.00,0.0,0.00,0.000,0.000,IDLE
2026-08-19T01:35:23.156663,0.0000000,0.0000000,0.00,0.0000,0.0000,0.0000,0.0,0.00,0.0,0.00,0.000,0.000,IDLE
2026-08-19T01:35:24.156483,0.0000000,0.0000000,0.00,0.0000,0.0000,0.0000,0.0,0.00,0.0,0.00,0.000,0.000,IDLE
2026-08-19T01:35:25.156595,0.0000000,0.0000000,0.00,0.0000,0.0000,0.0000,0.0,0.00,0.0,0.00,0.000,0.000,IDLE
2026-08-19T01:35:26.156505,0.0000000,0.0000000,0.00,0.0000,0.0000,0.0000,0.0,0.00,0.0,0.00,0.000,0.000,IDLE
2026-08-19T01:35:27.156490,0.0000000,0.0000000,0.00,0.0000,0.0000,0.0000,0.0,0.00,0.0,0.00,0.000,0.000,IDLE
2026-08-19T01:35:28.156603,0.0000000,0.0000000,0.00,0.0000,0.0000,0.0000,0.0,0.00,0.0,0.00,0.000,0.000,IDLE
2026-08-19T01:35:29.156604,0.0000000,0.0000000,0.00,0.0000,0.0000,0.0000,0.0,0.00,0.0,0.00,0.000,0.000,IDLE
2026-08-19T01:35:30.156596,0.0000000,0.0000000,0.00,0.0000,0.0000,0.0000,0.0,0.00,0.0,0.00,0.000,0.000,IDLE
2026-08-19T01:35:31.156641,0.0000000,0.0000000,0.00,0.0000,0.0000,0.0000,0.0,0.00,0.0,0.00,0.000,0.000,IDLE
2026-08-19T01:35:32.156533,0.0000000,0.0000000,0.00,0.0000,0.0000,0.0000,0.0,0.00,0.0,0.00,0.000,0.000,IDLE
2026-08-19T01:35:33.156599,0.0000000,0.0000000,0.00,0.0000,0.0000,0.0000,0.0,0.00,0.0,0.00,0.000,0.000,IDLE
2026-08-19T01:35:34.156609,0.0000000,0.0000000,0.00,0.0000,0.0000,0.0000,0.0,0.00,0.0,0.00,0.000,0.000,IDLE
2026-08-19T01:35:35.156641,0.0000000,0.0000000,0.00,0.0000,0.0000,0.0000,0.0,0.00,0.0,0.00,0.000,0.000,IDLE
2026-08-19T01:35:36.156469,0.0000000,0.0000000,0.00,0.0000,0.0000,0.0000,0.0,0.00,0.0,0.00,0.000,0.000,IDLE
2026-08-19T01:35:37.156605,0.0000000,0.0000000,0.00,0.0000,0.0000,0.0000,0.0,0.00,0.0,0.00,0.000,0.000,IDLE
2026-08-19T01:35:38.156601,0.0000000,0.0000000,0.00,0.0000,0.0000,0.0000,0.0,0.00,0.0,0.00,0.000,0.000,IDLE
2026-08-19T01:35:39.156606,0.0000000,0.0000000,0.00,0.0000,0.0000,0.0000,0.0,0.00,0.0,0.00,0.000,0.000,IDLE
2026-08-19T01:35:40.156620,0.0000000,0.0000000,0.00,0.0000,0.0000,0.0000,0.0,0.00,0.0,0.00,0.000,0.000,IDLE
2026-08-19T01:35:41.156598,0.0000000,0.0000000,0.00,0.0000,0.0000,0.0000,0.0,0.00,0.0,0.00,0.000,0.000,IDLE
2026-08-19T01:35:42.156585,0.0000000,0.0000000,0.00,0.0000,0.0000,0.0000,0.0,0.00,0.0,0.00,0.000,0.000,IDLE
2026-08-19T01:35:43.156617,0.0000000,0.0000000,0.00,0.0000,0.0000,0.0000,0.0,0.00,0.0,0.00,0.000,0.000,IDLE
2026-08-19T01:35:44.156483,0.0000000,0.0000000,0.00,0.0000,0.0000,0.0000,0.0,0.00,0.0,0.00,0.000,0.000,IDLE
2026-08-19T01:35:45.156479,0.0000000,0.0000000,0.00,0.0000,0.0000,0.0000,0.0,0.00,0.0,0.00,0.000,0.000,IDLE
2026-08-19T01:35:46.156684,0.0000000,0.0000000,0.00,0.0000,0.0000,0.0000,0.0,0.00,0.0,0.00,0.000,0.000,IDLE
2026-08-19T01:35:47.156659,0.0000000,0.0000000,0.00,0.0000,0.0000,0.0000,0.0,0.00,0.0,0.00,0.000,0.000,IDLE
2026-08-19T01:35:48.156754,0.0000000,0.0000000,0.00,0.0000,0.0000,0.0000,0.0,0.00,0.0,0.00,0.000,0.000,IDLE
2026-08-19T01:35:49.156513,0.0000000,0.0000000,0.00,0.0000,0.0000,0.0000,0.0,0.00,0.0,0.00,0.000,0.000,IDLE
2026-08-19T01:35:50.156471,0.0000000,0.0000000,0.00,0.0000,0.0000,0.0000,0.0,0.00,0.0,0.00,0.000,0.000,IDLE
2026-08-19T01:35:51.156613,0.0000000,0.0000000,0.00,0.0000,0.0000,0.0000,0.0,0.00,0.0,0.00,0.000,0.000,IDLE
2026-08-19T01:35:52.156613,0.0000000,0.0000000,0.00,0.0000,0.0000,0.0000,0.0,0.00,0.0,0.00,0.000,0.000,IDLE
2026-08-19T01:35:53.156472,0.0000000,0.0000000,0.00,0.0000,0.0000,0.0000,0.0,0.00,0.0,0.00,0.000,0.000,IDLE
2026-08-19T01:35:54.156501,0.0000000,0.0000000,0.00,0.0000,0.0000,0.0000,0.0,0.00,0.0,0.00,0.000,0.000,IDLE
2026-08-19T01:35:55.156703,0.0000000,0.0000000,0.00,0.0000,0.0000,0.0000,0.0,0.00,0.0,0.00,0.000,0.000,IDLE
2026-08-19T01:35:56.156627,0.0000000,0.0000000,0.00,0.0000,0.0000,0.0000,0.0,0.00,0.0,0.00,0.000,0.000,IDLE
2026-08-19T01:35:57.156527,0.0000000,0.0000000,0.00,0.0000,0.0000,0.0000,0.0,0.00,0.0,0.00,0.000,0.000,IDLE
2026-08-19T01:35:58.156477,0.0000000,0.0000000,0.00,0.0000,0.0000,0.0000,0.0,0.00,0.0,0.00,0.000,0.000,IDLE
2026-08-19T01:35:59.156614,0.0000000,0.0000000,0.00,0.0000,0.0000,0.0000,0.0,0.00,0.0,0.00,0.000,0.000,IDLE
2026-08-19T01:36:00.156684,0.0000000,0.0000000,0.00,0.0000,0.0000,0.0000,0.0,0.00,0.0,0.00,0.000,0.000,IDLE
2026-08-19T01:36:01.156502,0.0000000,0.0000000,0.00,0.0000,0.0000,0.0000,0.0,0.00,0.0,0.00,0.000,0.000,IDLE
2026-08-19T01:36:02.156485,0.0000000,0.0000000,0.00,0.0000,0.0000,0.0000,0.0,0.00,0.0,0.00,0.000,0.000,IDLE
2026-08-19T01:36:03.156566,0.0000000,0.0000000,0.00,0.0000,0.0000,0.0000,0.0,0.00,0.0,0.00,0.000,0.000,IDLE
2026-08-19T01:36:04.156625,0.0000000,0.0000000,0.00,0.0000,0.0000,0.0000,0.0,0.00,0.0,0.00,0.000,0.000,IDLE
2026-08-19T01:36:05.156564,0.0000000,0.0000000,0.00,0.0000,0.0000,0.0000,0.0,0.00,0.0,0.00,0.000,0.000,IDLE
2026-08-19T01:36:06.156530,0.0000000,0.0000000,0.00,0.0000,0.0000,0.0000,0.0,0.00,0.0,0.00,0.000,0.000,IDLE
2026-08-19T01:36:07.156558,0.0000000,0.0000000,0.00,0.0000,0.0000,0.0000,0.0,0.00,0.0,0.00,0.000,0.000,IDLE
2026-08-19T01:36:08.156573,0.0000000,0.0000000,0.00,0.0000,0.0000,0.0000,0.0,0.00,0.0,0.00,0.000,0.000,IDLE
2026-08-19T01:36:09.156608,0.0000000,0.0000000,0.00,0.0000,0.0000,0.0000,0.0,0.00,0.0,0.00,0.000,0.000,IDLE
2026-08-19T01:36:10.156480,0.0000000,0.0000000,0.00,0.0000,0.0000,0.0000,0.0,0.00,0.0,0.00,0.000,0.000,IDLE
2026-08-19T01:36:11.156516,0.0000000,0.0000000,0.00,0.0000,0.0000,0.0000,0.0,0.00,0.0,0.00,0.000,0.000,IDLE
2026-08-19T01:36:12.156618,0.0000000,0.0000000,0.00,0.0000,0.0000,0.0000,0.0,0.00,0.0,0.00,0.000,0.000,IDLE
2026-08-19T01:36:13.156616,0.0000000,0.0000000,0.00,0.0000,0.0000,0.0000,0.0,0.00,0.0,0.00,0.000,0.000,IDLE
2026-08-19T01:36:14.156502,0.0000000,0.0000000,0.00,0.0000,0.0000,0.0000,0.0,0.00,0.0,0.00,0.000,0.000,IDLE
2026-08-19T01:36:15.156570,0.0000000,0.0000000,0.00,0.0000,0.0000,0.0000,0.0,0.00,0.0,0.00,0.000,0.000,IDLE
2026-08-19T01:36:16.156581,0.0000000,0.0000000,0.00,0.0000,0.0000,0.0000,0.0,0.00,0.0,0.00,0.000,0.000,IDLE
2026-08-19T01:36:17.156640,0.0000000,0.0000000,0.00,0.0000,0.0000,0.0000,0.0,0.00,0.0,0.00,0.000,0.000,IDLE
2026-08-19T01:36:18.156589,0.0000000,0.0000000,0.00,0.0000,0.0000,0.0000,0.0,0.00,0.0,0.00,0.000,0.000,IDLE
2026-08-19T01:36:19.156503,0.0000000,0.0000000,0.00,0.0000,0.0000,0.0000,0.0,0.00,0.0,0.00,0.000,0.000,IDLE
2026-08-19T01:36:20.156578,0.0000000,0.0000000,0.00,0.0000,0.0000,0.0000,0.0,0.00,0.0,0.00,0.000,0.000,IDLE
2026-08-19T01:36:21.156630,0.0000000,0.0000000,0.00,0.0000,0.0000,0.0000,0.0,0.00,0.0,0.00,0.000,0.000,IDLE
2026-08-19T01:36:22.156640,0.0000000,0.0000000,0.00,0.0000,0.0000,0.0000,0.0,0.00,0.0,0.00,0.000,0.000,IDLE
2026-08-19T01:36:23.156653,0.0000000,0.0000000,0.00,0.0000,0.0000,0.0000,0.0,0.00,0.0,0.00,0.000,0.000,IDLE
2026-08-19T01:36:24.156590,0.0000000,0.0000000,0.00,0.0000,0.0000,0.0000,0.0,0.00,0.0,0.00,0.000,0.000,IDLE
2026-08-19T01:36:25.156587,0.0000000,0.0000000,0.00,0.0000,0.0000,0.0000,0.0,0.00,0.0,0.00,0.000,0.000,IDLE
2026-08-19T01:36:26.156587,0.0000000,0.0000000,0.00,0.0000,0.0000,0.0000,0.0,0.00,0.0,0.00,0.000,0.000,IDLE
2026-08-19T01:36:27.156558,0.0000000,0.0000000,0.00,0.0000,0.0000,0.0000,0.0,0.00,0.0,0.00,0.000,0.000,IDLE
2026-08-19T01:36:28.156493,0.0000000,0.0000000,0.00,0.0000,0.0000,0.0000,0.0,0.00,0.0,0.00,0.000,0.000,IDLE
2026-08-19T01:36:29.156558,0.0000000,0.0000000,0.00,0.0000,0.0000,0.0000,0.0,0.00,0.0,0.00,0.000,0.000,IDLE
2026-08-19T01:36:30.156587,0.0000000,0.0000000,0.00,0.0000,0.0000,0.0000,0.0,0.00,0.0,0.00,0.000,0.000,IDLE
2026-08-19T01:36:31.156569,0.0000000,0.0000000,0.00,0.0000,0.0000,0.0000,0.0,0.00,0.0,0.00,0.000,0.000,IDLE
2026-08-19T01:36:32.156490,0.0000000,0.0000000,0.00,0.0000,0.0000,0.0000,0.0,0.00,0.0,0.00,0.000,0.000,IDLE
2026-08-19T01:36:33.156595,0.0000000,0.0000000,0.00,0.0000,0.0000,0.0000,0.0,0.00,0.0,0.00,0.000,0.000,IDLE
2026-08-19T01:36:34.156535,0.0000000,0.0000000,0.00,0.0000,0.0000,0.0000,0.0,0.00,0.0,0.00,0.000,0.000,IDLE
2026-08-19T01:36:35.156585,0.0000000,0.0000000,0.00,0.0000,0.0000,0.0000,0.0,0.00,0.0,0.00,0.000,0.000,IDLE
2026-08-19T01:36:36.156524,0.0000000,0.0000000,0.00,0.0000,0.0000,0.0000,0.0,0.00,0.0,0.00,0.000,0.000,IDLE
2026-08-19T01:36:37.156662,0.0000000,0.0000000,0.00,0.0000,0.0000,0.0000,0.0,0.00,0.0,0.00,0.000,0.000,IDLE
2026-08-19T01:36:38.156591,0.0000000,0.0000000,0.00,0.0000,0.0000,0.0000,0.0,0.00,0.0,0.00,0.000,0.000,IDLE
2026-08-19T01:36:39.156544,0.0000000,0.0000000,0.00,0.0000,0.0000,0.0000,0.0,0.00,0.0,0.00,0.000,0.000,IDLE
2026-08-19T01:36:40.156512,0.0000000,0.0000000,0.00,0.0000,0.0000,0.0000,0.0,0.00,0.0,0.00,0.000,0.000,IDLE
2026-08-19T01:36:41.156498,0.0000000,0.0000000,0.00,0.0000,0.0000,0.0000,0.0,0.00,0.0,0.00,0.000,0.000,IDLE
2026-08-19T01:36:42.156657,0.0000000,0.0000000,0.00,0.0000,0.0000,0.0000,0.0,0.00,0.0,0.00,0.000,0.000,IDLE
2026-08-19T01:36:43.156512,0.0000000,0.0000000,0.00,0.0000,0.0000,0.0000,0.0,0.00,0.0,0.00,0.000,0.000,IDLE
2026-08-19T01:36:44.156505,0.0000000,0.0000000,0.00,0.0000,0.0000,0.0000,0.0,0.00,0.0,0.00,0.000,0.000,IDLE
2026-08-19T01:36:45.156972,0.0000000,0.0000000,0.00,0.0000,0.0000,0.0000,0.0,0.00,0.0,0.00,0.000,0.000,IDLE
2026-08-19T01:36:46.156595,0.0000000,0.0000000,0.00,0.0000,0.0000,0.0000,0.0,0.00,0.0,0.00,0.000,0.000,IDLE
2026-08-19T01:36:47.156573,0.0000000,0.0000000,0.00,0.0000,0.0000,0.0000,0.0,0.00,0.0,0.00,0.000,0.000,IDLE
2026-08-19T01:36:48.156556,0.0000000,0.0000000,0.00,0.0000,0.0000,0.0000,0.0,0.00,0.0,0.00,0.000,0.000,IDLE
2026-08-19T01:36:49.158992,0.0000000,0.0000000,0.00,0.0000,0.0000,0.0000,0.0,0.00,0.0,0.00,0.000,0.000,IDLE
2026-08-19T01:36:50.157324,0.0000000,0.0000000,0.00,0.0000,0.0000,0.0000,0.0,0.00,0.0,0.00,0.000,0.000,IDLE
2026-08-19T01:36:51.156560,0.0000000,0.0000000,0.00,0.0000,0.0000,0.0000,0.0,0.00,0.0,0.00,0.000,0.000,IDLE
2026-08-19T01:36:52.156576,0.0000000,0.0000000,0.00,0.0000,0.0000,0.0000,0.0,0.00,0.0,0.00,0.000,0.000,IDLE
2026-08-19T01:36:53.156496,0.0000000,0.0000000,0.00,0.0000,0.0000,0.0000,0.0,0.00,0.0,0.00,0.000,0.000,IDLE
2026-08-19T01:36:54.156744,0.0000000,0.0000000,0.00,0.0000,0.0000,0.0000,0.0,0.00,0.0,0.00,0.000,0.000,IDLE
2026-08-19T01:36:55.156845,0.0000000,0.0000000,0.00,0.0000,0.0000,0.0000,0.0,0.00,0.0,0.00,0.000,0.000,IDLE
2026-08-19T01:36:56.156774,0.0000000,0.0000000,0.00,0.0000,0.0000,0.0000,0.0,0.00,0.0,0.00,0.000,0.000,IDLE
2026-08-19T01:36:57.156514,0.0000000,0.0000000,0.00,0.0000,0.0000,0.0000,0.0,0.00,0.0,0.00,0.000,0.000,IDLE
2026-08-19T01:36:58.156502,0.0000000,0.0000000,0.00,0.0000,0.0000,0.0000,0.0,0.00,0.0,0.00,0.000,0.000,IDLE
2026-08-19T01:36:59.156475,0.0000000,0.0000000,0.00,0.0000,0.0000,0.0000,0.0,0.00,0.0,0.00,0.000,0.000,IDLE
2026-08-19T01:37:00.156525,0.0000000,0.0000000,0.00,0.0000,0.0000,0.0000,0.0,0.00,0.0,0.00,0.000,0.000,IDLE
2026-08-19T01:37:01.156637,0.0000000,0.0000000,0.00,0.0000,0.0000,0.0000,0.0,0.00,0.0,0.00,0.000,0.000,IDLE
2026-08-19T01:37:02.156707,0.0000000,0.0000000,0.00,0.0000,0.0000,0.0000,0.0,0.00,0.0,0.00,0.000,0.000,IDLE
2026-08-19T01:37:03.156585,0.0000000,0.0000000,0.00,0.0000,0.0000,0.0000,0.0,0.00,0.0,0.00,0.000,0.000,IDLE
2026-08-19T01:37:04.156576,0.0000000,0.0000000,0.00,0.0000,0.0000,0.0000,0.0,0.00,0.0,0.00,0.000,0.000,IDLE
2026-08-19T01:37:05.156772,0.0000000,0.0000000,0.00,0.0000,0.0000,0.0000,0.0,0.00,0.0,0.00,0.000,0.000,IDLE
2026-08-19T01:37:06.156689,0.0000000,0.0000000,0.00,0.0000,0.0000,0.0000,0.0,0.00,0.0,0.00,0.000,0.000,IDLE
2026-08-19T01:37:07.156623,0.0000000,0.0000000,0.00,0.0000,0.0000,0.0000,0.0,0.00,0.0,0.00,0.000,0.000,IDLE
2026-08-19T01:37:08.156584,0.0000000,0.0000000,0.00,0.0000,0.0000,0.0000,0.0,0.00,0.0,0.00,0.000,0.000,IDLE
2026-08-19T01:37:09.156662,0.0000000,0.0000000,0.00,0.0000,0.0000,0.0000,0.0,0.00,0.0,0.00,0.000,0.000,IDLE
2026-08-19T01:37:10.156591,0.0000000,0.0000000,0.00,0.0000,0.0000,0.0000,0.0,0.00,0.0,0.00,0.000,0.000,IDLE
2026-08-19T01:37:11.156564,0.0000000,0.0000000,0.00,0.0000,0.0000,0.0000,0.0,0.00,0.0,0.00,0.000,0.000,IDLE
2026-08-19T01:37:12.156492,0.0000000,0.0000000,0.00,0.0000,0.0000,0.0000,0.0,0.00,0.0,0.00,0.000,0.000,IDLE
2026-08-19T01:37:13.156759,0.0000000,0.0000000,0.00,0.0000,0.0000,0.0000,0.0,0.00,0.0,0.00,0.000,0.000,IDLE
2026-08-19T01:37:14.156621,0.0000000,0.0000000,0.00,0.0000,0.0000,0.0000,0.0,0.00,0.0,0.00,0.000,0.000,IDLE
2026-08-19T01:37:15.156590,0.0000000,0.0000000,0.00,0.0000,0.0000,0.0000,0.0,0.00,0.0,0.00,0.000,0.000,IDLE
2026-08-19T01:37:16.156537,0.0000000,0.0000000,0.00,0.0000,0.0000,0.0000,0.0,0.00,0.0,0.00,0.000,0.000,IDLE
2026-08-19T01:37:17.156512,0.0000000,0.0000000,0.00,0.0000,0.0000,0.0000,0.0,0.00,0.0,0.00,0.000,0.000,IDLE
2026-08-19T01:37:18.156575,0.0000000,0.0000000,0.00,0.0000,0.0000,0.0000,0.0,0.00,0.0,0.00,0.000,0.000,IDLE
2026-08-19T01:37:19.156623,0.0000000,0.0000000,0.00,0.0000,0.0000,0.0000,0.0,0.00,0.0,0.00,0.000,0.000,IDLE
2026-08-19T01:37:20.156587,0.0000000,0.0000000,0.00,0.0000,0.0000,0.0000,0.0,0.00,0.0,0.00,0.000,0.000,IDLE
2026-08-19T01:37:21.156556,0.0000000,0.0000000,0.00,0.0000,0.0000,0.0000,0.0,0.00,0.0,0.00,0.000,0.000,IDLE
2026-08-19T01:37:22.156682,0.0000000,0.0000000,0.00,0.0000,0.0000,0.0000,0.0,0.00,0.0,0.00,0.000,0.000,IDLE
2026-08-19T01:37:23.156696,0.0000000,0.0000000,0.00,0.0000,0.0000,0.0000,0.0,0.00,0.0,0.00,0.000,0.000,IDLE
2026-08-19T01:37:24.156905,0.0000000,0.0000000,0.00,0.0000,0.0000,0.0000,0.0,0.00,0.0,0.00,0.000,0.000,IDLE
2026-08-19T01:37:25.156623,0.0000000,0.0000000,0.00,0.0000,0.0000,0.0000,0.0,0.00,0.0,0.00,0.000,0.000,IDLE
2026-08-19T01:37:26.156667,0.0000000,0.0000000,0.00,0.0000,0.0000,0.0000,0.0,0.00,0.0,0.00,0.000,0.000,IDLE
2026-08-19T01:37:27.156631,0.0000000,0.0000000,0.00,0.0000,0.0000,0.0000,0.0,0.00,0.0,0.00,0.000,0.000,IDLE
2026-08-19T01:37:28.156763,0.0000000,0.0000000,0.00,0.0000,0.0000,0.0000,0.0,0.00,0.0,0.00,0.000,0.000,IDLE
2026-08-19T01:37:29.156575,0.0000000,0.0000000,0.00,0.0000,0.0000,0.0000,0.0,0.00,0.0,0.00,0.000,0.000,IDLE
2026-08-19T01:37:30.156539,0.0000000,0.0000000,0.00,0.0000,0.0000,0.0000,0.0,0.00,0.0,0.00,0.000,0.000,IDLE
2026-08-19T01:37:31.156850,0.0000000,0.0000000,0.00,0.0000,0.0000,0.0000,0.0,0.00,0.0,0.00,0.000,0.000,IDLE
2026-08-19T01:37:32.156613,0.0000000,0.0000000,0.00,0.0000,0.0000,0.0000,0.0,0.00,0.0,0.00,0.000,0.000,IDLE
2026-08-19T01:37:33.156534,0.0000000,0.0000000,0.00,0.0000,0.0000,0.0000,0.0,0.00,0.0,0.00,0.000,0.000,IDLE
2026-08-19T01:37:34.156809,0.0000000,0.0000000,0.00,0.0000,0.0000,0.0000,0.0,0.00,0.0,0.00,0.000,0.000,IDLE
2026-08-19T01:37:35.156584,0.0000000,0.0000000,0.00,0.0000,0.0000,0.0000,0.0,0.00,0.0,0.00,0.000,0.000,IDLE
2026-08-19T01:37:36.156577,0.0000000,0.0000000,0.00,0.0000,0.0000,0.0000,0.0,0.00,0.0,0.00,0.000,0.000,IDLE
2026-08-19T01:37:37.156675,0.0000000,0.0000000,0.00,0.0000,0.0000,0.0000,0.0,0.00,0.0,0.00,0.000,0.000,IDLE
2026-08-19T01:37:38.157123,0.0000000,0.0000000,0.00,0.0000,0.0000,0.0000,0.0,0.00,0.0,0.00,0.000,0.000,IDLE
2026-08-19T01:37:39.156541,0.0000000,0.0000000,0.00,0.0000,0.0000,0.0000,0.0,0.00,0.0,0.00,0.000,0.000,IDLE
2026-08-19T01:37:40.156650,0.0000000,0.0000000,0.00,0.0000,0.0000,0.0000,0.0,0.00,0.0,0.00,0.000,0.000,IDLE
2026-08-19T01:37:41.156569,0.0000000,0.0000000,0.00,0.0000,0.0000,0.0000,0.0,0.00,0.0,0.00,0.000,0.000,IDLE
2026-08-19T01:37:42.156544,0.0000000,0.0000000,0.00,0.0000,0.0000,0.0000,0.0,0.00,0.0,0.00,0.000,0.000,IDLE
2026-08-19T01:37:43.156682,0.0000000,0.0000000,0.00,0.0000,0.0000,0.0000,0.0,0.00,0.0,0.00,0.000,0.000,IDLE
2026-08-19T01:37:44.156579,0.0000000,0.0000000,0.00,0.0000,0.0000,0.0000,0.0,0.00,0.0,0.00,0.000,0.000,IDLE
2026-08-19T01:37:45.156659,0.0000000,0.0000000,0.00,0.0000,0.0000,0.0000,0.0,0.00,0.0,0.00,0.000,0.000,IDLE
2026-08-19T01:37:46.156539,0.0000000,0.0000000,0.00,0.0000,0.0000,0.0000,0.0,0.00,0.0,0.00,0.000,0.000,IDLE
2026-08-19T01:37:47.156891,0.0000000,0.0000000,0.00,0.0000,0.0000,0.0000,0.0,0.00,0.0,0.00,0.000,0.000,IDLE
2026-08-19T01:37:48.156530,0.0000000,0.0000000,0.00,0.0000,0.0000,0.0000,0.0,0.00,0.0,0.00,0.000,0.000,IDLE
2026-08-19T01:37:49.156715,0.0000000,0.0000000,0.00,0.0000,0.0000,0.0000,0.0,0.00,0.0,0.00,0.000,0.000,IDLE
2026-08-19T01:37:50.156540,0.0000000,0.0000000,0.00,0.0000,0.0000,0.0000,0.0,0.00,0.0,0.00,0.000,0.000,IDLE
2026-08-19T01:37:51.156494,0.0000000,0.0000000,0.00,0.0000,0.0000,0.0000,0.0,0.00,0.0,0.00,0.000,0.000,IDLE
2026-08-19T01:37:52.156610,0.0000000,0.0000000,0.00,0.0000,0.0000,0.0000,0.0,0.00,0.0,0.00,0.000,0.000,IDLE
2026-08-19T01:37:53.156543,0.0000000,0.0000000,0.00,0.0000,0.0000,0.0000,0.0,0.00,0.0,0.00,0.000,0.000,IDLE
2026-08-19T01:37:54.156647,0.0000000,0.0000000,0.00,0.0000,0.0000,0.0000,0.0,0.00,0.0,0.00,0.000,0.000,IDLE
2026-08-19T01:37:55.156930,0.0000000,0.0000000,0.00,0.0000,0.0000,0.0000,0.0,0.00,0.0,0.00,0.000,0.000,IDLE
2026-08-19T01:37:56.156565,0.0000000,0.0000000,0.00,0.0000,0.0000,0.0000,0.0,0.00,0.0,0.00,0.000,0.000,IDLE
2026-08-19T01:37:57.156522,0.0000000,0.0000000,0.00,0.0000,0.0000,0.0000,0.0,0.00,0.0,0.00,0.000,0.000,IDLE
2026-08-19T01:37:58.156520,0.0000000,0.0000000,0.00,0.0000,0.0000,0.0000,0.0,0.00,0.0,0.00,0.000,0.000,IDLE
2026-08-19T01:37:59.156645,0.0000000,0.0000000,0.00,0.0000,0.0000,0.0000,0.0,0.00,0.0,0.00,0.000,0.000,IDLE
2026-08-19T01:38:00.156513,0.0000000,0.0000000,0.00,0.0000,0.0000,0.0000,0.0,0.00,0.0,0.00,0.000,0.000,IDLE
2026-08-19T01:38:01.156497,0.0000000,0.0000000,0.00,0.0000,0.0000,0.0000,0.0,0.00,0.0,0.00,0.000,0.000,IDLE
2026-08-19T01:38:02.157429,0.0000000,0.0000000,0.00,0.0000,0.0000,0.0000,0.0,0.00,0.0,0.00,0.000,0.000,IDLE
2026-08-19T01:38:03.156511,0.0000000,0.0000000,0.00,0.0000,0.0000,0.0000,0.0,0.00,0.0,0.00,0.000,0.000,IDLE
2026-08-19T01:38:04.156530,0.0000000,0.0000000,0.00,0.0000,0.0000,0.0000,0.0,0.00,0.0,0.00,0.000,0.000,IDLE
2026-08-19T01:38:05.156475,0.0000000,0.0000000,0.00,0.0000,0.0000,0.0000,0.0,0.00,0.0,0.00,0.000,0.000,IDLE
2026-08-19T01:38:06.156522,0.0000000,0.0000000,0.00,0.0000,0.0000,0.0000,0.0,0.00,0.0,0.00,0.000,0.000,IDLE
2026-08-19T01:38:07.156535,0.0000000,0.0000000,0.00,0.0000,0.0000,0.0000,0.0,0.00,0.0,0.00,0.000,0.000,IDLE
2026-08-19T01:38:08.157383,0.0000000,0.0000000,0.00,0.0000,0.0000,0.0000,0.0,0.00,0.0,0.00,0.000,0.000,IDLE
2026-08-19T01:38:09.156509,0.0000000,0.0000000,0.00,0.0000,0.0000,0.0000,0.0,0.00,0.0,0.00,0.000,0.000,IDLE
2026-08-19T01:38:10.156538,0.0000000,0.0000000,0.00,0.0000,0.0000,0.0000,0.0,0.00,0.0,0.00,0.000,0.000,IDLE
2026-08-19T01:38:11.156528,0.0000000,0.0000000,0.00,0.0000,0.0000,0.0000,0.0,0.00,0.0,0.00,0.000,0.000,IDLE
2026-08-19T01:38:12.156658,0.0000000,0.0000000,0.00,0.0000,0.0000,0.0000,0.0,0.00,0.0,0.00,0.000,0.000,IDLE
2026-08-19T01:38:13.156932,0.0000000,0.0000000,0.00,0.0000,0.0000,0.0000,0.0,0.00,0.0,0.00,0.000,0.000,IDLE
2026-08-19T01:38:14.158918,0.0000000,0.0000000,0.00,0.0000,0.0000,0.0000,0.0,0.00,0.0,0.00,0.000,0.000,IDLE
2026-08-19T01:38:15.156566,0.0000000,0.0000000,0.00,0.0000,0.0000,0.0000,0.0,0.00,0.0,0.00,0.000,0.000,IDLE
2026-08-19T01:38:16.156676,0.0000000,0.0000000,0.00,0.0000,0.0000,0.0000,0.0,0.00,0.0,0.00,0.000,0.000,IDLE
2026-08-19T01:38:17.156582,0.0000000,0.0000000,0.00,0.0000,0.0000,0.0000,0.0,0.00,0.0,0.00,0.000,0.000,IDLE
2026-08-19T01:38:18.156609,0.0000000,0.0000000,0.00,0.0000,0.0000,0.0000,0.0,0.00,0.0,0.00,0.000,0.000,IDLE
2026-08-19T01:38:19.156518,0.0000000,0.0000000,0.00,0.0000,0.0000,0.0000,0.0,0.00,0.0,0.00,0.000,0.000,IDLE
2026-08-19T01:38:20.156503,0.0000000,0.0000000,0.00,0.0000,0.0000,0.0000,0.0,0.00,0.0,0.00,0.000,0.000,IDLE
2026-08-19T01:38:21.156582,0.0000000,0.0000000,0.00,0.0000,0.0000,0.0000,0.0,0.00,0.0,0.00,0.000,0.000,IDLE
2026-08-19T01:38:22.156606,0.0000000,0.0000000,0.00,0.0000,0.0000,0.0000,0.0,0.00,0.0,0.00,0.000,0.000,IDLE
2026-08-19T01:38:23.156611,0.0000000,0.0000000,0.00,0.0000,0.0000,0.0000,0.0,0.00,0.0,0.00,0.000,0.000,IDLE
2026-08-19T01:38:24.156609,0.0000000,0.0000000,0.00,0.0000,0.0000,0.0000,0.0,0.00,0.0,0.00,0.000,0.000,IDLE
2026-08-19T01:38:25.156726,0.0000000,0.0000000,0.00,0.0000,0.0000,0.0000,0.0,0.00,0.0,0.00,0.000,0.000,IDLE
2026-08-19T01:38:26.156576,0.0000000,0.0000000,0.00,0.0000,0.0000,0.0000,0.0,0.00,0.0,0.00,0.000,0.000,IDLE
2026-08-19T01:38:27.156683,0.0000000,0.0000000,0.00,0.0000,0.0000,0.0000,0.0,0.00,0.0,0.00,0.000,0.000,IDLE
2026-08-19T01:38:28.156508,0.0000000,0.0000000,0.00,0.0000,0.0000,0.0000,0.0,0.00,0.0,0.00,0.000,0.000,IDLE
2026-08-19T01:38:29.156618,0.0000000,0.0000000,0.00,0.0000,0.0000,0.0000,0.0,0.00,0.0,0.00,0.000,0.000,IDLE
2026-08-19T01:38:30.156603,0.0000000,0.0000000,0.00,0.0000,0.0000,0.0000,0.0,0.00,0.0,0.00,0.000,0.000,IDLE
2026-08-19T01:38:31.156676,0.0000000,0.0000000,0.00,0.0000,0.0000,0.0000,0.0,0.00,0.0,0.00,0.000,0.000,IDLE
2026-08-19T01:38:32.156544,0.0000000,0.0000000,0.00,0.0000,0.0000,0.0000,0.0,0.00,0.0,0.00,0.000,0.000,IDLE
2026-08-19T01:38:33.156600,0.0000000,0.0000000,0.00,0.0000,0.0000,0.0000,0.0,0.00,0.0,0.00,0.000,0.000,IDLE
2026-08-19T01:38:34.156612,0.0000000,0.0000000,0.00,0.0000,0.0000,0.0000,0.0,0.00,0.0,0.00,0.000,0.000,IDLE
2026-08-19T01:38:35.156913,0.0000000,0.0000000,0.00,0.0000,0.0000,0.0000,0.0,0.00,0.0,0.00,0.000,0.000,IDLE
2026-08-19T01:38:36.156583,0.0000000,0.0000000,0.00,0.0000,0.0000,0.0000,0.0,0.00,0.0,0.00,0.000,0.000,IDLE
2026-08-19T01:38:37.156591,0.0000000,0.0000000,0.00,0.0000,0.0000,0.0000,0.0,0.00,0.0,0.00,0.000,0.000,IDLE
2026-08-19T01:38:38.156574,0.0000000,0.0000000,0.00,0.0000,0.0000,0.0000,0.0,0.00,0.0,0.00,0.000,0.000,IDLE
2026-08-19T01:38:39.156589,0.0000000,0.0000000,0.00,0.0000,0.0000,0.0000,0.0,0.00,0.0,0.00,0.000,0.000,IDLE
2026-08-19T01:38:40.156609,0.0000000,0.0000000,0.00,0.0000,0.0000,0.0000,0.0,0.00,0.0,0.00,0.000,0.000,IDLE
2026-08-19T01:38:41.156495,0.0000000,0.0000000,0.00,0.0000,0.0000,0.0000,0.0,0.00,0.0,0.00,0.000,0.000,IDLE
2026-08-19T01:38:42.156646,0.0000000,0.0000000,0.00,0.0000,0.0000,0.0000,0.0,0.00,0.0,0.00,0.000,0.000,IDLE
2026-08-19T01:38:43.156612,0.0000000,0.0000000,0.00,0.0000,0.0000,0.0000,0.0,0.00,0.0,0.00,0.000,0.000,IDLE
2026-08-19T01:38:44.156557,0.0000000,0.0000000,0.00,0.0000,0.0000,0.0000,0.0,0.00,0.0,0.00,0.000,0.000,IDLE
2026-08-19T01:38:45.156514,0.0000000,0.0000000,0.00,0.0000,0.0000,0.0000,0.0,0.00,0.0,0.00,0.000,0.000,IDLE
2026-08-19T01:38:46.156493,0.0000000,0.0000000,0.00,0.0000,0.0000,0.0000,0.0,0.00,0.0,0.00,0.000,0.000,IDLE
2026-08-19T01:38:47.156563,0.0000000,0.0000000,0.00,0.0000,0.0000,0.0000,0.0,0.00,0.0,0.00,0.000,0.000,IDLE
2026-08-19T01:38:48.156505,0.0000000,0.0000000,0.00,0.0000,0.0000,0.0000,0.0,0.00,0.0,0.00,0.000,0.000,IDLE
2026-08-19T01:38:49.156667,0.0000000,0.0000000,0.00,0.0000,0.0000,0.0000,0.0,0.00,0.0,0.00,0.000,0.000,IDLE
2026-08-19T01:38:50.156551,0.0000000,0.0000000,0.00,0.0000,0.0000,0.0000,0.0,0.00,0.0,0.00,0.000,0.000,IDLE
2026-08-19T01:38:51.156638,0.0000000,0.0000000,0.00,0.0000,0.0000,0.0000,0.0,0.00,0.0,0.00,0.000,0.000,IDLE
2026-08-19T01:38:52.156605,0.0000000,0.0000000,0.00,0.0000,0.0000,0.0000,0.0,0.00,0.0,0.00,0.000,0.000,IDLE
2026-08-19T01:38:53.156597,0.0000000,0.0000000,0.00,0.0000,0.0000,0.0000,0.0,0.00,0.0,0.00,0.000,0.000,IDLE
2026-08-19T01:38:54.156530,0.0000000,0.0000000,0.00,0.0000,0.0000,0.0000,0.0,0.00,0.0,0.00,0.000,0.000,IDLE
2026-08-19T01:38:55.156776,0.0000000,0.0000000,0.00,0.0000,0.0000,0.0000,0.0,0.00,0.0,0.00,0.000,0.000,IDLE
2026-08-19T01:38:56.156527,0.0000000,0.0000000,0.00,0.0000,0.0000,0.0000,0.0,0.00,0.0,0.00,0.000,0.000,IDLE
2026-08-19T01:38:57.156558,0.0000000,0.0000000,0.00,0.0000,0.0000,0.0000,0.0,0.00,0.0,0.00,0.000,0.000,IDLE
2026-08-19T01:38:58.156497,0.0000000,0.0000000,0.00,0.0000,0.0000,0.0000,0.0,0.00,0.0,0.00,0.000,0.000,IDLE
2026-08-19T01:38:59.156626,0.0000000,0.0000000,0.00,0.0000,0.0000,0.0000,0.0,0.00,0.0,0.00,0.000,0.000,IDLE
2026-08-19T01:39:00.156687,0.0000000,0.0000000,0.00,0.0000,0.0000,0.0000,0.0,0.00,0.0,0.00,0.000,0.000,IDLE
2026-08-19T01:39:01.156656,0.0000000,0.0000000,0.00,0.0000,0.0000,0.0000,0.0,0.00,0.0,0.00,0.000,0.000,IDLE
2026-08-19T01:39:02.156878,0.0000000,0.0000000,0.00,0.0000,0.0000,0.0000,0.0,0.00,0.0,0.00,0.000,0.000,IDLE
2026-08-19T01:39:03.156529,0.0000000,0.0000000,0.00,0.0000,0.0000,0.0000,0.0,0.00,0.0,0.00,0.000,0.000,IDLE
2026-08-19T01:39:04.156653,0.0000000,0.0000000,0.00,0.0000,0.0000,0.0000,0.0,0.00,0.0,0.00,0.000,0.000,IDLE
2026-08-19T01:39:05.156646,0.0000000,0.0000000,0.00,0.0000,0.0000,0.0000,0.0,0.00,0.0,0.00,0.000,0.000,IDLE
2026-08-19T01:39:06.156493,0.0000000,0.0000000,0.00,0.0000,0.0000,0.0000,0.0,0.00,0.0,0.00,0.000,0.000,IDLE
2026-08-19T01:39:07.156491,0.0000000,0.0000000,0.00,0.0000,0.0000,0.0000,0.0,0.00,0.0,0.00,0.000,0.000,IDLE
2026-08-19T01:39:08.156544,0.0000000,0.0000000,0.00,0.0000,0.0000,0.0000,0.0,0.00,0.0,0.00,0.000,0.000,IDLE
2026-08-19T01:39:09.156755,0.0000000,0.0000000,0.00,0.0000,0.0000,0.0000,0.0,0.00,0.0,0.00,0.000,0.000,IDLE
2026-08-19T01:39:10.156615,0.0000000,0.0000000,0.00,0.0000,0.0000,0.0000,0.0,0.00,0.0,0.00,0.000,0.000,IDLE
2026-08-19T01:39:11.156625,0.0000000,0.0000000,0.00,0.0000,0.0000,0.0000,0.0,0.00,0.0,0.00,0.000,0.000,IDLE
2026-08-19T01:39:12.156486,0.0000000,0.0000000,0.00,0.0000,0.0000,0.0000,0.0,0.00,0.0,0.00,0.000,0.000,IDLE
2026-08-19T01:39:13.156592,0.0000000,0.0000000,0.00,0.0000,0.0000,0.0000,0.0,0.00,0.0,0.00,0.000,0.000,IDLE
2026-08-19T01:39:14.156526,0.0000000,0.0000000,0.00,0.0000,0.0000,0.0000,0.0,0.00,0.0,0.00,0.000,0.000,IDLE
2026-08-19T01:39:15.156539,0.0000000,0.0000000,0.00,0.0000,0.0000,0.0000,0.0,0.00,0.0,0.00,0.000,0.000,IDLE
2026-08-19T01:39:16.156488,0.0000000,0.0000000,0.00,0.0000,0.0000,0.0000,0.0,0.00,0.0,0.00,0.000,0.000,IDLE
2026-08-19T01:39:17.156628,0.0000000,0.0000000,0.00,0.0000,0.0000,0.0000,0.0,0.00,0.0,0.00,0.000,0.000,IDLE
2026-08-19T01:39:18.156602,0.0000000,0.0000000,0.00,0.0000,0.0000,0.0000,0.0,0.00,0.0,0.00,0.000,0.000,IDLE
2026-08-19T01:39:19.156617,0.0000000,0.0000000,0.00,0.0000,0.0000,0.0000,0.0,0.00,0.0,0.00,0.000,0.000,IDLE
2026-08-19T01:39:20.156518,0.0000000,0.0000000,0.00,0.0000,0.0000,0.0000,0.0,0.00,0.0,0.00,0.000,0.000,IDLE
2026-08-19T01:39:21.156479,0.0000000,0.0000000,0.00,0.0000,0.0000,0.0000,0.0,0.00,0.0,0.00,0.000,0.000,IDLE
2026-08-19T01:39:22.156599,0.0000000,0.0000000,0.00,0.0000,0.0000,0.0000,0.0,0.00,0.0,0.00,0.000,0.000,IDLE
2026-08-19T01:39:23.156527,0.0000000,0.0000000,0.00,0.0000,0.0000,0.0000,0.0,0.00,0.0,0.00,0.000,0.000,IDLE
2026-08-19T01:39:24.156507,0.0000000,0.0000000,0.00,0.0000,0.0000,0.0000,0.0,0.00,0.0,0.00,0.000,0.000,IDLE
2026-08-19T01:39:25.156509,0.0000000,0.0000000,0.00,0.0000,0.0000,0.0000,0.0,0.00,0.0,0.00,0.000,0.000,IDLE
2026-08-19T01:39:26.156539,0.0000000,0.0000000,0.00,0.0000,0.0000,0.0000,0.0,0.00,0.0,0.00,0.000,0.000,IDLE
2026-08-19T01:39:27.156549,0.0000000,0.0000000,0.00,0.0000,0.0000,0.0000,0.0,0.00,0.0,0.00,0.000,0.000,IDLE
2026-08-19T01:39:28.156548,0.0000000,0.0000000,0.00,0.0000,0.0000,0.0000,0.0,0.00,0.0,0.00,0.000,0.000,IDLE
2026-08-19T01:39:29.156494,0.0000000,0.0000000,0.00,0.0000,0.0000,0.0000,0.0,0.00,0.0,0.00,0.000,0.000,IDLE
2026-08-19T01:39:30.156511,0.0000000,0.0000000,0.00,0.0000,0.0000,0.0000,0.0,0.00,0.0,0.00,0.000,0.000,IDLE
2026-08-19T01:39:31.156581,0.0000000,0.0000000,0.00,0.0000,0.0000,0.0000,0.0,0.00,0.0,0.00,0.000,0.000,IDLE
2026-08-19T01:39:32.161245,0.0000000,0.0000000,0.00,0.0000,0.0000,0.0000,0.0,0.00,0.0,0.00,0.000,0.000,IDLE
2026-08-19T01:39:33.156522,0.0000000,0.0000000,0.00,0.0000,0.0000,0.0000,0.0,0.00,0.0,0.00,0.000,0.000,IDLE
2026-08-19T01:39:34.156526,0.0000000,0.0000000,0.00,0.0000,0.0000,0.0000,0.0,0.00,0.0,0.00,0.000,0.000,IDLE
2026-08-19T01:39:35.156537,0.0000000,0.0000000,0.00,0.0000,0.0000,0.0000,0.0,0.00,0.0,0.00,0.000,0.000,IDLE
2026-08-19T01:39:36.156534,0.0000000,0.0000000,0.00,0.0000,0.0000,0.0000,0.0,0.00,0.0,0.00,0.000,0.000,IDLE
2026-08-19T01:39:37.156568,0.0000000,0.0000000,0.00,0.0000,0.0000,0.0000,0.0,0.00,0.0,0.00,0.000,0.000,IDLE
2026-08-19T01:39:38.156538,0.0000000,0.0000000,0.00,0.0000,0.0000,0.0000,0.0,0.00,0.0,0.00,0.000,0.000,IDLE
2026-08-19T01:39:39.156558,0.0000000,0.0000000,0.00,0.0000,0.0000,0.0000,0.0,0.00,0.0,0.00,0.000,0.000,IDLE
2026-08-19T01:39:40.156696,0.0000000,0.0000000,0.00,0.0000,0.0000,0.0000,0.0,0.00,0.0,0.00,0.000,0.000,IDLE
2026-08-19T01:39:41.156677,0.0000000,0.0000000,0.00,0.0000,0.0000,0.0000,0.0,0.00,0.0,0.00,0.000,0.000,IDLE
2026-08-19T01:39:42.156524,0.0000000,0.0000000,0.00,0.0000,0.0000,0.0000,0.0,0.00,0.0,0.00,0.000,0.000,IDLE
2026-08-19T01:39:43.156599,0.0000000,0.0000000,0.00,0.0000,0.0000,0.0000,0.0,0.00,0.0,0.00,0.000,0.000,IDLE
2026-08-19T01:39:44.156576,0.0000000,0.0000000,0.00,0.0000,0.0000,0.0000,0.0,0.00,0.0,0.00,0.000,0.000,IDLE
2026-08-19T01:39:45.156630,0.0000000,0.0000000,0.00,0.0000,0.0000,0.0000,0.0,0.00,0.0,0.00,0.000,0.000,IDLE
2026-08-19T01:39:46.156684,0.0000000,0.0000000,0.00,0.0000,0.0000,0.0000,0.0,0.00,0.0,0.00,0.000,0.000,IDLE
2026-08-19T01:39:47.156622,0.0000000,0.0000000,0.00,0.0000,0.0000,0.0000,0.0,0.00,0.0,0.00,0.000,0.000,IDLE
2026-08-19T01:39:48.156583,0.0000000,0.0000000,0.00,0.0000,0.0000,0.0000,0.0,0.00,0.0,0.00,0.000,0.000,IDLE
2026-08-19T01:39:49.156569,0.0000000,0.0000000,0.00,0.0000,0.0000,0.0000,0.0,0.00,0.0,0.00,0.000,0.000,IDLE
2026-08-19T01:39:50.156541,0.0000000,0.0000000,0.00,0.0000,0.0000,0.0000,0.0,0.00,0.0,0.00,0.000,0.000,IDLE
2026-08-19T01:39:51.156540,0.0000000,0.0000000,0.00,0.0000,0.0000,0.0000,0.0,0.00,0.0,0.00,0.000,0.000,IDLE
2026-08-19T01:39:52.156501,0.0000000,0.0000000,0.00,0.0000,0.0000,0.0000,0.0,0.00,0.0,0.00,0.000,0.000,IDLE
2026-08-19T01:39:53.156516,0.0000000,0.0000000,0.00,0.0000,0.0000,0.0000,0.0,0.00,0.0,0.00,0.000,0.000,IDLE
2026-08-19T01:39:54.156610,0.0000000,0.0000000,0.00,0.0000,0.0000,0.0000,0.0,0.00,0.0,0.00,0.000,0.000,IDLE
2026-08-19T01:39:55.156631,0.0000000,0.0000000,0.00,0.0000,0.0000,0.0000,0.0,0.00,0.0,0.00,0.000,0.000,IDLE
2026-08-19T01:39:56.156538,0.0000000,0.0000000,0.00,0.0000,0.0000,0.0000,0.0,0.00,0.0,0.00,0.000,0.000,IDLE
2026-08-19T01:39:57.156501,0.0000000,0.0000000,0.00,0.0000,0.0000,0.0000,0.0,0.00,0.0,0.00,0.000,0.000,IDLE
2026-08-19T01:39:58.156531,0.0000000,0.0000000,0.00,0.0000,0.0000,0.0000,0.0,0.00,0.0,0.00,0.000,0.000,IDLE
2026-08-19T01:39:59.156540,0.0000000,0.0000000,0.00,0.0000,0.0000,0.0000,0.0,0.00,0.0,0.00,0.000,0.000,IDLE
2026-08-19T01:40:00.156517,0.0000000,0.0000000,0.00,0.0000,0.0000,0.0000,0.0,0.00,0.0,0.00,0.000,0.000,IDLE
2026-08-19T01:40:01.156503,0.0000000,0.0000000,0.00,0.0000,0.0000,0.0000,0.0,0.00,0.0,0.00,0.000,0.000,IDLE
2026-08-19T01:40:02.156576,0.0000000,0.0000000,0.00,0.0000,0.0000,0.0000,0.0,0.00,0.0,0.00,0.000,0.000,IDLE
2026-08-19T01:40:03.156632,0.0000000,0.0000000,0.00,0.0000,0.0000,0.0000,0.0,0.00,0.0,0.00,0.000,0.000,IDLE
2026-08-19T01:40:04.156594,0.0000000,0.0000000,0.00,0.0000,0.0000,0.0000,0.0,0.00,0.0,0.00,0.000,0.000,IDLE
2026-08-19T01:40:05.156512,0.0000000,0.0000000,0.00,0.0000,0.0000,0.0000,0.0,0.00,0.0,0.00,0.000,0.000,IDLE
2026-08-19T01:40:06.156486,0.0000000,0.0000000,0.00,0.0000,0.0000,0.0000,0.0,0.00,0.0,0.00,0.000,0.000,IDLE
2026-08-19T01:40:07.156589,0.0000000,0.0000000,0.00,0.0000,0.0000,0.0000,0.0,0.00,0.0,0.00,0.000,0.000,IDLE
2026-08-19T01:40:08.156514,0.0000000,0.0000000,0.00,0.0000,0.0000,0.0000,0.0,0.00,0.0,0.00,0.000,0.000,IDLE
2026-08-19T01:40:09.156503,0.0000000,0.0000000,0.00,0.0000,0.0000,0.0000,0.0,0.00,0.0,0.00,0.000,0.000,IDLE
2026-08-19T01:40:10.156493,0.0000000,0.0000000,0.00,0.0000,0.0000,0.0000,0.0,0.00,0.0,0.00,0.000,0.000,IDLE
2026-08-19T01:40:11.157122,0.0000000,0.0000000,0.00,0.0000,0.0000,0.0000,0.0,0.00,0.0,0.00,0.000,0.000,IDLE
2026-08-19T01:40:12.156917,0.0000000,0.0000000,0.00,0.0000,0.0000,0.0000,0.0,0.00,0.0,0.00,0.000,0.000,IDLE
2026-08-19T01:40:13.156597,0.0000000,0.0000000,0.00,0.0000,0.0000,0.0000,0.0,0.00,0.0,0.00,0.000,0.000,IDLE
2026-08-19T01:40:14.156503,0.0000000,0.0000000,0.00,0.0000,0.0000,0.0000,0.0,0.00,0.0,0.00,0.000,0.000,IDLE
2026-08-19T01:40:15.156778,0.0000000,0.0000000,0.00,0.0000,0.0000,0.0000,0.0,0.00,0.0,0.00,0.000,0.000,IDLE
2026-08-19T01:40:16.156564,0.0000000,0.0000000,0.00,0.0000,0.0000,0.0000,0.0,0.00,0.0,0.00,0.000,0.000,IDLE
2026-08-19T01:40:17.156552,0.0000000,0.0000000,0.00,0.0000,0.0000,0.0000,0.0,0.00,0.0,0.00,0.000,0.000,IDLE
2026-08-19T01:40:18.156626,0.0000000,0.0000000,0.00,0.0000,0.0000,0.0000,0.0,0.00,0.0,0.00,0.000,0.000,IDLE
2026-08-19T01:40:19.156510,0.0000000,0.0000000,0.00,0.0000,0.0000,0.0000,0.0,0.00,0.0,0.00,0.000,0.000,IDLE
2026-08-19T01:40:20.156558,0.0000000,0.0000000,0.00,0.0000,0.0000,0.0000,0.0,0.00,0.0,0.00,0.000,0.000,IDLE
2026-08-19T01:40:21.156592,0.0000000,0.0000000,0.00,0.0000,0.0000,0.0000,0.0,0.00,0.0,0.00,0.000,0.000,IDLE
2026-08-19T01:40:22.156730,0.0000000,0.0000000,0.00,0.0000,0.0000,0.0000,0.0,0.00,0.0,0.00,0.000,0.000,IDLE
2026-08-19T01:40:23.156756,0.0000000,0.0000000,0.00,0.0000,0.0000,0.0000,0.0,0.00,0.0,0.00,0.000,0.000,IDLE
2026-08-19T01:40:24.157795,0.0000000,0.0000000,0.00,0.0000,0.0000,0.0000,0.0,0.00,0.0,0.00,0.000,0.000,IDLE
2026-08-19T01:40:25.156517,0.0000000,0.0000000,0.00,0.0000,0.0000,0.0000,0.0,0.00,0.0,0.00,0.000,0.000,IDLE
2026-08-19T01:40:26.156535,0.0000000,0.0000000,0.00,0.0000,0.0000,0.0000,0.0,0.00,0.0,0.00,0.000,0.000,IDLE
2026-08-19T01:40:27.156517,0.0000000,0.0000000,0.00,0.0000,0.0000,0.0000,0.0,0.00,0.0,0.00,0.000,0.000,IDLE
2026-08-19T01:40:28.156504,0.0000000,0.0000000,0.00,0.0000,0.0000,0.0000,0.0,0.00,0.0,0.00,0.000,0.000,IDLE
2026-08-19T01:40:29.156522,0.0000000,0.0000000,0.00,0.0000,0.0000,0.0000,0.0,0.00,0.0,0.00,0.000,0.000,IDLE
2026-08-19T01:40:30.156539,0.0000000,0.0000000,0.00,0.0000,0.0000,0.0000,0.0,0.00,0.0,0.00,0.000,0.000,IDLE
2026-08-19T01:40:31.156545,0.0000000,0.0000000,0.00,0.0000,0.0000,0.0000,0.0,0.00,0.0,0.00,0.000,0.000,IDLE
2026-08-19T01:40:32.156603,0.0000000,0.0000000,0.00,0.0000,0.0000,0.0000,0.0,0.00,0.0,0.00,0.000,0.000,IDLE
2026-08-19T01:40:33.157065,0.0000000,0.0000000,0.00,0.0000,0.0000,0.0000,0.0,0.00,0.0,0.00,0.000,0.000,IDLE
2026-08-19T01:40:34.157034,0.0000000,0.0000000,0.00,0.0000,0.0000,0.0000,0.0,0.00,0.0,0.00,0.000,0.000,IDLE
2026-08-19T01:40:35.156541,0.0000000,0.0000000,0.00,0.0000,0.0000,0.0000,0.0,0.00,0.0,0.00,0.000,0.000,IDLE
2026-08-19T01:40:36.156571,0.0000000,0.0000000,0.00,0.0000,0.0000,0.0000,0.0,0.00,0.0,0.00,0.000,0.000,IDLE
2026-08-19T01:40:37.156611,0.0000000,0.0000000,0.00,0.0000,0.0000,0.0000,0.0,0.00,0.0,0.00,0.000,0.000,IDLE
2026-08-19T01:40:38.156461,0.0000000,0.0000000,0.00,0.0000,0.0000,0.0000,0.0,0.00,0.0,0.00,0.000,0.000,IDLE
2026-08-19T01:40:39.156633,0.0000000,0.0000000,0.00,0.0000,0.0000,0.0000,0.0,0.00,0.0,0.00,0.000,0.000,IDLE
2026-08-19T01:40:40.156518,0.0000000,0.0000000,0.00,0.0000,0.0000,0.0000,0.0,0.00,0.0,0.00,0.000,0.000,IDLE
2026-08-19T01:40:41.156690,0.0000000,0.0000000,0.00,0.0000,0.0000,0.0000,0.0,0.00,0.0,0.00,0.000,0.000,IDLE
2026-08-19T01:40:42.156504,0.0000000,0.0000000,0.00,0.0000,0.0000,0.0000,0.0,0.00,0.0,0.00,0.000,0.000,IDLE
2026-08-19T01:40:43.156611,0.0000000,0.0000000,0.00,0.0000,0.0000,0.0000,0.0,0.00,0.0,0.00,0.000,0.000,IDLE
2026-08-19T01:40:44.156523,0.0000000,0.0000000,0.00,0.0000,0.0000,0.0000,0.0,0.00,0.0,0.00,0.000,0.000,IDLE
2026-08-19T01:40:45.156638,0.0000000,0.0000000,0.00,0.0000,0.0000,0.0000,0.0,0.00,0.0,0.00,0.000,0.000,IDLE
2026-08-19T01:40:46.156518,0.0000000,0.0000000,0.00,0.0000,0.0000,0.0000,0.0,0.00,0.0,0.00,0.000,0.000,IDLE
2026-08-19T01:40:47.156514,0.0000000,0.0000000,0.00,0.0000,0.0000,0.0000,0.0,0.00,0.0,0.00,0.000,0.000,IDLE
2026-08-19T01:40:48.156538,0.0000000,0.0000000,0.00,0.0000,0.0000,0.0000,0.0,0.00,0.0,0.00,0.000,0.000,IDLE
2026-08-19T01:40:49.156596,0.0000000,0.0000000,0.00,0.0000,0.0000,0.0000,0.0,0.00,0.0,0.00,0.000,0.000,IDLE
2026-08-19T01:40:50.156507,0.0000000,0.0000000,0.00,0.0000,0.0000,0.0000,0.0,0.00,0.0,0.00,0.000,0.000,IDLE
2026-08-19T01:40:51.156494,0.0000000,0.0000000,0.00,0.0000,0.0000,0.0000,0.0,0.00,0.0,0.00,0.000,0.000,IDLE
2026-08-19T01:40:52.156608,0.0000000,0.0000000,0.00,0.0000,0.0000,0.0000,0.0,0.00,0.0,0.00,0.000,0.000,IDLE
2026-08-19T01:40:53.156770,0.0000000,0.0000000,0.00,0.0000,0.0000,0.0000,0.0,0.00,0.0,0.00,0.000,0.000,IDLE
2026-08-19T01:40:54.156622,0.0000000,0.0000000,0.00,0.0000,0.0000,0.0000,0.0,0.00,0.0,0.00,0.000,0.000,IDLE
2026-08-19T01:40:55.156518,0.0000000,0.0000000,0.00,0.0000,0.0000,0.0000,0.0,0.00,0.0,0.00,0.000,0.000,IDLE
2026-08-19T01:40:56.158130,0.0000000,0.0000000,0.00,0.0000,0.0000,0.0000,0.0,0.00,0.0,0.00,0.000,0.000,IDLE
2026-08-19T01:40:57.156579,0.0000000,0.0000000,0.00,0.0000,0.0000,0.0000,0.0,0.00,0.0,0.00,0.000,0.000,IDLE
2026-08-19T01:40:58.156544,0.0000000,0.0000000,0.00,0.0000,0.0000,0.0000,0.0,0.00,0.0,0.00,0.000,0.000,IDLE
2026-08-19T01:40:59.156870,0.0000000,0.0000000,0.00,0.0000,0.0000,0.0000,0.0,0.00,0.0,0.00,0.000,0.000,IDLE
2026-08-19T01:41:00.156490,0.0000000,0.0000000,0.00,0.0000,0.0000,0.0000,0.0,0.00,0.0,0.00,0.000,0.000,IDLE
2026-08-19T01:41:01.156530,0.0000000,0.0000000,0.00,0.0000,0.0000,0.0000,0.0,0.00,0.0,0.00,0.000,0.000,IDLE
2026-08-19T01:41:02.156489,0.0000000,0.0000000,0.00,0.0000,0.0000,0.0000,0.0,0.00,0.0,0.00,0.000,0.000,IDLE
2026-08-19T01:41:03.156608,0.0000000,0.0000000,0.00,0.0000,0.0000,0.0000,0.0,0.00,0.0,0.00,0.000,0.000,IDLE
2026-08-19T01:41:04.156575,0.0000000,0.0000000,0.00,0.0000,0.0000,0.0000,0.0,0.00,0.0,0.00,0.000,0.000,IDLE
2026-08-19T01:41:05.156521,0.0000000,0.0000000,0.00,0.0000,0.0000,0.0000,0.0,0.00,0.0,0.00,0.000,0.000,IDLE
2026-08-19T01:41:06.156681,0.0000000,0.0000000,0.00,0.0000,0.0000,0.0000,0.0,0.00,0.0,0.00,0.000,0.000,IDLE
2026-08-19T01:41:07.156659,0.0000000,0.0000000,0.00,0.0000,0.0000,0.0000,0.0,0.00,0.0,0.00,0.000,0.000,IDLE
2026-08-19T01:41:08.156683,0.0000000,0.0000000,0.00,0.0000,0.0000,0.0000,0.0,0.00,0.0,0.00,0.000,0.000,IDLE
2026-08-19T01:41:09.156628,0.0000000,0.0000000,0.00,0.0000,0.0000,0.0000,0.0,0.00,0.0,0.00,0.000,0.000,IDLE
2026-08-19T01:41:10.156479,0.0000000,0.0000000,0.00,0.0000,0.0000,0.0000,0.0,0.00,0.0,0.00,0.000,0.000,IDLE
2026-08-19T01:41:11.156527,0.0000000,0.0000000,0.00,0.0000,0.0000,0.0000,0.0,0.00,0.0,0.00,0.000,0.000,IDLE
2026-08-19T01:41:12.156588,0.0000000,0.0000000,0.00,0.0000,0.0000,0.0000,0.0,0.00,0.0,0.00,0.000,0.000,IDLE
2026-08-19T01:41:13.156506,0.0000000,0.0000000,0.00,0.0000,0.0000,0.0000,0.0,0.00,0.0,0.00,0.000,0.000,IDLE
2026-08-19T01:41:14.156529,0.0000000,0.0000000,0.00,0.0000,0.0000,0.0000,0.0,0.00,0.0,0.00,0.000,0.000,IDLE
2026-08-19T01:41:15.156632,0.0000000,0.0000000,0.00,0.0000,0.0000,0.0000,0.0,0.00,0.0,0.00,0.000,0.000,IDLE
2026-08-19T01:41:16.156592,0.0000000,0.0000000,0.00,0.0000,0.0000,0.0000,0.0,0.00,0.0,0.00,0.000,0.000,IDLE
2026-08-19T01:41:17.156698,0.0000000,0.0000000,0.00,0.0000,0.0000,0.0000,0.0,0.00,0.0,0.00,0.000,0.000,IDLE
2026-08-19T01:41:18.156689,0.0000000,0.0000000,0.00,0.0000,0.0000,0.0000,0.0,0.00,0.0,0.00,0.000,0.000,IDLE
2026-08-19T01:41:19.156518,0.0000000,0.0000000,0.00,0.0000,0.0000,0.0000,0.0,0.00,0.0,0.00,0.000,0.000,IDLE
2026-08-19T01:41:20.156687,0.0000000,0.0000000,0.00,0.0000,0.0000,0.0000,0.0,0.00,0.0,0.00,0.000,0.000,IDLE
2026-08-19T01:41:21.156688,0.0000000,0.0000000,0.00,0.0000,0.0000,0.0000,0.0,0.00,0.0,0.00,0.000,0.000,IDLE
2026-08-19T01:41:22.156545,0.0000000,0.0000000,0.00,0.0000,0.0000,0.0000,0.0,0.00,0.0,0.00,0.000,0.000,IDLE
2026-08-19T01:41:23.156493,0.0000000,0.0000000,0.00,0.0000,0.0000,0.0000,0.0,0.00,0.0,0.00,0.000,0.000,IDLE
2026-08-19T01:41:24.156614,0.0000000,0.0000000,0.00,0.0000,0.0000,0.0000,0.0,0.00,0.0,0.00,0.000,0.000,IDLE
2026-08-19T01:41:25.156578,0.0000000,0.0000000,0.00,0.0000,0.0000,0.0000,0.0,0.00,0.0,0.00,0.000,0.000,IDLE
2026-08-19T01:41:26.156623,0.0000000,0.0000000,0.00,0.0000,0.0000,0.0000,0.0,0.00,0.0,0.00,0.000,0.000,IDLE
2026-08-19T01:41:27.156586,0.0000000,0.0000000,0.00,0.0000,0.0000,0.0000,0.0,0.00,0.0,0.00,0.000,0.000,IDLE
2026-08-19T01:41:28.156545,0.0000000,0.0000000,0.00,0.0000,0.0000,0.0000,0.0,0.00,0.0,0.00,0.000,0.000,IDLE
2026-08-19T01:41:29.156627,0.0000000,0.0000000,0.00,0.0000,0.0000,0.0000,0.0,0.00,0.0,0.00,0.000,0.000,IDLE
2026-08-19T01:41:30.156568,0.0000000,0.0000000,0.00,0.0000,0.0000,0.0000,0.0,0.00,0.0,0.00,0.000,0.000,IDLE
2026-08-19T01:41:31.156489,0.0000000,0.0000000,0.00,0.0000,0.0000,0.0000,0.0,0.00,0.0,0.00,0.000,0.000,IDLE
2026-08-19T01:41:32.156552,0.0000000,0.0000000,0.00,0.0000,0.0000,0.0000,0.0,0.00,0.0,0.00,0.000,0.000,IDLE
2026-08-19T01:41:33.156605,0.0000000,0.0000000,0.00,0.0000,0.0000,0.0000,0.0,0.00,0.0,0.00,0.000,0.000,IDLE
2026-08-19T01:41:34.156671,0.0000000,0.0000000,0.00,0.0000,0.0000,0.0000,0.0,0.00,0.0,0.00,0.000,0.000,IDLE
2026-08-19T01:41:35.156686,0.0000000,0.0000000,0.00,0.0000,0.0000,0.0000,0.0,0.00,0.0,0.00,0.000,0.000,IDLE
2026-08-19T01:41:36.156649,0.0000000,0.0000000,0.00,0.0000,0.0000,0.0000,0.0,0.00,0.0,0.00,0.000,0.000,IDLE
2026-08-19T01:41:37.156517,0.0000000,0.0000000,0.00,0.0000,0.0000,0.0000,0.0,0.00,0.0,0.00,0.000,0.000,IDLE
2026-08-19T01:41:38.156541,0.0000000,0.0000000,0.00,0.0000,0.0000,0.0000,0.0,0.00,0.0,0.00,0.000,0.000,IDLE
2026-08-19T01:41:39.156658,0.0000000,0.0000000,0.00,0.0000,0.0000,0.0000,0.0,0.00,0.0,0.00,0.000,0.000,IDLE
2026-08-19T01:41:40.156518,0.0000000,0.0000000,0.00,0.0000,0.0000,0.0000,0.0,0.00,0.0,0.00,0.000,0.000,IDLE
2026-08-19T01:41:41.156506,0.0000000,0.0000000,0.00,0.0000,0.0000,0.0000,0.0,0.00,0.0,0.00,0.000,0.000,IDLE
2026-08-19T01:41:42.156721,0.0000000,0.0000000,0.00,0.0000,0.0000,0.0000,0.0,0.00,0.0,0.00,0.000,0.000,IDLE
2026-08-19T01:41:43.156660,0.0000000,0.0000000,0.00,0.0000,0.0000,0.0000,0.0,0.00,0.0,0.00,0.000,0.000,IDLE
2026-08-19T01:41:44.156533,0.0000000,0.0000000,0.00,0.0000,0.0000,0.0000,0.0,0.00,0.0,0.00,0.000,0.000,IDLE
2026-08-19T01:41:45.156482,0.0000000,0.0000000,0.00,0.0000,0.0000,0.0000,0.0,0.00,0.0,0.00,0.000,0.000,IDLE
2026-08-19T01:41:46.156527,0.0000000,0.0000000,0.00,0.0000,0.0000,0.0000,0.0,0.00,0.0,0.00,0.000,0.000,IDLE
2026-08-19T01:41:47.156585,0.0000000,0.0000000,0.00,0.0000,0.0000,0.0000,0.0,0.00,0.0,0.00,0.000,0.000,IDLE
2026-08-19T01:41:48.156566,0.0000000,0.0000000,0.00,0.0000,0.0000,0.0000,0.0,0.00,0.0,0.00,0.000,0.000,IDLE
2026-08-19T01:41:49.156590,0.0000000,0.0000000,0.00,0.0000,0.0000,0.0000,0.0,0.00,0.0,0.00,0.000,0.000,IDLE
2026-08-19T01:41:50.156529,0.0000000,0.0000000,0.00,0.0000,0.0000,0.0000,0.0,0.00,0.0,0.00,0.000,0.000,IDLE
2026-08-19T01:41:51.156581,0.0000000,0.0000000,0.00,0.0000,0.0000,0.0000,0.0,0.00,0.0,0.00,0.000,0.000,IDLE
2026-08-19T01:41:52.156723,0.0000000,0.0000000,0.00,0.0000,0.0000,0.0000,0.0,0.00,0.0,0.00,0.000,0.000,IDLE
2026-08-19T01:41:53.156594,0.0000000,0.0000000,0.00,0.0000,0.0000,0.0000,0.0,0.00,0.0,0.00,0.000,0.000,IDLE
2026-08-19T01:41:54.156639,0.0000000,0.0000000,0.00,0.0000,0.0000,0.0000,0.0,0.00,0.0,0.00,0.000,0.000,IDLE
2026-08-19T01:41:55.156484,0.0000000,0.0000000,0.00,0.0000,0.0000,0.0000,0.0,0.00,0.0,0.00,0.000,0.000,IDLE
2026-08-19T01:41:56.156498,0.0000000,0.0000000,0.00,0.0000,0.0000,0.0000,0.0,0.00,0.0,0.00,0.000,0.000,IDLE
2026-08-19T01:41:57.156642,0.0000000,0.0000000,0.00,0.0000,0.0000,0.0000,0.0,0.00,0.0,0.00,0.000,0.000,IDLE
2026-08-19T01:41:58.156568,0.0000000,0.0000000,0.00,0.0000,0.0000,0.0000,0.0,0.00,0.0,0.00,0.000,0.000,IDLE
2026-08-19T01:41:59.156483,0.0000000,0.0000000,0.00,0.0000,0.0000,0.0000,0.0,0.00,0.0,0.00,0.000,0.000,IDLE
2026-08-19T01:42:00.156631,0.0000000,0.0000000,0.00,0.0000,0.0000,0.0000,0.0,0.00,0.0,0.00,0.000,0.000,IDLE
2026-08-19T01:42:01.156665,0.0000000,0.0000000,0.00,0.0000,0.0000,0.0000,0.0,0.00,0.0,0.00,0.000,0.000,IDLE
2026-08-19T01:42:02.156536,0.0000000,0.0000000,0.00,0.0000,0.0000,0.0000,0.0,0.00,0.0,0.00,0.000,0.000,IDLE
2026-08-19T01:42:03.156740,0.0000000,0.0000000,0.00,0.0000,0.0000,0.0000,0.0,0.00,0.0,0.00,0.000,0.000,IDLE
2026-08-19T01:42:04.157181,0.0000000,0.0000000,0.00,0.0000,0.0000,0.0000,0.0,0.00,0.0,0.00,0.000,0.000,IDLE
2026-08-19T01:42:05.156559,0.0000000,0.0000000,0.00,0.0000,0.0000,0.0000,0.0,0.00,0.0,0.00,0.000,0.000,IDLE
2026-08-19T01:42:06.156586,0.0000000,0.0000000,0.00,0.0000,0.0000,0.0000,0.0,0.00,0.0,0.00,0.000,0.000,IDLE
2026-08-19T01:42:07.156503,0.0000000,0.0000000,0.00,0.0000,0.0000,0.0000,0.0,0.00,0.0,0.00,0.000,0.000,IDLE
2026-08-19T01:42:08.157847,0.0000000,0.0000000,0.00,0.0000,0.0000,0.0000,0.0,0.00,0.0,0.00,0.000,0.000,IDLE
2026-08-19T01:42:09.156645,0.0000000,0.0000000,0.00,0.0000,0.0000,0.0000,0.0,0.00,0.0,0.00,0.000,0.000,IDLE
2026-08-19T01:42:10.156550,0.0000000,0.0000000,0.00,0.0000,0.0000,0.0000,0.0,0.00,0.0,0.00,0.000,0.000,IDLE
2026-08-19T01:42:11.156528,0.0000000,0.0000000,0.00,0.0000,0.0000,0.0000,0.0,0.00,0.0,0.00,0.000,0.000,IDLE
2026-08-19T01:42:12.156662,0.0000000,0.0000000,0.00,0.0000,0.0000,0.0000,0.0,0.00,0.0,0.00,0.000,0.000,IDLE
2026-08-19T01:42:13.156503,0.0000000,0.0000000,0.00,0.0000,0.0000,0.0000,0.0,0.00,0.0,0.00,0.000,0.000,IDLE
2026-08-19T01:42:14.156862,0.0000000,0.0000000,0.00,0.0000,0.0000,0.0000,0.0,0.00,0.0,0.00,0.000,0.000,IDLE
2026-08-19T01:42:15.156538,0.0000000,0.0000000,0.00,0.0000,0.0000,0.0000,0.0,0.00,0.0,0.00,0.000,0.000,IDLE
2026-08-19T01:42:16.156506,0.0000000,0.0000000,0.00,0.0000,0.0000,0.0000,0.0,0.00,0.0,0.00,0.000,0.000,IDLE
2026-08-19T01:42:17.156512,0.0000000,0.0000000,0.00,0.0000,0.0000,0.0000,0.0,0.00,0.0,0.00,0.000,0.000,IDLE
2026-08-19T01:42:18.156630,0.0000000,0.0000000,0.00,0.0000,0.0000,0.0000,0.0,0.00,0.0,0.00,0.000,0.000,IDLE
2026-08-19T01:42:19.156674,0.0000000,0.0000000,0.00,0.0000,0.0000,0.0000,0.0,0.00,0.0,0.00,0.000,0.000,IDLE
2026-08-19T01:42:20.156514,0.0000000,0.0000000,0.00,0.0000,0.0000,0.0000,0.0,0.00,0.0,0.00,0.000,0.000,IDLE
2026-08-19T01:42:21.157054,0.0000000,0.0000000,0.00,0.0000,0.0000,0.0000,0.0,0.00,0.0,0.00,0.000,0.000,IDLE
2026-08-19T01:42:22.156494,0.0000000,0.0000000,0.00,0.0000,0.0000,0.0000,0.0,0.00,0.0,0.00,0.000,0.000,IDLE
2026-08-19T01:42:23.156628,0.0000000,0.0000000,0.00,0.0000,0.0000,0.0000,0.0,0.00,0.0,0.00,0.000,0.000,IDLE
2026-08-19T01:42:24.156774,0.0000000,0.0000000,0.00,0.0000,0.0000,0.0000,0.0,0.00,0.0,0.00,0.000,0.000,IDLE
2026-08-19T01:42:25.156797,0.0000000,0.0000000,0.00,0.0000,0.0000,0.0000,0.0,0.00,0.0,0.00,0.000,0.000,IDLE
2026-08-19T01:42:26.156500,0.0000000,0.0000000,0.00,0.0000,0.0000,0.0000,0.0,0.00,0.0,0.00,0.000,0.000,IDLE
2026-08-19T01:42:27.156566,0.0000000,0.0000000,0.00,0.0000,0.0000,0.0000,0.0,0.00,0.0,0.00,0.000,0.000,IDLE
2026-08-19T01:42:28.156626,0.0000000,0.0000000,0.00,0.0000,0.0000,0.0000,0.0,0.00,0.0,0.00,0.000,0.000,IDLE
2026-08-19T01:42:29.157595,0.0000000,0.0000000,0.00,0.0000,0.0000,0.0000,0.0,0.00,0.0,0.00,0.000,0.000,IDLE
2026-08-19T01:42:30.156549,0.0000000,0.0000000,0.00,0.0000,0.0000,0.0000,0.0,0.00,0.0,0.00,0.000,0.000,IDLE
2026-08-19T01:42:31.156721,0.0000000,0.0000000,0.00,0.0000,0.0000,0.0000,0.0,0.00,0.0,0.00,0.000,0.000,IDLE
2026-08-19T01:42:32.156574,0.0000000,0.0000000,0.00,0.0000,0.0000,0.0000,0.0,0.00,0.0,0.00,0.000,0.000,IDLE
2026-08-19T01:42:33.156507,0.0000000,0.0000000,0.00,0.0000,0.0000,0.0000,0.0,0.00,0.0,0.00,0.000,0.000,IDLE
2026-08-19T01:42:34.156521,0.0000000,0.0000000,0.00,0.0000,0.0000,0.0000,0.0,0.00,0.0,0.00,0.000,0.000,IDLE
2026-08-19T01:42:35.156516,0.0000000,0.0000000,0.00,0.0000,0.0000,0.0000,0.0,0.00,0.0,0.00,0.000,0.000,IDLE
2026-08-19T01:42:36.156554,0.0000000,0.0000000,0.00,0.0000,0.0000,0.0000,0.0,0.00,0.0,0.00,0.000,0.000,IDLE
2026-08-19T01:42:37.156735,0.0000000,0.0000000,0.00,0.0000,0.0000,0.0000,0.0,0.00,0.0,0.00,0.000,0.000,IDLE
2026-08-19T01:42:38.156635,0.0000000,0.0000000,0.00,0.0000,0.0000,0.0000,0.0,0.00,0.0,0.00,0.000,0.000,IDLE
2026-08-19T01:42:39.156807,0.0000000,0.0000000,0.00,0.0000,0.0000,0.0000,0.0,0.00,0.0,0.00,0.000,0.000,IDLE
2026-08-19T01:42:40.157171,0.0000000,0.0000000,0.00,0.0000,0.0000,0.0000,0.0,0.00,0.0,0.00,0.000,0.000,IDLE
2026-08-19T01:42:41.156657,0.0000000,0.0000000,0.00,0.0000,0.0000,0.0000,0.0,0.00,0.0,0.00,0.000,0.000,IDLE
2026-08-19T01:42:42.156574,0.0000000,0.0000000,0.00,0.0000,0.0000,0.0000,0.0,0.00,0.0,0.00,0.000,0.000,IDLE
2026-08-19T01:42:43.156671,0.0000000,0.0000000,0.00,0.0000,0.0000,0.0000,0.0,0.00,0.0,0.00,0.000,0.000,IDLE
2026-08-19T01:42:44.156495,0.0000000,0.0000000,0.00,0.0000,0.0000,0.0000,0.0,0.00,0.0,0.00,0.000,0.000,IDLE
2026-08-19T01:42:45.156563,0.0000000,0.0000000,0.00,0.0000,0.0000,0.0000,0.0,0.00,0.0,0.00,0.000,0.000,IDLE
2026-08-19T01:42:46.156653,0.0000000,0.0000000,0.00,0.0000,0.0000,0.0000,0.0,0.00,0.0,0.00,0.000,0.000,IDLE
2026-08-19T01:42:47.156642,0.0000000,0.0000000,0.00,0.0000,0.0000,0.0000,0.0,0.00,0.0,0.00,0.000,0.000,IDLE
2026-08-19T01:42:48.156612,0.0000000,0.0000000,0.00,0.0000,0.0000,0.0000,0.0,0.00,0.0,0.00,0.000,0.000,IDLE
2026-08-19T01:42:49.156551,0.0000000,0.0000000,0.00,0.0000,0.0000,0.0000,0.0,0.00,0.0,0.00,0.000,0.000,IDLE
2026-08-19T01:42:50.157053,0.0000000,0.0000000,0.00,0.0000,0.0000,0.0000,0.0,0.00,0.0,0.00,0.000,0.000,IDLE
2026-08-19T01:42:51.156667,0.0000000,0.0000000,0.00,0.0000,0.0000,0.0000,0.0,0.00,0.0,0.00,0.000,0.000,IDLE
2026-08-19T01:42:52.156513,0.0000000,0.0000000,0.00,0.0000,0.0000,0.0000,0.0,0.00,0.0,0.00,0.000,0.000,IDLE
2026-08-19T01:42:53.156483,0.0000000,0.0000000,0.00,0.0000,0.0000,0.0000,0.0,0.00,0.0,0.00,0.000,0.000,IDLE
2026-08-19T01:42:54.156579,0.0000000,0.0000000,0.00,0.0000,0.0000,0.0000,0.0,0.00,0.0,0.00,0.000,0.000,IDLE
2026-08-19T01:42:55.156677,0.0000000,0.0000000,0.00,0.0000,0.0000,0.0000,0.0,0.00,0.0,0.00,0.000,0.000,IDLE
2026-08-19T01:42:56.156557,0.0000000,0.0000000,0.00,0.0000,0.0000,0.0000,0.0,0.00,0.0,0.00,0.000,0.000,IDLE
2026-08-19T01:42:57.156522,0.0000000,0.0000000,0.00,0.0000,0.0000,0.0000,0.0,0.00,0.0,0.00,0.000,0.000,IDLE
2026-08-19T01:42:58.156477,0.0000000,0.0000000,0.00,0.0000,0.0000,0.0000,0.0,0.00,0.0,0.00,0.000,0.000,IDLE
2026-08-19T01:42:59.156752,0.0000000,0.0000000,0.00,0.0000,0.0000,0.0000,0.0,0.00,0.0,0.00,0.000,0.000,IDLE
2026-08-19T01:43:00.156590,0.0000000,0.0000000,0.00,0.0000,0.0000,0.0000,0.0,0.00,0.0,0.00,0.000,0.000,IDLE
2026-08-19T01:43:01.156531,0.0000000,0.0000000,0.00,0.0000,0.0000,0.0000,0.0,0.00,0.0,0.00,0.000,0.000,IDLE
2026-08-19T01:43:02.156508,0.0000000,0.0000000,0.00,0.0000,0.0000,0.0000,0.0,0.00,0.0,0.00,0.000,0.000,IDLE
2026-08-19T01:43:03.156665,0.0000000,0.0000000,0.00,0.0000,0.0000,0.0000,0.0,0.00,0.0,0.00,0.000,0.000,IDLE
2026-08-19T01:43:04.156534,0.0000000,0.0000000,0.00,0.0000,0.0000,0.0000,0.0,0.00,0.0,0.00,0.000,0.000,IDLE
2026-08-19T01:43:05.156596,0.0000000,0.0000000,0.00,0.0000,0.0000,0.0000,0.0,0.00,0.0,0.00,0.000,0.000,IDLE
2026-08-19T01:43:06.156552,0.0000000,0.0000000,0.00,0.0000,0.0000,0.0000,0.0,0.00,0.0,0.00,0.000,0.000,IDLE
2026-08-19T01:43:07.156595,0.0000000,0.0000000,0.00,0.0000,0.0000,0.0000,0.0,0.00,0.0,0.00,0.000,0.000,IDLE
2026-08-19T01:43:08.156494,0.0000000,0.0000000,0.00,0.0000,0.0000,0.0000,0.0,0.00,0.0,0.00,0.000,0.000,IDLE
2026-08-19T01:43:09.156566,0.0000000,0.0000000,0.00,0.0000,0.0000,0.0000,0.0,0.00,0.0,0.00,0.000,0.000,IDLE
2026-08-19T01:43:10.156551,0.0000000,0.0000000,0.00,0.0000,0.0000,0.0000,0.0,0.00,0.0,0.00,0.000,0.000,IDLE
2026-08-19T01:43:11.156541,0.0000000,0.0000000,0.00,0.0000,0.0000,0.0000,0.0,0.00,0.0,0.00,0.000,0.000,IDLE
2026-08-19T01:43:12.156668,0.0000000,0.0000000,0.00,0.0000,0.0000,0.0000,0.0,0.00,0.0,0.00,0.000,0.000,IDLE
2026-08-19T01:43:13.156658,0.0000000,0.0000000,0.00,0.0000,0.0000,0.0000,0.0,0.00,0.0,0.00,0.000,0.000,IDLE
2026-08-19T01:43:14.156587,0.0000000,0.0000000,0.00,0.0000,0.0000,0.0000,0.0,0.00,0.0,0.00,0.000,0.000,IDLE
2026-08-19T01:43:15.156658,0.0000000,0.0000000,0.00,0.0000,0.0000,0.0000,0.0,0.00,0.0,0.00,0.000,0.000,IDLE
2026-08-19T01:43:16.156493,0.0000000,0.0000000,0.00,0.0000,0.0000,0.0000,0.0,0.00,0.0,0.00,0.000,0.000,IDLE
2026-08-19T01:43:17.156539,0.0000000,0.0000000,0.00,0.0000,0.0000,0.0000,0.0,0.00,0.0,0.00,0.000,0.000,IDLE
2026-08-19T01:43:18.156693,0.0000000,0.0000000,0.00,0.0000,0.0000,0.0000,0.0,0.00,0.0,0.00,0.000,0.000,IDLE
2026-08-19T01:43:19.156612,0.0000000,0.0000000,0.00,0.0000,0.0000,0.0000,0.0,0.00,0.0,0.00,0.000,0.000,IDLE
2026-08-19T01:43:20.156499,0.0000000,0.0000000,0.00,0.0000,0.0000,0.0000,0.0,0.00,0.0,0.00,0.000,0.000,IDLE
2026-08-19T01:43:21.156542,0.0000000,0.0000000,0.00,0.0000,0.0000,0.0000,0.0,0.00,0.0,0.00,0.000,0.000,IDLE
2026-08-19T01:43:22.156675,0.0000000,0.0000000,0.00,0.0000,0.0000,0.0000,0.0,0.00,0.0,0.00,0.000,0.000,IDLE
2026-08-19T01:43:23.156567,0.0000000,0.0000000,0.00,0.0000,0.0000,0.0000,0.0,0.00,0.0,0.00,0.000,0.000,IDLE
2026-08-19T01:43:24.156657,0.0000000,0.0000000,0.00,0.0000,0.0000,0.0000,0.0,0.00,0.0,0.00,0.000,0.000,IDLE
2026-08-19T01:43:25.156661,0.0000000,0.0000000,0.00,0.0000,0.0000,0.0000,0.0,0.00,0.0,0.00,0.000,0.000,IDLE
2026-08-19T01:43:26.156639,0.0000000,0.0000000,0.00,0.0000,0.0000,0.0000,0.0,0.00,0.0,0.00,0.000,0.000,IDLE
2026-08-19T01:43:27.156615,0.0000000,0.0000000,0.00,0.0000,0.0000,0.0000,0.0,0.00,0.0,0.00,0.000,0.000,IDLE
2026-08-19T01:43:28.156495,0.0000000,0.0000000,0.00,0.0000,0.0000,0.0000,0.0,0.00,0.0,0.00,0.000,0.000,IDLE
2026-08-19T01:43:29.156493,0.0000000,0.0000000,0.00,0.0000,0.0000,0.0000,0.0,0.00,0.0,0.00,0.000,0.000,IDLE
2026-08-19T01:43:30.156591,0.0000000,0.0000000,0.00,0.0000,0.0000,0.0000,0.0,0.00,0.0,0.00,0.000,0.000,IDLE
2026-08-19T01:43:31.156644,0.0000000,0.0000000,0.00,0.0000,0.0000,0.0000,0.0,0.00,0.0,0.00,0.000,0.000,IDLE
2026-08-19T01:43:32.156620,0.0000000,0.0000000,0.00,0.0000,0.0000,0.0000,0.0,0.00,0.0,0.00,0.000,0.000,IDLE
2026-08-19T01:43:33.156550,0.0000000,0.0000000,0.00,0.0000,0.0000,0.0000,0.0,0.00,0.0,0.00,0.000,0.000,IDLE
2026-08-19T01:43:34.156531,0.0000000,0.0000000,0.00,0.0000,0.0000,0.0000,0.0,0.00,0.0,0.00,0.000,0.000,IDLE
2026-08-19T01:43:35.156710,0.0000000,0.0000000,0.00,0.0000,0.0000,0.0000,0.0,0.00,0.0,0.00,0.000,0.000,IDLE
2026-08-19T01:43:36.156596,0.0000000,0.0000000,0.00,0.0000,0.0000,0.0000,0.0,0.00,0.0,0.00,0.000,0.000,IDLE
2026-08-19T01:43:37.156568,0.0000000,0.0000000,0.00,0.0000,0.0000,0.0000,0.0,0.00,0.0,0.00,0.000,0.000,IDLE
2026-08-19T01:43:38.156597,0.0000000,0.0000000,0.00,0.0000,0.0000,0.0000,0.0,0.00,0.0,0.00,0.000,0.000,IDLE
2026-08-19T01:43:39.156551,0.0000000,0.0000000,0.00,0.0000,0.0000,0.0000,0.0,0.00,0.0,0.00,0.000,0.000,IDLE
2026-08-19T01:43:40.156632,0.0000000,0.0000000,0.00,0.0000,0.0000,0.0000,0.0,0.00,0.0,0.00,0.000,0.000,IDLE
2026-08-19T01:43:41.156533,0.0000000,0.0000000,0.00,0.0000,0.0000,0.0000,0.0,0.00,0.0,0.00,0.000,0.000,IDLE
2026-08-19T01:43:42.157399,0.0000000,0.0000000,0.00,0.0000,0.0000,0.0000,0.0,0.00,0.0,0.00,0.000,0.000,IDLE
2026-08-19T01:43:43.156507,0.0000000,0.0000000,0.00,0.0000,0.0000,0.0000,0.0,0.00,0.0,0.00,0.000,0.000,IDLE
2026-08-19T01:43:44.156608,0.0000000,0.0000000,0.00,0.0000,0.0000,0.0000,0.0,0.00,0.0,0.00,0.000,0.000,IDLE
2026-08-19T01:43:45.156637,0.0000000,0.0000000,0.00,0.0000,0.0000,0.0000,0.0,0.00,0.0,0.00,0.000,0.000,IDLE
2026-08-19T01:43:46.156606,0.0000000,0.0000000,0.00,0.0000,0.0000,0.0000,0.0,0.00,0.0,0.00,0.000,0.000,IDLE
2026-08-19T01:43:47.156618,0.0000000,0.0000000,0.00,0.0000,0.0000,0.0000,0.0,0.00,0.0,0.00,0.000,0.000,IDLE
2026-08-19T01:43:48.156656,0.0000000,0.0000000,0.00,0.0000,0.0000,0.0000,0.0,0.00,0.0,0.00,0.000,0.000,IDLE
2026-08-19T01:43:49.156656,0.0000000,0.0000000,0.00,0.0000,0.0000,0.0000,0.0,0.00,0.0,0.00,0.000,0.000,IDLE
2026-08-19T01:43:50.156524,0.0000000,0.0000000,0.00,0.0000,0.0000,0.0000,0.0,0.00,0.0,0.00,0.000,0.000,IDLE
2026-08-19T01:43:51.156584,0.0000000,0.0000000,0.00,0.0000,0.0000,0.0000,0.0,0.00,0.0,0.00,0.000,0.000,IDLE
2026-08-19T01:43:52.156590,0.0000000,0.0000000,0.00,0.0000,0.0000,0.0000,0.0,0.00,0.0,0.00,0.000,0.000,IDLE
2026-08-19T01:43:53.156971,0.0000000,0.0000000,0.00,0.0000,0.0000,0.0000,0.0,0.00,0.0,0.00,0.000,0.000,IDLE
2026-08-19T01:43:54.156534,0.0000000,0.0000000,0.00,0.0000,0.0000,0.0000,0.0,0.00,0.0,0.00,0.000,0.000,IDLE
2026-08-19T01:43:55.156646,0.0000000,0.0000000,0.00,0.0000,0.0000,0.0000,0.0,0.00,0.0,0.00,0.000,0.000,IDLE
2026-08-19T01:43:56.156574,0.0000000,0.0000000,0.00,0.0000,0.0000,0.0000,0.0,0.00,0.0,0.00,0.000,0.000,IDLE
2026-08-19T01:43:57.156490,0.0000000,0.0000000,0.00,0.0000,0.0000,0.0000,0.0,0.00,0.0,0.00,0.000,0.000,IDLE
2026-08-19T01:43:58.156597,0.0000000,0.0000000,0.00,0.0000,0.0000,0.0000,0.0,0.00,0.0,0.00,0.000,0.000,IDLE
2026-08-19T01:43:59.156512,0.0000000,0.0000000,0.00,0.0000,0.0000,0.0000,0.0,0.00,0.0,0.00,0.000,0.000,IDLE
2026-08-19T01:44:00.156474,0.0000000,0.0000000,0.00,0.0000,0.0000,0.0000,0.0,0.00,0.0,0.00,0.000,0.000,IDLE
2026-08-19T01:44:01.156502,0.0000000,0.0000000,0.00,0.0000,0.0000,0.0000,0.0,0.00,0.0,0.00,0.000,0.000,IDLE
2026-08-19T01:44:02.156480,0.0000000,0.0000000,0.00,0.0000,0.0000,0.0000,0.0,0.00,0.0,0.00,0.000,0.000,IDLE
2026-08-19T01:44:03.156490,0.0000000,0.0000000,0.00,0.0000,0.0000,0.0000,0.0,0.00,0.0,0.00,0.000,0.000,IDLE
2026-08-19T01:44:04.156462,0.0000000,0.0000000,0.00,0.0000,0.0000,0.0000,0.0,0.00,0.0,0.00,0.000,0.000,IDLE
2026-08-19T01:44:05.156509,0.0000000,0.0000000,0.00,0.0000,0.0000,0.0000,0.0,0.00,0.0,0.00,0.000,0.000,IDLE
2026-08-19T01:44:06.156555,0.0000000,0.0000000,0.00,0.0000,0.0000,0.0000,0.0,0.00,0.0,0.00,0.000,0.000,IDLE
2026-08-19T01:44:07.156565,0.0000000,0.0000000,0.00,0.0000,0.0000,0.0000,0.0,0.00,0.0,0.00,0.000,0.000,IDLE
2026-08-19T01:44:08.156866,0.0000000,0.0000000,0.00,0.0000,0.0000,0.0000,0.0,0.00,0.0,0.00,0.000,0.000,IDLE
2026-08-19T01:44:09.156531,0.0000000,0.0000000,0.00,0.0000,0.0000,0.0000,0.0,0.00,0.0,0.00,0.000,0.000,IDLE
2026-08-19T01:44:10.156537,0.0000000,0.0000000,0.00,0.0000,0.0000,0.0000,0.0,0.00,0.0,0.00,0.000,0.000,IDLE
2026-08-19T01:44:11.156553,0.0000000,0.0000000,0.00,0.0000,0.0000,0.0000,0.0,0.00,0.0,0.00,0.000,0.000,IDLE
2026-08-19T01:44:12.156789,0.0000000,0.0000000,0.00,0.0000,0.0000,0.0000,0.0,0.00,0.0,0.00,0.000,0.000,IDLE
2026-08-19T01:44:13.156543,0.0000000,0.0000000,0.00,0.0000,0.0000,0.0000,0.0,0.00,0.0,0.00,0.000,0.000,IDLE
2026-08-19T01:44:14.156490,0.0000000,0.0000000,0.00,0.0000,0.0000,0.0000,0.0,0.00,0.0,0.00,0.000,0.000,IDLE
2026-08-19T01:44:15.156510,0.0000000,0.0000000,0.00,0.0000,0.0000,0.0000,0.0,0.00,0.0,0.00,0.000,0.000,IDLE
2026-08-19T01:44:16.156574,0.0000000,0.0000000,0.00,0.0000,0.0000,0.0000,0.0,0.00,0.0,0.00,0.000,0.000,IDLE
2026-08-19T01:44:17.156630,0.0000000,0.0000000,0.00,0.0000,0.0000,0.0000,0.0,0.00,0.0,0.00,0.000,0.000,IDLE
2026-08-19T01:44:18.156628,0.0000000,0.0000000,0.00,0.0000,0.0000,0.0000,0.0,0.00,0.0,0.00,0.000,0.000,IDLE
2026-08-19T01:44:19.156486,0.0000000,0.0000000,0.00,0.0000,0.0000,0.0000,0.0,0.00,0.0,0.00,0.000,0.000,IDLE
2026-08-19T01:44:20.156572,0.0000000,0.0000000,0.00,0.0000,0.0000,0.0000,0.0,0.00,0.0,0.00,0.000,0.000,IDLE
2026-08-19T01:44:21.156514,0.0000000,0.0000000,0.00,0.0000,0.0000,0.0000,0.0,0.00,0.0,0.00,0.000,0.000,IDLE
2026-08-19T01:44:22.156481,0.0000000,0.0000000,0.00,0.0000,0.0000,0.0000,0.0,0.00,0.0,0.00,0.000,0.000,IDLE
2026-08-19T01:44:23.156511,0.0000000,0.0000000,0.00,0.0000,0.0000,0.0000,0.0,0.00,0.0,0.00,0.000,0.000,IDLE
2026-08-19T01:44:24.156554,0.0000000,0.0000000,0.00,0.0000,0.0000,0.0000,0.0,0.00,0.0,0.00,0.000,0.000,IDLE
2026-08-19T01:44:25.156534,0.0000000,0.0000000,0.00,0.0000,0.0000,0.0000,0.0,0.00,0.0,0.00,0.000,0.000,IDLE
2026-08-19T01:44:26.156589,0.0000000,0.0000000,0.00,0.0000,0.0000,0.0000,0.0,0.00,0.0,0.00,0.000,0.000,IDLE
2026-08-19T01:44:27.156497,0.0000000,0.0000000,0.00,0.0000,0.0000,0.0000,0.0,0.00,0.0,0.00,0.000,0.000,IDLE
2026-08-19T01:44:28.156542,0.0000000,0.0000000,0.00,0.0000,0.0000,0.0000,0.0,0.00,0.0,0.00,0.000,0.000,IDLE
2026-08-19T01:44:29.156544,0.0000000,0.0000000,0.00,0.0000,0.0000,0.0000,0.0,0.00,0.0,0.00,0.000,0.000,IDLE
2026-08-19T01:44:30.156552,0.0000000,0.0000000,0.00,0.0000,0.0000,0.0000,0.0,0.00,0.0,0.00,0.000,0.000,IDLE
2026-08-19T01:44:31.156682,0.0000000,0.0000000,0.00,0.0000,0.0000,0.0000,0.0,0.00,0.0,0.00,0.000,0.000,IDLE
2026-08-19T01:44:32.156636,0.0000000,0.0000000,0.00,0.0000,0.0000,0.0000,0.0,0.00,0.0,0.00,0.000,0.000,IDLE
2026-08-19T01:44:33.156661,0.0000000,0.0000000,0.00,0.0000,0.0000,0.0000,0.0,0.00,0.0,0.00,0.000,0.000,IDLE
2026-08-19T01:44:34.156746,0.0000000,0.0000000,0.00,0.0000,0.0000,0.0000,0.0,0.00,0.0,0.00,0.000,0.000,IDLE
2026-08-19T01:44:35.156552,0.0000000,0.0000000,0.00,0.0000,0.0000,0.0000,0.0,0.00,0.0,0.00,0.000,0.000,IDLE
2026-08-19T01:44:36.156597,0.0000000,0.0000000,0.00,0.0000,0.0000,0.0000,0.0,0.00,0.0,0.00,0.000,0.000,IDLE
2026-08-19T01:44:37.156560,0.0000000,0.0000000,0.00,0.0000,0.0000,0.0000,0.0,0.00,0.0,0.00,0.000,0.000,IDLE
2026-08-19T01:44:38.156614,0.0000000,0.0000000,0.00,0.0000,0.0000,0.0000,0.0,0.00,0.0,0.00,0.000,0.000,IDLE
2026-08-19T01:44:39.156931,0.0000000,0.0000000,0.00,0.0000,0.0000,0.0000,0.0,0.00,0.0,0.00,0.000,0.000,IDLE
2026-08-19T01:44:40.156590,0.0000000,0.0000000,0.00,0.0000,0.0000,0.0000,0.0,0.00,0.0,0.00,0.000,0.000,IDLE
2026-08-19T01:44:41.156518,0.0000000,0.0000000,0.00,0.0000,0.0000,0.0000,0.0,0.00,0.0,0.00,0.000,0.000,IDLE
2026-08-19T01:44:42.156562,0.0000000,0.0000000,0.00,0.0000,0.0000,0.0000,0.0,0.00,0.0,0.00,0.000,0.000,IDLE
2026-08-19T01:44:43.156646,0.0000000,0.0000000,0.00,0.0000,0.0000,0.0000,0.0,0.00,0.0,0.00,0.000,0.000,IDLE
2026-08-19T01:44:44.156573,0.0000000,0.0000000,0.00,0.0000,0.0000,0.0000,0.0,0.00,0.0,0.00,0.000,0.000,IDLE
2026-08-19T01:44:45.156520,0.0000000,0.0000000,0.00,0.0000,0.0000,0.0000,0.0,0.00,0.0,0.00,0.000,0.000,IDLE
2026-08-19T01:44:46.156510,0.0000000,0.0000000,0.00,0.0000,0.0000,0.0000,0.0,0.00,0.0,0.00,0.000,0.000,IDLE
2026-08-19T01:44:47.156619,0.0000000,0.0000000,0.00,0.0000,0.0000,0.0000,0.0,0.00,0.0,0.00,0.000,0.000,IDLE
2026-08-19T01:44:48.156703,0.0000000,0.0000000,0.00,0.0000,0.0000,0.0000,0.0,0.00,0.0,0.00,0.000,0.000,IDLE
2026-08-19T01:44:49.156510,0.0000000,0.0000000,0.00,0.0000,0.0000,0.0000,0.0,0.00,0.0,0.00,0.000,0.000,IDLE
2026-08-19T01:44:50.156559,0.0000000,0.0000000,0.00,0.0000,0.0000,0.0000,0.0,0.00,0.0,0.00,0.000,0.000,IDLE
2026-08-19T01:44:51.156540,0.0000000,0.0000000,0.00,0.0000,0.0000,0.0000,0.0,0.00,0.0,0.00,0.000,0.000,IDLE
2026-08-19T01:44:52.156607,0.0000000,0.0000000,0.00,0.0000,0.0000,0.0000,0.0,0.00,0.0,0.00,0.000,0.000,IDLE
2026-08-19T01:44:53.156606,0.0000000,0.0000000,0.00,0.0000,0.0000,0.0000,0.0,0.00,0.0,0.00,0.000,0.000,IDLE
2026-08-19T01:44:54.156727,0.0000000,0.0000000,0.00,0.0000,0.0000,0.0000,0.0,0.00,0.0,0.00,0.000,0.000,IDLE
2026-08-19T01:44:55.156508,0.0000000,0.0000000,0.00,0.0000,0.0000,0.0000,0.0,0.00,0.0,0.00,0.000,0.000,IDLE
2026-08-19T01:44:56.156597,0.0000000,0.0000000,0.00,0.0000,0.0000,0.0000,0.0,0.00,0.0,0.00,0.000,0.000,IDLE
2026-08-19T01:44:57.156638,0.0000000,0.0000000,0.00,0.0000,0.0000,0.0000,0.0,0.00,0.0,0.00,0.000,0.000,IDLE
2026-08-19T01:44:58.157042,0.0000000,0.0000000,0.00,0.0000,0.0000,0.0000,0.0,0.00,0.0,0.00,0.000,0.000,IDLE
2026-08-19T01:44:59.156489,0.0000000,0.0000000,0.00,0.0000,0.0000,0.0000,0.0,0.00,0.0,0.00,0.000,0.000,IDLE
2026-08-19T01:45:00.156669,0.0000000,0.0000000,0.00,0.0000,0.0000,0.0000,0.0,0.00,0.0,0.00,0.000,0.000,IDLE
2026-08-19T01:45:01.156607,0.0000000,0.0000000,0.00,0.0000,0.0000,0.0000,0.0,0.00,0.0,0.00,0.000,0.000,IDLE
2026-08-19T01:45:02.156688,0.0000000,0.0000000,0.00,0.0000,0.0000,0.0000,0.0,0.00,0.0,0.00,0.000,0.000,IDLE
2026-08-19T01:45:03.156631,0.0000000,0.0000000,0.00,0.0000,0.0000,0.0000,0.0,0.00,0.0,0.00,0.000,0.000,IDLE
2026-08-19T01:45:04.156519,0.0000000,0.0000000,0.00,0.0000,0.0000,0.0000,0.0,0.00,0.0,0.00,0.000,0.000,IDLE
2026-08-19T01:45:05.156711,0.0000000,0.0000000,0.00,0.0000,0.0000,0.0000,0.0,0.00,0.0,0.00,0.000,0.000,IDLE
2026-08-19T01:45:06.156685,0.0000000,0.0000000,0.00,0.0000,0.0000,0.0000,0.0,0.00,0.0,0.00,0.000,0.000,IDLE
2026-08-19T01:45:07.156496,0.0000000,0.0000000,0.00,0.0000,0.0000,0.0000,0.0,0.00,0.0,0.00,0.000,0.000,IDLE
2026-08-19T01:45:08.156503,0.0000000,0.0000000,0.00,0.0000,0.0000,0.0000,0.0,0.00,0.0,0.00,0.000,0.000,IDLE
2026-08-19T01:45:09.156529,0.0000000,0.0000000,0.00,0.0000,0.0000,0.0000,0.0,0.00,0.0,0.00,0.000,0.000,IDLE
2026-08-19T01:45:10.156637,0.0000000,0.0000000,0.00,0.0000,0.0000,0.0000,0.0,0.00,0.0,0.00,0.000,0.000,IDLE
2026-08-19T01:45:11.156554,0.0000000,0.0000000,0.00,0.0000,0.0000,0.0000,0.0,0.00,0.0,0.00,0.000,0.000,IDLE
2026-08-19T01:45:12.156662,0.0000000,0.0000000,0.00,0.0000,0.0000,0.0000,0.0,0.00,0.0,0.00,0.000,0.000,IDLE
2026-08-19T01:45:13.156558,0.0000000,0.0000000,0.00,0.0000,0.0000,0.0000,0.0,0.00,0.0,0.00,0.000,0.000,IDLE
2026-08-19T01:45:14.156648,0.0000000,0.0000000,0.00,0.0000,0.0000,0.0000,0.0,0.00,0.0,0.00,0.000,0.000,IDLE
2026-08-19T01:45:15.156652,0.0000000,0.0000000,0.00,0.0000,0.0000,0.0000,0.0,0.00,0.0,0.00,0.000,0.000,IDLE
2026-08-19T01:45:16.156594,0.0000000,0.0000000,0.00,0.0000,0.0000,0.0000,0.0,0.00,0.0,0.00,0.000,0.000,IDLE
2026-08-19T01:45:17.156574,0.0000000,0.0000000,0.00,0.0000,0.0000,0.0000,0.0,0.00,0.0,0.00,0.000,0.000,IDLE
2026-08-19T01:45:18.156657,0.0000000,0.0000000,0.00,0.0000,0.0000,0.0000,0.0,0.00,0.0,0.00,0.000,0.000,IDLE
2026-08-19T01:45:19.156748,0.0000000,0.0000000,0.00,0.0000,0.0000,0.0000,0.0,0.00,0.0,0.00,0.000,0.000,IDLE
2026-08-19T01:45:20.156583,0.0000000,0.0000000,0.00,0.0000,0.0000,0.0000,0.0,0.00,0.0,0.00,0.000,0.000,IDLE
2026-08-19T01:45:21.156519,0.0000000,0.0000000,0.00,0.0000,0.0000,0.0000,0.0,0.00,0.0,0.00,0.000,0.000,IDLE
2026-08-19T01:45:22.156511,0.0000000,0.0000000,0.00,0.0000,0.0000,0.0000,0.0,0.00,0.0,0.00,0.000,0.000,IDLE
2026-08-19T01:45:23.156610,0.0000000,0.0000000,0.00,0.0000,0.0000,0.0000,0.0,0.00,0.0,0.00,0.000,0.000,IDLE
2026-08-19T01:45:24.156612,0.0000000,0.0000000,0.00,0.0000,0.0000,0.0000,0.0,0.00,0.0,0.00,0.000,0.000,IDLE
2026-08-19T01:45:25.156600,0.0000000,0.0000000,0.00,0.0000,0.0000,0.0000,0.0,0.00,0.0,0.00,0.000,0.000,IDLE
2026-08-19T01:45:26.156476,0.0000000,0.0000000,0.00,0.0000,0.0000,0.0000,0.0,0.00,0.0,0.00,0.000,0.000,IDLE
2026-08-19T01:45:27.156775,0.0000000,0.0000000,0.00,0.0000,0.0000,0.0000,0.0,0.00,0.0,0.00,0.000,0.000,IDLE
2026-08-19T01:45:28.156673,0.0000000,0.0000000,0.00,0.0000,0.0000,0.0000,0.0,0.00,0.0,0.00,0.000,0.000,IDLE
2026-08-19T01:45:29.156649,0.0000000,0.0000000,0.00,0.0000,0.0000,0.0000,0.0,0.00,0.0,0.00,0.000,0.000,IDLE
2026-08-19T01:45:30.156609,0.0000000,0.0000000,0.00,0.0000,0.0000,0.0000,0.0,0.00,0.0,0.00,0.000,0.000,IDLE
2026-08-19T01:45:31.156510,0.0000000,0.0000000,0.00,0.0000,0.0000,0.0000,0.0,0.00,0.0,0.00,0.000,0.000,IDLE
2026-08-19T01:45:32.156548,0.0000000,0.0000000,0.00,0.0000,0.0000,0.0000,0.0,0.00,0.0,0.00,0.000,0.000,IDLE
2026-08-19T01:45:33.156512,0.0000000,0.0000000,0.00,0.0000,0.0000,0.0000,0.0,0.00,0.0,0.00,0.000,0.000,IDLE
2026-08-19T01:45:34.156625,0.0000000,0.0000000,0.00,0.0000,0.0000,0.0000,0.0,0.00,0.0,0.00,0.000,0.000,IDLE
2026-08-19T01:45:35.156528,0.0000000,0.0000000,0.00,0.0000,0.0000,0.0000,0.0,0.00,0.0,0.00,0.000,0.000,IDLE
2026-08-19T01:45:36.156628,0.0000000,0.0000000,0.00,0.0000,0.0000,0.0000,0.0,0.00,0.0,0.00,0.000,0.000,IDLE
2026-08-19T01:45:37.156634,0.0000000,0.0000000,0.00,0.0000,0.0000,0.0000,0.0,0.00,0.0,0.00,0.000,0.000,IDLE
2026-08-19T01:45:38.156569,0.0000000,0.0000000,0.00,0.0000,0.0000,0.0000,0.0,0.00,0.0,0.00,0.000,0.000,IDLE
2026-08-19T01:45:39.156527,0.0000000,0.0000000,0.00,0.0000,0.0000,0.0000,0.0,0.00,0.0,0.00,0.000,0.000,IDLE
2026-08-19T01:45:40.156501,0.0000000,0.0000000,0.00,0.0000,0.0000,0.0000,0.0,0.00,0.0,0.00,0.000,0.000,IDLE
2026-08-19T01:45:41.156652,0.0000000,0.0000000,0.00,0.0000,0.0000,0.0000,0.0,0.00,0.0,0.00,0.000,0.000,IDLE
2026-08-19T01:45:42.156587,0.0000000,0.0000000,0.00,0.0000,0.0000,0.0000,0.0,0.00,0.0,0.00,0.000,0.000,IDLE
2026-08-19T01:45:43.156511,0.0000000,0.0000000,0.00,0.0000,0.0000,0.0000,0.0,0.00,0.0,0.00,0.000,0.000,IDLE
2026-08-19T01:45:44.156508,0.0000000,0.0000000,0.00,0.0000,0.0000,0.0000,0.0,0.00,0.0,0.00,0.000,0.000,IDLE
2026-08-19T01:45:45.156502,0.0000000,0.0000000,0.00,0.0000,0.0000,0.0000,0.0,0.00,0.0,0.00,0.000,0.000,IDLE
2026-08-19T01:45:46.156680,0.0000000,0.0000000,0.00,0.0000,0.0000,0.0000,0.0,0.00,0.0,0.00,0.000,0.000,IDLE
2026-08-19T01:45:47.156543,0.0000000,0.0000000,0.00,0.0000,0.0000,0.0000,0.0,0.00,0.0,0.00,0.000,0.000,IDLE
2026-08-19T01:45:48.156527,0.0000000,0.0000000,0.00,0.0000,0.0000,0.0000,0.0,0.00,0.0,0.00,0.000,0.000,IDLE
2026-08-19T01:45:49.156537,0.0000000,0.0000000,0.00,0.0000,0.0000,0.0000,0.0,0.00,0.0,0.00,0.000,0.000,IDLE
2026-08-19T01:45:50.156542,0.0000000,0.0000000,0.00,0.0000,0.0000,0.0000,0.0,0.00,0.0,0.00,0.000,0.000,IDLE
2026-08-19T01:45:51.157335,0.0000000,0.0000000,0.00,0.0000,0.0000,0.0000,0.0,0.00,0.0,0.00,0.000,0.000,IDLE
2026-08-19T01:45:52.156513,0.0000000,0.0000000,0.00,0.0000,0.0000,0.0000,0.0,0.00,0.0,0.00,0.000,0.000,IDLE
2026-08-19T01:45:53.156581,0.0000000,0.0000000,0.00,0.0000,0.0000,0.0000,0.0,0.00,0.0,0.00,0.000,0.000,IDLE
2026-08-19T01:45:54.156502,0.0000000,0.0000000,0.00,0.0000,0.0000,0.0000,0.0,0.00,0.0,0.00,0.000,0.000,IDLE
2026-08-19T01:45:55.156613,0.0000000,0.0000000,0.00,0.0000,0.0000,0.0000,0.0,0.00,0.0,0.00,0.000,0.000,IDLE
2026-08-19T01:45:56.156616,0.0000000,0.0000000,0.00,0.0000,0.0000,0.0000,0.0,0.00,0.0,0.00,0.000,0.000,IDLE
2026-08-19T01:45:57.156479,0.0000000,0.0000000,0.00,0.0000,0.0000,0.0000,0.0,0.00,0.0,0.00,0.000,0.000,IDLE
2026-08-19T01:45:58.156628,0.0000000,0.0000000,0.00,0.0000,0.0000,0.0000,0.0,0.00,0.0,0.00,0.000,0.000,IDLE
2026-08-19T01:45:59.156648,0.0000000,0.0000000,0.00,0.0000,0.0000,0.0000,0.0,0.00,0.0,0.00,0.000,0.000,IDLE
2026-08-19T01:46:00.156603,0.0000000,0.0000000,0.00,0.0000,0.0000,0.0000,0.0,0.00,0.0,0.00,0.000,0.000,IDLE
2026-08-19T01:46:01.156591,0.0000000,0.0000000,0.00,0.0000,0.0000,0.0000,0.0,0.00,0.0,0.00,0.000,0.000,IDLE
2026-08-19T01:46:02.156639,0.0000000,0.0000000,0.00,0.0000,0.0000,0.0000,0.0,0.00,0.0,0.00,0.000,0.000,IDLE
2026-08-19T01:46:03.156610,0.0000000,0.0000000,0.00,0.0000,0.0000,0.0000,0.0,0.00,0.0,0.00,0.000,0.000,IDLE
2026-08-19T01:46:04.156686,0.0000000,0.0000000,0.00,0.0000,0.0000,0.0000,0.0,0.00,0.0,0.00,0.000,0.000,IDLE
2026-08-19T01:46:05.156558,0.0000000,0.0000000,0.00,0.0000,0.0000,0.0000,0.0,0.00,0.0,0.00,0.000,0.000,IDLE
2026-08-19T01:46:06.156525,0.0000000,0.0000000,0.00,0.0000,0.0000,0.0000,0.0,0.00,0.0,0.00,0.000,0.000,IDLE
2026-08-19T01:46:07.156547,0.0000000,0.0000000,0.00,0.0000,0.0000,0.0000,0.0,0.00,0.0,0.00,0.000,0.000,IDLE
2026-08-19T01:46:08.156558,0.0000000,0.0000000,0.00,0.0000,0.0000,0.0000,0.0,0.00,0.0,0.00,0.000,0.000,IDLE
2026-08-19T01:46:09.156492,0.0000000,0.0000000,0.00,0.0000,0.0000,0.0000,0.0,0.00,0.0,0.00,0.000,0.000,IDLE
2026-08-19T01:46:10.156535,0.0000000,0.0000000,0.00,0.0000,0.0000,0.0000,0.0,0.00,0.0,0.00,0.000,0.000,IDLE
2026-08-19T01:46:11.156514,0.0000000,0.0000000,0.00,0.0000,0.0000,0.0000,0.0,0.00,0.0,0.00,0.000,0.000,IDLE
2026-08-19T01:46:12.156647,0.0000000,0.0000000,0.00,0.0000,0.0000,0.0000,0.0,0.00,0.0,0.00,0.000,0.000,IDLE
2026-08-19T01:46:13.156622,0.0000000,0.0000000,0.00,0.0000,0.0000,0.0000,0.0,0.00,0.0,0.00,0.000,0.000,IDLE
2026-08-19T01:46:14.156604,0.0000000,0.0000000,0.00,0.0000,0.0000,0.0000,0.0,0.00,0.0,0.00,0.000,0.000,IDLE
2026-08-19T01:46:15.156493,0.0000000,0.0000000,0.00,0.0000,0.0000,0.0000,0.0,0.00,0.0,0.00,0.000,0.000,IDLE
2026-08-19T01:46:16.156514,0.0000000,0.0000000,0.00,0.0000,0.0000,0.0000,0.0,0.00,0.0,0.00,0.000,0.000,IDLE
2026-08-19T01:46:17.156727,0.0000000,0.0000000,0.00,0.0000,0.0000,0.0000,0.0,0.00,0.0,0.00,0.000,0.000,IDLE
2026-08-19T01:46:18.156657,0.0000000,0.0000000,0.00,0.0000,0.0000,0.0000,0.0,0.00,0.0,0.00,0.000,0.000,IDLE
2026-08-19T01:46:19.156569,0.0000000,0.0000000,0.00,0.0000,0.0000,0.0000,0.0,0.00,0.0,0.00,0.000,0.000,IDLE
2026-08-19T01:46:20.156608,0.0000000,0.0000000,0.00,0.0000,0.0000,0.0000,0.0,0.00,0.0,0.00,0.000,0.000,IDLE
2026-08-19T01:46:21.156853,0.0000000,0.0000000,0.00,0.0000,0.0000,0.0000,0.0,0.00,0.0,0.00,0.000,0.000,IDLE
2026-08-19T01:46:22.156604,0.0000000,0.0000000,0.00,0.0000,0.0000,0.0000,0.0,0.00,0.0,0.00,0.000,0.000,IDLE
2026-08-19T01:46:23.156613,0.0000000,0.0000000,0.00,0.0000,0.0000,0.0000,0.0,0.00,0.0,0.00,0.000,0.000,IDLE
2026-08-19T01:46:24.156569,0.0000000,0.0000000,0.00,0.0000,0.0000,0.0000,0.0,0.00,0.0,0.00,0.000,0.000,IDLE
2026-08-19T01:46:25.156521,0.0000000,0.0000000,0.00,0.0000,0.0000,0.0000,0.0,0.00,0.0,0.00,0.000,0.000,IDLE
2026-08-19T01:46:26.156540,0.0000000,0.0000000,0.00,0.0000,0.0000,0.0000,0.0,0.00,0.0,0.00,0.000,0.000,IDLE
2026-08-19T01:46:27.156525,0.0000000,0.0000000,0.00,0.0000,0.0000,0.0000,0.0,0.00,0.0,0.00,0.000,0.000,IDLE
2026-08-19T01:46:28.156516,0.0000000,0.0000000,0.00,0.0000,0.0000,0.0000,0.0,0.00,0.0,0.00,0.000,0.000,IDLE
2026-08-19T01:46:29.156536,0.0000000,0.0000000,0.00,0.0000,0.0000,0.0000,0.0,0.00,0.0,0.00,0.000,0.000,IDLE
2026-08-19T01:46:30.156639,0.0000000,0.0000000,0.00,0.0000,0.0000,0.0000,0.0,0.00,0.0,0.00,0.000,0.000,IDLE
2026-08-19T01:46:31.156644,0.0000000,0.0000000,0.00,0.0000,0.0000,0.0000,0.0,0.00,0.0,0.00,0.000,0.000,IDLE
2026-08-19T01:46:32.156703,0.0000000,0.0000000,0.00,0.0000,0.0000,0.0000,0.0,0.00,0.0,0.00,0.000,0.000,IDLE
2026-08-19T01:46:33.156547,0.0000000,0.0000000,0.00,0.0000,0.0000,0.0000,0.0,0.00,0.0,0.00,0.000,0.000,IDLE
2026-08-19T01:46:34.156658,0.0000000,0.0000000,0.00,0.0000,0.0000,0.0000,0.0,0.00,0.0,0.00,0.000,0.000,IDLE
2026-08-19T01:46:35.156624,0.0000000,0.0000000,0.00,0.0000,0.0000,0.0000,0.0,0.00,0.0,0.00,0.000,0.000,IDLE
2026-08-19T01:46:36.156624,0.0000000,0.0000000,0.00,0.0000,0.0000,0.0000,0.0,0.00,0.0,0.00,0.000,0.000,IDLE
2026-08-19T01:46:37.156504,0.0000000,0.0000000,0.00,0.0000,0.0000,0.0000,0.0,0.00,0.0,0.00,0.000,0.000,IDLE
2026-08-19T01:46:38.156673,0.0000000,0.0000000,0.00,0.0000,0.0000,0.0000,0.0,0.00,0.0,0.00,0.000,0.000,IDLE
2026-08-19T01:46:39.156529,0.0000000,0.0000000,0.00,0.0000,0.0000,0.0000,0.0,0.00,0.0,0.00,0.000,0.000,IDLE
2026-08-19T01:46:40.156636,0.0000000,0.0000000,0.00,0.0000,0.0000,0.0000,0.0,0.00,0.0,0.00,0.000,0.000,IDLE
2026-08-19T01:46:41.156676,0.0000000,0.0000000,0.00,0.0000,0.0000,0.0000,0.0,0.00,0.0,0.00,0.000,0.000,IDLE
2026-08-19T01:46:42.156513,0.0000000,0.0000000,0.00,0.0000,0.0000,0.0000,0.0,0.00,0.0,0.00,0.000,0.000,IDLE
2026-08-19T01:46:43.156623,0.0000000,0.0000000,0.00,0.0000,0.0000,0.0000,0.0,0.00,0.0,0.00,0.000,0.000,IDLE
2026-08-19T01:46:44.156692,0.0000000,0.0000000,0.00,0.0000,0.0000,0.0000,0.0,0.00,0.0,0.00,0.000,0.000,IDLE
2026-08-19T01:46:45.156498,0.0000000,0.0000000,0.00,0.0000,0.0000,0.0000,0.0,0.00,0.0,0.00,0.000,0.000,IDLE
2026-08-19T01:46:46.156567,0.0000000,0.0000000,0.00,0.0000,0.0000,0.0000,0.0,0.00,0.0,0.00,0.000,0.000,IDLE
2026-08-19T01:46:47.156517,0.0000000,0.0000000,0.00,0.0000,0.0000,0.0000,0.0,0.00,0.0,0.00,0.000,0.000,IDLE
2026-08-19T01:46:48.156590,0.0000000,0.0000000,0.00,0.0000,0.0000,0.0000,0.0,0.00,0.0,0.00,0.000,0.000,IDLE
2026-08-19T01:46:49.156520,0.0000000,0.0000000,0.00,0.0000,0.0000,0.0000,0.0,0.00,0.0,0.00,0.000,0.000,IDLE
2026-08-19T01:46:50.156541,0.0000000,0.0000000,0.00,0.0000,0.0000,0.0000,0.0,0.00,0.0,0.00,0.000,0.000,IDLE
2026-08-19T01:46:51.156565,0.0000000,0.0000000,0.00,0.0000,0.0000,0.0000,0.0,0.00,0.0,0.00,0.000,0.000,IDLE
2026-08-19T01:46:52.156560,0.0000000,0.0000000,0.00,0.0000,0.0000,0.0000,0.0,0.00,0.0,0.00,0.000,0.000,IDLE
2026-08-19T01:46:53.156550,0.0000000,0.0000000,0.00,0.0000,0.0000,0.0000,0.0,0.00,0.0,0.00,0.000,0.000,IDLE
2026-08-19T01:46:54.156499,0.0000000,0.0000000,0.00,0.0000,0.0000,0.0000,0.0,0.00,0.0,0.00,0.000,0.000,IDLE
2026-08-19T01:46:55.156535,0.0000000,0.0000000,0.00,0.0000,0.0000,0.0000,0.0,0.00,0.0,0.00,0.000,0.000,IDLE
2026-08-19T01:46:56.156502,0.0000000,0.0000000,0.00,0.0000,0.0000,0.0000,0.0,0.00,0.0,0.00,0.000,0.000,IDLE
2026-08-19T01:46:57.156573,0.0000000,0.0000000,0.00,0.0000,0.0000,0.0000,0.0,0.00,0.0,0.00,0.000,0.000,IDLE
2026-08-19T01:46:58.156588,0.0000000,0.0000000,0.00,0.0000,0.0000,0.0000,0.0,0.00,0.0,0.00,0.000,0.000,IDLE
2026-08-19T01:46:59.156539,0.0000000,0.0000000,0.00,0.0000,0.0000,0.0000,0.0,0.00,0.0,0.00,0.000,0.000,IDLE
2026-08-19T01:47:00.156493,0.0000000,0.0000000,0.00,0.0000,0.0000,0.0000,0.0,0.00,0.0,0.00,0.000,0.000,IDLE
2026-08-19T01:47:01.156495,0.0000000,0.0000000,0.00,0.0000,0.0000,0.0000,0.0,0.00,0.0,0.00,0.000,0.000,IDLE
2026-08-19T01:47:02.156663,0.0000000,0.0000000,0.00,0.0000,0.0000,0.0000,0.0,0.00,0.0,0.00,0.000,0.000,IDLE
2026-08-19T01:47:03.156594,0.0000000,0.0000000,0.00,0.0000,0.0000,0.0000,0.0,0.00,0.0,0.00,0.000,0.000,IDLE
2026-08-19T01:47:04.156563,0.0000000,0.0000000,0.00,0.0000,0.0000,0.0000,0.0,0.00,0.0,0.00,0.000,0.000,IDLE
2026-08-19T01:47:05.156510,0.0000000,0.0000000,0.00,0.0000,0.0000,0.0000,0.0,0.00,0.0,0.00,0.000,0.000,IDLE
2026-08-19T01:47:06.156541,0.0000000,0.0000000,0.00,0.0000,0.0000,0.0000,0.0,0.00,0.0,0.00,0.000,0.000,IDLE
2026-08-19T01:47:07.156526,0.0000000,0.0000000,0.00,0.0000,0.0000,0.0000,0.0,0.00,0.0,0.00,0.000,0.000,IDLE
2026-08-19T01:47:08.156537,0.0000000,0.0000000,0.00,0.0000,0.0000,0.0000,0.0,0.00,0.0,0.00,0.000,0.000,IDLE
2026-08-19T01:47:09.156523,0.0000000,0.0000000,0.00,0.0000,0.0000,0.0000,0.0,0.00,0.0,0.00,0.000,0.000,IDLE
2026-08-19T01:47:10.156508,0.0000000,0.0000000,0.00,0.0000,0.0000,0.0000,0.0,0.00,0.0,0.00,0.000,0.000,IDLE
2026-08-19T01:47:11.156537,0.0000000,0.0000000,0.00,0.0000,0.0000,0.0000,0.0,0.00,0.0,0.00,0.000,0.000,IDLE
2026-08-19T01:47:12.156595,0.0000000,0.0000000,0.00,0.0000,0.0000,0.0000,0.0,0.00,0.0,0.00,0.000,0.000,IDLE
2026-08-19T01:47:13.156603,0.0000000,0.0000000,0.00,0.0000,0.0000,0.0000,0.0,0.00,0.0,0.00,0.000,0.000,IDLE
2026-08-19T01:47:14.156501,0.0000000,0.0000000,0.00,0.0000,0.0000,0.0000,0.0,0.00,0.0,0.00,0.000,0.000,IDLE
2026-08-19T01:47:15.156590,0.0000000,0.0000000,0.00,0.0000,0.0000,0.0000,0.0,0.00,0.0,0.00,0.000,0.000,IDLE
2026-08-19T01:47:16.156596,0.0000000,0.0000000,0.00,0.0000,0.0000,0.0000,0.0,0.00,0.0,0.00,0.000,0.000,IDLE
2026-08-19T01:47:17.156589,0.0000000,0.0000000,0.00,0.0000,0.0000,0.0000,0.0,0.00,0.0,0.00,0.000,0.000,IDLE
2026-08-19T01:47:18.156512,0.0000000,0.0000000,0.00,0.0000,0.0000,0.0000,0.0,0.00,0.0,0.00,0.000,0.000,IDLE
2026-08-19T01:47:19.156496,0.0000000,0.0000000,0.00,0.0000,0.0000,0.0000,0.0,0.00,0.0,0.00,0.000,0.000,IDLE
2026-08-19T01:47:20.156736,0.0000000,0.0000000,0.00,0.0000,0.0000,0.0000,0.0,0.00,0.0,0.00,0.000,0.000,IDLE
2026-08-19T01:47:21.156710,0.0000000,0.0000000,0.00,0.0000,0.0000,0.0000,0.0,0.00,0.0,0.00,0.000,0.000,IDLE
2026-08-19T01:47:22.156511,0.0000000,0.0000000,0.00,0.0000,0.0000,0.0000,0.0,0.00,0.0,0.00,0.000,0.000,IDLE
2026-08-19T01:47:23.156502,0.0000000,0.0000000,0.00,0.0000,0.0000,0.0000,0.0,0.00,0.0,0.00,0.000,0.000,IDLE
2026-08-19T01:47:24.156502,0.0000000,0.0000000,0.00,0.0000,0.0000,0.0000,0.0,0.00,0.0,0.00,0.000,0.000,IDLE
2026-08-19T01:47:25.156572,0.0000000,0.0000000,0.00,0.0000,0.0000,0.0000,0.0,0.00,0.0,0.00,0.000,0.000,IDLE
2026-08-19T01:47:26.156903,0.0000000,0.0000000,0.00,0.0000,0.0000,0.0000,0.0,0.00,0.0,0.00,0.000,0.000,IDLE
2026-08-19T01:47:27.156487,0.0000000,0.0000000,0.00,0.0000,0.0000,0.0000,0.0,0.00,0.0,0.00,0.000,0.000,IDLE
2026-08-19T01:47:28.156581,0.0000000,0.0000000,0.00,0.0000,0.0000,0.0000,0.0,0.00,0.0,0.00,0.000,0.000,IDLE
2026-08-19T01:47:29.156601,0.0000000,0.0000000,0.00,0.0000,0.0000,0.0000,0.0,0.00,0.0,0.00,0.000,0.000,IDLE
2026-08-19T01:47:30.156538,0.0000000,0.0000000,0.00,0.0000,0.0000,0.0000,0.0,0.00,0.0,0.00,0.000,0.000,IDLE
2026-08-19T01:47:31.156530,0.0000000,0.0000000,0.00,0.0000,0.0000,0.0000,0.0,0.00,0.0,0.00,0.000,0.000,IDLE
2026-08-19T01:47:32.156495,0.0000000,0.0000000,0.00,0.0000,0.0000,0.0000,0.0,0.00,0.0,0.00,0.000,0.000,IDLE
2026-08-19T01:47:33.156469,0.0000000,0.0000000,0.00,0.0000,0.0000,0.0000,0.0,0.00,0.0,0.00,0.000,0.000,IDLE
2026-08-19T01:47:34.156506,0.0000000,0.0000000,0.00,0.0000,0.0000,0.0000,0.0,0.00,0.0,0.00,0.000,0.000,IDLE
2026-08-19T01:47:35.156891,0.0000000,0.0000000,0.00,0.0000,0.0000,0.0000,0.0,0.00,0.0,0.00,0.000,0.000,IDLE
2026-08-19T01:47:36.156597,0.0000000,0.0000000,0.00,0.0000,0.0000,0.0000,0.0,0.00,0.0,0.00,0.000,0.000,IDLE
2026-08-19T01:47:37.157048,0.0000000,0.0000000,0.00,0.0000,0.0000,0.0000,0.0,0.00,0.0,0.00,0.000,0.000,IDLE
2026-08-19T01:47:38.156621,0.0000000,0.0000000,0.00,0.0000,0.0000,0.0000,0.0,0.00,0.0,0.00,0.000,0.000,IDLE
2026-08-19T01:47:39.156579,0.0000000,0.0000000,0.00,0.0000,0.0000,0.0000,0.0,0.00,0.0,0.00,0.000,0.000,IDLE
2026-08-19T01:47:40.156768,0.0000000,0.0000000,0.00,0.0000,0.0000,0.0000,0.0,0.00,0.0,0.00,0.000,0.000,IDLE
2026-08-19T01:47:41.156935,0.0000000,0.0000000,0.00,0.0000,0.0000,0.0000,0.0,0.00,0.0,0.00,0.000,0.000,IDLE
2026-08-19T01:47:42.156551,0.0000000,0.0000000,0.00,0.0000,0.0000,0.0000,0.0,0.00,0.0,0.00,0.000,0.000,IDLE
2026-08-19T01:47:43.156760,0.0000000,0.0000000,0.00,0.0000,0.0000,0.0000,0.0,0.00,0.0,0.00,0.000,0.000,IDLE
2026-08-19T01:47:44.156646,0.0000000,0.0000000,0.00,0.0000,0.0000,0.0000,0.0,0.00,0.0,0.00,0.000,0.000,IDLE
2026-08-19T01:47:45.156553,0.0000000,0.0000000,0.00,0.0000,0.0000,0.0000,0.0,0.00,0.0,0.00,0.000,0.000,IDLE
2026-08-19T01:47:46.156615,0.0000000,0.0000000,0.00,0.0000,0.0000,0.0000,0.0,0.00,0.0,0.00,0.000,0.000,IDLE
2026-08-19T01:47:47.156544,0.0000000,0.0000000,0.00,0.0000,0.0000,0.0000,0.0,0.00,0.0,0.00,0.000,0.000,IDLE
2026-08-19T01:47:48.156610,0.0000000,0.0000000,0.00,0.0000,0.0000,0.0000,0.0,0.00,0.0,0.00,0.000,0.000,IDLE
2026-08-19T01:47:49.156734,0.0000000,0.0000000,0.00,0.0000,0.0000,0.0000,0.0,0.00,0.0,0.00,0.000,0.000,IDLE
2026-08-19T01:47:50.156506,0.0000000,0.0000000,0.00,0.0000,0.0000,0.0000,0.0,0.00,0.0,0.00,0.000,0.000,IDLE
2026-08-19T01:47:51.156830,0.0000000,0.0000000,0.00,0.0000,0.0000,0.0000,0.0,0.00,0.0,0.00,0.000,0.000,IDLE
2026-08-19T01:47:52.156572,0.0000000,0.0000000,0.00,0.0000,0.0000,0.0000,0.0,0.00,0.0,0.00,0.000,0.000,IDLE
2026-08-19T01:47:53.156569,0.0000000,0.0000000,0.00,0.0000,0.0000,0.0000,0.0,0.00,0.0,0.00,0.000,0.000,IDLE
2026-08-19T01:47:54.156501,0.0000000,0.0000000,0.00,0.0000,0.0000,0.0000,0.0,0.00,0.0,0.00,0.000,0.000,IDLE
2026-08-19T01:47:55.156492,0.0000000,0.0000000,0.00,0.0000,0.0000,0.0000,0.0,0.00,0.0,0.00,0.000,0.000,IDLE
2026-08-19T01:47:56.156649,0.0000000,0.0000000,0.00,0.0000,0.0000,0.0000,0.0,0.00,0.0,0.00,0.000,0.000,IDLE
2026-08-19T01:47:57.156539,0.0000000,0.0000000,0.00,0.0000,0.0000,0.0000,0.0,0.00,0.0,0.00,0.000,0.000,IDLE
2026-08-19T01:47:58.156613,0.0000000,0.0000000,0.00,0.0000,0.0000,0.0000,0.0,0.00,0.0,0.00,0.000,0.000,IDLE
2026-08-19T01:47:59.156519,0.0000000,0.0000000,0.00,0.0000,0.0000,0.0000,0.0,0.00,0.0,0.00,0.000,0.000,IDLE
2026-08-19T01:48:00.156514,0.0000000,0.0000000,0.00,0.0000,0.0000,0.0000,0.0,0.00,0.0,0.00,0.000,0.000,IDLE
2026-08-19T01:48:01.156506,0.0000000,0.0000000,0.00,0.0000,0.0000,0.0000,0.0,0.00,0.0,0.00,0.000,0.000,IDLE
2026-08-19T01:48:02.156582,0.0000000,0.0000000,0.00,0.0000,0.0000,0.0000,0.0,0.00,0.0,0.00,0.000,0.000,IDLE
2026-08-19T01:48:03.156524,0.0000000,0.0000000,0.00,0.0000,0.0000,0.0000,0.0,0.00,0.0,0.00,0.000,0.000,IDLE
2026-08-19T01:48:04.156492,0.0000000,0.0000000,0.00,0.0000,0.0000,0.0000,0.0,0.00,0.0,0.00,0.000,0.000,IDLE
2026-08-19T01:48:05.156576,0.0000000,0.0000000,0.00,0.0000,0.0000,0.0000,0.0,0.00,0.0,0.00,0.000,0.000,IDLE
2026-08-19T01:48:06.156545,0.0000000,0.0000000,0.00,0.0000,0.0000,0.0000,0.0,0.00,0.0,0.00,0.000,0.000,IDLE
2026-08-19T01:48:07.156570,0.0000000,0.0000000,0.00,0.0000,0.0000,0.0000,0.0,0.00,0.0,0.00,0.000,0.000,IDLE
2026-08-19T01:48:08.156527,0.0000000,0.0000000,0.00,0.0000,0.0000,0.0000,0.0,0.00,0.0,0.00,0.000,0.000,IDLE
2026-08-19T01:48:09.156900,0.0000000,0.0000000,0.00,0.0000,0.0000,0.0000,0.0,0.00,0.0,0.00,0.000,0.000,IDLE
2026-08-19T01:48:10.156623,0.0000000,0.0000000,0.00,0.0000,0.0000,0.0000,0.0,0.00,0.0,0.00,0.000,0.000,IDLE
2026-08-19T01:48:11.156526,0.0000000,0.0000000,0.00,0.0000,0.0000,0.0000,0.0,0.00,0.0,0.00,0.000,0.000,IDLE
2026-08-19T01:48:12.156520,0.0000000,0.0000000,0.00,0.0000,0.0000,0.0000,0.0,0.00,0.0,0.00,0.000,0.000,IDLE
2026-08-19T01:48:13.156524,0.0000000,0.0000000,0.00,0.0000,0.0000,0.0000,0.0,0.00,0.0,0.00,0.000,0.000,IDLE
2026-08-19T01:48:14.156598,0.0000000,0.0000000,0.00,0.0000,0.0000,0.0000,0.0,0.00,0.0,0.00,0.000,0.000,IDLE
2026-08-19T01:48:15.156608,0.0000000,0.0000000,0.00,0.0000,0.0000,0.0000,0.0,0.00,0.0,0.00,0.000,0.000,IDLE
2026-08-19T01:48:16.156559,0.0000000,0.0000000,0.00,0.0000,0.0000,0.0000,0.0,0.00,0.0,0.00,0.000,0.000,IDLE
2026-08-19T01:48:17.156506,0.0000000,0.0000000,0.00,0.0000,0.0000,0.0000,0.0,0.00,0.0,0.00,0.000,0.000,IDLE
2026-08-19T01:48:18.156508,0.0000000,0.0000000,0.00,0.0000,0.0000,0.0000,0.0,0.00,0.0,0.00,0.000,0.000,IDLE
2026-08-19T01:48:19.156631,0.0000000,0.0000000,0.00,0.0000,0.0000,0.0000,0.0,0.00,0.0,0.00,0.000,0.000,IDLE
2026-08-19T01:48:20.156695,0.0000000,0.0000000,0.00,0.0000,0.0000,0.0000,0.0,0.00,0.0,0.00,0.000,0.000,IDLE
2026-08-19T01:48:21.156519,0.0000000,0.0000000,0.00,0.0000,0.0000,0.0000,0.0,0.00,0.0,0.00,0.000,0.000,IDLE
2026-08-19T01:48:22.156525,0.0000000,0.0000000,0.00,0.0000,0.0000,0.0000,0.0,0.00,0.0,0.00,0.000,0.000,IDLE
2026-08-19T01:48:23.156697,0.0000000,0.0000000,0.00,0.0000,0.0000,0.0000,0.0,0.00,0.0,0.00,0.000,0.000,IDLE
2026-08-19T01:48:24.156522,0.0000000,0.0000000,0.00,0.0000,0.0000,0.0000,0.0,0.00,0.0,0.00,0.000,0.000,IDLE
2026-08-19T01:48:25.156601,0.0000000,0.0000000,0.00,0.0000,0.0000,0.0000,0.0,0.00,0.0,0.00,0.000,0.000,IDLE
2026-08-19T01:48:26.156519,0.0000000,0.0000000,0.00,0.0000,0.0000,0.0000,0.0,0.00,0.0,0.00,0.000,0.000,IDLE
2026-08-19T01:48:27.156500,0.0000000,0.0000000,0.00,0.0000,0.0000,0.0000,0.0,0.00,0.0,0.00,0.000,0.000,IDLE
2026-08-19T01:48:28.156660,0.0000000,0.0000000,0.00,0.0000,0.0000,0.0000,0.0,0.00,0.0,0.00,0.000,0.000,IDLE
2026-08-19T01:48:29.156635,0.0000000,0.0000000,0.00,0.0000,0.0000,0.0000,0.0,0.00,0.0,0.00,0.000,0.000,IDLE
2026-08-19T01:48:30.156631,0.0000000,0.0000000,0.00,0.0000,0.0000,0.0000,0.0,0.00,0.0,0.00,0.000,0.000,IDLE
2026-08-19T01:48:31.156643,0.0000000,0.0000000,0.00,0.0000,0.0000,0.0000,0.0,0.00,0.0,0.00,0.000,0.000,IDLE
2026-08-19T01:48:32.156596,0.0000000,0.0000000,0.00,0.0000,0.0000,0.0000,0.0,0.00,0.0,0.00,0.000,0.000,IDLE
2026-08-19T01:48:33.156604,0.0000000,0.0000000,0.00,0.0000,0.0000,0.0000,0.0,0.00,0.0,0.00,0.000,0.000,IDLE
2026-08-19T01:48:34.156577,0.0000000,0.0000000,0.00,0.0000,0.0000,0.0000,0.0,0.00,0.0,0.00,0.000,0.000,IDLE
2026-08-19T01:48:35.156805,0.0000000,0.0000000,0.00,0.0000,0.0000,0.0000,0.0,0.00,0.0,0.00,0.000,0.000,IDLE
2026-08-19T01:48:36.156571,0.0000000,0.0000000,0.00,0.0000,0.0000,0.0000,0.0,0.00,0.0,0.00,0.000,0.000,IDLE
2026-08-19T01:48:37.156664,0.0000000,0.0000000,0.00,0.0000,0.0000,0.0000,0.0,0.00,0.0,0.00,0.000,0.000,IDLE
2026-08-19T01:48:38.156601,0.0000000,0.0000000,0.00,0.0000,0.0000,0.0000,0.0,0.00,0.0,0.00,0.000,0.000,IDLE
2026-08-19T01:48:39.156616,0.0000000,0.0000000,0.00,0.0000,0.0000,0.0000,0.0,0.00,0.0,0.00,0.000,0.000,IDLE
2026-08-19T01:48:40.156522,0.0000000,0.0000000,0.00,0.0000,0.0000,0.0000,0.0,0.00,0.0,0.00,0.000,0.000,IDLE
2026-08-19T01:48:41.156671,0.0000000,0.0000000,0.00,0.0000,0.0000,0.0000,0.0,0.00,0.0,0.00,0.000,0.000,IDLE
2026-08-19T01:48:42.157082,0.0000000,0.0000000,0.00,0.0000,0.0000,0.0000,0.0,0.00,0.0,0.00,0.000,0.000,IDLE
2026-08-19T01:48:43.156630,0.0000000,0.0000000,0.00,0.0000,0.0000,0.0000,0.0,0.00,0.0,0.00,0.000,0.000,IDLE
2026-08-19T01:48:44.156564,0.0000000,0.0000000,0.00,0.0000,0.0000,0.0000,0.0,0.00,0.0,0.00,0.000,0.000,IDLE
2026-08-19T01:48:45.156492,0.0000000,0.0000000,0.00,0.0000,0.0000,0.0000,0.0,0.00,0.0,0.00,0.000,0.000,IDLE
2026-08-19T01:48:46.156799,0.0000000,0.0000000,0.00,0.0000,0.0000,0.0000,0.0,0.00,0.0,0.00,0.000,0.000,IDLE
2026-08-19T01:48:47.156701,0.0000000,0.0000000,0.00,0.0000,0.0000,0.0000,0.0,0.00,0.0,0.00,0.000,0.000,IDLE
2026-08-19T01:48:48.156517,0.0000000,0.0000000,0.00,0.0000,0.0000,0.0000,0.0,0.00,0.0,0.00,0.000,0.000,IDLE
2026-08-19T01:48:49.156779,0.0000000,0.0000000,0.00,0.0000,0.0000,0.0000,0.0,0.00,0.0,0.00,0.000,0.000,IDLE
2026-08-19T01:48:50.157294,0.0000000,0.0000000,0.00,0.0000,0.0000,0.0000,0.0,0.00,0.0,0.00,0.000,0.000,IDLE
2026-08-19T01:48:51.156701,0.0000000,0.0000000,0.00,0.0000,0.0000,0.0000,0.0,0.00,0.0,0.00,0.000,0.000,IDLE
2026-08-19T01:48:52.156579,0.0000000,0.0000000,0.00,0.0000,0.0000,0.0000,0.0,0.00,0.0,0.00,0.000,0.000,IDLE
2026-08-19T01:48:53.156498,0.0000000,0.0000000,0.00,0.0000,0.0000,0.0000,0.0,0.00,0.0,0.00,0.000,0.000,IDLE
2026-08-19T01:48:54.156515,0.0000000,0.0000000,0.00,0.0000,0.0000,0.0000,0.0,0.00,0.0,0.00,0.000,0.000,IDLE
2026-08-19T01:48:55.156586,0.0000000,0.0000000,0.00,0.0000,0.0000,0.0000,0.0,0.00,0.0,0.00,0.000,0.000,IDLE
2026-08-19T01:48:56.156576,0.0000000,0.0000000,0.00,0.0000,0.0000,0.0000,0.0,0.00,0.0,0.00,0.000,0.000,IDLE
2026-08-19T01:48:57.156518,0.0000000,0.0000000,0.00,0.0000,0.0000,0.0000,0.0,0.00,0.0,0.00,0.000,0.000,IDLE
2026-08-19T01:48:58.156555,0.0000000,0.0000000,0.00,0.0000,0.0000,0.0000,0.0,0.00,0.0,0.00,0.000,0.000,IDLE
2026-08-19T01:48:59.156664,0.0000000,0.0000000,0.00,0.0000,0.0000,0.0000,0.0,0.00,0.0,0.00,0.000,0.000,IDLE
2026-08-19T01:49:00.156689,0.0000000,0.0000000,0.00,0.0000,0.0000,0.0000,0.0,0.00,0.0,0.00,0.000,0.000,IDLE
2026-08-19T01:49:01.156579,0.0000000,0.0000000,0.00,0.0000,0.0000,0.0000,0.0,0.00,0.0,0.00,0.000,0.000,IDLE
2026-08-19T01:49:02.156609,0.0000000,0.0000000,0.00,0.0000,0.0000,0.0000,0.0,0.00,0.0,0.00,0.000,0.000,IDLE
2026-08-19T01:49:03.156571,0.0000000,0.0000000,0.00,0.0000,0.0000,0.0000,0.0,0.00,0.0,0.00,0.000,0.000,IDLE
2026-08-19T01:49:04.156507,0.0000000,0.0000000,0.00,0.0000,0.0000,0.0000,0.0,0.00,0.0,0.00,0.000,0.000,IDLE
2026-08-19T01:49:05.156801,0.0000000,0.0000000,0.00,0.0000,0.0000,0.0000,0.0,0.00,0.0,0.00,0.000,0.000,IDLE
2026-08-19T01:49:06.157029,0.0000000,0.0000000,0.00,0.0000,0.0000,0.0000,0.0,0.00,0.0,0.00,0.000,0.000,IDLE
2026-08-19T01:49:07.156475,0.0000000,0.0000000,0.00,0.0000,0.0000,0.0000,0.0,0.00,0.0,0.00,0.000,0.000,IDLE
2026-08-19T01:49:08.156630,0.0000000,0.0000000,0.00,0.0000,0.0000,0.0000,0.0,0.00,0.0,0.00,0.000,0.000,IDLE
2026-08-19T01:49:09.156569,0.0000000,0.0000000,0.00,0.0000,0.0000,0.0000,0.0,0.00,0.0,0.00,0.000,0.000,IDLE
2026-08-19T01:49:10.156532,0.0000000,0.0000000,0.00,0.0000,0.0000,0.0000,0.0,0.00,0.0,0.00,0.000,0.000,IDLE
2026-08-19T01:49:11.156491,0.0000000,0.0000000,0.00,0.0000,0.0000,0.0000,0.0,0.00,0.0,0.00,0.000,0.000,IDLE
2026-08-19T01:49:12.156501,0.0000000,0.0000000,0.00,0.0000,0.0000,0.0000,0.0,0.00,0.0,0.00,0.000,0.000,IDLE
2026-08-19T01:49:13.156556,0.0000000,0.0000000,0.00,0.0000,0.0000,0.0000,0.0,0.00,0.0,0.00,0.000,0.000,IDLE
2026-08-19T01:49:14.156602,0.0000000,0.0000000,0.00,0.0000,0.0000,0.0000,0.0,0.00,0.0,0.00,0.000,0.000,IDLE
2026-08-19T01:49:15.156482,0.0000000,0.0000000,0.00,0.0000,0.0000,0.0000,0.0,0.00,0.0,0.00,0.000,0.000,IDLE
2026-08-19T01:49:16.156503,0.0000000,0.0000000,0.00,0.0000,0.0000,0.0000,0.0,0.00,0.0,0.00,0.000,0.000,IDLE
2026-08-19T01:49:17.156473,0.0000000,0.0000000,0.00,0.0000,0.0000,0.0000,0.0,0.00,0.0,0.00,0.000,0.000,IDLE
2026-08-19T01:49:18.156503,0.0000000,0.0000000,0.00,0.0000,0.0000,0.0000,0.0,0.00,0.0,0.00,0.000,0.000,IDLE
2026-08-19T01:49:19.156540,0.0000000,0.0000000,0.00,0.0000,0.0000,0.0000,0.0,0.00,0.0,0.00,0.000,0.000,IDLE
2026-08-19T01:49:20.156494,0.0000000,0.0000000,0.00,0.0000,0.0000,0.0000,0.0,0.00,0.0,0.00,0.000,0.000,IDLE
2026-08-19T01:49:21.156587,0.0000000,0.0000000,0.00,0.0000,0.0000,0.0000,0.0,0.00,0.0,0.00,0.000,0.000,IDLE
2026-08-19T01:49:22.156542,0.0000000,0.0000000,0.00,0.0000,0.0000,0.0000,0.0,0.00,0.0,0.00,0.000,0.000,IDLE
2026-08-19T01:49:23.156579,0.0000000,0.0000000,0.00,0.0000,0.0000,0.0000,0.0,0.00,0.0,0.00,0.000,0.000,IDLE
2026-08-19T01:49:24.156626,0.0000000,0.0000000,0.00,0.0000,0.0000,0.0000,0.0,0.00,0.0,0.00,0.000,0.000,IDLE
2026-08-19T01:49:25.156511,0.0000000,0.0000000,0.00,0.0000,0.0000,0.0000,0.0,0.00,0.0,0.00,0.000,0.000,IDLE
2026-08-19T01:49:26.156750,0.0000000,0.0000000,0.00,0.0000,0.0000,0.0000,0.0,0.00,0.0,0.00,0.000,0.000,IDLE
2026-08-19T01:49:27.156644,0.0000000,0.0000000,0.00,0.0000,0.0000,0.0000,0.0,0.00,0.0,0.00,0.000,0.000,IDLE
2026-08-19T01:49:28.156504,0.0000000,0.0000000,0.00,0.0000,0.0000,0.0000,0.0,0.00,0.0,0.00,0.000,0.000,IDLE
2026-08-19T01:49:29.157252,0.0000000,0.0000000,0.00,0.0000,0.0000,0.0000,0.0,0.00,0.0,0.00,0.000,0.000,IDLE
2026-08-19T01:49:30.156750,0.0000000,0.0000000,0.00,0.0000,0.0000,0.0000,0.0,0.00,0.0,0.00,0.000,0.000,IDLE
2026-08-19T01:49:31.156636,0.0000000,0.0000000,0.00,0.0000,0.0000,0.0000,0.0,0.00,0.0,0.00,0.000,0.000,IDLE
2026-08-19T01:49:32.156592,0.0000000,0.0000000,0.00,0.0000,0.0000,0.0000,0.0,0.00,0.0,0.00,0.000,0.000,IDLE
2026-08-19T01:49:33.156502,0.0000000,0.0000000,0.00,0.0000,0.0000,0.0000,0.0,0.00,0.0,0.00,0.000,0.000,IDLE
2026-08-19T01:49:34.156585,0.0000000,0.0000000,0.00,0.0000,0.0000,0.0000,0.0,0.00,0.0,0.00,0.000,0.000,IDLE
2026-08-19T01:49:35.156580,0.0000000,0.0000000,0.00,0.0000,0.0000,0.0000,0.0,0.00,0.0,0.00,0.000,0.000,IDLE
2026-08-19T01:49:36.156543,0.0000000,0.0000000,0.00,0.0000,0.0000,0.0000,0.0,0.00,0.0,0.00,0.000,0.000,IDLE
2026-08-19T01:49:37.156651,0.0000000,0.0000000,0.00,0.0000,0.0000,0.0000,0.0,0.00,0.0,0.00,0.000,0.000,IDLE
2026-08-19T01:49:38.156606,0.0000000,0.0000000,0.00,0.0000,0.0000,0.0000,0.0,0.00,0.0,0.00,0.000,0.000,IDLE
2026-08-19T01:49:39.156664,0.0000000,0.0000000,0.00,0.0000,0.0000,0.0000,0.0,0.00,0.0,0.00,0.000,0.000,IDLE
2026-08-19T01:49:40.156571,0.0000000,0.0000000,0.00,0.0000,0.0000,0.0000,0.0,0.00,0.0,0.00,0.000,0.000,IDLE
2026-08-19T01:49:41.156556,0.0000000,0.0000000,0.00,0.0000,0.0000,0.0000,0.0,0.00,0.0,0.00,0.000,0.000,IDLE
2026-08-19T01:49:42.156870,0.0000000,0.0000000,0.00,0.0000,0.0000,0.0000,0.0,0.00,0.0,0.00,0.000,0.000,IDLE
2026-08-19T01:49:43.156668,0.0000000,0.0000000,0.00,0.0000,0.0000,0.0000,0.0,0.00,0.0,0.00,0.000,0.000,IDLE
2026-08-19T01:49:44.156601,0.0000000,0.0000000,0.00,0.0000,0.0000,0.0000,0.0,0.00,0.0,0.00,0.000,0.000,IDLE
2026-08-19T01:49:45.156661,0.0000000,0.0000000,0.00,0.0000,0.0000,0.0000,0.0,0.00,0.0,0.00,0.000,0.000,IDLE
2026-08-19T01:49:46.158609,0.0000000,0.0000000,0.00,0.0000,0.0000,0.0000,0.0,0.00,0.0,0.00,0.000,0.000,IDLE
2026-08-19T01:49:47.156615,0.0000000,0.0000000,0.00,0.0000,0.0000,0.0000,0.0,0.00,0.0,0.00,0.000,0.000,IDLE
2026-08-19T01:49:48.156597,0.0000000,0.0000000,0.00,0.0000,0.0000,0.0000,0.0,0.00,0.0,0.00,0.000,0.000,IDLE
2026-08-19T01:49:49.156660,0.0000000,0.0000000,0.00,0.0000,0.0000,0.0000,0.0,0.00,0.0,0.00,0.000,0.000,IDLE
2026-08-19T01:49:50.156690,0.0000000,0.0000000,0.00,0.0000,0.0000,0.0000,0.0,0.00,0.0,0.00,0.000,0.000,IDLE
2026-08-19T01:49:51.156651,0.0000000,0.0000000,0.00,0.0000,0.0000,0.0000,0.0,0.00,0.0,0.00,0.000,0.000,IDLE
2026-08-19T01:49:52.156538,0.0000000,0.0000000,0.00,0.0000,0.0000,0.0000,0.0,0.00,0.0,0.00,0.000,0.000,IDLE
2026-08-19T01:49:53.156788,0.0000000,0.0000000,0.00,0.0000,0.0000,0.0000,0.0,0.00,0.0,0.00,0.000,0.000,IDLE
2026-08-19T01:49:54.156687,0.0000000,0.0000000,0.00,0.0000,0.0000,0.0000,0.0,0.00,0.0,0.00,0.000,0.000,IDLE
2026-08-19T01:49:55.156606,0.0000000,0.0000000,0.00,0.0000,0.0000,0.0000,0.0,0.00,0.0,0.00,0.000,0.000,IDLE
2026-08-19T01:49:56.156616,0.0000000,0.0000000,0.00,0.0000,0.0000,0.0000,0.0,0.00,0.0,0.00,0.000,0.000,IDLE
2026-08-19T01:49:57.156500,0.0000000,0.0000000,0.00,0.0000,0.0000,0.0000,0.0,0.00,0.0,0.00,0.000,0.000,IDLE
2026-08-19T01:49:58.156565,0.0000000,0.0000000,0.00,0.0000,0.0000,0.0000,0.0,0.00,0.0,0.00,0.000,0.000,IDLE
2026-08-19T01:49:59.156654,0.0000000,0.0000000,0.00,0.0000,0.0000,0.0000,0.0,0.00,0.0,0.00,0.000,0.000,IDLE
2026-08-19T01:50:00.156509,0.0000000,0.0000000,0.00,0.0000,0.0000,0.0000,0.0,0.00,0.0,0.00,0.000,0.000,IDLE
2026-08-19T01:50:01.156495,0.0000000,0.0000000,0.00,0.0000,0.0000,0.0000,0.0,0.00,0.0,0.00,0.000,0.000,IDLE
2026-08-19T01:50:02.156669,0.0000000,0.0000000,0.00,0.0000,0.0000,0.0000,0.0,0.00,0.0,0.00,0.000,0.000,IDLE
2026-08-19T01:50:03.156779,0.0000000,0.0000000,0.00,0.0000,0.0000,0.0000,0.0,0.00,0.0,0.00,0.000,0.000,IDLE
2026-08-19T01:50:04.156541,0.0000000,0.0000000,0.00,0.0000,0.0000,0.0000,0.0,0.00,0.0,0.00,0.000,0.000,IDLE
2026-08-19T01:50:05.156548,0.0000000,0.0000000,0.00,0.0000,0.0000,0.0000,0.0,0.00,0.0,0.00,0.000,0.000,IDLE
2026-08-19T01:50:06.156471,0.0000000,0.0000000,0.00,0.0000,0.0000,0.0000,0.0,0.00,0.0,0.00,0.000,0.000,IDLE
2026-08-19T01:50:07.156618,0.0000000,0.0000000,0.00,0.0000,0.0000,0.0000,0.0,0.00,0.0,0.00,0.000,0.000,IDLE
2026-08-19T01:50:08.156537,0.0000000,0.0000000,0.00,0.0000,0.0000,0.0000,0.0,0.00,0.0,0.00,0.000,0.000,IDLE
2026-08-19T01:50:09.156755,0.0000000,0.0000000,0.00,0.0000,0.0000,0.0000,0.0,0.00,0.0,0.00,0.000,0.000,IDLE
2026-08-19T01:50:10.156545,0.0000000,0.0000000,0.00,0.0000,0.0000,0.0000,0.0,0.00,0.0,0.00,0.000,0.000,IDLE
2026-08-19T01:50:11.156563,0.0000000,0.0000000,0.00,0.0000,0.0000,0.0000,0.0,0.00,0.0,0.00,0.000,0.000,IDLE
2026-08-19T01:50:12.156712,0.0000000,0.0000000,0.00,0.0000,0.0000,0.0000,0.0,0.00,0.0,0.00,0.000,0.000,IDLE
2026-08-19T01:50:13.156583,0.0000000,0.0000000,0.00,0.0000,0.0000,0.0000,0.0,0.00,0.0,0.00,0.000,0.000,IDLE
2026-08-19T01:50:14.156544,0.0000000,0.0000000,0.00,0.0000,0.0000,0.0000,0.0,0.00,0.0,0.00,0.000,0.000,IDLE
2026-08-19T01:50:15.156558,0.0000000,0.0000000,0.00,0.0000,0.0000,0.0000,0.0,0.00,0.0,0.00,0.000,0.000,IDLE
2026-08-19T01:50:16.156544,0.0000000,0.0000000,0.00,0.0000,0.0000,0.0000,0.0,0.00,0.0,0.00,0.000,0.000,IDLE
2026-08-19T01:50:17.156680,0.0000000,0.0000000,0.00,0.0000,0.0000,0.0000,0.0,0.00,0.0,0.00,0.000,0.000,IDLE
2026-08-19T01:50:18.156600,0.0000000,0.0000000,0.00,0.0000,0.0000,0.0000,0.0,0.00,0.0,0.00,0.000,0.000,IDLE
