timestamp,lat,lon,alt,roll,pitch,yaw,heading,groundspeed,cmd_linear_x,cmd_angular_z,mission_phase
2026-08-17T10:22:39.399955,0.0000000,0.0000000,-0.26,-0.0457,0.0632,-0.7047,319.0,0.00,0.000,0.000,IDLE
2026-08-17T10:22:40.398395,0.0000000,0.0000000,-0.33,-0.0447,0.0634,-0.7017,319.0,0.00,0.000,0.000,IDLE
2026-08-17T10:22:41.398570,0.0000000,0.0000000,-0.46,0.0559,0.3167,-0.7057,319.0,0.00,0.000,0.000,IDLE
2026-08-17T10:22:42.398442,0.0000000,0.0000000,-0.50,0.0106,0.0767,-0.7343,317.0,0.00,0.000,0.000,IDLE
2026-08-17T10:22:43.398403,0.0000000,0.0000000,-0.67,0.0242,0.0677,-0.7360,317.0,0.00,0.000,0.000,IDLE
2026-08-17T10:22:44.398342,0.0000000,0.0000000,-0.31,0.0066,0.0742,-0.7408,317.0,0.00,0.000,0.000,IDLE
2026-08-17T10:22:45.398366,0.0000000,0.0000000,-0.56,0.0226,0.0630,-0.7311,318.0,0.00,0.000,0.000,IDLE
2026-08-17T10:22:46.398410,0.0000000,0.0000000,-0.60,-0.0210,0.0743,-0.7448,317.0,0.00,0.000,0.000,IDLE
2026-08-17T10:22:47.398338,0.0000000,0.0000000,-0.30,-0.0217,0.0757,-0.7375,317.0,0.00,0.000,0.000,IDLE
2026-08-17T10:22:48.398343,0.0000000,0.0000000,-0.17,-0.0268,0.0760,-0.7505,317.0,0.00,0.000,0.000,IDLE
2026-08-17T10:22:49.398519,0.0000000,0.0000000,-0.24,-0.0373,0.0732,-0.7485,317.0,0.00,0.000,0.000,IDLE
2026-08-17T10:22:50.398348,0.0000000,0.0000000,-0.18,-0.0444,0.0692,-0.7295,318.0,0.00,0.000,0.000,IDLE
2026-08-17T10:22:51.398335,0.0000000,0.0000000,-0.44,-0.0477,0.0663,-0.7213,318.0,0.00,0.000,0.000,IDLE
2026-08-17T10:22:52.398409,0.0000000,0.0000000,-0.53,-0.0432,0.0698,-0.7261,318.0,0.00,0.000,0.000,IDLE
2026-08-17T10:22:53.398429,0.0000000,0.0000000,-0.59,-0.0399,0.0748,-0.7408,317.0,0.00,0.000,0.000,IDLE
2026-08-17T10:22:54.398373,0.0000000,0.0000000,-0.33,-0.0335,0.0746,-0.7387,317.0,0.00,0.000,0.000,IDLE
2026-08-17T10:22:55.398370,0.0000000,0.0000000,-0.36,-0.0578,0.0672,-0.7429,317.0,0.00,0.000,0.000,IDLE
2026-08-17T10:22:56.398667,0.0000000,0.0000000,-0.22,-0.0338,0.0711,-0.7493,317.0,0.00,0.000,0.000,IDLE
2026-08-17T10:22:57.398521,0.0000000,0.0000000,-0.32,-0.0319,0.0733,-0.7545,316.0,0.00,0.000,0.000,IDLE
2026-08-17T10:22:58.398398,0.0000000,0.0000000,-0.29,-0.0490,0.0673,-0.7656,316.0,0.00,0.000,0.000,IDLE
2026-08-17T10:22:59.398733,0.0000000,0.0000000,-0.48,-0.0906,0.0494,-0.7342,317.0,0.00,0.000,0.000,IDLE
2026-08-17T10:23:00.398348,0.0000000,0.0000000,-0.47,-0.0676,0.0540,-0.7360,317.0,0.00,0.000,0.000,IDLE
2026-08-17T10:23:01.398480,0.0000000,0.0000000,-0.26,-0.0676,0.0523,-0.7414,317.0,0.00,0.000,0.000,IDLE
2026-08-17T10:23:02.398605,0.0000000,0.0000000,-0.31,-0.0780,0.0509,-0.7544,316.0,0.00,0.000,0.000,IDLE
2026-08-17T10:23:03.398413,0.0000000,0.0000000,-0.31,-0.0781,0.0505,-0.7524,316.0,0.00,0.000,0.000,IDLE
2026-08-17T10:23:04.398516,0.0000000,0.0000000,-0.35,-0.0789,0.0503,-0.7464,317.0,0.00,0.000,0.000,IDLE
2026-08-17T10:23:05.398934,0.0000000,0.0000000,-0.19,-0.0790,0.0501,-0.7462,317.0,0.00,0.000,0.000,IDLE
2026-08-17T10:23:06.398348,0.0000000,0.0000000,-0.03,-0.0777,0.0511,-0.7535,316.0,0.00,0.000,0.000,IDLE
2026-08-17T10:23:07.398456,0.0000000,0.0000000,-0.14,-0.0790,0.0518,-0.7767,315.0,0.00,0.000,0.000,IDLE
2026-08-17T10:23:08.398455,0.0000000,0.0000000,-0.21,-0.0907,0.0536,-0.8050,313.0,0.00,0.000,0.000,IDLE
2026-08-17T10:23:09.399010,0.0000000,0.0000000,-0.03,-0.0764,0.0578,-0.8065,313.0,0.00,0.000,0.000,IDLE
2026-08-17T10:23:10.398444,0.0000000,0.0000000,-0.12,-0.0815,0.0532,-0.8042,313.0,0.00,0.000,0.000,IDLE
2026-08-17T10:23:11.398554,0.0000000,0.0000000,-0.02,-0.0864,0.0517,-0.8121,313.0,0.00,0.000,0.000,IDLE
2026-08-17T10:23:12.398632,0.0000000,0.0000000,-0.23,-0.0885,0.0502,-0.8238,312.0,0.00,0.000,0.000,IDLE
2026-08-17T10:23:13.398399,0.0000000,0.0000000,-0.24,-0.0908,0.0475,-0.8338,312.0,0.00,0.000,0.000,IDLE
2026-08-17T10:23:14.399478,0.0000000,0.0000000,-0.12,-0.0875,0.0500,-0.8335,312.0,0.00,0.000,0.000,IDLE
2026-08-17T10:23:15.398495,0.0000000,0.0000000,-0.16,-0.0798,0.0544,-0.8453,311.0,0.00,0.000,0.000,IDLE
2026-08-17T10:23:16.398440,0.0000000,0.0000000,-0.19,-0.0842,0.0530,-0.8399,311.0,0.00,0.000,0.000,IDLE
2026-08-17T10:23:17.398371,0.0000000,0.0000000,-0.05,-0.0819,0.0534,-0.8394,311.0,0.00,0.000,0.000,IDLE
2026-08-17T10:23:18.398436,0.0000000,0.0000000,-0.07,-0.0843,0.0532,-0.8419,311.0,0.00,0.000,0.000,IDLE
2026-08-17T10:23:19.398477,0.0000000,0.0000000,-0.03,-0.0822,0.0541,-0.8456,311.0,0.00,0.000,0.000,IDLE
2026-08-17T10:23:20.398387,0.0000000,0.0000000,0.14,-0.0823,0.0538,-0.8458,311.0,0.00,0.000,0.000,IDLE
2026-08-17T10:23:21.398377,0.0000000,0.0000000,0.00,-0.0751,0.0565,-0.8399,311.0,0.00,0.000,0.000,IDLE
2026-08-17T10:23:22.398449,0.0000000,0.0000000,0.06,-0.0761,0.0553,-0.8543,311.0,0.00,0.000,0.000,IDLE
2026-08-17T10:23:23.399142,0.0000000,0.0000000,-0.17,-0.0772,0.0538,-0.8911,308.0,0.00,0.000,0.000,IDLE
2026-08-17T10:23:24.398372,0.0000000,0.0000000,0.01,-0.0773,0.0537,-0.9032,308.0,0.00,0.000,0.000,IDLE
2026-08-17T10:23:25.398362,0.0000000,0.0000000,0.12,-0.0773,0.0537,-0.9160,307.0,0.00,0.000,0.000,IDLE
2026-08-17T10:23:26.398381,0.0000000,0.0000000,0.09,-0.0851,0.0518,-0.9586,305.0,0.00,0.000,0.000,IDLE
2026-08-17T10:23:27.398341,0.0000000,0.0000000,0.57,-0.0818,0.0537,-0.9410,306.0,0.00,0.000,0.000,IDLE
2026-08-17T10:23:28.398475,0.0000000,0.0000000,0.39,-0.0797,0.0556,-0.9152,307.0,0.00,0.000,0.000,IDLE
2026-08-17T10:23:29.398411,0.0000000,0.0000000,0.21,-0.0782,0.0570,-0.8915,308.0,0.00,0.000,0.000,IDLE
2026-08-17T10:23:30.398433,0.0000000,0.0000000,0.16,-0.0819,0.0545,-0.8820,309.0,0.00,0.000,0.000,IDLE
2026-08-17T10:23:31.398288,0.0000000,0.0000000,0.14,-0.0829,0.0542,-0.8724,310.0,0.00,0.000,0.000,IDLE
2026-08-17T10:23:32.398513,0.0000000,0.0000000,0.19,-0.0781,0.0364,-0.8986,308.0,0.00,0.000,0.000,IDLE
2026-08-17T10:23:33.402577,0.0000000,0.0000000,0.07,-0.0877,0.0510,-0.8896,309.0,0.00,0.000,0.000,IDLE
2026-08-17T10:23:34.399262,0.0000000,0.0000000,0.18,-0.0897,0.0502,-0.8794,309.0,0.00,0.000,0.000,IDLE
2026-08-17T10:23:35.398568,0.0000000,0.0000000,0.01,-0.0892,0.0498,-0.8677,310.0,0.00,0.000,0.000,IDLE
2026-08-17T10:23:36.398683,0.0000000,0.0000000,-0.13,-0.0889,0.0512,-0.8584,310.0,0.00,0.000,0.000,IDLE
2026-08-17T10:23:37.398637,0.0000000,0.0000000,0.22,-0.0884,0.0504,-0.8430,311.0,0.00,0.000,0.000,IDLE
2026-08-17T10:23:38.398392,0.0000000,0.0000000,0.00,-0.0879,0.0495,-0.8355,312.0,0.00,0.000,0.000,IDLE
2026-08-17T10:23:39.398651,0.0000000,0.0000000,-0.05,-0.0885,0.0516,-0.8375,312.0,0.00,0.000,0.000,IDLE
2026-08-17T10:23:40.398375,0.0000000,0.0000000,0.00,-0.0887,0.0512,-0.8364,312.0,0.00,0.000,0.000,IDLE
2026-08-17T10:23:41.398379,0.0000000,0.0000000,0.03,-0.0886,0.0514,-0.8262,312.0,0.00,0.000,0.000,IDLE
2026-08-17T10:23:42.398431,0.0000000,0.0000000,0.00,-0.0896,0.0510,-0.8198,313.0,0.00,0.000,0.000,IDLE
2026-08-17T10:23:43.398357,0.0000000,0.0000000,-0.04,-0.0873,0.0518,-0.8174,313.0,0.00,0.000,0.000,IDLE
2026-08-17T10:23:44.398442,0.0000000,0.0000000,-0.10,-0.0903,0.0501,-0.8096,313.0,0.00,0.000,0.000,IDLE
2026-08-17T10:23:45.398402,0.0000000,0.0000000,0.03,-0.0851,0.0897,-0.8069,313.0,0.00,0.000,0.000,IDLE
2026-08-17T10:23:46.398385,0.0000000,0.0000000,0.06,-0.0867,0.0559,-0.8060,313.0,0.00,0.000,0.000,IDLE
2026-08-17T10:23:47.398363,0.0000000,0.0000000,-0.01,-0.0879,0.0581,-0.8203,313.0,0.00,0.000,0.000,IDLE
2026-08-17T10:23:48.398488,0.0000000,0.0000000,0.09,-0.0890,0.0563,-0.8174,313.0,0.00,0.000,0.000,IDLE
2026-08-17T10:23:49.398464,0.0000000,0.0000000,0.02,-0.0894,0.0556,-0.8184,313.0,0.00,0.000,0.000,IDLE
2026-08-17T10:23:50.398704,0.0000000,0.0000000,0.21,-0.0894,0.0555,-0.8182,313.0,0.00,0.000,0.000,IDLE
2026-08-17T10:23:51.398494,0.0000000,0.0000000,0.17,-0.0894,0.0554,-0.8160,313.0,0.00,0.000,0.000,IDLE
2026-08-17T10:23:52.398419,0.0000000,0.0000000,0.12,-0.0896,0.0550,-0.8169,313.0,0.00,0.000,0.000,IDLE
2026-08-17T10:23:53.398590,0.0000000,0.0000000,0.28,-0.0901,0.0548,-0.8200,313.0,0.00,0.000,0.000,IDLE
2026-08-17T10:23:54.398708,0.0000000,0.0000000,0.17,-0.0904,0.0544,-0.8214,312.0,0.00,0.000,0.000,IDLE
2026-08-17T10:23:55.398409,0.0000000,0.0000000,0.12,-0.0908,0.0542,-0.8229,312.0,0.00,0.000,0.000,IDLE
2026-08-17T10:23:56.398431,0.0000000,0.0000000,0.10,-0.0910,0.0540,-0.8235,312.0,0.00,0.000,0.000,IDLE
2026-08-17T10:23:57.400324,0.0000000,0.0000000,0.26,-0.0912,0.0540,-0.8238,312.0,0.00,0.000,0.000,IDLE
2026-08-17T10:23:58.398420,0.0000000,0.0000000,-0.04,-0.0914,0.0537,-0.8242,312.0,0.00,0.000,0.000,IDLE
2026-08-17T10:23:59.398357,0.0000000,0.0000000,0.09,-0.0916,0.0538,-0.8265,312.0,0.00,0.000,0.000,IDLE
2026-08-17T10:24:00.398391,0.0000000,0.0000000,0.06,-0.0922,0.0533,-0.8359,312.0,0.00,0.000,0.000,IDLE
2026-08-17T10:24:01.398357,0.0000000,0.0000000,0.13,-0.0919,0.0535,-0.8347,312.0,0.00,0.000,0.000,IDLE
2026-08-17T10:24:02.398470,0.0000000,0.0000000,0.06,-0.0915,0.0538,-0.8313,312.0,0.00,0.000,0.000,IDLE
2026-08-17T10:24:03.398459,0.0000000,0.0000000,0.09,-0.0911,0.0544,-0.8235,312.0,0.00,0.000,0.000,IDLE
2026-08-17T10:24:04.399069,0.0000000,0.0000000,0.03,-0.0916,0.0541,-0.8295,312.0,0.00,0.000,0.000,IDLE
2026-08-17T10:24:05.398801,0.0000000,0.0000000,0.05,-0.0917,0.0542,-0.8269,312.0,0.00,0.000,0.000,IDLE
2026-08-17T10:24:06.398401,0.0000000,0.0000000,0.10,-0.0916,0.0543,-0.8259,312.0,0.00,0.000,0.000,IDLE
2026-08-17T10:24:07.398489,0.0000000,0.0000000,0.02,-0.0912,0.0548,-0.8205,312.0,0.00,0.000,0.000,IDLE
2026-08-17T10:24:08.398342,0.0000000,0.0000000,0.04,-0.0910,0.0551,-0.8154,313.0,0.00,0.000,0.000,IDLE
2026-08-17T10:24:09.398371,0.0000000,0.0000000,0.23,-0.0913,0.0548,-0.8183,313.0,0.00,0.000,0.000,IDLE
2026-08-17T10:24:10.398351,0.0000000,0.0000000,0.21,-0.0917,0.0544,-0.8208,312.0,0.00,0.000,0.000,IDLE
2026-08-17T10:24:11.398433,0.0000000,0.0000000,0.19,-0.0921,0.0539,-0.8269,312.0,0.00,0.000,0.000,IDLE
2026-08-17T10:24:12.398759,0.0000000,0.0000000,0.20,-0.0920,0.0541,-0.8263,312.0,0.00,0.000,0.000,IDLE
2026-08-17T10:24:13.398353,0.0000000,0.0000000,0.10,-0.0919,0.0548,-0.8257,312.0,0.00,0.000,0.000,IDLE
2026-08-17T10:24:14.398377,0.0000000,0.0000000,0.00,-0.0951,0.0524,-0.8272,312.0,0.00,0.000,0.000,IDLE
2026-08-17T10:24:15.398331,0.0000000,0.0000000,0.22,-0.0954,0.0524,-0.8275,312.0,0.00,0.000,0.000,IDLE
2026-08-17T10:24:16.398339,0.0000000,0.0000000,-0.15,-0.0952,0.0519,-0.8321,312.0,0.00,0.000,0.000,IDLE
2026-08-17T10:24:17.400714,0.0000000,0.0000000,0.23,-0.0959,0.0511,-0.8428,311.0,0.00,0.000,0.000,IDLE
2026-08-17T10:24:18.398338,0.0000000,0.0000000,-0.12,-0.0963,0.0510,-0.8440,311.0,0.00,0.000,0.000,IDLE
2026-08-17T10:24:19.398366,0.0000000,0.0000000,0.16,-0.0964,0.0511,-0.8410,311.0,0.00,0.000,0.000,IDLE
2026-08-17T10:24:20.398534,0.0000000,0.0000000,0.10,-0.0966,0.0512,-0.8376,312.0,0.00,0.000,0.000,IDLE
2026-08-17T10:24:21.401941,0.0000000,0.0000000,0.20,-0.0967,0.0513,-0.8343,312.0,0.00,0.000,0.000,IDLE
2026-08-17T10:24:22.398756,0.0000000,0.0000000,0.32,-0.0969,0.0512,-0.8332,312.0,0.00,0.000,0.000,IDLE
2026-08-17T10:24:23.398352,0.0000000,0.0000000,0.29,-0.0973,0.0508,-0.8368,312.0,0.00,0.000,0.000,IDLE
2026-08-17T10:24:24.398339,0.0000000,0.0000000,0.19,-0.0974,0.0507,-0.8367,312.0,0.00,0.000,0.000,IDLE
2026-08-17T10:24:25.398463,0.0000000,0.0000000,-0.04,-0.0975,0.0506,-0.8364,312.0,0.00,0.000,0.000,IDLE
2026-08-17T10:24:26.398479,0.0000000,0.0000000,0.25,-0.0975,0.0507,-0.8344,312.0,0.00,0.000,0.000,IDLE
2026-08-17T10:24:27.398567,0.0000000,0.0000000,0.08,-0.0974,0.0509,-0.8312,312.0,0.00,0.000,0.000,IDLE
2026-08-17T10:24:28.398396,0.0000000,0.0000000,0.29,-0.0979,0.0504,-0.8369,312.0,0.00,0.000,0.000,IDLE
2026-08-17T10:24:29.398349,0.0000000,0.0000000,0.21,-0.0980,0.0501,-0.8396,311.0,0.00,0.000,0.000,IDLE
2026-08-17T10:24:30.398609,0.0000000,0.0000000,0.02,-0.0976,0.0506,-0.8332,312.0,0.00,0.000,0.000,IDLE
2026-08-17T10:24:31.398646,0.0000000,0.0000000,0.21,-0.0978,0.0503,-0.8359,312.0,0.00,0.000,0.000,IDLE
2026-08-17T10:24:32.398623,0.0000000,0.0000000,0.15,-0.0977,0.0506,-0.8322,312.0,0.00,0.000,0.000,IDLE
2026-08-17T10:24:33.398410,0.0000000,0.0000000,0.29,-0.0980,0.0505,-0.8332,312.0,0.00,0.000,0.000,IDLE
2026-08-17T10:24:34.398389,0.0000000,0.0000000,0.37,-0.0981,0.0504,-0.8343,312.0,0.00,0.000,0.000,IDLE
2026-08-17T10:24:35.398365,0.0000000,0.0000000,0.25,-0.0979,0.0507,-0.8303,312.0,0.00,0.000,0.000,IDLE
2026-08-17T10:24:36.398402,0.0000000,0.0000000,0.25,-0.0982,0.0504,-0.8339,312.0,0.00,0.000,0.000,IDLE
2026-08-17T10:24:37.398350,0.0000000,0.0000000,0.20,-0.0982,0.0503,-0.8352,312.0,0.00,0.000,0.000,IDLE
2026-08-17T10:24:38.398401,0.0000000,0.0000000,0.39,-0.0982,0.0502,-0.8361,312.0,0.00,0.000,0.000,IDLE
2026-08-17T10:24:39.398350,0.0000000,0.0000000,0.34,-0.0984,0.0499,-0.8402,311.0,0.00,0.000,0.000,IDLE
2026-08-17T10:24:40.398645,0.0000000,0.0000000,0.25,-0.0981,0.0502,-0.8389,311.0,0.00,0.000,0.000,IDLE
2026-08-17T10:24:41.398690,0.0000000,0.0000000,0.36,-0.0981,0.0502,-0.8387,311.0,0.00,0.000,0.000,IDLE
2026-08-17T10:24:42.398429,0.0000000,0.0000000,0.54,-0.0980,0.0503,-0.8375,312.0,0.00,0.000,0.000,IDLE
2026-08-17T10:24:43.398695,0.0000000,0.0000000,0.36,-0.0983,0.0499,-0.8413,311.0,0.00,0.000,0.000,IDLE
2026-08-17T10:24:44.398496,0.0000000,0.0000000,0.34,-0.0984,0.0497,-0.8425,311.0,0.00,0.000,0.000,IDLE
2026-08-17T10:24:45.398960,0.0000000,0.0000000,0.66,-0.0979,0.0501,-0.8358,312.0,0.00,0.000,0.000,IDLE
2026-08-17T10:24:46.398389,0.0000000,0.0000000,0.57,-0.0978,0.0501,-0.8343,312.0,0.00,0.000,0.000,IDLE
2026-08-17T10:24:47.398394,0.0000000,0.0000000,0.51,-0.0977,0.0502,-0.8323,312.0,0.00,0.000,0.000,IDLE
2026-08-17T10:24:48.398362,0.0000000,0.0000000,0.46,-0.0977,0.0503,-0.8294,312.0,0.00,0.000,0.000,IDLE
2026-08-17T10:24:49.398597,0.0000000,0.0000000,0.54,-0.0977,0.0502,-0.8294,312.0,0.00,0.000,0.000,IDLE
2026-08-17T10:24:50.398467,0.0000000,0.0000000,0.55,-0.0975,0.0503,-0.8263,312.0,0.00,0.000,0.000,IDLE
2026-08-17T10:24:51.398365,0.0000000,0.0000000,0.54,-0.0975,0.0502,-0.8266,312.0,0.00,0.000,0.000,IDLE
2026-08-17T10:24:52.398485,0.0000000,0.0000000,0.33,-0.0977,0.0501,-0.8283,312.0,0.00,0.000,0.000,IDLE
2026-08-17T10:24:53.398477,0.0000000,0.0000000,0.43,-0.0977,0.0502,-0.8267,312.0,0.00,0.000,0.000,IDLE
2026-08-17T10:24:54.398859,0.0000000,0.0000000,0.31,-0.0973,0.0507,-0.8213,312.0,0.00,0.000,0.000,IDLE
2026-08-17T10:24:55.398400,0.0000000,0.0000000,0.04,-0.0974,0.0507,-0.8194,313.0,0.00,0.000,0.000,IDLE
2026-08-17T10:24:56.398472,0.0000000,0.0000000,0.11,-0.0975,0.0505,-0.8184,313.0,0.00,0.000,0.000,IDLE
2026-08-17T10:24:57.398585,0.0000000,0.0000000,0.16,-0.0975,0.0505,-0.8187,313.0,0.00,0.000,0.000,IDLE
2026-08-17T10:24:58.398432,0.0000000,0.0000000,0.16,-0.0978,0.0503,-0.8196,313.0,0.00,0.000,0.000,IDLE
2026-08-17T10:24:59.398405,0.0000000,0.0000000,0.19,-0.0978,0.0503,-0.8181,313.0,0.00,0.000,0.000,IDLE
2026-08-17T10:25:00.398376,0.0000000,0.0000000,0.17,-0.0980,0.0500,-0.8202,313.0,0.00,0.000,0.000,IDLE
2026-08-17T10:25:01.398369,0.0000000,0.0000000,0.04,-0.0981,0.0499,-0.8215,312.0,0.00,0.000,0.000,IDLE
2026-08-17T10:25:02.398374,0.0000000,0.0000000,0.07,-0.0980,0.0500,-0.8182,313.0,0.00,0.000,0.000,IDLE
2026-08-17T10:25:03.398586,0.0000000,0.0000000,0.14,-0.0979,0.0502,-0.8156,313.0,0.00,0.000,0.000,IDLE
2026-08-17T10:25:04.398395,0.0000000,0.0000000,0.09,-0.0981,0.0501,-0.8171,313.0,0.00,0.000,0.000,IDLE
2026-08-17T10:25:05.398379,0.0000000,0.0000000,0.10,-0.0981,0.0501,-0.8180,313.0,0.00,0.000,0.000,IDLE
2026-08-17T10:25:06.398880,0.0000000,0.0000000,0.34,-0.0981,0.0502,-0.8172,313.0,0.00,0.000,0.000,IDLE
2026-08-17T10:25:07.398388,0.0000000,0.0000000,0.25,-0.0983,0.0501,-0.8199,313.0,0.00,0.000,0.000,IDLE
2026-08-17T10:25:08.398365,0.0000000,0.0000000,0.17,-0.0981,0.0504,-0.8167,313.0,0.00,0.000,0.000,IDLE
2026-08-17T10:25:09.398616,0.0000000,0.0000000,0.07,-0.0982,0.0505,-0.8158,313.0,0.00,0.000,0.000,IDLE
2026-08-17T10:25:10.398335,0.0000000,0.0000000,0.14,-0.0981,0.0506,-0.8142,313.0,0.00,0.000,0.000,IDLE
2026-08-17T10:25:11.398452,0.0000000,0.0000000,0.14,-0.0982,0.0505,-0.8134,313.0,0.00,0.000,0.000,IDLE
2026-08-17T10:25:12.402823,0.0000000,0.0000000,0.00,-0.0984,0.0502,-0.8165,313.0,0.00,0.000,0.000,IDLE
2026-08-17T10:25:13.398373,0.0000000,0.0000000,0.17,-0.0989,0.0497,-0.8237,312.0,0.00,0.000,0.000,IDLE
2026-08-17T10:25:14.398352,0.0000000,0.0000000,0.00,-0.0987,0.0499,-0.8232,312.0,0.00,0.000,0.000,IDLE
2026-08-17T10:25:15.398757,0.0000000,0.0000000,0.04,-0.0985,0.0501,-0.8223,312.0,0.00,0.000,0.000,IDLE
2026-08-17T10:25:16.398784,0.0000000,0.0000000,0.30,-0.0985,0.0500,-0.8235,312.0,0.00,0.000,0.000,IDLE
2026-08-17T10:25:17.398392,0.0000000,0.0000000,0.10,-0.0984,0.0500,-0.8230,312.0,0.00,0.000,0.000,IDLE
2026-08-17T10:25:18.398668,0.0000000,0.0000000,0.12,-0.0985,0.0499,-0.8246,312.0,0.00,0.000,0.000,IDLE
2026-08-17T10:25:19.398362,0.0000000,0.0000000,0.02,-0.0983,0.0501,-0.8255,312.0,0.00,0.000,0.000,IDLE
2026-08-17T10:25:20.398374,0.0000000,0.0000000,-0.13,-0.0983,0.0503,-0.8249,312.0,0.00,0.000,0.000,IDLE
2026-08-17T10:25:21.398349,0.0000000,0.0000000,0.04,-0.0980,0.0506,-0.8207,312.0,0.00,0.000,0.000,IDLE
2026-08-17T10:25:22.398430,0.0000000,0.0000000,-0.05,-0.0982,0.0503,-0.8241,312.0,0.00,0.000,0.000,IDLE
2026-08-17T10:58:50.846145,0.0000000,0.0000000,-0.10,-0.0981,0.0504,-0.8240,312.0,0.00,0.000,0.000,IDLE
2026-08-17T10:58:51.398445,0.0000000,0.0000000,-0.03,-0.0980,0.0507,-0.8218,312.0,0.00,0.000,0.000,IDLE
2026-08-17T10:58:52.398489,0.0000000,0.0000000,-0.15,-0.0980,0.0506,-0.8229,312.0,0.00,0.000,0.000,IDLE
2026-08-17T10:58:53.398541,0.0000000,0.0000000,-0.34,-0.0979,0.0508,-0.8212,312.0,0.00,0.000,0.000,IDLE
2026-08-17T10:58:54.398371,0.0000000,0.0000000,0.01,-0.0980,0.0505,-0.8210,312.0,0.00,0.000,0.000,IDLE
2026-08-17T10:58:55.398373,0.0000000,0.0000000,-0.14,-0.0980,0.0506,-0.8206,312.0,0.00,0.000,0.000,IDLE
2026-08-17T10:58:56.398353,0.0000000,0.0000000,-0.18,-0.0982,0.0505,-0.8223,312.0,0.00,0.000,0.000,IDLE
2026-08-17T10:58:57.398356,0.0000000,0.0000000,-0.09,-0.0981,0.0506,-0.8212,312.0,0.00,0.000,0.000,IDLE
2026-08-17T10:58:58.398781,0.0000000,0.0000000,0.12,-0.0980,0.0507,-0.8188,313.0,0.00,0.000,0.000,IDLE
2026-08-17T10:58:59.398418,0.0000000,0.0000000,-0.15,-0.0978,0.0510,-0.8158,313.0,0.00,0.000,0.000,IDLE
2026-08-17T10:59:00.398345,0.0000000,0.0000000,-0.01,-0.0979,0.0508,-0.8171,313.0,0.00,0.000,0.000,IDLE
2026-08-17T10:59:01.398371,0.0000000,0.0000000,0.32,-0.0980,0.0507,-0.8182,313.0,0.00,0.000,0.000,IDLE
2026-08-17T10:59:02.398357,0.0000000,0.0000000,0.23,-0.0981,0.0506,-0.8169,313.0,0.00,0.000,0.000,IDLE
2026-08-17T10:59:03.398362,0.0000000,0.0000000,0.06,-0.0979,0.0507,-0.8152,313.0,0.00,0.000,0.000,IDLE
2026-08-17T10:59:04.398373,0.0000000,0.0000000,0.20,-0.0980,0.0506,-0.8161,313.0,0.00,0.000,0.000,IDLE
2026-08-17T10:59:05.398432,0.0000000,0.0000000,0.31,-0.0979,0.0508,-0.8138,313.0,0.00,0.000,0.000,IDLE
2026-08-17T10:59:06.398478,0.0000000,0.0000000,0.31,-0.0979,0.0507,-0.8144,313.0,0.00,0.000,0.000,IDLE
2026-08-17T10:59:07.398677,0.0000000,0.0000000,0.22,-0.0979,0.0506,-0.8153,313.0,0.00,0.000,0.000,IDLE
2026-08-17T10:59:08.399450,0.0000000,0.0000000,0.24,-0.0979,0.0507,-0.8144,313.0,0.00,0.000,0.000,IDLE
2026-08-17T10:59:09.398383,0.0000000,0.0000000,0.24,-0.0980,0.0506,-0.8143,313.0,0.00,0.000,0.000,IDLE
2026-08-17T10:59:10.398877,0.0000000,0.0000000,0.17,-0.0980,0.0507,-0.8135,313.0,0.00,0.000,0.000,IDLE
2026-08-17T10:59:11.398457,0.0000000,0.0000000,0.40,-0.0980,0.0508,-0.8100,313.0,0.00,0.000,0.000,IDLE
2026-08-17T10:59:12.398396,0.0000000,0.0000000,0.18,-0.0981,0.0506,-0.8111,313.0,0.00,0.000,0.000,IDLE
2026-08-17T10:59:13.398349,0.0000000,0.0000000,0.05,-0.0982,0.0506,-0.8115,313.0,0.00,0.000,0.000,IDLE
2026-08-17T10:59:14.398431,0.0000000,0.0000000,-0.02,-0.0983,0.0507,-0.8120,313.0,0.00,0.000,0.000,IDLE
2026-08-17T10:59:15.398411,0.0000000,0.0000000,0.12,-0.0984,0.0505,-0.8131,313.0,0.00,0.000,0.000,IDLE
2026-08-17T10:59:16.398365,0.0000000,0.0000000,0.12,-0.0985,0.0504,-0.8144,313.0,0.00,0.000,0.000,IDLE
2026-08-17T10:59:17.398338,0.0000000,0.0000000,-0.04,-0.0987,0.0503,-0.8154,313.0,0.00,0.000,0.000,IDLE
2026-08-17T10:59:18.398559,0.0000000,0.0000000,0.12,-0.0989,0.0501,-0.8190,313.0,0.00,0.000,0.000,IDLE
2026-08-17T10:59:19.403555,0.0000000,0.0000000,0.24,-0.0989,0.0503,-0.8184,313.0,0.00,0.000,0.000,IDLE
2026-08-17T10:59:20.398815,0.0000000,0.0000000,0.11,-0.0990,0.0504,-0.8189,313.0,0.00,0.000,0.000,IDLE
2026-08-17T10:59:21.398339,0.0000000,0.0000000,0.22,-0.0989,0.0502,-0.8211,312.0,0.00,0.000,0.000,IDLE
2026-08-17T10:59:22.398424,0.0000000,0.0000000,0.06,-0.0987,0.0504,-0.8202,313.0,0.00,0.000,0.000,IDLE
2026-08-17T10:59:23.398368,0.0000000,0.0000000,0.24,-0.0988,0.0501,-0.8233,312.0,0.00,0.000,0.000,IDLE
2026-08-17T10:59:24.398330,0.0000000,0.0000000,0.22,-0.0987,0.0501,-0.8244,312.0,0.00,0.000,0.000,IDLE
2026-08-17T10:59:25.398449,0.0000000,0.0000000,0.14,-0.0987,0.0502,-0.8230,312.0,0.00,0.000,0.000,IDLE
2026-08-17T10:59:26.398342,0.0000000,0.0000000,0.16,-0.0987,0.0502,-0.8242,312.0,0.00,0.000,0.000,IDLE
2026-08-17T10:59:27.398927,0.0000000,0.0000000,0.26,-0.0988,0.0500,-0.8275,312.0,0.00,0.000,0.000,IDLE
2026-08-17T10:59:28.398357,0.0000000,0.0000000,0.11,-0.0987,0.0499,-0.8269,312.0,0.00,0.000,0.000,IDLE
2026-08-17T10:59:29.398360,0.0000000,0.0000000,-0.08,-0.0988,0.0498,-0.8289,312.0,0.00,0.000,0.000,IDLE
2026-08-17T10:59:30.398370,0.0000000,0.0000000,0.24,-0.0988,0.0499,-0.8298,312.0,0.00,0.000,0.000,IDLE
2026-08-17T10:59:31.398567,0.0000000,0.0000000,0.08,-0.0988,0.0500,-0.8312,312.0,0.00,0.000,0.000,IDLE
2026-08-17T10:59:32.398467,0.0000000,0.0000000,0.23,-0.0987,0.0501,-0.8313,312.0,0.00,0.000,0.000,IDLE
2026-08-17T10:59:33.398467,0.0000000,0.0000000,-0.03,-0.0988,0.0502,-0.8326,312.0,0.00,0.000,0.000,IDLE
2026-08-17T10:59:34.398695,0.0000000,0.0000000,0.21,-0.0985,0.0503,-0.8311,312.0,0.00,0.000,0.000,IDLE
2026-08-17T10:59:35.398374,0.0000000,0.0000000,0.08,-0.0985,0.0504,-0.8306,312.0,0.00,0.000,0.000,IDLE
2026-08-17T10:59:36.398294,0.0000000,0.0000000,0.09,-0.0985,0.0505,-0.8308,312.0,0.00,0.000,0.000,IDLE
2026-08-17T10:59:37.398380,0.0000000,0.0000000,0.18,-0.0985,0.0503,-0.8311,312.0,0.00,0.000,0.000,IDLE
2026-08-17T10:59:38.398355,0.0000000,0.0000000,0.02,-0.0986,0.0503,-0.8334,312.0,0.00,0.000,0.000,IDLE
2026-08-17T10:59:39.398382,0.0000000,0.0000000,0.23,-0.0984,0.0506,-0.8315,312.0,0.00,0.000,0.000,IDLE
2026-08-17T10:59:40.398708,0.0000000,0.0000000,0.04,-0.0984,0.0507,-0.8300,312.0,0.00,0.000,0.000,IDLE
2026-08-17T10:59:41.398730,0.0000000,0.0000000,0.06,-0.0984,0.0507,-0.8314,312.0,0.00,0.000,0.000,IDLE
2026-08-17T10:59:42.398348,0.0000000,0.0000000,0.14,-0.0982,0.0508,-0.8297,312.0,0.00,0.000,0.000,IDLE
2026-08-17T10:59:43.398446,0.0000000,0.0000000,0.07,-0.0982,0.0508,-0.8305,312.0,0.00,0.000,0.000,IDLE
2026-08-17T10:59:44.398486,0.0000000,0.0000000,0.13,-0.0982,0.0510,-0.8302,312.0,0.00,0.000,0.000,IDLE
2026-08-17T10:59:45.398499,0.0000000,0.0000000,0.12,-0.0981,0.0510,-0.8296,312.0,0.00,0.000,0.000,IDLE
2026-08-17T10:59:46.398800,0.0000000,0.0000000,0.02,-0.0981,0.0512,-0.8292,312.0,0.00,0.000,0.000,IDLE
2026-08-17T10:59:47.398880,0.0000000,0.0000000,0.24,-0.0982,0.0509,-0.8307,312.0,0.00,0.000,0.000,IDLE
2026-08-17T10:59:48.398396,0.0000000,0.0000000,0.23,-0.0983,0.0509,-0.8307,312.0,0.00,0.000,0.000,IDLE
2026-08-17T10:59:49.398632,0.0000000,0.0000000,0.27,-0.0982,0.0508,-0.8309,312.0,0.00,0.000,0.000,IDLE
2026-08-17T10:59:50.398365,0.0000000,0.0000000,0.34,-0.0980,0.0511,-0.8264,312.0,0.00,0.000,0.000,IDLE
2026-08-17T10:59:51.398358,0.0000000,0.0000000,0.27,-0.0980,0.0511,-0.8262,312.0,0.00,0.000,0.000,IDLE
2026-08-17T10:59:52.398382,0.0000000,0.0000000,0.24,-0.0978,0.0510,-0.8254,312.0,0.00,0.000,0.000,IDLE
2026-08-17T10:59:53.398339,0.0000000,0.0000000,0.22,-0.0978,0.0511,-0.8262,312.0,0.00,0.000,0.000,IDLE
2026-08-17T10:59:54.398644,0.0000000,0.0000000,0.23,-0.0979,0.0511,-0.8267,312.0,0.00,0.000,0.000,IDLE
2026-08-17T10:59:55.398447,0.0000000,0.0000000,0.19,-0.0978,0.0511,-0.8257,312.0,0.00,0.000,0.000,IDLE
2026-08-17T10:59:56.398400,0.0000000,0.0000000,0.04,-0.0975,0.0508,-0.8217,312.0,0.00,0.000,0.000,IDLE
2026-08-17T10:59:57.398393,0.0000000,0.0000000,0.12,-0.0977,0.0503,-0.8237,312.0,0.00,0.000,0.000,IDLE
2026-08-17T10:59:58.398399,0.0000000,0.0000000,0.26,-0.0978,0.0502,-0.8254,312.0,0.00,0.000,0.000,IDLE
2026-08-17T10:59:59.398330,0.0000000,0.0000000,0.21,-0.0979,0.0502,-0.8255,312.0,0.00,0.000,0.000,IDLE
2026-08-17T11:00:00.398481,0.0000000,0.0000000,0.23,-0.0979,0.0502,-0.8248,312.0,0.00,0.000,0.000,IDLE
2026-08-17T11:00:01.398570,0.0000000,0.0000000,0.16,-0.0981,0.0500,-0.8244,312.0,0.00,0.000,0.000,IDLE
2026-08-17T11:00:02.399802,0.0000000,0.0000000,0.22,-0.0983,0.0498,-0.8260,312.0,0.00,0.000,0.000,IDLE
2026-08-17T11:00:03.398347,0.0000000,0.0000000,0.24,-0.0984,0.0499,-0.8240,312.0,0.00,0.000,0.000,IDLE
2026-08-17T11:00:04.398683,0.0000000,0.0000000,0.31,-0.0985,0.0498,-0.8235,312.0,0.00,0.000,0.000,IDLE
2026-08-17T11:00:05.398409,0.0000000,0.0000000,0.24,-0.0986,0.0499,-0.8240,312.0,0.00,0.000,0.000,IDLE
2026-08-17T11:00:06.401063,0.0000000,0.0000000,0.19,-0.0985,0.0500,-0.8222,312.0,0.00,0.000,0.000,IDLE
2026-08-17T11:00:07.398348,0.0000000,0.0000000,0.28,-0.0988,0.0499,-0.8237,312.0,0.00,0.000,0.000,IDLE
2026-08-17T11:00:08.398443,0.0000000,0.0000000,0.31,-0.0987,0.0499,-0.8228,312.0,0.00,0.000,0.000,IDLE
2026-08-17T11:00:09.398347,0.0000000,0.0000000,0.27,-0.0987,0.0499,-0.8218,312.0,0.00,0.000,0.000,IDLE
2026-08-17T11:00:10.398405,0.0000000,0.0000000,0.39,-0.0988,0.0499,-0.8218,312.0,0.00,0.000,0.000,IDLE
2026-08-17T11:00:11.398364,0.0000000,0.0000000,0.28,-0.0988,0.0499,-0.8227,312.0,0.00,0.000,0.000,IDLE
2026-08-17T11:00:12.398443,0.0000000,0.0000000,0.24,-0.0988,0.0497,-0.8240,312.0,0.00,0.000,0.000,IDLE
2026-08-17T11:00:13.398492,0.0000000,0.0000000,0.38,-0.0989,0.0497,-0.8247,312.0,0.00,0.000,0.000,IDLE
2026-08-17T11:00:14.398399,0.0000000,0.0000000,0.36,-0.0989,0.0497,-0.8234,312.0,0.00,0.000,0.000,IDLE
2026-08-17T11:00:15.399753,0.0000000,0.0000000,0.25,-0.0989,0.0495,-0.8247,312.0,0.00,0.000,0.000,IDLE
2026-08-17T11:00:16.398772,0.0000000,0.0000000,0.13,-0.0989,0.0495,-0.8263,312.0,0.00,0.000,0.000,IDLE
2026-08-17T11:00:17.399432,0.0000000,0.0000000,0.07,-0.0986,0.0497,-0.8239,312.0,0.00,0.000,0.000,IDLE
2026-08-17T11:00:18.398404,0.0000000,0.0000000,0.24,-0.0985,0.0497,-0.8237,312.0,0.00,0.000,0.000,IDLE
2026-08-17T11:00:19.398602,0.0000000,0.0000000,0.20,-0.0983,0.0498,-0.8234,312.0,0.00,0.000,0.000,IDLE
2026-08-17T11:00:20.399770,0.0000000,0.0000000,0.22,-0.0983,0.0497,-0.8253,312.0,0.00,0.000,0.000,IDLE
2026-08-17T11:00:21.398613,0.0000000,0.0000000,0.17,-0.0984,0.0497,-0.8265,312.0,0.00,0.000,0.000,IDLE
2026-08-17T11:00:22.398497,0.0000000,0.0000000,0.12,-0.0983,0.0499,-0.8256,312.0,0.00,0.000,0.000,IDLE
2026-08-17T11:00:23.398503,0.0000000,0.0000000,0.36,-0.0984,0.0498,-0.8272,312.0,0.00,0.000,0.000,IDLE
2026-08-17T11:00:24.398422,0.0000000,0.0000000,0.04,-0.0984,0.0498,-0.8262,312.0,0.00,0.000,0.000,IDLE
2026-08-17T11:00:25.398624,0.0000000,0.0000000,0.29,-0.0986,0.0495,-0.8288,312.0,0.00,0.000,0.000,IDLE
2026-08-17T11:00:26.398363,0.0000000,0.0000000,0.13,-0.0983,0.0496,-0.8276,312.0,0.00,0.000,0.000,IDLE
2026-08-17T11:00:27.398356,0.0000000,0.0000000,0.04,-0.0984,0.0496,-0.8297,312.0,0.00,0.000,0.000,IDLE
2026-08-17T11:00:28.398333,0.0000000,0.0000000,0.29,-0.0985,0.0497,-0.8290,312.0,0.00,0.000,0.000,IDLE
2026-08-17T11:00:29.398346,0.0000000,0.0000000,0.08,-0.0984,0.0499,-0.8281,312.0,0.00,0.000,0.000,IDLE
2026-08-17T11:00:30.398750,0.0000000,0.0000000,0.22,-0.0983,0.0497,-0.8283,312.0,0.00,0.000,0.000,IDLE
2026-08-17T11:00:31.398381,0.0000000,0.0000000,0.34,-0.0984,0.0497,-0.8292,312.0,0.00,0.000,0.000,IDLE
2026-08-17T11:00:32.398346,0.0000000,0.0000000,0.19,-0.0983,0.0499,-0.8278,312.0,0.00,0.000,0.000,IDLE
2026-08-17T11:00:33.398471,0.0000000,0.0000000,0.15,-0.0984,0.0497,-0.8278,312.0,0.00,0.000,0.000,IDLE
2026-08-17T11:00:34.398404,0.0000000,0.0000000,0.30,-0.0985,0.0498,-0.8275,312.0,0.00,0.000,0.000,IDLE
2026-08-17T11:00:35.398342,0.0000000,0.0000000,0.26,-0.0985,0.0499,-0.8283,312.0,0.00,0.000,0.000,IDLE
2026-08-17T11:00:36.398395,0.0000000,0.0000000,-0.11,-0.0986,0.0500,-0.8295,312.0,0.00,0.000,0.000,IDLE
2026-08-17T11:00:37.398368,0.0000000,0.0000000,0.08,-0.0987,0.0500,-0.8294,312.0,0.00,0.000,0.000,IDLE
2026-08-17T11:00:38.398417,0.0000000,0.0000000,0.16,-0.0986,0.0501,-0.8292,312.0,0.00,0.000,0.000,IDLE
2026-08-17T11:00:39.398340,0.0000000,0.0000000,0.15,-0.0986,0.0502,-0.8284,312.0,0.00,0.000,0.000,IDLE
2026-08-17T11:00:40.398335,0.0000000,0.0000000,0.10,-0.0985,0.0503,-0.8283,312.0,0.00,0.000,0.000,IDLE
2026-08-17T11:00:41.398417,0.0000000,0.0000000,-0.06,-0.0987,0.0501,-0.8295,312.0,0.00,0.000,0.000,IDLE
2026-08-17T11:00:42.398451,0.0000000,0.0000000,0.14,-0.0987,0.0501,-0.8311,312.0,0.00,0.000,0.000,IDLE
2026-08-17T11:00:43.399100,0.0000000,0.0000000,0.02,-0.0987,0.0502,-0.8312,312.0,0.00,0.000,0.000,IDLE
2026-08-17T11:00:44.398338,0.0000000,0.0000000,-0.14,-0.0985,0.0504,-0.8292,312.0,0.00,0.000,0.000,IDLE
2026-08-17T11:00:45.398478,0.0000000,0.0000000,-0.01,-0.0985,0.0503,-0.8293,312.0,0.00,0.000,0.000,IDLE
2026-08-17T11:00:46.398368,0.0000000,0.0000000,-0.17,-0.0984,0.0505,-0.8260,312.0,0.00,0.000,0.000,IDLE
2026-08-17T11:00:47.398539,0.0000000,0.0000000,-0.03,-0.0986,0.0501,-0.8287,312.0,0.00,0.000,0.000,IDLE
2026-08-17T11:00:48.398624,0.0000000,0.0000000,-0.08,-0.0987,0.0499,-0.8307,312.0,0.00,0.000,0.000,IDLE
2026-08-17T11:00:49.398391,0.0000000,0.0000000,0.00,-0.0989,0.0496,-0.8337,312.0,0.00,0.000,0.000,IDLE
2026-08-17T11:00:50.398349,0.0000000,0.0000000,-0.03,-0.0987,0.0496,-0.8333,312.0,0.00,0.000,0.000,IDLE
2026-08-17T11:00:51.398405,0.0000000,0.0000000,-0.21,-0.0985,0.0496,-0.8316,312.0,0.00,0.000,0.000,IDLE
2026-08-17T11:00:52.399454,0.0000000,0.0000000,-0.03,-0.0984,0.0497,-0.8304,312.0,0.00,0.000,0.000,IDLE
2026-08-17T11:00:53.400695,0.0000000,0.0000000,-0.14,-0.0983,0.0497,-0.8302,312.0,0.00,0.000,0.000,IDLE
2026-08-17T11:00:54.398500,0.0000000,0.0000000,-0.25,-0.0983,0.0498,-0.8300,312.0,0.00,0.000,0.000,IDLE
2026-08-17T11:00:55.398369,0.0000000,0.0000000,-0.26,-0.0982,0.0498,-0.8289,312.0,0.00,0.000,0.000,IDLE
2026-08-17T11:00:56.400117,0.0000000,0.0000000,-0.09,-0.0980,0.0498,-0.8269,312.0,0.00,0.000,0.000,IDLE
2026-08-17T11:00:57.398358,0.0000000,0.0000000,-0.29,-0.0982,0.0496,-0.8289,312.0,0.00,0.000,0.000,IDLE
2026-08-17T11:00:58.398352,0.0000000,0.0000000,-0.30,-0.0982,0.0495,-0.8300,312.0,0.00,0.000,0.000,IDLE
2026-08-17T11:00:59.398459,0.0000000,0.0000000,-0.37,-0.0981,0.0498,-0.8275,312.0,0.00,0.000,0.000,IDLE
2026-08-17T11:01:00.398335,0.0000000,0.0000000,-0.16,-0.0980,0.0498,-0.8257,312.0,0.00,0.000,0.000,IDLE
2026-08-17T11:01:01.398360,0.0000000,0.0000000,-0.23,-0.0981,0.0497,-0.8251,312.0,0.00,0.000,0.000,IDLE
2026-08-17T11:01:02.400644,0.0000000,0.0000000,-0.16,-0.0981,0.0498,-0.8252,312.0,0.00,0.000,0.000,IDLE
2026-08-17T11:01:03.398325,0.0000000,0.0000000,-0.24,-0.0981,0.0499,-0.8239,312.0,0.00,0.000,0.000,IDLE
2026-08-17T11:01:04.398619,0.0000000,0.0000000,-0.21,-0.0982,0.0499,-0.8245,312.0,0.00,0.000,0.000,IDLE
2026-08-17T11:01:05.398364,0.0000000,0.0000000,-0.04,-0.0984,0.0499,-0.8260,312.0,0.00,0.000,0.000,IDLE
2026-08-17T11:01:06.400454,0.0000000,0.0000000,-0.41,-0.0983,0.0500,-0.8255,312.0,0.00,0.000,0.000,IDLE
2026-08-17T11:01:07.398340,0.0000000,0.0000000,-0.27,-0.0984,0.0499,-0.8251,312.0,0.00,0.000,0.000,IDLE
2026-08-17T11:01:08.398364,0.0000000,0.0000000,0.00,-0.0985,0.0498,-0.8257,312.0,0.00,0.000,0.000,IDLE
2026-08-17T11:01:09.398352,0.0000000,0.0000000,-0.25,-0.0985,0.0498,-0.8250,312.0,0.00,0.000,0.000,IDLE
2026-08-17T11:01:10.398335,0.0000000,0.0000000,-0.26,-0.0983,0.0499,-0.8226,312.0,0.00,0.000,0.000,IDLE
2026-08-17T11:01:11.398379,0.0000000,0.0000000,-0.22,-0.0986,0.0498,-0.8240,312.0,0.00,0.000,0.000,IDLE
2026-08-17T11:01:12.398431,0.0000000,0.0000000,-0.30,-0.0986,0.0498,-0.8232,312.0,0.00,0.000,0.000,IDLE
2026-08-17T11:01:13.398387,0.0000000,0.0000000,-0.13,-0.0986,0.0498,-0.8224,312.0,0.00,0.000,0.000,IDLE
2026-08-17T11:01:14.398389,0.0000000,0.0000000,-0.30,-0.0987,0.0498,-0.8217,312.0,0.00,0.000,0.000,IDLE
2026-08-17T11:01:15.398400,0.0000000,0.0000000,-0.11,-0.0988,0.0499,-0.8217,312.0,0.00,0.000,0.000,IDLE
2026-08-17T11:01:16.398361,0.0000000,0.0000000,0.00,-0.0989,0.0498,-0.8217,312.0,0.00,0.000,0.000,IDLE
2026-08-17T11:01:17.398611,0.0000000,0.0000000,0.00,-0.0987,0.0498,-0.8191,313.0,0.00,0.000,0.000,IDLE
2026-08-17T11:01:18.398389,0.0000000,0.0000000,0.00,-0.0989,0.0497,-0.8209,312.0,0.00,0.000,0.000,IDLE
2026-08-17T11:01:19.398378,0.0000000,0.0000000,0.08,-0.0989,0.0495,-0.8229,312.0,0.00,0.000,0.000,IDLE
2026-08-17T11:01:20.398340,0.0000000,0.0000000,0.04,-0.0988,0.0495,-0.8232,312.0,0.00,0.000,0.000,IDLE
2026-08-17T11:01:21.398468,0.0000000,0.0000000,-0.10,-0.0987,0.0495,-0.8233,312.0,0.00,0.000,0.000,IDLE
2026-08-17T11:01:22.398499,0.0000000,0.0000000,-0.01,-0.0987,0.0495,-0.8253,312.0,0.00,0.000,0.000,IDLE
2026-08-17T11:01:23.400445,0.0000000,0.0000000,0.06,-0.0987,0.0496,-0.8251,312.0,0.00,0.000,0.000,IDLE
2026-08-17T11:01:24.398385,0.0000000,0.0000000,0.03,-0.0990,0.0495,-0.8289,312.0,0.00,0.000,0.000,IDLE
2026-08-17T11:01:25.398386,0.0000000,0.0000000,0.09,-0.0990,0.0497,-0.8291,312.0,0.00,0.000,0.000,IDLE
2026-08-17T11:01:26.398378,0.0000000,0.0000000,0.14,-0.0990,0.0496,-0.8315,312.0,0.00,0.000,0.000,IDLE
2026-08-17T11:01:27.398352,0.0000000,0.0000000,0.22,-0.0988,0.0501,-0.8281,312.0,0.00,0.000,0.000,IDLE
2026-08-17T11:01:28.399376,0.0000000,0.0000000,0.12,-0.0989,0.0498,-0.8309,312.0,0.00,0.000,0.000,IDLE
2026-08-17T11:01:29.398389,0.0000000,0.0000000,0.08,-0.0990,0.0499,-0.8315,312.0,0.00,0.000,0.000,IDLE
2026-08-17T11:01:30.398344,0.0000000,0.0000000,0.25,-0.0989,0.0499,-0.8320,312.0,0.00,0.000,0.000,IDLE
2026-08-17T11:01:31.399626,0.0000000,0.0000000,0.15,-0.0989,0.0498,-0.8332,312.0,0.00,0.000,0.000,IDLE
2026-08-17T11:01:32.398365,0.0000000,0.0000000,0.12,-0.0986,0.0500,-0.8318,312.0,0.00,0.000,0.000,IDLE
2026-08-17T11:01:33.399545,0.0000000,0.0000000,0.04,-0.0985,0.0503,-0.8287,312.0,0.00,0.000,0.000,IDLE
2026-08-17T11:01:34.398495,0.0000000,0.0000000,0.09,-0.0985,0.0502,-0.8288,312.0,0.00,0.000,0.000,IDLE
2026-08-17T11:01:35.398411,0.0000000,0.0000000,0.05,-0.0986,0.0500,-0.8298,312.0,0.00,0.000,0.000,IDLE
2026-08-17T11:01:36.398427,0.0000000,0.0000000,0.08,-0.0986,0.0501,-0.8278,312.0,0.00,0.000,0.000,IDLE
2026-08-17T11:01:37.399043,0.0000000,0.0000000,-0.08,-0.0986,0.0501,-0.8272,312.0,0.00,0.000,0.000,IDLE
2026-08-17T11:01:38.398509,0.0000000,0.0000000,0.03,-0.0985,0.0505,-0.8228,312.0,0.00,0.000,0.000,IDLE
2026-08-17T11:01:39.398422,0.0000000,0.0000000,-0.11,-0.0987,0.0503,-0.8245,312.0,0.00,0.000,0.000,IDLE
2026-08-17T11:01:40.403457,0.0000000,0.0000000,0.00,-0.0986,0.0503,-0.8239,312.0,0.00,0.000,0.000,IDLE
2026-08-17T11:01:41.399440,0.0000000,0.0000000,0.09,-0.0987,0.0502,-0.8244,312.0,0.00,0.000,0.000,IDLE
2026-08-17T11:01:42.398553,0.0000000,0.0000000,-0.20,-0.0987,0.0500,-0.8262,312.0,0.00,0.000,0.000,IDLE
2026-08-17T11:01:43.398406,0.0000000,0.0000000,-0.17,-0.0985,0.0500,-0.8255,312.0,0.00,0.000,0.000,IDLE
2026-08-17T11:01:44.398572,0.0000000,0.0000000,-0.13,-0.0986,0.0500,-0.8254,312.0,0.00,0.000,0.000,IDLE
2026-08-17T11:01:45.398638,0.0000000,0.0000000,-0.32,-0.0987,0.0499,-0.8262,312.0,0.00,0.000,0.000,IDLE
2026-08-17T11:01:46.399499,0.0000000,0.0000000,-0.23,-0.0987,0.0498,-0.8279,312.0,0.00,0.000,0.000,IDLE
2026-08-17T11:01:47.398376,0.0000000,0.0000000,-0.17,-0.0987,0.0498,-0.8282,312.0,0.00,0.000,0.000,IDLE
2026-08-17T11:01:48.398479,0.0000000,0.0000000,-0.10,-0.0988,0.0498,-0.8291,312.0,0.00,0.000,0.000,IDLE
2026-08-17T11:01:49.398427,0.0000000,0.0000000,-0.10,-0.0987,0.0499,-0.8269,312.0,0.00,0.000,0.000,IDLE
2026-08-17T11:01:50.399030,0.0000000,0.0000000,-0.08,-0.0987,0.0500,-0.8261,312.0,0.00,0.000,0.000,IDLE
2026-08-17T11:01:51.398413,0.0000000,0.0000000,0.14,-0.0986,0.0502,-0.8244,312.0,0.00,0.000,0.000,IDLE
2026-08-17T11:01:52.398709,0.0000000,0.0000000,-0.13,-0.0985,0.0501,-0.8230,312.0,0.00,0.000,0.000,IDLE
2026-08-17T11:01:53.398505,0.0000000,0.0000000,0.05,-0.0983,0.0503,-0.8194,313.0,0.00,0.000,0.000,IDLE
2026-08-17T11:01:54.400216,0.0000000,0.0000000,0.07,-0.0985,0.0498,-0.8224,312.0,0.00,0.000,0.000,IDLE
2026-08-17T11:01:55.398881,0.0000000,0.0000000,0.05,-0.0985,0.0497,-0.8231,312.0,0.00,0.000,0.000,IDLE
2026-08-17T11:01:56.398382,0.0000000,0.0000000,-0.03,-0.0986,0.0495,-0.8236,312.0,0.00,0.000,0.000,IDLE
2026-08-17T11:01:57.398368,0.0000000,0.0000000,-0.02,-0.0988,0.0495,-0.8251,312.0,0.00,0.000,0.000,IDLE
2026-08-17T11:01:58.398405,0.0000000,0.0000000,0.13,-0.0990,0.0494,-0.8258,312.0,0.00,0.000,0.000,IDLE
2026-08-17T11:01:59.398487,0.0000000,0.0000000,0.05,-0.0988,0.0496,-0.8243,312.0,0.00,0.000,0.000,IDLE
2026-08-17T11:02:00.398423,0.0000000,0.0000000,-0.09,-0.0990,0.0497,-0.8254,312.0,0.00,0.000,0.000,IDLE
2026-08-17T11:02:01.398421,0.0000000,0.0000000,0.00,-0.0990,0.0496,-0.8270,312.0,0.00,0.000,0.000,IDLE
2026-08-17T11:02:02.398610,0.0000000,0.0000000,-0.18,-0.0989,0.0496,-0.8267,312.0,0.00,0.000,0.000,IDLE
2026-08-17T11:02:03.398358,0.0000000,0.0000000,0.04,-0.0987,0.0499,-0.8248,312.0,0.00,0.000,0.000,IDLE
2026-08-17T11:02:04.399436,0.0000000,0.0000000,-0.11,-0.0988,0.0499,-0.8257,312.0,0.00,0.000,0.000,IDLE
2026-08-17T11:02:05.398346,0.0000000,0.0000000,-0.22,-0.0985,0.0501,-0.8221,312.0,0.00,0.000,0.000,IDLE
2026-08-17T11:02:06.398373,0.0000000,0.0000000,-0.15,-0.0985,0.0501,-0.8225,312.0,0.00,0.000,0.000,IDLE
2026-08-17T11:02:07.398360,0.0000000,0.0000000,-0.10,-0.0986,0.0503,-0.8231,312.0,0.00,0.000,0.000,IDLE
2026-08-17T11:02:08.398375,0.0000000,0.0000000,-0.18,-0.0985,0.0506,-0.8204,313.0,0.00,0.000,0.000,IDLE
2026-08-17T11:02:09.398393,0.0000000,0.0000000,-0.34,-0.0986,0.0505,-0.8219,312.0,0.00,0.000,0.000,IDLE
2026-08-17T11:02:10.398338,0.0000000,0.0000000,-0.08,-0.0986,0.0507,-0.8205,312.0,0.00,0.000,0.000,IDLE
2026-08-17T11:02:11.398336,0.0000000,0.0000000,-0.18,-0.0985,0.0506,-0.8189,313.0,0.00,0.000,0.000,IDLE
2026-08-17T11:02:12.398378,0.0000000,0.0000000,-0.11,-0.0986,0.0504,-0.8190,313.0,0.00,0.000,0.000,IDLE
2026-08-17T11:02:13.398356,0.0000000,0.0000000,-0.12,-0.0984,0.0507,-0.8150,313.0,0.00,0.000,0.000,IDLE
2026-08-17T11:02:14.398481,0.0000000,0.0000000,-0.10,-0.0984,0.0505,-0.8141,313.0,0.00,0.000,0.000,IDLE
2026-08-17T11:02:15.398464,0.0000000,0.0000000,-0.03,-0.0986,0.0503,-0.8171,313.0,0.00,0.000,0.000,IDLE
2026-08-17T11:02:16.398418,0.0000000,0.0000000,-0.19,-0.0987,0.0502,-0.8171,313.0,0.00,0.000,0.000,IDLE
2026-08-17T11:02:17.398616,0.0000000,0.0000000,-0.09,-0.0988,0.0502,-0.8169,313.0,0.00,0.000,0.000,IDLE
2026-08-17T11:02:18.398457,0.0000000,0.0000000,0.08,-0.0988,0.0502,-0.8144,313.0,0.00,0.000,0.000,IDLE
2026-08-17T11:02:19.398492,0.0000000,0.0000000,-0.05,-0.0989,0.0499,-0.8162,313.0,0.00,0.000,0.000,IDLE
2026-08-17T11:02:20.398530,0.0000000,0.0000000,0.09,-0.0989,0.0498,-0.8163,313.0,0.00,0.000,0.000,IDLE
2026-08-17T11:02:21.398828,0.0000000,0.0000000,-0.10,-0.0989,0.0497,-0.8172,313.0,0.00,0.000,0.000,IDLE
2026-08-17T11:02:22.398402,0.0000000,0.0000000,-0.03,-0.0989,0.0497,-0.8180,313.0,0.00,0.000,0.000,IDLE
2026-08-17T11:02:23.398472,0.0000000,0.0000000,0.20,-0.0990,0.0495,-0.8208,312.0,0.00,0.000,0.000,IDLE
2026-08-17T11:02:24.398531,0.0000000,0.0000000,0.09,-0.0991,0.0493,-0.8219,312.0,0.00,0.000,0.000,IDLE
2026-08-17T11:02:25.401685,0.0000000,0.0000000,0.16,-0.0990,0.0495,-0.8213,312.0,0.00,0.000,0.000,IDLE
2026-08-17T11:02:26.399487,0.0000000,0.0000000,0.15,-0.0989,0.0497,-0.8206,312.0,0.00,0.000,0.000,IDLE
2026-08-17T11:02:27.398859,0.0000000,0.0000000,0.05,-0.0989,0.0498,-0.8210,312.0,0.00,0.000,0.000,IDLE
2026-08-17T11:02:28.398563,0.0000000,0.0000000,0.19,-0.0991,0.0497,-0.8217,312.0,0.00,0.000,0.000,IDLE
2026-08-17T11:02:29.398339,0.0000000,0.0000000,0.09,-0.0990,0.0496,-0.8230,312.0,0.00,0.000,0.000,IDLE
2026-08-17T11:02:30.398368,0.0000000,0.0000000,0.07,-0.0989,0.0498,-0.8224,312.0,0.00,0.000,0.000,IDLE
2026-08-17T11:02:31.398370,0.0000000,0.0000000,0.09,-0.0989,0.0498,-0.8224,312.0,0.00,0.000,0.000,IDLE
2026-08-17T11:02:32.398369,0.0000000,0.0000000,0.09,-0.0988,0.0498,-0.8223,312.0,0.00,0.000,0.000,IDLE
2026-08-17T11:02:33.399047,0.0000000,0.0000000,0.04,-0.0987,0.0498,-0.8232,312.0,0.00,0.000,0.000,IDLE
2026-08-17T11:02:34.398411,0.0000000,0.0000000,0.25,-0.0987,0.0498,-0.8232,312.0,0.00,0.000,0.000,IDLE
2026-08-17T11:02:35.398374,0.0000000,0.0000000,0.21,-0.0986,0.0499,-0.8220,312.0,0.00,0.000,0.000,IDLE
2026-08-17T11:02:36.398346,0.0000000,0.0000000,0.15,-0.0986,0.0499,-0.8219,312.0,0.00,0.000,0.000,IDLE
2026-08-17T11:02:37.398477,0.0000000,0.0000000,0.05,-0.0987,0.0498,-0.8231,312.0,0.00,0.000,0.000,IDLE
2026-08-17T11:02:38.399882,0.0000000,0.0000000,0.18,-0.0988,0.0496,-0.8253,312.0,0.00,0.000,0.000,IDLE
2026-08-17T11:02:39.398375,0.0000000,0.0000000,0.14,-0.0988,0.0497,-0.8235,312.0,0.00,0.000,0.000,IDLE
2026-08-17T11:02:40.398352,0.0000000,0.0000000,0.26,-0.0990,0.0499,-0.8267,312.0,0.00,0.000,0.000,IDLE
2026-08-17T11:02:41.398480,0.0000000,0.0000000,0.26,-0.0991,0.0498,-0.8272,312.0,0.00,0.000,0.000,IDLE
2026-08-17T11:02:42.398473,0.0000000,0.0000000,0.17,-0.0993,0.0498,-0.8281,312.0,0.00,0.000,0.000,IDLE
2026-08-17T11:02:43.398507,0.0000000,0.0000000,0.32,-0.0991,0.0499,-0.8268,312.0,0.00,0.000,0.000,IDLE
2026-08-17T11:02:44.398372,0.0000000,0.0000000,0.32,-0.0992,0.0501,-0.8258,312.0,0.00,0.000,0.000,IDLE
2026-08-17T11:02:45.398339,0.0000000,0.0000000,0.43,-0.0992,0.0500,-0.8279,312.0,0.00,0.000,0.000,IDLE
2026-08-17T11:02:46.398357,0.0000000,0.0000000,0.32,-0.0990,0.0502,-0.8267,312.0,0.00,0.000,0.000,IDLE
2026-08-17T11:02:47.398420,0.0000000,0.0000000,0.17,-0.0992,0.0502,-0.8284,312.0,0.00,0.000,0.000,IDLE
2026-08-17T11:02:48.398350,0.0000000,0.0000000,0.31,-0.0991,0.0502,-0.8292,312.0,0.00,0.000,0.000,IDLE
2026-08-17T11:02:49.398341,0.0000000,0.0000000,0.26,-0.0990,0.0505,-0.8296,312.0,0.00,0.000,0.000,IDLE
2026-08-17T11:02:50.398371,0.0000000,0.0000000,0.22,-0.0990,0.0504,-0.8315,312.0,0.00,0.000,0.000,IDLE
2026-08-17T11:02:51.398422,0.0000000,0.0000000,0.15,-0.0989,0.0506,-0.8310,312.0,0.00,0.000,0.000,IDLE
2026-08-17T11:02:52.398834,0.0000000,0.0000000,0.39,-0.0988,0.0507,-0.8304,312.0,0.00,0.000,0.000,IDLE
2026-08-17T11:02:53.398358,0.0000000,0.0000000,0.41,-0.0987,0.0510,-0.8276,312.0,0.00,0.000,0.000,IDLE
2026-08-17T11:02:54.400247,0.0000000,0.0000000,0.42,-0.0987,0.0510,-0.8280,312.0,0.00,0.000,0.000,IDLE
2026-08-17T11:02:55.398470,0.0000000,0.0000000,0.12,-0.0988,0.0510,-0.8285,312.0,0.00,0.000,0.000,IDLE
2026-08-17T11:02:56.398496,0.0000000,0.0000000,0.30,-0.0986,0.0512,-0.8267,312.0,0.00,0.000,0.000,IDLE
2026-08-17T11:02:57.399522,0.0000000,0.0000000,0.15,-0.0985,0.0510,-0.8272,312.0,0.00,0.000,0.000,IDLE
2026-08-17T11:02:58.398899,0.0000000,0.0000000,0.12,-0.0986,0.0508,-0.8283,312.0,0.00,0.000,0.000,IDLE
2026-08-17T11:02:59.398334,0.0000000,0.0000000,0.23,-0.0987,0.0508,-0.8301,312.0,0.00,0.000,0.000,IDLE
2026-08-17T11:03:00.398409,0.0000000,0.0000000,0.30,-0.0986,0.0508,-0.8297,312.0,0.00,0.000,0.000,IDLE
2026-08-17T11:03:01.398750,0.0000000,0.0000000,0.27,-0.0986,0.0508,-0.8292,312.0,0.00,0.000,0.000,IDLE
2026-08-17T11:03:02.398341,0.0000000,0.0000000,0.05,-0.0984,0.0508,-0.8281,312.0,0.00,0.000,0.000,IDLE
2026-08-17T11:03:03.398693,0.0000000,0.0000000,0.28,-0.0984,0.0507,-0.8284,312.0,0.00,0.000,0.000,IDLE
2026-08-17T11:03:04.398430,0.0000000,0.0000000,0.26,-0.0984,0.0508,-0.8282,312.0,0.00,0.000,0.000,IDLE
2026-08-17T11:03:05.398864,0.0000000,0.0000000,0.03,-0.0985,0.0508,-0.8281,312.0,0.00,0.000,0.000,IDLE
2026-08-17T11:03:06.398353,0.0000000,0.0000000,0.13,-0.0986,0.0507,-0.8295,312.0,0.00,0.000,0.000,IDLE
2026-08-17T11:03:07.398635,0.0000000,0.0000000,0.12,-0.0986,0.0506,-0.8299,312.0,0.00,0.000,0.000,IDLE
2026-08-17T11:03:08.398464,0.0000000,0.0000000,0.27,-0.0986,0.0504,-0.8303,312.0,0.00,0.000,0.000,IDLE
2026-08-17T11:03:09.398503,0.0000000,0.0000000,0.13,-0.0984,0.0505,-0.8292,312.0,0.00,0.000,0.000,IDLE
2026-08-17T11:03:10.398344,0.0000000,0.0000000,0.32,-0.0984,0.0507,-0.8277,312.0,0.00,0.000,0.000,IDLE
2026-08-17T11:03:11.398413,0.0000000,0.0000000,0.04,-0.0984,0.0507,-0.8272,312.0,0.00,0.000,0.000,IDLE
2026-08-17T11:03:12.398338,0.0000000,0.0000000,0.00,-0.0985,0.0507,-0.8265,312.0,0.00,0.000,0.000,IDLE
2026-08-17T11:03:13.398374,0.0000000,0.0000000,0.30,-0.0986,0.0506,-0.8262,312.0,0.00,0.000,0.000,IDLE
2026-08-17T11:03:14.398660,0.0000000,0.0000000,0.11,-0.0987,0.0505,-0.8266,312.0,0.00,0.000,0.000,IDLE
2026-08-17T11:03:15.398356,0.0000000,0.0000000,0.29,-0.0989,0.0504,-0.8281,312.0,0.00,0.000,0.000,IDLE
2026-08-17T11:03:16.398348,0.0000000,0.0000000,0.51,-0.0990,0.0503,-0.8295,312.0,0.00,0.000,0.000,IDLE
2026-08-17T11:03:17.399383,0.0000000,0.0000000,0.18,-0.0991,0.0501,-0.8316,312.0,0.00,0.000,0.000,IDLE
2026-08-17T11:03:18.398755,0.0000000,0.0000000,0.34,-0.0989,0.0502,-0.8293,312.0,0.00,0.000,0.000,IDLE
2026-08-17T11:03:19.398600,0.0000000,0.0000000,0.23,-0.0988,0.0504,-0.8267,312.0,0.00,0.000,0.000,IDLE
2026-08-17T11:03:20.398592,0.0000000,0.0000000,0.26,-0.0988,0.0501,-0.8285,312.0,0.00,0.000,0.000,IDLE
2026-08-17T11:03:21.398723,0.0000000,0.0000000,0.32,-0.0987,0.0500,-0.8289,312.0,0.00,0.000,0.000,IDLE
2026-08-17T11:03:22.398358,0.0000000,0.0000000,0.26,-0.0987,0.0500,-0.8294,312.0,0.00,0.000,0.000,IDLE
2026-08-17T11:03:23.398440,0.0000000,0.0000000,0.21,-0.0986,0.0501,-0.8291,312.0,0.00,0.000,0.000,IDLE
2026-08-17T11:03:24.398353,0.0000000,0.0000000,0.31,-0.0988,0.0501,-0.8311,312.0,0.00,0.000,0.000,IDLE
2026-08-17T11:03:25.398371,0.0000000,0.0000000,0.25,-0.0989,0.0502,-0.8307,312.0,0.00,0.000,0.000,IDLE
2026-08-17T11:03:26.398493,0.0000000,0.0000000,0.12,-0.0988,0.0503,-0.8292,312.0,0.00,0.000,0.000,IDLE
2026-08-17T11:03:27.398467,0.0000000,0.0000000,0.39,-0.0986,0.0502,-0.8294,312.0,0.00,0.000,0.000,IDLE
2026-08-17T11:03:28.398613,0.0000000,0.0000000,0.07,-0.0987,0.0502,-0.8290,312.0,0.00,0.000,0.000,IDLE
2026-08-17T11:03:29.398354,0.0000000,0.0000000,0.35,-0.0988,0.0501,-0.8296,312.0,0.00,0.000,0.000,IDLE
2026-08-17T11:03:30.398345,0.0000000,0.0000000,0.30,-0.0990,0.0499,-0.8306,312.0,0.00,0.000,0.000,IDLE
2026-08-17T11:03:31.398474,0.0000000,0.0000000,0.32,-0.0990,0.0499,-0.8307,312.0,0.00,0.000,0.000,IDLE
2026-08-17T11:03:32.398463,0.0000000,0.0000000,0.66,-0.0989,0.0499,-0.8299,312.0,0.00,0.000,0.000,IDLE
2026-08-17T11:03:33.398376,0.0000000,0.0000000,0.27,-0.0991,0.0497,-0.8319,312.0,0.00,0.000,0.000,IDLE
2026-08-17T11:03:34.398349,0.0000000,0.0000000,0.36,-0.0988,0.0499,-0.8296,312.0,0.00,0.000,0.000,IDLE
2026-08-17T11:03:35.398720,0.0000000,0.0000000,0.52,-0.0988,0.0498,-0.8299,312.0,0.00,0.000,0.000,IDLE
2026-08-17T11:03:36.398370,0.0000000,0.0000000,0.30,-0.0988,0.0498,-0.8285,312.0,0.00,0.000,0.000,IDLE
2026-08-17T11:03:37.399125,0.0000000,0.0000000,0.45,-0.0990,0.0497,-0.8305,312.0,0.00,0.000,0.000,IDLE
2026-08-17T11:03:38.398337,0.0000000,0.0000000,0.40,-0.0988,0.0499,-0.8275,312.0,0.00,0.000,0.000,IDLE
2026-08-17T11:03:39.398329,0.0000000,0.0000000,0.51,-0.0988,0.0500,-0.8268,312.0,0.00,0.000,0.000,IDLE
2026-08-17T11:03:40.398477,0.0000000,0.0000000,0.40,-0.0988,0.0502,-0.8259,312.0,0.00,0.000,0.000,IDLE
2026-08-17T11:03:41.398375,0.0000000,0.0000000,0.53,-0.0988,0.0501,-0.8265,312.0,0.00,0.000,0.000,IDLE
2026-08-17T11:03:42.398618,0.0000000,0.0000000,0.40,-0.0989,0.0501,-0.8254,312.0,0.00,0.000,0.000,IDLE
2026-08-17T11:03:43.398408,0.0000000,0.0000000,0.58,-0.0988,0.0502,-0.8251,312.0,0.00,0.000,0.000,IDLE
2026-08-17T11:03:44.398608,0.0000000,0.0000000,0.63,-0.0988,0.0502,-0.8246,312.0,0.00,0.000,0.000,IDLE
2026-08-17T11:03:45.398394,0.0000000,0.0000000,0.55,-0.0990,0.0499,-0.8273,312.0,0.00,0.000,0.000,IDLE
2026-08-17T11:03:46.398344,0.0000000,0.0000000,0.56,-0.0989,0.0499,-0.8263,312.0,0.00,0.000,0.000,IDLE
2026-08-17T11:03:47.398454,0.0000000,0.0000000,0.64,-0.0990,0.0499,-0.8263,312.0,0.00,0.000,0.000,IDLE
2026-08-17T11:03:48.398435,0.0000000,0.0000000,0.71,-0.0991,0.0497,-0.8278,312.0,0.00,0.000,0.000,IDLE
2026-08-17T11:03:49.398447,0.0000000,0.0000000,0.49,-0.0992,0.0496,-0.8295,312.0,0.00,0.000,0.000,IDLE
2026-08-17T11:03:50.398407,0.0000000,0.0000000,0.44,-0.0992,0.0495,-0.8304,312.0,0.00,0.000,0.000,IDLE
2026-08-17T11:03:51.398625,0.0000000,0.0000000,0.82,-0.0990,0.0496,-0.8302,312.0,0.00,0.000,0.000,IDLE
2026-08-17T11:03:52.398427,0.0000000,0.0000000,0.75,-0.0989,0.0495,-0.8299,312.0,0.00,0.000,0.000,IDLE
2026-08-17T11:03:53.398351,0.0000000,0.0000000,0.71,-0.0990,0.0494,-0.8315,312.0,0.00,0.000,0.000,IDLE
2026-08-17T11:03:54.399038,0.0000000,0.0000000,0.64,-0.0990,0.0495,-0.8309,312.0,0.00,0.000,0.000,IDLE
2026-08-17T11:03:55.398707,0.0000000,0.0000000,0.64,-0.0990,0.0495,-0.8291,312.0,0.00,0.000,0.000,IDLE
2026-08-17T11:03:56.398366,0.0000000,0.0000000,0.50,-0.0990,0.0496,-0.8295,312.0,0.00,0.000,0.000,IDLE
2026-08-17T11:03:57.398355,0.0000000,0.0000000,0.42,-0.0990,0.0496,-0.8305,312.0,0.00,0.000,0.000,IDLE
2026-08-17T11:03:58.398794,0.0000000,0.0000000,0.58,-0.0989,0.0497,-0.8294,312.0,0.00,0.000,0.000,IDLE
2026-08-17T11:03:59.398453,0.0000000,0.0000000,0.62,-0.0989,0.0497,-0.8286,312.0,0.00,0.000,0.000,IDLE
2026-08-17T11:04:00.398354,0.0000000,0.0000000,0.52,-0.0989,0.0499,-0.8282,312.0,0.00,0.000,0.000,IDLE
2026-08-17T11:04:01.398252,0.0000000,0.0000000,0.37,-0.0991,0.0500,-0.8298,312.0,0.00,0.000,0.000,IDLE
2026-08-17T11:04:02.398483,0.0000000,0.0000000,0.32,-0.0988,0.0502,-0.8262,312.0,0.00,0.000,0.000,IDLE
2026-08-17T11:04:03.398469,0.0000000,0.0000000,0.14,-0.0987,0.0503,-0.8241,312.0,0.00,0.000,0.000,IDLE
2026-08-17T11:04:04.398429,0.0000000,0.0000000,0.23,-0.0990,0.0502,-0.8248,312.0,0.00,0.000,0.000,IDLE
2026-08-17T11:04:05.398354,0.0000000,0.0000000,0.14,-0.0990,0.0500,-0.8245,312.0,0.00,0.000,0.000,IDLE
2026-08-17T11:04:06.398350,0.0000000,0.0000000,0.24,-0.0989,0.0498,-0.8242,312.0,0.00,0.000,0.000,IDLE
2026-08-17T11:04:07.398689,0.0000000,0.0000000,0.38,-0.0993,0.0495,-0.8263,312.0,0.00,0.000,0.000,IDLE
2026-08-17T11:04:08.398546,0.0000000,0.0000000,0.05,-0.0992,0.0494,-0.8264,312.0,0.00,0.000,0.000,IDLE
2026-08-17T11:04:09.398498,0.0000000,0.0000000,0.13,-0.0992,0.0493,-0.8269,312.0,0.00,0.000,0.000,IDLE
2026-08-17T11:04:10.398345,0.0000000,0.0000000,0.25,-0.0992,0.0493,-0.8264,312.0,0.00,0.000,0.000,IDLE
2026-08-17T11:04:11.398408,0.0000000,0.0000000,0.55,-0.0992,0.0494,-0.8265,312.0,0.00,0.000,0.000,IDLE
2026-08-17T11:04:12.398471,0.0000000,0.0000000,0.36,-0.0992,0.0493,-0.8290,312.0,0.00,0.000,0.000,IDLE
2026-08-17T11:04:13.398325,0.0000000,0.0000000,0.18,-0.0990,0.0494,-0.8280,312.0,0.00,0.000,0.000,IDLE
2026-08-17T11:04:14.398355,0.0000000,0.0000000,0.30,-0.0990,0.0495,-0.8267,312.0,0.00,0.000,0.000,IDLE
2026-08-17T11:04:15.398580,0.0000000,0.0000000,0.42,-0.0991,0.0494,-0.8279,312.0,0.00,0.000,0.000,IDLE
2026-08-17T11:04:16.398343,0.0000000,0.0000000,0.40,-0.0990,0.0495,-0.8270,312.0,0.00,0.000,0.000,IDLE
2026-08-17T11:04:17.398347,0.0000000,0.0000000,0.34,-0.0990,0.0496,-0.8270,312.0,0.00,0.000,0.000,IDLE
2026-08-17T11:04:18.398361,0.0000000,0.0000000,0.40,-0.0987,0.0500,-0.8243,312.0,0.00,0.000,0.000,IDLE
2026-08-17T11:04:19.398436,0.0000000,0.0000000,0.34,-0.0986,0.0500,-0.8217,312.0,0.00,0.000,0.000,IDLE
2026-08-17T11:04:20.398340,0.0000000,0.0000000,0.34,-0.0987,0.0499,-0.8237,312.0,0.00,0.000,0.000,IDLE
2026-08-17T11:04:21.398417,0.0000000,0.0000000,0.44,-0.0990,0.0498,-0.8261,312.0,0.00,0.000,0.000,IDLE
2026-08-17T11:04:22.398455,0.0000000,0.0000000,0.31,-0.0988,0.0502,-0.8242,312.0,0.00,0.000,0.000,IDLE
2026-08-17T11:04:23.398350,0.0000000,0.0000000,0.24,-0.0988,0.0504,-0.8224,312.0,0.00,0.000,0.000,IDLE
2026-08-17T11:04:24.398469,0.0000000,0.0000000,0.17,-0.0990,0.0504,-0.8242,312.0,0.00,0.000,0.000,IDLE
2026-08-17T11:04:25.398404,0.0000000,0.0000000,0.31,-0.0990,0.0502,-0.8261,312.0,0.00,0.000,0.000,IDLE
2026-08-17T11:04:26.398471,0.0000000,0.0000000,0.24,-0.0989,0.0503,-0.8258,312.0,0.00,0.000,0.000,IDLE
2026-08-17T11:04:27.398401,0.0000000,0.0000000,0.22,-0.0991,0.0500,-0.8281,312.0,0.00,0.000,0.000,IDLE
2026-08-17T11:04:28.398345,0.0000000,0.0000000,0.42,-0.0989,0.0502,-0.8272,312.0,0.00,0.000,0.000,IDLE
2026-08-17T11:04:29.398355,0.0000000,0.0000000,0.20,-0.0990,0.0499,-0.8287,312.0,0.00,0.000,0.000,IDLE
2026-08-17T11:04:30.398453,0.0000000,0.0000000,0.38,-0.0989,0.0499,-0.8294,312.0,0.00,0.000,0.000,IDLE
2026-08-17T11:04:31.398372,0.0000000,0.0000000,0.29,-0.0987,0.0501,-0.8267,312.0,0.00,0.000,0.000,IDLE
2026-08-17T11:04:32.398363,0.0000000,0.0000000,0.38,-0.0988,0.0501,-0.8264,312.0,0.00,0.000,0.000,IDLE
2026-08-17T11:04:33.398423,0.0000000,0.0000000,0.34,-0.0989,0.0500,-0.8276,312.0,0.00,0.000,0.000,IDLE
2026-08-17T11:04:34.398371,0.0000000,0.0000000,0.42,-0.0986,0.0501,-0.8260,312.0,0.00,0.000,0.000,IDLE
2026-08-17T11:04:35.398481,0.0000000,0.0000000,0.31,-0.0985,0.0501,-0.8269,312.0,0.00,0.000,0.000,IDLE
2026-08-17T11:04:36.398331,0.0000000,0.0000000,0.37,-0.0986,0.0503,-0.8257,312.0,0.00,0.000,0.000,IDLE
2026-08-17T11:04:37.399005,0.0000000,0.0000000,0.27,-0.0985,0.0502,-0.8259,312.0,0.00,0.000,0.000,IDLE
2026-08-17T11:04:38.398477,0.0000000,0.0000000,0.37,-0.0985,0.0502,-0.8248,312.0,0.00,0.000,0.000,IDLE
2026-08-17T11:04:39.398574,0.0000000,0.0000000,0.37,-0.0985,0.0501,-0.8247,312.0,0.00,0.000,0.000,IDLE
2026-08-17T11:04:40.398551,0.0000000,0.0000000,0.41,-0.0987,0.0499,-0.8276,312.0,0.00,0.000,0.000,IDLE
2026-08-17T11:04:41.398339,0.0000000,0.0000000,0.19,-0.0987,0.0500,-0.8294,312.0,0.00,0.000,0.000,IDLE
2026-08-17T11:04:42.398344,0.0000000,0.0000000,0.39,-0.0986,0.0503,-0.8281,312.0,0.00,0.000,0.000,IDLE
2026-08-17T11:04:43.398862,0.0000000,0.0000000,0.14,-0.0984,0.0506,-0.8239,312.0,0.00,0.000,0.000,IDLE
2026-08-17T11:04:44.398468,0.0000000,0.0000000,0.23,-0.0985,0.0507,-0.8239,312.0,0.00,0.000,0.000,IDLE
2026-08-17T11:04:45.398351,0.0000000,0.0000000,0.27,-0.0985,0.0507,-0.8234,312.0,0.00,0.000,0.000,IDLE
2026-08-17T11:04:46.398724,0.0000000,0.0000000,0.24,-0.0985,0.0507,-0.8222,312.0,0.00,0.000,0.000,IDLE
2026-08-17T11:04:47.398440,0.0000000,0.0000000,0.14,-0.0985,0.0506,-0.8236,312.0,0.00,0.000,0.000,IDLE
2026-08-17T11:04:48.398405,0.0000000,0.0000000,0.14,-0.0986,0.0504,-0.8261,312.0,0.00,0.000,0.000,IDLE
2026-08-17T11:04:49.398344,0.0000000,0.0000000,0.18,-0.0985,0.0507,-0.8247,312.0,0.00,0.000,0.000,IDLE
2026-08-17T11:04:50.398344,0.0000000,0.0000000,0.14,-0.0985,0.0507,-0.8242,312.0,0.00,0.000,0.000,IDLE
2026-08-17T11:04:51.398562,0.0000000,0.0000000,0.09,-0.0986,0.0506,-0.8250,312.0,0.00,0.000,0.000,IDLE
2026-08-17T11:04:52.398347,0.0000000,0.0000000,0.23,-0.0985,0.0506,-0.8248,312.0,0.00,0.000,0.000,IDLE
2026-08-17T11:04:53.398609,0.0000000,0.0000000,0.05,-0.0984,0.0509,-0.8213,312.0,0.00,0.000,0.000,IDLE
2026-08-17T11:04:54.398379,0.0000000,0.0000000,0.15,-0.0985,0.0505,-0.8237,312.0,0.00,0.000,0.000,IDLE
2026-08-17T11:04:55.398363,0.0000000,0.0000000,0.20,-0.0986,0.0504,-0.8243,312.0,0.00,0.000,0.000,IDLE
2026-08-17T11:04:56.398381,0.0000000,0.0000000,0.23,-0.0985,0.0503,-0.8245,312.0,0.00,0.000,0.000,IDLE
2026-08-17T11:04:57.398488,0.0000000,0.0000000,0.13,-0.0986,0.0500,-0.8257,312.0,0.00,0.000,0.000,IDLE
2026-08-17T11:04:58.398503,0.0000000,0.0000000,0.14,-0.0985,0.0501,-0.8240,312.0,0.00,0.000,0.000,IDLE
2026-08-17T11:04:59.398336,0.0000000,0.0000000,0.44,-0.0986,0.0501,-0.8242,312.0,0.00,0.000,0.000,IDLE
2026-08-17T11:05:00.398328,0.0000000,0.0000000,0.06,-0.0986,0.0502,-0.8229,312.0,0.00,0.000,0.000,IDLE
2026-08-17T11:05:01.398487,0.0000000,0.0000000,0.09,-0.0988,0.0501,-0.8237,312.0,0.00,0.000,0.000,IDLE
2026-08-17T11:05:02.398367,0.0000000,0.0000000,0.14,-0.0990,0.0499,-0.8263,312.0,0.00,0.000,0.000,IDLE
2026-08-17T11:05:03.404622,0.0000000,0.0000000,0.23,-0.0992,0.0499,-0.8272,312.0,0.00,0.000,0.000,IDLE
2026-08-17T11:05:04.398649,0.0000000,0.0000000,0.22,-0.0991,0.0499,-0.8271,312.0,0.00,0.000,0.000,IDLE
2026-08-17T11:05:05.398362,0.0000000,0.0000000,0.24,-0.0992,0.0497,-0.8305,312.0,0.00,0.000,0.000,IDLE
2026-08-17T11:05:06.399558,0.0000000,0.0000000,0.20,-0.0992,0.0497,-0.8303,312.0,0.00,0.000,0.000,IDLE
2026-08-17T11:05:07.398361,0.0000000,0.0000000,0.00,-0.0991,0.0501,-0.8276,312.0,0.00,0.000,0.000,IDLE
2026-08-17T11:05:08.398366,0.0000000,0.0000000,0.08,-0.0991,0.0502,-0.8273,312.0,0.00,0.000,0.000,IDLE
2026-08-17T11:05:09.398335,0.0000000,0.0000000,0.05,-0.0990,0.0502,-0.8270,312.0,0.00,0.000,0.000,IDLE
2026-08-17T11:05:10.398808,0.0000000,0.0000000,0.17,-0.0989,0.0503,-0.8254,312.0,0.00,0.000,0.000,IDLE
2026-08-17T11:05:11.398452,0.0000000,0.0000000,0.26,-0.0990,0.0501,-0.8270,312.0,0.00,0.000,0.000,IDLE
2026-08-17T11:05:12.398457,0.0000000,0.0000000,0.00,-0.0990,0.0502,-0.8272,312.0,0.00,0.000,0.000,IDLE
2026-08-17T11:05:13.398345,0.0000000,0.0000000,0.22,-0.0990,0.0503,-0.8272,312.0,0.00,0.000,0.000,IDLE
2026-08-17T11:05:14.398350,0.0000000,0.0000000,0.02,-0.0988,0.0505,-0.8253,312.0,0.00,0.000,0.000,IDLE
2026-08-17T11:05:15.398625,0.0000000,0.0000000,0.30,-0.0986,0.0507,-0.8227,312.0,0.00,0.000,0.000,IDLE
2026-08-17T11:05:16.398342,0.0000000,0.0000000,0.32,-0.0987,0.0506,-0.8231,312.0,0.00,0.000,0.000,IDLE
2026-08-17T11:05:17.398368,0.0000000,0.0000000,0.24,-0.0987,0.0507,-0.8224,312.0,0.00,0.000,0.000,IDLE
2026-08-17T11:05:18.398444,0.0000000,0.0000000,0.14,-0.0987,0.0506,-0.8226,312.0,0.00,0.000,0.000,IDLE
2026-08-17T11:05:19.398907,0.0000000,0.0000000,0.15,-0.0989,0.0505,-0.8243,312.0,0.00,0.000,0.000,IDLE
2026-08-17T11:05:20.398633,0.0000000,0.0000000,0.10,-0.0989,0.0505,-0.8228,312.0,0.00,0.000,0.000,IDLE
2026-08-17T11:05:21.398640,0.0000000,0.0000000,0.27,-0.0991,0.0501,-0.8262,312.0,0.00,0.000,0.000,IDLE
2026-08-17T11:05:22.398579,0.0000000,0.0000000,0.23,-0.0992,0.0501,-0.8266,312.0,0.00,0.000,0.000,IDLE
2026-08-17T11:05:23.398427,0.0000000,0.0000000,0.15,-0.0993,0.0500,-0.8283,312.0,0.00,0.000,0.000,IDLE
2026-08-17T11:05:24.398349,0.0000000,0.0000000,0.16,-0.0990,0.0503,-0.8253,312.0,0.00,0.000,0.000,IDLE
2026-08-17T11:05:25.398335,0.0000000,0.0000000,0.09,-0.0989,0.0504,-0.8235,312.0,0.00,0.000,0.000,IDLE
2026-08-17T11:05:26.398342,0.0000000,0.0000000,0.08,-0.0990,0.0503,-0.8262,312.0,0.00,0.000,0.000,IDLE
2026-08-17T11:05:27.398525,0.0000000,0.0000000,0.21,-0.0990,0.0502,-0.8275,312.0,0.00,0.000,0.000,IDLE
2026-08-17T11:05:28.398391,0.0000000,0.0000000,0.25,-0.0991,0.0500,-0.8295,312.0,0.00,0.000,0.000,IDLE
2026-08-17T11:05:29.398578,0.0000000,0.0000000,0.07,-0.0991,0.0501,-0.8304,312.0,0.00,0.000,0.000,IDLE
2026-08-17T11:05:30.398384,0.0000000,0.0000000,0.12,-0.0989,0.0503,-0.8281,312.0,0.00,0.000,0.000,IDLE
2026-08-17T11:05:31.398401,0.0000000,0.0000000,0.25,-0.0989,0.0504,-0.8274,312.0,0.00,0.000,0.000,IDLE
2026-08-17T11:05:32.398360,0.0000000,0.0000000,0.11,-0.0989,0.0505,-0.8271,312.0,0.00,0.000,0.000,IDLE
2026-08-17T11:05:33.398860,0.0000000,0.0000000,0.22,-0.0990,0.0504,-0.8265,312.0,0.00,0.000,0.000,IDLE
2026-08-17T11:05:34.398422,0.0000000,0.0000000,0.14,-0.0991,0.0503,-0.8271,312.0,0.00,0.000,0.000,IDLE
2026-08-17T11:05:35.398334,0.0000000,0.0000000,0.36,-0.0991,0.0503,-0.8268,312.0,0.00,0.000,0.000,IDLE
2026-08-17T11:05:36.398369,0.0000000,0.0000000,0.37,-0.0992,0.0501,-0.8282,312.0,0.00,0.000,0.000,IDLE
2026-08-17T11:05:37.398487,0.0000000,0.0000000,0.11,-0.0990,0.0502,-0.8279,312.0,0.00,0.000,0.000,IDLE
2026-08-17T11:05:38.398876,0.0000000,0.0000000,0.17,-0.0990,0.0502,-0.8277,312.0,0.00,0.000,0.000,IDLE
2026-08-17T11:05:39.398435,0.0000000,0.0000000,0.22,-0.0988,0.0505,-0.8249,312.0,0.00,0.000,0.000,IDLE
2026-08-17T11:05:40.398342,0.0000000,0.0000000,0.32,-0.0989,0.0504,-0.8241,312.0,0.00,0.000,0.000,IDLE
2026-08-17T11:05:41.398424,0.0000000,0.0000000,0.15,-0.0992,0.0503,-0.8263,312.0,0.00,0.000,0.000,IDLE
2026-08-17T11:05:42.398339,0.0000000,0.0000000,0.14,-0.0993,0.0502,-0.8272,312.0,0.00,0.000,0.000,IDLE
2026-08-17T11:05:43.398383,0.0000000,0.0000000,0.24,-0.0993,0.0500,-0.8293,312.0,0.00,0.000,0.000,IDLE
2026-08-17T11:05:44.398763,0.0000000,0.0000000,0.31,-0.0993,0.0501,-0.8296,312.0,0.00,0.000,0.000,IDLE
2026-08-17T11:05:45.398391,0.0000000,0.0000000,0.15,-0.0993,0.0502,-0.8296,312.0,0.00,0.000,0.000,IDLE
2026-08-17T11:05:46.398353,0.0000000,0.0000000,0.24,-0.0995,0.0499,-0.8328,312.0,0.00,0.000,0.000,IDLE
2026-08-17T11:05:47.398428,0.0000000,0.0000000,0.02,-0.0994,0.0500,-0.8334,312.0,0.00,0.000,0.000,IDLE
2026-08-17T11:05:48.398450,0.0000000,0.0000000,0.02,-0.0994,0.0498,-0.8342,312.0,0.00,0.000,0.000,IDLE
2026-08-17T11:05:49.398673,0.0000000,0.0000000,0.16,-0.0996,0.0496,-0.8366,312.0,0.00,0.000,0.000,IDLE
2026-08-17T11:05:50.398890,0.0000000,0.0000000,0.21,-0.0995,0.0498,-0.8366,312.0,0.00,0.000,0.000,IDLE
2026-08-17T11:05:51.398812,0.0000000,0.0000000,0.04,-0.0994,0.0500,-0.8355,312.0,0.00,0.000,0.000,IDLE
2026-08-17T11:05:52.398502,0.0000000,0.0000000,0.11,-0.0992,0.0502,-0.8341,312.0,0.00,0.000,0.000,IDLE
2026-08-17T11:05:53.398347,0.0000000,0.0000000,0.07,-0.0992,0.0502,-0.8336,312.0,0.00,0.000,0.000,IDLE
2026-08-17T11:05:54.398350,0.0000000,0.0000000,0.04,-0.0991,0.0504,-0.8321,312.0,0.00,0.000,0.000,IDLE
2026-08-17T11:05:55.398638,0.0000000,0.0000000,0.19,-0.0993,0.0502,-0.8339,312.0,0.00,0.000,0.000,IDLE
2026-08-17T11:05:56.398359,0.0000000,0.0000000,0.07,-0.0991,0.0504,-0.8309,312.0,0.00,0.000,0.000,IDLE
2026-08-17T11:05:57.398856,0.0000000,0.0000000,0.09,-0.0991,0.0504,-0.8311,312.0,0.00,0.000,0.000,IDLE
2026-08-17T11:05:58.398338,0.0000000,0.0000000,0.20,-0.0991,0.0504,-0.8315,312.0,0.00,0.000,0.000,IDLE
2026-08-17T11:05:59.398496,0.0000000,0.0000000,0.10,-0.0992,0.0504,-0.8299,312.0,0.00,0.000,0.000,IDLE
2026-08-17T11:06:00.398340,0.0000000,0.0000000,-0.02,-0.0992,0.0505,-0.8303,312.0,0.00,0.000,0.000,IDLE
2026-08-17T11:06:01.399386,0.0000000,0.0000000,-0.18,-0.0994,0.0502,-0.8325,312.0,0.00,0.000,0.000,IDLE
2026-08-17T11:06:02.398642,0.0000000,0.0000000,0.17,-0.0993,0.0503,-0.8314,312.0,0.00,0.000,0.000,IDLE
2026-08-17T11:06:03.398579,0.0000000,0.0000000,-0.04,-0.0993,0.0503,-0.8330,312.0,0.00,0.000,0.000,IDLE
2026-08-17T11:06:04.398555,0.0000000,0.0000000,-0.01,-0.0993,0.0502,-0.8339,312.0,0.00,0.000,0.000,IDLE
2026-08-17T11:06:05.398491,0.0000000,0.0000000,0.12,-0.0993,0.0502,-0.8330,312.0,0.00,0.000,0.000,IDLE
2026-08-17T11:06:06.398372,0.0000000,0.0000000,-0.09,-0.0993,0.0503,-0.8333,312.0,0.00,0.000,0.000,IDLE
2026-08-17T11:06:07.398364,0.0000000,0.0000000,0.18,-0.0992,0.0502,-0.8338,312.0,0.00,0.000,0.000,IDLE
2026-08-17T11:06:08.398408,0.0000000,0.0000000,0.01,-0.0993,0.0501,-0.8369,312.0,0.00,0.000,0.000,IDLE
2026-08-17T11:06:09.398509,0.0000000,0.0000000,0.07,-0.0994,0.0502,-0.8377,312.0,0.00,0.000,0.000,IDLE
2026-08-17T11:06:10.398372,0.0000000,0.0000000,0.04,-0.0993,0.0501,-0.8378,312.0,0.00,0.000,0.000,IDLE
2026-08-17T11:06:11.398396,0.0000000,0.0000000,0.19,-0.0993,0.0502,-0.8376,312.0,0.00,0.000,0.000,IDLE
2026-08-17T11:06:12.398448,0.0000000,0.0000000,-0.04,-0.0991,0.0502,-0.8358,312.0,0.00,0.000,0.000,IDLE
2026-08-17T11:06:13.398352,0.0000000,0.0000000,0.26,-0.0991,0.0503,-0.8330,312.0,0.00,0.000,0.000,IDLE
2026-08-17T11:06:14.398406,0.0000000,0.0000000,0.05,-0.0992,0.0502,-0.8341,312.0,0.00,0.000,0.000,IDLE
2026-08-17T11:06:15.398620,0.0000000,0.0000000,0.12,-0.0993,0.0499,-0.8371,312.0,0.00,0.000,0.000,IDLE
2026-08-17T11:06:16.398608,0.0000000,0.0000000,0.20,-0.0993,0.0502,-0.8355,312.0,0.00,0.000,0.000,IDLE
2026-08-17T11:06:17.398618,0.0000000,0.0000000,0.08,-0.0994,0.0502,-0.8354,312.0,0.00,0.000,0.000,IDLE
2026-08-17T11:06:18.398574,0.0000000,0.0000000,0.14,-0.0994,0.0501,-0.8383,311.0,0.00,0.000,0.000,IDLE
2026-08-17T11:06:19.398371,0.0000000,0.0000000,0.07,-0.0993,0.0503,-0.8356,312.0,0.00,0.000,0.000,IDLE
2026-08-17T11:06:20.398344,0.0000000,0.0000000,0.03,-0.0993,0.0504,-0.8358,312.0,0.00,0.000,0.000,IDLE
2026-08-17T11:06:21.400273,0.0000000,0.0000000,0.04,-0.0993,0.0502,-0.8381,311.0,0.00,0.000,0.000,IDLE
2026-08-17T11:06:22.398328,0.0000000,0.0000000,0.02,-0.0992,0.0502,-0.8396,311.0,0.00,0.000,0.000,IDLE
2026-08-17T11:06:23.398340,0.0000000,0.0000000,0.17,-0.0991,0.0503,-0.8375,312.0,0.00,0.000,0.000,IDLE
2026-08-17T11:06:24.398369,0.0000000,0.0000000,0.09,-0.0989,0.0504,-0.8346,312.0,0.00,0.000,0.000,IDLE
2026-08-17T11:06:25.398339,0.0000000,0.0000000,0.02,-0.0989,0.0503,-0.8353,312.0,0.00,0.000,0.000,IDLE
2026-08-17T11:06:26.398489,0.0000000,0.0000000,0.12,-0.0990,0.0503,-0.8373,312.0,0.00,0.000,0.000,IDLE
2026-08-17T11:06:27.398432,0.0000000,0.0000000,0.07,-0.0988,0.0502,-0.8381,311.0,0.00,0.000,0.000,IDLE
2026-08-17T11:06:28.398592,0.0000000,0.0000000,0.18,-0.0988,0.0503,-0.8351,312.0,0.00,0.000,0.000,IDLE
2026-08-17T11:06:29.398764,0.0000000,0.0000000,0.17,-0.0988,0.0503,-0.8366,312.0,0.00,0.000,0.000,IDLE
2026-08-17T11:06:30.398377,0.0000000,0.0000000,0.16,-0.0987,0.0502,-0.8379,312.0,0.00,0.000,0.000,IDLE
2026-08-17T11:06:31.398456,0.0000000,0.0000000,0.05,-0.0986,0.0502,-0.8378,312.0,0.00,0.000,0.000,IDLE
2026-08-17T11:06:32.398466,0.0000000,0.0000000,0.42,-0.0987,0.0501,-0.8392,311.0,0.00,0.000,0.000,IDLE
2026-08-17T11:06:33.398500,0.0000000,0.0000000,0.34,-0.0988,0.0501,-0.8401,311.0,0.00,0.000,0.000,IDLE
2026-08-17T11:06:34.398501,0.0000000,0.0000000,0.24,-0.0988,0.0501,-0.8408,311.0,0.00,0.000,0.000,IDLE
2026-08-17T11:06:35.398354,0.0000000,0.0000000,0.48,-0.0988,0.0500,-0.8416,311.0,0.00,0.000,0.000,IDLE
2026-08-17T11:06:36.398458,0.0000000,0.0000000,0.34,-0.0989,0.0500,-0.8421,311.0,0.00,0.000,0.000,IDLE
2026-08-17T11:06:37.399454,0.0000000,0.0000000,0.47,-0.0988,0.0499,-0.8431,311.0,0.00,0.000,0.000,IDLE
2026-08-17T11:06:38.398453,0.0000000,0.0000000,0.59,-0.0988,0.0499,-0.8431,311.0,0.00,0.000,0.000,IDLE
2026-08-17T11:06:39.398350,0.0000000,0.0000000,0.35,-0.0990,0.0499,-0.8438,311.0,0.00,0.000,0.000,IDLE
2026-08-17T11:06:40.398467,0.0000000,0.0000000,0.60,-0.0989,0.0501,-0.8409,311.0,0.00,0.000,0.000,IDLE
2026-08-17T11:06:41.398377,0.0000000,0.0000000,0.26,-0.0988,0.0502,-0.8399,311.0,0.00,0.000,0.000,IDLE
2026-08-17T11:06:42.398435,0.0000000,0.0000000,0.32,-0.0989,0.0502,-0.8396,311.0,0.00,0.000,0.000,IDLE
2026-08-17T11:06:43.398396,0.0000000,0.0000000,0.46,-0.0987,0.0504,-0.8361,312.0,0.00,0.000,0.000,IDLE
2026-08-17T11:06:44.398887,0.0000000,0.0000000,0.52,-0.0987,0.0503,-0.8359,312.0,0.00,0.000,0.000,IDLE
2026-08-17T11:06:45.398452,0.0000000,0.0000000,0.41,-0.0985,0.0506,-0.8323,312.0,0.00,0.000,0.000,IDLE
2026-08-17T11:06:46.401357,0.0000000,0.0000000,0.44,-0.0987,0.0508,-0.8310,312.0,0.00,0.000,0.000,IDLE
2026-08-17T11:06:47.398383,0.0000000,0.0000000,0.27,-0.0987,0.0508,-0.8309,312.0,0.00,0.000,0.000,IDLE
2026-08-17T11:06:48.398483,0.0000000,0.0000000,0.23,-0.0988,0.0508,-0.8315,312.0,0.00,0.000,0.000,IDLE
2026-08-17T11:06:49.398439,0.0000000,0.0000000,0.42,-0.0988,0.0507,-0.8303,312.0,0.00,0.000,0.000,IDLE
2026-08-17T11:06:50.398511,0.0000000,0.0000000,0.27,-0.0989,0.0505,-0.8308,312.0,0.00,0.000,0.000,IDLE
2026-08-17T11:06:51.398362,0.0000000,0.0000000,0.30,-0.0990,0.0505,-0.8312,312.0,0.00,0.000,0.000,IDLE
2026-08-17T11:06:52.398403,0.0000000,0.0000000,0.35,-0.0989,0.0506,-0.8299,312.0,0.00,0.000,0.000,IDLE
2026-08-17T11:06:53.399800,0.0000000,0.0000000,0.17,-0.0991,0.0504,-0.8308,312.0,0.00,0.000,0.000,IDLE
2026-08-17T11:06:54.399479,0.0000000,0.0000000,0.26,-0.0992,0.0503,-0.8320,312.0,0.00,0.000,0.000,IDLE
2026-08-17T11:06:55.398376,0.0000000,0.0000000,0.29,-0.0993,0.0504,-0.8311,312.0,0.00,0.000,0.000,IDLE
2026-08-17T11:06:56.398340,0.0000000,0.0000000,0.42,-0.0993,0.0505,-0.8302,312.0,0.00,0.000,0.000,IDLE
2026-08-17T11:06:57.398496,0.0000000,0.0000000,0.22,-0.0992,0.0505,-0.8290,312.0,0.00,0.000,0.000,IDLE
2026-08-17T11:06:58.399351,0.0000000,0.0000000,0.19,-0.0992,0.0504,-0.8295,312.0,0.00,0.000,0.000,IDLE
2026-08-17T11:06:59.398350,0.0000000,0.0000000,0.30,-0.0991,0.0504,-0.8284,312.0,0.00,0.000,0.000,IDLE
2026-08-17T11:07:00.398362,0.0000000,0.0000000,0.41,-0.0992,0.0501,-0.8309,312.0,0.00,0.000,0.000,IDLE
2026-08-17T11:07:01.398474,0.0000000,0.0000000,0.12,-0.0991,0.0500,-0.8314,312.0,0.00,0.000,0.000,IDLE
2026-08-17T11:07:02.399698,0.0000000,0.0000000,0.11,-0.0991,0.0501,-0.8310,312.0,0.00,0.000,0.000,IDLE
2026-08-17T11:07:03.398497,0.0000000,0.0000000,0.07,-0.0988,0.0502,-0.8290,312.0,0.00,0.000,0.000,IDLE
2026-08-17T11:07:04.398684,0.0000000,0.0000000,0.22,-0.0989,0.0500,-0.8289,312.0,0.00,0.000,0.000,IDLE
2026-08-17T11:07:05.398374,0.0000000,0.0000000,0.07,-0.0987,0.0502,-0.8263,312.0,0.00,0.000,0.000,IDLE
2026-08-17T11:07:06.398471,0.0000000,0.0000000,0.03,-0.0989,0.0497,-0.8304,312.0,0.00,0.000,0.000,IDLE
2026-08-17T11:07:07.398353,0.0000000,0.0000000,-0.04,-0.0991,0.0497,-0.8324,312.0,0.00,0.000,0.000,IDLE
2026-08-17T11:07:08.398599,0.0000000,0.0000000,0.09,-0.0991,0.0497,-0.8331,312.0,0.00,0.000,0.000,IDLE
2026-08-17T11:07:09.398369,0.0000000,0.0000000,0.09,-0.0990,0.0500,-0.8307,312.0,0.00,0.000,0.000,IDLE
2026-08-17T11:07:10.398345,0.0000000,0.0000000,0.13,-0.0991,0.0497,-0.8318,312.0,0.00,0.000,0.000,IDLE
2026-08-17T11:07:11.398348,0.0000000,0.0000000,0.30,-0.0992,0.0497,-0.8334,312.0,0.00,0.000,0.000,IDLE
2026-08-17T11:07:12.398438,0.0000000,0.0000000,0.20,-0.0994,0.0495,-0.8352,312.0,0.00,0.000,0.000,IDLE
2026-08-17T11:07:13.398552,0.0000000,0.0000000,0.19,-0.0993,0.0496,-0.8363,312.0,0.00,0.000,0.000,IDLE
2026-08-17T11:07:14.398346,0.0000000,0.0000000,0.31,-0.0994,0.0496,-0.8383,311.0,0.00,0.000,0.000,IDLE
2026-08-17T11:07:15.398457,0.0000000,0.0000000,0.19,-0.0994,0.0497,-0.8373,312.0,0.00,0.000,0.000,IDLE
2026-08-17T11:07:16.398456,0.0000000,0.0000000,0.34,-0.0994,0.0498,-0.8373,312.0,0.00,0.000,0.000,IDLE
2026-08-17T11:07:17.398440,0.0000000,0.0000000,0.33,-0.0993,0.0496,-0.8368,312.0,0.00,0.000,0.000,IDLE
2026-08-17T11:07:18.399450,0.0000000,0.0000000,0.31,-0.0993,0.0495,-0.8373,312.0,0.00,0.000,0.000,IDLE
2026-08-17T11:07:19.398351,0.0000000,0.0000000,0.42,-0.0991,0.0497,-0.8353,312.0,0.00,0.000,0.000,IDLE
2026-08-17T11:07:20.398438,0.0000000,0.0000000,0.24,-0.0991,0.0498,-0.8344,312.0,0.00,0.000,0.000,IDLE
2026-08-17T11:07:21.398424,0.0000000,0.0000000,0.47,-0.0993,0.0497,-0.8382,311.0,0.00,0.000,0.000,IDLE
2026-08-17T11:07:22.398344,0.0000000,0.0000000,0.23,-0.0992,0.0498,-0.8381,311.0,0.00,0.000,0.000,IDLE
2026-08-17T11:07:23.398346,0.0000000,0.0000000,0.46,-0.0992,0.0498,-0.8384,311.0,0.00,0.000,0.000,IDLE
2026-08-17T11:07:24.398399,0.0000000,0.0000000,0.29,-0.0993,0.0496,-0.8407,311.0,0.00,0.000,0.000,IDLE
2026-08-17T11:07:25.398380,0.0000000,0.0000000,0.44,-0.0993,0.0497,-0.8425,311.0,0.00,0.000,0.000,IDLE
2026-08-17T11:07:26.398429,0.0000000,0.0000000,0.31,-0.0990,0.0497,-0.8411,311.0,0.00,0.000,0.000,IDLE
2026-08-17T11:07:27.398450,0.0000000,0.0000000,0.40,-0.0989,0.0498,-0.8395,311.0,0.00,0.000,0.000,IDLE
2026-08-17T11:07:28.398461,0.0000000,0.0000000,0.56,-0.0990,0.0498,-0.8392,311.0,0.00,0.000,0.000,IDLE
2026-08-17T11:07:29.398362,0.0000000,0.0000000,0.36,-0.0990,0.0497,-0.8409,311.0,0.00,0.000,0.000,IDLE
2026-08-17T11:07:30.398635,0.0000000,0.0000000,0.42,-0.0990,0.0497,-0.8410,311.0,0.00,0.000,0.000,IDLE
2026-08-17T11:07:31.399280,0.0000000,0.0000000,0.40,-0.0990,0.0497,-0.8415,311.0,0.00,0.000,0.000,IDLE
2026-08-17T11:07:32.398591,0.0000000,0.0000000,0.22,-0.0992,0.0499,-0.8421,311.0,0.00,0.000,0.000,IDLE
2026-08-17T11:07:33.398434,0.0000000,0.0000000,0.24,-0.0992,0.0499,-0.8416,311.0,0.00,0.000,0.000,IDLE
2026-08-17T11:07:34.398345,0.0000000,0.0000000,0.54,-0.0992,0.0500,-0.8421,311.0,0.00,0.000,0.000,IDLE
2026-08-17T11:07:35.398342,0.0000000,0.0000000,0.37,-0.0994,0.0500,-0.8437,311.0,0.00,0.000,0.000,IDLE
2026-08-17T11:07:36.398333,0.0000000,0.0000000,0.37,-0.0995,0.0498,-0.8455,311.0,0.00,0.000,0.000,IDLE
2026-08-17T11:07:37.398359,0.0000000,0.0000000,0.26,-0.0993,0.0501,-0.8435,311.0,0.00,0.000,0.000,IDLE
2026-08-17T11:07:38.398416,0.0000000,0.0000000,0.49,-0.0992,0.0501,-0.8434,311.0,0.00,0.000,0.000,IDLE
2026-08-17T11:07:39.398441,0.0000000,0.0000000,0.42,-0.0993,0.0500,-0.8451,311.0,0.00,0.000,0.000,IDLE
2026-08-17T11:07:40.398344,0.0000000,0.0000000,0.25,-0.0991,0.0502,-0.8437,311.0,0.00,0.000,0.000,IDLE
2026-08-17T11:07:41.398352,0.0000000,0.0000000,0.19,-0.0989,0.0504,-0.8406,311.0,0.00,0.000,0.000,IDLE
2026-08-17T11:07:42.398342,0.0000000,0.0000000,0.29,-0.0989,0.0504,-0.8405,311.0,0.00,0.000,0.000,IDLE
2026-08-17T11:07:43.398500,0.0000000,0.0000000,0.28,-0.0990,0.0505,-0.8399,311.0,0.00,0.000,0.000,IDLE
2026-08-17T11:07:44.398347,0.0000000,0.0000000,0.33,-0.0991,0.0505,-0.8402,311.0,0.00,0.000,0.000,IDLE
2026-08-17T11:07:45.398506,0.0000000,0.0000000,0.28,-0.0992,0.0505,-0.8398,311.0,0.00,0.000,0.000,IDLE
2026-08-17T11:07:46.398345,0.0000000,0.0000000,0.33,-0.0991,0.0505,-0.8400,311.0,0.00,0.000,0.000,IDLE
2026-08-17T11:07:47.398371,0.0000000,0.0000000,0.27,-0.0993,0.0505,-0.8403,311.0,0.00,0.000,0.000,IDLE
2026-08-17T11:07:48.398441,0.0000000,0.0000000,0.30,-0.0993,0.0505,-0.8397,311.0,0.00,0.000,0.000,IDLE
2026-08-17T11:07:49.398434,0.0000000,0.0000000,0.34,-0.0994,0.0503,-0.8411,311.0,0.00,0.000,0.000,IDLE
2026-08-17T11:07:50.398461,0.0000000,0.0000000,0.41,-0.0991,0.0504,-0.8397,311.0,0.00,0.000,0.000,IDLE
2026-08-17T11:07:51.398472,0.0000000,0.0000000,0.32,-0.0991,0.0506,-0.8390,311.0,0.00,0.000,0.000,IDLE
2026-08-17T11:07:52.398287,0.0000000,0.0000000,0.29,-0.0993,0.0505,-0.8394,311.0,0.00,0.000,0.000,IDLE
2026-08-17T11:07:53.398744,0.0000000,0.0000000,0.27,-0.0994,0.0502,-0.8416,311.0,0.00,0.000,0.000,IDLE
2026-08-17T11:07:54.398370,0.0000000,0.0000000,0.42,-0.0992,0.0503,-0.8401,311.0,0.00,0.000,0.000,IDLE
2026-08-17T11:07:55.398450,0.0000000,0.0000000,0.55,-0.0992,0.0502,-0.8410,311.0,0.00,0.000,0.000,IDLE
2026-08-17T11:07:56.398337,0.0000000,0.0000000,0.27,-0.0992,0.0503,-0.8396,311.0,0.00,0.000,0.000,IDLE
2026-08-17T11:07:57.398457,0.0000000,0.0000000,0.29,-0.0992,0.0504,-0.8391,311.0,0.00,0.000,0.000,IDLE
2026-08-17T11:07:58.398333,0.0000000,0.0000000,0.36,-0.0992,0.0505,-0.8380,311.0,0.00,0.000,0.000,IDLE
2026-08-17T11:07:59.398505,0.0000000,0.0000000,0.27,-0.0992,0.0505,-0.8375,312.0,0.00,0.000,0.000,IDLE
2026-08-17T11:08:00.398454,0.0000000,0.0000000,0.34,-0.0991,0.0505,-0.8359,312.0,0.00,0.000,0.000,IDLE
2026-08-17T11:08:01.398393,0.0000000,0.0000000,0.26,-0.0991,0.0507,-0.8347,312.0,0.00,0.000,0.000,IDLE
2026-08-17T11:08:02.398464,0.0000000,0.0000000,0.39,-0.0991,0.0506,-0.8346,312.0,0.00,0.000,0.000,IDLE
2026-08-17T11:08:03.403106,0.0000000,0.0000000,0.40,-0.0991,0.0505,-0.8345,312.0,0.00,0.000,0.000,IDLE
2026-08-17T11:08:04.398349,0.0000000,0.0000000,0.36,-0.0992,0.0503,-0.8347,312.0,0.00,0.000,0.000,IDLE
2026-08-17T11:08:05.398369,0.0000000,0.0000000,0.37,-0.0992,0.0502,-0.8342,312.0,0.00,0.000,0.000,IDLE
2026-08-17T11:08:06.398344,0.0000000,0.0000000,0.41,-0.0993,0.0501,-0.8347,312.0,0.00,0.000,0.000,IDLE
2026-08-17T11:08:07.398361,0.0000000,0.0000000,0.37,-0.0993,0.0500,-0.8355,312.0,0.00,0.000,0.000,IDLE
2026-08-17T11:08:08.398339,0.0000000,0.0000000,0.48,-0.0994,0.0499,-0.8381,311.0,0.00,0.000,0.000,IDLE
2026-08-17T11:08:09.398400,0.0000000,0.0000000,0.55,-0.0994,0.0499,-0.8403,311.0,0.00,0.000,0.000,IDLE
2026-08-17T11:08:10.398327,0.0000000,0.0000000,0.34,-0.0995,0.0497,-0.8422,311.0,0.00,0.000,0.000,IDLE
2026-08-17T11:08:11.398667,0.0000000,0.0000000,0.43,-0.0994,0.0496,-0.8440,311.0,0.00,0.000,0.000,IDLE
2026-08-17T11:08:12.398676,0.0000000,0.0000000,0.24,-0.0993,0.0498,-0.8430,311.0,0.00,0.000,0.000,IDLE
2026-08-17T11:08:13.398398,0.0000000,0.0000000,0.65,-0.0991,0.0499,-0.8425,311.0,0.00,0.000,0.000,IDLE
2026-08-17T11:08:14.398367,0.0000000,0.0000000,0.52,-0.0992,0.0500,-0.8426,311.0,0.00,0.000,0.000,IDLE
2026-08-17T11:08:15.398465,0.0000000,0.0000000,0.47,-0.0992,0.0499,-0.8433,311.0,0.00,0.000,0.000,IDLE
2026-08-17T11:08:16.398382,0.0000000,0.0000000,0.51,-0.0992,0.0499,-0.8435,311.0,0.00,0.000,0.000,IDLE
2026-08-17T11:08:17.399151,0.0000000,0.0000000,0.42,-0.0991,0.0499,-0.8428,311.0,0.00,0.000,0.000,IDLE
2026-08-17T11:08:18.398493,0.0000000,0.0000000,0.34,-0.0990,0.0499,-0.8429,311.0,0.00,0.000,0.000,IDLE
2026-08-17T11:08:19.398334,0.0000000,0.0000000,0.37,-0.0991,0.0500,-0.8428,311.0,0.00,0.000,0.000,IDLE
2026-08-17T11:08:20.398802,0.0000000,0.0000000,0.52,-0.0994,0.0498,-0.8459,311.0,0.00,0.000,0.000,IDLE
2026-08-17T11:08:21.398521,0.0000000,0.0000000,0.34,-0.0995,0.0497,-0.8490,311.0,0.00,0.000,0.000,IDLE
2026-08-17T11:08:22.398454,0.0000000,0.0000000,0.49,-0.0995,0.0499,-0.8495,311.0,0.00,0.000,0.000,IDLE
2026-08-17T11:08:23.398355,0.0000000,0.0000000,0.31,-0.0994,0.0501,-0.8493,311.0,0.00,0.000,0.000,IDLE
2026-08-17T11:08:24.398488,0.0000000,0.0000000,0.42,-0.0993,0.0502,-0.8494,311.0,0.00,0.000,0.000,IDLE
2026-08-17T11:08:25.398359,0.0000000,0.0000000,0.67,-0.0995,0.0501,-0.8516,311.0,0.00,0.000,0.000,IDLE
2026-08-17T11:08:26.398544,0.0000000,0.0000000,0.56,-0.0993,0.0503,-0.8486,311.0,0.00,0.000,0.000,IDLE
2026-08-17T11:08:27.398477,0.0000000,0.0000000,0.47,-0.0990,0.0504,-0.8446,311.0,0.00,0.000,0.000,IDLE
2026-08-17T11:08:28.398341,0.0000000,0.0000000,0.54,-0.0990,0.0505,-0.8432,311.0,0.00,0.000,0.000,IDLE
2026-08-17T11:08:29.398827,0.0000000,0.0000000,0.55,-0.0990,0.0508,-0.8407,311.0,0.00,0.000,0.000,IDLE
2026-08-17T11:08:30.398393,0.0000000,0.0000000,0.50,-0.0987,0.0510,-0.8380,311.0,0.00,0.000,0.000,IDLE
2026-08-17T11:08:31.398459,0.0000000,0.0000000,0.45,-0.0986,0.0510,-0.8357,312.0,0.00,0.000,0.000,IDLE
2026-08-17T11:08:32.398302,0.0000000,0.0000000,0.66,-0.0986,0.0509,-0.8345,312.0,0.00,0.000,0.000,IDLE
2026-08-17T11:08:33.398568,0.0000000,0.0000000,0.55,-0.0986,0.0509,-0.8334,312.0,0.00,0.000,0.000,IDLE
2026-08-17T11:08:34.398351,0.0000000,0.0000000,0.59,-0.0986,0.0509,-0.8323,312.0,0.00,0.000,0.000,IDLE
2026-08-17T11:08:35.398363,0.0000000,0.0000000,0.45,-0.0989,0.0504,-0.8350,312.0,0.00,0.000,0.000,IDLE
2026-08-17T11:08:36.398446,0.0000000,0.0000000,0.46,-0.0988,0.0506,-0.8326,312.0,0.00,0.000,0.000,IDLE
2026-08-17T11:08:37.398825,0.0000000,0.0000000,0.56,-0.0989,0.0504,-0.8342,312.0,0.00,0.000,0.000,IDLE
2026-08-17T11:08:38.399528,0.0000000,0.0000000,0.55,-0.0988,0.0503,-0.8348,312.0,0.00,0.000,0.000,IDLE
2026-08-17T11:08:39.399518,0.0000000,0.0000000,0.36,-0.0990,0.0501,-0.8360,312.0,0.00,0.000,0.000,IDLE
2026-08-17T11:08:40.398593,0.0000000,0.0000000,0.62,-0.0990,0.0499,-0.8372,312.0,0.00,0.000,0.000,IDLE
2026-08-17T11:08:41.398361,0.0000000,0.0000000,0.52,-0.0993,0.0498,-0.8401,311.0,0.00,0.000,0.000,IDLE
2026-08-17T11:08:42.398366,0.0000000,0.0000000,0.54,-0.0991,0.0499,-0.8387,311.0,0.00,0.000,0.000,IDLE
2026-08-17T11:08:43.398806,0.0000000,0.0000000,0.57,-0.0989,0.0500,-0.8358,312.0,0.00,0.000,0.000,IDLE
2026-08-17T11:08:44.398597,0.0000000,0.0000000,0.44,-0.0990,0.0500,-0.8358,312.0,0.00,0.000,0.000,IDLE
2026-08-17T11:08:45.398348,0.0000000,0.0000000,0.52,-0.0992,0.0499,-0.8381,311.0,0.00,0.000,0.000,IDLE
2026-08-17T11:08:46.398590,0.0000000,0.0000000,0.44,-0.0992,0.0499,-0.8391,311.0,0.00,0.000,0.000,IDLE
2026-08-17T11:08:47.398571,0.0000000,0.0000000,0.67,-0.0989,0.0503,-0.8349,312.0,0.00,0.000,0.000,IDLE
2026-08-17T11:08:48.398401,0.0000000,0.0000000,0.59,-0.0989,0.0505,-0.8342,312.0,0.00,0.000,0.000,IDLE
2026-08-17T11:08:49.398384,0.0000000,0.0000000,0.52,-0.0990,0.0507,-0.8331,312.0,0.00,0.000,0.000,IDLE
2026-08-17T11:08:50.398415,0.0000000,0.0000000,0.46,-0.0991,0.0507,-0.8338,312.0,0.00,0.000,0.000,IDLE
2026-08-17T11:08:51.398468,0.0000000,0.0000000,0.64,-0.0990,0.0508,-0.8303,312.0,0.00,0.000,0.000,IDLE
2026-08-17T11:08:52.398334,0.0000000,0.0000000,0.80,-0.0989,0.0508,-0.8288,312.0,0.00,0.000,0.000,IDLE
2026-08-17T11:08:53.398370,0.0000000,0.0000000,0.52,-0.0990,0.0508,-0.8300,312.0,0.00,0.000,0.000,IDLE
2026-08-17T11:08:54.398669,0.0000000,0.0000000,0.65,-0.0991,0.0507,-0.8311,312.0,0.00,0.000,0.000,IDLE
2026-08-17T11:08:55.398470,0.0000000,0.0000000,0.77,-0.0990,0.0506,-0.8310,312.0,0.00,0.000,0.000,IDLE
2026-08-17T11:08:56.398886,0.0000000,0.0000000,0.54,-0.0992,0.0504,-0.8318,312.0,0.00,0.000,0.000,IDLE
2026-08-17T11:08:57.398441,0.0000000,0.0000000,0.56,-0.0992,0.0503,-0.8333,312.0,0.00,0.000,0.000,IDLE
2026-08-17T11:08:58.398371,0.0000000,0.0000000,0.47,-0.0992,0.0502,-0.8354,312.0,0.00,0.000,0.000,IDLE
2026-08-17T11:08:59.398456,0.0000000,0.0000000,0.53,-0.0992,0.0501,-0.8356,312.0,0.00,0.000,0.000,IDLE
2026-08-17T11:09:00.398740,0.0000000,0.0000000,0.67,-0.0993,0.0501,-0.8361,312.0,0.00,0.000,0.000,IDLE
2026-08-17T11:09:01.398360,0.0000000,0.0000000,0.57,-0.0993,0.0501,-0.8364,312.0,0.00,0.000,0.000,IDLE
2026-08-17T11:09:02.398362,0.0000000,0.0000000,0.57,-0.0993,0.0501,-0.8364,312.0,0.00,0.000,0.000,IDLE
2026-08-17T11:09:03.398492,0.0000000,0.0000000,0.61,-0.0993,0.0501,-0.8370,312.0,0.00,0.000,0.000,IDLE
2026-08-17T11:09:04.398419,0.0000000,0.0000000,0.37,-0.0993,0.0501,-0.8372,312.0,0.00,0.000,0.000,IDLE
2026-08-17T11:09:05.398397,0.0000000,0.0000000,0.50,-0.0993,0.0500,-0.8379,312.0,0.00,0.000,0.000,IDLE
2026-08-17T11:09:06.398382,0.0000000,0.0000000,0.49,-0.0992,0.0501,-0.8372,312.0,0.00,0.000,0.000,IDLE
2026-08-17T11:09:07.398388,0.0000000,0.0000000,0.51,-0.0992,0.0501,-0.8379,312.0,0.00,0.000,0.000,IDLE
2026-08-17T11:09:08.398345,0.0000000,0.0000000,0.43,-0.0992,0.0503,-0.8362,312.0,0.00,0.000,0.000,IDLE
2026-08-17T11:09:09.398434,0.0000000,0.0000000,0.48,-0.0991,0.0502,-0.8358,312.0,0.00,0.000,0.000,IDLE
2026-08-17T11:09:10.398345,0.0000000,0.0000000,0.62,-0.0991,0.0504,-0.8359,312.0,0.00,0.000,0.000,IDLE
2026-08-17T11:09:11.399409,0.0000000,0.0000000,0.43,-0.0992,0.0504,-0.8347,312.0,0.00,0.000,0.000,IDLE
2026-08-17T11:09:12.398988,0.0000000,0.0000000,0.55,-0.0992,0.0504,-0.8343,312.0,0.00,0.000,0.000,IDLE
2026-08-17T11:09:13.398470,0.0000000,0.0000000,0.64,-0.0992,0.0504,-0.8361,312.0,0.00,0.000,0.000,IDLE
2026-08-17T11:09:14.403590,0.0000000,0.0000000,0.49,-0.0994,0.0503,-0.8403,311.0,0.00,0.000,0.000,IDLE
2026-08-17T11:09:15.398374,0.0000000,0.0000000,0.44,-0.0995,0.0501,-0.8426,311.0,0.00,0.000,0.000,IDLE
2026-08-17T11:09:16.403635,0.0000000,0.0000000,0.52,-0.0996,0.0501,-0.8458,311.0,0.00,0.000,0.000,IDLE
2026-08-17T11:09:17.398359,0.0000000,0.0000000,0.40,-0.0995,0.0501,-0.8466,311.0,0.00,0.000,0.000,IDLE
2026-08-17T11:09:18.398495,0.0000000,0.0000000,0.50,-0.0994,0.0502,-0.8477,311.0,0.00,0.000,0.000,IDLE
2026-08-17T11:09:19.398345,0.0000000,0.0000000,0.52,-0.0992,0.0507,-0.8450,311.0,0.00,0.000,0.000,IDLE
2026-08-17T11:09:20.398379,0.0000000,0.0000000,0.55,-0.0991,0.0508,-0.8438,311.0,0.00,0.000,0.000,IDLE
2026-08-17T11:09:21.398624,0.0000000,0.0000000,0.43,-0.0991,0.0507,-0.8437,311.0,0.00,0.000,0.000,IDLE
2026-08-17T11:09:22.398526,0.0000000,0.0000000,0.47,-0.0988,0.0509,-0.8404,311.0,0.00,0.000,0.000,IDLE
2026-08-17T11:09:23.398353,0.0000000,0.0000000,0.41,-0.0987,0.0508,-0.8411,311.0,0.00,0.000,0.000,IDLE
2026-08-17T11:09:24.398465,0.0000000,0.0000000,0.44,-0.0985,0.0510,-0.8382,311.0,0.00,0.000,0.000,IDLE
2026-08-17T11:09:25.398419,0.0000000,0.0000000,0.38,-0.0986,0.0508,-0.8391,311.0,0.00,0.000,0.000,IDLE
2026-08-17T11:09:26.398423,0.0000000,0.0000000,0.42,-0.0987,0.0509,-0.8381,311.0,0.00,0.000,0.000,IDLE
2026-08-17T11:09:27.398443,0.0000000,0.0000000,0.51,-0.0987,0.0510,-0.8372,312.0,0.00,0.000,0.000,IDLE
2026-08-17T11:09:28.398428,0.0000000,0.0000000,0.32,-0.0991,0.0508,-0.8391,311.0,0.00,0.000,0.000,IDLE
2026-08-17T11:09:29.398386,0.0000000,0.0000000,0.47,-0.0990,0.0507,-0.8383,311.0,0.00,0.000,0.000,IDLE
2026-08-17T11:09:30.398357,0.0000000,0.0000000,0.38,-0.0990,0.0505,-0.8396,311.0,0.00,0.000,0.000,IDLE
2026-08-17T11:09:31.398483,0.0000000,0.0000000,0.50,-0.0989,0.0505,-0.8386,311.0,0.00,0.000,0.000,IDLE
2026-08-17T11:09:32.398668,0.0000000,0.0000000,0.40,-0.0989,0.0505,-0.8367,312.0,0.00,0.000,0.000,IDLE
2026-08-17T11:09:33.398447,0.0000000,0.0000000,0.46,-0.0990,0.0503,-0.8378,312.0,0.00,0.000,0.000,IDLE
2026-08-17T11:09:34.398746,0.0000000,0.0000000,0.23,-0.0990,0.0502,-0.8389,311.0,0.00,0.000,0.000,IDLE
2026-08-17T11:09:35.398330,0.0000000,0.0000000,0.40,-0.0992,0.0501,-0.8403,311.0,0.00,0.000,0.000,IDLE
2026-08-17T11:09:36.398452,0.0000000,0.0000000,0.59,-0.0993,0.0502,-0.8392,311.0,0.00,0.000,0.000,IDLE
2026-08-17T11:09:37.398412,0.0000000,0.0000000,0.42,-0.0993,0.0501,-0.8392,311.0,0.00,0.000,0.000,IDLE
2026-08-17T11:09:38.398533,0.0000000,0.0000000,0.47,-0.0992,0.0502,-0.8373,312.0,0.00,0.000,0.000,IDLE
2026-08-17T11:09:39.398639,0.0000000,0.0000000,0.39,-0.0991,0.0502,-0.8352,312.0,0.00,0.000,0.000,IDLE
2026-08-17T11:09:40.398344,0.0000000,0.0000000,0.52,-0.0993,0.0502,-0.8350,312.0,0.00,0.000,0.000,IDLE
2026-08-17T11:09:41.398647,0.0000000,0.0000000,0.30,-0.0994,0.0501,-0.8354,312.0,0.00,0.000,0.000,IDLE
2026-08-17T11:09:42.398386,0.0000000,0.0000000,0.37,-0.0996,0.0501,-0.8378,312.0,0.00,0.000,0.000,IDLE
2026-08-17T11:09:43.398360,0.0000000,0.0000000,0.40,-0.0996,0.0500,-0.8381,311.0,0.00,0.000,0.000,IDLE
2026-08-17T11:09:44.398449,0.0000000,0.0000000,0.42,-0.0995,0.0501,-0.8369,312.0,0.00,0.000,0.000,IDLE
2026-08-17T11:09:45.398485,0.0000000,0.0000000,0.48,-0.0996,0.0500,-0.8374,312.0,0.00,0.000,0.000,IDLE
2026-08-17T11:09:46.398398,0.0000000,0.0000000,0.34,-0.0995,0.0501,-0.8374,312.0,0.00,0.000,0.000,IDLE
2026-08-17T11:09:47.398372,0.0000000,0.0000000,0.40,-0.0993,0.0503,-0.8355,312.0,0.00,0.000,0.000,IDLE
2026-08-17T11:09:48.398509,0.0000000,0.0000000,0.29,-0.0996,0.0501,-0.8392,311.0,0.00,0.000,0.000,IDLE
2026-08-17T11:09:49.398460,0.0000000,0.0000000,0.29,-0.0998,0.0500,-0.8421,311.0,0.00,0.000,0.000,IDLE
2026-08-17T11:09:50.398340,0.0000000,0.0000000,0.50,-0.0996,0.0503,-0.8395,311.0,0.00,0.000,0.000,IDLE
2026-08-17T11:09:51.398491,0.0000000,0.0000000,0.32,-0.0995,0.0503,-0.8389,311.0,0.00,0.000,0.000,IDLE
2026-08-17T11:09:52.398752,0.0000000,0.0000000,0.48,-0.0997,0.0501,-0.8415,311.0,0.00,0.000,0.000,IDLE
2026-08-17T11:09:53.398413,0.0000000,0.0000000,0.47,-0.0996,0.0504,-0.8409,311.0,0.00,0.000,0.000,IDLE
2026-08-17T11:09:54.398456,0.0000000,0.0000000,0.54,-0.0996,0.0504,-0.8412,311.0,0.00,0.000,0.000,IDLE
2026-08-17T11:09:55.398407,0.0000000,0.0000000,0.62,-0.0995,0.0504,-0.8409,311.0,0.00,0.000,0.000,IDLE
2026-08-17T11:09:56.398329,0.0000000,0.0000000,0.54,-0.0994,0.0506,-0.8400,311.0,0.00,0.000,0.000,IDLE
2026-08-17T11:09:57.398372,0.0000000,0.0000000,0.59,-0.0995,0.0504,-0.8408,311.0,0.00,0.000,0.000,IDLE
2026-08-17T11:09:58.398439,0.0000000,0.0000000,0.81,-0.0997,0.0502,-0.8437,311.0,0.00,0.000,0.000,IDLE
2026-08-17T11:09:59.398362,0.0000000,0.0000000,0.70,-0.0997,0.0501,-0.8459,311.0,0.00,0.000,0.000,IDLE
2026-08-17T11:10:00.398404,0.0000000,0.0000000,0.86,-0.0996,0.0501,-0.8458,311.0,0.00,0.000,0.000,IDLE
2026-08-17T11:10:01.398451,0.0000000,0.0000000,0.66,-0.0995,0.0502,-0.8444,311.0,0.00,0.000,0.000,IDLE
2026-08-17T11:10:02.398341,0.0000000,0.0000000,0.62,-0.0994,0.0501,-0.8457,311.0,0.00,0.000,0.000,IDLE
2026-08-17T11:10:03.398533,0.0000000,0.0000000,0.86,-0.0994,0.0500,-0.8478,311.0,0.00,0.000,0.000,IDLE
2026-08-17T11:10:04.398578,0.0000000,0.0000000,0.75,-0.0993,0.0501,-0.8481,311.0,0.00,0.000,0.000,IDLE
2026-08-17T11:10:05.398615,0.0000000,0.0000000,0.81,-0.0993,0.0501,-0.8486,311.0,0.00,0.000,0.000,IDLE
2026-08-17T11:10:06.398338,0.0000000,0.0000000,0.63,-0.0992,0.0502,-0.8482,311.0,0.00,0.000,0.000,IDLE
2026-08-17T11:10:07.398507,0.0000000,0.0000000,0.61,-0.0990,0.0503,-0.8484,311.0,0.00,0.000,0.000,IDLE
2026-08-17T11:10:08.398369,0.0000000,0.0000000,0.74,-0.0992,0.0504,-0.8478,311.0,0.00,0.000,0.000,IDLE
2026-08-17T11:10:09.398868,0.0000000,0.0000000,0.86,-0.0990,0.0507,-0.8452,311.0,0.00,0.000,0.000,IDLE
2026-08-17T11:10:10.398423,0.0000000,0.0000000,0.62,-0.0992,0.0504,-0.8470,311.0,0.00,0.000,0.000,IDLE
2026-08-17T11:10:11.398362,0.0000000,0.0000000,0.63,-0.0990,0.0505,-0.8442,311.0,0.00,0.000,0.000,IDLE
2026-08-17T11:10:12.398342,0.0000000,0.0000000,0.48,-0.0991,0.0504,-0.8437,311.0,0.00,0.000,0.000,IDLE
2026-08-17T11:10:13.398479,0.0000000,0.0000000,0.46,-0.0991,0.0502,-0.8445,311.0,0.00,0.000,0.000,IDLE
2026-08-17T11:10:14.399417,0.0000000,0.0000000,0.48,-0.0992,0.0502,-0.8432,311.0,0.00,0.000,0.000,IDLE
2026-08-17T11:10:15.398426,0.0000000,0.0000000,0.56,-0.0991,0.0502,-0.8417,311.0,0.00,0.000,0.000,IDLE
2026-08-17T11:10:16.398341,0.0000000,0.0000000,0.61,-0.0991,0.0503,-0.8400,311.0,0.00,0.000,0.000,IDLE
2026-08-17T11:10:17.398484,0.0000000,0.0000000,0.48,-0.0992,0.0502,-0.8411,311.0,0.00,0.000,0.000,IDLE
2026-08-17T11:10:18.398668,0.0000000,0.0000000,0.49,-0.0990,0.0504,-0.8394,311.0,0.00,0.000,0.000,IDLE
2026-08-17T11:10:19.398364,0.0000000,0.0000000,0.44,-0.0990,0.0506,-0.8358,312.0,0.00,0.000,0.000,IDLE
2026-08-17T11:10:20.398467,0.0000000,0.0000000,0.41,-0.0993,0.0502,-0.8391,311.0,0.00,0.000,0.000,IDLE
2026-08-17T11:10:21.398482,0.0000000,0.0000000,0.52,-0.0992,0.0502,-0.8372,312.0,0.00,0.000,0.000,IDLE
2026-08-17T11:10:22.398686,0.0000000,0.0000000,0.50,-0.0992,0.0502,-0.8373,312.0,0.00,0.000,0.000,IDLE
2026-08-17T11:10:23.398452,0.0000000,0.0000000,0.27,-0.0992,0.0501,-0.8387,311.0,0.00,0.000,0.000,IDLE
2026-08-17T11:10:24.399044,0.0000000,0.0000000,0.34,-0.0993,0.0498,-0.8410,311.0,0.00,0.000,0.000,IDLE
2026-08-17T11:10:25.398365,0.0000000,0.0000000,0.32,-0.0993,0.0497,-0.8430,311.0,0.00,0.000,0.000,IDLE
2026-08-17T11:10:26.403512,0.0000000,0.0000000,0.36,-0.0991,0.0497,-0.8430,311.0,0.00,0.000,0.000,IDLE
2026-08-17T11:10:27.398368,0.0000000,0.0000000,0.43,-0.0989,0.0499,-0.8416,311.0,0.00,0.000,0.000,IDLE
2026-08-17T11:10:28.398593,0.0000000,0.0000000,0.40,-0.0990,0.0498,-0.8421,311.0,0.00,0.000,0.000,IDLE
2026-08-17T11:10:29.398422,0.0000000,0.0000000,0.48,-0.0991,0.0497,-0.8426,311.0,0.00,0.000,0.000,IDLE
2026-08-17T11:10:30.398360,0.0000000,0.0000000,0.34,-0.0992,0.0495,-0.8431,311.0,0.00,0.000,0.000,IDLE
2026-08-17T11:10:31.398368,0.0000000,0.0000000,0.26,-0.0994,0.0494,-0.8436,311.0,0.00,0.000,0.000,IDLE
2026-08-17T11:10:32.398402,0.0000000,0.0000000,0.42,-0.0995,0.0494,-0.8448,311.0,0.00,0.000,0.000,IDLE
2026-08-17T11:10:33.398448,0.0000000,0.0000000,0.22,-0.0996,0.0496,-0.8466,311.0,0.00,0.000,0.000,IDLE
2026-08-17T11:10:34.398470,0.0000000,0.0000000,0.31,-0.0995,0.0495,-0.8488,311.0,0.00,0.000,0.000,IDLE
2026-08-17T11:10:35.398640,0.0000000,0.0000000,0.27,-0.0994,0.0496,-0.8500,311.0,0.00,0.000,0.000,IDLE
2026-08-17T11:10:36.398374,0.0000000,0.0000000,0.46,-0.0994,0.0497,-0.8502,311.0,0.00,0.000,0.000,IDLE
2026-08-17T11:10:37.398471,0.0000000,0.0000000,0.28,-0.0994,0.0497,-0.8506,311.0,0.00,0.000,0.000,IDLE
2026-08-17T11:10:38.398470,0.0000000,0.0000000,0.35,-0.0994,0.0497,-0.8525,311.0,0.00,0.000,0.000,IDLE
2026-08-17T11:10:39.398471,0.0000000,0.0000000,0.18,-0.0992,0.0500,-0.8508,311.0,0.00,0.000,0.000,IDLE
2026-08-17T11:10:40.399480,0.0000000,0.0000000,0.50,-0.0993,0.0501,-0.8517,311.0,0.00,0.000,0.000,IDLE
2026-08-17T11:10:41.398488,0.0000000,0.0000000,0.45,-0.0993,0.0500,-0.8526,311.0,0.00,0.000,0.000,IDLE
2026-08-17T11:10:42.398418,0.0000000,0.0000000,0.54,-0.0993,0.0502,-0.8527,311.0,0.00,0.000,0.000,IDLE
2026-08-17T11:10:43.398418,0.0000000,0.0000000,0.45,-0.0991,0.0505,-0.8498,311.0,0.00,0.000,0.000,IDLE
2026-08-17T11:10:44.398372,0.0000000,0.0000000,0.46,-0.0990,0.0506,-0.8463,311.0,0.00,0.000,0.000,IDLE
2026-08-17T11:10:45.399562,0.0000000,0.0000000,0.56,-0.0991,0.0505,-0.8471,311.0,0.00,0.000,0.000,IDLE
2026-08-17T11:10:46.398616,0.0000000,0.0000000,0.44,-0.0993,0.0505,-0.8461,311.0,0.00,0.000,0.000,IDLE
2026-08-17T11:10:47.398452,0.0000000,0.0000000,0.42,-0.0991,0.0506,-0.8444,311.0,0.00,0.000,0.000,IDLE
2026-08-17T11:10:48.398618,0.0000000,0.0000000,0.36,-0.0992,0.0507,-0.8441,311.0,0.00,0.000,0.000,IDLE
2026-08-17T11:10:49.398458,0.0000000,0.0000000,0.38,-0.0993,0.0506,-0.8457,311.0,0.00,0.000,0.000,IDLE
2026-08-17T11:10:50.398345,0.0000000,0.0000000,0.28,-0.0994,0.0504,-0.8487,311.0,0.00,0.000,0.000,IDLE
2026-08-17T11:10:51.398389,0.0000000,0.0000000,0.32,-0.0994,0.0506,-0.8476,311.0,0.00,0.000,0.000,IDLE
2026-08-17T11:10:52.398431,0.0000000,0.0000000,0.32,-0.0994,0.0506,-0.8485,311.0,0.00,0.000,0.000,IDLE
2026-08-17T11:10:53.398325,0.0000000,0.0000000,0.49,-0.0992,0.0508,-0.8465,311.0,0.00,0.000,0.000,IDLE
2026-08-17T11:10:54.398379,0.0000000,0.0000000,0.24,-0.0992,0.0508,-0.8466,311.0,0.00,0.000,0.000,IDLE
2026-08-17T11:10:55.398345,0.0000000,0.0000000,0.32,-0.0993,0.0508,-0.8478,311.0,0.00,0.000,0.000,IDLE
2026-08-17T11:10:56.398350,0.0000000,0.0000000,0.17,-0.0994,0.0508,-0.8480,311.0,0.00,0.000,0.000,IDLE
2026-08-17T11:10:57.398983,0.0000000,0.0000000,0.41,-0.0995,0.0508,-0.8482,311.0,0.00,0.000,0.000,IDLE
2026-08-17T11:10:58.398344,0.0000000,0.0000000,0.19,-0.0996,0.0507,-0.8484,311.0,0.00,0.000,0.000,IDLE
2026-08-17T11:10:59.398352,0.0000000,0.0000000,0.23,-0.0996,0.0508,-0.8483,311.0,0.00,0.000,0.000,IDLE
2026-08-17T11:11:00.398339,0.0000000,0.0000000,0.32,-0.0995,0.0507,-0.8476,311.0,0.00,0.000,0.000,IDLE
2026-08-17T11:11:01.398369,0.0000000,0.0000000,0.32,-0.0996,0.0506,-0.8492,311.0,0.00,0.000,0.000,IDLE
2026-08-17T11:11:02.398355,0.0000000,0.0000000,0.23,-0.0993,0.0505,-0.8489,311.0,0.00,0.000,0.000,IDLE
2026-08-17T11:11:03.398388,0.0000000,0.0000000,0.19,-0.0991,0.0507,-0.8463,311.0,0.00,0.000,0.000,IDLE
2026-08-17T11:11:04.398582,0.0000000,0.0000000,0.22,-0.0992,0.0505,-0.8478,311.0,0.00,0.000,0.000,IDLE
2026-08-17T11:11:05.398347,0.0000000,0.0000000,0.37,-0.0993,0.0506,-0.8475,311.0,0.00,0.000,0.000,IDLE
2026-08-17T11:11:06.398375,0.0000000,0.0000000,0.32,-0.0991,0.0507,-0.8461,311.0,0.00,0.000,0.000,IDLE
2026-08-17T11:11:07.398379,0.0000000,0.0000000,0.31,-0.0993,0.0504,-0.8485,311.0,0.00,0.000,0.000,IDLE
2026-08-17T11:11:08.398344,0.0000000,0.0000000,0.42,-0.0993,0.0506,-0.8471,311.0,0.00,0.000,0.000,IDLE
2026-08-17T11:11:09.398343,0.0000000,0.0000000,0.46,-0.0992,0.0507,-0.8453,311.0,0.00,0.000,0.000,IDLE
2026-08-17T11:11:10.398371,0.0000000,0.0000000,0.38,-0.0993,0.0508,-0.8457,311.0,0.00,0.000,0.000,IDLE
2026-08-17T11:11:11.398396,0.0000000,0.0000000,0.35,-0.0991,0.0511,-0.8412,311.0,0.00,0.000,0.000,IDLE
2026-08-17T11:11:12.398387,0.0000000,0.0000000,0.53,-0.0991,0.0510,-0.8417,311.0,0.00,0.000,0.000,IDLE
2026-08-17T11:11:13.398367,0.0000000,0.0000000,0.37,-0.0993,0.0508,-0.8429,311.0,0.00,0.000,0.000,IDLE
2026-08-17T11:11:14.398634,0.0000000,0.0000000,0.36,-0.0992,0.0508,-0.8408,311.0,0.00,0.000,0.000,IDLE
2026-08-17T11:11:15.398459,0.0000000,0.0000000,0.27,-0.0993,0.0508,-0.8397,311.0,0.00,0.000,0.000,IDLE
2026-08-17T11:11:16.398376,0.0000000,0.0000000,0.25,-0.0993,0.0509,-0.8398,311.0,0.00,0.000,0.000,IDLE
2026-08-17T11:11:17.398347,0.0000000,0.0000000,0.34,-0.0992,0.0508,-0.8393,311.0,0.00,0.000,0.000,IDLE
2026-08-17T11:11:18.398471,0.0000000,0.0000000,0.30,-0.0992,0.0506,-0.8388,311.0,0.00,0.000,0.000,IDLE
2026-08-17T11:11:19.398336,0.0000000,0.0000000,0.15,-0.0990,0.0508,-0.8363,312.0,0.00,0.000,0.000,IDLE
2026-08-17T11:11:20.398335,0.0000000,0.0000000,0.32,-0.0989,0.0508,-0.8360,312.0,0.00,0.000,0.000,IDLE
2026-08-17T11:11:21.398396,0.0000000,0.0000000,0.16,-0.0988,0.0507,-0.8353,312.0,0.00,0.000,0.000,IDLE
2026-08-17T11:11:22.399085,0.0000000,0.0000000,0.41,-0.0989,0.0504,-0.8371,312.0,0.00,0.000,0.000,IDLE
2026-08-17T11:11:23.398644,0.0000000,0.0000000,0.36,-0.0989,0.0504,-0.8374,312.0,0.00,0.000,0.000,IDLE
2026-08-17T11:11:24.398482,0.0000000,0.0000000,0.42,-0.0990,0.0502,-0.8384,311.0,0.00,0.000,0.000,IDLE
2026-08-17T11:11:25.398603,0.0000000,0.0000000,0.42,-0.0991,0.0502,-0.8392,311.0,0.00,0.000,0.000,IDLE
2026-08-17T11:11:26.398345,0.0000000,0.0000000,0.58,-0.0991,0.0503,-0.8394,311.0,0.00,0.000,0.000,IDLE
2026-08-17T11:11:27.398445,0.0000000,0.0000000,0.37,-0.0991,0.0504,-0.8389,311.0,0.00,0.000,0.000,IDLE
2026-08-17T11:11:28.398454,0.0000000,0.0000000,0.39,-0.0991,0.0504,-0.8397,311.0,0.00,0.000,0.000,IDLE
2026-08-17T11:11:29.399435,0.0000000,0.0000000,0.40,-0.0992,0.0502,-0.8418,311.0,0.00,0.000,0.000,IDLE
2026-08-17T11:11:30.398920,0.0000000,0.0000000,0.33,-0.0993,0.0501,-0.8418,311.0,0.00,0.000,0.000,IDLE
2026-08-17T11:11:31.398479,0.0000000,0.0000000,0.34,-0.0992,0.0503,-0.8399,311.0,0.00,0.000,0.000,IDLE
2026-08-17T11:11:32.398520,0.0000000,0.0000000,0.29,-0.0992,0.0503,-0.8387,311.0,0.00,0.000,0.000,IDLE
2026-08-17T11:11:33.398368,0.0000000,0.0000000,0.27,-0.0992,0.0503,-0.8391,311.0,0.00,0.000,0.000,IDLE
2026-08-17T11:11:34.398399,0.0000000,0.0000000,0.43,-0.0993,0.0501,-0.8400,311.0,0.00,0.000,0.000,IDLE
2026-08-17T11:11:35.398345,0.0000000,0.0000000,0.05,-0.0995,0.0499,-0.8438,311.0,0.00,0.000,0.000,IDLE
2026-08-17T11:11:36.398455,0.0000000,0.0000000,0.34,-0.0996,0.0499,-0.8450,311.0,0.00,0.000,0.000,IDLE
2026-08-17T11:11:37.398482,0.0000000,0.0000000,0.21,-0.0996,0.0502,-0.8449,311.0,0.00,0.000,0.000,IDLE
2026-08-17T11:11:38.398348,0.0000000,0.0000000,0.22,-0.0995,0.0504,-0.8422,311.0,0.00,0.000,0.000,IDLE
2026-08-17T11:11:39.398791,0.0000000,0.0000000,0.34,-0.0996,0.0503,-0.8441,311.0,0.00,0.000,0.000,IDLE
2026-08-17T11:11:40.398414,0.0000000,0.0000000,0.18,-0.0996,0.0502,-0.8461,311.0,0.00,0.000,0.000,IDLE
2026-08-17T11:11:41.398413,0.0000000,0.0000000,0.41,-0.0996,0.0503,-0.8475,311.0,0.00,0.000,0.000,IDLE
2026-08-17T11:11:42.398467,0.0000000,0.0000000,0.32,-0.0997,0.0503,-0.8492,311.0,0.00,0.000,0.000,IDLE
2026-08-17T11:11:43.398362,0.0000000,0.0000000,0.22,-0.0997,0.0502,-0.8499,311.0,0.00,0.000,0.000,IDLE
2026-08-17T11:11:44.398354,0.0000000,0.0000000,0.27,-0.0997,0.0501,-0.8516,311.0,0.00,0.000,0.000,IDLE
2026-08-17T11:11:45.398480,0.0000000,0.0000000,0.27,-0.0996,0.0503,-0.8512,311.0,0.00,0.000,0.000,IDLE
2026-08-17T11:11:46.398732,0.0000000,0.0000000,0.28,-0.0995,0.0504,-0.8516,311.0,0.00,0.000,0.000,IDLE
2026-08-17T11:11:47.398407,0.0000000,0.0000000,0.38,-0.0994,0.0507,-0.8508,311.0,0.00,0.000,0.000,IDLE
2026-08-17T11:11:48.398416,0.0000000,0.0000000,0.40,-0.0992,0.0510,-0.8488,311.0,0.00,0.000,0.000,IDLE
2026-08-17T11:11:49.398657,0.0000000,0.0000000,0.22,-0.0992,0.0511,-0.8490,311.0,0.00,0.000,0.000,IDLE
2026-08-17T11:11:50.398539,0.0000000,0.0000000,0.48,-0.0992,0.0511,-0.8483,311.0,0.00,0.000,0.000,IDLE
2026-08-17T11:11:51.398498,0.0000000,0.0000000,0.29,-0.0992,0.0511,-0.8462,311.0,0.00,0.000,0.000,IDLE
2026-08-17T11:11:52.398499,0.0000000,0.0000000,0.23,-0.0992,0.0511,-0.8467,311.0,0.00,0.000,0.000,IDLE
2026-08-17T11:11:53.398370,0.0000000,0.0000000,0.23,-0.0990,0.0511,-0.8446,311.0,0.00,0.000,0.000,IDLE
2026-08-17T11:11:54.398571,0.0000000,0.0000000,0.31,-0.0992,0.0509,-0.8452,311.0,0.00,0.000,0.000,IDLE
2026-08-17T11:11:55.398547,0.0000000,0.0000000,0.26,-0.0991,0.0507,-0.8444,311.0,0.00,0.000,0.000,IDLE
2026-08-17T11:11:56.398356,0.0000000,0.0000000,0.37,-0.0992,0.0507,-0.8438,311.0,0.00,0.000,0.000,IDLE
2026-08-17T11:11:57.399555,0.0000000,0.0000000,0.33,-0.0992,0.0508,-0.8436,311.0,0.00,0.000,0.000,IDLE
2026-08-17T11:11:58.398369,0.0000000,0.0000000,0.30,-0.0993,0.0506,-0.8466,311.0,0.00,0.000,0.000,IDLE
2026-08-17T11:11:59.398581,0.0000000,0.0000000,0.44,-0.0994,0.0506,-0.8476,311.0,0.00,0.000,0.000,IDLE
2026-08-17T11:12:00.398588,0.0000000,0.0000000,0.47,-0.0993,0.0507,-0.8467,311.0,0.00,0.000,0.000,IDLE
2026-08-17T11:12:01.398487,0.0000000,0.0000000,0.41,-0.0993,0.0505,-0.8493,311.0,0.00,0.000,0.000,IDLE
2026-08-17T11:12:02.398380,0.0000000,0.0000000,0.48,-0.0994,0.0506,-0.8478,311.0,0.00,0.000,0.000,IDLE
2026-08-17T11:12:03.398825,0.0000000,0.0000000,0.30,-0.0994,0.0506,-0.8492,311.0,0.00,0.000,0.000,IDLE
2026-08-17T11:12:04.399540,0.0000000,0.0000000,0.55,-0.0992,0.0508,-0.8473,311.0,0.00,0.000,0.000,IDLE
2026-08-17T11:12:05.402285,0.0000000,0.0000000,0.38,-0.0989,0.0511,-0.8432,311.0,0.00,0.000,0.000,IDLE
2026-08-17T11:12:06.398481,0.0000000,0.0000000,0.47,-0.0990,0.0509,-0.8429,311.0,0.00,0.000,0.000,IDLE
2026-08-17T11:12:07.398409,0.0000000,0.0000000,0.23,-0.0992,0.0507,-0.8440,311.0,0.00,0.000,0.000,IDLE
2026-08-17T11:12:08.398512,0.0000000,0.0000000,0.40,-0.0992,0.0506,-0.8442,311.0,0.00,0.000,0.000,IDLE
2026-08-17T11:12:09.398498,0.0000000,0.0000000,0.48,-0.0994,0.0504,-0.8455,311.0,0.00,0.000,0.000,IDLE
2026-08-17T11:12:10.398352,0.0000000,0.0000000,0.34,-0.0994,0.0506,-0.8441,311.0,0.00,0.000,0.000,IDLE
2026-08-17T11:12:11.398343,0.0000000,0.0000000,0.27,-0.0992,0.0507,-0.8415,311.0,0.00,0.000,0.000,IDLE
2026-08-17T11:12:12.398899,0.0000000,0.0000000,0.16,-0.0993,0.0505,-0.8433,311.0,0.00,0.000,0.000,IDLE
2026-08-17T11:12:13.398549,0.0000000,0.0000000,0.32,-0.0994,0.0504,-0.8432,311.0,0.00,0.000,0.000,IDLE
2026-08-17T11:12:14.398402,0.0000000,0.0000000,0.31,-0.0995,0.0502,-0.8457,311.0,0.00,0.000,0.000,IDLE
2026-08-17T11:12:15.398726,0.0000000,0.0000000,0.29,-0.0995,0.0504,-0.8442,311.0,0.00,0.000,0.000,IDLE
2026-08-17T11:12:16.398351,0.0000000,0.0000000,0.34,-0.0992,0.0506,-0.8403,311.0,0.00,0.000,0.000,IDLE
2026-08-17T11:12:17.398392,0.0000000,0.0000000,0.15,-0.0992,0.0506,-0.8409,311.0,0.00,0.000,0.000,IDLE
2026-08-17T11:12:18.398494,0.0000000,0.0000000,0.18,-0.0993,0.0505,-0.8422,311.0,0.00,0.000,0.000,IDLE
2026-08-17T11:12:19.398352,0.0000000,0.0000000,0.29,-0.0995,0.0502,-0.8441,311.0,0.00,0.000,0.000,IDLE
2026-08-17T11:12:20.398508,0.0000000,0.0000000,0.34,-0.0992,0.0504,-0.8431,311.0,0.00,0.000,0.000,IDLE
2026-08-17T11:12:21.398337,0.0000000,0.0000000,0.24,-0.0992,0.0504,-0.8428,311.0,0.00,0.000,0.000,IDLE
2026-08-17T11:12:22.398510,0.0000000,0.0000000,0.29,-0.0992,0.0503,-0.8428,311.0,0.00,0.000,0.000,IDLE
2026-08-17T11:12:23.398388,0.0000000,0.0000000,0.17,-0.0994,0.0502,-0.8447,311.0,0.00,0.000,0.000,IDLE
2026-08-17T11:12:24.398385,0.0000000,0.0000000,0.25,-0.0994,0.0501,-0.8447,311.0,0.00,0.000,0.000,IDLE
2026-08-17T11:12:25.399098,0.0000000,0.0000000,0.33,-0.0992,0.0503,-0.8448,311.0,0.00,0.000,0.000,IDLE
2026-08-17T11:12:26.398363,0.0000000,0.0000000,0.36,-0.0991,0.0504,-0.8430,311.0,0.00,0.000,0.000,IDLE
2026-08-17T11:12:27.398492,0.0000000,0.0000000,0.24,-0.0994,0.0502,-0.8447,311.0,0.00,0.000,0.000,IDLE
2026-08-17T11:12:28.398379,0.0000000,0.0000000,0.11,-0.0996,0.0501,-0.8457,311.0,0.00,0.000,0.000,IDLE
2026-08-17T11:12:29.398373,0.0000000,0.0000000,0.22,-0.0997,0.0498,-0.8471,311.0,0.00,0.000,0.000,IDLE
2026-08-17T11:12:30.398424,0.0000000,0.0000000,0.23,-0.0997,0.0499,-0.8464,311.0,0.00,0.000,0.000,IDLE
2026-08-17T11:12:31.398390,0.0000000,0.0000000,0.26,-0.0999,0.0497,-0.8500,311.0,0.00,0.000,0.000,IDLE
2026-08-17T11:12:32.398358,0.0000000,0.0000000,0.37,-0.0999,0.0497,-0.8517,311.0,0.00,0.000,0.000,IDLE
2026-08-17T11:12:33.398348,0.0000000,0.0000000,0.43,-0.0998,0.0498,-0.8515,311.0,0.00,0.000,0.000,IDLE
2026-08-17T11:12:34.398387,0.0000000,0.0000000,0.44,-0.0996,0.0500,-0.8503,311.0,0.00,0.000,0.000,IDLE
2026-08-17T11:12:35.398480,0.0000000,0.0000000,0.48,-0.0996,0.0500,-0.8496,311.0,0.00,0.000,0.000,IDLE
2026-08-17T11:12:36.398324,0.0000000,0.0000000,0.47,-0.0995,0.0499,-0.8505,311.0,0.00,0.000,0.000,IDLE
2026-08-17T11:12:37.398333,0.0000000,0.0000000,0.40,-0.0996,0.0499,-0.8523,311.0,0.00,0.000,0.000,IDLE
2026-08-17T11:12:38.398396,0.0000000,0.0000000,0.54,-0.0996,0.0499,-0.8529,311.0,0.00,0.000,0.000,IDLE
2026-08-17T11:12:39.398349,0.0000000,0.0000000,0.63,-0.0994,0.0501,-0.8518,311.0,0.00,0.000,0.000,IDLE
2026-08-17T11:12:40.398428,0.0000000,0.0000000,0.60,-0.0995,0.0502,-0.8526,311.0,0.00,0.000,0.000,IDLE
2026-08-17T11:12:41.398422,0.0000000,0.0000000,0.41,-0.0993,0.0505,-0.8495,311.0,0.00,0.000,0.000,IDLE
2026-08-17T11:12:42.398351,0.0000000,0.0000000,0.50,-0.0992,0.0507,-0.8474,311.0,0.00,0.000,0.000,IDLE
2026-08-17T11:12:43.398509,0.0000000,0.0000000,0.59,-0.0992,0.0507,-0.8480,311.0,0.00,0.000,0.000,IDLE
2026-08-17T11:12:44.398381,0.0000000,0.0000000,0.54,-0.0993,0.0507,-0.8467,311.0,0.00,0.000,0.000,IDLE
2026-08-17T11:12:45.398339,0.0000000,0.0000000,0.52,-0.0993,0.0508,-0.8463,311.0,0.00,0.000,0.000,IDLE
2026-08-17T11:12:46.398391,0.0000000,0.0000000,0.40,-0.0998,0.0506,-0.8470,311.0,0.00,0.000,0.000,IDLE
2026-08-17T11:12:47.398397,0.0000000,0.0000000,0.47,-0.0994,0.0508,-0.8455,311.0,0.00,0.000,0.000,IDLE
2026-08-17T11:12:48.398433,0.0000000,0.0000000,0.47,-0.0996,0.0505,-0.8488,311.0,0.00,0.000,0.000,IDLE
2026-08-17T11:12:49.398437,0.0000000,0.0000000,0.38,-0.0994,0.0505,-0.8466,311.0,0.00,0.000,0.000,IDLE
2026-08-17T11:12:50.398542,0.0000000,0.0000000,0.61,-0.0994,0.0505,-0.8467,311.0,0.00,0.000,0.000,IDLE
2026-08-17T11:12:51.398408,0.0000000,0.0000000,0.62,-0.0993,0.0506,-0.8457,311.0,0.00,0.000,0.000,IDLE
2026-08-17T11:12:52.398590,0.0000000,0.0000000,0.39,-0.0993,0.0504,-0.8471,311.0,0.00,0.000,0.000,IDLE
2026-08-17T11:12:53.398332,0.0000000,0.0000000,0.54,-0.0992,0.0505,-0.8453,311.0,0.00,0.000,0.000,IDLE
2026-08-17T11:12:54.398473,0.0000000,0.0000000,0.47,-0.0992,0.0506,-0.8459,311.0,0.00,0.000,0.000,IDLE
2026-08-17T11:12:55.398647,0.0000000,0.0000000,0.68,-0.0991,0.0507,-0.8448,311.0,0.00,0.000,0.000,IDLE
2026-08-17T11:12:56.398573,0.0000000,0.0000000,0.51,-0.0993,0.0505,-0.8454,311.0,0.00,0.000,0.000,IDLE
2026-08-17T11:12:57.398363,0.0000000,0.0000000,0.52,-0.0993,0.0505,-0.8457,311.0,0.00,0.000,0.000,IDLE
2026-08-17T11:12:58.398366,0.0000000,0.0000000,0.59,-0.0995,0.0503,-0.8480,311.0,0.00,0.000,0.000,IDLE
2026-08-17T11:12:59.398406,0.0000000,0.0000000,0.48,-0.0995,0.0503,-0.8482,311.0,0.00,0.000,0.000,IDLE
2026-08-17T11:13:00.398488,0.0000000,0.0000000,0.63,-0.0995,0.0504,-0.8481,311.0,0.00,0.000,0.000,IDLE
2026-08-17T11:13:01.398569,0.0000000,0.0000000,0.57,-0.0997,0.0502,-0.8517,311.0,0.00,0.000,0.000,IDLE
2026-08-17T11:13:02.398473,0.0000000,0.0000000,0.43,-0.0996,0.0502,-0.8503,311.0,0.00,0.000,0.000,IDLE
2026-08-17T11:13:03.398373,0.0000000,0.0000000,0.58,-0.0997,0.0501,-0.8523,311.0,0.00,0.000,0.000,IDLE
2026-08-17T11:13:04.398428,0.0000000,0.0000000,0.52,-0.0996,0.0503,-0.8523,311.0,0.00,0.000,0.000,IDLE
2026-08-17T11:13:05.398619,0.0000000,0.0000000,0.27,-0.0995,0.0504,-0.8513,311.0,0.00,0.000,0.000,IDLE
2026-08-17T11:13:06.398397,0.0000000,0.0000000,0.59,-0.0996,0.0504,-0.8531,311.0,0.00,0.000,0.000,IDLE
2026-08-17T11:13:07.398353,0.0000000,0.0000000,0.49,-0.0996,0.0504,-0.8539,311.0,0.00,0.000,0.000,IDLE
2026-08-17T11:13:08.398337,0.0000000,0.0000000,0.56,-0.0995,0.0505,-0.8524,311.0,0.00,0.000,0.000,IDLE
2026-08-17T11:13:09.398407,0.0000000,0.0000000,0.56,-0.0995,0.0505,-0.8525,311.0,0.00,0.000,0.000,IDLE
2026-08-17T11:13:10.398365,0.0000000,0.0000000,0.48,-0.0994,0.0506,-0.8515,311.0,0.00,0.000,0.000,IDLE
2026-08-17T11:13:11.398472,0.0000000,0.0000000,0.43,-0.0992,0.0508,-0.8490,311.0,0.00,0.000,0.000,IDLE
2026-08-17T11:13:12.398751,0.0000000,0.0000000,0.33,-0.0991,0.0509,-0.8484,311.0,0.00,0.000,0.000,IDLE
2026-08-17T11:13:13.398386,0.0000000,0.0000000,0.45,-0.0993,0.0508,-0.8488,311.0,0.00,0.000,0.000,IDLE
2026-08-17T11:13:14.398395,0.0000000,0.0000000,0.36,-0.0993,0.0507,-0.8493,311.0,0.00,0.000,0.000,IDLE
2026-08-17T11:13:15.398345,0.0000000,0.0000000,0.46,-0.0992,0.0509,-0.8463,311.0,0.00,0.000,0.000,IDLE
2026-08-17T11:13:16.398418,0.0000000,0.0000000,0.29,-0.0994,0.0507,-0.8486,311.0,0.00,0.000,0.000,IDLE
2026-08-17T11:13:17.398510,0.0000000,0.0000000,0.28,-0.0994,0.0507,-0.8480,311.0,0.00,0.000,0.000,IDLE
2026-08-17T11:13:18.398338,0.0000000,0.0000000,0.30,-0.0993,0.0509,-0.8466,311.0,0.00,0.000,0.000,IDLE
2026-08-17T11:13:19.398399,0.0000000,0.0000000,0.18,-0.0992,0.0509,-0.8459,311.0,0.00,0.000,0.000,IDLE
2026-08-17T11:13:20.398478,0.0000000,0.0000000,0.31,-0.0990,0.0510,-0.8440,311.0,0.00,0.000,0.000,IDLE
2026-08-17T11:13:21.398706,0.0000000,0.0000000,0.32,-0.0989,0.0511,-0.8428,311.0,0.00,0.000,0.000,IDLE
2026-08-17T11:13:22.398469,0.0000000,0.0000000,0.40,-0.0990,0.0509,-0.8446,311.0,0.00,0.000,0.000,IDLE
2026-08-17T11:13:23.398456,0.0000000,0.0000000,0.43,-0.0989,0.0510,-0.8432,311.0,0.00,0.000,0.000,IDLE
2026-08-17T11:13:24.398375,0.0000000,0.0000000,0.44,-0.0991,0.0507,-0.8444,311.0,0.00,0.000,0.000,IDLE
2026-08-17T11:13:25.398445,0.0000000,0.0000000,0.49,-0.0990,0.0508,-0.8432,311.0,0.00,0.000,0.000,IDLE
2026-08-17T11:13:26.398402,0.0000000,0.0000000,0.27,-0.0991,0.0507,-0.8441,311.0,0.00,0.000,0.000,IDLE
2026-08-17T11:13:27.398386,0.0000000,0.0000000,0.43,-0.0991,0.0508,-0.8423,311.0,0.00,0.000,0.000,IDLE
2026-08-17T11:13:28.398397,0.0000000,0.0000000,0.31,-0.0993,0.0507,-0.8436,311.0,0.00,0.000,0.000,IDLE
2026-08-17T11:13:29.398363,0.0000000,0.0000000,0.54,-0.0992,0.0509,-0.8410,311.0,0.00,0.000,0.000,IDLE
2026-08-17T11:13:30.398538,0.0000000,0.0000000,0.41,-0.0993,0.0507,-0.8435,311.0,0.00,0.000,0.000,IDLE
2026-08-17T11:13:31.398704,0.0000000,0.0000000,0.32,-0.0995,0.0505,-0.8448,311.0,0.00,0.000,0.000,IDLE
2026-08-17T11:13:32.398366,0.0000000,0.0000000,0.47,-0.0995,0.0505,-0.8452,311.0,0.00,0.000,0.000,IDLE
2026-08-17T11:13:33.398434,0.0000000,0.0000000,0.38,-0.0996,0.0502,-0.8489,311.0,0.00,0.000,0.000,IDLE
2026-08-17T11:13:34.398571,0.0000000,0.0000000,0.32,-0.0995,0.0501,-0.8490,311.0,0.00,0.000,0.000,IDLE
2026-08-17T11:13:35.398416,0.0000000,0.0000000,0.48,-0.0995,0.0501,-0.8507,311.0,0.00,0.000,0.000,IDLE
2026-08-17T11:13:36.398817,0.0000000,0.0000000,0.50,-0.0994,0.0503,-0.8497,311.0,0.00,0.000,0.000,IDLE
2026-08-17T11:13:37.401307,0.0000000,0.0000000,0.43,-0.0994,0.0502,-0.8499,311.0,0.00,0.000,0.000,IDLE
2026-08-17T11:13:38.398371,0.0000000,0.0000000,0.50,-0.0995,0.0500,-0.8504,311.0,0.00,0.000,0.000,IDLE
2026-08-17T11:13:39.398370,0.0000000,0.0000000,0.58,-0.0997,0.0497,-0.8539,311.0,0.00,0.000,0.000,IDLE
2026-08-17T11:13:40.404384,0.0000000,0.0000000,0.55,-0.0996,0.0497,-0.8540,311.0,0.00,0.000,0.000,IDLE
2026-08-17T11:13:41.398369,0.0000000,0.0000000,0.50,-0.0996,0.0495,-0.8550,311.0,0.00,0.000,0.000,IDLE
2026-08-17T11:13:42.398491,0.0000000,0.0000000,0.65,-0.0994,0.0496,-0.8535,311.0,0.00,0.000,0.000,IDLE
2026-08-17T11:13:43.398339,0.0000000,0.0000000,0.54,-0.0993,0.0497,-0.8526,311.0,0.00,0.000,0.000,IDLE
2026-08-17T11:13:44.398354,0.0000000,0.0000000,0.64,-0.0993,0.0497,-0.8531,311.0,0.00,0.000,0.000,IDLE
2026-08-17T11:13:45.398382,0.0000000,0.0000000,0.47,-0.0994,0.0497,-0.8540,311.0,0.00,0.000,0.000,IDLE
2026-08-17T11:13:46.398419,0.0000000,0.0000000,0.31,-0.0992,0.0498,-0.8529,311.0,0.00,0.000,0.000,IDLE
2026-08-17T11:13:47.398343,0.0000000,0.0000000,0.55,-0.0991,0.0502,-0.8499,311.0,0.00,0.000,0.000,IDLE
2026-08-17T11:13:48.398460,0.0000000,0.0000000,0.40,-0.0992,0.0502,-0.8489,311.0,0.00,0.000,0.000,IDLE
2026-08-17T11:13:49.398594,0.0000000,0.0000000,0.52,-0.0992,0.0504,-0.8464,311.0,0.00,0.000,0.000,IDLE
2026-08-17T11:13:50.398630,0.0000000,0.0000000,0.47,-0.0992,0.0504,-0.8459,311.0,0.00,0.000,0.000,IDLE
2026-08-17T11:13:51.398362,0.0000000,0.0000000,0.37,-0.0990,0.0506,-0.8435,311.0,0.00,0.000,0.000,IDLE
2026-08-17T11:13:52.398443,0.0000000,0.0000000,0.45,-0.0988,0.0508,-0.8407,311.0,0.00,0.000,0.000,IDLE
2026-08-17T11:13:53.398378,0.0000000,0.0000000,0.29,-0.0987,0.0510,-0.8390,311.0,0.00,0.000,0.000,IDLE
2026-08-17T11:13:54.398347,0.0000000,0.0000000,0.60,-0.0989,0.0509,-0.8399,311.0,0.00,0.000,0.000,IDLE
2026-08-17T11:13:55.398355,0.0000000,0.0000000,0.46,-0.0991,0.0508,-0.8413,311.0,0.00,0.000,0.000,IDLE
2026-08-17T11:13:56.398342,0.0000000,0.0000000,0.32,-0.0991,0.0507,-0.8405,311.0,0.00,0.000,0.000,IDLE
2026-08-17T11:13:57.398374,0.0000000,0.0000000,0.42,-0.0993,0.0504,-0.8418,311.0,0.00,0.000,0.000,IDLE
2026-08-17T11:13:58.398394,0.0000000,0.0000000,0.49,-0.0995,0.0501,-0.8443,311.0,0.00,0.000,0.000,IDLE
2026-08-17T11:13:59.398734,0.0000000,0.0000000,0.37,-0.0995,0.0503,-0.8424,311.0,0.00,0.000,0.000,IDLE
2026-08-17T11:14:00.398391,0.0000000,0.0000000,0.42,-0.0993,0.0503,-0.8425,311.0,0.00,0.000,0.000,IDLE
2026-08-17T11:14:01.398479,0.0000000,0.0000000,0.29,-0.0994,0.0502,-0.8442,311.0,0.00,0.000,0.000,IDLE
2026-08-17T11:14:02.398397,0.0000000,0.0000000,0.42,-0.0995,0.0502,-0.8448,311.0,0.00,0.000,0.000,IDLE
2026-08-17T11:14:03.398382,0.0000000,0.0000000,0.41,-0.0994,0.0504,-0.8422,311.0,0.00,0.000,0.000,IDLE
2026-08-17T11:14:04.398369,0.0000000,0.0000000,0.48,-0.0994,0.0504,-0.8423,311.0,0.00,0.000,0.000,IDLE
2026-08-17T11:14:05.398654,0.0000000,0.0000000,0.42,-0.0994,0.0504,-0.8417,311.0,0.00,0.000,0.000,IDLE
2026-08-17T11:14:06.398483,0.0000000,0.0000000,0.45,-0.0995,0.0502,-0.8446,311.0,0.00,0.000,0.000,IDLE
2026-08-17T11:14:07.398450,0.0000000,0.0000000,0.24,-0.0995,0.0501,-0.8463,311.0,0.00,0.000,0.000,IDLE
2026-08-17T11:14:08.398608,0.0000000,0.0000000,0.40,-0.0993,0.0503,-0.8452,311.0,0.00,0.000,0.000,IDLE
2026-08-17T11:14:09.398606,0.0000000,0.0000000,0.61,-0.0994,0.0503,-0.8465,311.0,0.00,0.000,0.000,IDLE
2026-08-17T11:14:10.398369,0.0000000,0.0000000,0.25,-0.0995,0.0502,-0.8467,311.0,0.00,0.000,0.000,IDLE
2026-08-17T11:14:11.398500,0.0000000,0.0000000,0.44,-0.0994,0.0504,-0.8448,311.0,0.00,0.000,0.000,IDLE
2026-08-17T11:14:12.398399,0.0000000,0.0000000,0.35,-0.0995,0.0503,-0.8463,311.0,0.00,0.000,0.000,IDLE
2026-08-17T11:14:13.398369,0.0000000,0.0000000,0.30,-0.0993,0.0504,-0.8453,311.0,0.00,0.000,0.000,IDLE
2026-08-17T11:14:14.398497,0.0000000,0.0000000,0.44,-0.0995,0.0502,-0.8484,311.0,0.00,0.000,0.000,IDLE
2026-08-17T11:14:15.398593,0.0000000,0.0000000,0.43,-0.0996,0.0501,-0.8490,311.0,0.00,0.000,0.000,IDLE
2026-08-17T11:14:16.398364,0.0000000,0.0000000,0.47,-0.0995,0.0501,-0.8493,311.0,0.00,0.000,0.000,IDLE
2026-08-17T11:14:17.398425,0.0000000,0.0000000,0.13,-0.0994,0.0500,-0.8509,311.0,0.00,0.000,0.000,IDLE
2026-08-17T11:14:18.398347,0.0000000,0.0000000,0.22,-0.0994,0.0500,-0.8530,311.0,0.00,0.000,0.000,IDLE
2026-08-17T11:14:19.398578,0.0000000,0.0000000,0.51,-0.0994,0.0501,-0.8528,311.0,0.00,0.000,0.000,IDLE
2026-08-17T11:14:20.398350,0.0000000,0.0000000,0.46,-0.0993,0.0502,-0.8532,311.0,0.00,0.000,0.000,IDLE
2026-08-17T11:14:21.398400,0.0000000,0.0000000,0.50,-0.0994,0.0502,-0.8537,311.0,0.00,0.000,0.000,IDLE
2026-08-17T11:14:22.398370,0.0000000,0.0000000,0.36,-0.0994,0.0502,-0.8533,311.0,0.00,0.000,0.000,IDLE
2026-08-17T11:14:23.398491,0.0000000,0.0000000,0.29,-0.0994,0.0501,-0.8547,311.0,0.00,0.000,0.000,IDLE
2026-08-17T11:14:24.398394,0.0000000,0.0000000,0.62,-0.0994,0.0502,-0.8549,311.0,0.00,0.000,0.000,IDLE
2026-08-17T11:14:25.398443,0.0000000,0.0000000,0.49,-0.0995,0.0501,-0.8559,310.0,0.00,0.000,0.000,IDLE
2026-08-17T11:14:26.398432,0.0000000,0.0000000,0.29,-0.0997,0.0500,-0.8587,310.0,0.00,0.000,0.000,IDLE
2026-08-17T11:14:27.398362,0.0000000,0.0000000,0.55,-0.0997,0.0503,-0.8574,310.0,0.00,0.000,0.000,IDLE
2026-08-17T11:14:28.398712,0.0000000,0.0000000,0.58,-0.0997,0.0504,-0.8575,310.0,0.00,0.000,0.000,IDLE
2026-08-17T11:14:29.398470,0.0000000,0.0000000,0.57,-0.0996,0.0505,-0.8583,310.0,0.00,0.000,0.000,IDLE
2026-08-17T11:14:30.398766,0.0000000,0.0000000,0.62,-0.0995,0.0507,-0.8563,310.0,0.00,0.000,0.000,IDLE
2026-08-17T11:14:31.398332,0.0000000,0.0000000,0.41,-0.0996,0.0504,-0.8579,310.0,0.00,0.000,0.000,IDLE
2026-08-17T11:14:32.398393,0.0000000,0.0000000,0.56,-0.0997,0.0503,-0.8602,310.0,0.00,0.000,0.000,IDLE
2026-08-17T11:14:33.398356,0.0000000,0.0000000,0.53,-0.0997,0.0503,-0.8615,310.0,0.00,0.000,0.000,IDLE
2026-08-17T11:14:34.398405,0.0000000,0.0000000,0.62,-0.0996,0.0505,-0.8603,310.0,0.00,0.000,0.000,IDLE
2026-08-17T11:14:35.398599,0.0000000,0.0000000,0.66,-0.0995,0.0506,-0.8580,310.0,0.00,0.000,0.000,IDLE
2026-08-17T11:14:36.398399,0.0000000,0.0000000,0.49,-0.0995,0.0504,-0.8581,310.0,0.00,0.000,0.000,IDLE
2026-08-17T11:14:37.398437,0.0000000,0.0000000,0.67,-0.0994,0.0506,-0.8561,310.0,0.00,0.000,0.000,IDLE
2026-08-17T11:14:38.398348,0.0000000,0.0000000,0.72,-0.0992,0.0507,-0.8542,311.0,0.00,0.000,0.000,IDLE
2026-08-17T11:14:39.398404,0.0000000,0.0000000,0.61,-0.0992,0.0507,-0.8546,311.0,0.00,0.000,0.000,IDLE
2026-08-17T11:14:40.398595,0.0000000,0.0000000,0.66,-0.0991,0.0510,-0.8501,311.0,0.00,0.000,0.000,IDLE
2026-08-17T11:14:41.398983,0.0000000,0.0000000,0.62,-0.0991,0.0510,-0.8480,311.0,0.00,0.000,0.000,IDLE
2026-08-17T11:14:42.398568,0.0000000,0.0000000,0.67,-0.0993,0.0509,-0.8491,311.0,0.00,0.000,0.000,IDLE
2026-08-17T11:14:43.398432,0.0000000,0.0000000,0.66,-0.0992,0.0509,-0.8486,311.0,0.00,0.000,0.000,IDLE
2026-08-17T11:14:44.398370,0.0000000,0.0000000,0.73,-0.0993,0.0507,-0.8491,311.0,0.00,0.000,0.000,IDLE
2026-08-17T11:14:45.398802,0.0000000,0.0000000,0.72,-0.0992,0.0506,-0.8494,311.0,0.00,0.000,0.000,IDLE
2026-08-17T11:14:46.398359,0.0000000,0.0000000,0.68,-0.0989,0.0507,-0.8465,311.0,0.00,0.000,0.000,IDLE
2026-08-17T11:14:47.398364,0.0000000,0.0000000,0.82,-0.0990,0.0504,-0.8469,311.0,0.00,0.000,0.000,IDLE
2026-08-17T11:14:48.398345,0.0000000,0.0000000,0.73,-0.0991,0.0503,-0.8462,311.0,0.00,0.000,0.000,IDLE
2026-08-17T11:14:49.398368,0.0000000,0.0000000,0.81,-0.0992,0.0501,-0.8466,311.0,0.00,0.000,0.000,IDLE
2026-08-17T11:14:50.398473,0.0000000,0.0000000,0.75,-0.0994,0.0499,-0.8470,311.0,0.00,0.000,0.000,IDLE
2026-08-17T11:14:51.398629,0.0000000,0.0000000,0.57,-0.0994,0.0501,-0.8461,311.0,0.00,0.000,0.000,IDLE
2026-08-17T11:14:52.398503,0.0000000,0.0000000,1.02,-0.0996,0.0500,-0.8472,311.0,0.00,0.000,0.000,IDLE
2026-08-17T11:14:53.398407,0.0000000,0.0000000,0.92,-0.0997,0.0500,-0.8477,311.0,0.00,0.000,0.000,IDLE
2026-08-17T11:14:54.398392,0.0000000,0.0000000,0.88,-0.0998,0.0499,-0.8495,311.0,0.00,0.000,0.000,IDLE
2026-08-17T11:14:55.398884,0.0000000,0.0000000,0.74,-0.0999,0.0501,-0.8485,311.0,0.00,0.000,0.000,IDLE
2026-08-17T11:14:56.398376,0.0000000,0.0000000,0.75,-0.0998,0.0502,-0.8465,311.0,0.00,0.000,0.000,IDLE
2026-08-17T11:14:57.398466,0.0000000,0.0000000,0.83,-0.0999,0.0501,-0.8465,311.0,0.00,0.000,0.000,IDLE
2026-08-17T11:14:58.398355,0.0000000,0.0000000,0.90,-0.0998,0.0503,-0.8456,311.0,0.00,0.000,0.000,IDLE
2026-08-17T11:14:59.398483,0.0000000,0.0000000,0.71,-0.0999,0.0502,-0.8476,311.0,0.00,0.000,0.000,IDLE
2026-08-17T11:15:00.398708,0.0000000,0.0000000,0.81,-0.0997,0.0504,-0.8463,311.0,0.00,0.000,0.000,IDLE
2026-08-17T11:15:01.398342,0.0000000,0.0000000,0.91,-0.0997,0.0504,-0.8459,311.0,0.00,0.000,0.000,IDLE
2026-08-17T11:15:02.398361,0.0000000,0.0000000,0.93,-0.0995,0.0505,-0.8445,311.0,0.00,0.000,0.000,IDLE
2026-08-17T11:15:03.398491,0.0000000,0.0000000,0.81,-0.0996,0.0505,-0.8442,311.0,0.00,0.000,0.000,IDLE
2026-08-17T11:15:04.398471,0.0000000,0.0000000,0.92,-0.0996,0.0504,-0.8452,311.0,0.00,0.000,0.000,IDLE
2026-08-17T11:15:05.398478,0.0000000,0.0000000,0.80,-0.0997,0.0503,-0.8469,311.0,0.00,0.000,0.000,IDLE
2026-08-17T11:15:06.398494,0.0000000,0.0000000,0.89,-0.0997,0.0504,-0.8461,311.0,0.00,0.000,0.000,IDLE
2026-08-17T11:15:07.398568,0.0000000,0.0000000,0.74,-0.0996,0.0504,-0.8470,311.0,0.00,0.000,0.000,IDLE
2026-08-17T11:15:08.398348,0.0000000,0.0000000,0.98,-0.0994,0.0506,-0.8450,311.0,0.00,0.000,0.000,IDLE
2026-08-17T11:15:09.398425,0.0000000,0.0000000,0.82,-0.0993,0.0506,-0.8439,311.0,0.00,0.000,0.000,IDLE
2026-08-17T11:15:10.398466,0.0000000,0.0000000,0.69,-0.0994,0.0504,-0.8461,311.0,0.00,0.000,0.000,IDLE
2026-08-17T11:15:11.398441,0.0000000,0.0000000,0.77,-0.0994,0.0503,-0.8464,311.0,0.00,0.000,0.000,IDLE
2026-08-17T11:15:12.398475,0.0000000,0.0000000,0.81,-0.0993,0.0504,-0.8450,311.0,0.00,0.000,0.000,IDLE
2026-08-17T11:15:13.399230,0.0000000,0.0000000,0.87,-0.0993,0.0502,-0.8473,311.0,0.00,0.000,0.000,IDLE
2026-08-17T11:15:14.398385,0.0000000,0.0000000,0.59,-0.0994,0.0503,-0.8468,311.0,0.00,0.000,0.000,IDLE
2026-08-17T11:15:15.398346,0.0000000,0.0000000,0.64,-0.0994,0.0505,-0.8458,311.0,0.00,0.000,0.000,IDLE
2026-08-17T11:15:16.398353,0.0000000,0.0000000,0.46,-0.0994,0.0507,-0.8439,311.0,0.00,0.000,0.000,IDLE
2026-08-17T11:15:17.398575,0.0000000,0.0000000,0.59,-0.0994,0.0507,-0.8443,311.0,0.00,0.000,0.000,IDLE
2026-08-17T11:15:18.398474,0.0000000,0.0000000,0.72,-0.0993,0.0507,-0.8438,311.0,0.00,0.000,0.000,IDLE
2026-08-17T11:15:19.398529,0.0000000,0.0000000,0.68,-0.0992,0.0507,-0.8430,311.0,0.00,0.000,0.000,IDLE
2026-08-17T11:15:20.398594,0.0000000,0.0000000,0.48,-0.0994,0.0505,-0.8460,311.0,0.00,0.000,0.000,IDLE
2026-08-17T11:15:21.398583,0.0000000,0.0000000,0.59,-0.0994,0.0503,-0.8471,311.0,0.00,0.000,0.000,IDLE
2026-08-17T11:15:22.398439,0.0000000,0.0000000,0.49,-0.0996,0.0502,-0.8482,311.0,0.00,0.000,0.000,IDLE
2026-08-17T11:15:23.398650,0.0000000,0.0000000,0.52,-0.0997,0.0502,-0.8508,311.0,0.00,0.000,0.000,IDLE
2026-08-17T11:15:24.398339,0.0000000,0.0000000,0.57,-0.0995,0.0503,-0.8497,311.0,0.00,0.000,0.000,IDLE
2026-08-17T11:15:25.398330,0.0000000,0.0000000,0.59,-0.0998,0.0501,-0.8514,311.0,0.00,0.000,0.000,IDLE
2026-08-17T11:15:26.398331,0.0000000,0.0000000,0.64,-0.0997,0.0501,-0.8516,311.0,0.00,0.000,0.000,IDLE
2026-08-17T11:15:27.399411,0.0000000,0.0000000,0.42,-0.0996,0.0503,-0.8493,311.0,0.00,0.000,0.000,IDLE
2026-08-17T11:15:28.398340,0.0000000,0.0000000,0.31,-0.0994,0.0506,-0.8459,311.0,0.00,0.000,0.000,IDLE
2026-08-17T11:15:29.398812,0.0000000,0.0000000,0.40,-0.0994,0.0504,-0.8470,311.0,0.00,0.000,0.000,IDLE
2026-08-17T11:15:30.398651,0.0000000,0.0000000,0.42,-0.0993,0.0505,-0.8463,311.0,0.00,0.000,0.000,IDLE
2026-08-17T11:15:31.398583,0.0000000,0.0000000,0.38,-0.0995,0.0505,-0.8472,311.0,0.00,0.000,0.000,IDLE
2026-08-17T11:15:32.398645,0.0000000,0.0000000,0.47,-0.0994,0.0506,-0.8465,311.0,0.00,0.000,0.000,IDLE
2026-08-17T11:15:33.398489,0.0000000,0.0000000,0.57,-0.0996,0.0504,-0.8478,311.0,0.00,0.000,0.000,IDLE
2026-08-17T11:15:34.398495,0.0000000,0.0000000,0.34,-0.0996,0.0504,-0.8477,311.0,0.00,0.000,0.000,IDLE
2026-08-17T11:15:35.398450,0.0000000,0.0000000,0.46,-0.0996,0.0505,-0.8481,311.0,0.00,0.000,0.000,IDLE
2026-08-17T11:15:36.398814,0.0000000,0.0000000,0.49,-0.0998,0.0504,-0.8507,311.0,0.00,0.000,0.000,IDLE
2026-08-17T11:15:37.398502,0.0000000,0.0000000,0.49,-0.0999,0.0503,-0.8522,311.0,0.00,0.000,0.000,IDLE
2026-08-17T11:15:38.398354,0.0000000,0.0000000,0.59,-0.0998,0.0505,-0.8519,311.0,0.00,0.000,0.000,IDLE
2026-08-17T11:15:39.398409,0.0000000,0.0000000,0.48,-0.0996,0.0507,-0.8501,311.0,0.00,0.000,0.000,IDLE
2026-08-17T11:15:40.398495,0.0000000,0.0000000,0.69,-0.0996,0.0506,-0.8520,311.0,0.00,0.000,0.000,IDLE
2026-08-17T11:15:41.398339,0.0000000,0.0000000,0.61,-0.0995,0.0508,-0.8497,311.0,0.00,0.000,0.000,IDLE
2026-08-17T11:15:42.399438,0.0000000,0.0000000,0.47,-0.0994,0.0509,-0.8489,311.0,0.00,0.000,0.000,IDLE
2026-08-17T11:15:43.398358,0.0000000,0.0000000,0.68,-0.0996,0.0508,-0.8498,311.0,0.00,0.000,0.000,IDLE
2026-08-17T11:15:44.398345,0.0000000,0.0000000,0.50,-0.0996,0.0507,-0.8516,311.0,0.00,0.000,0.000,IDLE
2026-08-17T11:15:45.398441,0.0000000,0.0000000,0.46,-0.0994,0.0506,-0.8509,311.0,0.00,0.000,0.000,IDLE
2026-08-17T11:15:46.398418,0.0000000,0.0000000,0.72,-0.0993,0.0508,-0.8495,311.0,0.00,0.000,0.000,IDLE
2026-08-17T11:15:47.398384,0.0000000,0.0000000,0.48,-0.0993,0.0507,-0.8499,311.0,0.00,0.000,0.000,IDLE
2026-08-17T11:15:48.398426,0.0000000,0.0000000,0.48,-0.0992,0.0506,-0.8505,311.0,0.00,0.000,0.000,IDLE
2026-08-17T11:15:49.398484,0.0000000,0.0000000,0.64,-0.0994,0.0504,-0.8531,311.0,0.00,0.000,0.000,IDLE
2026-08-17T11:15:50.398400,0.0000000,0.0000000,0.52,-0.0992,0.0506,-0.8522,311.0,0.00,0.000,0.000,IDLE
2026-08-17T11:15:51.399448,0.0000000,0.0000000,0.58,-0.0993,0.0504,-0.8536,311.0,0.00,0.000,0.000,IDLE
2026-08-17T11:15:52.398415,0.0000000,0.0000000,0.59,-0.0993,0.0505,-0.8536,311.0,0.00,0.000,0.000,IDLE
2026-08-17T11:15:53.398337,0.0000000,0.0000000,0.60,-0.0992,0.0506,-0.8524,311.0,0.00,0.000,0.000,IDLE
2026-08-17T11:15:54.401943,0.0000000,0.0000000,0.61,-0.0990,0.0510,-0.8494,311.0,0.00,0.000,0.000,IDLE
2026-08-17T11:15:55.398646,0.0000000,0.0000000,0.67,-0.0989,0.0507,-0.8488,311.0,0.00,0.000,0.000,IDLE
2026-08-17T11:15:56.398360,0.0000000,0.0000000,0.73,-0.0988,0.0507,-0.8472,311.0,0.00,0.000,0.000,IDLE
2026-08-17T11:15:57.398463,0.0000000,0.0000000,0.59,-0.0989,0.0508,-0.8463,311.0,0.00,0.000,0.000,IDLE
2026-08-17T11:15:58.398548,0.0000000,0.0000000,0.55,-0.0988,0.0510,-0.8444,311.0,0.00,0.000,0.000,IDLE
2026-08-17T11:15:59.398382,0.0000000,0.0000000,0.46,-0.0988,0.0511,-0.8424,311.0,0.00,0.000,0.000,IDLE
2026-08-17T11:16:00.398446,0.0000000,0.0000000,0.47,-0.0988,0.0510,-0.8438,311.0,0.00,0.000,0.000,IDLE
2026-08-17T11:16:01.398451,0.0000000,0.0000000,0.56,-0.0988,0.0511,-0.8425,311.0,0.00,0.000,0.000,IDLE
2026-08-17T11:16:02.398454,0.0000000,0.0000000,0.55,-0.0989,0.0511,-0.8407,311.0,0.00,0.000,0.000,IDLE
2026-08-17T11:16:03.398336,0.0000000,0.0000000,0.60,-0.0991,0.0510,-0.8399,311.0,0.00,0.000,0.000,IDLE
2026-08-17T11:16:04.398352,0.0000000,0.0000000,0.58,-0.0989,0.0511,-0.8365,312.0,0.00,0.000,0.000,IDLE
2026-08-17T11:16:05.398351,0.0000000,0.0000000,0.48,-0.0992,0.0507,-0.8397,311.0,0.00,0.000,0.000,IDLE
2026-08-17T11:16:06.398417,0.0000000,0.0000000,0.48,-0.0994,0.0505,-0.8402,311.0,0.00,0.000,0.000,IDLE
2026-08-17T11:16:07.398345,0.0000000,0.0000000,0.42,-0.0994,0.0506,-0.8399,311.0,0.00,0.000,0.000,IDLE
2026-08-17T11:16:08.398413,0.0000000,0.0000000,0.46,-0.0994,0.0506,-0.8381,311.0,0.00,0.000,0.000,IDLE
2026-08-17T11:16:09.398425,0.0000000,0.0000000,0.72,-0.0994,0.0505,-0.8370,312.0,0.00,0.000,0.000,IDLE
2026-08-17T11:16:10.398400,0.0000000,0.0000000,0.74,-0.0995,0.0502,-0.8392,311.0,0.00,0.000,0.000,IDLE
2026-08-17T11:16:11.398487,0.0000000,0.0000000,0.58,-0.0995,0.0502,-0.8381,311.0,0.00,0.000,0.000,IDLE
2026-08-17T11:16:12.398458,0.0000000,0.0000000,0.72,-0.0998,0.0498,-0.8429,311.0,0.00,0.000,0.000,IDLE
2026-08-17T11:16:13.398376,0.0000000,0.0000000,0.72,-0.0998,0.0496,-0.8449,311.0,0.00,0.000,0.000,IDLE
2026-08-17T11:16:14.398986,0.0000000,0.0000000,0.72,-0.0997,0.0497,-0.8421,311.0,0.00,0.000,0.000,IDLE
2026-08-17T11:16:15.398346,0.0000000,0.0000000,0.79,-0.0997,0.0496,-0.8420,311.0,0.00,0.000,0.000,IDLE
2026-08-17T11:16:16.398845,0.0000000,0.0000000,0.71,-0.0996,0.0497,-0.8426,311.0,0.00,0.000,0.000,IDLE
2026-08-17T11:16:17.406049,0.0000000,0.0000000,0.78,-0.0996,0.0495,-0.8444,311.0,0.00,0.000,0.000,IDLE
2026-08-17T11:16:18.398612,0.0000000,0.0000000,0.64,-0.0996,0.0497,-0.8441,311.0,0.00,0.000,0.000,IDLE
2026-08-17T11:16:19.398412,0.0000000,0.0000000,0.79,-0.0995,0.0497,-0.8450,311.0,0.00,0.000,0.000,IDLE
2026-08-17T11:16:20.398431,0.0000000,0.0000000,0.56,-0.0995,0.0496,-0.8472,311.0,0.00,0.000,0.000,IDLE
2026-08-17T11:16:21.398427,0.0000000,0.0000000,0.73,-0.0997,0.0496,-0.8484,311.0,0.00,0.000,0.000,IDLE
2026-08-17T11:16:22.398396,0.0000000,0.0000000,0.67,-0.0996,0.0496,-0.8496,311.0,0.00,0.000,0.000,IDLE
2026-08-17T11:16:23.398353,0.0000000,0.0000000,0.71,-0.0998,0.0494,-0.8533,311.0,0.00,0.000,0.000,IDLE
2026-08-17T11:16:24.398336,0.0000000,0.0000000,0.47,-0.0996,0.0497,-0.8522,311.0,0.00,0.000,0.000,IDLE
2026-08-17T11:16:25.398614,0.0000000,0.0000000,0.55,-0.0996,0.0497,-0.8541,311.0,0.00,0.000,0.000,IDLE
2026-08-17T11:16:26.398355,0.0000000,0.0000000,0.63,-0.0996,0.0497,-0.8550,311.0,0.00,0.000,0.000,IDLE
2026-08-17T11:16:27.398431,0.0000000,0.0000000,0.68,-0.0998,0.0496,-0.8576,310.0,0.00,0.000,0.000,IDLE
2026-08-17T11:16:28.398353,0.0000000,0.0000000,0.58,-0.0997,0.0497,-0.8591,310.0,0.00,0.000,0.000,IDLE
2026-08-17T11:16:29.398452,0.0000000,0.0000000,0.77,-0.0997,0.0499,-0.8581,310.0,0.00,0.000,0.000,IDLE
2026-08-17T11:16:30.398434,0.0000000,0.0000000,0.74,-0.0995,0.0502,-0.8569,310.0,0.00,0.000,0.000,IDLE
2026-08-17T11:16:31.398414,0.0000000,0.0000000,0.70,-0.0995,0.0503,-0.8573,310.0,0.00,0.000,0.000,IDLE
2026-08-17T11:16:32.398375,0.0000000,0.0000000,0.54,-0.0994,0.0504,-0.8572,310.0,0.00,0.000,0.000,IDLE
2026-08-17T11:16:33.403538,0.0000000,0.0000000,0.65,-0.0995,0.0505,-0.8570,310.0,0.00,0.000,0.000,IDLE
2026-08-17T11:16:34.398376,0.0000000,0.0000000,0.42,-0.0996,0.0504,-0.8606,310.0,0.00,0.000,0.000,IDLE
2026-08-17T11:16:35.398362,0.0000000,0.0000000,0.58,-0.0996,0.0502,-0.8626,310.0,0.00,0.000,0.000,IDLE
2026-08-17T11:16:36.398440,0.0000000,0.0000000,0.68,-0.0995,0.0503,-0.8609,310.0,0.00,0.000,0.000,IDLE
2026-08-17T11:16:37.398350,0.0000000,0.0000000,0.59,-0.0994,0.0503,-0.8622,310.0,0.00,0.000,0.000,IDLE
2026-08-17T11:16:38.398473,0.0000000,0.0000000,0.65,-0.0993,0.0508,-0.8598,310.0,0.00,0.000,0.000,IDLE
2026-08-17T11:16:39.399867,0.0000000,0.0000000,0.52,-0.0992,0.0509,-0.8581,310.0,0.00,0.000,0.000,IDLE
2026-08-17T11:16:40.398355,0.0000000,0.0000000,0.57,-0.0990,0.0512,-0.8551,311.0,0.00,0.000,0.000,IDLE
2026-08-17T11:16:41.398445,0.0000000,0.0000000,0.73,-0.0990,0.0513,-0.8535,311.0,0.00,0.000,0.000,IDLE
2026-08-17T11:16:42.398357,0.0000000,0.0000000,0.66,-0.0991,0.0512,-0.8543,311.0,0.00,0.000,0.000,IDLE
2026-08-17T11:16:43.398355,0.0000000,0.0000000,0.71,-0.0990,0.0510,-0.8544,311.0,0.00,0.000,0.000,IDLE
2026-08-17T11:16:44.398350,0.0000000,0.0000000,0.67,-0.0992,0.0508,-0.8548,311.0,0.00,0.000,0.000,IDLE
2026-08-17T11:16:45.405181,0.0000000,0.0000000,0.82,-0.0992,0.0507,-0.8554,311.0,0.00,0.000,0.000,IDLE
2026-08-17T11:16:46.398437,0.0000000,0.0000000,0.58,-0.0991,0.0507,-0.8530,311.0,0.00,0.000,0.000,IDLE
2026-08-17T11:16:47.398346,0.0000000,0.0000000,0.62,-0.0991,0.0508,-0.8516,311.0,0.00,0.000,0.000,IDLE
2026-08-17T11:16:48.398343,0.0000000,0.0000000,0.71,-0.0990,0.0511,-0.8492,311.0,0.00,0.000,0.000,IDLE
2026-08-17T11:16:49.398425,0.0000000,0.0000000,0.67,-0.0990,0.0511,-0.8488,311.0,0.00,0.000,0.000,IDLE
2026-08-17T11:16:50.398720,0.0000000,0.0000000,0.67,-0.0991,0.0511,-0.8491,311.0,0.00,0.000,0.000,IDLE
2026-08-17T11:16:51.398367,0.0000000,0.0000000,0.76,-0.0991,0.0511,-0.8494,311.0,0.00,0.000,0.000,IDLE
2026-08-17T11:16:52.399166,0.0000000,0.0000000,0.62,-0.0992,0.0509,-0.8506,311.0,0.00,0.000,0.000,IDLE
2026-08-17T11:16:53.398597,0.0000000,0.0000000,0.57,-0.0991,0.0510,-0.8485,311.0,0.00,0.000,0.000,IDLE
2026-08-17T11:16:54.398344,0.0000000,0.0000000,0.59,-0.0990,0.0511,-0.8463,311.0,0.00,0.000,0.000,IDLE
2026-08-17T11:16:55.398563,0.0000000,0.0000000,0.71,-0.0991,0.0510,-0.8462,311.0,0.00,0.000,0.000,IDLE
2026-08-17T11:16:56.398382,0.0000000,0.0000000,0.64,-0.0991,0.0510,-0.8445,311.0,0.00,0.000,0.000,IDLE
2026-08-17T11:16:57.398401,0.0000000,0.0000000,0.63,-0.0993,0.0508,-0.8463,311.0,0.00,0.000,0.000,IDLE
2026-08-17T11:16:58.398704,0.0000000,0.0000000,0.61,-0.0993,0.0507,-0.8477,311.0,0.00,0.000,0.000,IDLE
2026-08-17T11:16:59.398344,0.0000000,0.0000000,0.48,-0.0993,0.0506,-0.8475,311.0,0.00,0.000,0.000,IDLE
2026-08-17T11:17:00.398364,0.0000000,0.0000000,0.52,-0.0993,0.0506,-0.8466,311.0,0.00,0.000,0.000,IDLE
2026-08-17T11:17:01.398339,0.0000000,0.0000000,0.59,-0.0996,0.0504,-0.8493,311.0,0.00,0.000,0.000,IDLE
2026-08-17T11:17:02.398464,0.0000000,0.0000000,0.69,-0.0994,0.0503,-0.8487,311.0,0.00,0.000,0.000,IDLE
2026-08-17T11:17:03.398638,0.0000000,0.0000000,0.59,-0.0992,0.0507,-0.8446,311.0,0.00,0.000,0.000,IDLE
2026-08-17T11:17:04.398361,0.0000000,0.0000000,0.76,-0.0991,0.0508,-0.8431,311.0,0.00,0.000,0.000,IDLE
2026-08-17T11:17:05.398360,0.0000000,0.0000000,0.71,-0.0992,0.0506,-0.8455,311.0,0.00,0.000,0.000,IDLE
2026-08-17T11:17:06.399268,0.0000000,0.0000000,0.66,-0.0992,0.0507,-0.8457,311.0,0.00,0.000,0.000,IDLE
2026-08-17T11:17:07.398359,0.0000000,0.0000000,0.53,-0.0993,0.0507,-0.8457,311.0,0.00,0.000,0.000,IDLE
2026-08-17T11:17:08.398661,0.0000000,0.0000000,0.59,-0.0990,0.0508,-0.8427,311.0,0.00,0.000,0.000,IDLE
2026-08-17T11:17:09.398381,0.0000000,0.0000000,0.49,-0.0992,0.0506,-0.8448,311.0,0.00,0.000,0.000,IDLE
2026-08-17T11:17:10.398363,0.0000000,0.0000000,0.34,-0.0993,0.0505,-0.8477,311.0,0.00,0.000,0.000,IDLE
2026-08-17T11:17:11.398333,0.0000000,0.0000000,0.39,-0.0996,0.0502,-0.8507,311.0,0.00,0.000,0.000,IDLE
2026-08-17T11:17:12.398352,0.0000000,0.0000000,0.52,-0.0996,0.0504,-0.8499,311.0,0.00,0.000,0.000,IDLE
2026-08-17T11:17:13.398748,0.0000000,0.0000000,0.58,-0.0994,0.0507,-0.8481,311.0,0.00,0.000,0.000,IDLE
2026-08-17T11:17:14.398480,0.0000000,0.0000000,0.57,-0.0995,0.0508,-0.8476,311.0,0.00,0.000,0.000,IDLE
2026-08-17T11:17:15.398437,0.0000000,0.0000000,0.39,-0.0992,0.0510,-0.8457,311.0,0.00,0.000,0.000,IDLE
2026-08-17T11:17:16.398385,0.0000000,0.0000000,0.35,-0.0993,0.0508,-0.8460,311.0,0.00,0.000,0.000,IDLE
2026-08-17T11:17:17.398462,0.0000000,0.0000000,0.36,-0.0995,0.0506,-0.8492,311.0,0.00,0.000,0.000,IDLE
2026-08-17T11:17:18.398395,0.0000000,0.0000000,0.44,-0.0995,0.0505,-0.8504,311.0,0.00,0.000,0.000,IDLE
2026-08-17T11:17:19.398762,0.0000000,0.0000000,0.37,-0.0995,0.0503,-0.8510,311.0,0.00,0.000,0.000,IDLE
2026-08-17T11:17:20.398388,0.0000000,0.0000000,0.39,-0.0995,0.0503,-0.8530,311.0,0.00,0.000,0.000,IDLE
2026-08-17T11:17:21.398374,0.0000000,0.0000000,0.44,-0.0995,0.0504,-0.8524,311.0,0.00,0.000,0.000,IDLE
2026-08-17T11:17:22.399194,0.0000000,0.0000000,0.41,-0.0995,0.0504,-0.8539,311.0,0.00,0.000,0.000,IDLE
2026-08-17T11:17:23.398464,0.0000000,0.0000000,0.27,-0.0994,0.0505,-0.8522,311.0,0.00,0.000,0.000,IDLE
2026-08-17T11:17:24.398407,0.0000000,0.0000000,0.42,-0.0993,0.0505,-0.8517,311.0,0.00,0.000,0.000,IDLE
2026-08-17T11:17:25.398383,0.0000000,0.0000000,0.48,-0.0993,0.0506,-0.8502,311.0,0.00,0.000,0.000,IDLE
2026-08-17T11:17:26.398745,0.0000000,0.0000000,0.40,-0.0993,0.0506,-0.8507,311.0,0.00,0.000,0.000,IDLE
2026-08-17T11:17:27.398337,0.0000000,0.0000000,0.50,-0.0994,0.0507,-0.8495,311.0,0.00,0.000,0.000,IDLE
2026-08-17T11:17:28.398392,0.0000000,0.0000000,0.53,-0.0993,0.0509,-0.8482,311.0,0.00,0.000,0.000,IDLE
2026-08-17T11:17:29.398341,0.0000000,0.0000000,0.43,-0.0994,0.0507,-0.8486,311.0,0.00,0.000,0.000,IDLE
2026-08-17T11:17:30.398381,0.0000000,0.0000000,0.50,-0.0995,0.0506,-0.8501,311.0,0.00,0.000,0.000,IDLE
2026-08-17T11:17:31.398339,0.0000000,0.0000000,0.39,-0.0997,0.0505,-0.8520,311.0,0.00,0.000,0.000,IDLE
2026-08-17T11:17:32.398428,0.0000000,0.0000000,0.52,-0.0997,0.0505,-0.8517,311.0,0.00,0.000,0.000,IDLE
2026-08-17T11:17:33.398927,0.0000000,0.0000000,0.52,-0.0997,0.0505,-0.8509,311.0,0.00,0.000,0.000,IDLE
2026-08-17T11:17:34.402027,0.0000000,0.0000000,0.55,-0.0996,0.0504,-0.8515,311.0,0.00,0.000,0.000,IDLE
2026-08-17T11:17:35.398898,0.0000000,0.0000000,0.62,-0.0997,0.0504,-0.8508,311.0,0.00,0.000,0.000,IDLE
2026-08-17T11:17:36.398447,0.0000000,0.0000000,0.49,-0.0997,0.0503,-0.8526,311.0,0.00,0.000,0.000,IDLE
2026-08-17T11:17:37.398447,0.0000000,0.0000000,0.39,-0.0997,0.0502,-0.8538,311.0,0.00,0.000,0.000,IDLE
2026-08-17T11:17:38.398414,0.0000000,0.0000000,0.39,-0.0995,0.0504,-0.8512,311.0,0.00,0.000,0.000,IDLE
2026-08-17T11:17:39.399436,0.0000000,0.0000000,0.41,-0.0992,0.0507,-0.8476,311.0,0.00,0.000,0.000,IDLE
2026-08-17T11:17:40.398367,0.0000000,0.0000000,0.39,-0.0992,0.0507,-0.8478,311.0,0.00,0.000,0.000,IDLE
2026-08-17T11:17:41.398647,0.0000000,0.0000000,0.55,-0.0993,0.0506,-0.8496,311.0,0.00,0.000,0.000,IDLE
2026-08-17T11:17:42.398516,0.0000000,0.0000000,0.42,-0.0993,0.0504,-0.8496,311.0,0.00,0.000,0.000,IDLE
2026-08-17T11:17:43.399435,0.0000000,0.0000000,0.37,-0.0993,0.0505,-0.8483,311.0,0.00,0.000,0.000,IDLE
2026-08-17T11:17:44.398392,0.0000000,0.0000000,0.38,-0.0994,0.0504,-0.8485,311.0,0.00,0.000,0.000,IDLE
2026-08-17T11:17:45.398659,0.0000000,0.0000000,0.43,-0.0994,0.0504,-0.8477,311.0,0.00,0.000,0.000,IDLE
2026-08-17T11:17:46.398358,0.0000000,0.0000000,0.62,-0.0995,0.0503,-0.8485,311.0,0.00,0.000,0.000,IDLE
2026-08-17T11:17:47.398491,0.0000000,0.0000000,0.42,-0.0995,0.0504,-0.8481,311.0,0.00,0.000,0.000,IDLE
2026-08-17T11:17:48.398366,0.0000000,0.0000000,0.35,-0.0995,0.0504,-0.8481,311.0,0.00,0.000,0.000,IDLE
2026-08-17T11:17:49.398344,0.0000000,0.0000000,0.37,-0.0994,0.0504,-0.8473,311.0,0.00,0.000,0.000,IDLE
2026-08-17T11:17:50.398363,0.0000000,0.0000000,0.33,-0.0995,0.0502,-0.8501,311.0,0.00,0.000,0.000,IDLE
2026-08-17T11:17:51.398412,0.0000000,0.0000000,0.30,-0.0995,0.0503,-0.8479,311.0,0.00,0.000,0.000,IDLE
2026-08-17T11:17:52.399472,0.0000000,0.0000000,0.23,-0.0992,0.0505,-0.8445,311.0,0.00,0.000,0.000,IDLE
2026-08-17T11:17:53.398422,0.0000000,0.0000000,0.29,-0.0993,0.0504,-0.8454,311.0,0.00,0.000,0.000,IDLE
2026-08-17T11:17:54.398374,0.0000000,0.0000000,0.36,-0.0991,0.0505,-0.8439,311.0,0.00,0.000,0.000,IDLE
2026-08-17T11:17:55.398662,0.0000000,0.0000000,0.35,-0.0991,0.0503,-0.8451,311.0,0.00,0.000,0.000,IDLE
2026-08-17T11:17:56.398365,0.0000000,0.0000000,0.29,-0.0990,0.0504,-0.8436,311.0,0.00,0.000,0.000,IDLE
2026-08-17T11:17:57.398423,0.0000000,0.0000000,0.26,-0.0992,0.0503,-0.8454,311.0,0.00,0.000,0.000,IDLE
2026-08-17T11:17:58.398652,0.0000000,0.0000000,0.32,-0.0993,0.0502,-0.8461,311.0,0.00,0.000,0.000,IDLE
2026-08-17T11:17:59.398395,0.0000000,0.0000000,0.37,-0.0992,0.0503,-0.8463,311.0,0.00,0.000,0.000,IDLE
2026-08-17T11:18:00.398464,0.0000000,0.0000000,0.46,-0.0994,0.0502,-0.8500,311.0,0.00,0.000,0.000,IDLE
2026-08-17T11:18:01.398416,0.0000000,0.0000000,0.36,-0.0994,0.0505,-0.8499,311.0,0.00,0.000,0.000,IDLE
2026-08-17T11:18:02.398371,0.0000000,0.0000000,0.29,-0.0992,0.0507,-0.8467,311.0,0.00,0.000,0.000,IDLE
2026-08-17T11:18:03.398385,0.0000000,0.0000000,0.48,-0.0991,0.0508,-0.8445,311.0,0.00,0.000,0.000,IDLE
2026-08-17T11:18:04.398474,0.0000000,0.0000000,0.39,-0.0991,0.0508,-0.8453,311.0,0.00,0.000,0.000,IDLE
2026-08-17T11:18:05.400898,0.0000000,0.0000000,0.44,-0.0992,0.0507,-0.8463,311.0,0.00,0.000,0.000,IDLE
2026-08-17T11:18:06.399440,0.0000000,0.0000000,0.32,-0.0993,0.0506,-0.8487,311.0,0.00,0.000,0.000,IDLE
2026-08-17T11:18:07.398591,0.0000000,0.0000000,0.28,-0.0992,0.0506,-0.8493,311.0,0.00,0.000,0.000,IDLE
2026-08-17T11:18:08.398646,0.0000000,0.0000000,0.34,-0.0992,0.0507,-0.8491,311.0,0.00,0.000,0.000,IDLE
2026-08-17T11:18:09.399266,0.0000000,0.0000000,0.56,-0.0993,0.0506,-0.8490,311.0,0.00,0.000,0.000,IDLE
2026-08-17T11:18:10.398393,0.0000000,0.0000000,0.47,-0.0992,0.0507,-0.8484,311.0,0.00,0.000,0.000,IDLE
2026-08-17T11:18:11.398646,0.0000000,0.0000000,0.50,-0.0993,0.0503,-0.8495,311.0,0.00,0.000,0.000,IDLE
2026-08-17T11:18:12.399411,0.0000000,0.0000000,0.54,-0.0993,0.0502,-0.8515,311.0,0.00,0.000,0.000,IDLE
2026-08-17T11:18:13.398353,0.0000000,0.0000000,0.48,-0.0992,0.0504,-0.8481,311.0,0.00,0.000,0.000,IDLE
2026-08-17T11:18:14.398746,0.0000000,0.0000000,0.40,-0.0993,0.0505,-0.8484,311.0,0.00,0.000,0.000,IDLE
2026-08-17T11:18:15.408530,0.0000000,0.0000000,0.34,-0.0996,0.0502,-0.8524,311.0,0.00,0.000,0.000,IDLE
2026-08-17T11:18:16.401389,0.0000000,0.0000000,0.66,-0.0996,0.0503,-0.8537,311.0,0.00,0.000,0.000,IDLE
2026-08-17T11:18:17.413246,0.0000000,0.0000000,0.58,-0.0997,0.0502,-0.8557,310.0,0.00,0.000,0.000,IDLE
2026-08-17T11:18:18.398406,0.0000000,0.0000000,0.57,-0.0997,0.0503,-0.8579,310.0,0.00,0.000,0.000,IDLE
2026-08-17T11:18:19.398631,0.0000000,0.0000000,0.55,-0.0998,0.0503,-0.8604,310.0,0.00,0.000,0.000,IDLE
2026-08-17T11:18:20.398378,0.0000000,0.0000000,0.64,-0.0996,0.0506,-0.8593,310.0,0.00,0.000,0.000,IDLE
2026-08-17T11:18:21.398362,0.0000000,0.0000000,0.63,-0.0996,0.0507,-0.8574,310.0,0.00,0.000,0.000,IDLE
2026-08-17T11:18:22.399407,0.0000000,0.0000000,0.55,-0.0996,0.0507,-0.8578,310.0,0.00,0.000,0.000,IDLE
2026-08-17T11:18:23.398405,0.0000000,0.0000000,0.55,-0.0995,0.0508,-0.8559,310.0,0.00,0.000,0.000,IDLE
2026-08-17T11:18:24.398416,0.0000000,0.0000000,0.78,-0.0996,0.0506,-0.8577,310.0,0.00,0.000,0.000,IDLE
2026-08-17T11:18:25.398450,0.0000000,0.0000000,0.60,-0.0997,0.0506,-0.8592,310.0,0.00,0.000,0.000,IDLE
2026-08-17T11:18:26.398398,0.0000000,0.0000000,0.52,-0.0997,0.0507,-0.8588,310.0,0.00,0.000,0.000,IDLE
2026-08-17T11:18:27.398353,0.0000000,0.0000000,0.43,-0.0997,0.0508,-0.8578,310.0,0.00,0.000,0.000,IDLE
2026-08-17T11:18:28.398735,0.0000000,0.0000000,0.36,-0.0997,0.0507,-0.8589,310.0,0.00,0.000,0.000,IDLE
2026-08-17T11:18:29.400228,0.0000000,0.0000000,0.47,-0.0997,0.0507,-0.8597,310.0,0.00,0.000,0.000,IDLE
2026-08-17T11:18:30.401038,0.0000000,0.0000000,0.62,-0.0996,0.0507,-0.8598,310.0,0.00,0.000,0.000,IDLE
2026-08-17T11:18:31.398708,0.0000000,0.0000000,0.65,-0.0996,0.0507,-0.8592,310.0,0.00,0.000,0.000,IDLE
2026-08-17T11:18:32.398437,0.0000000,0.0000000,0.66,-0.0997,0.0507,-0.8615,310.0,0.00,0.000,0.000,IDLE
2026-08-17T11:18:33.398338,0.0000000,0.0000000,0.53,-0.0997,0.0506,-0.8632,310.0,0.00,0.000,0.000,IDLE
2026-08-17T11:18:34.398357,0.0000000,0.0000000,0.47,-0.0995,0.0508,-0.8614,310.0,0.00,0.000,0.000,IDLE
2026-08-17T11:18:35.398404,0.0000000,0.0000000,0.52,-0.0994,0.0508,-0.8600,310.0,0.00,0.000,0.000,IDLE
2026-08-17T11:18:36.398345,0.0000000,0.0000000,0.78,-0.0994,0.0506,-0.8596,310.0,0.00,0.000,0.000,IDLE
2026-08-17T11:18:37.398345,0.0000000,0.0000000,0.53,-0.0992,0.0507,-0.8575,310.0,0.00,0.000,0.000,IDLE
2026-08-17T11:18:38.398437,0.0000000,0.0000000,0.50,-0.0989,0.0512,-0.8539,311.0,0.00,0.000,0.000,IDLE
2026-08-17T11:18:39.398419,0.0000000,0.0000000,0.59,-0.0990,0.0511,-0.8540,311.0,0.00,0.000,0.000,IDLE
2026-08-17T11:18:40.398358,0.0000000,0.0000000,0.77,-0.0990,0.0511,-0.8538,311.0,0.00,0.000,0.000,IDLE
2026-08-17T11:18:41.399860,0.0000000,0.0000000,0.82,-0.0989,0.0513,-0.8521,311.0,0.00,0.000,0.000,IDLE
2026-08-17T11:18:42.398387,0.0000000,0.0000000,0.69,-0.0989,0.0512,-0.8524,311.0,0.00,0.000,0.000,IDLE
2026-08-17T11:18:43.398416,0.0000000,0.0000000,0.55,-0.0991,0.0510,-0.8533,311.0,0.00,0.000,0.000,IDLE
2026-08-17T11:18:44.398348,0.0000000,0.0000000,0.65,-0.0992,0.0508,-0.8561,310.0,0.00,0.000,0.000,IDLE
2026-08-17T11:18:45.398592,0.0000000,0.0000000,0.67,-0.0991,0.0510,-0.8530,311.0,0.00,0.000,0.000,IDLE
2026-08-17T11:18:46.398471,0.0000000,0.0000000,0.70,-0.0990,0.0511,-0.8493,311.0,0.00,0.000,0.000,IDLE
2026-08-17T11:18:47.399280,0.0000000,0.0000000,0.87,-0.0990,0.0510,-0.8476,311.0,0.00,0.000,0.000,IDLE
2026-08-17T11:18:48.398371,0.0000000,0.0000000,0.54,-0.0989,0.0510,-0.8463,311.0,0.00,0.000,0.000,IDLE
2026-08-17T11:18:49.398329,0.0000000,0.0000000,0.71,-0.0989,0.0510,-0.8462,311.0,0.00,0.000,0.000,IDLE
2026-08-17T11:18:50.398377,0.0000000,0.0000000,0.58,-0.0990,0.0509,-0.8457,311.0,0.00,0.000,0.000,IDLE
2026-08-17T11:18:51.398379,0.0000000,0.0000000,0.53,-0.0988,0.0511,-0.8438,311.0,0.00,0.000,0.000,IDLE
2026-08-17T11:18:52.398738,0.0000000,0.0000000,0.64,-0.0990,0.0509,-0.8437,311.0,0.00,0.000,0.000,IDLE
2026-08-17T11:18:53.398383,0.0000000,0.0000000,0.32,-0.0990,0.0508,-0.8435,311.0,0.00,0.000,0.000,IDLE
2026-08-17T11:18:54.398352,0.0000000,0.0000000,0.40,-0.0990,0.0507,-0.8443,311.0,0.00,0.000,0.000,IDLE
2026-08-17T11:18:55.398386,0.0000000,0.0000000,0.50,-0.0991,0.0507,-0.8420,311.0,0.00,0.000,0.000,IDLE
2026-08-17T11:18:56.398514,0.0000000,0.0000000,0.58,-0.0992,0.0507,-0.8427,311.0,0.00,0.000,0.000,IDLE
2026-08-17T11:18:57.398406,0.0000000,0.0000000,0.54,-0.0995,0.0503,-0.8468,311.0,0.00,0.000,0.000,IDLE
2026-08-17T11:18:58.398319,0.0000000,0.0000000,0.42,-0.0995,0.0503,-0.8460,311.0,0.00,0.000,0.000,IDLE
2026-08-17T11:18:59.398548,0.0000000,0.0000000,0.55,-0.0997,0.0500,-0.8482,311.0,0.00,0.000,0.000,IDLE
2026-08-17T11:19:00.398880,0.0000000,0.0000000,0.41,-0.0996,0.0500,-0.8470,311.0,0.00,0.000,0.000,IDLE
2026-08-17T11:19:01.398372,0.0000000,0.0000000,0.32,-0.0997,0.0499,-0.8485,311.0,0.00,0.000,0.000,IDLE
2026-08-17T11:19:02.398384,0.0000000,0.0000000,0.62,-0.0997,0.0499,-0.8486,311.0,0.00,0.000,0.000,IDLE
2026-08-17T11:19:03.398671,0.0000000,0.0000000,0.48,-0.0997,0.0500,-0.8487,311.0,0.00,0.000,0.000,IDLE
2026-08-17T11:19:04.398416,0.0000000,0.0000000,0.67,-0.0997,0.0500,-0.8497,311.0,0.00,0.000,0.000,IDLE
2026-08-17T11:19:05.398372,0.0000000,0.0000000,0.48,-0.0997,0.0501,-0.8495,311.0,0.00,0.000,0.000,IDLE
2026-08-17T11:19:06.398701,0.0000000,0.0000000,0.65,-0.0999,0.0498,-0.8524,311.0,0.00,0.000,0.000,IDLE
2026-08-17T11:19:07.398337,0.0000000,0.0000000,0.37,-0.1000,0.0498,-0.8554,310.0,0.00,0.000,0.000,IDLE
2026-08-17T11:19:08.398562,0.0000000,0.0000000,0.64,-0.0998,0.0501,-0.8532,311.0,0.00,0.000,0.000,IDLE
2026-08-17T11:19:09.398368,0.0000000,0.0000000,0.61,-0.0997,0.0503,-0.8537,311.0,0.00,0.000,0.000,IDLE
2026-08-17T11:19:10.398699,0.0000000,0.0000000,0.56,-0.0997,0.0502,-0.8542,311.0,0.00,0.000,0.000,IDLE
2026-08-17T11:19:11.400375,0.0000000,0.0000000,0.52,-0.0997,0.0503,-0.8535,311.0,0.00,0.000,0.000,IDLE
2026-08-17T11:19:12.398593,0.0000000,0.0000000,0.73,-0.0995,0.0505,-0.8524,311.0,0.00,0.000,0.000,IDLE
2026-08-17T11:19:13.399505,0.0000000,0.0000000,0.57,-0.0996,0.0504,-0.8531,311.0,0.00,0.000,0.000,IDLE
2026-08-17T11:19:14.399413,0.0000000,0.0000000,0.60,-0.0995,0.0507,-0.8524,311.0,0.00,0.000,0.000,IDLE
2026-08-17T11:19:15.398494,0.0000000,0.0000000,0.66,-0.0993,0.0506,-0.8521,311.0,0.00,0.000,0.000,IDLE
2026-08-17T11:19:16.398539,0.0000000,0.0000000,0.71,-0.0993,0.0507,-0.8517,311.0,0.00,0.000,0.000,IDLE
2026-08-17T11:19:17.398420,0.0000000,0.0000000,0.52,-0.0993,0.0507,-0.8515,311.0,0.00,0.000,0.000,IDLE
2026-08-17T11:19:18.398536,0.0000000,0.0000000,0.65,-0.0992,0.0508,-0.8497,311.0,0.00,0.000,0.000,IDLE
2026-08-17T11:19:19.398420,0.0000000,0.0000000,0.59,-0.0989,0.0512,-0.8464,311.0,0.00,0.000,0.000,IDLE
2026-08-17T11:19:20.398659,0.0000000,0.0000000,0.55,-0.0992,0.0512,-0.8479,311.0,0.00,0.000,0.000,IDLE
2026-08-17T11:19:21.398640,0.0000000,0.0000000,0.81,-0.0993,0.0508,-0.8495,311.0,0.00,0.000,0.000,IDLE
2026-08-17T11:19:22.398385,0.0000000,0.0000000,0.66,-0.0994,0.0508,-0.8508,311.0,0.00,0.000,0.000,IDLE
2026-08-17T11:19:23.398366,0.0000000,0.0000000,0.82,-0.0994,0.0508,-0.8508,311.0,0.00,0.000,0.000,IDLE
2026-08-17T11:19:24.398339,0.0000000,0.0000000,0.70,-0.0995,0.0506,-0.8526,311.0,0.00,0.000,0.000,IDLE
2026-08-17T11:19:25.398742,0.0000000,0.0000000,0.59,-0.0995,0.0506,-0.8525,311.0,0.00,0.000,0.000,IDLE
2026-08-17T11:19:26.398481,0.0000000,0.0000000,0.56,-0.0995,0.0506,-0.8534,311.0,0.00,0.000,0.000,IDLE
2026-08-17T11:19:27.398336,0.0000000,0.0000000,0.58,-0.0996,0.0506,-0.8550,311.0,0.00,0.000,0.000,IDLE
2026-08-17T11:19:28.398549,0.0000000,0.0000000,0.69,-0.0994,0.0509,-0.8508,311.0,0.00,0.000,0.000,IDLE
2026-08-17T11:19:29.398332,0.0000000,0.0000000,0.60,-0.0994,0.0512,-0.8490,311.0,0.00,0.000,0.000,IDLE
2026-08-17T11:19:30.402629,0.0000000,0.0000000,0.58,-0.0996,0.0508,-0.8519,311.0,0.00,0.000,0.000,IDLE
2026-08-17T11:19:31.398532,0.0000000,0.0000000,0.67,-0.0997,0.0508,-0.8528,311.0,0.00,0.000,0.000,IDLE
2026-08-17T11:19:32.399871,0.0000000,0.0000000,0.41,-0.0996,0.0507,-0.8530,311.0,0.00,0.000,0.000,IDLE
2026-08-17T11:19:33.398507,0.0000000,0.0000000,0.71,-0.0996,0.0507,-0.8532,311.0,0.00,0.000,0.000,IDLE
2026-08-17T11:19:34.398400,0.0000000,0.0000000,0.60,-0.0993,0.0510,-0.8498,311.0,0.00,0.000,0.000,IDLE
2026-08-17T11:19:35.398402,0.0000000,0.0000000,0.54,-0.0993,0.0510,-0.8498,311.0,0.00,0.000,0.000,IDLE
2026-08-17T11:19:36.398356,0.0000000,0.0000000,0.38,-0.0994,0.0512,-0.8491,311.0,0.00,0.000,0.000,IDLE
2026-08-17T11:19:37.398536,0.0000000,0.0000000,0.62,-0.0994,0.0511,-0.8496,311.0,0.00,0.000,0.000,IDLE
2026-08-17T11:19:38.398560,0.0000000,0.0000000,0.44,-0.0995,0.0510,-0.8494,311.0,0.00,0.000,0.000,IDLE
2026-08-17T11:19:39.398411,0.0000000,0.0000000,0.36,-0.0995,0.0508,-0.8489,311.0,0.00,0.000,0.000,IDLE
2026-08-17T11:19:40.398362,0.0000000,0.0000000,0.47,-0.0996,0.0506,-0.8505,311.0,0.00,0.000,0.000,IDLE
2026-08-17T11:19:41.398589,0.0000000,0.0000000,0.52,-0.0996,0.0505,-0.8502,311.0,0.00,0.000,0.000,IDLE
2026-08-17T11:19:42.398865,0.0000000,0.0000000,0.72,-0.0995,0.0505,-0.8488,311.0,0.00,0.000,0.000,IDLE
2026-08-17T11:19:43.398404,0.0000000,0.0000000,0.39,-0.0995,0.0507,-0.8482,311.0,0.00,0.000,0.000,IDLE
2026-08-17T11:19:44.398675,0.0000000,0.0000000,0.61,-0.0994,0.0506,-0.8478,311.0,0.00,0.000,0.000,IDLE
2026-08-17T11:19:45.398720,0.0000000,0.0000000,0.62,-0.0994,0.0505,-0.8492,311.0,0.00,0.000,0.000,IDLE
2026-08-17T11:19:46.398752,0.0000000,0.0000000,0.77,-0.0993,0.0506,-0.8466,311.0,0.00,0.000,0.000,IDLE
2026-08-17T11:19:47.398355,0.0000000,0.0000000,0.48,-0.0992,0.0507,-0.8456,311.0,0.00,0.000,0.000,IDLE
2026-08-17T11:19:48.398776,0.0000000,0.0000000,0.81,-0.0992,0.0506,-0.8459,311.0,0.00,0.000,0.000,IDLE
2026-08-17T11:19:49.398355,0.0000000,0.0000000,0.61,-0.0991,0.0505,-0.8460,311.0,0.00,0.000,0.000,IDLE
2026-08-17T11:19:50.398379,0.0000000,0.0000000,0.54,-0.0992,0.0504,-0.8470,311.0,0.00,0.000,0.000,IDLE
2026-08-17T11:19:51.398463,0.0000000,0.0000000,0.59,-0.0994,0.0503,-0.8474,311.0,0.00,0.000,0.000,IDLE
2026-08-17T11:19:52.398499,0.0000000,0.0000000,0.55,-0.0994,0.0503,-0.8485,311.0,0.00,0.000,0.000,IDLE
2026-08-17T11:19:53.398378,0.0000000,0.0000000,0.42,-0.0994,0.0503,-0.8496,311.0,0.00,0.000,0.000,IDLE
2026-08-17T11:19:54.401091,0.0000000,0.0000000,0.41,-0.0994,0.0504,-0.8493,311.0,0.00,0.000,0.000,IDLE
2026-08-17T11:19:55.398413,0.0000000,0.0000000,0.65,-0.0993,0.0503,-0.8494,311.0,0.00,0.000,0.000,IDLE
2026-08-17T11:19:56.398339,0.0000000,0.0000000,0.49,-0.0993,0.0502,-0.8490,311.0,0.00,0.000,0.000,IDLE
2026-08-17T11:19:57.398633,0.0000000,0.0000000,0.50,-0.0992,0.0504,-0.8466,311.0,0.00,0.000,0.000,IDLE
2026-08-17T11:19:58.398392,0.0000000,0.0000000,0.66,-0.0992,0.0505,-0.8480,311.0,0.00,0.000,0.000,IDLE
2026-08-17T11:19:59.398343,0.0000000,0.0000000,0.52,-0.0993,0.0505,-0.8497,311.0,0.00,0.000,0.000,IDLE
2026-08-17T11:20:00.398442,0.0000000,0.0000000,0.51,-0.0994,0.0506,-0.8493,311.0,0.00,0.000,0.000,IDLE
2026-08-17T11:20:01.398339,0.0000000,0.0000000,0.51,-0.0995,0.0505,-0.8509,311.0,0.00,0.000,0.000,IDLE
2026-08-17T11:20:02.398363,0.0000000,0.0000000,0.46,-0.0995,0.0506,-0.8511,311.0,0.00,0.000,0.000,IDLE
2026-08-17T11:20:03.399345,0.0000000,0.0000000,0.40,-0.0995,0.0507,-0.8509,311.0,0.00,0.000,0.000,IDLE
2026-08-17T11:20:04.398453,0.0000000,0.0000000,0.22,-0.0997,0.0507,-0.8515,311.0,0.00,0.000,0.000,IDLE
2026-08-17T11:20:05.398686,0.0000000,0.0000000,0.46,-0.0995,0.0509,-0.8495,311.0,0.00,0.000,0.000,IDLE
2026-08-17T11:20:06.398370,0.0000000,0.0000000,0.40,-0.0996,0.0508,-0.8499,311.0,0.00,0.000,0.000,IDLE
2026-08-17T11:20:07.398350,0.0000000,0.0000000,0.33,-0.0996,0.0507,-0.8508,311.0,0.00,0.000,0.000,IDLE
2026-08-17T11:20:08.399528,0.0000000,0.0000000,0.37,-0.0996,0.0507,-0.8519,311.0,0.00,0.000,0.000,IDLE
2026-08-17T11:20:09.398396,0.0000000,0.0000000,0.43,-0.0996,0.0507,-0.8512,311.0,0.00,0.000,0.000,IDLE
2026-08-17T11:20:10.398490,0.0000000,0.0000000,0.53,-0.0999,0.0504,-0.8535,311.0,0.00,0.000,0.000,IDLE
2026-08-17T11:20:11.398671,0.0000000,0.0000000,0.57,-0.0997,0.0505,-0.8537,311.0,0.00,0.000,0.000,IDLE
2026-08-17T11:20:12.398625,0.0000000,0.0000000,0.51,-0.0996,0.0503,-0.8540,311.0,0.00,0.000,0.000,IDLE
2026-08-17T11:20:13.398349,0.0000000,0.0000000,0.50,-0.0995,0.0504,-0.8530,311.0,0.00,0.000,0.000,IDLE
2026-08-17T11:20:14.398390,0.0000000,0.0000000,0.54,-0.0994,0.0504,-0.8538,311.0,0.00,0.000,0.000,IDLE
2026-08-17T11:20:15.398407,0.0000000,0.0000000,0.52,-0.0996,0.0504,-0.8559,310.0,0.00,0.000,0.000,IDLE
2026-08-17T11:20:16.399026,0.0000000,0.0000000,0.58,-0.0995,0.0503,-0.8555,310.0,0.00,0.000,0.000,IDLE
2026-08-17T11:20:17.398380,0.0000000,0.0000000,0.52,-0.0995,0.0506,-0.8541,311.0,0.00,0.000,0.000,IDLE
2026-08-17T11:20:18.398386,0.0000000,0.0000000,0.65,-0.0996,0.0505,-0.8545,311.0,0.00,0.000,0.000,IDLE
2026-08-17T11:20:19.398410,0.0000000,0.0000000,0.45,-0.0995,0.0505,-0.8548,311.0,0.00,0.000,0.000,IDLE
2026-08-17T11:20:20.398425,0.0000000,0.0000000,0.44,-0.0995,0.0505,-0.8551,311.0,0.00,0.000,0.000,IDLE
2026-08-17T11:20:21.398353,0.0000000,0.0000000,0.48,-0.0996,0.0507,-0.8544,311.0,0.00,0.000,0.000,IDLE
2026-08-17T11:20:22.398797,0.0000000,0.0000000,0.33,-0.0996,0.0505,-0.8559,310.0,0.00,0.000,0.000,IDLE
2026-08-17T11:20:23.398372,0.0000000,0.0000000,0.47,-0.0995,0.0507,-0.8550,311.0,0.00,0.000,0.000,IDLE
2026-08-17T11:20:24.398426,0.0000000,0.0000000,0.35,-0.0994,0.0507,-0.8535,311.0,0.00,0.000,0.000,IDLE
2026-08-17T11:20:25.398348,0.0000000,0.0000000,0.42,-0.0994,0.0507,-0.8530,311.0,0.00,0.000,0.000,IDLE
2026-08-17T11:20:26.398356,0.0000000,0.0000000,0.57,-0.0994,0.0507,-0.8516,311.0,0.00,0.000,0.000,IDLE
2026-08-17T11:20:27.399117,0.0000000,0.0000000,0.50,-0.0994,0.0505,-0.8519,311.0,0.00,0.000,0.000,IDLE
2026-08-17T11:20:28.398365,0.0000000,0.0000000,0.62,-0.0994,0.0505,-0.8517,311.0,0.00,0.000,0.000,IDLE
2026-08-17T11:20:29.398343,0.0000000,0.0000000,0.57,-0.0992,0.0506,-0.8495,311.0,0.00,0.000,0.000,IDLE
2026-08-17T11:20:30.398358,0.0000000,0.0000000,0.77,-0.0990,0.0510,-0.8460,311.0,0.00,0.000,0.000,IDLE
2026-08-17T11:20:31.403741,0.0000000,0.0000000,0.35,-0.0990,0.0509,-0.8452,311.0,0.00,0.000,0.000,IDLE
2026-08-17T11:20:32.398358,0.0000000,0.0000000,0.66,-0.0990,0.0508,-0.8471,311.0,0.00,0.000,0.000,IDLE
2026-08-17T11:20:33.398386,0.0000000,0.0000000,0.74,-0.0992,0.0505,-0.8477,311.0,0.00,0.000,0.000,IDLE
2026-08-17T11:20:34.398343,0.0000000,0.0000000,0.53,-0.0993,0.0505,-0.8487,311.0,0.00,0.000,0.000,IDLE
2026-08-17T11:20:35.398680,0.0000000,0.0000000,0.82,-0.0994,0.0505,-0.8480,311.0,0.00,0.000,0.000,IDLE
2026-08-17T11:20:36.398518,0.0000000,0.0000000,0.65,-0.0996,0.0503,-0.8502,311.0,0.00,0.000,0.000,IDLE
2026-08-17T11:20:37.398490,0.0000000,0.0000000,0.65,-0.0998,0.0501,-0.8525,311.0,0.00,0.000,0.000,IDLE
2026-08-17T11:20:38.398369,0.0000000,0.0000000,0.60,-0.0999,0.0498,-0.8558,310.0,0.00,0.000,0.000,IDLE
2026-08-17T11:20:39.399546,0.0000000,0.0000000,0.80,-0.0998,0.0501,-0.8531,311.0,0.00,0.000,0.000,IDLE
2026-08-17T11:20:40.398651,0.0000000,0.0000000,0.79,-0.0998,0.0503,-0.8524,311.0,0.00,0.000,0.000,IDLE
2026-08-17T11:20:41.398499,0.0000000,0.0000000,0.60,-0.0999,0.0503,-0.8549,311.0,0.00,0.000,0.000,IDLE
2026-08-17T11:20:42.398504,0.0000000,0.0000000,0.55,-0.0998,0.0503,-0.8537,311.0,0.00,0.000,0.000,IDLE
2026-08-17T11:20:43.398699,0.0000000,0.0000000,0.69,-0.0998,0.0503,-0.8532,311.0,0.00,0.000,0.000,IDLE
2026-08-17T11:20:44.398415,0.0000000,0.0000000,0.47,-0.0999,0.0501,-0.8553,311.0,0.00,0.000,0.000,IDLE
2026-08-17T11:20:45.398344,0.0000000,0.0000000,0.58,-0.0999,0.0502,-0.8551,311.0,0.00,0.000,0.000,IDLE
2026-08-17T11:20:46.398355,0.0000000,0.0000000,0.55,-0.0999,0.0501,-0.8566,310.0,0.00,0.000,0.000,IDLE
2026-08-17T11:20:47.398907,0.0000000,0.0000000,0.65,-0.0998,0.0502,-0.8551,311.0,0.00,0.000,0.000,IDLE
2026-08-17T11:20:48.398415,0.0000000,0.0000000,0.66,-0.0998,0.0502,-0.8545,311.0,0.00,0.000,0.000,IDLE
2026-08-17T11:20:49.398358,0.0000000,0.0000000,0.59,-0.0997,0.0505,-0.8510,311.0,0.00,0.000,0.000,IDLE
2026-08-17T11:20:50.398617,0.0000000,0.0000000,0.68,-0.0996,0.0504,-0.8514,311.0,0.00,0.000,0.000,IDLE
2026-08-17T11:20:51.398400,0.0000000,0.0000000,0.46,-0.0997,0.0502,-0.8535,311.0,0.00,0.000,0.000,IDLE
2026-08-17T11:20:52.398378,0.0000000,0.0000000,0.62,-0.0999,0.0502,-0.8561,310.0,0.00,0.000,0.000,IDLE
2026-08-17T11:20:53.399167,0.0000000,0.0000000,0.52,-0.0999,0.0502,-0.8567,310.0,0.00,0.000,0.000,IDLE
2026-08-17T11:20:54.398482,0.0000000,0.0000000,0.52,-0.0998,0.0501,-0.8582,310.0,0.00,0.000,0.000,IDLE
2026-08-17T11:20:55.398347,0.0000000,0.0000000,0.77,-0.0999,0.0500,-0.8596,310.0,0.00,0.000,0.000,IDLE
2026-08-17T11:20:56.399810,0.0000000,0.0000000,0.62,-0.0999,0.0501,-0.8603,310.0,0.00,0.000,0.000,IDLE
2026-08-17T11:20:57.398396,0.0000000,0.0000000,0.64,-0.0996,0.0502,-0.8596,310.0,0.00,0.000,0.000,IDLE
2026-08-17T11:20:58.398565,0.0000000,0.0000000,0.68,-0.0996,0.0504,-0.8601,310.0,0.00,0.000,0.000,IDLE
2026-08-17T11:20:59.398496,0.0000000,0.0000000,0.71,-0.0997,0.0505,-0.8600,310.0,0.00,0.000,0.000,IDLE
2026-08-17T11:21:00.398352,0.0000000,0.0000000,0.73,-0.0996,0.0502,-0.8600,310.0,0.00,0.000,0.000,IDLE
2026-08-17T11:21:01.398366,0.0000000,0.0000000,0.85,-0.0991,0.0507,-0.8578,310.0,0.00,0.000,0.000,IDLE
2026-08-17T11:21:02.398362,0.0000000,0.0000000,0.53,-0.0989,0.0507,-0.8568,310.0,0.00,0.000,0.000,IDLE
2026-08-17T11:21:03.398382,0.0000000,0.0000000,0.59,-0.0991,0.0506,-0.8572,310.0,0.00,0.000,0.000,IDLE
2026-08-17T11:21:04.398400,0.0000000,0.0000000,0.67,-0.0991,0.0507,-0.8555,310.0,0.00,0.000,0.000,IDLE
2026-08-17T11:21:05.398387,0.0000000,0.0000000,0.59,-0.0991,0.0510,-0.8544,311.0,0.00,0.000,0.000,IDLE
2026-08-17T11:21:06.398503,0.0000000,0.0000000,0.64,-0.0991,0.0510,-0.8532,311.0,0.00,0.000,0.000,IDLE
2026-08-17T11:21:07.398362,0.0000000,0.0000000,0.58,-0.0991,0.0510,-0.8522,311.0,0.00,0.000,0.000,IDLE
2026-08-17T11:21:08.398365,0.0000000,0.0000000,0.72,-0.0992,0.0510,-0.8509,311.0,0.00,0.000,0.000,IDLE
2026-08-17T11:21:09.398329,0.0000000,0.0000000,0.73,-0.0992,0.0510,-0.8504,311.0,0.00,0.000,0.000,IDLE
2026-08-17T11:21:10.398413,0.0000000,0.0000000,0.69,-0.0992,0.0509,-0.8505,311.0,0.00,0.000,0.000,IDLE
2026-08-17T11:21:11.404746,0.0000000,0.0000000,0.69,-0.0992,0.0507,-0.8518,311.0,0.00,0.000,0.000,IDLE
2026-08-17T11:21:12.398511,0.0000000,0.0000000,0.70,-0.0991,0.0508,-0.8482,311.0,0.00,0.000,0.000,IDLE
2026-08-17T11:21:13.399671,0.0000000,0.0000000,0.65,-0.0991,0.0507,-0.8478,311.0,0.00,0.000,0.000,IDLE
2026-08-17T11:21:14.398324,0.0000000,0.0000000,0.84,-0.0990,0.0508,-0.8464,311.0,0.00,0.000,0.000,IDLE
2026-08-17T11:21:15.398372,0.0000000,0.0000000,0.68,-0.0990,0.0507,-0.8442,311.0,0.00,0.000,0.000,IDLE
2026-08-17T11:21:16.401891,0.0000000,0.0000000,0.67,-0.0990,0.0506,-0.8438,311.0,0.00,0.000,0.000,IDLE
2026-08-17T11:21:17.398609,0.0000000,0.0000000,0.83,-0.0990,0.0506,-0.8434,311.0,0.00,0.000,0.000,IDLE
2026-08-17T11:21:18.398595,0.0000000,0.0000000,0.58,-0.0991,0.0505,-0.8454,311.0,0.00,0.000,0.000,IDLE
2026-08-17T11:21:19.398581,0.0000000,0.0000000,0.61,-0.0992,0.0504,-0.8461,311.0,0.00,0.000,0.000,IDLE
2026-08-17T11:21:20.398490,0.0000000,0.0000000,0.92,-0.0992,0.0503,-0.8459,311.0,0.00,0.000,0.000,IDLE
2026-08-17T11:21:21.398719,0.0000000,0.0000000,0.75,-0.0995,0.0503,-0.8456,311.0,0.00,0.000,0.000,IDLE
2026-08-17T11:21:22.398377,0.0000000,0.0000000,0.63,-0.0996,0.0501,-0.8463,311.0,0.00,0.000,0.000,IDLE
2026-08-17T11:21:23.398425,0.0000000,0.0000000,0.74,-0.0998,0.0501,-0.8473,311.0,0.00,0.000,0.000,IDLE
2026-08-17T11:21:24.398420,0.0000000,0.0000000,0.73,-0.0999,0.0499,-0.8496,311.0,0.00,0.000,0.000,IDLE
2026-08-17T11:21:25.398547,0.0000000,0.0000000,0.69,-0.0999,0.0499,-0.8501,311.0,0.00,0.000,0.000,IDLE
2026-08-17T11:21:26.398683,0.0000000,0.0000000,0.84,-0.0999,0.0498,-0.8515,311.0,0.00,0.000,0.000,IDLE
2026-08-17T11:21:27.398689,0.0000000,0.0000000,0.62,-0.1000,0.0497,-0.8531,311.0,0.00,0.000,0.000,IDLE
2026-08-17T11:21:28.399500,0.0000000,0.0000000,0.60,-0.1000,0.0496,-0.8533,311.0,0.00,0.000,0.000,IDLE
2026-08-17T11:21:29.398343,0.0000000,0.0000000,0.60,-0.0997,0.0499,-0.8507,311.0,0.00,0.000,0.000,IDLE
2026-08-17T11:21:30.398493,0.0000000,0.0000000,0.57,-0.0997,0.0498,-0.8524,311.0,0.00,0.000,0.000,IDLE
2026-08-17T11:21:31.398486,0.0000000,0.0000000,0.67,-0.0998,0.0498,-0.8537,311.0,0.00,0.000,0.000,IDLE
2026-08-17T11:21:32.398408,0.0000000,0.0000000,0.57,-0.0996,0.0500,-0.8526,311.0,0.00,0.000,0.000,IDLE
2026-08-17T11:21:33.399255,0.0000000,0.0000000,0.85,-0.0997,0.0500,-0.8544,311.0,0.00,0.000,0.000,IDLE
2026-08-17T11:21:34.399540,0.0000000,0.0000000,0.67,-0.0996,0.0501,-0.8532,311.0,0.00,0.000,0.000,IDLE
2026-08-17T11:21:35.398357,0.0000000,0.0000000,0.86,-0.0996,0.0503,-0.8534,311.0,0.00,0.000,0.000,IDLE
2026-08-17T11:21:36.399154,0.0000000,0.0000000,0.83,-0.0995,0.0504,-0.8520,311.0,0.00,0.000,0.000,IDLE
2026-08-17T11:21:37.398574,0.0000000,0.0000000,0.81,-0.0997,0.0503,-0.8530,311.0,0.00,0.000,0.000,IDLE
2026-08-17T11:21:38.398361,0.0000000,0.0000000,1.00,-0.0996,0.0504,-0.8522,311.0,0.00,0.000,0.000,IDLE
2026-08-17T11:21:39.398515,0.0000000,0.0000000,0.83,-0.0996,0.0505,-0.8518,311.0,0.00,0.000,0.000,IDLE
2026-08-17T11:21:40.398354,0.0000000,0.0000000,0.86,-0.0997,0.0503,-0.8543,311.0,0.00,0.000,0.000,IDLE
2026-08-17T11:21:41.400996,0.0000000,0.0000000,0.88,-0.0996,0.0504,-0.8546,311.0,0.00,0.000,0.000,IDLE
2026-08-17T11:21:42.398619,0.0000000,0.0000000,0.65,-0.0997,0.0503,-0.8556,310.0,0.00,0.000,0.000,IDLE
2026-08-17T11:21:43.398391,0.0000000,0.0000000,0.82,-0.0998,0.0502,-0.8570,310.0,0.00,0.000,0.000,IDLE
2026-08-17T11:21:44.398383,0.0000000,0.0000000,0.79,-0.0998,0.0500,-0.8595,310.0,0.00,0.000,0.000,IDLE
2026-08-17T11:21:45.398368,0.0000000,0.0000000,0.73,-0.0997,0.0502,-0.8588,310.0,0.00,0.000,0.000,IDLE
2026-08-17T11:21:46.398357,0.0000000,0.0000000,0.86,-0.0997,0.0502,-0.8599,310.0,0.00,0.000,0.000,IDLE
2026-08-17T11:21:47.399177,0.0000000,0.0000000,1.09,-0.0996,0.0503,-0.8594,310.0,0.00,0.000,0.000,IDLE
2026-08-17T11:21:48.398399,0.0000000,0.0000000,1.06,-0.0997,0.0503,-0.8596,310.0,0.00,0.000,0.000,IDLE
2026-08-17T11:21:49.398377,0.0000000,0.0000000,1.09,-0.0996,0.0504,-0.8577,310.0,0.00,0.000,0.000,IDLE
2026-08-17T11:21:50.398441,0.0000000,0.0000000,0.87,-0.0995,0.0504,-0.8578,310.0,0.00,0.000,0.000,IDLE
2026-08-17T11:21:51.398401,0.0000000,0.0000000,1.00,-0.0994,0.0506,-0.8573,310.0,0.00,0.000,0.000,IDLE
2026-08-17T11:21:52.398720,0.0000000,0.0000000,1.20,-0.0995,0.0505,-0.8583,310.0,0.00,0.000,0.000,IDLE
2026-08-17T11:21:53.398333,0.0000000,0.0000000,1.03,-0.0995,0.0505,-0.8580,310.0,0.00,0.000,0.000,IDLE
2026-08-17T11:21:54.398667,0.0000000,0.0000000,0.90,-0.0996,0.0504,-0.8597,310.0,0.00,0.000,0.000,IDLE
2026-08-17T11:21:55.398359,0.0000000,0.0000000,0.97,-0.0996,0.0505,-0.8587,310.0,0.00,0.000,0.000,IDLE
2026-08-17T11:21:56.398381,0.0000000,0.0000000,0.84,-0.0996,0.0507,-0.8575,310.0,0.00,0.000,0.000,IDLE
2026-08-17T11:21:57.399518,0.0000000,0.0000000,0.97,-0.0995,0.0507,-0.8571,310.0,0.00,0.000,0.000,IDLE
2026-08-17T11:21:58.398492,0.0000000,0.0000000,1.07,-0.0997,0.0506,-0.8587,310.0,0.00,0.000,0.000,IDLE
2026-08-17T11:21:59.398328,0.0000000,0.0000000,0.97,-0.0997,0.0506,-0.8586,310.0,0.00,0.000,0.000,IDLE
2026-08-17T11:22:00.398390,0.0000000,0.0000000,0.94,-0.0996,0.0507,-0.8579,310.0,0.00,0.000,0.000,IDLE
2026-08-17T11:22:01.398373,0.0000000,0.0000000,0.92,-0.0997,0.0506,-0.8590,310.0,0.00,0.000,0.000,IDLE
2026-08-17T11:22:02.398453,0.0000000,0.0000000,0.80,-0.0997,0.0505,-0.8601,310.0,0.00,0.000,0.000,IDLE
2026-08-17T11:22:03.398637,0.0000000,0.0000000,0.84,-0.0997,0.0506,-0.8579,310.0,0.00,0.000,0.000,IDLE
2026-08-17T11:22:04.398356,0.0000000,0.0000000,0.96,-0.0999,0.0504,-0.8594,310.0,0.00,0.000,0.000,IDLE
2026-08-17T11:22:05.398432,0.0000000,0.0000000,0.67,-0.1000,0.0505,-0.8592,310.0,0.00,0.000,0.000,IDLE
2026-08-17T11:22:06.398439,0.0000000,0.0000000,0.71,-0.0999,0.0503,-0.8609,310.0,0.00,0.000,0.000,IDLE
2026-08-17T11:22:07.398337,0.0000000,0.0000000,0.54,-0.0997,0.0506,-0.8577,310.0,0.00,0.000,0.000,IDLE
2026-08-17T11:22:08.398388,0.0000000,0.0000000,0.64,-0.0998,0.0507,-0.8580,310.0,0.00,0.000,0.000,IDLE
2026-08-17T11:22:09.398459,0.0000000,0.0000000,0.62,-0.0997,0.0508,-0.8553,311.0,0.00,0.000,0.000,IDLE
2026-08-17T11:22:10.398366,0.0000000,0.0000000,0.57,-0.0997,0.0507,-0.8541,311.0,0.00,0.000,0.000,IDLE
2026-08-17T11:22:11.398679,0.0000000,0.0000000,0.68,-0.0997,0.0506,-0.8549,311.0,0.00,0.000,0.000,IDLE
2026-08-17T11:22:12.398355,0.0000000,0.0000000,0.50,-0.0998,0.0506,-0.8544,311.0,0.00,0.000,0.000,IDLE
2026-08-17T11:22:13.398386,0.0000000,0.0000000,0.39,-0.0996,0.0508,-0.8520,311.0,0.00,0.000,0.000,IDLE
2026-08-17T11:22:14.398352,0.0000000,0.0000000,0.34,-0.0996,0.0507,-0.8518,311.0,0.00,0.000,0.000,IDLE
2026-08-17T11:22:15.398360,0.0000000,0.0000000,0.23,-0.0997,0.0507,-0.8530,311.0,0.00,0.000,0.000,IDLE
2026-08-17T11:22:16.398438,0.0000000,0.0000000,0.32,-0.0995,0.0507,-0.8522,311.0,0.00,0.000,0.000,IDLE
2026-08-17T11:22:17.398351,0.0000000,0.0000000,0.37,-0.0997,0.0505,-0.8546,311.0,0.00,0.000,0.000,IDLE
2026-08-17T11:22:18.400758,0.0000000,0.0000000,0.40,-0.0998,0.0502,-0.8589,310.0,0.00,0.000,0.000,IDLE
2026-08-17T11:22:19.398439,0.0000000,0.0000000,0.41,-0.0998,0.0503,-0.8593,310.0,0.00,0.000,0.000,IDLE
2026-08-17T11:22:20.398478,0.0000000,0.0000000,0.45,-0.0997,0.0503,-0.8583,310.0,0.00,0.000,0.000,IDLE
2026-08-17T11:22:21.398691,0.0000000,0.0000000,0.49,-0.0997,0.0502,-0.8583,310.0,0.00,0.000,0.000,IDLE
2026-08-17T11:22:22.398777,0.0000000,0.0000000,0.60,-0.0997,0.0502,-0.8579,310.0,0.00,0.000,0.000,IDLE
2026-08-17T11:22:23.398453,0.0000000,0.0000000,0.66,-0.0997,0.0502,-0.8571,310.0,0.00,0.000,0.000,IDLE
2026-08-17T11:22:24.398431,0.0000000,0.0000000,0.54,-0.0996,0.0503,-0.8568,310.0,0.00,0.000,0.000,IDLE
2026-08-17T11:22:25.398565,0.0000000,0.0000000,0.57,-0.0996,0.0503,-0.8556,310.0,0.00,0.000,0.000,IDLE
2026-08-17T11:22:26.398520,0.0000000,0.0000000,0.65,-0.0995,0.0505,-0.8543,311.0,0.00,0.000,0.000,IDLE
2026-08-17T11:22:27.398337,0.0000000,0.0000000,0.38,-0.0996,0.0503,-0.8550,311.0,0.00,0.000,0.000,IDLE
2026-08-17T11:22:28.398413,0.0000000,0.0000000,0.54,-0.0999,0.0500,-0.8592,310.0,0.00,0.000,0.000,IDLE
2026-08-17T11:22:29.398323,0.0000000,0.0000000,0.57,-0.0996,0.0503,-0.8560,310.0,0.00,0.000,0.000,IDLE
2026-08-17T11:22:30.398375,0.0000000,0.0000000,0.58,-0.0997,0.0502,-0.8558,310.0,0.00,0.000,0.000,IDLE
2026-08-17T11:22:31.398750,0.0000000,0.0000000,0.67,-0.0997,0.0505,-0.8544,311.0,0.00,0.000,0.000,IDLE
2026-08-17T11:22:32.398406,0.0000000,0.0000000,0.55,-0.0996,0.0504,-0.8539,311.0,0.00,0.000,0.000,IDLE
2026-08-17T11:22:33.398375,0.0000000,0.0000000,0.53,-0.0996,0.0504,-0.8503,311.0,0.00,0.000,0.000,IDLE
2026-08-17T11:22:34.398465,0.0000000,0.0000000,0.51,-0.0996,0.0505,-0.8487,311.0,0.00,0.000,0.000,IDLE
2026-08-17T11:22:35.398468,0.0000000,0.0000000,0.59,-0.0996,0.0503,-0.8479,311.0,0.00,0.000,0.000,IDLE
2026-08-17T11:22:36.398496,0.0000000,0.0000000,0.57,-0.0996,0.0502,-0.8475,311.0,0.00,0.000,0.000,IDLE
2026-08-17T11:22:37.398389,0.0000000,0.0000000,0.69,-0.0996,0.0502,-0.8473,311.0,0.00,0.000,0.000,IDLE
2026-08-17T11:22:38.398441,0.0000000,0.0000000,0.59,-0.0998,0.0502,-0.8488,311.0,0.00,0.000,0.000,IDLE
2026-08-17T11:22:39.398514,0.0000000,0.0000000,0.73,-0.0998,0.0502,-0.8490,311.0,0.00,0.000,0.000,IDLE
2026-08-17T11:22:40.398381,0.0000000,0.0000000,0.71,-0.0996,0.0502,-0.8474,311.0,0.00,0.000,0.000,IDLE
2026-08-17T11:22:41.398593,0.0000000,0.0000000,0.75,-0.0997,0.0502,-0.8469,311.0,0.00,0.000,0.000,IDLE
2026-08-17T11:22:42.398769,0.0000000,0.0000000,0.79,-0.0998,0.0501,-0.8476,311.0,0.00,0.000,0.000,IDLE
2026-08-17T11:22:43.398463,0.0000000,0.0000000,0.73,-0.0997,0.0501,-0.8466,311.0,0.00,0.000,0.000,IDLE
2026-08-17T11:22:44.398421,0.0000000,0.0000000,0.90,-0.0998,0.0500,-0.8476,311.0,0.00,0.000,0.000,IDLE
2026-08-17T11:22:45.398335,0.0000000,0.0000000,0.93,-0.0998,0.0499,-0.8480,311.0,0.00,0.000,0.000,IDLE
2026-08-17T11:22:46.398417,0.0000000,0.0000000,0.78,-0.0999,0.0497,-0.8510,311.0,0.00,0.000,0.000,IDLE
2026-08-17T11:22:47.400189,0.0000000,0.0000000,0.68,-0.1001,0.0496,-0.8532,311.0,0.00,0.000,0.000,IDLE
2026-08-17T11:22:48.398490,0.0000000,0.0000000,0.69,-0.1001,0.0497,-0.8542,311.0,0.00,0.000,0.000,IDLE
2026-08-17T11:22:49.398579,0.0000000,0.0000000,0.75,-0.1000,0.0497,-0.8558,310.0,0.00,0.000,0.000,IDLE
2026-08-17T11:22:50.399209,0.0000000,0.0000000,0.83,-0.0998,0.0503,-0.8534,311.0,0.00,0.000,0.000,IDLE
2026-08-17T11:22:51.398589,0.0000000,0.0000000,0.90,-0.0998,0.0502,-0.8547,311.0,0.00,0.000,0.000,IDLE
2026-08-17T11:22:52.398361,0.0000000,0.0000000,0.84,-0.0999,0.0500,-0.8566,310.0,0.00,0.000,0.000,IDLE
2026-08-17T11:22:53.398461,0.0000000,0.0000000,0.78,-0.0998,0.0502,-0.8564,310.0,0.00,0.000,0.000,IDLE
2026-08-17T11:22:54.398418,0.0000000,0.0000000,0.86,-0.0998,0.0503,-0.8561,310.0,0.00,0.000,0.000,IDLE
2026-08-17T11:22:55.398346,0.0000000,0.0000000,0.79,-0.0997,0.0506,-0.8551,311.0,0.00,0.000,0.000,IDLE
2026-08-17T11:22:56.400155,0.0000000,0.0000000,0.75,-0.0997,0.0506,-0.8558,310.0,0.00,0.000,0.000,IDLE
2026-08-17T11:22:57.398486,0.0000000,0.0000000,0.77,-0.0997,0.0506,-0.8559,310.0,0.00,0.000,0.000,IDLE
2026-08-17T11:22:58.400289,0.0000000,0.0000000,1.05,-0.0997,0.0505,-0.8567,310.0,0.00,0.000,0.000,IDLE
2026-08-17T11:22:59.398901,0.0000000,0.0000000,0.70,-0.0996,0.0506,-0.8550,311.0,0.00,0.000,0.000,IDLE
2026-08-17T11:23:00.398356,0.0000000,0.0000000,0.88,-0.0997,0.0505,-0.8563,310.0,0.00,0.000,0.000,IDLE
2026-08-17T11:23:01.398474,0.0000000,0.0000000,1.02,-0.0998,0.0505,-0.8576,310.0,0.00,0.000,0.000,IDLE
2026-08-17T11:23:02.398468,0.0000000,0.0000000,0.76,-0.0998,0.0505,-0.8579,310.0,0.00,0.000,0.000,IDLE
2026-08-17T11:23:03.398677,0.0000000,0.0000000,0.95,-0.0999,0.0506,-0.8585,310.0,0.00,0.000,0.000,IDLE
2026-08-17T11:23:04.398561,0.0000000,0.0000000,0.87,-0.0998,0.0507,-0.8587,310.0,0.00,0.000,0.000,IDLE
2026-08-17T11:23:05.398337,0.0000000,0.0000000,0.64,-0.0998,0.0506,-0.8600,310.0,0.00,0.000,0.000,IDLE
2026-08-17T11:23:06.398448,0.0000000,0.0000000,0.72,-0.0994,0.0509,-0.8553,311.0,0.00,0.000,0.000,IDLE
2026-08-17T11:23:07.398872,0.0000000,0.0000000,0.72,-0.0994,0.0509,-0.8568,310.0,0.00,0.000,0.000,IDLE
2026-08-17T11:23:08.398667,0.0000000,0.0000000,0.81,-0.0994,0.0509,-0.8557,310.0,0.00,0.000,0.000,IDLE
2026-08-17T11:23:09.398389,0.0000000,0.0000000,1.07,-0.0995,0.0510,-0.8559,310.0,0.00,0.000,0.000,IDLE
2026-08-17T11:23:10.398445,0.0000000,0.0000000,1.15,-0.0995,0.0509,-0.8560,310.0,0.00,0.000,0.000,IDLE
2026-08-17T11:23:11.398831,0.0000000,0.0000000,1.12,-0.0998,0.0506,-0.8603,310.0,0.00,0.000,0.000,IDLE
2026-08-17T11:23:12.398375,0.0000000,0.0000000,0.99,-0.0996,0.0510,-0.8572,310.0,0.00,0.000,0.000,IDLE
2026-08-17T11:23:13.398602,0.0000000,0.0000000,0.92,-0.0995,0.0509,-0.8576,310.0,0.00,0.000,0.000,IDLE
2026-08-17T11:23:14.398365,0.0000000,0.0000000,0.75,-0.0994,0.0509,-0.8562,310.0,0.00,0.000,0.000,IDLE
2026-08-17T11:23:15.398445,0.0000000,0.0000000,0.85,-0.0993,0.0510,-0.8546,311.0,0.00,0.000,0.000,IDLE
2026-08-17T11:23:16.398413,0.0000000,0.0000000,0.84,-0.0994,0.0508,-0.8558,310.0,0.00,0.000,0.000,IDLE
2026-08-17T11:23:17.398338,0.0000000,0.0000000,0.56,-0.0995,0.0508,-0.8568,310.0,0.00,0.000,0.000,IDLE
2026-08-17T11:23:18.398360,0.0000000,0.0000000,0.64,-0.0994,0.0508,-0.8565,310.0,0.00,0.000,0.000,IDLE
2026-08-17T11:23:19.398394,0.0000000,0.0000000,0.56,-0.0995,0.0507,-0.8572,310.0,0.00,0.000,0.000,IDLE
2026-08-17T11:23:20.398436,0.0000000,0.0000000,0.82,-0.0993,0.0509,-0.8543,311.0,0.00,0.000,0.000,IDLE
2026-08-17T11:23:21.398563,0.0000000,0.0000000,0.66,-0.0994,0.0509,-0.8544,311.0,0.00,0.000,0.000,IDLE
2026-08-17T11:23:22.398373,0.0000000,0.0000000,0.50,-0.0994,0.0510,-0.8538,311.0,0.00,0.000,0.000,IDLE
2026-08-17T11:23:23.398402,0.0000000,0.0000000,0.80,-0.0994,0.0510,-0.8523,311.0,0.00,0.000,0.000,IDLE
2026-08-17T11:23:24.398359,0.0000000,0.0000000,0.54,-0.0995,0.0507,-0.8535,311.0,0.00,0.000,0.000,IDLE
2026-08-17T11:23:25.398798,0.0000000,0.0000000,0.51,-0.0993,0.0509,-0.8491,311.0,0.00,0.000,0.000,IDLE
2026-08-17T11:23:26.398675,0.0000000,0.0000000,0.59,-0.0995,0.0508,-0.8507,311.0,0.00,0.000,0.000,IDLE
2026-08-17T11:23:27.398330,0.0000000,0.0000000,0.54,-0.0996,0.0517,-0.8506,311.0,0.00,0.000,0.000,IDLE
2026-08-17T11:23:28.398428,0.0000000,0.0000000,0.67,-0.0996,0.0509,-0.8503,311.0,0.00,0.000,0.000,IDLE
2026-08-17T11:23:29.398447,0.0000000,0.0000000,0.26,-0.0996,0.0506,-0.8504,311.0,0.00,0.000,0.000,IDLE
2026-08-17T11:23:30.398359,0.0000000,0.0000000,0.40,-0.0998,0.0504,-0.8513,311.0,0.00,0.000,0.000,IDLE
2026-08-17T11:23:31.398405,0.0000000,0.0000000,0.55,-0.0998,0.0504,-0.8505,311.0,0.00,0.000,0.000,IDLE
2026-08-17T11:23:32.398457,0.0000000,0.0000000,0.56,-0.0999,0.0503,-0.8503,311.0,0.00,0.000,0.000,IDLE
2026-08-17T11:23:33.398334,0.0000000,0.0000000,0.39,-0.0998,0.0503,-0.8491,311.0,0.00,0.000,0.000,IDLE
2026-08-17T11:23:34.398490,0.0000000,0.0000000,0.54,-0.0996,0.0505,-0.8476,311.0,0.00,0.000,0.000,IDLE
2026-08-17T11:23:35.398723,0.0000000,0.0000000,0.44,-0.0998,0.0503,-0.8488,311.0,0.00,0.000,0.000,IDLE
2026-08-17T11:23:36.398347,0.0000000,0.0000000,0.43,-0.0996,0.0502,-0.8473,311.0,0.00,0.000,0.000,IDLE
2026-08-17T11:23:37.400508,0.0000000,0.0000000,0.38,-0.0997,0.0502,-0.8463,311.0,0.00,0.000,0.000,IDLE
2026-08-17T11:23:38.398534,0.0000000,0.0000000,0.44,-0.0998,0.0502,-0.8464,311.0,0.00,0.000,0.000,IDLE
2026-08-17T11:23:39.398441,0.0000000,0.0000000,0.54,-0.0999,0.0500,-0.8466,311.0,0.00,0.000,0.000,IDLE
2026-08-17T11:23:40.398457,0.0000000,0.0000000,0.49,-0.0999,0.0500,-0.8476,311.0,0.00,0.000,0.000,IDLE
2026-08-17T11:23:41.398369,0.0000000,0.0000000,0.53,-0.0999,0.0500,-0.8479,311.0,0.00,0.000,0.000,IDLE
2026-08-17T11:23:42.398366,0.0000000,0.0000000,0.32,-0.1000,0.0499,-0.8486,311.0,0.00,0.000,0.000,IDLE
2026-08-17T11:23:43.398327,0.0000000,0.0000000,0.35,-0.0999,0.0500,-0.8475,311.0,0.00,0.000,0.000,IDLE
2026-08-17T11:23:44.398348,0.0000000,0.0000000,0.38,-0.0999,0.0500,-0.8471,311.0,0.00,0.000,0.000,IDLE
2026-08-17T11:23:45.398373,0.0000000,0.0000000,0.46,-0.0996,0.0502,-0.8434,311.0,0.00,0.000,0.000,IDLE
2026-08-17T11:23:46.398404,0.0000000,0.0000000,0.49,-0.0997,0.0502,-0.8437,311.0,0.00,0.000,0.000,IDLE
2026-08-17T11:23:47.398559,0.0000000,0.0000000,0.39,-0.1000,0.0498,-0.8471,311.0,0.00,0.000,0.000,IDLE
2026-08-17T11:23:48.398338,0.0000000,0.0000000,0.56,-0.1001,0.0495,-0.8475,311.0,0.00,0.000,0.000,IDLE
2026-08-17T11:23:49.398332,0.0000000,0.0000000,0.52,-0.1001,0.0497,-0.8473,311.0,0.00,0.000,0.000,IDLE
2026-08-17T11:23:50.403070,0.0000000,0.0000000,0.52,-0.1002,0.0496,-0.8483,311.0,0.00,0.000,0.000,IDLE
2026-08-17T11:23:51.398533,0.0000000,0.0000000,0.59,-0.1000,0.0498,-0.8471,311.0,0.00,0.000,0.000,IDLE
2026-08-17T11:23:52.398350,0.0000000,0.0000000,0.49,-0.0999,0.0498,-0.8481,311.0,0.00,0.000,0.000,IDLE
2026-08-17T11:23:53.398640,0.0000000,0.0000000,0.54,-0.1001,0.0496,-0.8496,311.0,0.00,0.000,0.000,IDLE
2026-08-17T11:23:54.398558,0.0000000,0.0000000,0.70,-0.1000,0.0498,-0.8478,311.0,0.00,0.000,0.000,IDLE
2026-08-17T11:23:55.398429,0.0000000,0.0000000,0.52,-0.1001,0.0499,-0.8486,311.0,0.00,0.000,0.000,IDLE
2026-08-17T11:23:56.398347,0.0000000,0.0000000,0.75,-0.1000,0.0499,-0.8496,311.0,0.00,0.000,0.000,IDLE
2026-08-17T11:23:57.401525,0.0000000,0.0000000,0.55,-0.1000,0.0499,-0.8506,311.0,0.00,0.000,0.000,IDLE
2026-08-17T11:23:58.401254,0.0000000,0.0000000,0.72,-0.1000,0.0500,-0.8508,311.0,0.00,0.000,0.000,IDLE
2026-08-17T11:23:59.398585,0.0000000,0.0000000,0.60,-0.1002,0.0500,-0.8509,311.0,0.00,0.000,0.000,IDLE
2026-08-17T11:24:00.398405,0.0000000,0.0000000,0.63,-0.1003,0.0500,-0.8510,311.0,0.00,0.000,0.000,IDLE
2026-08-17T11:24:01.398344,0.0000000,0.0000000,0.74,-0.1002,0.0501,-0.8510,311.0,0.00,0.000,0.000,IDLE
2026-08-17T11:24:02.398387,0.0000000,0.0000000,0.57,-0.1002,0.0501,-0.8511,311.0,0.00,0.000,0.000,IDLE
2026-08-17T11:24:03.398573,0.0000000,0.0000000,0.81,-0.1002,0.0502,-0.8520,311.0,0.00,0.000,0.000,IDLE
2026-08-17T11:24:04.410262,0.0000000,0.0000000,0.77,-0.1002,0.0501,-0.8547,311.0,0.00,0.000,0.000,IDLE
2026-08-17T11:24:05.398398,0.0000000,0.0000000,0.85,-0.1002,0.0499,-0.8558,310.0,0.00,0.000,0.000,IDLE
2026-08-17T11:24:06.399727,0.0000000,0.0000000,0.67,-0.1002,0.0498,-0.8573,310.0,0.00,0.000,0.000,IDLE
2026-08-17T11:24:07.399001,0.0000000,0.0000000,0.79,-0.1003,0.0497,-0.8592,310.0,0.00,0.000,0.000,IDLE
2026-08-17T11:24:08.398397,0.0000000,0.0000000,0.59,-0.1004,0.0497,-0.8622,310.0,0.00,0.000,0.000,IDLE
2026-08-17T11:24:09.403430,0.0000000,0.0000000,0.71,-0.1004,0.0497,-0.8622,310.0,0.00,0.000,0.000,IDLE
2026-08-17T11:24:10.398416,0.0000000,0.0000000,0.68,-0.1003,0.0499,-0.8622,310.0,0.00,0.000,0.000,IDLE
2026-08-17T11:24:11.398660,0.0000000,0.0000000,0.92,-0.1004,0.0499,-0.8638,310.0,0.00,0.000,0.000,IDLE
2026-08-17T11:24:12.398381,0.0000000,0.0000000,0.92,-0.1003,0.0500,-0.8628,310.0,0.00,0.000,0.000,IDLE
2026-08-17T11:24:13.398370,0.0000000,0.0000000,0.76,-0.1002,0.0499,-0.8642,310.0,0.00,0.000,0.000,IDLE
2026-08-17T11:24:14.398341,0.0000000,0.0000000,0.56,-0.1003,0.0499,-0.8648,310.0,0.00,0.000,0.000,IDLE
2026-08-17T11:24:15.398495,0.0000000,0.0000000,0.83,-0.1002,0.0500,-0.8645,310.0,0.00,0.000,0.000,IDLE
2026-08-17T11:24:16.398803,0.0000000,0.0000000,0.88,-0.1001,0.0499,-0.8651,310.0,0.00,0.000,0.000,IDLE
2026-08-17T11:24:17.398423,0.0000000,0.0000000,0.62,-0.1000,0.0500,-0.8656,310.0,0.00,0.000,0.000,IDLE
2026-08-17T11:24:18.398350,0.0000000,0.0000000,0.71,-0.1000,0.0500,-0.8671,310.0,0.00,0.000,0.000,IDLE
2026-08-17T11:24:19.398709,0.0000000,0.0000000,0.77,-0.1000,0.0499,-0.8675,310.0,0.00,0.000,0.000,IDLE
2026-08-17T11:24:20.399506,0.0000000,0.0000000,0.82,-0.0998,0.0501,-0.8660,310.0,0.00,0.000,0.000,IDLE
2026-08-17T11:24:21.398383,0.0000000,0.0000000,0.74,-0.0997,0.0501,-0.8651,310.0,0.00,0.000,0.000,IDLE
2026-08-17T11:24:22.398609,0.0000000,0.0000000,0.53,-0.0997,0.0501,-0.8643,310.0,0.00,0.000,0.000,IDLE
2026-08-17T11:24:23.398357,0.0000000,0.0000000,0.60,-0.0998,0.0500,-0.8655,310.0,0.00,0.000,0.000,IDLE
2026-08-17T11:24:24.398384,0.0000000,0.0000000,0.76,-0.0997,0.0503,-0.8640,310.0,0.00,0.000,0.000,IDLE
2026-08-17T11:24:25.398465,0.0000000,0.0000000,0.69,-0.0998,0.0500,-0.8658,310.0,0.00,0.000,0.000,IDLE
2026-08-17T11:24:26.398364,0.0000000,0.0000000,0.50,-0.0997,0.0501,-0.8644,310.0,0.00,0.000,0.000,IDLE
2026-08-17T11:24:27.398379,0.0000000,0.0000000,0.59,-0.0995,0.0503,-0.8621,310.0,0.00,0.000,0.000,IDLE
2026-08-17T11:24:28.398634,0.0000000,0.0000000,0.62,-0.0994,0.0503,-0.8611,310.0,0.00,0.000,0.000,IDLE
2026-08-17T11:24:29.398453,0.0000000,0.0000000,0.63,-0.0994,0.0505,-0.8597,310.0,0.00,0.000,0.000,IDLE
2026-08-17T11:24:30.403237,0.0000000,0.0000000,0.47,-0.0995,0.0505,-0.8599,310.0,0.00,0.000,0.000,IDLE
2026-08-17T11:24:31.398349,0.0000000,0.0000000,0.47,-0.0995,0.0504,-0.8606,310.0,0.00,0.000,0.000,IDLE
2026-08-17T11:24:32.398368,0.0000000,0.0000000,0.50,-0.0996,0.0503,-0.8615,310.0,0.00,0.000,0.000,IDLE
2026-08-17T11:24:33.398345,0.0000000,0.0000000,0.51,-0.0996,0.0505,-0.8606,310.0,0.00,0.000,0.000,IDLE
2026-08-17T11:24:34.398361,0.0000000,0.0000000,0.55,-0.0995,0.0506,-0.8609,310.0,0.00,0.000,0.000,IDLE
2026-08-17T11:24:35.398394,0.0000000,0.0000000,0.60,-0.0996,0.0505,-0.8604,310.0,0.00,0.000,0.000,IDLE
2026-08-17T11:24:36.398823,0.0000000,0.0000000,0.79,-0.0994,0.0507,-0.8582,310.0,0.00,0.000,0.000,IDLE
2026-08-17T11:24:37.398421,0.0000000,0.0000000,0.59,-0.0996,0.0506,-0.8582,310.0,0.00,0.000,0.000,IDLE
2026-08-17T11:24:38.398511,0.0000000,0.0000000,0.66,-0.0995,0.0509,-0.8556,310.0,0.00,0.000,0.000,IDLE
2026-08-17T11:24:39.398364,0.0000000,0.0000000,0.70,-0.0995,0.0509,-0.8549,311.0,0.00,0.000,0.000,IDLE
2026-08-17T11:24:40.398397,0.0000000,0.0000000,0.69,-0.0994,0.0509,-0.8525,311.0,0.00,0.000,0.000,IDLE
2026-08-17T11:24:41.404341,0.0000000,0.0000000,0.52,-0.0995,0.0507,-0.8527,311.0,0.00,0.000,0.000,IDLE
2026-08-17T11:24:42.398560,0.0000000,0.0000000,0.76,-0.0998,0.0504,-0.8560,310.0,0.00,0.000,0.000,IDLE
2026-08-17T11:24:43.398381,0.0000000,0.0000000,0.66,-0.0999,0.0502,-0.8567,310.0,0.00,0.000,0.000,IDLE
2026-08-17T11:24:44.398360,0.0000000,0.0000000,0.53,-0.0999,0.0502,-0.8572,310.0,0.00,0.000,0.000,IDLE
2026-08-17T11:24:45.398362,0.0000000,0.0000000,0.68,-0.0997,0.0505,-0.8530,311.0,0.00,0.000,0.000,IDLE
2026-08-17T11:24:46.398335,0.0000000,0.0000000,0.67,-0.0997,0.0507,-0.8515,311.0,0.00,0.000,0.000,IDLE
2026-08-17T11:24:47.398756,0.0000000,0.0000000,0.64,-0.0997,0.0506,-0.8518,311.0,0.00,0.000,0.000,IDLE
2026-08-17T11:24:48.400309,0.0000000,0.0000000,0.57,-0.0996,0.0505,-0.8506,311.0,0.00,0.000,0.000,IDLE
2026-08-17T11:24:49.398358,0.0000000,0.0000000,0.75,-0.0992,0.0507,-0.8507,311.0,0.00,0.000,0.000,IDLE
2026-08-17T11:24:50.398986,0.0000000,0.0000000,0.63,-0.0993,0.0507,-0.8513,311.0,0.00,0.000,0.000,IDLE
2026-08-17T11:24:51.398341,0.0000000,0.0000000,0.71,-0.0994,0.0508,-0.8521,311.0,0.00,0.000,0.000,IDLE
2026-08-17T11:24:52.402911,0.0000000,0.0000000,0.78,-0.0995,0.0508,-0.8518,311.0,0.00,0.000,0.000,IDLE
2026-08-17T11:24:53.398331,0.0000000,0.0000000,0.66,-0.0997,0.0505,-0.8541,311.0,0.00,0.000,0.000,IDLE
2026-08-17T11:24:54.398322,0.0000000,0.0000000,0.81,-0.0993,0.0507,-0.8509,311.0,0.00,0.000,0.000,IDLE
2026-08-17T11:24:55.398352,0.0000000,0.0000000,0.72,-0.0994,0.0507,-0.8507,311.0,0.00,0.000,0.000,IDLE
2026-08-17T11:24:56.398679,0.0000000,0.0000000,0.80,-0.0997,0.0507,-0.8511,311.0,0.00,0.000,0.000,IDLE
2026-08-17T11:24:57.401151,0.0000000,0.0000000,0.76,-0.0998,0.0506,-0.8535,311.0,0.00,0.000,0.000,IDLE
2026-08-17T11:24:58.399435,0.0000000,0.0000000,0.63,-0.0999,0.0506,-0.8539,311.0,0.00,0.000,0.000,IDLE
2026-08-17T11:24:59.399133,0.0000000,0.0000000,0.69,-0.0999,0.0506,-0.8538,311.0,0.00,0.000,0.000,IDLE
2026-08-17T11:25:00.398617,0.0000000,0.0000000,0.75,-0.1000,0.0505,-0.8547,311.0,0.00,0.000,0.000,IDLE
2026-08-17T11:25:01.399003,0.0000000,0.0000000,0.66,-0.1000,0.0506,-0.8530,311.0,0.00,0.000,0.000,IDLE
2026-08-17T11:25:02.399823,0.0000000,0.0000000,0.78,-0.1000,0.0506,-0.8531,311.0,0.00,0.000,0.000,IDLE
2026-08-17T11:25:03.399185,0.0000000,0.0000000,0.74,-0.0999,0.0506,-0.8531,311.0,0.00,0.000,0.000,IDLE
2026-08-17T11:25:04.398535,0.0000000,0.0000000,0.73,-0.1000,0.0506,-0.8545,311.0,0.00,0.000,0.000,IDLE
2026-08-17T11:25:05.400349,0.0000000,0.0000000,0.73,-0.0999,0.0506,-0.8545,311.0,0.00,0.000,0.000,IDLE
2026-08-17T11:25:06.399072,0.0000000,0.0000000,0.79,-0.1001,0.0505,-0.8554,310.0,0.00,0.000,0.000,IDLE
2026-08-17T11:25:07.400728,0.0000000,0.0000000,0.79,-0.1001,0.0505,-0.8553,311.0,0.00,0.000,0.000,IDLE
2026-08-17T11:25:08.398417,0.0000000,0.0000000,0.71,-0.1001,0.0505,-0.8548,311.0,0.00,0.000,0.000,IDLE
2026-08-17T11:25:09.399425,0.0000000,0.0000000,0.69,-0.1000,0.0503,-0.8549,311.0,0.00,0.000,0.000,IDLE
2026-08-17T11:25:10.398623,0.0000000,0.0000000,0.68,-0.0998,0.0506,-0.8526,311.0,0.00,0.000,0.000,IDLE
2026-08-17T11:25:11.398806,0.0000000,0.0000000,0.73,-0.0999,0.0506,-0.8528,311.0,0.00,0.000,0.000,IDLE
2026-08-17T11:25:12.398443,0.0000000,0.0000000,0.87,-0.1000,0.0505,-0.8529,311.0,0.00,0.000,0.000,IDLE
2026-08-17T11:25:13.399771,0.0000000,0.0000000,0.73,-0.1002,0.0502,-0.8559,310.0,0.00,0.000,0.000,IDLE
2026-08-17T11:25:14.398346,0.0000000,0.0000000,0.64,-0.1003,0.0505,-0.8554,311.0,0.00,0.000,0.000,IDLE
2026-08-17T11:25:15.398793,0.0000000,0.0000000,0.75,-0.1002,0.0506,-0.8528,311.0,0.00,0.000,0.000,IDLE
2026-08-17T11:25:16.398457,0.0000000,0.0000000,0.67,-0.1002,0.0505,-0.8539,311.0,0.00,0.000,0.000,IDLE
2026-08-17T11:25:17.400692,0.0000000,0.0000000,0.93,-0.1001,0.0504,-0.8536,311.0,0.00,0.000,0.000,IDLE
2026-08-17T11:25:18.399565,0.0000000,0.0000000,0.67,-0.1002,0.0504,-0.8533,311.0,0.00,0.000,0.000,IDLE
2026-08-17T11:25:19.398353,0.0000000,0.0000000,0.79,-0.1000,0.0503,-0.8534,311.0,0.00,0.000,0.000,IDLE
2026-08-17T11:25:20.398802,0.0000000,0.0000000,0.89,-0.1002,0.0503,-0.8530,311.0,0.00,0.000,0.000,IDLE
2026-08-17T11:25:21.398387,0.0000000,0.0000000,0.86,-0.1003,0.0502,-0.8547,311.0,0.00,0.000,0.000,IDLE
2026-08-17T11:25:22.398484,0.0000000,0.0000000,0.77,-0.1003,0.0500,-0.8565,310.0,0.00,0.000,0.000,IDLE
2026-08-17T11:25:23.398362,0.0000000,0.0000000,0.83,-0.1002,0.0503,-0.8533,311.0,0.00,0.000,0.000,IDLE
2026-08-17T11:25:24.398345,0.0000000,0.0000000,0.81,-0.1001,0.0503,-0.8542,311.0,0.00,0.000,0.000,IDLE
2026-08-17T11:25:25.399448,0.0000000,0.0000000,0.71,-0.1001,0.0502,-0.8539,311.0,0.00,0.000,0.000,IDLE
2026-08-17T11:25:26.398379,0.0000000,0.0000000,0.56,-0.1002,0.0503,-0.8535,311.0,0.00,0.000,0.000,IDLE
2026-08-17T11:25:27.399480,0.0000000,0.0000000,0.47,-0.1002,0.0501,-0.8554,311.0,0.00,0.000,0.000,IDLE
2026-08-17T11:25:28.398366,0.0000000,0.0000000,0.60,-0.1000,0.0503,-0.8535,311.0,0.00,0.000,0.000,IDLE
2026-08-17T11:25:29.399567,0.0000000,0.0000000,0.46,-0.1000,0.0503,-0.8547,311.0,0.00,0.000,0.000,IDLE
2026-08-17T11:25:30.398349,0.0000000,0.0000000,0.57,-0.0999,0.0503,-0.8532,311.0,0.00,0.000,0.000,IDLE
2026-08-17T11:25:31.398383,0.0000000,0.0000000,0.52,-0.0999,0.0501,-0.8540,311.0,0.00,0.000,0.000,IDLE
2026-08-17T11:25:32.398381,0.0000000,0.0000000,0.49,-0.0999,0.0502,-0.8543,311.0,0.00,0.000,0.000,IDLE
2026-08-17T11:25:33.399382,0.0000000,0.0000000,0.47,-0.0999,0.0501,-0.8556,310.0,0.00,0.000,0.000,IDLE
2026-08-17T11:25:34.399315,0.0000000,0.0000000,0.42,-0.0999,0.0500,-0.8559,310.0,0.00,0.000,0.000,IDLE
2026-08-17T11:25:35.398395,0.0000000,0.0000000,0.55,-0.0997,0.0501,-0.8541,311.0,0.00,0.000,0.000,IDLE
2026-08-17T11:25:36.398337,0.0000000,0.0000000,0.64,-0.0996,0.0501,-0.8537,311.0,0.00,0.000,0.000,IDLE
2026-08-17T11:25:37.399331,0.0000000,0.0000000,0.59,-0.1000,0.0497,-0.8576,310.0,0.00,0.000,0.000,IDLE
2026-08-17T11:25:38.398415,0.0000000,0.0000000,0.47,-0.1001,0.0498,-0.8590,310.0,0.00,0.000,0.000,IDLE
2026-08-17T11:25:39.404935,0.0000000,0.0000000,0.39,-0.1000,0.0499,-0.8590,310.0,0.00,0.000,0.000,IDLE
2026-08-17T11:25:40.398427,0.0000000,0.0000000,0.73,-0.1000,0.0500,-0.8583,310.0,0.00,0.000,0.000,IDLE
2026-08-17T11:25:41.398373,0.0000000,0.0000000,0.65,-0.0999,0.0502,-0.8581,310.0,0.00,0.000,0.000,IDLE
2026-08-17T11:25:42.398424,0.0000000,0.0000000,0.80,-0.1001,0.0500,-0.8601,310.0,0.00,0.000,0.000,IDLE
2026-08-17T11:25:43.399403,0.0000000,0.0000000,0.67,-0.0997,0.0502,-0.8566,310.0,0.00,0.000,0.000,IDLE
2026-08-17T11:25:44.398598,0.0000000,0.0000000,0.77,-0.0997,0.0502,-0.8570,310.0,0.00,0.000,0.000,IDLE
2026-08-17T11:25:45.398349,0.0000000,0.0000000,0.65,-0.0998,0.0500,-0.8590,310.0,0.00,0.000,0.000,IDLE
2026-08-17T11:25:46.398323,0.0000000,0.0000000,0.59,-0.0997,0.0503,-0.8583,310.0,0.00,0.000,0.000,IDLE
2026-08-17T11:25:47.398671,0.0000000,0.0000000,0.68,-0.0997,0.0505,-0.8574,310.0,0.00,0.000,0.000,IDLE
2026-08-17T11:25:48.400405,0.0000000,0.0000000,0.75,-0.0994,0.0507,-0.8544,311.0,0.00,0.000,0.000,IDLE
2026-08-17T11:25:49.398396,0.0000000,0.0000000,0.55,-0.0994,0.0509,-0.8530,311.0,0.00,0.000,0.000,IDLE
2026-08-17T11:25:50.398353,0.0000000,0.0000000,0.57,-0.0996,0.0506,-0.8545,311.0,0.00,0.000,0.000,IDLE
2026-08-17T11:25:51.400596,0.0000000,0.0000000,0.74,-0.0994,0.0508,-0.8523,311.0,0.00,0.000,0.000,IDLE
2026-08-17T11:25:52.400050,0.0000000,0.0000000,0.54,-0.0995,0.0508,-0.8526,311.0,0.00,0.000,0.000,IDLE
2026-08-17T11:25:53.398318,0.0000000,0.0000000,0.59,-0.0995,0.0510,-0.8505,311.0,0.00,0.000,0.000,IDLE
2026-08-17T11:25:54.398518,0.0000000,0.0000000,0.45,-0.0995,0.0509,-0.8494,311.0,0.00,0.000,0.000,IDLE
2026-08-17T11:25:55.398419,0.0000000,0.0000000,0.54,-0.0994,0.0509,-0.8484,311.0,0.00,0.000,0.000,IDLE
2026-08-17T11:25:56.398705,0.0000000,0.0000000,0.69,-0.0996,0.0507,-0.8485,311.0,0.00,0.000,0.000,IDLE
2026-08-17T11:25:57.398426,0.0000000,0.0000000,0.51,-0.0997,0.0507,-0.8471,311.0,0.00,0.000,0.000,IDLE
2026-08-17T11:25:58.398361,0.0000000,0.0000000,0.71,-0.0996,0.0508,-0.8452,311.0,0.00,0.000,0.000,IDLE
2026-08-17T11:25:59.398457,0.0000000,0.0000000,0.64,-0.0996,0.0508,-0.8445,311.0,0.00,0.000,0.000,IDLE
2026-08-17T11:26:00.398381,0.0000000,0.0000000,0.69,-0.0996,0.0507,-0.8435,311.0,0.00,0.000,0.000,IDLE
2026-08-17T11:26:01.398423,0.0000000,0.0000000,0.82,-0.0996,0.0506,-0.8434,311.0,0.00,0.000,0.000,IDLE
2026-08-17T11:26:02.398360,0.0000000,0.0000000,0.82,-0.0998,0.0504,-0.8439,311.0,0.00,0.000,0.000,IDLE
2026-08-17T11:26:03.398705,0.0000000,0.0000000,0.84,-0.1000,0.0501,-0.8458,311.0,0.00,0.000,0.000,IDLE
2026-08-17T11:26:04.398831,0.0000000,0.0000000,0.76,-0.1002,0.0499,-0.8476,311.0,0.00,0.000,0.000,IDLE
2026-08-17T11:26:05.399847,0.0000000,0.0000000,0.72,-0.1002,0.0497,-0.8484,311.0,0.00,0.000,0.000,IDLE
2026-08-17T11:26:06.398394,0.0000000,0.0000000,0.74,-0.1000,0.0499,-0.8471,311.0,0.00,0.000,0.000,IDLE
2026-08-17T11:26:07.399950,0.0000000,0.0000000,0.71,-0.1001,0.0500,-0.8471,311.0,0.00,0.000,0.000,IDLE
2026-08-17T11:26:08.399742,0.0000000,0.0000000,0.68,-0.1003,0.0498,-0.8489,311.0,0.00,0.000,0.000,IDLE
2026-08-17T11:26:09.398409,0.0000000,0.0000000,0.57,-0.1004,0.0496,-0.8524,311.0,0.00,0.000,0.000,IDLE
2026-08-17T11:26:10.398358,0.0000000,0.0000000,0.64,-0.1003,0.0499,-0.8503,311.0,0.00,0.000,0.000,IDLE
2026-08-17T11:26:11.399571,0.0000000,0.0000000,0.75,-0.1005,0.0497,-0.8530,311.0,0.00,0.000,0.000,IDLE
2026-08-17T11:26:12.399322,0.0000000,0.0000000,0.54,-0.1005,0.0496,-0.8539,311.0,0.00,0.000,0.000,IDLE
2026-08-17T11:26:13.399383,0.0000000,0.0000000,0.85,-0.1003,0.0497,-0.8549,311.0,0.00,0.000,0.000,IDLE
2026-08-17T11:26:14.398365,0.0000000,0.0000000,0.88,-0.1002,0.0498,-0.8542,311.0,0.00,0.000,0.000,IDLE
2026-08-17T11:26:15.398350,0.0000000,0.0000000,0.95,-0.1003,0.0498,-0.8551,311.0,0.00,0.000,0.000,IDLE
2026-08-17T11:26:16.399487,0.0000000,0.0000000,0.82,-0.1002,0.0497,-0.8569,310.0,0.00,0.000,0.000,IDLE
2026-08-17T11:26:17.398371,0.0000000,0.0000000,0.82,-0.1002,0.0499,-0.8566,310.0,0.00,0.000,0.000,IDLE
2026-08-17T11:26:18.398599,0.0000000,0.0000000,0.85,-0.1002,0.0497,-0.8581,310.0,0.00,0.000,0.000,IDLE
2026-08-17T11:26:19.399474,0.0000000,0.0000000,1.03,-0.1000,0.0501,-0.8558,310.0,0.00,0.000,0.000,IDLE
2026-08-17T11:26:20.398354,0.0000000,0.0000000,0.84,-0.0999,0.0502,-0.8555,310.0,0.00,0.000,0.000,IDLE
2026-08-17T11:26:21.398381,0.0000000,0.0000000,0.70,-0.0998,0.0502,-0.8554,311.0,0.00,0.000,0.000,IDLE
2026-08-17T11:26:22.403433,0.0000000,0.0000000,0.98,-0.0999,0.0501,-0.8574,310.0,0.00,0.000,0.000,IDLE
2026-08-17T11:26:23.400812,0.0000000,0.0000000,0.92,-0.0998,0.0502,-0.8561,310.0,0.00,0.000,0.000,IDLE
2026-08-17T11:26:24.398364,0.0000000,0.0000000,1.09,-0.0999,0.0501,-0.8573,310.0,0.00,0.000,0.000,IDLE
2026-08-17T11:26:25.398348,0.0000000,0.0000000,0.99,-0.0998,0.0501,-0.8568,310.0,0.00,0.000,0.000,IDLE
2026-08-17T11:26:26.398342,0.0000000,0.0000000,0.90,-0.0998,0.0500,-0.8583,310.0,0.00,0.000,0.000,IDLE
2026-08-17T11:26:27.399597,0.0000000,0.0000000,0.88,-0.0998,0.0500,-0.8574,310.0,0.00,0.000,0.000,IDLE
2026-08-17T11:26:28.403718,0.0000000,0.0000000,0.90,-0.0996,0.0503,-0.8558,310.0,0.00,0.000,0.000,IDLE
2026-08-17T11:26:29.398623,0.0000000,0.0000000,1.02,-0.0997,0.0502,-0.8575,310.0,0.00,0.000,0.000,IDLE
2026-08-17T11:26:30.398662,0.0000000,0.0000000,0.97,-0.0998,0.0501,-0.8584,310.0,0.00,0.000,0.000,IDLE
2026-08-17T11:26:31.400575,0.0000000,0.0000000,0.94,-0.0998,0.0502,-0.8586,310.0,0.00,0.000,0.000,IDLE
2026-08-17T11:26:32.398544,0.0000000,0.0000000,0.97,-0.0997,0.0503,-0.8576,310.0,0.00,0.000,0.000,IDLE
2026-08-17T11:26:33.398404,0.0000000,0.0000000,0.97,-0.0997,0.0505,-0.8570,310.0,0.00,0.000,0.000,IDLE
2026-08-17T11:26:34.398366,0.0000000,0.0000000,0.89,-0.0996,0.0506,-0.8556,310.0,0.00,0.000,0.000,IDLE
2026-08-17T11:26:35.398387,0.0000000,0.0000000,0.89,-0.0996,0.0507,-0.8545,311.0,0.00,0.000,0.000,IDLE
2026-08-17T11:26:36.398408,0.0000000,0.0000000,0.82,-0.0996,0.0507,-0.8543,311.0,0.00,0.000,0.000,IDLE
2026-08-17T11:26:37.398463,0.0000000,0.0000000,0.92,-0.0996,0.0507,-0.8547,311.0,0.00,0.000,0.000,IDLE
2026-08-17T11:26:38.398366,0.0000000,0.0000000,0.80,-0.0995,0.0507,-0.8534,311.0,0.00,0.000,0.000,IDLE
2026-08-17T11:26:39.399111,0.0000000,0.0000000,0.72,-0.0994,0.0506,-0.8528,311.0,0.00,0.000,0.000,IDLE
2026-08-17T11:26:40.398914,0.0000000,0.0000000,0.87,-0.0994,0.0506,-0.8530,311.0,0.00,0.000,0.000,IDLE
2026-08-17T11:26:41.398481,0.0000000,0.0000000,1.09,-0.0994,0.0507,-0.8510,311.0,0.00,0.000,0.000,IDLE
2026-08-17T11:26:42.398537,0.0000000,0.0000000,0.88,-0.0993,0.0506,-0.8524,311.0,0.00,0.000,0.000,IDLE
2026-08-17T11:26:43.398383,0.0000000,0.0000000,0.93,-0.0994,0.0506,-0.8520,311.0,0.00,0.000,0.000,IDLE
2026-08-17T11:26:44.398377,0.0000000,0.0000000,0.82,-0.0995,0.0505,-0.8526,311.0,0.00,0.000,0.000,IDLE
2026-08-17T11:26:45.403337,0.0000000,0.0000000,0.70,-0.0997,0.0506,-0.8537,311.0,0.00,0.000,0.000,IDLE
2026-08-17T11:26:46.398383,0.0000000,0.0000000,0.97,-0.0997,0.0505,-0.8534,311.0,0.00,0.000,0.000,IDLE
2026-08-17T11:26:47.398382,0.0000000,0.0000000,0.93,-0.0997,0.0503,-0.8540,311.0,0.00,0.000,0.000,IDLE
2026-08-17T11:26:48.398456,0.0000000,0.0000000,0.85,-0.0997,0.0504,-0.8535,311.0,0.00,0.000,0.000,IDLE
2026-08-17T11:26:49.399633,0.0000000,0.0000000,1.01,-0.1001,0.0502,-0.8567,310.0,0.00,0.000,0.000,IDLE
2026-08-17T11:26:50.401005,0.0000000,0.0000000,0.99,-0.1001,0.0502,-0.8582,310.0,0.00,0.000,0.000,IDLE
2026-08-17T11:26:51.398786,0.0000000,0.0000000,0.68,-0.1001,0.0504,-0.8568,310.0,0.00,0.000,0.000,IDLE
2026-08-17T11:26:52.398856,0.0000000,0.0000000,0.91,-0.0999,0.0505,-0.8544,311.0,0.00,0.000,0.000,IDLE
2026-08-17T11:26:53.398394,0.0000000,0.0000000,0.95,-0.0998,0.0505,-0.8546,311.0,0.00,0.000,0.000,IDLE
2026-08-17T11:26:54.398364,0.0000000,0.0000000,0.68,-0.0999,0.0504,-0.8558,310.0,0.00,0.000,0.000,IDLE
2026-08-17T11:26:55.399740,0.0000000,0.0000000,0.67,-0.0998,0.0504,-0.8549,311.0,0.00,0.000,0.000,IDLE
2026-08-17T11:26:56.398439,0.0000000,0.0000000,0.77,-0.1000,0.0503,-0.8576,310.0,0.00,0.000,0.000,IDLE
2026-08-17T11:26:57.399359,0.0000000,0.0000000,0.92,-0.0998,0.0504,-0.8558,310.0,0.00,0.000,0.000,IDLE
2026-08-17T11:26:58.398371,0.0000000,0.0000000,0.87,-0.0999,0.0503,-0.8574,310.0,0.00,0.000,0.000,IDLE
2026-08-17T11:26:59.398491,0.0000000,0.0000000,0.74,-0.0997,0.0503,-0.8556,310.0,0.00,0.000,0.000,IDLE
2026-08-17T11:27:00.399513,0.0000000,0.0000000,0.89,-0.0997,0.0503,-0.8557,310.0,0.00,0.000,0.000,IDLE
2026-08-17T11:27:01.398382,0.0000000,0.0000000,1.04,-0.0997,0.0504,-0.8551,311.0,0.00,0.000,0.000,IDLE
2026-08-17T11:27:02.398349,0.0000000,0.0000000,0.95,-0.0996,0.0504,-0.8542,311.0,0.00,0.000,0.000,IDLE
2026-08-17T11:27:03.398368,0.0000000,0.0000000,1.06,-0.0994,0.0505,-0.8507,311.0,0.00,0.000,0.000,IDLE
2026-08-17T11:27:04.398350,0.0000000,0.0000000,0.95,-0.0997,0.0505,-0.8520,311.0,0.00,0.000,0.000,IDLE
2026-08-17T11:27:05.398424,0.0000000,0.0000000,1.03,-0.1000,0.0504,-0.8542,311.0,0.00,0.000,0.000,IDLE
2026-08-17T11:27:06.398340,0.0000000,0.0000000,0.74,-0.1001,0.0503,-0.8558,310.0,0.00,0.000,0.000,IDLE
2026-08-17T11:27:07.399463,0.0000000,0.0000000,0.81,-0.1001,0.0502,-0.8556,310.0,0.00,0.000,0.000,IDLE
2026-08-17T11:27:08.398416,0.0000000,0.0000000,0.89,-0.1000,0.0502,-0.8557,310.0,0.00,0.000,0.000,IDLE
2026-08-17T11:27:09.398399,0.0000000,0.0000000,0.71,-0.1000,0.0501,-0.8554,310.0,0.00,0.000,0.000,IDLE
2026-08-17T11:27:10.398394,0.0000000,0.0000000,0.80,-0.0999,0.0502,-0.8530,311.0,0.00,0.000,0.000,IDLE
2026-08-17T11:27:11.398556,0.0000000,0.0000000,0.92,-0.1000,0.0503,-0.8526,311.0,0.00,0.000,0.000,IDLE
2026-08-17T11:27:12.399564,0.0000000,0.0000000,0.85,-0.0998,0.0504,-0.8520,311.0,0.00,0.000,0.000,IDLE
2026-08-17T11:27:13.398736,0.0000000,0.0000000,0.83,-0.0999,0.0505,-0.8504,311.0,0.00,0.000,0.000,IDLE
2026-08-17T11:27:14.398969,0.0000000,0.0000000,0.84,-0.0999,0.0505,-0.8503,311.0,0.00,0.000,0.000,IDLE
2026-08-17T11:27:15.404826,0.0000000,0.0000000,0.64,-0.1000,0.0505,-0.8523,311.0,0.00,0.000,0.000,IDLE
2026-08-17T11:27:16.400604,0.0000000,0.0000000,0.71,-0.1001,0.0505,-0.8523,311.0,0.00,0.000,0.000,IDLE
2026-08-17T11:27:17.398395,0.0000000,0.0000000,0.88,-0.1002,0.0503,-0.8551,311.0,0.00,0.000,0.000,IDLE
2026-08-17T11:27:18.398364,0.0000000,0.0000000,0.76,-0.1003,0.0504,-0.8552,311.0,0.00,0.000,0.000,IDLE
2026-08-17T11:27:19.399384,0.0000000,0.0000000,0.74,-0.1003,0.0504,-0.8555,310.0,0.00,0.000,0.000,IDLE
2026-08-17T11:27:20.398342,0.0000000,0.0000000,0.64,-0.1002,0.0502,-0.8560,310.0,0.00,0.000,0.000,IDLE
2026-08-17T11:27:21.398334,0.0000000,0.0000000,0.73,-0.1002,0.0503,-0.8560,310.0,0.00,0.000,0.000,IDLE
2026-08-17T11:27:22.398371,0.0000000,0.0000000,0.77,-0.1000,0.0502,-0.8542,311.0,0.00,0.000,0.000,IDLE
2026-08-17T11:27:23.398458,0.0000000,0.0000000,0.86,-0.1000,0.0503,-0.8545,311.0,0.00,0.000,0.000,IDLE
2026-08-17T11:27:24.399502,0.0000000,0.0000000,0.96,-0.1001,0.0500,-0.8576,310.0,0.00,0.000,0.000,IDLE
2026-08-17T11:27:25.398668,0.0000000,0.0000000,0.67,-0.0999,0.0501,-0.8561,310.0,0.00,0.000,0.000,IDLE
2026-08-17T11:27:26.402686,0.0000000,0.0000000,0.81,-0.0999,0.0501,-0.8560,310.0,0.00,0.000,0.000,IDLE
2026-08-17T11:27:27.399544,0.0000000,0.0000000,0.78,-0.0999,0.0500,-0.8561,310.0,0.00,0.000,0.000,IDLE
2026-08-17T11:27:28.398399,0.0000000,0.0000000,0.74,-0.0999,0.0502,-0.8543,311.0,0.00,0.000,0.000,IDLE
2026-08-17T11:27:29.398358,0.0000000,0.0000000,0.72,-0.1001,0.0501,-0.8544,311.0,0.00,0.000,0.000,IDLE
2026-08-17T11:27:30.398323,0.0000000,0.0000000,0.80,-0.1001,0.0502,-0.8549,311.0,0.00,0.000,0.000,IDLE
2026-08-17T11:27:31.398347,0.0000000,0.0000000,0.77,-0.1000,0.0503,-0.8530,311.0,0.00,0.000,0.000,IDLE
2026-08-17T11:27:32.398372,0.0000000,0.0000000,0.55,-0.1000,0.0503,-0.8533,311.0,0.00,0.000,0.000,IDLE
2026-08-17T11:27:33.398460,0.0000000,0.0000000,0.72,-0.1000,0.0502,-0.8535,311.0,0.00,0.000,0.000,IDLE
2026-08-17T11:27:34.399414,0.0000000,0.0000000,0.87,-0.1000,0.0502,-0.8542,311.0,0.00,0.000,0.000,IDLE
2026-08-17T11:27:35.398405,0.0000000,0.0000000,0.73,-0.0998,0.0504,-0.8533,311.0,0.00,0.000,0.000,IDLE
2026-08-17T11:27:36.398412,0.0000000,0.0000000,0.91,-0.0997,0.0506,-0.8522,311.0,0.00,0.000,0.000,IDLE
2026-08-17T11:27:37.398371,0.0000000,0.0000000,0.54,-0.0999,0.0504,-0.8538,311.0,0.00,0.000,0.000,IDLE
2026-08-17T11:27:38.398538,0.0000000,0.0000000,0.74,-0.0999,0.0503,-0.8551,311.0,0.00,0.000,0.000,IDLE
2026-08-17T11:27:39.398431,0.0000000,0.0000000,0.75,-0.1000,0.0502,-0.8556,310.0,0.00,0.000,0.000,IDLE
2026-08-17T11:27:40.398761,0.0000000,0.0000000,0.72,-0.0997,0.0503,-0.8530,311.0,0.00,0.000,0.000,IDLE
2026-08-17T11:27:41.400456,0.0000000,0.0000000,0.73,-0.0998,0.0500,-0.8543,311.0,0.00,0.000,0.000,IDLE
2026-08-17T11:27:42.398442,0.0000000,0.0000000,0.63,-0.0998,0.0500,-0.8534,311.0,0.00,0.000,0.000,IDLE
2026-08-17T11:27:43.398447,0.0000000,0.0000000,0.80,-0.0999,0.0499,-0.8536,311.0,0.00,0.000,0.000,IDLE
2026-08-17T11:27:44.399902,0.0000000,0.0000000,0.65,-0.0998,0.0500,-0.8533,311.0,0.00,0.000,0.000,IDLE
2026-08-17T11:27:45.398464,0.0000000,0.0000000,0.61,-0.0996,0.0500,-0.8523,311.0,0.00,0.000,0.000,IDLE
2026-08-17T11:27:46.398478,0.0000000,0.0000000,0.79,-0.0995,0.0502,-0.8514,311.0,0.00,0.000,0.000,IDLE
2026-08-17T11:27:47.401480,0.0000000,0.0000000,0.91,-0.0994,0.0503,-0.8506,311.0,0.00,0.000,0.000,IDLE
2026-08-17T11:27:48.398337,0.0000000,0.0000000,0.77,-0.0994,0.0502,-0.8504,311.0,0.00,0.000,0.000,IDLE
2026-08-17T11:27:49.398347,0.0000000,0.0000000,0.83,-0.0996,0.0499,-0.8534,311.0,0.00,0.000,0.000,IDLE
2026-08-17T11:27:50.403520,0.0000000,0.0000000,0.90,-0.0997,0.0498,-0.8522,311.0,0.00,0.000,0.000,IDLE
2026-08-17T11:27:51.398375,0.0000000,0.0000000,0.76,-0.0995,0.0499,-0.8492,311.0,0.00,0.000,0.000,IDLE
2026-08-17T11:27:52.398500,0.0000000,0.0000000,0.87,-0.0998,0.0496,-0.8521,311.0,0.00,0.000,0.000,IDLE
2026-08-17T11:27:53.403448,0.0000000,0.0000000,0.78,-0.0997,0.0498,-0.8506,311.0,0.00,0.000,0.000,IDLE
2026-08-17T11:27:54.398418,0.0000000,0.0000000,0.66,-0.0998,0.0496,-0.8523,311.0,0.00,0.000,0.000,IDLE
2026-08-17T11:27:55.398686,0.0000000,0.0000000,0.84,-0.0998,0.0497,-0.8522,311.0,0.00,0.000,0.000,IDLE
2026-08-17T11:27:56.398849,0.0000000,0.0000000,0.73,-0.1000,0.0498,-0.8532,311.0,0.00,0.000,0.000,IDLE
2026-08-17T11:27:57.398548,0.0000000,0.0000000,0.79,-0.1000,0.0499,-0.8515,311.0,0.00,0.000,0.000,IDLE
2026-08-17T11:27:58.398336,0.0000000,0.0000000,0.89,-0.0999,0.0498,-0.8512,311.0,0.00,0.000,0.000,IDLE
2026-08-17T11:27:59.398402,0.0000000,0.0000000,0.66,-0.1002,0.0499,-0.8532,311.0,0.00,0.000,0.000,IDLE
2026-08-17T11:28:00.399486,0.0000000,0.0000000,0.79,-0.1001,0.0497,-0.8531,311.0,0.00,0.000,0.000,IDLE
2026-08-17T11:28:01.398360,0.0000000,0.0000000,0.86,-0.1001,0.0499,-0.8514,311.0,0.00,0.000,0.000,IDLE
2026-08-17T11:28:02.398368,0.0000000,0.0000000,0.72,-0.1001,0.0500,-0.8510,311.0,0.00,0.000,0.000,IDLE
2026-08-17T11:28:03.398620,0.0000000,0.0000000,0.92,-0.1000,0.0502,-0.8507,311.0,0.00,0.000,0.000,IDLE
2026-08-17T11:28:04.398331,0.0000000,0.0000000,0.86,-0.1000,0.0503,-0.8503,311.0,0.00,0.000,0.000,IDLE
2026-08-17T11:28:05.398454,0.0000000,0.0000000,0.63,-0.0997,0.0507,-0.8479,311.0,0.00,0.000,0.000,IDLE
2026-08-17T11:28:06.398622,0.0000000,0.0000000,0.87,-0.0999,0.0508,-0.8474,311.0,0.00,0.000,0.000,IDLE
2026-08-17T11:28:07.398681,0.0000000,0.0000000,0.78,-0.1000,0.0506,-0.8499,311.0,0.00,0.000,0.000,IDLE
2026-08-17T11:28:08.401305,0.0000000,0.0000000,0.85,-0.1000,0.0506,-0.8500,311.0,0.00,0.000,0.000,IDLE
2026-08-17T11:28:09.400250,0.0000000,0.0000000,0.83,-0.1001,0.0505,-0.8505,311.0,0.00,0.000,0.000,IDLE
2026-08-17T11:28:10.398330,0.0000000,0.0000000,0.71,-0.1001,0.0503,-0.8529,311.0,0.00,0.000,0.000,IDLE
2026-08-17T11:28:11.398456,0.0000000,0.0000000,0.71,-0.1004,0.0500,-0.8546,311.0,0.00,0.000,0.000,IDLE
2026-08-17T11:28:12.398334,0.0000000,0.0000000,0.92,-0.1002,0.0501,-0.8538,311.0,0.00,0.000,0.000,IDLE
2026-08-17T11:28:13.398467,0.0000000,0.0000000,0.81,-0.1002,0.0501,-0.8542,311.0,0.00,0.000,0.000,IDLE
2026-08-17T11:28:14.398373,0.0000000,0.0000000,0.71,-0.1001,0.0503,-0.8526,311.0,0.00,0.000,0.000,IDLE
2026-08-17T11:28:15.398572,0.0000000,0.0000000,0.96,-0.1002,0.0502,-0.8547,311.0,0.00,0.000,0.000,IDLE
2026-08-17T11:28:16.399466,0.0000000,0.0000000,0.85,-0.1004,0.0500,-0.8587,310.0,0.00,0.000,0.000,IDLE
2026-08-17T11:28:17.398383,0.0000000,0.0000000,0.83,-0.1003,0.0503,-0.8575,310.0,0.00,0.000,0.000,IDLE
2026-08-17T11:28:18.398416,0.0000000,0.0000000,1.15,-0.1005,0.0499,-0.8603,310.0,0.00,0.000,0.000,IDLE
2026-08-17T11:28:19.398412,0.0000000,0.0000000,0.74,-0.1003,0.0500,-0.8599,310.0,0.00,0.000,0.000,IDLE
2026-08-17T11:28:20.398387,0.0000000,0.0000000,0.86,-0.1001,0.0501,-0.8588,310.0,0.00,0.000,0.000,IDLE
2026-08-17T11:28:21.403239,0.0000000,0.0000000,0.95,-0.1002,0.0500,-0.8593,310.0,0.00,0.000,0.000,IDLE
2026-08-17T11:28:22.398354,0.0000000,0.0000000,0.71,-0.1000,0.0502,-0.8582,310.0,0.00,0.000,0.000,IDLE
2026-08-17T11:28:23.398585,0.0000000,0.0000000,0.72,-0.0998,0.0502,-0.8593,310.0,0.00,0.000,0.000,IDLE
2026-08-17T11:28:24.398464,0.0000000,0.0000000,0.89,-0.0998,0.0501,-0.8607,310.0,0.00,0.000,0.000,IDLE
2026-08-17T11:28:25.398402,0.0000000,0.0000000,0.77,-0.0996,0.0502,-0.8591,310.0,0.00,0.000,0.000,IDLE
2026-08-17T11:28:26.398332,0.0000000,0.0000000,0.83,-0.0995,0.0502,-0.8571,310.0,0.00,0.000,0.000,IDLE
2026-08-17T11:28:27.399204,0.0000000,0.0000000,0.63,-0.0993,0.0504,-0.8541,311.0,0.00,0.000,0.000,IDLE
2026-08-17T11:28:28.398368,0.0000000,0.0000000,0.67,-0.0993,0.0505,-0.8527,311.0,0.00,0.000,0.000,IDLE
2026-08-17T11:28:29.398342,0.0000000,0.0000000,0.52,-0.0994,0.0502,-0.8553,311.0,0.00,0.000,0.000,IDLE
2026-08-17T11:28:30.398401,0.0000000,0.0000000,0.65,-0.0995,0.0503,-0.8563,310.0,0.00,0.000,0.000,IDLE
2026-08-17T11:28:31.398395,0.0000000,0.0000000,0.67,-0.0996,0.0502,-0.8559,310.0,0.00,0.000,0.000,IDLE
2026-08-17T11:28:32.398367,0.0000000,0.0000000,0.69,-0.0996,0.0505,-0.8528,311.0,0.00,0.000,0.000,IDLE
2026-08-17T11:28:33.399108,0.0000000,0.0000000,0.77,-0.0996,0.0503,-0.8532,311.0,0.00,0.000,0.000,IDLE
2026-08-17T11:28:34.398506,0.0000000,0.0000000,0.69,-0.0997,0.0503,-0.8528,311.0,0.00,0.000,0.000,IDLE
2026-08-17T11:28:35.398794,0.0000000,0.0000000,0.89,-0.0999,0.0500,-0.8548,311.0,0.00,0.000,0.000,IDLE
2026-08-17T11:28:36.398449,0.0000000,0.0000000,0.93,-0.0999,0.0501,-0.8558,310.0,0.00,0.000,0.000,IDLE
2026-08-17T11:28:37.398379,0.0000000,0.0000000,0.65,-0.1000,0.0500,-0.8564,310.0,0.00,0.000,0.000,IDLE
2026-08-17T11:28:38.398384,0.0000000,0.0000000,0.65,-0.0999,0.0501,-0.8559,310.0,0.00,0.000,0.000,IDLE
2026-08-17T11:28:39.398394,0.0000000,0.0000000,0.64,-0.1000,0.0498,-0.8581,310.0,0.00,0.000,0.000,IDLE
2026-08-17T11:28:40.399591,0.0000000,0.0000000,0.67,-0.0999,0.0500,-0.8559,310.0,0.00,0.000,0.000,IDLE
2026-08-17T11:28:41.399577,0.0000000,0.0000000,0.70,-0.0999,0.0499,-0.8564,310.0,0.00,0.000,0.000,IDLE
2026-08-17T11:28:42.402995,0.0000000,0.0000000,0.93,-0.0998,0.0501,-0.8547,311.0,0.00,0.000,0.000,IDLE
2026-08-17T11:28:43.398323,0.0000000,0.0000000,0.71,-0.0999,0.0498,-0.8571,310.0,0.00,0.000,0.000,IDLE
2026-08-17T11:28:44.398377,0.0000000,0.0000000,0.78,-0.0999,0.0498,-0.8572,310.0,0.00,0.000,0.000,IDLE
2026-08-17T11:28:45.398355,0.0000000,0.0000000,0.67,-0.0999,0.0497,-0.8577,310.0,0.00,0.000,0.000,IDLE
2026-08-17T11:28:46.398597,0.0000000,0.0000000,0.96,-0.0999,0.0497,-0.8580,310.0,0.00,0.000,0.000,IDLE
2026-08-17T11:28:47.398334,0.0000000,0.0000000,0.71,-0.0999,0.0498,-0.8577,310.0,0.00,0.000,0.000,IDLE
2026-08-17T11:28:48.398979,0.0000000,0.0000000,0.85,-0.0999,0.0499,-0.8571,310.0,0.00,0.000,0.000,IDLE
2026-08-17T11:28:49.398350,0.0000000,0.0000000,0.81,-0.1000,0.0496,-0.8594,310.0,0.00,0.000,0.000,IDLE
2026-08-17T11:28:50.398559,0.0000000,0.0000000,0.73,-0.1001,0.0497,-0.8602,310.0,0.00,0.000,0.000,IDLE
2026-08-17T11:28:51.398548,0.0000000,0.0000000,0.56,-0.1001,0.0496,-0.8614,310.0,0.00,0.000,0.000,IDLE
2026-08-17T11:28:52.398459,0.0000000,0.0000000,0.70,-0.1002,0.0495,-0.8611,310.0,0.00,0.000,0.000,IDLE
2026-08-17T11:28:53.398397,0.0000000,0.0000000,0.85,-0.1001,0.0496,-0.8601,310.0,0.00,0.000,0.000,IDLE
2026-08-17T11:28:54.398339,0.0000000,0.0000000,0.63,-0.1003,0.0495,-0.8631,310.0,0.00,0.000,0.000,IDLE
2026-08-17T11:28:55.398362,0.0000000,0.0000000,0.77,-0.1003,0.0496,-0.8638,310.0,0.00,0.000,0.000,IDLE
2026-08-17T11:28:56.398349,0.0000000,0.0000000,0.52,-0.1004,0.0497,-0.8641,310.0,0.00,0.000,0.000,IDLE
2026-08-17T11:28:57.398363,0.0000000,0.0000000,0.68,-0.1001,0.0501,-0.8618,310.0,0.00,0.000,0.000,IDLE
2026-08-17T11:28:58.398478,0.0000000,0.0000000,0.86,-0.1000,0.0501,-0.8620,310.0,0.00,0.000,0.000,IDLE
2026-08-17T11:28:59.399123,0.0000000,0.0000000,0.79,-0.1000,0.0499,-0.8620,310.0,0.00,0.000,0.000,IDLE
2026-08-17T11:29:00.398477,0.0000000,0.0000000,0.83,-0.0996,0.0496,-0.8599,310.0,0.00,0.000,0.000,IDLE
2026-08-17T11:29:01.398758,0.0000000,0.0000000,1.01,-0.0994,0.0507,-0.8597,310.0,0.00,0.000,0.000,IDLE
2026-08-17T11:29:02.398396,0.0000000,0.0000000,0.79,-0.0992,0.0511,-0.8556,310.0,0.00,0.000,0.000,IDLE
2026-08-17T11:29:03.398353,0.0000000,0.0000000,0.94,-0.0994,0.0509,-0.8574,310.0,0.00,0.000,0.000,IDLE
2026-08-17T11:29:04.398392,0.0000000,0.0000000,0.77,-0.0994,0.0509,-0.8567,310.0,0.00,0.000,0.000,IDLE
2026-08-17T11:29:05.398689,0.0000000,0.0000000,0.94,-0.0993,0.0508,-0.8566,310.0,0.00,0.000,0.000,IDLE
2026-08-17T11:29:06.398482,0.0000000,0.0000000,0.92,-0.0995,0.0507,-0.8560,310.0,0.00,0.000,0.000,IDLE
2026-08-17T11:29:07.398401,0.0000000,0.0000000,1.04,-0.0997,0.0503,-0.8600,310.0,0.00,0.000,0.000,IDLE
2026-08-17T11:29:08.398352,0.0000000,0.0000000,0.92,-0.0996,0.0503,-0.8586,310.0,0.00,0.000,0.000,IDLE
2026-08-17T11:29:09.399218,0.0000000,0.0000000,1.12,-0.0992,0.0508,-0.8588,310.0,0.00,0.000,0.000,IDLE
2026-08-17T11:29:10.398477,0.0000000,0.0000000,1.05,-0.0993,0.0509,-0.8574,310.0,0.00,0.000,0.000,IDLE
2026-08-17T11:29:11.398613,0.0000000,0.0000000,1.07,-0.0993,0.0508,-0.8572,310.0,0.00,0.000,0.000,IDLE
2026-08-17T11:29:12.398504,0.0000000,0.0000000,1.02,-0.0994,0.0507,-0.8581,310.0,0.00,0.000,0.000,IDLE
2026-08-17T11:29:13.398599,0.0000000,0.0000000,0.92,-0.0994,0.0506,-0.8595,310.0,0.00,0.000,0.000,IDLE
2026-08-17T11:29:14.398388,0.0000000,0.0000000,1.02,-0.0996,0.0505,-0.8610,310.0,0.00,0.000,0.000,IDLE
2026-08-17T11:29:15.398316,0.0000000,0.0000000,1.07,-0.0998,0.0503,-0.8626,310.0,0.00,0.000,0.000,IDLE
2026-08-17T11:29:16.398434,0.0000000,0.0000000,0.97,-0.0998,0.0503,-0.8624,310.0,0.00,0.000,0.000,IDLE
2026-08-17T11:29:17.398347,0.0000000,0.0000000,0.88,-0.0999,0.0502,-0.8637,310.0,0.00,0.000,0.000,IDLE
2026-08-17T11:29:18.398865,0.0000000,0.0000000,1.09,-0.0998,0.0502,-0.8632,310.0,0.00,0.000,0.000,IDLE
2026-08-17T11:29:19.398522,0.0000000,0.0000000,1.12,-0.0998,0.0503,-0.8622,310.0,0.00,0.000,0.000,IDLE
2026-08-17T11:29:20.398410,0.0000000,0.0000000,0.91,-0.0998,0.0504,-0.8622,310.0,0.00,0.000,0.000,IDLE
2026-08-17T11:29:21.398478,0.0000000,0.0000000,1.03,-0.0999,0.0504,-0.8614,310.0,0.00,0.000,0.000,IDLE
2026-08-17T11:29:22.399227,0.0000000,0.0000000,1.05,-0.0999,0.0504,-0.8620,310.0,0.00,0.000,0.000,IDLE
2026-08-17T11:29:23.398640,0.0000000,0.0000000,0.92,-0.0999,0.0504,-0.8606,310.0,0.00,0.000,0.000,IDLE
2026-08-17T11:29:24.398635,0.0000000,0.0000000,0.70,-0.0996,0.0507,-0.8570,310.0,0.00,0.000,0.000,IDLE
2026-08-17T11:29:25.398373,0.0000000,0.0000000,0.87,-0.0998,0.0505,-0.8594,310.0,0.00,0.000,0.000,IDLE
2026-08-17T11:29:26.398432,0.0000000,0.0000000,0.91,-0.0996,0.0507,-0.8558,310.0,0.00,0.000,0.000,IDLE
2026-08-17T11:29:27.398368,0.0000000,0.0000000,0.89,-0.0997,0.0506,-0.8561,310.0,0.00,0.000,0.000,IDLE
2026-08-17T11:29:28.398592,0.0000000,0.0000000,0.82,-0.0998,0.0506,-0.8561,310.0,0.00,0.000,0.000,IDLE
2026-08-17T11:29:29.398383,0.0000000,0.0000000,0.86,-0.0999,0.0506,-0.8561,310.0,0.00,0.000,0.000,IDLE
2026-08-17T11:29:30.398463,0.0000000,0.0000000,0.87,-0.1002,0.0503,-0.8584,310.0,0.00,0.000,0.000,IDLE
2026-08-17T11:29:31.398339,0.0000000,0.0000000,0.70,-0.1001,0.0502,-0.8583,310.0,0.00,0.000,0.000,IDLE
2026-08-17T11:29:32.398341,0.0000000,0.0000000,0.92,-0.1002,0.0502,-0.8571,310.0,0.00,0.000,0.000,IDLE
2026-08-17T11:29:33.398471,0.0000000,0.0000000,0.96,-0.1005,0.0500,-0.8599,310.0,0.00,0.000,0.000,IDLE
2026-08-17T11:29:34.398436,0.0000000,0.0000000,0.88,-0.1005,0.0504,-0.8576,310.0,0.00,0.000,0.000,IDLE
2026-08-17T11:29:35.398377,0.0000000,0.0000000,0.97,-0.1006,0.0499,-0.8608,310.0,0.00,0.000,0.000,IDLE
2026-08-17T11:29:36.398607,0.0000000,0.0000000,1.09,-0.1005,0.0498,-0.8605,310.0,0.00,0.000,0.000,IDLE
2026-08-17T11:29:37.398481,0.0000000,0.0000000,0.99,-0.1004,0.0498,-0.8598,310.0,0.00,0.000,0.000,IDLE
2026-08-17T11:29:38.398347,0.0000000,0.0000000,1.02,-0.1005,0.0498,-0.8606,310.0,0.00,0.000,0.000,IDLE
2026-08-17T11:29:39.398334,0.0000000,0.0000000,0.87,-0.1004,0.0499,-0.8594,310.0,0.00,0.000,0.000,IDLE
2026-08-17T11:29:40.398637,0.0000000,0.0000000,0.87,-0.1004,0.0499,-0.8591,310.0,0.00,0.000,0.000,IDLE
2026-08-17T11:29:41.398355,0.0000000,0.0000000,1.08,-0.1005,0.0499,-0.8595,310.0,0.00,0.000,0.000,IDLE
2026-08-17T11:29:42.398574,0.0000000,0.0000000,0.88,-0.1003,0.0501,-0.8584,310.0,0.00,0.000,0.000,IDLE
2026-08-17T11:29:43.398375,0.0000000,0.0000000,0.86,-0.1002,0.0503,-0.8578,310.0,0.00,0.000,0.000,IDLE
2026-08-17T11:29:44.398381,0.0000000,0.0000000,0.93,-0.0998,0.0504,-0.8561,310.0,0.00,0.000,0.000,IDLE
2026-08-17T11:29:45.398414,0.0000000,0.0000000,0.97,-0.0999,0.0504,-0.8569,310.0,0.00,0.000,0.000,IDLE
2026-08-17T11:29:46.398352,0.0000000,0.0000000,0.89,-0.1000,0.0500,-0.8603,310.0,0.00,0.000,0.000,IDLE
2026-08-17T11:29:47.398422,0.0000000,0.0000000,0.85,-0.1000,0.0498,-0.8616,310.0,0.00,0.000,0.000,IDLE
2026-08-17T11:29:48.398460,0.0000000,0.0000000,0.91,-0.1000,0.0499,-0.8618,310.0,0.00,0.000,0.000,IDLE
2026-08-17T11:29:49.398382,0.0000000,0.0000000,0.89,-0.1001,0.0499,-0.8626,310.0,0.00,0.000,0.000,IDLE
2026-08-17T11:29:50.398368,0.0000000,0.0000000,0.77,-0.1000,0.0499,-0.8631,310.0,0.00,0.000,0.000,IDLE
2026-08-17T11:29:51.398430,0.0000000,0.0000000,1.04,-0.1002,0.0497,-0.8658,310.0,0.00,0.000,0.000,IDLE
2026-08-17T11:29:52.398319,0.0000000,0.0000000,0.98,-0.1001,0.0497,-0.8661,310.0,0.00,0.000,0.000,IDLE
2026-08-17T11:29:53.398403,0.0000000,0.0000000,0.75,-0.0999,0.0497,-0.8651,310.0,0.00,0.000,0.000,IDLE
2026-08-17T11:29:54.398383,0.0000000,0.0000000,0.99,-0.1000,0.0496,-0.8666,310.0,0.00,0.000,0.000,IDLE
2026-08-17T11:29:55.398585,0.0000000,0.0000000,0.88,-0.1002,0.0495,-0.8686,310.0,0.00,0.000,0.000,IDLE
2026-08-17T11:29:56.398701,0.0000000,0.0000000,0.91,-0.1003,0.0494,-0.8706,310.0,0.00,0.000,0.000,IDLE
2026-08-17T11:29:57.398482,0.0000000,0.0000000,0.92,-0.1001,0.0496,-0.8695,310.0,0.00,0.000,0.000,IDLE
2026-08-17T11:29:58.398355,0.0000000,0.0000000,1.02,-0.0999,0.0498,-0.8687,310.0,0.00,0.000,0.000,IDLE
2026-08-17T11:29:59.398396,0.0000000,0.0000000,0.94,-0.0997,0.0498,-0.8672,310.0,0.00,0.000,0.000,IDLE
2026-08-17T11:30:00.398447,0.0000000,0.0000000,1.02,-0.0996,0.0501,-0.8656,310.0,0.00,0.000,0.000,IDLE
2026-08-17T11:30:01.398352,0.0000000,0.0000000,1.04,-0.0997,0.0502,-0.8638,310.0,0.00,0.000,0.000,IDLE
2026-08-17T11:30:02.399429,0.0000000,0.0000000,0.81,-0.0996,0.0505,-0.8598,310.0,0.00,0.000,0.000,IDLE
2026-08-17T11:30:03.398381,0.0000000,0.0000000,0.76,-0.0997,0.0503,-0.8598,310.0,0.00,0.000,0.000,IDLE
2026-08-17T11:30:04.398618,0.0000000,0.0000000,0.90,-0.0995,0.0505,-0.8555,310.0,0.00,0.000,0.000,IDLE
2026-08-17T11:30:05.399978,0.0000000,0.0000000,1.19,-0.0997,0.0503,-0.8566,310.0,0.00,0.000,0.000,IDLE
2026-08-17T11:30:06.398325,0.0000000,0.0000000,0.84,-0.0997,0.0502,-0.8573,310.0,0.00,0.000,0.000,IDLE
2026-08-17T11:30:07.398587,0.0000000,0.0000000,1.05,-0.0997,0.0503,-0.8573,310.0,0.00,0.000,0.000,IDLE
2026-08-17T11:30:08.398358,0.0000000,0.0000000,0.99,-0.0998,0.0501,-0.8580,310.0,0.00,0.000,0.000,IDLE
2026-08-17T11:30:09.398465,0.0000000,0.0000000,0.88,-0.0998,0.0500,-0.8579,310.0,0.00,0.000,0.000,IDLE
2026-08-17T11:30:10.398446,0.0000000,0.0000000,0.93,-0.0998,0.0498,-0.8593,310.0,0.00,0.000,0.000,IDLE
2026-08-17T11:30:11.398383,0.0000000,0.0000000,0.99,-0.0998,0.0497,-0.8590,310.0,0.00,0.000,0.000,IDLE
2026-08-17T11:30:12.398371,0.0000000,0.0000000,0.94,-0.0999,0.0496,-0.8586,310.0,0.00,0.000,0.000,IDLE
2026-08-17T11:30:13.398362,0.0000000,0.0000000,1.18,-0.1000,0.0496,-0.8579,310.0,0.00,0.000,0.000,IDLE
2026-08-17T11:30:14.399827,0.0000000,0.0000000,1.02,-0.0999,0.0498,-0.8568,310.0,0.00,0.000,0.000,IDLE
2026-08-17T11:30:15.398476,0.0000000,0.0000000,1.13,-0.1001,0.0495,-0.8575,310.0,0.00,0.000,0.000,IDLE
2026-08-17T11:30:16.398397,0.0000000,0.0000000,0.82,-0.1002,0.0496,-0.8574,310.0,0.00,0.000,0.000,IDLE
2026-08-17T11:30:17.398532,0.0000000,0.0000000,0.96,-0.1001,0.0496,-0.8558,310.0,0.00,0.000,0.000,IDLE
2026-08-17T11:30:18.398428,0.0000000,0.0000000,1.07,-0.1002,0.0497,-0.8557,310.0,0.00,0.000,0.000,IDLE
2026-08-17T11:30:19.398333,0.0000000,0.0000000,1.14,-0.1004,0.0498,-0.8561,310.0,0.00,0.000,0.000,IDLE
2026-08-17T11:30:20.398533,0.0000000,0.0000000,1.17,-0.1004,0.0497,-0.8567,310.0,0.00,0.000,0.000,IDLE
2026-08-17T11:30:21.398734,0.0000000,0.0000000,0.87,-0.1004,0.0498,-0.8564,310.0,0.00,0.000,0.000,IDLE
2026-08-17T11:30:22.398348,0.0000000,0.0000000,0.94,-0.1005,0.0498,-0.8566,310.0,0.00,0.000,0.000,IDLE
2026-08-17T11:30:23.398503,0.0000000,0.0000000,0.94,-0.1005,0.0499,-0.8567,310.0,0.00,0.000,0.000,IDLE
2026-08-17T11:30:24.398423,0.0000000,0.0000000,0.99,-0.1003,0.0499,-0.8547,311.0,0.00,0.000,0.000,IDLE
2026-08-17T11:30:25.398453,0.0000000,0.0000000,1.01,-0.1002,0.0498,-0.8551,311.0,0.00,0.000,0.000,IDLE
2026-08-17T11:30:26.398445,0.0000000,0.0000000,0.94,-0.1001,0.0499,-0.8539,311.0,0.00,0.000,0.000,IDLE
2026-08-17T11:30:27.398342,0.0000000,0.0000000,0.96,-0.1000,0.0498,-0.8527,311.0,0.00,0.000,0.000,IDLE
2026-08-17T11:30:28.398405,0.0000000,0.0000000,1.01,-0.1000,0.0498,-0.8514,311.0,0.00,0.000,0.000,IDLE
2026-08-17T11:30:29.399276,0.0000000,0.0000000,0.97,-0.0999,0.0499,-0.8497,311.0,0.00,0.000,0.000,IDLE
2026-08-17T11:30:30.400457,0.0000000,0.0000000,1.04,-0.1000,0.0498,-0.8518,311.0,0.00,0.000,0.000,IDLE
2026-08-17T11:30:31.398701,0.0000000,0.0000000,1.00,-0.1000,0.0498,-0.8525,311.0,0.00,0.000,0.000,IDLE
2026-08-17T11:30:32.398365,0.0000000,0.0000000,1.10,-0.1000,0.0499,-0.8522,311.0,0.00,0.000,0.000,IDLE
2026-08-17T11:30:33.398427,0.0000000,0.0000000,1.02,-0.1002,0.0497,-0.8538,311.0,0.00,0.000,0.000,IDLE
2026-08-17T11:30:34.398519,0.0000000,0.0000000,0.87,-0.1002,0.0497,-0.8528,311.0,0.00,0.000,0.000,IDLE
2026-08-17T11:30:35.398402,0.0000000,0.0000000,1.18,-0.1001,0.0499,-0.8515,311.0,0.00,0.000,0.000,IDLE
2026-08-17T11:30:36.398347,0.0000000,0.0000000,1.03,-0.1002,0.0497,-0.8538,311.0,0.00,0.000,0.000,IDLE
2026-08-17T11:30:37.398335,0.0000000,0.0000000,1.16,-0.1003,0.0496,-0.8551,311.0,0.00,0.000,0.000,IDLE
2026-08-17T11:30:38.398409,0.0000000,0.0000000,1.00,-0.1002,0.0496,-0.8546,311.0,0.00,0.000,0.000,IDLE
2026-08-17T11:30:39.398714,0.0000000,0.0000000,1.21,-0.1003,0.0495,-0.8556,310.0,0.00,0.000,0.000,IDLE
2026-08-17T11:30:40.399625,0.0000000,0.0000000,1.18,-0.1004,0.0495,-0.8562,310.0,0.00,0.000,0.000,IDLE
2026-08-17T11:30:41.398418,0.0000000,0.0000000,1.17,-0.1002,0.0498,-0.8537,311.0,0.00,0.000,0.000,IDLE
2026-08-17T11:30:42.398327,0.0000000,0.0000000,1.12,-0.1003,0.0496,-0.8547,311.0,0.00,0.000,0.000,IDLE
2026-08-17T11:30:43.398352,0.0000000,0.0000000,1.28,-0.1005,0.0492,-0.8590,310.0,0.00,0.000,0.000,IDLE
2026-08-17T11:30:44.398587,0.0000000,0.0000000,1.22,-0.1004,0.0494,-0.8582,310.0,0.00,0.000,0.000,IDLE
2026-08-17T11:30:45.398335,0.0000000,0.0000000,1.01,-0.1003,0.0495,-0.8572,310.0,0.00,0.000,0.000,IDLE
2026-08-17T11:30:46.398321,0.0000000,0.0000000,1.19,-0.1002,0.0496,-0.8562,310.0,0.00,0.000,0.000,IDLE
2026-08-17T11:30:47.398447,0.0000000,0.0000000,1.01,-0.1000,0.0499,-0.8557,310.0,0.00,0.000,0.000,IDLE
2026-08-17T11:30:48.398334,0.0000000,0.0000000,1.13,-0.0998,0.0500,-0.8556,310.0,0.00,0.000,0.000,IDLE
2026-08-17T11:30:49.398349,0.0000000,0.0000000,1.06,-0.0995,0.0502,-0.8548,311.0,0.00,0.000,0.000,IDLE
2026-08-17T11:30:50.401140,0.0000000,0.0000000,1.22,-0.0995,0.0502,-0.8541,311.0,0.00,0.000,0.000,IDLE
2026-08-17T11:30:51.398460,0.0000000,0.0000000,1.07,-0.0995,0.0502,-0.8539,311.0,0.00,0.000,0.000,IDLE
2026-08-17T11:30:52.398329,0.0000000,0.0000000,1.28,-0.0993,0.0503,-0.8513,311.0,0.00,0.000,0.000,IDLE
2026-08-17T11:30:53.398335,0.0000000,0.0000000,1.35,-0.0996,0.0502,-0.8538,311.0,0.00,0.000,0.000,IDLE
2026-08-17T11:30:54.399399,0.0000000,0.0000000,1.07,-0.0997,0.0501,-0.8553,311.0,0.00,0.000,0.000,IDLE
2026-08-17T11:30:55.398473,0.0000000,0.0000000,1.13,-0.0998,0.0502,-0.8551,311.0,0.00,0.000,0.000,IDLE
2026-08-17T11:30:56.398383,0.0000000,0.0000000,1.23,-0.0999,0.0500,-0.8566,310.0,0.00,0.000,0.000,IDLE
2026-08-17T11:30:57.398419,0.0000000,0.0000000,1.32,-0.0998,0.0503,-0.8540,311.0,0.00,0.000,0.000,IDLE
2026-08-17T11:30:58.398344,0.0000000,0.0000000,1.02,-0.0999,0.0503,-0.8538,311.0,0.00,0.000,0.000,IDLE
2026-08-17T11:30:59.398389,0.0000000,0.0000000,1.29,-0.1001,0.0501,-0.8550,311.0,0.00,0.000,0.000,IDLE
2026-08-17T11:31:00.398495,0.0000000,0.0000000,1.23,-0.1001,0.0501,-0.8559,310.0,0.00,0.000,0.000,IDLE
2026-08-17T11:31:01.398433,0.0000000,0.0000000,1.29,-0.1002,0.0501,-0.8569,310.0,0.00,0.000,0.000,IDLE
2026-08-17T11:31:02.398375,0.0000000,0.0000000,1.32,-0.1001,0.0502,-0.8554,310.0,0.00,0.000,0.000,IDLE
2026-08-17T11:31:03.398367,0.0000000,0.0000000,1.18,-0.1000,0.0502,-0.8540,311.0,0.00,0.000,0.000,IDLE
2026-08-17T11:31:04.398393,0.0000000,0.0000000,1.14,-0.1001,0.0501,-0.8546,311.0,0.00,0.000,0.000,IDLE
2026-08-17T11:31:05.398522,0.0000000,0.0000000,1.19,-0.1001,0.0502,-0.8547,311.0,0.00,0.000,0.000,IDLE
2026-08-17T11:31:06.398330,0.0000000,0.0000000,1.23,-0.1001,0.0503,-0.8532,311.0,0.00,0.000,0.000,IDLE
2026-08-17T11:31:07.398433,0.0000000,0.0000000,1.32,-0.0999,0.0503,-0.8538,311.0,0.00,0.000,0.000,IDLE
2026-08-17T11:31:08.398389,0.0000000,0.0000000,1.14,-0.0999,0.0504,-0.8546,311.0,0.00,0.000,0.000,IDLE
2026-08-17T11:31:09.398400,0.0000000,0.0000000,1.37,-0.1000,0.0503,-0.8556,310.0,0.00,0.000,0.000,IDLE
2026-08-17T11:31:10.398467,0.0000000,0.0000000,1.35,-0.0999,0.0505,-0.8532,311.0,0.00,0.000,0.000,IDLE
2026-08-17T11:31:11.398360,0.0000000,0.0000000,1.27,-0.0997,0.0508,-0.8512,311.0,0.00,0.000,0.000,IDLE
2026-08-17T11:31:12.398354,0.0000000,0.0000000,1.50,-0.0996,0.0510,-0.8508,311.0,0.00,0.000,0.000,IDLE
2026-08-17T11:31:13.398378,0.0000000,0.0000000,1.38,-0.0994,0.0508,-0.8525,311.0,0.00,0.000,0.000,IDLE
2026-08-17T11:31:14.398370,0.0000000,0.0000000,1.37,-0.0994,0.0507,-0.8540,311.0,0.00,0.000,0.000,IDLE
2026-08-17T11:31:15.398412,0.0000000,0.0000000,1.36,-0.0995,0.0506,-0.8544,311.0,0.00,0.000,0.000,IDLE
2026-08-17T11:31:16.398345,0.0000000,0.0000000,1.33,-0.0997,0.0503,-0.8567,310.0,0.00,0.000,0.000,IDLE
2026-08-17T11:31:17.398658,0.0000000,0.0000000,1.54,-0.0994,0.0505,-0.8576,310.0,0.00,0.000,0.000,IDLE
2026-08-17T11:31:18.398679,0.0000000,0.0000000,1.49,-0.0995,0.0505,-0.8567,310.0,0.00,0.000,0.000,IDLE
2026-08-17T11:31:19.398366,0.0000000,0.0000000,1.56,-0.0995,0.0506,-0.8558,310.0,0.00,0.000,0.000,IDLE
2026-08-17T11:31:20.398569,0.0000000,0.0000000,1.48,-0.0997,0.0506,-0.8564,310.0,0.00,0.000,0.000,IDLE
2026-08-17T11:31:21.398351,0.0000000,0.0000000,1.57,-0.0997,0.0509,-0.8538,311.0,0.00,0.000,0.000,IDLE
2026-08-17T11:31:22.398317,0.0000000,0.0000000,1.54,-0.0999,0.0506,-0.8560,310.0,0.00,0.000,0.000,IDLE
2026-08-17T11:31:23.398500,0.0000000,0.0000000,1.50,-0.0998,0.0507,-0.8557,310.0,0.00,0.000,0.000,IDLE
2026-08-17T11:31:24.398364,0.0000000,0.0000000,1.64,-0.0999,0.0505,-0.8564,310.0,0.00,0.000,0.000,IDLE
2026-08-17T11:31:25.398380,0.0000000,0.0000000,1.47,-0.0999,0.0505,-0.8573,310.0,0.00,0.000,0.000,IDLE
2026-08-17T11:31:26.398360,0.0000000,0.0000000,1.65,-0.1000,0.0504,-0.8589,310.0,0.00,0.000,0.000,IDLE
2026-08-17T11:31:27.398451,0.0000000,0.0000000,1.46,-0.1000,0.0504,-0.8579,310.0,0.00,0.000,0.000,IDLE
2026-08-17T11:31:28.398528,0.0000000,0.0000000,1.63,-0.0999,0.0505,-0.8558,310.0,0.00,0.000,0.000,IDLE
2026-08-17T11:31:29.398442,0.0000000,0.0000000,1.72,-0.1000,0.0503,-0.8570,310.0,0.00,0.000,0.000,IDLE
2026-08-17T11:31:30.398641,0.0000000,0.0000000,1.58,-0.0997,0.0505,-0.8549,311.0,0.00,0.000,0.000,IDLE
2026-08-17T11:31:31.398343,0.0000000,0.0000000,1.68,-0.0999,0.0504,-0.8567,310.0,0.00,0.000,0.000,IDLE
2026-08-17T11:31:32.398412,0.0000000,0.0000000,1.49,-0.1001,0.0502,-0.8593,310.0,0.00,0.000,0.000,IDLE
2026-08-17T11:31:33.398656,0.0000000,0.0000000,1.62,-0.0996,0.0506,-0.8541,311.0,0.00,0.000,0.000,IDLE
2026-08-17T11:31:34.398657,0.0000000,0.0000000,1.63,-0.0996,0.0505,-0.8529,311.0,0.00,0.000,0.000,IDLE
2026-08-17T11:31:35.398352,0.0000000,0.0000000,1.51,-0.0997,0.0504,-0.8536,311.0,0.00,0.000,0.000,IDLE
2026-08-17T11:31:36.398449,0.0000000,0.0000000,1.51,-0.0997,0.0502,-0.8536,311.0,0.00,0.000,0.000,IDLE
2026-08-17T11:31:37.398368,0.0000000,0.0000000,1.68,-0.0998,0.0502,-0.8540,311.0,0.00,0.000,0.000,IDLE
2026-08-17T11:31:38.398356,0.0000000,0.0000000,1.60,-0.0999,0.0500,-0.8558,310.0,0.00,0.000,0.000,IDLE
2026-08-17T11:31:39.398350,0.0000000,0.0000000,1.54,-0.1000,0.0499,-0.8564,310.0,0.00,0.000,0.000,IDLE
2026-08-17T11:31:40.398327,0.0000000,0.0000000,1.55,-0.0999,0.0500,-0.8549,311.0,0.00,0.000,0.000,IDLE
2026-08-17T11:31:41.398458,0.0000000,0.0000000,1.57,-0.0999,0.0501,-0.8565,310.0,0.00,0.000,0.000,IDLE
2026-08-17T11:31:42.398391,0.0000000,0.0000000,1.66,-0.0999,0.0500,-0.8569,310.0,0.00,0.000,0.000,IDLE
2026-08-17T11:31:43.398564,0.0000000,0.0000000,1.57,-0.0999,0.0500,-0.8577,310.0,0.00,0.000,0.000,IDLE
2026-08-17T11:31:44.398426,0.0000000,0.0000000,1.64,-0.0998,0.0500,-0.8573,310.0,0.00,0.000,0.000,IDLE
2026-08-17T11:31:45.398396,0.0000000,0.0000000,1.57,-0.0998,0.0501,-0.8569,310.0,0.00,0.000,0.000,IDLE
2026-08-17T11:31:46.398411,0.0000000,0.0000000,1.66,-0.0998,0.0500,-0.8573,310.0,0.00,0.000,0.000,IDLE
2026-08-17T11:31:47.398340,0.0000000,0.0000000,1.65,-0.1000,0.0499,-0.8591,310.0,0.00,0.000,0.000,IDLE
2026-08-17T11:31:48.398385,0.0000000,0.0000000,1.60,-0.0999,0.0500,-0.8577,310.0,0.00,0.000,0.000,IDLE
2026-08-17T11:31:49.398313,0.0000000,0.0000000,1.61,-0.0999,0.0499,-0.8583,310.0,0.00,0.000,0.000,IDLE
2026-08-17T11:31:50.398495,0.0000000,0.0000000,1.53,-0.0999,0.0499,-0.8585,310.0,0.00,0.000,0.000,IDLE
2026-08-17T11:31:51.398427,0.0000000,0.0000000,1.52,-0.0999,0.0499,-0.8590,310.0,0.00,0.000,0.000,IDLE
2026-08-17T11:31:52.398364,0.0000000,0.0000000,1.49,-0.0998,0.0500,-0.8571,310.0,0.00,0.000,0.000,IDLE
2026-08-17T11:31:53.398387,0.0000000,0.0000000,1.55,-0.0999,0.0501,-0.8565,310.0,0.00,0.000,0.000,IDLE
2026-08-17T11:31:54.398480,0.0000000,0.0000000,1.47,-0.1001,0.0498,-0.8588,310.0,0.00,0.000,0.000,IDLE
2026-08-17T11:31:55.398516,0.0000000,0.0000000,1.44,-0.1003,0.0497,-0.8609,310.0,0.00,0.000,0.000,IDLE
2026-08-17T11:31:56.398340,0.0000000,0.0000000,1.54,-0.1001,0.0499,-0.8590,310.0,0.00,0.000,0.000,IDLE
2026-08-17T11:31:57.398356,0.0000000,0.0000000,1.39,-0.0999,0.0500,-0.8564,310.0,0.00,0.000,0.000,IDLE
2026-08-17T11:31:58.398352,0.0000000,0.0000000,1.36,-0.1001,0.0498,-0.8582,310.0,0.00,0.000,0.000,IDLE
2026-08-17T11:31:59.398467,0.0000000,0.0000000,1.38,-0.1003,0.0496,-0.8604,310.0,0.00,0.000,0.000,IDLE
2026-08-17T11:32:00.398652,0.0000000,0.0000000,1.24,-0.1004,0.0495,-0.8615,310.0,0.00,0.000,0.000,IDLE
2026-08-17T11:32:01.398343,0.0000000,0.0000000,1.44,-0.1004,0.0496,-0.8620,310.0,0.00,0.000,0.000,IDLE
2026-08-17T11:32:02.398483,0.0000000,0.0000000,1.57,-0.1004,0.0497,-0.8615,310.0,0.00,0.000,0.000,IDLE
2026-08-17T11:32:03.398869,0.0000000,0.0000000,1.43,-0.1001,0.0499,-0.8584,310.0,0.00,0.000,0.000,IDLE
2026-08-17T11:32:04.398459,0.0000000,0.0000000,1.48,-0.1001,0.0497,-0.8603,310.0,0.00,0.000,0.000,IDLE
2026-08-17T11:32:05.398405,0.0000000,0.0000000,1.16,-0.1001,0.0497,-0.8602,310.0,0.00,0.000,0.000,IDLE
2026-08-17T11:32:06.398332,0.0000000,0.0000000,1.17,-0.1000,0.0500,-0.8602,310.0,0.00,0.000,0.000,IDLE
2026-08-17T11:32:07.398418,0.0000000,0.0000000,1.12,-0.0999,0.0501,-0.8614,310.0,0.00,0.000,0.000,IDLE
2026-08-17T11:32:08.398468,0.0000000,0.0000000,1.33,-0.0999,0.0501,-0.8615,310.0,0.00,0.000,0.000,IDLE
2026-08-17T11:32:09.398688,0.0000000,0.0000000,1.25,-0.1001,0.0501,-0.8628,310.0,0.00,0.000,0.000,IDLE
2026-08-17T11:32:10.398446,0.0000000,0.0000000,1.25,-0.1001,0.0504,-0.8619,310.0,0.00,0.000,0.000,IDLE
2026-08-17T11:32:11.398411,0.0000000,0.0000000,1.21,-0.1001,0.0504,-0.8626,310.0,0.00,0.000,0.000,IDLE
2026-08-17T11:32:12.398376,0.0000000,0.0000000,1.28,-0.1001,0.0505,-0.8620,310.0,0.00,0.000,0.000,IDLE
2026-08-17T11:32:13.398492,0.0000000,0.0000000,1.01,-0.0998,0.0507,-0.8591,310.0,0.00,0.000,0.000,IDLE
2026-08-17T11:32:14.398335,0.0000000,0.0000000,1.06,-0.1000,0.0507,-0.8602,310.0,0.00,0.000,0.000,IDLE
2026-08-17T11:32:15.402134,0.0000000,0.0000000,1.08,-0.1000,0.0507,-0.8595,310.0,0.00,0.000,0.000,IDLE
2026-08-17T11:32:16.398397,0.0000000,0.0000000,0.86,-0.1000,0.0507,-0.8607,310.0,0.00,0.000,0.000,IDLE
2026-08-17T11:32:17.398443,0.0000000,0.0000000,1.05,-0.1002,0.0506,-0.8633,310.0,0.00,0.000,0.000,IDLE
2026-08-17T11:32:18.398379,0.0000000,0.0000000,0.98,-0.1003,0.0506,-0.8649,310.0,0.00,0.000,0.000,IDLE
2026-08-17T11:32:19.399125,0.0000000,0.0000000,1.18,-0.1000,0.0508,-0.8612,310.0,0.00,0.000,0.000,IDLE
2026-08-17T11:32:20.398404,0.0000000,0.0000000,1.24,-0.1000,0.0509,-0.8605,310.0,0.00,0.000,0.000,IDLE
2026-08-17T11:32:21.398610,0.0000000,0.0000000,1.13,-0.1001,0.0508,-0.8598,310.0,0.00,0.000,0.000,IDLE
2026-08-17T11:32:22.398494,0.0000000,0.0000000,1.25,-0.1001,0.0505,-0.8610,310.0,0.00,0.000,0.000,IDLE
2026-08-17T11:32:23.398387,0.0000000,0.0000000,1.23,-0.1001,0.0504,-0.8615,310.0,0.00,0.000,0.000,IDLE
2026-08-17T11:32:24.398593,0.0000000,0.0000000,1.07,-0.0999,0.0506,-0.8589,310.0,0.00,0.000,0.000,IDLE
2026-08-17T11:32:25.398488,0.0000000,0.0000000,1.14,-0.1000,0.0506,-0.8584,310.0,0.00,0.000,0.000,IDLE
2026-08-17T11:32:26.398985,0.0000000,0.0000000,1.12,-0.1001,0.0504,-0.8591,310.0,0.00,0.000,0.000,IDLE
2026-08-17T11:32:27.398390,0.0000000,0.0000000,1.04,-0.1000,0.0505,-0.8582,310.0,0.00,0.000,0.000,IDLE
2026-08-17T11:32:28.398395,0.0000000,0.0000000,0.96,-0.1000,0.0506,-0.8573,310.0,0.00,0.000,0.000,IDLE
2026-08-17T11:32:29.398351,0.0000000,0.0000000,1.07,-0.0999,0.0505,-0.8566,310.0,0.00,0.000,0.000,IDLE
2026-08-17T11:32:30.398334,0.0000000,0.0000000,1.07,-0.1002,0.0502,-0.8581,310.0,0.00,0.000,0.000,IDLE
2026-08-17T11:32:31.398402,0.0000000,0.0000000,1.04,-0.1003,0.0502,-0.8590,310.0,0.00,0.000,0.000,IDLE
2026-08-17T11:32:32.398389,0.0000000,0.0000000,0.97,-0.1004,0.0500,-0.8601,310.0,0.00,0.000,0.000,IDLE
2026-08-17T11:32:33.398475,0.0000000,0.0000000,0.99,-0.1003,0.0499,-0.8588,310.0,0.00,0.000,0.000,IDLE
2026-08-17T11:32:34.398335,0.0000000,0.0000000,1.19,-0.1001,0.0501,-0.8572,310.0,0.00,0.000,0.000,IDLE
2026-08-17T11:32:35.398361,0.0000000,0.0000000,1.13,-0.1001,0.0502,-0.8564,310.0,0.00,0.000,0.000,IDLE
2026-08-17T11:32:36.398387,0.0000000,0.0000000,1.27,-0.1001,0.0502,-0.8574,310.0,0.00,0.000,0.000,IDLE
2026-08-17T11:32:37.398519,0.0000000,0.0000000,1.36,-0.1001,0.0501,-0.8588,310.0,0.00,0.000,0.000,IDLE
2026-08-17T11:32:38.398394,0.0000000,0.0000000,1.32,-0.1001,0.0500,-0.8589,310.0,0.00,0.000,0.000,IDLE
2026-08-17T11:32:39.398439,0.0000000,0.0000000,1.32,-0.0998,0.0503,-0.8566,310.0,0.00,0.000,0.000,IDLE
2026-08-17T11:32:40.398456,0.0000000,0.0000000,1.26,-0.0999,0.0501,-0.8568,310.0,0.00,0.000,0.000,IDLE
2026-08-17T11:32:41.398342,0.0000000,0.0000000,1.49,-0.0997,0.0504,-0.8549,311.0,0.00,0.000,0.000,IDLE
2026-08-17T11:32:42.398362,0.0000000,0.0000000,1.51,-0.0996,0.0505,-0.8529,311.0,0.00,0.000,0.000,IDLE
2026-08-17T11:32:43.398442,0.0000000,0.0000000,1.32,-0.0998,0.0503,-0.8541,311.0,0.00,0.000,0.000,IDLE
2026-08-17T11:32:44.398467,0.0000000,0.0000000,1.20,-0.0997,0.0502,-0.8534,311.0,0.00,0.000,0.000,IDLE
2026-08-17T11:32:45.398478,0.0000000,0.0000000,1.21,-0.0998,0.0502,-0.8534,311.0,0.00,0.000,0.000,IDLE
2026-08-17T11:32:46.398505,0.0000000,0.0000000,1.09,-0.0998,0.0501,-0.8534,311.0,0.00,0.000,0.000,IDLE
2026-08-17T11:32:47.398327,0.0000000,0.0000000,1.27,-0.1000,0.0500,-0.8556,310.0,0.00,0.000,0.000,IDLE
2026-08-17T11:32:48.398359,0.0000000,0.0000000,1.18,-0.1001,0.0499,-0.8568,310.0,0.00,0.000,0.000,IDLE
2026-08-17T11:32:49.398899,0.0000000,0.0000000,1.30,-0.1002,0.0500,-0.8579,310.0,0.00,0.000,0.000,IDLE
2026-08-17T11:32:50.398365,0.0000000,0.0000000,1.10,-0.1000,0.0503,-0.8554,310.0,0.00,0.000,0.000,IDLE
2026-08-17T11:32:51.398355,0.0000000,0.0000000,1.18,-0.0999,0.0503,-0.8547,311.0,0.00,0.000,0.000,IDLE
2026-08-17T11:32:52.398716,0.0000000,0.0000000,1.27,-0.1001,0.0503,-0.8556,310.0,0.00,0.000,0.000,IDLE
2026-08-17T11:32:53.398410,0.0000000,0.0000000,1.15,-0.1001,0.0501,-0.8572,310.0,0.00,0.000,0.000,IDLE
2026-08-17T11:32:54.398433,0.0000000,0.0000000,1.11,-0.1003,0.0498,-0.8604,310.0,0.00,0.000,0.000,IDLE
2026-08-17T11:32:55.398373,0.0000000,0.0000000,1.20,-0.1005,0.0498,-0.8629,310.0,0.00,0.000,0.000,IDLE
2026-08-17T11:32:56.398591,0.0000000,0.0000000,1.15,-0.1004,0.0498,-0.8626,310.0,0.00,0.000,0.000,IDLE
2026-08-17T11:32:57.398356,0.0000000,0.0000000,1.25,-0.1004,0.0499,-0.8625,310.0,0.00,0.000,0.000,IDLE
2026-08-17T11:32:58.398439,0.0000000,0.0000000,1.27,-0.1004,0.0498,-0.8631,310.0,0.00,0.000,0.000,IDLE
2026-08-17T11:32:59.398316,0.0000000,0.0000000,1.27,-0.1003,0.0498,-0.8636,310.0,0.00,0.000,0.000,IDLE
2026-08-17T11:33:00.398353,0.0000000,0.0000000,1.21,-0.1004,0.0499,-0.8642,310.0,0.00,0.000,0.000,IDLE
2026-08-17T11:33:01.398429,0.0000000,0.0000000,0.97,-0.1003,0.0500,-0.8619,310.0,0.00,0.000,0.000,IDLE
2026-08-17T11:33:02.398464,0.0000000,0.0000000,1.28,-0.1000,0.0502,-0.8588,310.0,0.00,0.000,0.000,IDLE
2026-08-17T11:33:03.398342,0.0000000,0.0000000,1.27,-0.0999,0.0502,-0.8574,310.0,0.00,0.000,0.000,IDLE
2026-08-17T11:33:04.398341,0.0000000,0.0000000,1.38,-0.1001,0.0502,-0.8577,310.0,0.00,0.000,0.000,IDLE
2026-08-17T11:33:05.399377,0.0000000,0.0000000,1.19,-0.1001,0.0501,-0.8567,310.0,0.00,0.000,0.000,IDLE
2026-08-17T11:33:06.398385,0.0000000,0.0000000,1.35,-0.1001,0.0503,-0.8539,311.0,0.00,0.000,0.000,IDLE
2026-08-17T11:33:07.398438,0.0000000,0.0000000,1.35,-0.1001,0.0501,-0.8561,310.0,0.00,0.000,0.000,IDLE
2026-08-17T11:33:08.398351,0.0000000,0.0000000,1.31,-0.1000,0.0502,-0.8565,310.0,0.00,0.000,0.000,IDLE
2026-08-17T11:33:09.398450,0.0000000,0.0000000,1.26,-0.0999,0.0503,-0.8558,310.0,0.00,0.000,0.000,IDLE
2026-08-17T11:33:10.398396,0.0000000,0.0000000,1.33,-0.0998,0.0502,-0.8547,311.0,0.00,0.000,0.000,IDLE
2026-08-17T11:33:11.398374,0.0000000,0.0000000,1.35,-0.0999,0.0503,-0.8566,310.0,0.00,0.000,0.000,IDLE
2026-08-17T11:33:12.398374,0.0000000,0.0000000,1.35,-0.0999,0.0505,-0.8538,311.0,0.00,0.000,0.000,IDLE
2026-08-17T11:33:13.398360,0.0000000,0.0000000,1.28,-0.0997,0.0507,-0.8516,311.0,0.00,0.000,0.000,IDLE
2026-08-17T11:33:14.398686,0.0000000,0.0000000,1.36,-0.0995,0.0508,-0.8507,311.0,0.00,0.000,0.000,IDLE
2026-08-17T11:33:15.398336,0.0000000,0.0000000,1.31,-0.0995,0.0508,-0.8499,311.0,0.00,0.000,0.000,IDLE
2026-08-17T11:33:16.398482,0.0000000,0.0000000,1.59,-0.0995,0.0508,-0.8486,311.0,0.00,0.000,0.000,IDLE
2026-08-17T11:33:17.398420,0.0000000,0.0000000,1.25,-0.0995,0.0507,-0.8479,311.0,0.00,0.000,0.000,IDLE
2026-08-17T11:33:18.398354,0.0000000,0.0000000,1.30,-0.0998,0.0506,-0.8490,311.0,0.00,0.000,0.000,IDLE
2026-08-17T11:33:19.399062,0.0000000,0.0000000,1.28,-0.0999,0.0504,-0.8484,311.0,0.00,0.000,0.000,IDLE
2026-08-17T11:33:20.398634,0.0000000,0.0000000,1.20,-0.1001,0.0503,-0.8490,311.0,0.00,0.000,0.000,IDLE
2026-08-17T11:33:21.398622,0.0000000,0.0000000,1.50,-0.1002,0.0500,-0.8517,311.0,0.00,0.000,0.000,IDLE
2026-08-17T11:33:22.398413,0.0000000,0.0000000,1.50,-0.1003,0.0500,-0.8524,311.0,0.00,0.000,0.000,IDLE
2026-08-17T11:33:23.398344,0.0000000,0.0000000,1.28,-0.1002,0.0500,-0.8529,311.0,0.00,0.000,0.000,IDLE
2026-08-17T11:33:24.398350,0.0000000,0.0000000,1.35,-0.1002,0.0499,-0.8534,311.0,0.00,0.000,0.000,IDLE
2026-08-17T11:33:25.398348,0.0000000,0.0000000,1.17,-0.1003,0.0499,-0.8538,311.0,0.00,0.000,0.000,IDLE
2026-08-17T11:33:26.398610,0.0000000,0.0000000,1.47,-0.1003,0.0498,-0.8543,311.0,0.00,0.000,0.000,IDLE
2026-08-17T11:33:27.398374,0.0000000,0.0000000,1.25,-0.1004,0.0498,-0.8548,311.0,0.00,0.000,0.000,IDLE
2026-08-17T11:33:28.398359,0.0000000,0.0000000,1.31,-0.1003,0.0499,-0.8548,311.0,0.00,0.000,0.000,IDLE
2026-08-17T11:33:29.398335,0.0000000,0.0000000,1.36,-0.1004,0.0497,-0.8565,310.0,0.00,0.000,0.000,IDLE
2026-08-17T11:33:30.398317,0.0000000,0.0000000,1.37,-0.1002,0.0499,-0.8568,310.0,0.00,0.000,0.000,IDLE
2026-08-17T11:33:31.398622,0.0000000,0.0000000,1.50,-0.1002,0.0500,-0.8570,310.0,0.00,0.000,0.000,IDLE
2026-08-17T11:33:32.398770,0.0000000,0.0000000,1.53,-0.1002,0.0501,-0.8562,310.0,0.00,0.000,0.000,IDLE
2026-08-17T11:33:33.398377,0.0000000,0.0000000,1.42,-0.1004,0.0500,-0.8590,310.0,0.00,0.000,0.000,IDLE
2026-08-17T11:33:34.398607,0.0000000,0.0000000,1.44,-0.1004,0.0503,-0.8577,310.0,0.00,0.000,0.000,IDLE
2026-08-17T11:33:35.398482,0.0000000,0.0000000,1.41,-0.1000,0.0506,-0.8530,311.0,0.00,0.000,0.000,IDLE
2026-08-17T11:33:36.398350,0.0000000,0.0000000,1.39,-0.1002,0.0504,-0.8550,311.0,0.00,0.000,0.000,IDLE
2026-08-17T11:33:37.398348,0.0000000,0.0000000,1.51,-0.1002,0.0500,-0.8577,310.0,0.00,0.000,0.000,IDLE
2026-08-17T11:33:38.398458,0.0000000,0.0000000,1.48,-0.1001,0.0500,-0.8567,310.0,0.00,0.000,0.000,IDLE
2026-08-17T11:33:39.398409,0.0000000,0.0000000,1.27,-0.0999,0.0503,-0.8535,311.0,0.00,0.000,0.000,IDLE
2026-08-17T11:33:40.398376,0.0000000,0.0000000,1.35,-0.0998,0.0504,-0.8526,311.0,0.00,0.000,0.000,IDLE
2026-08-17T11:33:41.398370,0.0000000,0.0000000,1.31,-0.0998,0.0505,-0.8510,311.0,0.00,0.000,0.000,IDLE
2026-08-17T11:33:42.398546,0.0000000,0.0000000,1.38,-0.1000,0.0502,-0.8538,311.0,0.00,0.000,0.000,IDLE
2026-08-17T11:33:43.398439,0.0000000,0.0000000,1.39,-0.1001,0.0501,-0.8552,311.0,0.00,0.000,0.000,IDLE
2026-08-17T11:33:44.398606,0.0000000,0.0000000,1.31,-0.1000,0.0502,-0.8546,311.0,0.00,0.000,0.000,IDLE
2026-08-17T11:33:45.398356,0.0000000,0.0000000,1.36,-0.0999,0.0503,-0.8540,311.0,0.00,0.000,0.000,IDLE
2026-08-17T11:33:46.398342,0.0000000,0.0000000,1.42,-0.1001,0.0502,-0.8561,310.0,0.00,0.000,0.000,IDLE
2026-08-17T11:33:47.398357,0.0000000,0.0000000,1.29,-0.1001,0.0502,-0.8572,310.0,0.00,0.000,0.000,IDLE
2026-08-17T11:33:48.398446,0.0000000,0.0000000,1.23,-0.1003,0.0499,-0.8590,310.0,0.00,0.000,0.000,IDLE
2026-08-17T11:33:49.398322,0.0000000,0.0000000,1.42,-0.1004,0.0499,-0.8593,310.0,0.00,0.000,0.000,IDLE
2026-08-17T11:33:50.398346,0.0000000,0.0000000,1.29,-0.1002,0.0501,-0.8579,310.0,0.00,0.000,0.000,IDLE
2026-08-17T11:33:51.398663,0.0000000,0.0000000,1.37,-0.1004,0.0498,-0.8617,310.0,0.00,0.000,0.000,IDLE
2026-08-17T11:33:52.398381,0.0000000,0.0000000,1.40,-0.1004,0.0497,-0.8635,310.0,0.00,0.000,0.000,IDLE
2026-08-17T11:33:53.398986,0.0000000,0.0000000,1.39,-0.1003,0.0498,-0.8623,310.0,0.00,0.000,0.000,IDLE
2026-08-17T11:33:54.398604,0.0000000,0.0000000,1.33,-0.1003,0.0498,-0.8632,310.0,0.00,0.000,0.000,IDLE
2026-08-17T11:33:55.398407,0.0000000,0.0000000,1.48,-0.1002,0.0498,-0.8628,310.0,0.00,0.000,0.000,IDLE
2026-08-17T11:33:56.398454,0.0000000,0.0000000,1.59,-0.1000,0.0498,-0.8619,310.0,0.00,0.000,0.000,IDLE
2026-08-17T11:33:57.398336,0.0000000,0.0000000,1.57,-0.0999,0.0502,-0.8587,310.0,0.00,0.000,0.000,IDLE
2026-08-17T11:33:58.398384,0.0000000,0.0000000,1.44,-0.1000,0.0501,-0.8610,310.0,0.00,0.000,0.000,IDLE
2026-08-17T11:33:59.398387,0.0000000,0.0000000,1.43,-0.1000,0.0503,-0.8611,310.0,0.00,0.000,0.000,IDLE
2026-08-17T11:34:00.398355,0.0000000,0.0000000,1.60,-0.1000,0.0503,-0.8613,310.0,0.00,0.000,0.000,IDLE
2026-08-17T11:34:01.398670,0.0000000,0.0000000,1.46,-0.1001,0.0503,-0.8622,310.0,0.00,0.000,0.000,IDLE
2026-08-17T11:34:02.398381,0.0000000,0.0000000,1.57,-0.1001,0.0505,-0.8621,310.0,0.00,0.000,0.000,IDLE
2026-08-17T11:34:03.398488,0.0000000,0.0000000,1.37,-0.1001,0.0505,-0.8629,310.0,0.00,0.000,0.000,IDLE
2026-08-17T11:34:04.398569,0.0000000,0.0000000,1.38,-0.1000,0.0506,-0.8620,310.0,0.00,0.000,0.000,IDLE
2026-08-17T11:34:05.398634,0.0000000,0.0000000,1.57,-0.1000,0.0506,-0.8616,310.0,0.00,0.000,0.000,IDLE
2026-08-17T11:34:06.398645,0.0000000,0.0000000,1.41,-0.0998,0.0505,-0.8621,310.0,0.00,0.000,0.000,IDLE
2026-08-17T11:34:07.398543,0.0000000,0.0000000,1.39,-0.0997,0.0505,-0.8614,310.0,0.00,0.000,0.000,IDLE
2026-08-17T11:34:08.398847,0.0000000,0.0000000,1.32,-0.0999,0.0504,-0.8613,310.0,0.00,0.000,0.000,IDLE
2026-08-17T11:34:09.398408,0.0000000,0.0000000,1.63,-0.0999,0.0506,-0.8612,310.0,0.00,0.000,0.000,IDLE
2026-08-17T11:34:10.398331,0.0000000,0.0000000,1.45,-0.1000,0.0506,-0.8612,310.0,0.00,0.000,0.000,IDLE
2026-08-17T11:34:11.398724,0.0000000,0.0000000,1.48,-0.1000,0.0506,-0.8613,310.0,0.00,0.000,0.000,IDLE
2026-08-17T11:34:12.398860,0.0000000,0.0000000,1.25,-0.1000,0.0506,-0.8609,310.0,0.00,0.000,0.000,IDLE
2026-08-17T11:34:13.398334,0.0000000,0.0000000,1.24,-0.1000,0.0505,-0.8606,310.0,0.00,0.000,0.000,IDLE
2026-08-17T11:34:14.398613,0.0000000,0.0000000,1.36,-0.1002,0.0503,-0.8619,310.0,0.00,0.000,0.000,IDLE
2026-08-17T11:34:15.398713,0.0000000,0.0000000,1.30,-0.1003,0.0503,-0.8623,310.0,0.00,0.000,0.000,IDLE
2026-08-17T11:34:16.401006,0.0000000,0.0000000,1.26,-0.1002,0.0502,-0.8615,310.0,0.00,0.000,0.000,IDLE
2026-08-17T11:34:17.398367,0.0000000,0.0000000,1.47,-0.1004,0.0499,-0.8643,310.0,0.00,0.000,0.000,IDLE
2026-08-17T11:34:18.398910,0.0000000,0.0000000,1.38,-0.1004,0.0501,-0.8639,310.0,0.00,0.000,0.000,IDLE
2026-08-17T11:34:19.398399,0.0000000,0.0000000,1.39,-0.1003,0.0502,-0.8622,310.0,0.00,0.000,0.000,IDLE
2026-08-17T11:34:20.398466,0.0000000,0.0000000,1.29,-0.1005,0.0499,-0.8652,310.0,0.00,0.000,0.000,IDLE
2026-08-17T11:34:21.398440,0.0000000,0.0000000,1.33,-0.1004,0.0500,-0.8638,310.0,0.00,0.000,0.000,IDLE
2026-08-17T11:34:22.398790,0.0000000,0.0000000,1.46,-0.1005,0.0500,-0.8634,310.0,0.00,0.000,0.000,IDLE
2026-08-17T11:34:23.398364,0.0000000,0.0000000,1.35,-0.1005,0.0501,-0.8649,310.0,0.00,0.000,0.000,IDLE
2026-08-17T11:34:24.399153,0.0000000,0.0000000,1.34,-0.1002,0.0504,-0.8621,310.0,0.00,0.000,0.000,IDLE
2026-08-17T11:34:25.398324,0.0000000,0.0000000,1.27,-0.1002,0.0505,-0.8618,310.0,0.00,0.000,0.000,IDLE
2026-08-17T11:34:26.398360,0.0000000,0.0000000,1.50,-0.1004,0.0504,-0.8629,310.0,0.00,0.000,0.000,IDLE
2026-08-17T11:34:27.398346,0.0000000,0.0000000,1.40,-0.1003,0.0503,-0.8643,310.0,0.00,0.000,0.000,IDLE
2026-08-17T11:34:28.398430,0.0000000,0.0000000,1.34,-0.1001,0.0504,-0.8637,310.0,0.00,0.000,0.000,IDLE
2026-08-17T11:34:29.398596,0.0000000,0.0000000,1.47,-0.1003,0.0503,-0.8657,310.0,0.00,0.000,0.000,IDLE
2026-08-17T11:34:30.398695,0.0000000,0.0000000,1.48,-0.1002,0.0503,-0.8662,310.0,0.00,0.000,0.000,IDLE
2026-08-17T11:34:31.398394,0.0000000,0.0000000,1.38,-0.1001,0.0503,-0.8650,310.0,0.00,0.000,0.000,IDLE
2026-08-17T11:34:32.398346,0.0000000,0.0000000,1.49,-0.0999,0.0505,-0.8631,310.0,0.00,0.000,0.000,IDLE
2026-08-17T11:34:33.398610,0.0000000,0.0000000,1.54,-0.0999,0.0506,-0.8622,310.0,0.00,0.000,0.000,IDLE
2026-08-17T11:34:34.398602,0.0000000,0.0000000,1.30,-0.1000,0.0507,-0.8623,310.0,0.00,0.000,0.000,IDLE
2026-08-17T11:34:35.398379,0.0000000,0.0000000,1.58,-0.0999,0.0510,-0.8598,310.0,0.00,0.000,0.000,IDLE
2026-08-17T11:34:36.398375,0.0000000,0.0000000,1.26,-0.0998,0.0510,-0.8580,310.0,0.00,0.000,0.000,IDLE
2026-08-17T11:34:37.398661,0.0000000,0.0000000,1.46,-0.0997,0.0509,-0.8561,310.0,0.00,0.000,0.000,IDLE
2026-08-17T11:34:38.398927,0.0000000,0.0000000,1.60,-0.0999,0.0504,-0.8603,310.0,0.00,0.000,0.000,IDLE
2026-08-17T11:34:39.398380,0.0000000,0.0000000,1.47,-0.0999,0.0506,-0.8593,310.0,0.00,0.000,0.000,IDLE
2026-08-17T11:34:40.398440,0.0000000,0.0000000,1.35,-0.1001,0.0504,-0.8607,310.0,0.00,0.000,0.000,IDLE
2026-08-17T11:34:41.402906,0.0000000,0.0000000,1.57,-0.1001,0.0505,-0.8589,310.0,0.00,0.000,0.000,IDLE
2026-08-17T11:34:42.398329,0.0000000,0.0000000,1.41,-0.1001,0.0504,-0.8590,310.0,0.00,0.000,0.000,IDLE
2026-08-17T11:34:43.398442,0.0000000,0.0000000,1.42,-0.1003,0.0501,-0.8626,310.0,0.00,0.000,0.000,IDLE
2026-08-17T11:34:44.398386,0.0000000,0.0000000,1.47,-0.1002,0.0501,-0.8632,310.0,0.00,0.000,0.000,IDLE
2026-08-17T11:34:45.398379,0.0000000,0.0000000,1.42,-0.1001,0.0499,-0.8640,310.0,0.00,0.000,0.000,IDLE
2026-08-17T11:34:46.398349,0.0000000,0.0000000,1.56,-0.0998,0.0502,-0.8610,310.0,0.00,0.000,0.000,IDLE
2026-08-17T11:34:47.398398,0.0000000,0.0000000,1.37,-0.0999,0.0501,-0.8608,310.0,0.00,0.000,0.000,IDLE
2026-08-17T11:34:48.398402,0.0000000,0.0000000,1.59,-0.1000,0.0500,-0.8601,310.0,0.00,0.000,0.000,IDLE
2026-08-17T11:34:49.398736,0.0000000,0.0000000,1.57,-0.1002,0.0499,-0.8614,310.0,0.00,0.000,0.000,IDLE
2026-08-17T11:34:50.398432,0.0000000,0.0000000,1.47,-0.1000,0.0500,-0.8597,310.0,0.00,0.000,0.000,IDLE
2026-08-17T11:34:51.398389,0.0000000,0.0000000,1.47,-0.1000,0.0503,-0.8590,310.0,0.00,0.000,0.000,IDLE
2026-08-17T11:34:52.398657,0.0000000,0.0000000,1.50,-0.0999,0.0502,-0.8588,310.0,0.00,0.000,0.000,IDLE
2026-08-17T11:34:53.398459,0.0000000,0.0000000,1.51,-0.0999,0.0505,-0.8566,310.0,0.00,0.000,0.000,IDLE
2026-08-17T11:34:54.398660,0.0000000,0.0000000,1.27,-0.1001,0.0501,-0.8591,310.0,0.00,0.000,0.000,IDLE
2026-08-17T11:34:55.398454,0.0000000,0.0000000,1.33,-0.1003,0.0500,-0.8610,310.0,0.00,0.000,0.000,IDLE
2026-08-17T11:34:56.398464,0.0000000,0.0000000,1.47,-0.1004,0.0498,-0.8641,310.0,0.00,0.000,0.000,IDLE
2026-08-17T11:34:57.398342,0.0000000,0.0000000,1.35,-0.1003,0.0500,-0.8649,310.0,0.00,0.000,0.000,IDLE
2026-08-17T11:34:58.398348,0.0000000,0.0000000,1.38,-0.1001,0.0502,-0.8622,310.0,0.00,0.000,0.000,IDLE
2026-08-17T11:34:59.398402,0.0000000,0.0000000,1.32,-0.1002,0.0502,-0.8627,310.0,0.00,0.000,0.000,IDLE
2026-08-17T11:35:00.398369,0.0000000,0.0000000,1.43,-0.0999,0.0503,-0.8609,310.0,0.00,0.000,0.000,IDLE
2026-08-17T11:35:01.398578,0.0000000,0.0000000,1.51,-0.1001,0.0502,-0.8624,310.0,0.00,0.000,0.000,IDLE
2026-08-17T11:35:02.398508,0.0000000,0.0000000,1.29,-0.1000,0.0501,-0.8616,310.0,0.00,0.000,0.000,IDLE
2026-08-17T11:35:03.399129,0.0000000,0.0000000,1.32,-0.0998,0.0503,-0.8597,310.0,0.00,0.000,0.000,IDLE
2026-08-17T11:35:04.398337,0.0000000,0.0000000,1.34,-0.0997,0.0503,-0.8582,310.0,0.00,0.000,0.000,IDLE
2026-08-17T11:35:05.398362,0.0000000,0.0000000,1.25,-0.0996,0.0504,-0.8575,310.0,0.00,0.000,0.000,IDLE
2026-08-17T11:35:06.398527,0.0000000,0.0000000,1.45,-0.0996,0.0505,-0.8552,311.0,0.00,0.000,0.000,IDLE
2026-08-17T11:35:07.398337,0.0000000,0.0000000,1.51,-0.0996,0.0506,-0.8530,311.0,0.00,0.000,0.000,IDLE
2026-08-17T11:35:08.398661,0.0000000,0.0000000,1.62,-0.0999,0.0503,-0.8556,310.0,0.00,0.000,0.000,IDLE
2026-08-17T11:35:09.398455,0.0000000,0.0000000,1.63,-0.0999,0.0502,-0.8581,310.0,0.00,0.000,0.000,IDLE
2026-08-17T11:35:10.398456,0.0000000,0.0000000,1.41,-0.0997,0.0505,-0.8561,310.0,0.00,0.000,0.000,IDLE
2026-08-17T11:35:11.398335,0.0000000,0.0000000,1.36,-0.0999,0.0502,-0.8585,310.0,0.00,0.000,0.000,IDLE
2026-08-17T11:35:12.398352,0.0000000,0.0000000,1.66,-0.0997,0.0504,-0.8548,311.0,0.00,0.000,0.000,IDLE
2026-08-17T11:35:13.398341,0.0000000,0.0000000,1.45,-0.0997,0.0505,-0.8531,311.0,0.00,0.000,0.000,IDLE
2026-08-17T11:35:14.398355,0.0000000,0.0000000,1.60,-0.0997,0.0505,-0.8525,311.0,0.00,0.000,0.000,IDLE
2026-08-17T11:35:15.399718,0.0000000,0.0000000,1.46,-0.0999,0.0503,-0.8527,311.0,0.00,0.000,0.000,IDLE
2026-08-17T11:35:16.398648,0.0000000,0.0000000,1.61,-0.1000,0.0502,-0.8545,311.0,0.00,0.000,0.000,IDLE
2026-08-17T11:35:17.398363,0.0000000,0.0000000,1.38,-0.1000,0.0503,-0.8535,311.0,0.00,0.000,0.000,IDLE
2026-08-17T11:35:18.398455,0.0000000,0.0000000,1.42,-0.1000,0.0502,-0.8534,311.0,0.00,0.000,0.000,IDLE
2026-08-17T11:35:19.398478,0.0000000,0.0000000,1.38,-0.1001,0.0500,-0.8543,311.0,0.00,0.000,0.000,IDLE
2026-08-17T11:35:20.398366,0.0000000,0.0000000,1.14,-0.1001,0.0500,-0.8542,311.0,0.00,0.000,0.000,IDLE
2026-08-17T11:35:21.398382,0.0000000,0.0000000,1.22,-0.1002,0.0500,-0.8563,310.0,0.00,0.000,0.000,IDLE
2026-08-17T11:35:22.399655,0.0000000,0.0000000,1.22,-0.1003,0.0499,-0.8583,310.0,0.00,0.000,0.000,IDLE
2026-08-17T11:35:23.398565,0.0000000,0.0000000,1.18,-0.1004,0.0498,-0.8600,310.0,0.00,0.000,0.000,IDLE
2026-08-17T11:35:24.398460,0.0000000,0.0000000,1.22,-0.1003,0.0499,-0.8591,310.0,0.00,0.000,0.000,IDLE
2026-08-17T11:35:25.398571,0.0000000,0.0000000,1.35,-0.1003,0.0498,-0.8595,310.0,0.00,0.000,0.000,IDLE
2026-08-17T11:35:26.398377,0.0000000,0.0000000,1.33,-0.1001,0.0500,-0.8573,310.0,0.00,0.000,0.000,IDLE
2026-08-17T11:35:27.398329,0.0000000,0.0000000,1.27,-0.1003,0.0500,-0.8597,310.0,0.00,0.000,0.000,IDLE
2026-08-17T11:35:28.398445,0.0000000,0.0000000,1.45,-0.1002,0.0501,-0.8577,310.0,0.00,0.000,0.000,IDLE
2026-08-17T11:35:29.398340,0.0000000,0.0000000,1.35,-0.1001,0.0501,-0.8564,310.0,0.00,0.000,0.000,IDLE
2026-08-17T11:35:30.399392,0.0000000,0.0000000,1.37,-0.0998,0.0503,-0.8547,311.0,0.00,0.000,0.000,IDLE
2026-08-17T11:35:31.398360,0.0000000,0.0000000,1.52,-0.0998,0.0503,-0.8550,311.0,0.00,0.000,0.000,IDLE
2026-08-17T11:35:32.398367,0.0000000,0.0000000,1.48,-0.1000,0.0503,-0.8556,310.0,0.00,0.000,0.000,IDLE
2026-08-17T11:35:33.398321,0.0000000,0.0000000,1.42,-0.1000,0.0503,-0.8557,310.0,0.00,0.000,0.000,IDLE
2026-08-17T11:35:34.398328,0.0000000,0.0000000,1.61,-0.1003,0.0501,-0.8576,310.0,0.00,0.000,0.000,IDLE
2026-08-17T11:35:35.398321,0.0000000,0.0000000,1.61,-0.1003,0.0500,-0.8596,310.0,0.00,0.000,0.000,IDLE
2026-08-17T11:35:36.398463,0.0000000,0.0000000,1.54,-0.1002,0.0501,-0.8600,310.0,0.00,0.000,0.000,IDLE
2026-08-17T11:35:37.398618,0.0000000,0.0000000,1.65,-0.1002,0.0500,-0.8596,310.0,0.00,0.000,0.000,IDLE
2026-08-17T11:35:38.398454,0.0000000,0.0000000,1.46,-0.1001,0.0501,-0.8599,310.0,0.00,0.000,0.000,IDLE
2026-08-17T11:35:39.398984,0.0000000,0.0000000,1.54,-0.1000,0.0503,-0.8587,310.0,0.00,0.000,0.000,IDLE
2026-08-17T11:35:40.398374,0.0000000,0.0000000,1.54,-0.1001,0.0502,-0.8599,310.0,0.00,0.000,0.000,IDLE
2026-08-17T11:35:41.398388,0.0000000,0.0000000,1.53,-0.1001,0.0503,-0.8609,310.0,0.00,0.000,0.000,IDLE
2026-08-17T11:35:42.398357,0.0000000,0.0000000,1.62,-0.1001,0.0503,-0.8625,310.0,0.00,0.000,0.000,IDLE
2026-08-17T11:35:43.398364,0.0000000,0.0000000,1.60,-0.0998,0.0506,-0.8608,310.0,0.00,0.000,0.000,IDLE
2026-08-17T11:35:44.398775,0.0000000,0.0000000,1.57,-0.0999,0.0505,-0.8614,310.0,0.00,0.000,0.000,IDLE
2026-08-17T11:35:45.398450,0.0000000,0.0000000,1.53,-0.0999,0.0505,-0.8603,310.0,0.00,0.000,0.000,IDLE
2026-08-17T11:35:46.398472,0.0000000,0.0000000,1.68,-0.0998,0.0505,-0.8593,310.0,0.00,0.000,0.000,IDLE
2026-08-17T11:35:47.398356,0.0000000,0.0000000,1.59,-0.0999,0.0505,-0.8598,310.0,0.00,0.000,0.000,IDLE
2026-08-17T11:35:48.398732,0.0000000,0.0000000,1.58,-0.0999,0.0504,-0.8603,310.0,0.00,0.000,0.000,IDLE
2026-08-17T11:35:49.399378,0.0000000,0.0000000,1.59,-0.1000,0.0503,-0.8610,310.0,0.00,0.000,0.000,IDLE
2026-08-17T11:35:50.398415,0.0000000,0.0000000,1.66,-0.0999,0.0501,-0.8622,310.0,0.00,0.000,0.000,IDLE
2026-08-17T11:35:51.398412,0.0000000,0.0000000,1.72,-0.1001,0.0499,-0.8658,310.0,0.00,0.000,0.000,IDLE
2026-08-17T11:35:52.398344,0.0000000,0.0000000,1.77,-0.0999,0.0498,-0.8655,310.0,0.00,0.000,0.000,IDLE
2026-08-17T11:35:53.398377,0.0000000,0.0000000,1.64,-0.0997,0.0502,-0.8632,310.0,0.00,0.000,0.000,IDLE
2026-08-17T11:35:54.398447,0.0000000,0.0000000,1.50,-0.0996,0.0504,-0.8597,310.0,0.00,0.000,0.000,IDLE
2026-08-17T11:35:55.398394,0.0000000,0.0000000,1.43,-0.0996,0.0504,-0.8582,310.0,0.00,0.000,0.000,IDLE
2026-08-17T11:35:56.398346,0.0000000,0.0000000,1.47,-0.0999,0.0502,-0.8601,310.0,0.00,0.000,0.000,IDLE
2026-08-17T11:35:57.398354,0.0000000,0.0000000,1.43,-0.0998,0.0504,-0.8586,310.0,0.00,0.000,0.000,IDLE
2026-08-17T11:35:58.399533,0.0000000,0.0000000,1.55,-0.1000,0.0502,-0.8609,310.0,0.00,0.000,0.000,IDLE
2026-08-17T11:35:59.398729,0.0000000,0.0000000,1.43,-0.1000,0.0503,-0.8596,310.0,0.00,0.000,0.000,IDLE
2026-08-17T11:36:00.398356,0.0000000,0.0000000,1.53,-0.1000,0.0503,-0.8594,310.0,0.00,0.000,0.000,IDLE
2026-08-17T11:36:01.398474,0.0000000,0.0000000,1.62,-0.1002,0.0501,-0.8615,310.0,0.00,0.000,0.000,IDLE
2026-08-17T11:36:02.398551,0.0000000,0.0000000,1.66,-0.1002,0.0500,-0.8619,310.0,0.00,0.000,0.000,IDLE
2026-08-17T11:36:03.398367,0.0000000,0.0000000,1.49,-0.1001,0.0501,-0.8601,310.0,0.00,0.000,0.000,IDLE
2026-08-17T11:36:04.398466,0.0000000,0.0000000,1.35,-0.1002,0.0500,-0.8626,310.0,0.00,0.000,0.000,IDLE
2026-08-17T11:36:05.398391,0.0000000,0.0000000,1.39,-0.1005,0.0498,-0.8659,310.0,0.00,0.000,0.000,IDLE
2026-08-17T11:36:06.398651,0.0000000,0.0000000,1.47,-0.1004,0.0499,-0.8653,310.0,0.00,0.000,0.000,IDLE
2026-08-17T11:36:07.398684,0.0000000,0.0000000,1.43,-0.1001,0.0504,-0.8611,310.0,0.00,0.000,0.000,IDLE
2026-08-17T11:36:08.398326,0.0000000,0.0000000,1.49,-0.1001,0.0505,-0.8596,310.0,0.00,0.000,0.000,IDLE
2026-08-17T11:36:09.398413,0.0000000,0.0000000,1.36,-0.1002,0.0503,-0.8608,310.0,0.00,0.000,0.000,IDLE
2026-08-17T11:36:10.398649,0.0000000,0.0000000,1.19,-0.1001,0.0503,-0.8606,310.0,0.00,0.000,0.000,IDLE
2026-08-17T11:36:11.400441,0.0000000,0.0000000,1.53,-0.1000,0.0505,-0.8584,310.0,0.00,0.000,0.000,IDLE
2026-08-17T11:36:12.398531,0.0000000,0.0000000,1.59,-0.0999,0.0505,-0.8575,310.0,0.00,0.000,0.000,IDLE
2026-08-17T11:36:13.398336,0.0000000,0.0000000,1.32,-0.0999,0.0505,-0.8574,310.0,0.00,0.000,0.000,IDLE
2026-08-17T11:36:14.398333,0.0000000,0.0000000,1.47,-0.1001,0.0502,-0.8607,310.0,0.00,0.000,0.000,IDLE
2026-08-17T11:36:15.398330,0.0000000,0.0000000,1.34,-0.1000,0.0503,-0.8584,310.0,0.00,0.000,0.000,IDLE
2026-08-17T11:36:16.398622,0.0000000,0.0000000,1.37,-0.1001,0.0503,-0.8586,310.0,0.00,0.000,0.000,IDLE
2026-08-17T11:36:17.398508,0.0000000,0.0000000,1.41,-0.1001,0.0503,-0.8598,310.0,0.00,0.000,0.000,IDLE
2026-08-17T11:36:18.398507,0.0000000,0.0000000,1.43,-0.1000,0.0503,-0.8580,310.0,0.00,0.000,0.000,IDLE
2026-08-17T11:36:19.398329,0.0000000,0.0000000,1.33,-0.1001,0.0502,-0.8587,310.0,0.00,0.000,0.000,IDLE
2026-08-17T11:36:20.398495,0.0000000,0.0000000,1.33,-0.1000,0.0502,-0.8581,310.0,0.00,0.000,0.000,IDLE
2026-08-17T11:36:21.398419,0.0000000,0.0000000,1.53,-0.0999,0.0504,-0.8555,310.0,0.00,0.000,0.000,IDLE
2026-08-17T11:36:22.398553,0.0000000,0.0000000,1.42,-0.0999,0.0504,-0.8547,311.0,0.00,0.000,0.000,IDLE
2026-08-17T11:36:23.398351,0.0000000,0.0000000,1.47,-0.0999,0.0505,-0.8530,311.0,0.00,0.000,0.000,IDLE
2026-08-17T11:36:24.398377,0.0000000,0.0000000,1.35,-0.1000,0.0505,-0.8535,311.0,0.00,0.000,0.000,IDLE
2026-08-17T11:36:25.398514,0.0000000,0.0000000,1.56,-0.1001,0.0503,-0.8540,311.0,0.00,0.000,0.000,IDLE
2026-08-17T11:36:26.398624,0.0000000,0.0000000,1.42,-0.1003,0.0502,-0.8552,311.0,0.00,0.000,0.000,IDLE
2026-08-17T11:36:27.398409,0.0000000,0.0000000,1.40,-0.1002,0.0501,-0.8546,311.0,0.00,0.000,0.000,IDLE
2026-08-17T11:36:28.399248,0.0000000,0.0000000,1.53,-0.1002,0.0502,-0.8546,311.0,0.00,0.000,0.000,IDLE
2026-08-17T11:36:29.398499,0.0000000,0.0000000,1.69,-0.1003,0.0501,-0.8544,311.0,0.00,0.000,0.000,IDLE
2026-08-17T11:36:30.398474,0.0000000,0.0000000,1.65,-0.1002,0.0502,-0.8524,311.0,0.00,0.000,0.000,IDLE
2026-08-17T11:36:31.398471,0.0000000,0.0000000,1.64,-0.1000,0.0504,-0.8500,311.0,0.00,0.000,0.000,IDLE
2026-08-17T11:36:32.398346,0.0000000,0.0000000,1.70,-0.1000,0.0505,-0.8492,311.0,0.00,0.000,0.000,IDLE
2026-08-17T11:36:33.398351,0.0000000,0.0000000,1.68,-0.1000,0.0502,-0.8512,311.0,0.00,0.000,0.000,IDLE
2026-08-17T11:36:34.398393,0.0000000,0.0000000,1.53,-0.1000,0.0501,-0.8511,311.0,0.00,0.000,0.000,IDLE
2026-08-17T11:36:35.398355,0.0000000,0.0000000,1.60,-0.1001,0.0499,-0.8541,311.0,0.00,0.000,0.000,IDLE
2026-08-17T11:36:36.398419,0.0000000,0.0000000,1.65,-0.1001,0.0499,-0.8540,311.0,0.00,0.000,0.000,IDLE
2026-08-17T11:36:37.398677,0.0000000,0.0000000,1.60,-0.1002,0.0498,-0.8545,311.0,0.00,0.000,0.000,IDLE
2026-08-17T11:36:38.398399,0.0000000,0.0000000,1.62,-0.1000,0.0497,-0.8535,311.0,0.00,0.000,0.000,IDLE
2026-08-17T11:36:39.401005,0.0000000,0.0000000,1.69,-0.1000,0.0497,-0.8532,311.0,0.00,0.000,0.000,IDLE
2026-08-17T11:36:40.398463,0.0000000,0.0000000,1.47,-0.1003,0.0495,-0.8550,311.0,0.00,0.000,0.000,IDLE
2026-08-17T11:36:41.398365,0.0000000,0.0000000,1.67,-0.1003,0.0495,-0.8544,311.0,0.00,0.000,0.000,IDLE
2026-08-17T11:36:42.398336,0.0000000,0.0000000,1.85,-0.1005,0.0495,-0.8553,311.0,0.00,0.000,0.000,IDLE
2026-08-17T11:36:43.398692,0.0000000,0.0000000,1.82,-0.1002,0.0496,-0.8529,311.0,0.00,0.000,0.000,IDLE
2026-08-17T11:36:44.398618,0.0000000,0.0000000,1.80,-0.1003,0.0493,-0.8554,310.0,0.00,0.000,0.000,IDLE
2026-08-17T11:36:45.398386,0.0000000,0.0000000,1.83,-0.1004,0.0490,-0.8586,310.0,0.00,0.000,0.000,IDLE
2026-08-17T11:36:46.398740,0.0000000,0.0000000,1.79,-0.1001,0.0493,-0.8552,311.0,0.00,0.000,0.000,IDLE
2026-08-17T11:36:47.398680,0.0000000,0.0000000,1.64,-0.1000,0.0495,-0.8548,311.0,0.00,0.000,0.000,IDLE
2026-08-17T11:36:48.399792,0.0000000,0.0000000,1.63,-0.1000,0.0495,-0.8543,311.0,0.00,0.000,0.000,IDLE
2026-08-17T11:36:49.398666,0.0000000,0.0000000,1.75,-0.0998,0.0496,-0.8524,311.0,0.00,0.000,0.000,IDLE
2026-08-17T11:36:50.398436,0.0000000,0.0000000,1.70,-0.0998,0.0495,-0.8518,311.0,0.00,0.000,0.000,IDLE
2026-08-17T11:36:51.398340,0.0000000,0.0000000,1.65,-0.0998,0.0495,-0.8518,311.0,0.00,0.000,0.000,IDLE
2026-08-17T11:36:52.398349,0.0000000,0.0000000,1.72,-0.0997,0.0496,-0.8507,311.0,0.00,0.000,0.000,IDLE
2026-08-17T11:36:53.398427,0.0000000,0.0000000,1.50,-0.0998,0.0495,-0.8536,311.0,0.00,0.000,0.000,IDLE
2026-08-17T11:36:54.398484,0.0000000,0.0000000,1.75,-0.1000,0.0494,-0.8543,311.0,0.00,0.000,0.000,IDLE
2026-08-17T11:36:55.398362,0.0000000,0.0000000,1.67,-0.1000,0.0494,-0.8545,311.0,0.00,0.000,0.000,IDLE
2026-08-17T11:36:56.398422,0.0000000,0.0000000,1.61,-0.1001,0.0493,-0.8558,310.0,0.00,0.000,0.000,IDLE
2026-08-17T11:36:57.398416,0.0000000,0.0000000,1.57,-0.1001,0.0493,-0.8559,310.0,0.00,0.000,0.000,IDLE
2026-08-17T11:36:58.398367,0.0000000,0.0000000,1.64,-0.1001,0.0493,-0.8560,310.0,0.00,0.000,0.000,IDLE
2026-08-17T11:36:59.398445,0.0000000,0.0000000,1.62,-0.1001,0.0494,-0.8560,310.0,0.00,0.000,0.000,IDLE
2026-08-17T11:37:00.398562,0.0000000,0.0000000,1.59,-0.1001,0.0496,-0.8558,310.0,0.00,0.000,0.000,IDLE
2026-08-17T11:37:01.398516,0.0000000,0.0000000,1.67,-0.1003,0.0495,-0.8590,310.0,0.00,0.000,0.000,IDLE
2026-08-17T11:37:02.398859,0.0000000,0.0000000,1.67,-0.1002,0.0497,-0.8602,310.0,0.00,0.000,0.000,IDLE
2026-08-17T11:37:03.398450,0.0000000,0.0000000,1.69,-0.1002,0.0496,-0.8598,310.0,0.00,0.000,0.000,IDLE
2026-08-17T11:37:04.398327,0.0000000,0.0000000,1.71,-0.1002,0.0497,-0.8627,310.0,0.00,0.000,0.000,IDLE
2026-08-17T11:37:05.398342,0.0000000,0.0000000,1.69,-0.1001,0.0499,-0.8615,310.0,0.00,0.000,0.000,IDLE
2026-08-17T11:37:06.398341,0.0000000,0.0000000,1.54,-0.1000,0.0501,-0.8608,310.0,0.00,0.000,0.000,IDLE
2026-08-17T11:37:07.398448,0.0000000,0.0000000,1.77,-0.1000,0.0504,-0.8606,310.0,0.00,0.000,0.000,IDLE
2026-08-17T11:37:08.398506,0.0000000,0.0000000,1.66,-0.1000,0.0506,-0.8604,310.0,0.00,0.000,0.000,IDLE
2026-08-17T11:37:09.398464,0.0000000,0.0000000,1.57,-0.0998,0.0507,-0.8594,310.0,0.00,0.000,0.000,IDLE
2026-08-17T11:37:10.398356,0.0000000,0.0000000,1.75,-0.1000,0.0505,-0.8604,310.0,0.00,0.000,0.000,IDLE
2026-08-17T11:37:11.398758,0.0000000,0.0000000,1.68,-0.0999,0.0505,-0.8589,310.0,0.00,0.000,0.000,IDLE
2026-08-17T11:37:12.398543,0.0000000,0.0000000,1.69,-0.0999,0.0504,-0.8593,310.0,0.00,0.000,0.000,IDLE
2026-08-17T11:37:13.399399,0.0000000,0.0000000,1.77,-0.0997,0.0506,-0.8561,310.0,0.00,0.000,0.000,IDLE
2026-08-17T11:37:14.398405,0.0000000,0.0000000,1.55,-0.0998,0.0506,-0.8557,310.0,0.00,0.000,0.000,IDLE
2026-08-17T11:37:15.398423,0.0000000,0.0000000,1.65,-0.0999,0.0505,-0.8559,310.0,0.00,0.000,0.000,IDLE
2026-08-17T11:37:16.398632,0.0000000,0.0000000,1.67,-0.1000,0.0503,-0.8563,310.0,0.00,0.000,0.000,IDLE
2026-08-17T11:37:17.398376,0.0000000,0.0000000,1.66,-0.1001,0.0501,-0.8588,310.0,0.00,0.000,0.000,IDLE
2026-08-17T11:37:18.398385,0.0000000,0.0000000,1.81,-0.1001,0.0503,-0.8576,310.0,0.00,0.000,0.000,IDLE
2026-08-17T11:37:19.398632,0.0000000,0.0000000,1.77,-0.1000,0.0503,-0.8572,310.0,0.00,0.000,0.000,IDLE
2026-08-17T11:37:20.398451,0.0000000,0.0000000,1.75,-0.1000,0.0503,-0.8570,310.0,0.00,0.000,0.000,IDLE
2026-08-17T11:37:21.398617,0.0000000,0.0000000,1.69,-0.1000,0.0502,-0.8573,310.0,0.00,0.000,0.000,IDLE
2026-08-17T11:37:22.398419,0.0000000,0.0000000,1.70,-0.1001,0.0502,-0.8583,310.0,0.00,0.000,0.000,IDLE
2026-08-17T11:37:23.398409,0.0000000,0.0000000,1.60,-0.1001,0.0501,-0.8585,310.0,0.00,0.000,0.000,IDLE
2026-08-17T11:37:24.399763,0.0000000,0.0000000,1.56,-0.1001,0.0501,-0.8586,310.0,0.00,0.000,0.000,IDLE
2026-08-17T11:37:25.398345,0.0000000,0.0000000,1.69,-0.1000,0.0502,-0.8580,310.0,0.00,0.000,0.000,IDLE
2026-08-17T11:37:26.398323,0.0000000,0.0000000,1.85,-0.1000,0.0503,-0.8574,310.0,0.00,0.000,0.000,IDLE
2026-08-17T11:37:27.398363,0.0000000,0.0000000,1.73,-0.1002,0.0504,-0.8567,310.0,0.00,0.000,0.000,IDLE
2026-08-17T11:37:28.398622,0.0000000,0.0000000,1.68,-0.1002,0.0503,-0.8567,310.0,0.00,0.000,0.000,IDLE
2026-08-17T11:37:29.398434,0.0000000,0.0000000,1.54,-0.1002,0.0502,-0.8554,311.0,0.00,0.000,0.000,IDLE
2026-08-17T11:37:30.398450,0.0000000,0.0000000,1.61,-0.1002,0.0500,-0.8569,310.0,0.00,0.000,0.000,IDLE
2026-08-17T11:37:31.398609,0.0000000,0.0000000,1.92,-0.1003,0.0499,-0.8567,310.0,0.00,0.000,0.000,IDLE
2026-08-17T11:37:32.398440,0.0000000,0.0000000,1.74,-0.1002,0.0499,-0.8560,310.0,0.00,0.000,0.000,IDLE
2026-08-17T11:37:33.398669,0.0000000,0.0000000,1.86,-0.1001,0.0500,-0.8548,311.0,0.00,0.000,0.000,IDLE
2026-08-17T11:37:34.398348,0.0000000,0.0000000,1.55,-0.1002,0.0498,-0.8563,310.0,0.00,0.000,0.000,IDLE
2026-08-17T11:37:35.398329,0.0000000,0.0000000,1.56,-0.1000,0.0500,-0.8531,311.0,0.00,0.000,0.000,IDLE
2026-08-17T11:37:36.398567,0.0000000,0.0000000,1.73,-0.1005,0.0497,-0.8568,310.0,0.00,0.000,0.000,IDLE
2026-08-17T11:37:37.398440,0.0000000,0.0000000,1.67,-0.1004,0.0496,-0.8581,310.0,0.00,0.000,0.000,IDLE
2026-08-17T11:37:38.398343,0.0000000,0.0000000,1.64,-0.1005,0.0496,-0.8584,310.0,0.00,0.000,0.000,IDLE
2026-08-17T11:37:39.398405,0.0000000,0.0000000,1.69,-0.1005,0.0497,-0.8575,310.0,0.00,0.000,0.000,IDLE
2026-08-17T11:37:40.398488,0.0000000,0.0000000,1.89,-0.1004,0.0500,-0.8546,311.0,0.00,0.000,0.000,IDLE
2026-08-17T11:37:41.398371,0.0000000,0.0000000,1.54,-0.1006,0.0500,-0.8563,310.0,0.00,0.000,0.000,IDLE
2026-08-17T11:37:42.399579,0.0000000,0.0000000,1.53,-0.1004,0.0499,-0.8561,310.0,0.00,0.000,0.000,IDLE
2026-08-17T11:37:43.398371,0.0000000,0.0000000,1.81,-0.1005,0.0499,-0.8568,310.0,0.00,0.000,0.000,IDLE
2026-08-17T11:37:44.398470,0.0000000,0.0000000,1.87,-0.1004,0.0499,-0.8567,310.0,0.00,0.000,0.000,IDLE
2026-08-17T11:37:45.398383,0.0000000,0.0000000,2.00,-0.1004,0.0499,-0.8581,310.0,0.00,0.000,0.000,IDLE
2026-08-17T11:37:46.398344,0.0000000,0.0000000,1.68,-0.1006,0.0498,-0.8593,310.0,0.00,0.000,0.000,IDLE
2026-08-17T11:37:47.398347,0.0000000,0.0000000,1.65,-0.1004,0.0502,-0.8563,310.0,0.00,0.000,0.000,IDLE
2026-08-17T11:37:48.398625,0.0000000,0.0000000,1.63,-0.1005,0.0500,-0.8591,310.0,0.00,0.000,0.000,IDLE
2026-08-17T11:37:49.398482,0.0000000,0.0000000,1.65,-0.1006,0.0499,-0.8605,310.0,0.00,0.000,0.000,IDLE
2026-08-17T11:37:50.399369,0.0000000,0.0000000,1.88,-0.1004,0.0502,-0.8600,310.0,0.00,0.000,0.000,IDLE
2026-08-17T11:37:51.398665,0.0000000,0.0000000,1.71,-0.1004,0.0502,-0.8606,310.0,0.00,0.000,0.000,IDLE
2026-08-17T11:37:52.398839,0.0000000,0.0000000,1.73,-0.1004,0.0502,-0.8617,310.0,0.00,0.000,0.000,IDLE
2026-08-17T11:37:53.405616,0.0000000,0.0000000,1.54,-0.1003,0.0503,-0.8607,310.0,0.00,0.000,0.000,IDLE
2026-08-17T11:37:54.398365,0.0000000,0.0000000,1.71,-0.1001,0.0504,-0.8580,310.0,0.00,0.000,0.000,IDLE
2026-08-17T11:37:55.398438,0.0000000,0.0000000,1.75,-0.1000,0.0504,-0.8579,310.0,0.00,0.000,0.000,IDLE
2026-08-17T11:37:56.398354,0.0000000,0.0000000,1.73,-0.0999,0.0504,-0.8585,310.0,0.00,0.000,0.000,IDLE
2026-08-17T11:37:57.398342,0.0000000,0.0000000,1.69,-0.1001,0.0501,-0.8616,310.0,0.00,0.000,0.000,IDLE
2026-08-17T11:37:58.398582,0.0000000,0.0000000,1.68,-0.1002,0.0501,-0.8605,310.0,0.00,0.000,0.000,IDLE
2026-08-17T11:37:59.398343,0.0000000,0.0000000,1.69,-0.1002,0.0500,-0.8616,310.0,0.00,0.000,0.000,IDLE
2026-08-17T11:38:00.398378,0.0000000,0.0000000,1.64,-0.1001,0.0500,-0.8609,310.0,0.00,0.000,0.000,IDLE
2026-08-17T11:38:01.398343,0.0000000,0.0000000,1.83,-0.1000,0.0499,-0.8614,310.0,0.00,0.000,0.000,IDLE
2026-08-17T11:38:02.398355,0.0000000,0.0000000,1.66,-0.1000,0.0501,-0.8605,310.0,0.00,0.000,0.000,IDLE
2026-08-17T11:38:03.398361,0.0000000,0.0000000,1.58,-0.0999,0.0501,-0.8605,310.0,0.00,0.000,0.000,IDLE
2026-08-17T11:38:04.398358,0.0000000,0.0000000,1.65,-0.0998,0.0503,-0.8583,310.0,0.00,0.000,0.000,IDLE
2026-08-17T11:38:05.398375,0.0000000,0.0000000,1.75,-0.0997,0.0501,-0.8594,310.0,0.00,0.000,0.000,IDLE
2026-08-17T11:38:06.398406,0.0000000,0.0000000,1.75,-0.0997,0.0503,-0.8593,310.0,0.00,0.000,0.000,IDLE
2026-08-17T11:38:07.398338,0.0000000,0.0000000,1.81,-0.0997,0.0504,-0.8592,310.0,0.00,0.000,0.000,IDLE
2026-08-17T11:38:08.398351,0.0000000,0.0000000,1.82,-0.0997,0.0503,-0.8594,310.0,0.00,0.000,0.000,IDLE
2026-08-17T11:38:09.398537,0.0000000,0.0000000,1.63,-0.1000,0.0502,-0.8621,310.0,0.00,0.000,0.000,IDLE
2026-08-17T11:38:10.398577,0.0000000,0.0000000,1.93,-0.1001,0.0501,-0.8642,310.0,0.00,0.000,0.000,IDLE
2026-08-17T11:38:11.399417,0.0000000,0.0000000,1.73,-0.1000,0.0500,-0.8651,310.0,0.00,0.000,0.000,IDLE
2026-08-17T11:38:12.398366,0.0000000,0.0000000,1.68,-0.0999,0.0502,-0.8632,310.0,0.00,0.000,0.000,IDLE
2026-08-17T11:38:13.398374,0.0000000,0.0000000,1.72,-0.1000,0.0502,-0.8648,310.0,0.00,0.000,0.000,IDLE
2026-08-17T11:38:14.398374,0.0000000,0.0000000,2.00,-0.1000,0.0502,-0.8642,310.0,0.00,0.000,0.000,IDLE
2026-08-17T11:38:15.398371,0.0000000,0.0000000,2.07,-0.1001,0.0502,-0.8649,310.0,0.00,0.000,0.000,IDLE
2026-08-17T11:38:16.398544,0.0000000,0.0000000,1.88,-0.1000,0.0503,-0.8641,310.0,0.00,0.000,0.000,IDLE
2026-08-17T11:38:17.399723,0.0000000,0.0000000,1.82,-0.1000,0.0502,-0.8647,310.0,0.00,0.000,0.000,IDLE
2026-08-17T11:38:18.398323,0.0000000,0.0000000,1.61,-0.1001,0.0501,-0.8663,310.0,0.00,0.000,0.000,IDLE
2026-08-17T11:38:19.399462,0.0000000,0.0000000,1.76,-0.1001,0.0500,-0.8679,310.0,0.00,0.000,0.000,IDLE
2026-08-17T11:38:20.399094,0.0000000,0.0000000,1.80,-0.1001,0.0498,-0.8692,310.0,0.00,0.000,0.000,IDLE
2026-08-17T11:38:21.398352,0.0000000,0.0000000,1.94,-0.1001,0.0498,-0.8696,310.0,0.00,0.000,0.000,IDLE
2026-08-17T11:38:22.398405,0.0000000,0.0000000,1.84,-0.1001,0.0499,-0.8698,310.0,0.00,0.000,0.000,IDLE
2026-08-17T11:38:23.398350,0.0000000,0.0000000,1.82,-0.1000,0.0499,-0.8684,310.0,0.00,0.000,0.000,IDLE
2026-08-17T11:38:24.398479,0.0000000,0.0000000,1.82,-0.0998,0.0501,-0.8660,310.0,0.00,0.000,0.000,IDLE
2026-08-17T11:38:25.398437,0.0000000,0.0000000,1.74,-0.0995,0.0504,-0.8626,310.0,0.00,0.000,0.000,IDLE
2026-08-17T11:38:26.398339,0.0000000,0.0000000,1.72,-0.0995,0.0505,-0.8610,310.0,0.00,0.000,0.000,IDLE
2026-08-17T11:38:27.398413,0.0000000,0.0000000,1.73,-0.0994,0.0505,-0.8604,310.0,0.00,0.000,0.000,IDLE
2026-08-17T11:38:28.398663,0.0000000,0.0000000,1.57,-0.0996,0.0505,-0.8617,310.0,0.00,0.000,0.000,IDLE
2026-08-17T11:38:29.398606,0.0000000,0.0000000,1.71,-0.0996,0.0506,-0.8608,310.0,0.00,0.000,0.000,IDLE
2026-08-17T11:38:30.398659,0.0000000,0.0000000,1.85,-0.0996,0.0506,-0.8597,310.0,0.00,0.000,0.000,IDLE
2026-08-17T11:38:31.398495,0.0000000,0.0000000,1.69,-0.0998,0.0504,-0.8599,310.0,0.00,0.000,0.000,IDLE
2026-08-17T11:38:32.398531,0.0000000,0.0000000,1.82,-0.0997,0.0503,-0.8591,310.0,0.00,0.000,0.000,IDLE
2026-08-17T11:38:33.404527,0.0000000,0.0000000,1.64,-0.0999,0.0501,-0.8606,310.0,0.00,0.000,0.000,IDLE
2026-08-17T11:38:34.398499,0.0000000,0.0000000,1.73,-0.0999,0.0502,-0.8596,310.0,0.00,0.000,0.000,IDLE
2026-08-17T11:38:35.398448,0.0000000,0.0000000,1.80,-0.0999,0.0502,-0.8575,310.0,0.00,0.000,0.000,IDLE
2026-08-17T11:38:36.398982,0.0000000,0.0000000,1.52,-0.1001,0.0501,-0.8583,310.0,0.00,0.000,0.000,IDLE
2026-08-17T11:38:37.399476,0.0000000,0.0000000,1.65,-0.1003,0.0498,-0.8607,310.0,0.00,0.000,0.000,IDLE
2026-08-17T11:38:38.398390,0.0000000,0.0000000,1.60,-0.1004,0.0498,-0.8603,310.0,0.00,0.000,0.000,IDLE
2026-08-17T11:38:39.398422,0.0000000,0.0000000,1.62,-0.1005,0.0498,-0.8600,310.0,0.00,0.000,0.000,IDLE
2026-08-17T11:38:40.398444,0.0000000,0.0000000,1.53,-0.1003,0.0499,-0.8585,310.0,0.00,0.000,0.000,IDLE
2026-08-17T11:38:41.398351,0.0000000,0.0000000,1.65,-0.1004,0.0500,-0.8582,310.0,0.00,0.000,0.000,IDLE
2026-08-17T11:38:42.398330,0.0000000,0.0000000,1.60,-0.1004,0.0499,-0.8583,310.0,0.00,0.000,0.000,IDLE
2026-08-17T11:38:43.398467,0.0000000,0.0000000,1.56,-0.1005,0.0498,-0.8579,310.0,0.00,0.000,0.000,IDLE
2026-08-17T11:38:44.398365,0.0000000,0.0000000,1.54,-0.1004,0.0499,-0.8567,310.0,0.00,0.000,0.000,IDLE
2026-08-17T11:38:45.398427,0.0000000,0.0000000,1.57,-0.1005,0.0498,-0.8574,310.0,0.00,0.000,0.000,IDLE
2026-08-17T11:38:46.398638,0.0000000,0.0000000,1.49,-0.1003,0.0500,-0.8557,310.0,0.00,0.000,0.000,IDLE
2026-08-17T11:38:47.398396,0.0000000,0.0000000,1.44,-0.1002,0.0503,-0.8534,311.0,0.00,0.000,0.000,IDLE
2026-08-17T11:38:48.398389,0.0000000,0.0000000,1.50,-0.1003,0.0499,-0.8574,310.0,0.00,0.000,0.000,IDLE
2026-08-17T11:38:49.402366,0.0000000,0.0000000,1.51,-0.1003,0.0498,-0.8598,310.0,0.00,0.000,0.000,IDLE
2026-08-17T11:38:50.399450,0.0000000,0.0000000,1.60,-0.1002,0.0498,-0.8596,310.0,0.00,0.000,0.000,IDLE
2026-08-17T11:38:51.399093,0.0000000,0.0000000,1.43,-0.1001,0.0497,-0.8596,310.0,0.00,0.000,0.000,IDLE
2026-08-17T11:38:52.398747,0.0000000,0.0000000,1.59,-0.1001,0.0497,-0.8594,310.0,0.00,0.000,0.000,IDLE
2026-08-17T11:38:53.399193,0.0000000,0.0000000,1.50,-0.1000,0.0500,-0.8577,310.0,0.00,0.000,0.000,IDLE
2026-08-17T11:38:54.398598,0.0000000,0.0000000,1.55,-0.1000,0.0500,-0.8579,310.0,0.00,0.000,0.000,IDLE
2026-08-17T11:38:55.398379,0.0000000,0.0000000,1.45,-0.1000,0.0500,-0.8570,310.0,0.00,0.000,0.000,IDLE
2026-08-17T11:38:56.398326,0.0000000,0.0000000,1.31,-0.1000,0.0500,-0.8563,310.0,0.00,0.000,0.000,IDLE
2026-08-17T11:38:57.398664,0.0000000,0.0000000,1.49,-0.1002,0.0497,-0.8583,310.0,0.00,0.000,0.000,IDLE
2026-08-17T11:38:58.398404,0.0000000,0.0000000,1.45,-0.1004,0.0495,-0.8593,310.0,0.00,0.000,0.000,IDLE
2026-08-17T11:38:59.398654,0.0000000,0.0000000,1.32,-0.1004,0.0497,-0.8585,310.0,0.00,0.000,0.000,IDLE
2026-08-17T11:39:00.398350,0.0000000,0.0000000,1.46,-0.1005,0.0496,-0.8596,310.0,0.00,0.000,0.000,IDLE
2026-08-17T11:39:01.398493,0.0000000,0.0000000,1.60,-0.1006,0.0496,-0.8596,310.0,0.00,0.000,0.000,IDLE
2026-08-17T11:39:02.398324,0.0000000,0.0000000,1.57,-0.1006,0.0498,-0.8592,310.0,0.00,0.000,0.000,IDLE
2026-08-17T11:39:03.398809,0.0000000,0.0000000,1.36,-0.1006,0.0499,-0.8581,310.0,0.00,0.000,0.000,IDLE
2026-08-17T11:39:04.398703,0.0000000,0.0000000,1.41,-0.1005,0.0497,-0.8585,310.0,0.00,0.000,0.000,IDLE
2026-08-17T11:39:05.398369,0.0000000,0.0000000,1.54,-0.1003,0.0498,-0.8559,310.0,0.00,0.000,0.000,IDLE
2026-08-17T11:39:06.398338,0.0000000,0.0000000,1.33,-0.1004,0.0497,-0.8563,310.0,0.00,0.000,0.000,IDLE
2026-08-17T11:39:07.398383,0.0000000,0.0000000,1.57,-0.1002,0.0497,-0.8555,310.0,0.00,0.000,0.000,IDLE
2026-08-17T11:39:08.398379,0.0000000,0.0000000,1.41,-0.1004,0.0496,-0.8574,310.0,0.00,0.000,0.000,IDLE
2026-08-17T11:39:09.399277,0.0000000,0.0000000,1.57,-0.1005,0.0495,-0.8590,310.0,0.00,0.000,0.000,IDLE
2026-08-17T11:39:10.398462,0.0000000,0.0000000,1.59,-0.1003,0.0495,-0.8599,310.0,0.00,0.000,0.000,IDLE
2026-08-17T11:39:11.398443,0.0000000,0.0000000,1.43,-0.1002,0.0496,-0.8598,310.0,0.00,0.000,0.000,IDLE
2026-08-17T11:39:12.398364,0.0000000,0.0000000,1.44,-0.1001,0.0497,-0.8588,310.0,0.00,0.000,0.000,IDLE
2026-08-17T11:39:13.398335,0.0000000,0.0000000,1.36,-0.1000,0.0497,-0.8593,310.0,0.00,0.000,0.000,IDLE
2026-08-17T11:39:14.398357,0.0000000,0.0000000,1.60,-0.1000,0.0496,-0.8611,310.0,0.00,0.000,0.000,IDLE
2026-08-17T11:39:15.398378,0.0000000,0.0000000,1.42,-0.1001,0.0495,-0.8639,310.0,0.00,0.000,0.000,IDLE
2026-08-17T11:39:16.398377,0.0000000,0.0000000,1.37,-0.1001,0.0496,-0.8634,310.0,0.00,0.000,0.000,IDLE
2026-08-17T11:39:17.398377,0.0000000,0.0000000,1.46,-0.1000,0.0497,-0.8619,310.0,0.00,0.000,0.000,IDLE
2026-08-17T11:39:18.399317,0.0000000,0.0000000,1.41,-0.1000,0.0496,-0.8624,310.0,0.00,0.000,0.000,IDLE
2026-08-17T11:39:19.398349,0.0000000,0.0000000,1.47,-0.1000,0.0498,-0.8606,310.0,0.00,0.000,0.000,IDLE
2026-08-17T11:39:20.398470,0.0000000,0.0000000,1.45,-0.1001,0.0497,-0.8616,310.0,0.00,0.000,0.000,IDLE
2026-08-17T11:39:21.398337,0.0000000,0.0000000,1.52,-0.1002,0.0496,-0.8632,310.0,0.00,0.000,0.000,IDLE
2026-08-17T11:39:22.398349,0.0000000,0.0000000,1.36,-0.1002,0.0496,-0.8639,310.0,0.00,0.000,0.000,IDLE
2026-08-17T11:39:23.398446,0.0000000,0.0000000,1.50,-0.1003,0.0496,-0.8648,310.0,0.00,0.000,0.000,IDLE
2026-08-17T11:39:24.398449,0.0000000,0.0000000,1.43,-0.1002,0.0497,-0.8652,310.0,0.00,0.000,0.000,IDLE
2026-08-17T11:39:25.398448,0.0000000,0.0000000,1.43,-0.1004,0.0496,-0.8682,310.0,0.00,0.000,0.000,IDLE
2026-08-17T11:39:26.398394,0.0000000,0.0000000,1.42,-0.1002,0.0499,-0.8669,310.0,0.00,0.000,0.000,IDLE
2026-08-17T11:39:27.398400,0.0000000,0.0000000,1.29,-0.0999,0.0502,-0.8656,310.0,0.00,0.000,0.000,IDLE
2026-08-17T11:39:28.398418,0.0000000,0.0000000,1.54,-0.0998,0.0506,-0.8634,310.0,0.00,0.000,0.000,IDLE
2026-08-17T11:39:29.398341,0.0000000,0.0000000,1.42,-0.0998,0.0508,-0.8632,310.0,0.00,0.000,0.000,IDLE
2026-08-17T11:39:30.398899,0.0000000,0.0000000,1.52,-0.1000,0.0507,-0.8651,310.0,0.00,0.000,0.000,IDLE
2026-08-17T11:39:31.398457,0.0000000,0.0000000,1.49,-0.1001,0.0505,-0.8674,310.0,0.00,0.000,0.000,IDLE
2026-08-17T11:39:32.398596,0.0000000,0.0000000,1.55,-0.1001,0.0504,-0.8673,310.0,0.00,0.000,0.000,IDLE
2026-08-17T11:39:33.398494,0.0000000,0.0000000,1.42,-0.1001,0.0507,-0.8651,310.0,0.00,0.000,0.000,IDLE
2026-08-17T11:39:34.398715,0.0000000,0.0000000,1.58,-0.1001,0.0509,-0.8644,310.0,0.00,0.000,0.000,IDLE
2026-08-17T11:39:35.407251,0.0000000,0.0000000,1.42,-0.1002,0.0508,-0.8656,310.0,0.00,0.000,0.000,IDLE
2026-08-17T11:39:36.398759,0.0000000,0.0000000,1.52,-0.1001,0.0506,-0.8670,310.0,0.00,0.000,0.000,IDLE
2026-08-17T11:39:37.398389,0.0000000,0.0000000,1.42,-0.1000,0.0506,-0.8662,310.0,0.00,0.000,0.000,IDLE
2026-08-17T11:39:38.401339,0.0000000,0.0000000,1.45,-0.0999,0.0507,-0.8650,310.0,0.00,0.000,0.000,IDLE
2026-08-17T11:39:39.398395,0.0000000,0.0000000,1.27,-0.0998,0.0508,-0.8641,310.0,0.00,0.000,0.000,IDLE
2026-08-17T11:39:40.399100,0.0000000,0.0000000,1.58,-0.1001,0.0506,-0.8654,310.0,0.00,0.000,0.000,IDLE
2026-08-17T11:39:41.398480,0.0000000,0.0000000,1.66,-0.1000,0.0505,-0.8663,310.0,0.00,0.000,0.000,IDLE
2026-08-17T11:39:42.398343,0.0000000,0.0000000,1.43,-0.0999,0.0505,-0.8650,310.0,0.00,0.000,0.000,IDLE
2026-08-17T11:39:43.398415,0.0000000,0.0000000,1.76,-0.1000,0.0504,-0.8653,310.0,0.00,0.000,0.000,IDLE
2026-08-17T11:39:44.398358,0.0000000,0.0000000,1.48,-0.1000,0.0504,-0.8658,310.0,0.00,0.000,0.000,IDLE
2026-08-17T11:39:45.398341,0.0000000,0.0000000,1.57,-0.0998,0.0505,-0.8646,310.0,0.00,0.000,0.000,IDLE
2026-08-17T11:39:46.398384,0.0000000,0.0000000,1.49,-0.0998,0.0506,-0.8642,310.0,0.00,0.000,0.000,IDLE
2026-08-17T11:39:47.398497,0.0000000,0.0000000,1.59,-0.0998,0.0505,-0.8638,310.0,0.00,0.000,0.000,IDLE
2026-08-17T11:39:48.399425,0.0000000,0.0000000,1.69,-0.0998,0.0505,-0.8631,310.0,0.00,0.000,0.000,IDLE
2026-08-17T11:39:49.398365,0.0000000,0.0000000,1.55,-0.0997,0.0506,-0.8606,310.0,0.00,0.000,0.000,IDLE
2026-08-17T11:39:50.398594,0.0000000,0.0000000,1.59,-0.0997,0.0506,-0.8598,310.0,0.00,0.000,0.000,IDLE
2026-08-17T11:39:51.398488,0.0000000,0.0000000,1.67,-0.0996,0.0504,-0.8591,310.0,0.00,0.000,0.000,IDLE
2026-08-17T11:39:52.398442,0.0000000,0.0000000,1.71,-0.0997,0.0504,-0.8588,310.0,0.00,0.000,0.000,IDLE
2026-08-17T11:39:53.398398,0.0000000,0.0000000,1.43,-0.0998,0.0502,-0.8603,310.0,0.00,0.000,0.000,IDLE
2026-08-17T11:39:54.398699,0.0000000,0.0000000,1.65,-0.1000,0.0501,-0.8618,310.0,0.00,0.000,0.000,IDLE
2026-08-17T11:39:55.398612,0.0000000,0.0000000,1.68,-0.1001,0.0502,-0.8620,310.0,0.00,0.000,0.000,IDLE
2026-08-17T11:39:56.398505,0.0000000,0.0000000,1.62,-0.1003,0.0500,-0.8639,310.0,0.00,0.000,0.000,IDLE
2026-08-17T11:39:57.398361,0.0000000,0.0000000,1.58,-0.1004,0.0500,-0.8635,310.0,0.00,0.000,0.000,IDLE
2026-08-17T11:39:58.398560,0.0000000,0.0000000,1.53,-0.1003,0.0503,-0.8613,310.0,0.00,0.000,0.000,IDLE
2026-08-17T11:39:59.398518,0.0000000,0.0000000,1.82,-0.1005,0.0500,-0.8644,310.0,0.00,0.000,0.000,IDLE
2026-08-17T11:40:00.398331,0.0000000,0.0000000,1.64,-0.1004,0.0501,-0.8634,310.0,0.00,0.000,0.000,IDLE
2026-08-17T11:40:01.398513,0.0000000,0.0000000,1.53,-0.1003,0.0503,-0.8620,310.0,0.00,0.000,0.000,IDLE
2026-08-17T11:40:02.398443,0.0000000,0.0000000,1.83,-0.1002,0.0503,-0.8614,310.0,0.00,0.000,0.000,IDLE
2026-08-17T11:40:03.398725,0.0000000,0.0000000,1.79,-0.1003,0.0502,-0.8612,310.0,0.00,0.000,0.000,IDLE
2026-08-17T11:40:04.398663,0.0000000,0.0000000,1.75,-0.1002,0.0503,-0.8596,310.0,0.00,0.000,0.000,IDLE
2026-08-17T11:40:05.398405,0.0000000,0.0000000,1.85,-0.1002,0.0500,-0.8616,310.0,0.00,0.000,0.000,IDLE
2026-08-17T11:40:06.398357,0.0000000,0.0000000,1.77,-0.1003,0.0500,-0.8633,310.0,0.00,0.000,0.000,IDLE
2026-08-17T11:40:07.398336,0.0000000,0.0000000,1.73,-0.1003,0.0500,-0.8640,310.0,0.00,0.000,0.000,IDLE
2026-08-17T11:40:08.398831,0.0000000,0.0000000,1.61,-0.1004,0.0498,-0.8662,310.0,0.00,0.000,0.000,IDLE
2026-08-17T11:40:09.398317,0.0000000,0.0000000,1.54,-0.1004,0.0500,-0.8643,310.0,0.00,0.000,0.000,IDLE
2026-08-17T11:40:10.398421,0.0000000,0.0000000,1.67,-0.1004,0.0500,-0.8661,310.0,0.00,0.000,0.000,IDLE
2026-08-17T11:40:11.398422,0.0000000,0.0000000,1.70,-0.1001,0.0502,-0.8634,310.0,0.00,0.000,0.000,IDLE
2026-08-17T11:40:12.398899,0.0000000,0.0000000,1.69,-0.0999,0.0503,-0.8620,310.0,0.00,0.000,0.000,IDLE
2026-08-17T11:40:13.398497,0.0000000,0.0000000,1.69,-0.1000,0.0503,-0.8616,310.0,0.00,0.000,0.000,IDLE
2026-08-17T11:40:14.398501,0.0000000,0.0000000,1.74,-0.1001,0.0501,-0.8622,310.0,0.00,0.000,0.000,IDLE
2026-08-17T11:40:15.398334,0.0000000,0.0000000,1.78,-0.1000,0.0500,-0.8627,310.0,0.00,0.000,0.000,IDLE
2026-08-17T11:40:16.398736,0.0000000,0.0000000,1.89,-0.1000,0.0500,-0.8640,310.0,0.00,0.000,0.000,IDLE
2026-08-17T11:40:17.398486,0.0000000,0.0000000,1.70,-0.0999,0.0501,-0.8614,310.0,0.00,0.000,0.000,IDLE
2026-08-17T11:40:18.398426,0.0000000,0.0000000,2.00,-0.1000,0.0501,-0.8622,310.0,0.00,0.000,0.000,IDLE
2026-08-17T11:40:19.398333,0.0000000,0.0000000,1.96,-0.0999,0.0501,-0.8612,310.0,0.00,0.000,0.000,IDLE
2026-08-17T11:40:20.399522,0.0000000,0.0000000,2.08,-0.0999,0.0502,-0.8619,310.0,0.00,0.000,0.000,IDLE
2026-08-17T11:40:21.398415,0.0000000,0.0000000,1.87,-0.0998,0.0503,-0.8610,310.0,0.00,0.000,0.000,IDLE
2026-08-17T11:40:22.398375,0.0000000,0.0000000,2.01,-0.0998,0.0504,-0.8598,310.0,0.00,0.000,0.000,IDLE
2026-08-17T11:40:23.398333,0.0000000,0.0000000,2.15,-0.1000,0.0503,-0.8616,310.0,0.00,0.000,0.000,IDLE
2026-08-17T11:40:24.398325,0.0000000,0.0000000,2.02,-0.1000,0.0504,-0.8596,310.0,0.00,0.000,0.000,IDLE
2026-08-17T11:40:25.398367,0.0000000,0.0000000,1.90,-0.0999,0.0506,-0.8585,310.0,0.00,0.000,0.000,IDLE
2026-08-17T11:40:26.398469,0.0000000,0.0000000,2.14,-0.0999,0.0507,-0.8584,310.0,0.00,0.000,0.000,IDLE
2026-08-17T11:40:27.398601,0.0000000,0.0000000,2.09,-0.0998,0.0506,-0.8579,310.0,0.00,0.000,0.000,IDLE
2026-08-17T11:40:28.398419,0.0000000,0.0000000,2.05,-0.0999,0.0505,-0.8593,310.0,0.00,0.000,0.000,IDLE
2026-08-17T11:40:29.398477,0.0000000,0.0000000,2.00,-0.0999,0.0504,-0.8613,310.0,0.00,0.000,0.000,IDLE
2026-08-17T11:40:30.398407,0.0000000,0.0000000,2.20,-0.1000,0.0501,-0.8638,310.0,0.00,0.000,0.000,IDLE
2026-08-17T11:40:31.398533,0.0000000,0.0000000,2.05,-0.1000,0.0501,-0.8636,310.0,0.00,0.000,0.000,IDLE
2026-08-17T11:40:32.398381,0.0000000,0.0000000,2.22,-0.1000,0.0500,-0.8635,310.0,0.00,0.000,0.000,IDLE
2026-08-17T11:40:33.398386,0.0000000,0.0000000,2.08,-0.0998,0.0502,-0.8609,310.0,0.00,0.000,0.000,IDLE
2026-08-17T11:40:34.399393,0.0000000,0.0000000,1.99,-0.1000,0.0500,-0.8618,310.0,0.00,0.000,0.000,IDLE
2026-08-17T11:40:35.398758,0.0000000,0.0000000,2.17,-0.0998,0.0502,-0.8591,310.0,0.00,0.000,0.000,IDLE
2026-08-17T11:40:36.398385,0.0000000,0.0000000,2.04,-0.0998,0.0503,-0.8586,310.0,0.00,0.000,0.000,IDLE
2026-08-17T11:40:37.398319,0.0000000,0.0000000,1.93,-0.0999,0.0500,-0.8596,310.0,0.00,0.000,0.000,IDLE
2026-08-17T11:40:38.398596,0.0000000,0.0000000,2.04,-0.0998,0.0501,-0.8587,310.0,0.00,0.000,0.000,IDLE
2026-08-17T11:40:39.398356,0.0000000,0.0000000,2.10,-0.0998,0.0502,-0.8581,310.0,0.00,0.000,0.000,IDLE
2026-08-17T11:40:40.398355,0.0000000,0.0000000,1.91,-0.0998,0.0502,-0.8571,310.0,0.00,0.000,0.000,IDLE
2026-08-17T11:40:41.398563,0.0000000,0.0000000,2.04,-0.0998,0.0501,-0.8573,310.0,0.00,0.000,0.000,IDLE
2026-08-17T11:40:42.398845,0.0000000,0.0000000,2.05,-0.0999,0.0501,-0.8572,310.0,0.00,0.000,0.000,IDLE
2026-08-17T11:40:43.398339,0.0000000,0.0000000,1.86,-0.0999,0.0501,-0.8589,310.0,0.00,0.000,0.000,IDLE
2026-08-17T11:40:44.398416,0.0000000,0.0000000,2.03,-0.1000,0.0499,-0.8601,310.0,0.00,0.000,0.000,IDLE
2026-08-17T11:40:45.398461,0.0000000,0.0000000,2.00,-0.1002,0.0498,-0.8617,310.0,0.00,0.000,0.000,IDLE
2026-08-17T11:40:46.398372,0.0000000,0.0000000,1.95,-0.1003,0.0498,-0.8633,310.0,0.00,0.000,0.000,IDLE
2026-08-17T11:40:47.398337,0.0000000,0.0000000,1.88,-0.1003,0.0498,-0.8632,310.0,0.00,0.000,0.000,IDLE
2026-08-17T11:40:48.398346,0.0000000,0.0000000,2.09,-0.1002,0.0498,-0.8629,310.0,0.00,0.000,0.000,IDLE
2026-08-17T11:40:49.398455,0.0000000,0.0000000,1.95,-0.1001,0.0499,-0.8622,310.0,0.00,0.000,0.000,IDLE
2026-08-17T11:40:50.398457,0.0000000,0.0000000,1.90,-0.1001,0.0499,-0.8630,310.0,0.00,0.000,0.000,IDLE
2026-08-17T11:40:51.398325,0.0000000,0.0000000,1.76,-0.1001,0.0500,-0.8633,310.0,0.00,0.000,0.000,IDLE
2026-08-17T11:40:52.398387,0.0000000,0.0000000,1.76,-0.1000,0.0500,-0.8625,310.0,0.00,0.000,0.000,IDLE
2026-08-17T11:40:53.398412,0.0000000,0.0000000,1.89,-0.1002,0.0498,-0.8650,310.0,0.00,0.000,0.000,IDLE
2026-08-17T11:40:54.398645,0.0000000,0.0000000,2.11,-0.0999,0.0499,-0.8639,310.0,0.00,0.000,0.000,IDLE
2026-08-17T11:40:55.398344,0.0000000,0.0000000,1.81,-0.0997,0.0501,-0.8616,310.0,0.00,0.000,0.000,IDLE
2026-08-17T11:40:56.398435,0.0000000,0.0000000,1.82,-0.0996,0.0503,-0.8583,310.0,0.00,0.000,0.000,IDLE
2026-08-17T11:40:57.398480,0.0000000,0.0000000,1.87,-0.0997,0.0502,-0.8601,310.0,0.00,0.000,0.000,IDLE
2026-08-17T11:40:58.398347,0.0000000,0.0000000,1.86,-0.0996,0.0502,-0.8602,310.0,0.00,0.000,0.000,IDLE
2026-08-17T11:40:59.398449,0.0000000,0.0000000,1.96,-0.0997,0.0503,-0.8598,310.0,0.00,0.000,0.000,IDLE
2026-08-17T11:41:00.398329,0.0000000,0.0000000,1.89,-0.0996,0.0504,-0.8571,310.0,0.00,0.000,0.000,IDLE
2026-08-17T11:41:01.398407,0.0000000,0.0000000,1.84,-0.0998,0.0502,-0.8586,310.0,0.00,0.000,0.000,IDLE
2026-08-17T11:41:02.398782,0.0000000,0.0000000,1.90,-0.0997,0.0504,-0.8558,310.0,0.00,0.000,0.000,IDLE
2026-08-17T11:41:03.398427,0.0000000,0.0000000,1.81,-0.0997,0.0502,-0.8553,311.0,0.00,0.000,0.000,IDLE
2026-08-17T11:41:04.398464,0.0000000,0.0000000,1.82,-0.1000,0.0501,-0.8570,310.0,0.00,0.000,0.000,IDLE
2026-08-17T11:41:05.398745,0.0000000,0.0000000,1.82,-0.1000,0.0501,-0.8577,310.0,0.00,0.000,0.000,IDLE
2026-08-17T11:41:06.398417,0.0000000,0.0000000,1.91,-0.1001,0.0500,-0.8591,310.0,0.00,0.000,0.000,IDLE
2026-08-17T11:41:07.398479,0.0000000,0.0000000,1.99,-0.1002,0.0499,-0.8600,310.0,0.00,0.000,0.000,IDLE
2026-08-17T11:41:08.398495,0.0000000,0.0000000,1.82,-0.1003,0.0498,-0.8630,310.0,0.00,0.000,0.000,IDLE
2026-08-17T11:41:09.401999,0.0000000,0.0000000,1.78,-0.1000,0.0500,-0.8605,310.0,0.00,0.000,0.000,IDLE
2026-08-17T11:41:10.398329,0.0000000,0.0000000,1.80,-0.1001,0.0499,-0.8609,310.0,0.00,0.000,0.000,IDLE
2026-08-17T11:41:11.398442,0.0000000,0.0000000,1.76,-0.1000,0.0502,-0.8587,310.0,0.00,0.000,0.000,IDLE
2026-08-17T11:41:12.398362,0.0000000,0.0000000,1.69,-0.0997,0.0503,-0.8562,310.0,0.00,0.000,0.000,IDLE
2026-08-17T11:41:13.398969,0.0000000,0.0000000,1.80,-0.0997,0.0503,-0.8575,310.0,0.00,0.000,0.000,IDLE
2026-08-17T11:41:14.398409,0.0000000,0.0000000,1.50,-0.0998,0.0502,-0.8585,310.0,0.00,0.000,0.000,IDLE
2026-08-17T11:41:15.398372,0.0000000,0.0000000,1.79,-0.0999,0.0502,-0.8588,310.0,0.00,0.000,0.000,IDLE
2026-08-17T11:41:16.398454,0.0000000,0.0000000,1.72,-0.0998,0.0502,-0.8576,310.0,0.00,0.000,0.000,IDLE
2026-08-17T11:41:17.398652,0.0000000,0.0000000,1.94,-0.0999,0.0504,-0.8573,310.0,0.00,0.000,0.000,IDLE
2026-08-17T11:41:18.406006,0.0000000,0.0000000,1.79,-0.1000,0.0503,-0.8574,310.0,0.00,0.000,0.000,IDLE
2026-08-17T11:41:19.398380,0.0000000,0.0000000,1.87,-0.0999,0.0503,-0.8566,310.0,0.00,0.000,0.000,IDLE
2026-08-17T11:41:20.398377,0.0000000,0.0000000,1.76,-0.0998,0.0504,-0.8558,310.0,0.00,0.000,0.000,IDLE
2026-08-17T11:41:21.398423,0.0000000,0.0000000,1.65,-0.1000,0.0503,-0.8569,310.0,0.00,0.000,0.000,IDLE
2026-08-17T11:41:22.398742,0.0000000,0.0000000,1.77,-0.0999,0.0503,-0.8555,310.0,0.00,0.000,0.000,IDLE
2026-08-17T11:41:23.398459,0.0000000,0.0000000,1.60,-0.0999,0.0503,-0.8540,311.0,0.00,0.000,0.000,IDLE
2026-08-17T11:41:24.398356,0.0000000,0.0000000,1.59,-0.1002,0.0500,-0.8570,310.0,0.00,0.000,0.000,IDLE
2026-08-17T11:41:25.398558,0.0000000,0.0000000,1.55,-0.1002,0.0501,-0.8576,310.0,0.00,0.000,0.000,IDLE
2026-08-17T11:41:26.398469,0.0000000,0.0000000,1.72,-0.1001,0.0502,-0.8573,310.0,0.00,0.000,0.000,IDLE
2026-08-17T11:41:27.398676,0.0000000,0.0000000,1.57,-0.1002,0.0501,-0.8581,310.0,0.00,0.000,0.000,IDLE
2026-08-17T11:41:28.398622,0.0000000,0.0000000,1.59,-0.1000,0.0503,-0.8548,311.0,0.00,0.000,0.000,IDLE
2026-08-17T11:41:29.398407,0.0000000,0.0000000,1.70,-0.1003,0.0501,-0.8577,310.0,0.00,0.000,0.000,IDLE
2026-08-17T11:41:30.398807,0.0000000,0.0000000,1.63,-0.1003,0.0499,-0.8587,310.0,0.00,0.000,0.000,IDLE
2026-08-17T11:41:31.398360,0.0000000,0.0000000,1.64,-0.1005,0.0499,-0.8601,310.0,0.00,0.000,0.000,IDLE
2026-08-17T11:41:32.398461,0.0000000,0.0000000,1.66,-0.1007,0.0497,-0.8642,310.0,0.00,0.000,0.000,IDLE
2026-08-17T11:41:33.398456,0.0000000,0.0000000,1.65,-0.1007,0.0498,-0.8647,310.0,0.00,0.000,0.000,IDLE
2026-08-17T11:41:34.398604,0.0000000,0.0000000,1.71,-0.1007,0.0497,-0.8673,310.0,0.00,0.000,0.000,IDLE
2026-08-17T11:41:35.398355,0.0000000,0.0000000,1.72,-0.1007,0.0498,-0.8693,310.0,0.00,0.000,0.000,IDLE
2026-08-17T11:41:36.398346,0.0000000,0.0000000,1.47,-0.1007,0.0496,-0.8721,310.0,0.00,0.000,0.000,IDLE
2026-08-17T11:41:37.399414,0.0000000,0.0000000,1.37,-0.1005,0.0499,-0.8695,310.0,0.00,0.000,0.000,IDLE
2026-08-17T11:41:38.398355,0.0000000,0.0000000,1.52,-0.1003,0.0500,-0.8682,310.0,0.00,0.000,0.000,IDLE
2026-08-17T11:41:39.398475,0.0000000,0.0000000,1.62,-0.1000,0.0502,-0.8644,310.0,0.00,0.000,0.000,IDLE
2026-08-17T11:41:40.398469,0.0000000,0.0000000,1.67,-0.1001,0.0499,-0.8659,310.0,0.00,0.000,0.000,IDLE
2026-08-17T11:41:41.398415,0.0000000,0.0000000,1.59,-0.1002,0.0500,-0.8656,310.0,0.00,0.000,0.000,IDLE
2026-08-17T11:41:42.398443,0.0000000,0.0000000,1.56,-0.1002,0.0499,-0.8680,310.0,0.00,0.000,0.000,IDLE
2026-08-17T11:41:43.398562,0.0000000,0.0000000,1.62,-0.1001,0.0501,-0.8651,310.0,0.00,0.000,0.000,IDLE
2026-08-17T11:41:44.398373,0.0000000,0.0000000,1.67,-0.1000,0.0502,-0.8646,310.0,0.00,0.000,0.000,IDLE
2026-08-17T11:41:45.398524,0.0000000,0.0000000,1.51,-0.0998,0.0504,-0.8608,310.0,0.00,0.000,0.000,IDLE
2026-08-17T11:41:46.398342,0.0000000,0.0000000,1.59,-0.0999,0.0504,-0.8610,310.0,0.00,0.000,0.000,IDLE
2026-08-17T11:41:47.398486,0.0000000,0.0000000,1.64,-0.0999,0.0504,-0.8611,310.0,0.00,0.000,0.000,IDLE
2026-08-17T11:41:48.398497,0.0000000,0.0000000,1.66,-0.0998,0.0506,-0.8587,310.0,0.00,0.000,0.000,IDLE
2026-08-17T11:41:49.398329,0.0000000,0.0000000,1.60,-0.0999,0.0505,-0.8591,310.0,0.00,0.000,0.000,IDLE
2026-08-17T11:41:50.398697,0.0000000,0.0000000,1.64,-0.1000,0.0505,-0.8578,310.0,0.00,0.000,0.000,IDLE
2026-08-17T11:41:51.398433,0.0000000,0.0000000,1.78,-0.1001,0.0504,-0.8585,310.0,0.00,0.000,0.000,IDLE
2026-08-17T11:41:52.398431,0.0000000,0.0000000,1.63,-0.1001,0.0504,-0.8573,310.0,0.00,0.000,0.000,IDLE
2026-08-17T11:41:53.398338,0.0000000,0.0000000,1.85,-0.1000,0.0506,-0.8551,311.0,0.00,0.000,0.000,IDLE
2026-08-17T11:41:54.398342,0.0000000,0.0000000,1.65,-0.1001,0.0506,-0.8544,311.0,0.00,0.000,0.000,IDLE
2026-08-17T11:41:55.398362,0.0000000,0.0000000,1.58,-0.1000,0.0506,-0.8549,311.0,0.00,0.000,0.000,IDLE
2026-08-17T11:41:56.398606,0.0000000,0.0000000,1.82,-0.1001,0.0503,-0.8571,310.0,0.00,0.000,0.000,IDLE
2026-08-17T11:41:57.398637,0.0000000,0.0000000,1.78,-0.1004,0.0499,-0.8594,310.0,0.00,0.000,0.000,IDLE
2026-08-17T11:41:58.398360,0.0000000,0.0000000,1.89,-0.1002,0.0500,-0.8595,310.0,0.00,0.000,0.000,IDLE
2026-08-17T11:41:59.398666,0.0000000,0.0000000,1.83,-0.1002,0.0500,-0.8590,310.0,0.00,0.000,0.000,IDLE
2026-08-17T11:42:00.398372,0.0000000,0.0000000,1.81,-0.1002,0.0499,-0.8596,310.0,0.00,0.000,0.000,IDLE
2026-08-17T11:42:01.398348,0.0000000,0.0000000,1.88,-0.1001,0.0499,-0.8597,310.0,0.00,0.000,0.000,IDLE
2026-08-17T11:42:02.398465,0.0000000,0.0000000,1.74,-0.1002,0.0497,-0.8612,310.0,0.00,0.000,0.000,IDLE
2026-08-17T11:42:03.398390,0.0000000,0.0000000,1.79,-0.1003,0.0497,-0.8613,310.0,0.00,0.000,0.000,IDLE
2026-08-17T11:42:04.398397,0.0000000,0.0000000,1.74,-0.1001,0.0499,-0.8602,310.0,0.00,0.000,0.000,IDLE
2026-08-17T11:42:05.398428,0.0000000,0.0000000,1.83,-0.1002,0.0498,-0.8626,310.0,0.00,0.000,0.000,IDLE
2026-08-17T11:42:06.398872,0.0000000,0.0000000,1.81,-0.1001,0.0497,-0.8632,310.0,0.00,0.000,0.000,IDLE
2026-08-17T11:42:07.398330,0.0000000,0.0000000,1.74,-0.1002,0.0496,-0.8639,310.0,0.00,0.000,0.000,IDLE
2026-08-17T11:42:08.398422,0.0000000,0.0000000,1.90,-0.1000,0.0499,-0.8607,310.0,0.00,0.000,0.000,IDLE
2026-08-17T11:42:09.398336,0.0000000,0.0000000,1.87,-0.1001,0.0500,-0.8615,310.0,0.00,0.000,0.000,IDLE
2026-08-17T11:42:10.398407,0.0000000,0.0000000,1.92,-0.1001,0.0500,-0.8598,310.0,0.00,0.000,0.000,IDLE
2026-08-17T11:42:11.398417,0.0000000,0.0000000,1.80,-0.1001,0.0501,-0.8588,310.0,0.00,0.000,0.000,IDLE
2026-08-17T11:42:12.398417,0.0000000,0.0000000,1.68,-0.1001,0.0502,-0.8575,310.0,0.00,0.000,0.000,IDLE
2026-08-17T11:42:13.398596,0.0000000,0.0000000,1.73,-0.0999,0.0504,-0.8558,310.0,0.00,0.000,0.000,IDLE
2026-08-17T11:42:14.398334,0.0000000,0.0000000,1.82,-0.1000,0.0503,-0.8571,310.0,0.00,0.000,0.000,IDLE
2026-08-17T11:42:15.398404,0.0000000,0.0000000,1.86,-0.1002,0.0501,-0.8589,310.0,0.00,0.000,0.000,IDLE
2026-08-17T11:42:16.398450,0.0000000,0.0000000,1.90,-0.1001,0.0503,-0.8578,310.0,0.00,0.000,0.000,IDLE
2026-08-17T11:42:17.398380,0.0000000,0.0000000,1.72,-0.1001,0.0502,-0.8594,310.0,0.00,0.000,0.000,IDLE
2026-08-17T11:42:18.398339,0.0000000,0.0000000,1.84,-0.1002,0.0499,-0.8640,310.0,0.00,0.000,0.000,IDLE
2026-08-17T11:42:19.398478,0.0000000,0.0000000,1.81,-0.1001,0.0502,-0.8617,310.0,0.00,0.000,0.000,IDLE
2026-08-17T11:42:20.398344,0.0000000,0.0000000,1.72,-0.1001,0.0501,-0.8629,310.0,0.00,0.000,0.000,IDLE
2026-08-17T11:42:21.398378,0.0000000,0.0000000,1.65,-0.1000,0.0501,-0.8628,310.0,0.00,0.000,0.000,IDLE
2026-08-17T11:42:22.398350,0.0000000,0.0000000,1.79,-0.1002,0.0500,-0.8661,310.0,0.00,0.000,0.000,IDLE
2026-08-17T11:42:23.398458,0.0000000,0.0000000,1.78,-0.1001,0.0500,-0.8673,310.0,0.00,0.000,0.000,IDLE
2026-08-17T11:42:24.398911,0.0000000,0.0000000,1.75,-0.1000,0.0499,-0.8672,310.0,0.00,0.000,0.000,IDLE
2026-08-17T11:42:25.398335,0.0000000,0.0000000,1.59,-0.0998,0.0500,-0.8664,310.0,0.00,0.000,0.000,IDLE
2026-08-17T11:42:26.398674,0.0000000,0.0000000,1.55,-0.0998,0.0500,-0.8658,310.0,0.00,0.000,0.000,IDLE
2026-08-17T11:42:27.398993,0.0000000,0.0000000,1.69,-0.0998,0.0500,-0.8657,310.0,0.00,0.000,0.000,IDLE
2026-08-17T11:42:28.398567,0.0000000,0.0000000,1.78,-0.0997,0.0503,-0.8637,310.0,0.00,0.000,0.000,IDLE
2026-08-17T11:42:29.398398,0.0000000,0.0000000,1.55,-0.0998,0.0503,-0.8629,310.0,0.00,0.000,0.000,IDLE
2026-08-17T11:42:30.398433,0.0000000,0.0000000,1.59,-0.0996,0.0505,-0.8610,310.0,0.00,0.000,0.000,IDLE
2026-08-17T11:42:31.399220,0.0000000,0.0000000,1.64,-0.0997,0.0504,-0.8617,310.0,0.00,0.000,0.000,IDLE
2026-08-17T11:42:32.398340,0.0000000,0.0000000,1.58,-0.0996,0.0505,-0.8578,310.0,0.00,0.000,0.000,IDLE
2026-08-17T11:42:33.398487,0.0000000,0.0000000,1.59,-0.0998,0.0504,-0.8594,310.0,0.00,0.000,0.000,IDLE
2026-08-17T11:42:34.398517,0.0000000,0.0000000,1.67,-0.0997,0.0506,-0.8566,310.0,0.00,0.000,0.000,IDLE
2026-08-17T11:42:35.398762,0.0000000,0.0000000,1.78,-0.0998,0.0504,-0.8580,310.0,0.00,0.000,0.000,IDLE
2026-08-17T11:42:36.398410,0.0000000,0.0000000,1.68,-0.1000,0.0502,-0.8599,310.0,0.00,0.000,0.000,IDLE
2026-08-17T11:42:37.398359,0.0000000,0.0000000,1.74,-0.1000,0.0502,-0.8602,310.0,0.00,0.000,0.000,IDLE
2026-08-17T11:42:38.398363,0.0000000,0.0000000,1.65,-0.0999,0.0504,-0.8571,310.0,0.00,0.000,0.000,IDLE
2026-08-17T11:42:39.398539,0.0000000,0.0000000,1.94,-0.1002,0.0501,-0.8593,310.0,0.00,0.000,0.000,IDLE
2026-08-17T11:42:40.398369,0.0000000,0.0000000,1.77,-0.1001,0.0500,-0.8591,310.0,0.00,0.000,0.000,IDLE
2026-08-17T11:42:41.398533,0.0000000,0.0000000,1.83,-0.1001,0.0501,-0.8589,310.0,0.00,0.000,0.000,IDLE
2026-08-17T11:42:42.398355,0.0000000,0.0000000,1.95,-0.1002,0.0502,-0.8577,310.0,0.00,0.000,0.000,IDLE
2026-08-17T11:42:43.398526,0.0000000,0.0000000,1.92,-0.1004,0.0500,-0.8578,310.0,0.00,0.000,0.000,IDLE
2026-08-17T11:42:44.398480,0.0000000,0.0000000,1.64,-0.1003,0.0501,-0.8580,310.0,0.00,0.000,0.000,IDLE
2026-08-17T11:42:45.398582,0.0000000,0.0000000,2.09,-0.1003,0.0502,-0.8566,310.0,0.00,0.000,0.000,IDLE
2026-08-17T11:42:46.398663,0.0000000,0.0000000,1.73,-0.1004,0.0499,-0.8584,310.0,0.00,0.000,0.000,IDLE
2026-08-17T11:42:47.398373,0.0000000,0.0000000,1.77,-0.1002,0.0500,-0.8564,310.0,0.00,0.000,0.000,IDLE
2026-08-17T11:42:48.398433,0.0000000,0.0000000,1.76,-0.1003,0.0501,-0.8576,310.0,0.00,0.000,0.000,IDLE
2026-08-17T11:42:49.398391,0.0000000,0.0000000,1.84,-0.1004,0.0500,-0.8591,310.0,0.00,0.000,0.000,IDLE
2026-08-17T11:42:50.398337,0.0000000,0.0000000,1.87,-0.1005,0.0499,-0.8620,310.0,0.00,0.000,0.000,IDLE
2026-08-17T11:42:51.398348,0.0000000,0.0000000,1.95,-0.1005,0.0498,-0.8620,310.0,0.00,0.000,0.000,IDLE
2026-08-17T11:42:52.398443,0.0000000,0.0000000,1.87,-0.1004,0.0497,-0.8622,310.0,0.00,0.000,0.000,IDLE
2026-08-17T11:42:53.398394,0.0000000,0.0000000,1.91,-0.1004,0.0498,-0.8631,310.0,0.00,0.000,0.000,IDLE
2026-08-17T11:42:54.398357,0.0000000,0.0000000,2.00,-0.1004,0.0496,-0.8642,310.0,0.00,0.000,0.000,IDLE
2026-08-17T11:42:55.398490,0.0000000,0.0000000,2.02,-0.1003,0.0497,-0.8640,310.0,0.00,0.000,0.000,IDLE
2026-08-17T11:42:56.398500,0.0000000,0.0000000,2.01,-0.1003,0.0497,-0.8649,310.0,0.00,0.000,0.000,IDLE
2026-08-17T11:42:57.398341,0.0000000,0.0000000,1.80,-0.1002,0.0497,-0.8654,310.0,0.00,0.000,0.000,IDLE
2026-08-17T11:42:58.399548,0.0000000,0.0000000,2.05,-0.1001,0.0497,-0.8654,310.0,0.00,0.000,0.000,IDLE
2026-08-17T11:42:59.398365,0.0000000,0.0000000,1.72,-0.1002,0.0498,-0.8646,310.0,0.00,0.000,0.000,IDLE
2026-08-17T11:43:00.398426,0.0000000,0.0000000,1.84,-0.1003,0.0498,-0.8663,310.0,0.00,0.000,0.000,IDLE
2026-08-17T11:43:01.398435,0.0000000,0.0000000,1.96,-0.1005,0.0495,-0.8685,310.0,0.00,0.000,0.000,IDLE
2026-08-17T11:43:02.398385,0.0000000,0.0000000,1.90,-0.1006,0.0495,-0.8688,310.0,0.00,0.000,0.000,IDLE
2026-08-17T11:43:03.398446,0.0000000,0.0000000,1.85,-0.1004,0.0496,-0.8670,310.0,0.00,0.000,0.000,IDLE
2026-08-17T11:43:04.398339,0.0000000,0.0000000,1.93,-0.1001,0.0501,-0.8629,310.0,0.00,0.000,0.000,IDLE
2026-08-17T11:43:05.398343,0.0000000,0.0000000,2.11,-0.1002,0.0499,-0.8635,310.0,0.00,0.000,0.000,IDLE
2026-08-17T11:43:06.398358,0.0000000,0.0000000,1.92,-0.1002,0.0500,-0.8632,310.0,0.00,0.000,0.000,IDLE
2026-08-17T11:43:07.398387,0.0000000,0.0000000,2.10,-0.1002,0.0500,-0.8642,310.0,0.00,0.000,0.000,IDLE
2026-08-17T11:43:08.398372,0.0000000,0.0000000,1.85,-0.1002,0.0501,-0.8618,310.0,0.00,0.000,0.000,IDLE
2026-08-17T11:43:09.398391,0.0000000,0.0000000,1.92,-0.1000,0.0503,-0.8596,310.0,0.00,0.000,0.000,IDLE
2026-08-17T11:43:10.398422,0.0000000,0.0000000,2.05,-0.0999,0.0504,-0.8554,310.0,0.00,0.000,0.000,IDLE
2026-08-17T11:43:11.398331,0.0000000,0.0000000,1.93,-0.0999,0.0503,-0.8544,311.0,0.00,0.000,0.000,IDLE
2026-08-17T11:43:12.398539,0.0000000,0.0000000,1.95,-0.0999,0.0505,-0.8525,311.0,0.00,0.000,0.000,IDLE
2026-08-17T11:43:13.398405,0.0000000,0.0000000,1.82,-0.1000,0.0503,-0.8528,311.0,0.00,0.000,0.000,IDLE
2026-08-17T11:43:14.398467,0.0000000,0.0000000,1.92,-0.1000,0.0505,-0.8509,311.0,0.00,0.000,0.000,IDLE
2026-08-17T11:43:15.398514,0.0000000,0.0000000,2.09,-0.1000,0.0504,-0.8505,311.0,0.00,0.000,0.000,IDLE
2026-08-17T11:43:16.398369,0.0000000,0.0000000,1.96,-0.1000,0.0504,-0.8499,311.0,0.00,0.000,0.000,IDLE
2026-08-17T11:43:17.398368,0.0000000,0.0000000,2.05,-0.1001,0.0503,-0.8500,311.0,0.00,0.000,0.000,IDLE
2026-08-17T11:43:18.398360,0.0000000,0.0000000,1.72,-0.1001,0.0502,-0.8498,311.0,0.00,0.000,0.000,IDLE
2026-08-17T11:43:19.398630,0.0000000,0.0000000,1.93,-0.1002,0.0500,-0.8497,311.0,0.00,0.000,0.000,IDLE
2026-08-17T11:43:20.398692,0.0000000,0.0000000,2.00,-0.1002,0.0500,-0.8489,311.0,0.00,0.000,0.000,IDLE
2026-08-17T11:43:21.398595,0.0000000,0.0000000,2.09,-0.1004,0.0498,-0.8511,311.0,0.00,0.000,0.000,IDLE
2026-08-17T11:43:22.398401,0.0000000,0.0000000,2.02,-0.1005,0.0497,-0.8523,311.0,0.00,0.000,0.000,IDLE
2026-08-17T11:43:23.398516,0.0000000,0.0000000,1.92,-0.1004,0.0499,-0.8508,311.0,0.00,0.000,0.000,IDLE
2026-08-17T11:43:24.398367,0.0000000,0.0000000,1.97,-0.1008,0.0495,-0.8543,311.0,0.00,0.000,0.000,IDLE
2026-08-17T11:43:25.398350,0.0000000,0.0000000,1.99,-0.1009,0.0495,-0.8567,310.0,0.00,0.000,0.000,IDLE
2026-08-17T11:43:26.398401,0.0000000,0.0000000,1.88,-0.1008,0.0494,-0.8588,310.0,0.00,0.000,0.000,IDLE
2026-08-17T11:43:27.398331,0.0000000,0.0000000,2.00,-0.1008,0.0492,-0.8601,310.0,0.00,0.000,0.000,IDLE
2026-08-17T11:43:28.398545,0.0000000,0.0000000,1.97,-0.1010,0.0492,-0.8621,310.0,0.00,0.000,0.000,IDLE
2026-08-17T11:43:29.398757,0.0000000,0.0000000,2.02,-0.1010,0.0492,-0.8622,310.0,0.00,0.000,0.000,IDLE
2026-08-17T11:43:30.399381,0.0000000,0.0000000,1.94,-0.1010,0.0492,-0.8641,310.0,0.00,0.000,0.000,IDLE
2026-08-17T11:43:31.398346,0.0000000,0.0000000,1.77,-0.1010,0.0491,-0.8665,310.0,0.00,0.000,0.000,IDLE
2026-08-17T11:43:32.398354,0.0000000,0.0000000,1.95,-0.1010,0.0492,-0.8665,310.0,0.00,0.000,0.000,IDLE
2026-08-17T11:43:33.398359,0.0000000,0.0000000,1.99,-0.1010,0.0492,-0.8691,310.0,0.00,0.000,0.000,IDLE
2026-08-17T11:43:34.398370,0.0000000,0.0000000,1.96,-0.1012,0.0492,-0.8729,309.0,0.00,0.000,0.000,IDLE
2026-08-17T11:43:35.398410,0.0000000,0.0000000,1.95,-0.1013,0.0490,-0.8775,309.0,0.00,0.000,0.000,IDLE
2026-08-17T11:43:36.398449,0.0000000,0.0000000,2.02,-0.1013,0.0492,-0.8788,309.0,0.00,0.000,0.000,IDLE
2026-08-17T11:43:37.398630,0.0000000,0.0000000,2.06,-0.1012,0.0492,-0.8797,309.0,0.00,0.000,0.000,IDLE
2026-08-17T11:43:38.398469,0.0000000,0.0000000,1.84,-0.1013,0.0490,-0.8845,309.0,0.00,0.000,0.000,IDLE
2026-08-17T11:43:39.398358,0.0000000,0.0000000,1.75,-0.1013,0.0490,-0.8868,309.0,0.00,0.000,0.000,IDLE
2026-08-17T11:43:40.398355,0.0000000,0.0000000,1.86,-0.1012,0.0491,-0.8867,309.0,0.00,0.000,0.000,IDLE
2026-08-17T11:43:41.398339,0.0000000,0.0000000,1.90,-0.1011,0.0493,-0.8873,309.0,0.00,0.000,0.000,IDLE
2026-08-17T11:43:42.398344,0.0000000,0.0000000,1.90,-0.1010,0.0494,-0.8872,309.0,0.00,0.000,0.000,IDLE
2026-08-17T11:43:43.398681,0.0000000,0.0000000,2.07,-0.1009,0.0496,-0.8862,309.0,0.00,0.000,0.000,IDLE
2026-08-17T11:43:44.398722,0.0000000,0.0000000,2.16,-0.1007,0.0495,-0.8865,309.0,0.00,0.000,0.000,IDLE
2026-08-17T11:43:45.398475,0.0000000,0.0000000,1.81,-0.1007,0.0495,-0.8882,309.0,0.00,0.000,0.000,IDLE
2026-08-17T11:43:46.398665,0.0000000,0.0000000,1.93,-0.1006,0.0496,-0.8867,309.0,0.00,0.000,0.000,IDLE
2026-08-17T11:43:47.398726,0.0000000,0.0000000,1.94,-0.1005,0.0498,-0.8841,309.0,0.00,0.000,0.000,IDLE
2026-08-17T11:43:48.398336,0.0000000,0.0000000,2.06,-0.1006,0.0499,-0.8847,309.0,0.00,0.000,0.000,IDLE
2026-08-17T11:43:49.398475,0.0000000,0.0000000,1.98,-0.1005,0.0502,-0.8822,309.0,0.00,0.000,0.000,IDLE
2026-08-17T11:43:50.398407,0.0000000,0.0000000,2.07,-0.1006,0.0503,-0.8827,309.0,0.00,0.000,0.000,IDLE
2026-08-17T11:43:51.398354,0.0000000,0.0000000,1.94,-0.1005,0.0504,-0.8819,309.0,0.00,0.000,0.000,IDLE
2026-08-17T11:43:52.401899,0.0000000,0.0000000,2.00,-0.1002,0.0506,-0.8799,309.0,0.00,0.000,0.000,IDLE
2026-08-17T11:43:53.398353,0.0000000,0.0000000,2.00,-0.1003,0.0505,-0.8800,309.0,0.00,0.000,0.000,IDLE
2026-08-17T11:43:54.398432,0.0000000,0.0000000,2.14,-0.1002,0.0505,-0.8790,309.0,0.00,0.000,0.000,IDLE
2026-08-17T11:43:55.398340,0.0000000,0.0000000,2.08,-0.1000,0.0507,-0.8744,309.0,0.00,0.000,0.000,IDLE
2026-08-17T11:43:56.398678,0.0000000,0.0000000,1.92,-0.1001,0.0505,-0.8763,309.0,0.00,0.000,0.000,IDLE
2026-08-17T11:43:57.398386,0.0000000,0.0000000,1.76,-0.1002,0.0504,-0.8766,309.0,0.00,0.000,0.000,IDLE
2026-08-17T11:43:58.398375,0.0000000,0.0000000,2.13,-0.1000,0.0507,-0.8741,309.0,0.00,0.000,0.000,IDLE
2026-08-17T11:43:59.398397,0.0000000,0.0000000,1.93,-0.1002,0.0505,-0.8768,309.0,0.00,0.000,0.000,IDLE
2026-08-17T11:44:00.398378,0.0000000,0.0000000,2.18,-0.1003,0.0505,-0.8766,309.0,0.00,0.000,0.000,IDLE
2026-08-17T11:44:01.398744,0.0000000,0.0000000,2.16,-0.1003,0.0506,-0.8754,309.0,0.00,0.000,0.000,IDLE
2026-08-17T11:44:02.398336,0.0000000,0.0000000,2.12,-0.1003,0.0505,-0.8752,309.0,0.00,0.000,0.000,IDLE
2026-08-17T11:44:03.398336,0.0000000,0.0000000,1.98,-0.1002,0.0504,-0.8735,309.0,0.00,0.000,0.000,IDLE
2026-08-17T11:44:04.398476,0.0000000,0.0000000,2.26,-0.1006,0.0501,-0.8772,309.0,0.00,0.000,0.000,IDLE
2026-08-17T11:44:05.398441,0.0000000,0.0000000,2.11,-0.1003,0.0504,-0.8736,309.0,0.00,0.000,0.000,IDLE
2026-08-17T11:44:06.398333,0.0000000,0.0000000,2.19,-0.1004,0.0504,-0.8732,309.0,0.00,0.000,0.000,IDLE
2026-08-17T11:44:07.399399,0.0000000,0.0000000,2.14,-0.1003,0.0503,-0.8721,310.0,0.00,0.000,0.000,IDLE
2026-08-17T11:44:08.398476,0.0000000,0.0000000,1.93,-0.1003,0.0503,-0.8723,310.0,0.00,0.000,0.000,IDLE
2026-08-17T11:44:09.398360,0.0000000,0.0000000,2.16,-0.1002,0.0505,-0.8698,310.0,0.00,0.000,0.000,IDLE
2026-08-17T11:44:10.398355,0.0000000,0.0000000,2.11,-0.1006,0.0502,-0.8736,309.0,0.00,0.000,0.000,IDLE
2026-08-17T11:44:11.403148,0.0000000,0.0000000,2.15,-0.1007,0.0501,-0.8737,309.0,0.00,0.000,0.000,IDLE
2026-08-17T11:44:12.398454,0.0000000,0.0000000,2.24,-0.1008,0.0500,-0.8763,309.0,0.00,0.000,0.000,IDLE
2026-08-17T11:44:13.398453,0.0000000,0.0000000,1.97,-0.1009,0.0499,-0.8769,309.0,0.00,0.000,0.000,IDLE
2026-08-17T11:44:14.398494,0.0000000,0.0000000,2.27,-0.1009,0.0498,-0.8773,309.0,0.00,0.000,0.000,IDLE
2026-08-17T11:44:15.399436,0.0000000,0.0000000,2.22,-0.1009,0.0497,-0.8791,309.0,0.00,0.000,0.000,IDLE
2026-08-17T11:44:16.398384,0.0000000,0.0000000,2.10,-0.1008,0.0498,-0.8780,309.0,0.00,0.000,0.000,IDLE
2026-08-17T11:44:17.398852,0.0000000,0.0000000,2.23,-0.1010,0.0496,-0.8795,309.0,0.00,0.000,0.000,IDLE
2026-08-17T11:44:18.398492,0.0000000,0.0000000,1.96,-0.1009,0.0495,-0.8802,309.0,0.00,0.000,0.000,IDLE
2026-08-17T11:44:19.399411,0.0000000,0.0000000,2.15,-0.1009,0.0495,-0.8803,309.0,0.00,0.000,0.000,IDLE
2026-08-17T11:44:20.398324,0.0000000,0.0000000,2.13,-0.1009,0.0493,-0.8816,309.0,0.00,0.000,0.000,IDLE
2026-08-17T11:44:21.398334,0.0000000,0.0000000,2.13,-0.1007,0.0492,-0.8824,309.0,0.00,0.000,0.000,IDLE
2026-08-17T11:44:22.398484,0.0000000,0.0000000,1.99,-0.1009,0.0490,-0.8850,309.0,0.00,0.000,0.000,IDLE
2026-08-17T11:44:23.398505,0.0000000,0.0000000,2.13,-0.1009,0.0489,-0.8867,309.0,0.00,0.000,0.000,IDLE
2026-08-17T11:44:24.398376,0.0000000,0.0000000,2.09,-0.1009,0.0490,-0.8874,309.0,0.00,0.000,0.000,IDLE
2026-08-17T11:44:25.398353,0.0000000,0.0000000,2.24,-0.1008,0.0490,-0.8881,309.0,0.00,0.000,0.000,IDLE
2026-08-17T11:44:26.398328,0.0000000,0.0000000,2.13,-0.1006,0.0493,-0.8882,309.0,0.00,0.000,0.000,IDLE
2026-08-17T11:44:27.398464,0.0000000,0.0000000,2.22,-0.1004,0.0494,-0.8865,309.0,0.00,0.000,0.000,IDLE
2026-08-17T11:44:28.398683,0.0000000,0.0000000,1.83,-0.1004,0.0498,-0.8843,309.0,0.00,0.000,0.000,IDLE
2026-08-17T11:44:29.398339,0.0000000,0.0000000,1.97,-0.1004,0.0497,-0.8849,309.0,0.00,0.000,0.000,IDLE
2026-08-17T11:44:30.398416,0.0000000,0.0000000,1.95,-0.1004,0.0499,-0.8836,309.0,0.00,0.000,0.000,IDLE
2026-08-17T11:44:31.398447,0.0000000,0.0000000,1.93,-0.1001,0.0500,-0.8818,309.0,0.00,0.000,0.000,IDLE
2026-08-17T11:44:32.398832,0.0000000,0.0000000,2.01,-0.1000,0.0502,-0.8799,309.0,0.00,0.000,0.000,IDLE
2026-08-17T11:44:33.398387,0.0000000,0.0000000,2.00,-0.0999,0.0503,-0.8765,309.0,0.00,0.000,0.000,IDLE
2026-08-17T11:44:34.402338,0.0000000,0.0000000,2.08,-0.1000,0.0501,-0.8776,309.0,0.00,0.000,0.000,IDLE
2026-08-17T11:44:35.398350,0.0000000,0.0000000,1.91,-0.1000,0.0500,-0.8772,309.0,0.00,0.000,0.000,IDLE
2026-08-17T11:44:36.398339,0.0000000,0.0000000,1.93,-0.1000,0.0499,-0.8770,309.0,0.00,0.000,0.000,IDLE
2026-08-17T11:44:37.398867,0.0000000,0.0000000,1.90,-0.1002,0.0499,-0.8781,309.0,0.00,0.000,0.000,IDLE
2026-08-17T11:44:38.398365,0.0000000,0.0000000,2.02,-0.1002,0.0499,-0.8771,309.0,0.00,0.000,0.000,IDLE
2026-08-17T11:44:39.398347,0.0000000,0.0000000,2.03,-0.1002,0.0500,-0.8757,309.0,0.00,0.000,0.000,IDLE
2026-08-17T11:44:40.398549,0.0000000,0.0000000,1.88,-0.1002,0.0501,-0.8756,309.0,0.00,0.000,0.000,IDLE
2026-08-17T11:44:41.399382,0.0000000,0.0000000,2.08,-0.1002,0.0503,-0.8754,309.0,0.00,0.000,0.000,IDLE
2026-08-17T11:44:42.398366,0.0000000,0.0000000,2.01,-0.1001,0.0504,-0.8734,309.0,0.00,0.000,0.000,IDLE
2026-08-17T11:44:43.401759,0.0000000,0.0000000,2.02,-0.1004,0.0502,-0.8749,309.0,0.00,0.000,0.000,IDLE
2026-08-17T11:44:44.398376,0.0000000,0.0000000,1.92,-0.1004,0.0503,-0.8755,309.0,0.00,0.000,0.000,IDLE
2026-08-17T11:44:45.398440,0.0000000,0.0000000,1.95,-0.1005,0.0502,-0.8768,309.0,0.00,0.000,0.000,IDLE
2026-08-17T11:44:46.398492,0.0000000,0.0000000,2.05,-0.1004,0.0503,-0.8764,309.0,0.00,0.000,0.000,IDLE
2026-08-17T11:44:47.398354,0.0000000,0.0000000,2.10,-0.1005,0.0501,-0.8776,309.0,0.00,0.000,0.000,IDLE
2026-08-17T11:44:48.398374,0.0000000,0.0000000,1.90,-0.1005,0.0501,-0.8774,309.0,0.00,0.000,0.000,IDLE
2026-08-17T11:44:49.399804,0.0000000,0.0000000,2.10,-0.1005,0.0500,-0.8783,309.0,0.00,0.000,0.000,IDLE
2026-08-17T11:44:50.404111,0.0000000,0.0000000,1.90,-0.1007,0.0500,-0.8783,309.0,0.00,0.000,0.000,IDLE
2026-08-17T11:44:51.398400,0.0000000,0.0000000,1.89,-0.1007,0.0501,-0.8782,309.0,0.00,0.000,0.000,IDLE
2026-08-17T11:44:52.399001,0.0000000,0.0000000,1.93,-0.1007,0.0501,-0.8782,309.0,0.00,0.000,0.000,IDLE
2026-08-17T11:44:53.398664,0.0000000,0.0000000,2.07,-0.1006,0.0500,-0.8792,309.0,0.00,0.000,0.000,IDLE
2026-08-17T11:44:54.399458,0.0000000,0.0000000,2.08,-0.1007,0.0500,-0.8795,309.0,0.00,0.000,0.000,IDLE
2026-08-17T11:44:55.398364,0.0000000,0.0000000,2.11,-0.1008,0.0501,-0.8786,309.0,0.00,0.000,0.000,IDLE
2026-08-17T11:44:56.398382,0.0000000,0.0000000,2.16,-0.1008,0.0501,-0.8808,309.0,0.00,0.000,0.000,IDLE
2026-08-17T11:44:57.398356,0.0000000,0.0000000,2.19,-0.1007,0.0502,-0.8819,309.0,0.00,0.000,0.000,IDLE
2026-08-17T11:44:58.398451,0.0000000,0.0000000,2.04,-0.1006,0.0505,-0.8781,309.0,0.00,0.000,0.000,IDLE
2026-08-17T11:44:59.398645,0.0000000,0.0000000,2.26,-0.1004,0.0506,-0.8769,309.0,0.00,0.000,0.000,IDLE
2026-08-17T11:45:00.398405,0.0000000,0.0000000,2.31,-0.1005,0.0505,-0.8784,309.0,0.00,0.000,0.000,IDLE
2026-08-17T11:45:01.398756,0.0000000,0.0000000,2.07,-0.1006,0.0505,-0.8781,309.0,0.00,0.000,0.000,IDLE
2026-08-17T11:45:02.398539,0.0000000,0.0000000,2.25,-0.1006,0.0504,-0.8788,309.0,0.00,0.000,0.000,IDLE
2026-08-17T11:45:03.398401,0.0000000,0.0000000,2.19,-0.1006,0.0504,-0.8791,309.0,0.00,0.000,0.000,IDLE
2026-08-17T11:45:04.398337,0.0000000,0.0000000,2.16,-0.1008,0.0502,-0.8828,309.0,0.00,0.000,0.000,IDLE
2026-08-17T11:45:05.398586,0.0000000,0.0000000,2.19,-0.1008,0.0500,-0.8835,309.0,0.00,0.000,0.000,IDLE
2026-08-17T11:45:06.398391,0.0000000,0.0000000,2.10,-0.1007,0.0501,-0.8836,309.0,0.00,0.000,0.000,IDLE
2026-08-17T11:45:07.398391,0.0000000,0.0000000,2.19,-0.1006,0.0502,-0.8817,309.0,0.00,0.000,0.000,IDLE
2026-08-17T11:45:08.398404,0.0000000,0.0000000,2.26,-0.1004,0.0503,-0.8809,309.0,0.00,0.000,0.000,IDLE
2026-08-17T11:45:09.398336,0.0000000,0.0000000,2.11,-0.1004,0.0503,-0.8817,309.0,0.00,0.000,0.000,IDLE
2026-08-17T11:45:10.398370,0.0000000,0.0000000,1.97,-0.1002,0.0505,-0.8798,309.0,0.00,0.000,0.000,IDLE
2026-08-17T11:45:11.398455,0.0000000,0.0000000,1.87,-0.1003,0.0502,-0.8824,309.0,0.00,0.000,0.000,IDLE
2026-08-17T11:45:12.398456,0.0000000,0.0000000,2.10,-0.1005,0.0500,-0.8851,309.0,0.00,0.000,0.000,IDLE
2026-08-17T11:45:13.398375,0.0000000,0.0000000,2.27,-0.1004,0.0501,-0.8844,309.0,0.00,0.000,0.000,IDLE
2026-08-17T11:45:14.398889,0.0000000,0.0000000,2.05,-0.1004,0.0501,-0.8846,309.0,0.00,0.000,0.000,IDLE
2026-08-17T11:45:15.398452,0.0000000,0.0000000,2.24,-0.1004,0.0502,-0.8838,309.0,0.00,0.000,0.000,IDLE
2026-08-17T11:45:16.398359,0.0000000,0.0000000,2.14,-0.1003,0.0502,-0.8827,309.0,0.00,0.000,0.000,IDLE
2026-08-17T11:45:17.398475,0.0000000,0.0000000,2.16,-0.1002,0.0504,-0.8815,309.0,0.00,0.000,0.000,IDLE
2026-08-17T11:45:18.398388,0.0000000,0.0000000,2.20,-0.1001,0.0505,-0.8809,309.0,0.00,0.000,0.000,IDLE
2026-08-17T11:45:19.398471,0.0000000,0.0000000,2.19,-0.1000,0.0505,-0.8786,309.0,0.00,0.000,0.000,IDLE
2026-08-17T11:45:20.398886,0.0000000,0.0000000,2.22,-0.1002,0.0504,-0.8783,309.0,0.00,0.000,0.000,IDLE
2026-08-17T11:45:21.398676,0.0000000,0.0000000,2.25,-0.1002,0.0504,-0.8775,309.0,0.00,0.000,0.000,IDLE
2026-08-17T11:45:22.398757,0.0000000,0.0000000,2.33,-0.1003,0.0504,-0.8767,309.0,0.00,0.000,0.000,IDLE
2026-08-17T11:45:23.405781,0.0000000,0.0000000,2.21,-0.1003,0.0504,-0.8760,309.0,0.00,0.000,0.000,IDLE
2026-08-17T11:45:24.399190,0.0000000,0.0000000,2.37,-0.1002,0.0504,-0.8744,309.0,0.00,0.000,0.000,IDLE
2026-08-17T11:45:25.398385,0.0000000,0.0000000,2.22,-0.1003,0.0502,-0.8761,309.0,0.00,0.000,0.000,IDLE
2026-08-17T11:45:26.398457,0.0000000,0.0000000,2.31,-0.1003,0.0499,-0.8778,309.0,0.00,0.000,0.000,IDLE
2026-08-17T11:45:27.398712,0.0000000,0.0000000,2.30,-0.1003,0.0500,-0.8763,309.0,0.00,0.000,0.000,IDLE
2026-08-17T11:45:28.398405,0.0000000,0.0000000,2.32,-0.1004,0.0500,-0.8770,309.0,0.00,0.000,0.000,IDLE
2026-08-17T11:45:29.398701,0.0000000,0.0000000,2.35,-0.1006,0.0499,-0.8795,309.0,0.00,0.000,0.000,IDLE
2026-08-17T11:45:30.398364,0.0000000,0.0000000,2.19,-0.1005,0.0502,-0.8776,309.0,0.00,0.000,0.000,IDLE
2026-08-17T11:45:31.398460,0.0000000,0.0000000,2.42,-0.1006,0.0502,-0.8798,309.0,0.00,0.000,0.000,IDLE
2026-08-17T11:45:32.398351,0.0000000,0.0000000,2.23,-0.1006,0.0500,-0.8809,309.0,0.00,0.000,0.000,IDLE
2026-08-17T11:45:33.400784,0.0000000,0.0000000,2.17,-0.1004,0.0502,-0.8800,309.0,0.00,0.000,0.000,IDLE
2026-08-17T11:45:34.398389,0.0000000,0.0000000,2.09,-0.1005,0.0502,-0.8800,309.0,0.00,0.000,0.000,IDLE
2026-08-17T11:45:35.398585,0.0000000,0.0000000,2.25,-0.1006,0.0501,-0.8809,309.0,0.00,0.000,0.000,IDLE
2026-08-17T11:45:36.398462,0.0000000,0.0000000,2.00,-0.1009,0.0501,-0.8824,309.0,0.00,0.000,0.000,IDLE
2026-08-17T11:45:37.398349,0.0000000,0.0000000,2.30,-0.1009,0.0499,-0.8843,309.0,0.00,0.000,0.000,IDLE
2026-08-17T11:45:38.398388,0.0000000,0.0000000,2.09,-0.1008,0.0500,-0.8837,309.0,0.00,0.000,0.000,IDLE
2026-08-17T11:45:39.398450,0.0000000,0.0000000,2.25,-0.1008,0.0502,-0.8833,309.0,0.00,0.000,0.000,IDLE
2026-08-17T11:45:40.398469,0.0000000,0.0000000,2.03,-0.1007,0.0504,-0.8810,309.0,0.00,0.000,0.000,IDLE
2026-08-17T11:45:41.398445,0.0000000,0.0000000,2.02,-0.1008,0.0503,-0.8811,309.0,0.00,0.000,0.000,IDLE
2026-08-17T11:45:42.398345,0.0000000,0.0000000,2.16,-0.1009,0.0502,-0.8821,309.0,0.00,0.000,0.000,IDLE
2026-08-17T11:45:43.398458,0.0000000,0.0000000,2.27,-0.1009,0.0501,-0.8831,309.0,0.00,0.000,0.000,IDLE
2026-08-17T11:45:44.398437,0.0000000,0.0000000,2.19,-0.1009,0.0502,-0.8826,309.0,0.00,0.000,0.000,IDLE
2026-08-17T11:45:45.399472,0.0000000,0.0000000,2.27,-0.1008,0.0504,-0.8804,309.0,0.00,0.000,0.000,IDLE
2026-08-17T11:45:46.398452,0.0000000,0.0000000,2.25,-0.1007,0.0504,-0.8796,309.0,0.00,0.000,0.000,IDLE
2026-08-17T11:45:47.398678,0.0000000,0.0000000,2.40,-0.1009,0.0500,-0.8835,309.0,0.00,0.000,0.000,IDLE
2026-08-17T11:45:48.398373,0.0000000,0.0000000,2.30,-0.1008,0.0500,-0.8825,309.0,0.00,0.000,0.000,IDLE
2026-08-17T11:45:49.398966,0.0000000,0.0000000,2.20,-0.1009,0.0499,-0.8832,309.0,0.00,0.000,0.000,IDLE
2026-08-17T11:45:50.398409,0.0000000,0.0000000,2.37,-0.1007,0.0499,-0.8821,309.0,0.00,0.000,0.000,IDLE
2026-08-17T11:45:51.398344,0.0000000,0.0000000,2.22,-0.1007,0.0498,-0.8833,309.0,0.00,0.000,0.000,IDLE
2026-08-17T11:45:52.398338,0.0000000,0.0000000,2.07,-0.1006,0.0500,-0.8808,309.0,0.00,0.000,0.000,IDLE
2026-08-17T11:45:53.398551,0.0000000,0.0000000,2.19,-0.1007,0.0500,-0.8820,309.0,0.00,0.000,0.000,IDLE
2026-08-17T11:45:54.398350,0.0000000,0.0000000,1.99,-0.1007,0.0499,-0.8832,309.0,0.00,0.000,0.000,IDLE
2026-08-17T11:45:55.398337,0.0000000,0.0000000,2.08,-0.1008,0.0498,-0.8847,309.0,0.00,0.000,0.000,IDLE
2026-08-17T11:45:56.398739,0.0000000,0.0000000,2.24,-0.1009,0.0497,-0.8859,309.0,0.00,0.000,0.000,IDLE
2026-08-17T11:45:57.398555,0.0000000,0.0000000,2.20,-0.1010,0.0496,-0.8883,309.0,0.00,0.000,0.000,IDLE
2026-08-17T11:45:58.398386,0.0000000,0.0000000,2.26,-0.1010,0.0496,-0.8893,309.0,0.00,0.000,0.000,IDLE
2026-08-17T11:45:59.398621,0.0000000,0.0000000,2.26,-0.1009,0.0498,-0.8888,309.0,0.00,0.000,0.000,IDLE
2026-08-17T11:46:00.399361,0.0000000,0.0000000,2.32,-0.1009,0.0499,-0.8887,309.0,0.00,0.000,0.000,IDLE
2026-08-17T11:46:01.398464,0.0000000,0.0000000,2.39,-0.1008,0.0502,-0.8882,309.0,0.00,0.000,0.000,IDLE
2026-08-17T11:46:02.398377,0.0000000,0.0000000,2.47,-0.1007,0.0500,-0.8887,309.0,0.00,0.000,0.000,IDLE
2026-08-17T11:46:03.398337,0.0000000,0.0000000,2.11,-0.1007,0.0502,-0.8875,309.0,0.00,0.000,0.000,IDLE
2026-08-17T11:46:04.398843,0.0000000,0.0000000,2.31,-0.1006,0.0499,-0.8885,309.0,0.00,0.000,0.000,IDLE
2026-08-17T11:46:05.398487,0.0000000,0.0000000,2.35,-0.1006,0.0498,-0.8910,308.0,0.00,0.000,0.000,IDLE
2026-08-17T11:46:06.398358,0.0000000,0.0000000,2.29,-0.1006,0.0497,-0.8918,308.0,0.00,0.000,0.000,IDLE
2026-08-17T11:46:07.398387,0.0000000,0.0000000,2.30,-0.1005,0.0497,-0.8917,308.0,0.00,0.000,0.000,IDLE
2026-08-17T11:46:08.398339,0.0000000,0.0000000,2.25,-0.1002,0.0500,-0.8882,309.0,0.00,0.000,0.000,IDLE
2026-08-17T11:46:09.398364,0.0000000,0.0000000,2.30,-0.1003,0.0500,-0.8878,309.0,0.00,0.000,0.000,IDLE
2026-08-17T11:46:10.398458,0.0000000,0.0000000,2.44,-0.1002,0.0502,-0.8863,309.0,0.00,0.000,0.000,IDLE
2026-08-17T11:46:11.398458,0.0000000,0.0000000,2.13,-0.1001,0.0503,-0.8836,309.0,0.00,0.000,0.000,IDLE
2026-08-17T11:46:12.398417,0.0000000,0.0000000,2.18,-0.1001,0.0503,-0.8831,309.0,0.00,0.000,0.000,IDLE
2026-08-17T11:46:13.404060,0.0000000,0.0000000,2.09,-0.0999,0.0504,-0.8818,309.0,0.00,0.000,0.000,IDLE
2026-08-17T11:46:14.398343,0.0000000,0.0000000,2.40,-0.1001,0.0504,-0.8819,309.0,0.00,0.000,0.000,IDLE
2026-08-17T11:46:15.398345,0.0000000,0.0000000,2.35,-0.1002,0.0504,-0.8822,309.0,0.00,0.000,0.000,IDLE
2026-08-17T11:46:16.398452,0.0000000,0.0000000,2.31,-0.1001,0.0503,-0.8806,309.0,0.00,0.000,0.000,IDLE
2026-08-17T11:46:17.398717,0.0000000,0.0000000,2.47,-0.1001,0.0501,-0.8814,309.0,0.00,0.000,0.000,IDLE
2026-08-17T11:46:18.398464,0.0000000,0.0000000,2.36,-0.1001,0.0501,-0.8809,309.0,0.00,0.000,0.000,IDLE
2026-08-17T11:46:19.398376,0.0000000,0.0000000,2.31,-0.1005,0.0499,-0.8826,309.0,0.00,0.000,0.000,IDLE
2026-08-17T11:46:20.398362,0.0000000,0.0000000,2.25,-0.1005,0.0498,-0.8830,309.0,0.00,0.000,0.000,IDLE
2026-08-17T11:46:21.398349,0.0000000,0.0000000,2.57,-0.1004,0.0499,-0.8822,309.0,0.00,0.000,0.000,IDLE
2026-08-17T11:46:22.398504,0.0000000,0.0000000,2.15,-0.1005,0.0499,-0.8828,309.0,0.00,0.000,0.000,IDLE
2026-08-17T11:46:23.398610,0.0000000,0.0000000,2.33,-0.1004,0.0500,-0.8801,309.0,0.00,0.000,0.000,IDLE
2026-08-17T11:46:24.398487,0.0000000,0.0000000,2.33,-0.1004,0.0501,-0.8800,309.0,0.00,0.000,0.000,IDLE
2026-08-17T11:46:25.398482,0.0000000,0.0000000,2.31,-0.1002,0.0502,-0.8788,309.0,0.00,0.000,0.000,IDLE
2026-08-17T11:46:26.398698,0.0000000,0.0000000,2.05,-0.1001,0.0503,-0.8769,309.0,0.00,0.000,0.000,IDLE
2026-08-17T11:46:27.399740,0.0000000,0.0000000,2.16,-0.1002,0.0502,-0.8766,309.0,0.00,0.000,0.000,IDLE
2026-08-17T11:46:28.407688,0.0000000,0.0000000,2.18,-0.1003,0.0500,-0.8768,309.0,0.00,0.000,0.000,IDLE
2026-08-17T11:46:29.398661,0.0000000,0.0000000,2.30,-0.1003,0.0498,-0.8779,309.0,0.00,0.000,0.000,IDLE
2026-08-17T11:46:30.398376,0.0000000,0.0000000,2.19,-0.1003,0.0499,-0.8772,309.0,0.00,0.000,0.000,IDLE
2026-08-17T11:46:31.398995,0.0000000,0.0000000,2.29,-0.1004,0.0498,-0.8779,309.0,0.00,0.000,0.000,IDLE
2026-08-17T11:46:32.398340,0.0000000,0.0000000,2.30,-0.1007,0.0497,-0.8791,309.0,0.00,0.000,0.000,IDLE
2026-08-17T11:46:33.398633,0.0000000,0.0000000,2.20,-0.1008,0.0496,-0.8797,309.0,0.00,0.000,0.000,IDLE
2026-08-17T11:46:34.398360,0.0000000,0.0000000,2.34,-0.1010,0.0495,-0.8813,309.0,0.00,0.000,0.000,IDLE
2026-08-17T11:46:35.398666,0.0000000,0.0000000,2.22,-0.1010,0.0493,-0.8819,309.0,0.00,0.000,0.000,IDLE
2026-08-17T11:46:36.398393,0.0000000,0.0000000,2.27,-0.1009,0.0494,-0.8811,309.0,0.00,0.000,0.000,IDLE
2026-08-17T11:46:37.403234,0.0000000,0.0000000,2.20,-0.1040,0.0487,-0.8719,310.0,0.00,0.000,0.000,IDLE
2026-08-17T11:46:38.401754,0.0000000,0.0000000,2.20,-0.1040,0.0487,-0.8719,310.0,0.00,0.000,0.000,IDLE
2026-08-17T11:46:39.398386,0.0000000,0.0000000,2.20,-0.1040,0.0487,-0.8719,310.0,0.00,0.000,0.000,IDLE
2026-08-17T11:46:40.398486,0.0000000,0.0000000,2.20,-0.1040,0.0487,-0.8719,310.0,0.00,0.000,0.000,IDLE
2026-08-17T11:46:41.398553,0.0000000,0.0000000,2.20,-0.1040,0.0487,-0.8719,310.0,0.00,0.000,0.000,IDLE
2026-08-17T11:46:42.403455,0.0000000,0.0000000,2.20,-0.1040,0.0487,-0.8719,310.0,0.00,0.000,0.000,IDLE
2026-08-17T11:46:43.398494,0.0000000,0.0000000,2.20,-0.1040,0.0487,-0.8719,310.0,0.00,0.000,0.000,IDLE
2026-08-17T11:46:44.398449,0.0000000,0.0000000,2.20,-0.1040,0.0487,-0.8719,310.0,0.00,0.000,0.000,IDLE
2026-08-17T11:46:45.398383,0.0000000,0.0000000,2.20,-0.1040,0.0487,-0.8719,310.0,0.00,0.000,0.000,IDLE
2026-08-17T11:46:46.398416,0.0000000,0.0000000,2.20,-0.1040,0.0487,-0.8719,310.0,0.00,0.000,0.000,IDLE
2026-08-17T11:46:47.398343,0.0000000,0.0000000,2.20,-0.1040,0.0487,-0.8719,310.0,0.00,0.000,0.000,IDLE
2026-08-17T11:46:48.398450,0.0000000,0.0000000,2.20,-0.1040,0.0487,-0.8719,310.0,0.00,0.000,0.000,IDLE
2026-08-17T11:46:49.398491,0.0000000,0.0000000,2.20,-0.1040,0.0487,-0.8719,310.0,0.00,0.000,0.000,IDLE
2026-08-17T11:46:50.398379,0.0000000,0.0000000,2.20,-0.1040,0.0487,-0.8719,310.0,0.00,0.000,0.000,IDLE
2026-08-17T11:46:51.398356,0.0000000,0.0000000,2.20,-0.1040,0.0487,-0.8719,310.0,0.00,0.000,0.000,IDLE
2026-08-17T11:46:52.398460,0.0000000,0.0000000,2.20,-0.1040,0.0487,-0.8719,310.0,0.00,0.000,0.000,IDLE
2026-08-17T11:46:53.398499,0.0000000,0.0000000,2.20,-0.1040,0.0487,-0.8719,310.0,0.00,0.000,0.000,IDLE
2026-08-17T11:46:54.398403,0.0000000,0.0000000,2.20,-0.1040,0.0487,-0.8719,310.0,0.00,0.000,0.000,IDLE
2026-08-17T11:46:55.398382,0.0000000,0.0000000,2.20,-0.1040,0.0487,-0.8719,310.0,0.00,0.000,0.000,IDLE
2026-08-17T11:46:56.398347,0.0000000,0.0000000,2.20,-0.1040,0.0487,-0.8719,310.0,0.00,0.000,0.000,IDLE
2026-08-17T11:46:57.398473,0.0000000,0.0000000,2.20,-0.1040,0.0487,-0.8719,310.0,0.00,0.000,0.000,IDLE
2026-08-17T11:46:58.398544,0.0000000,0.0000000,2.20,-0.1040,0.0487,-0.8719,310.0,0.00,0.000,0.000,IDLE
2026-08-17T11:46:59.398322,0.0000000,0.0000000,2.20,-0.1040,0.0487,-0.8719,310.0,0.00,0.000,0.000,IDLE
2026-08-17T11:47:00.398332,0.0000000,0.0000000,2.20,-0.1040,0.0487,-0.8719,310.0,0.00,0.000,0.000,IDLE
2026-08-17T11:47:01.398380,0.0000000,0.0000000,2.20,-0.1040,0.0487,-0.8719,310.0,0.00,0.000,0.000,IDLE
2026-08-17T11:47:02.398649,0.0000000,0.0000000,2.20,-0.1040,0.0487,-0.8719,310.0,0.00,0.000,0.000,IDLE
2026-08-17T11:47:03.398465,0.0000000,0.0000000,2.20,-0.1040,0.0487,-0.8719,310.0,0.00,0.000,0.000,IDLE
2026-08-17T11:47:04.398392,0.0000000,0.0000000,2.20,-0.1040,0.0487,-0.8719,310.0,0.00,0.000,0.000,IDLE
2026-08-17T11:47:05.398341,0.0000000,0.0000000,2.20,-0.1040,0.0487,-0.8719,310.0,0.00,0.000,0.000,IDLE
2026-08-17T11:47:06.398812,0.0000000,0.0000000,2.20,-0.1040,0.0487,-0.8719,310.0,0.00,0.000,0.000,IDLE
2026-08-17T11:47:07.398517,0.0000000,0.0000000,2.20,-0.1040,0.0487,-0.8719,310.0,0.00,0.000,0.000,IDLE
2026-08-17T11:47:08.398585,0.0000000,0.0000000,2.20,-0.1040,0.0487,-0.8719,310.0,0.00,0.000,0.000,IDLE
2026-08-17T11:47:09.398372,0.0000000,0.0000000,2.20,-0.1040,0.0487,-0.8719,310.0,0.00,0.000,0.000,IDLE
2026-08-17T11:47:10.398448,0.0000000,0.0000000,2.20,-0.1040,0.0487,-0.8719,310.0,0.00,0.000,0.000,IDLE
2026-08-17T11:47:11.398397,0.0000000,0.0000000,2.20,-0.1040,0.0487,-0.8719,310.0,0.00,0.000,0.000,IDLE
2026-08-17T11:47:12.398478,0.0000000,0.0000000,2.20,-0.1040,0.0487,-0.8719,310.0,0.00,0.000,0.000,IDLE
2026-08-17T11:47:13.398359,0.0000000,0.0000000,2.20,-0.1040,0.0487,-0.8719,310.0,0.00,0.000,0.000,IDLE
2026-08-17T11:47:14.398367,0.0000000,0.0000000,2.20,-0.1040,0.0487,-0.8719,310.0,0.00,0.000,0.000,IDLE
2026-08-17T11:47:15.398417,0.0000000,0.0000000,2.20,-0.1040,0.0487,-0.8719,310.0,0.00,0.000,0.000,IDLE
2026-08-17T11:47:16.398446,0.0000000,0.0000000,2.20,-0.1040,0.0487,-0.8719,310.0,0.00,0.000,0.000,IDLE
2026-08-17T11:47:17.400210,0.0000000,0.0000000,2.20,-0.1040,0.0487,-0.8719,310.0,0.00,0.000,0.000,IDLE
2026-08-17T11:47:18.398429,0.0000000,0.0000000,2.20,-0.1040,0.0487,-0.8719,310.0,0.00,0.000,0.000,IDLE
2026-08-17T11:47:19.398476,0.0000000,0.0000000,2.20,-0.1040,0.0487,-0.8719,310.0,0.00,0.000,0.000,IDLE
2026-08-17T11:47:20.398472,0.0000000,0.0000000,2.20,-0.1040,0.0487,-0.8719,310.0,0.00,0.000,0.000,IDLE
2026-08-17T11:47:21.398393,0.0000000,0.0000000,2.20,-0.1040,0.0487,-0.8719,310.0,0.00,0.000,0.000,IDLE
2026-08-17T11:47:22.398447,0.0000000,0.0000000,2.20,-0.1040,0.0487,-0.8719,310.0,0.00,0.000,0.000,IDLE
2026-08-17T11:47:23.398372,0.0000000,0.0000000,2.20,-0.1040,0.0487,-0.8719,310.0,0.00,0.000,0.000,IDLE
2026-08-17T11:47:24.398391,0.0000000,0.0000000,2.20,-0.1040,0.0487,-0.8719,310.0,0.00,0.000,0.000,IDLE
2026-08-17T11:47:25.398378,0.0000000,0.0000000,2.20,-0.1040,0.0487,-0.8719,310.0,0.00,0.000,0.000,IDLE
2026-08-17T11:47:26.398500,0.0000000,0.0000000,2.20,-0.1040,0.0487,-0.8719,310.0,0.00,0.000,0.000,IDLE
2026-08-17T11:47:27.398435,0.0000000,0.0000000,2.20,-0.1040,0.0487,-0.8719,310.0,0.00,0.000,0.000,IDLE
2026-08-17T11:47:28.398432,0.0000000,0.0000000,2.20,-0.1040,0.0487,-0.8719,310.0,0.00,0.000,0.000,IDLE
2026-08-17T11:47:29.398523,0.0000000,0.0000000,2.20,-0.1040,0.0487,-0.8719,310.0,0.00,0.000,0.000,IDLE
2026-08-17T11:47:30.398469,0.0000000,0.0000000,2.20,-0.1040,0.0487,-0.8719,310.0,0.00,0.000,0.000,IDLE
2026-08-17T11:47:31.398391,0.0000000,0.0000000,2.20,-0.1040,0.0487,-0.8719,310.0,0.00,0.000,0.000,IDLE
2026-08-17T11:47:32.398720,0.0000000,0.0000000,2.20,-0.1040,0.0487,-0.8719,310.0,0.00,0.000,0.000,IDLE
2026-08-17T11:47:33.398507,0.0000000,0.0000000,2.20,-0.1040,0.0487,-0.8719,310.0,0.00,0.000,0.000,IDLE
2026-08-17T11:47:34.398493,0.0000000,0.0000000,2.20,-0.1040,0.0487,-0.8719,310.0,0.00,0.000,0.000,IDLE
2026-08-17T11:47:35.398873,0.0000000,0.0000000,2.20,-0.1040,0.0487,-0.8719,310.0,0.00,0.000,0.000,IDLE
2026-08-17T11:47:36.398695,0.0000000,0.0000000,2.20,-0.1040,0.0487,-0.8719,310.0,0.00,0.000,0.000,IDLE
2026-08-17T11:47:37.398499,0.0000000,0.0000000,2.20,-0.1040,0.0487,-0.8719,310.0,0.00,0.000,0.000,IDLE
2026-08-17T11:47:38.398550,0.0000000,0.0000000,2.20,-0.1040,0.0487,-0.8719,310.0,0.00,0.000,0.000,IDLE
2026-08-17T11:47:39.398482,0.0000000,0.0000000,2.20,-0.1040,0.0487,-0.8719,310.0,0.00,0.000,0.000,IDLE
2026-08-17T11:47:40.398352,0.0000000,0.0000000,2.20,-0.1040,0.0487,-0.8719,310.0,0.00,0.000,0.000,IDLE
2026-08-17T11:47:41.398518,0.0000000,0.0000000,2.20,-0.1040,0.0487,-0.8719,310.0,0.00,0.000,0.000,IDLE
2026-08-17T11:47:42.398464,0.0000000,0.0000000,2.20,-0.1040,0.0487,-0.8719,310.0,0.00,0.000,0.000,IDLE
2026-08-17T11:47:43.398480,0.0000000,0.0000000,2.20,-0.1040,0.0487,-0.8719,310.0,0.00,0.000,0.000,IDLE
2026-08-17T11:47:44.398334,0.0000000,0.0000000,2.20,-0.1040,0.0487,-0.8719,310.0,0.00,0.000,0.000,IDLE
2026-08-17T11:47:45.398341,0.0000000,0.0000000,2.20,-0.1040,0.0487,-0.8719,310.0,0.00,0.000,0.000,IDLE
2026-08-17T11:47:46.398444,0.0000000,0.0000000,2.20,-0.1040,0.0487,-0.8719,310.0,0.00,0.000,0.000,IDLE
2026-08-17T11:47:47.398395,0.0000000,0.0000000,2.20,-0.1040,0.0487,-0.8719,310.0,0.00,0.000,0.000,IDLE
2026-08-17T11:47:48.399156,0.0000000,0.0000000,2.20,-0.1040,0.0487,-0.8719,310.0,0.00,0.000,0.000,IDLE
2026-08-17T11:47:49.398527,0.0000000,0.0000000,2.20,-0.1040,0.0487,-0.8719,310.0,0.00,0.000,0.000,IDLE
2026-08-17T11:47:50.398375,0.0000000,0.0000000,2.20,-0.1040,0.0487,-0.8719,310.0,0.00,0.000,0.000,IDLE
2026-08-17T11:47:51.399361,0.0000000,0.0000000,2.20,-0.1040,0.0487,-0.8719,310.0,0.00,0.000,0.000,IDLE
2026-08-17T11:47:52.398634,0.0000000,0.0000000,2.20,-0.1040,0.0487,-0.8719,310.0,0.00,0.000,0.000,IDLE
2026-08-17T11:47:53.398457,0.0000000,0.0000000,2.20,-0.1040,0.0487,-0.8719,310.0,0.00,0.000,0.000,IDLE
2026-08-17T11:47:54.398476,0.0000000,0.0000000,2.20,-0.1040,0.0487,-0.8719,310.0,0.00,0.000,0.000,IDLE
2026-08-17T11:47:55.398519,0.0000000,0.0000000,2.20,-0.1040,0.0487,-0.8719,310.0,0.00,0.000,0.000,IDLE
2026-08-17T11:47:56.398515,0.0000000,0.0000000,2.20,-0.1040,0.0487,-0.8719,310.0,0.00,0.000,0.000,IDLE
2026-08-17T11:47:57.398465,0.0000000,0.0000000,2.20,-0.1040,0.0487,-0.8719,310.0,0.00,0.000,0.000,IDLE
2026-08-17T11:47:58.398500,0.0000000,0.0000000,2.20,-0.1040,0.0487,-0.8719,310.0,0.00,0.000,0.000,IDLE
2026-08-17T11:47:59.398495,0.0000000,0.0000000,2.20,-0.1040,0.0487,-0.8719,310.0,0.00,0.000,0.000,IDLE
2026-08-17T11:48:00.398544,0.0000000,0.0000000,2.20,-0.1040,0.0487,-0.8719,310.0,0.00,0.000,0.000,IDLE
2026-08-17T11:48:01.398420,0.0000000,0.0000000,2.20,-0.1040,0.0487,-0.8719,310.0,0.00,0.000,0.000,IDLE
2026-08-17T11:48:02.398469,0.0000000,0.0000000,2.20,-0.1040,0.0487,-0.8719,310.0,0.00,0.000,0.000,IDLE
2026-08-17T11:48:03.398348,0.0000000,0.0000000,2.20,-0.1040,0.0487,-0.8719,310.0,0.00,0.000,0.000,IDLE
2026-08-17T11:48:04.398523,0.0000000,0.0000000,2.20,-0.1040,0.0487,-0.8719,310.0,0.00,0.000,0.000,IDLE
2026-08-17T11:48:05.398376,0.0000000,0.0000000,2.20,-0.1040,0.0487,-0.8719,310.0,0.00,0.000,0.000,IDLE
2026-08-17T11:48:06.398341,0.0000000,0.0000000,2.20,-0.1040,0.0487,-0.8719,310.0,0.00,0.000,0.000,IDLE
2026-08-17T11:48:07.398460,0.0000000,0.0000000,2.20,-0.1040,0.0487,-0.8719,310.0,0.00,0.000,0.000,IDLE
2026-08-17T11:48:08.398468,0.0000000,0.0000000,2.20,-0.1040,0.0487,-0.8719,310.0,0.00,0.000,0.000,IDLE
2026-08-17T11:48:09.398479,0.0000000,0.0000000,2.20,-0.1040,0.0487,-0.8719,310.0,0.00,0.000,0.000,IDLE
2026-08-17T11:48:10.398439,0.0000000,0.0000000,2.20,-0.1040,0.0487,-0.8719,310.0,0.00,0.000,0.000,IDLE
2026-08-17T11:48:11.398445,0.0000000,0.0000000,2.20,-0.1040,0.0487,-0.8719,310.0,0.00,0.000,0.000,IDLE
2026-08-17T11:48:12.398355,0.0000000,0.0000000,2.20,-0.1040,0.0487,-0.8719,310.0,0.00,0.000,0.000,IDLE
2026-08-17T11:48:13.398465,0.0000000,0.0000000,2.20,-0.1040,0.0487,-0.8719,310.0,0.00,0.000,0.000,IDLE
2026-08-17T11:48:14.398531,0.0000000,0.0000000,2.20,-0.1040,0.0487,-0.8719,310.0,0.00,0.000,0.000,IDLE
2026-08-17T11:48:15.398363,0.0000000,0.0000000,2.20,-0.1040,0.0487,-0.8719,310.0,0.00,0.000,0.000,IDLE
2026-08-17T11:48:16.398471,0.0000000,0.0000000,2.20,-0.1040,0.0487,-0.8719,310.0,0.00,0.000,0.000,IDLE
2026-08-17T11:48:17.398470,0.0000000,0.0000000,2.20,-0.1040,0.0487,-0.8719,310.0,0.00,0.000,0.000,IDLE
2026-08-17T11:48:18.398483,0.0000000,0.0000000,2.20,-0.1040,0.0487,-0.8719,310.0,0.00,0.000,0.000,IDLE
2026-08-17T11:48:19.398467,0.0000000,0.0000000,2.20,-0.1040,0.0487,-0.8719,310.0,0.00,0.000,0.000,IDLE
2026-08-17T11:48:20.398462,0.0000000,0.0000000,2.20,-0.1040,0.0487,-0.8719,310.0,0.00,0.000,0.000,IDLE
2026-08-17T11:48:21.398467,0.0000000,0.0000000,2.20,-0.1040,0.0487,-0.8719,310.0,0.00,0.000,0.000,IDLE
2026-08-17T11:48:22.398457,0.0000000,0.0000000,2.20,-0.1040,0.0487,-0.8719,310.0,0.00,0.000,0.000,IDLE
2026-08-17T11:48:23.398465,0.0000000,0.0000000,2.20,-0.1040,0.0487,-0.8719,310.0,0.00,0.000,0.000,IDLE
2026-08-17T11:48:24.398350,0.0000000,0.0000000,2.20,-0.1040,0.0487,-0.8719,310.0,0.00,0.000,0.000,IDLE
2026-08-17T11:48:25.398354,0.0000000,0.0000000,2.20,-0.1040,0.0487,-0.8719,310.0,0.00,0.000,0.000,IDLE
2026-08-17T11:48:26.398457,0.0000000,0.0000000,2.20,-0.1040,0.0487,-0.8719,310.0,0.00,0.000,0.000,IDLE
2026-08-17T11:48:27.398478,0.0000000,0.0000000,2.20,-0.1040,0.0487,-0.8719,310.0,0.00,0.000,0.000,IDLE
2026-08-17T11:48:28.398389,0.0000000,0.0000000,2.20,-0.1040,0.0487,-0.8719,310.0,0.00,0.000,0.000,IDLE
2026-08-17T11:48:29.398448,0.0000000,0.0000000,2.20,-0.1040,0.0487,-0.8719,310.0,0.00,0.000,0.000,IDLE
2026-08-17T11:48:30.398433,0.0000000,0.0000000,2.20,-0.1040,0.0487,-0.8719,310.0,0.00,0.000,0.000,IDLE
2026-08-17T11:48:31.398430,0.0000000,0.0000000,2.20,-0.1040,0.0487,-0.8719,310.0,0.00,0.000,0.000,IDLE
2026-08-17T11:48:32.398454,0.0000000,0.0000000,2.20,-0.1040,0.0487,-0.8719,310.0,0.00,0.000,0.000,IDLE
2026-08-17T11:48:33.398358,0.0000000,0.0000000,2.20,-0.1040,0.0487,-0.8719,310.0,0.00,0.000,0.000,IDLE
2026-08-17T11:48:34.398343,0.0000000,0.0000000,2.20,-0.1040,0.0487,-0.8719,310.0,0.00,0.000,0.000,IDLE
2026-08-17T11:48:35.398461,0.0000000,0.0000000,2.20,-0.1040,0.0487,-0.8719,310.0,0.00,0.000,0.000,IDLE
2026-08-17T11:48:36.398445,0.0000000,0.0000000,2.20,-0.1040,0.0487,-0.8719,310.0,0.00,0.000,0.000,IDLE
2026-08-17T11:48:37.398531,0.0000000,0.0000000,2.20,-0.1040,0.0487,-0.8719,310.0,0.00,0.000,0.000,IDLE
2026-08-17T11:48:38.398587,0.0000000,0.0000000,2.20,-0.1040,0.0487,-0.8719,310.0,0.00,0.000,0.000,IDLE
2026-08-17T11:48:39.398441,0.0000000,0.0000000,2.20,-0.1040,0.0487,-0.8719,310.0,0.00,0.000,0.000,IDLE
2026-08-17T11:48:40.398492,0.0000000,0.0000000,2.20,-0.1040,0.0487,-0.8719,310.0,0.00,0.000,0.000,IDLE
2026-08-17T11:48:41.398433,0.0000000,0.0000000,2.20,-0.1040,0.0487,-0.8719,310.0,0.00,0.000,0.000,IDLE
2026-08-17T11:48:42.398367,0.0000000,0.0000000,2.20,-0.1040,0.0487,-0.8719,310.0,0.00,0.000,0.000,IDLE
2026-08-17T11:48:43.398337,0.0000000,0.0000000,2.20,-0.1040,0.0487,-0.8719,310.0,0.00,0.000,0.000,IDLE
2026-08-17T11:48:44.398359,0.0000000,0.0000000,2.20,-0.1040,0.0487,-0.8719,310.0,0.00,0.000,0.000,IDLE
2026-08-17T11:48:45.398463,0.0000000,0.0000000,2.20,-0.1040,0.0487,-0.8719,310.0,0.00,0.000,0.000,IDLE
2026-08-17T11:48:46.398445,0.0000000,0.0000000,2.20,-0.1040,0.0487,-0.8719,310.0,0.00,0.000,0.000,IDLE
2026-08-17T11:48:47.398468,0.0000000,0.0000000,2.20,-0.1040,0.0487,-0.8719,310.0,0.00,0.000,0.000,IDLE
2026-08-17T11:48:48.398488,0.0000000,0.0000000,2.20,-0.1040,0.0487,-0.8719,310.0,0.00,0.000,0.000,IDLE
2026-08-17T11:48:49.398482,0.0000000,0.0000000,2.20,-0.1040,0.0487,-0.8719,310.0,0.00,0.000,0.000,IDLE
2026-08-17T11:48:50.398405,0.0000000,0.0000000,2.20,-0.1040,0.0487,-0.8719,310.0,0.00,0.000,0.000,IDLE
2026-08-17T11:48:51.398350,0.0000000,0.0000000,2.20,-0.1040,0.0487,-0.8719,310.0,0.00,0.000,0.000,IDLE
2026-08-17T11:48:52.398291,0.0000000,0.0000000,2.20,-0.1040,0.0487,-0.8719,310.0,0.00,0.000,0.000,IDLE
2026-08-17T11:48:53.398464,0.0000000,0.0000000,2.20,-0.1040,0.0487,-0.8719,310.0,0.00,0.000,0.000,IDLE
2026-08-17T11:48:54.398531,0.0000000,0.0000000,2.20,-0.1040,0.0487,-0.8719,310.0,0.00,0.000,0.000,IDLE
2026-08-17T11:48:55.398438,0.0000000,0.0000000,2.20,-0.1040,0.0487,-0.8719,310.0,0.00,0.000,0.000,IDLE
2026-08-17T11:48:56.398414,0.0000000,0.0000000,2.20,-0.1040,0.0487,-0.8719,310.0,0.00,0.000,0.000,IDLE
2026-08-17T11:48:57.398460,0.0000000,0.0000000,2.20,-0.1040,0.0487,-0.8719,310.0,0.00,0.000,0.000,IDLE
2026-08-17T11:48:58.398550,0.0000000,0.0000000,2.20,-0.1040,0.0487,-0.8719,310.0,0.00,0.000,0.000,IDLE
2026-08-17T11:48:59.398450,0.0000000,0.0000000,2.20,-0.1040,0.0487,-0.8719,310.0,0.00,0.000,0.000,IDLE
2026-08-17T11:49:00.398409,0.0000000,0.0000000,2.20,-0.1040,0.0487,-0.8719,310.0,0.00,0.000,0.000,IDLE
2026-08-17T11:49:01.398521,0.0000000,0.0000000,2.20,-0.1040,0.0487,-0.8719,310.0,0.00,0.000,0.000,IDLE
2026-08-17T11:49:02.398496,0.0000000,0.0000000,2.20,-0.1040,0.0487,-0.8719,310.0,0.00,0.000,0.000,IDLE
2026-08-17T11:49:03.398464,0.0000000,0.0000000,2.20,-0.1040,0.0487,-0.8719,310.0,0.00,0.000,0.000,IDLE
2026-08-17T11:49:04.398496,0.0000000,0.0000000,2.20,-0.1040,0.0487,-0.8719,310.0,0.00,0.000,0.000,IDLE
2026-08-17T11:49:05.398427,0.0000000,0.0000000,2.20,-0.1040,0.0487,-0.8719,310.0,0.00,0.000,0.000,IDLE
2026-08-17T11:49:06.398461,0.0000000,0.0000000,2.20,-0.1040,0.0487,-0.8719,310.0,0.00,0.000,0.000,IDLE
2026-08-17T11:49:07.398376,0.0000000,0.0000000,2.20,-0.1040,0.0487,-0.8719,310.0,0.00,0.000,0.000,IDLE
2026-08-17T11:49:08.398427,0.0000000,0.0000000,2.20,-0.1040,0.0487,-0.8719,310.0,0.00,0.000,0.000,IDLE
2026-08-17T11:49:09.398468,0.0000000,0.0000000,2.20,-0.1040,0.0487,-0.8719,310.0,0.00,0.000,0.000,IDLE
2026-08-17T11:49:10.398495,0.0000000,0.0000000,2.20,-0.1040,0.0487,-0.8719,310.0,0.00,0.000,0.000,IDLE
2026-08-17T11:49:11.398546,0.0000000,0.0000000,2.20,-0.1040,0.0487,-0.8719,310.0,0.00,0.000,0.000,IDLE
2026-08-17T11:49:12.398355,0.0000000,0.0000000,2.20,-0.1040,0.0487,-0.8719,310.0,0.00,0.000,0.000,IDLE
2026-08-17T11:49:13.398583,0.0000000,0.0000000,2.20,-0.1040,0.0487,-0.8719,310.0,0.00,0.000,0.000,IDLE
2026-08-17T11:49:14.398408,0.0000000,0.0000000,2.20,-0.1040,0.0487,-0.8719,310.0,0.00,0.000,0.000,IDLE
2026-08-17T11:49:15.398466,0.0000000,0.0000000,2.20,-0.1040,0.0487,-0.8719,310.0,0.00,0.000,0.000,IDLE
2026-08-17T11:49:16.398453,0.0000000,0.0000000,2.20,-0.1040,0.0487,-0.8719,310.0,0.00,0.000,0.000,IDLE
2026-08-17T11:49:17.398431,0.0000000,0.0000000,2.20,-0.1040,0.0487,-0.8719,310.0,0.00,0.000,0.000,IDLE
2026-08-17T11:49:18.398339,0.0000000,0.0000000,2.20,-0.1040,0.0487,-0.8719,310.0,0.00,0.000,0.000,IDLE
2026-08-17T11:49:19.398399,0.0000000,0.0000000,2.20,-0.1040,0.0487,-0.8719,310.0,0.00,0.000,0.000,IDLE
2026-08-17T11:49:20.398478,0.0000000,0.0000000,2.20,-0.1040,0.0487,-0.8719,310.0,0.00,0.000,0.000,IDLE
2026-08-17T11:49:21.398347,0.0000000,0.0000000,2.20,-0.1040,0.0487,-0.8719,310.0,0.00,0.000,0.000,IDLE
2026-08-17T11:49:22.398341,0.0000000,0.0000000,2.20,-0.1040,0.0487,-0.8719,310.0,0.00,0.000,0.000,IDLE
2026-08-17T11:49:23.398494,0.0000000,0.0000000,2.20,-0.1040,0.0487,-0.8719,310.0,0.00,0.000,0.000,IDLE
2026-08-17T11:49:24.398448,0.0000000,0.0000000,2.20,-0.1040,0.0487,-0.8719,310.0,0.00,0.000,0.000,IDLE
2026-08-17T11:49:25.398470,0.0000000,0.0000000,2.20,-0.1040,0.0487,-0.8719,310.0,0.00,0.000,0.000,IDLE
2026-08-17T11:49:26.398409,0.0000000,0.0000000,2.20,-0.1040,0.0487,-0.8719,310.0,0.00,0.000,0.000,IDLE
2026-08-17T11:49:27.398352,0.0000000,0.0000000,2.20,-0.1040,0.0487,-0.8719,310.0,0.00,0.000,0.000,IDLE
2026-08-17T11:49:28.398541,0.0000000,0.0000000,2.20,-0.1040,0.0487,-0.8719,310.0,0.00,0.000,0.000,IDLE
2026-08-17T11:49:29.398509,0.0000000,0.0000000,2.20,-0.1040,0.0487,-0.8719,310.0,0.00,0.000,0.000,IDLE
2026-08-17T11:49:30.398342,0.0000000,0.0000000,2.20,-0.1040,0.0487,-0.8719,310.0,0.00,0.000,0.000,IDLE
2026-08-17T11:49:31.398476,0.0000000,0.0000000,2.20,-0.1040,0.0487,-0.8719,310.0,0.00,0.000,0.000,IDLE
2026-08-17T11:49:32.398500,0.0000000,0.0000000,2.20,-0.1040,0.0487,-0.8719,310.0,0.00,0.000,0.000,IDLE
2026-08-17T11:49:33.398479,0.0000000,0.0000000,2.20,-0.1040,0.0487,-0.8719,310.0,0.00,0.000,0.000,IDLE
2026-08-17T11:49:34.398402,0.0000000,0.0000000,2.20,-0.1040,0.0487,-0.8719,310.0,0.00,0.000,0.000,IDLE
2026-08-17T11:49:35.398379,0.0000000,0.0000000,2.20,-0.1040,0.0487,-0.8719,310.0,0.00,0.000,0.000,IDLE
2026-08-17T11:49:36.398439,0.0000000,0.0000000,2.20,-0.1040,0.0487,-0.8719,310.0,0.00,0.000,0.000,IDLE
2026-08-17T11:49:37.398500,0.0000000,0.0000000,2.20,-0.1040,0.0487,-0.8719,310.0,0.00,0.000,0.000,IDLE
2026-08-17T11:49:38.398475,0.0000000,0.0000000,2.20,-0.1040,0.0487,-0.8719,310.0,0.00,0.000,0.000,IDLE
2026-08-17T11:49:39.398811,0.0000000,0.0000000,2.20,-0.1040,0.0487,-0.8719,310.0,0.00,0.000,0.000,IDLE
2026-08-17T11:49:40.398458,0.0000000,0.0000000,2.20,-0.1040,0.0487,-0.8719,310.0,0.00,0.000,0.000,IDLE
2026-08-17T11:49:41.398466,0.0000000,0.0000000,2.20,-0.1040,0.0487,-0.8719,310.0,0.00,0.000,0.000,IDLE
2026-08-17T11:49:42.398468,0.0000000,0.0000000,2.20,-0.1040,0.0487,-0.8719,310.0,0.00,0.000,0.000,IDLE
2026-08-17T11:49:43.398356,0.0000000,0.0000000,2.20,-0.1040,0.0487,-0.8719,310.0,0.00,0.000,0.000,IDLE
2026-08-17T11:49:44.398677,0.0000000,0.0000000,2.20,-0.1040,0.0487,-0.8719,310.0,0.00,0.000,0.000,IDLE
2026-08-17T11:49:45.398469,0.0000000,0.0000000,2.20,-0.1040,0.0487,-0.8719,310.0,0.00,0.000,0.000,IDLE
2026-08-17T11:49:46.398499,0.0000000,0.0000000,2.20,-0.1040,0.0487,-0.8719,310.0,0.00,0.000,0.000,IDLE
2026-08-17T11:49:47.398463,0.0000000,0.0000000,2.20,-0.1040,0.0487,-0.8719,310.0,0.00,0.000,0.000,IDLE
2026-08-17T11:49:48.398364,0.0000000,0.0000000,2.20,-0.1040,0.0487,-0.8719,310.0,0.00,0.000,0.000,IDLE
2026-08-17T11:49:49.398370,0.0000000,0.0000000,2.20,-0.1040,0.0487,-0.8719,310.0,0.00,0.000,0.000,IDLE
2026-08-17T11:49:50.398527,0.0000000,0.0000000,2.20,-0.1040,0.0487,-0.8719,310.0,0.00,0.000,0.000,IDLE
2026-08-17T11:49:51.398505,0.0000000,0.0000000,2.20,-0.1040,0.0487,-0.8719,310.0,0.00,0.000,0.000,IDLE
2026-08-17T11:49:52.398478,0.0000000,0.0000000,2.20,-0.1040,0.0487,-0.8719,310.0,0.00,0.000,0.000,IDLE
2026-08-17T11:49:53.398890,0.0000000,0.0000000,2.20,-0.1040,0.0487,-0.8719,310.0,0.00,0.000,0.000,IDLE
2026-08-17T11:49:54.398390,0.0000000,0.0000000,2.20,-0.1040,0.0487,-0.8719,310.0,0.00,0.000,0.000,IDLE
2026-08-17T11:49:55.398369,0.0000000,0.0000000,2.20,-0.1040,0.0487,-0.8719,310.0,0.00,0.000,0.000,IDLE
2026-08-17T11:49:56.398363,0.0000000,0.0000000,2.20,-0.1040,0.0487,-0.8719,310.0,0.00,0.000,0.000,IDLE
2026-08-17T11:49:57.398458,0.0000000,0.0000000,2.20,-0.1040,0.0487,-0.8719,310.0,0.00,0.000,0.000,IDLE
2026-08-17T11:49:58.398394,0.0000000,0.0000000,2.20,-0.1040,0.0487,-0.8719,310.0,0.00,0.000,0.000,IDLE
2026-08-17T11:49:59.398520,0.0000000,0.0000000,2.20,-0.1040,0.0487,-0.8719,310.0,0.00,0.000,0.000,IDLE
2026-08-17T11:50:00.398496,0.0000000,0.0000000,2.20,-0.1040,0.0487,-0.8719,310.0,0.00,0.000,0.000,IDLE
2026-08-17T11:50:01.398339,0.0000000,0.0000000,2.20,-0.1040,0.0487,-0.8719,310.0,0.00,0.000,0.000,IDLE
2026-08-17T11:50:02.398578,0.0000000,0.0000000,2.20,-0.1040,0.0487,-0.8719,310.0,0.00,0.000,0.000,IDLE
2026-08-17T11:50:03.398488,0.0000000,0.0000000,2.20,-0.1040,0.0487,-0.8719,310.0,0.00,0.000,0.000,IDLE
2026-08-17T11:50:04.398478,0.0000000,0.0000000,2.20,-0.1040,0.0487,-0.8719,310.0,0.00,0.000,0.000,IDLE
2026-08-17T11:50:05.398408,0.0000000,0.0000000,2.20,-0.1040,0.0487,-0.8719,310.0,0.00,0.000,0.000,IDLE
2026-08-17T11:50:06.398388,0.0000000,0.0000000,2.20,-0.1040,0.0487,-0.8719,310.0,0.00,0.000,0.000,IDLE
2026-08-17T11:50:07.398343,0.0000000,0.0000000,2.20,-0.1040,0.0487,-0.8719,310.0,0.00,0.000,0.000,IDLE
